period,tf_min,control,date,time,symbol,expiry,CE_PE,strike,moneyness_0920,DTE,strike_set_hindsight,spot,option_price,base_low,base_high,number_of_resistance_tests,higher_low_count,volume_ratio,volume_ratio_breakout_bar,breakout_price,wave_number,prev_expansion_pct_known,prev_retracement_pct_known,nifty_move_since_start_pct_known,IV,delta,theta_per_day,OUTCOME_expansion_size_pct,OUTCOME_retracement_size_pct,OUTCOME_next_expansion_size_pct,OUTCOME_expansion_duration_min,OUTCOME_r30_pct,OUTCOME_excess30_vs_matched_pct,OUTCOME_MFE30_pct,OUTCOME_MAE30_pct,OUTCOME_MFE_session_pct,OUTCOME_MAE_session_pct,OUTCOME_NIFTY_move_30m_pct,outcome
val,5,G,2024-12-31,13:45,NIFTY,2025-01-02,CE,23600,ATM,2,False,23679.6400,183.1500,137.4500,175.6500,0.0000,0.0000,2.0210,1.8470,175.6500,1,,,0.2005,0.1967,0.5926,-37.8008,66.2423,27.9869,,30.0000,13.7592,16.1283,24.7611,-4.3407,24.7611,-10.5105,0.1787,failed_base
val,5,G,2025-01-01,12:40,NIFTY,2025-01-02,CE,23600,ITM1,1,False,23794.8500,262.4000,197.3000,256.3000,0.0000,0.0000,0.3420,0.4840,256.3000,1,,,0.1095,0.2764,0.7070,-65.1475,35.4283,15.1198,,0.0000,-11.1280,-10.0076,0.4383,-14.8819,14.3293,-18.0831,-0.1411,failed_base
val,5,G,2025-01-01,14:05,NIFTY,2025-01-02,CE,23600,ITM1,1,False,23832.9900,280.0000,214.9500,255.1500,0.0000,0.0000,2.6880,1.1180,255.1500,1,,,0.3405,0.2593,0.7611,-46.9829,39.5673,18.1000,,5.0000,-10.1964,-8.9226,2.7321,-13.8929,2.7321,-21.9107,-0.1250,failed_base
val,5,G,2024-12-27,12:20,NIFTY,2025-01-02,PE,23600,OTM2,6,True,23870.9200,60.4000,44.7500,54.8500,0.0000,0.0000,2.4060,1.0130,54.8500,1,,,-0.3217,0.1311,-0.2480,-10.6923,41.6760,17.9022,,5.0000,-11.0927,-7.8282,2.0695,-13.8245,2.0695,-31.3742,0.0824,failed_base
val,5,G,2024-12-27,15:00,NIFTY,2025-01-02,PE,23600,OTM2,6,True,23849.4500,57.1500,41.4500,50.3000,0.0000,0.0000,2.3560,3.0460,50.3000,1,,,-0.2520,0.1235,-0.2509,-10.2252,40.2895,19.1745,,10.0000,-15.8355,-11.9987,1.7498,-17.7603,1.7498,-17.7603,0.1324,failed_base
val,5,G,2024-12-30,12:35,NIFTY,2025-01-02,PE,23600,OTM2,3,False,23815.5600,58.8500,32.0000,46.1500,0.0000,0.0000,3.0930,2.5810,46.1500,1,,,-0.1820,0.1615,-0.2687,-19.8008,117.3437,26.0244,149.8542,5.0000,12.4894,14.4140,14.7833,-12.5743,118.4367,-12.5743,-0.0788,next_wave
val,5,G,2024-12-31,13:45,NIFTY,2025-01-02,CE,23700,OTM1,2,False,23679.6400,127.1000,91.4000,122.1000,0.0000,0.0000,3.8940,2.4700,122.1000,1,,,0.2005,0.1925,0.4791,-38.3371,80.9628,32.4365,,30.0000,16.0504,13.2836,30.1338,-4.9567,30.1338,-13.1786,0.1787,failed_base
val,5,G,2025-01-01,12:40,NIFTY,2025-01-02,CE,23700,ATM,1,False,23794.8500,193.9000,138.7500,188.4500,0.0000,0.0000,0.4350,0.6240,188.4500,1,,,0.1095,0.2698,0.6082,-85.7540,43.0631,17.7834,,0.0000,-13.4090,-13.0547,1.0315,-17.3801,15.6524,-21.6349,-0.1411,failed_base
val,5,G,2025-01-01,14:05,NIFTY,2025-01-02,CE,23700,ATM,1,False,23832.9900,205.1000,153.3000,184.3000,0.0000,0.0000,2.2120,1.2370,184.3000,1,,,0.3405,0.2502,0.6633,-70.9167,46.2818,21.6276,,5.0000,-12.2867,-10.5982,3.6324,-16.0410,3.6324,-25.9142,-0.1250,failed_base
val,5,G,2025-01-02,12:35,NIFTY,2025-01-02,CE,23700,ITM1,0,False,24050.2100,365.5000,248.3000,302.8500,0.0000,0.0000,1.4910,2.4610,302.8500,1,,,0.3011,0.6571,0.8905,-15.2945,114.3174,,,150.0000,3.1190,-2.6730,9.4391,-3.4063,45.5951,-3.4063,0.0861,session_end
val,5,G,2024-12-27,12:20,NIFTY,2025-01-02,PE,23700,OTM1,6,True,23870.9200,86.8000,64.3500,79.7500,0.0000,0.0000,3.1360,1.2600,79.7500,1,,,-0.3217,0.1283,-0.3295,-12.1137,40.3263,16.1130,,5.0000,-10.0230,-7.6231,1.9009,-12.7304,1.9009,-28.2258,0.0824,failed_base
val,5,G,2024-12-27,15:00,NIFTY,2025-01-02,PE,23700,OTM1,6,True,23849.4500,84.9500,62.3000,74.6000,0.0000,0.0000,3.6560,3.5840,74.6000,1,,,-0.2031,0.1214,-0.3402,-11.7218,39.0851,19.6769,,10.0000,-15.2443,-10.8466,2.0012,-18.0695,2.0012,-18.0695,0.1324,failed_base
val,5,G,2024-12-30,12:35,NIFTY,2025-01-02,PE,23700,OTM1,3,False,23815.5600,89.5000,50.5000,70.8000,0.0000,0.0000,3.2580,2.9000,70.8000,1,,,-0.1820,0.1595,-0.3678,-22.9565,104.3564,22.9651,123.2704,5.0000,11.3966,12.2558,13.1285,-11.1732,98.3240,-11.1732,-0.0788,next_wave
val,5,G,2024-12-31,13:45,NIFTY,2025-01-02,CE,23800,OTM2,2,False,23679.6400,83.4000,57.2000,79.4000,0.0000,0.0000,4.0740,2.3060,79.4000,1,,,0.2005,0.1894,0.3638,-34.7227,96.9406,36.5735,,30.0000,17.8657,20.7420,35.0719,-5.2158,35.0719,-16.6067,0.1787,failed_base
val,5,G,2025-01-01,12:40,NIFTY,2025-01-02,CE,23800,OTM1,1,False,23794.8500,135.3500,91.6500,130.7000,0.0000,0.0000,0.8650,0.9630,130.7000,1,,,0.1095,0.2625,0.4969,-93.0568,51.0638,20.5128,,0.0000,-16.3650,-15.4421,1.2560,-20.6132,15.7000,-28.2231,-0.1411,failed_base
val,5,G,2025-01-01,14:05,NIFTY,2025-01-02,CE,23800,OTM1,1,False,23832.9900,141.5500,101.4000,123.3000,0.0000,0.0000,3.6950,1.6950,123.3000,1,,,0.3405,0.2430,0.5446,-92.7899,54.4379,25.4789,,5.0000,-15.5775,-14.7206,3.9562,-19.8163,3.9562,-31.3670,-0.1250,failed_base
val,5,G,2025-01-02,12:35,NIFTY,2025-01-02,CE,23800,ATM,0,False,24050.2100,276.2000,168.2000,215.0000,0.0000,0.0000,1.7080,2.7610,215.0000,1,,,0.3011,0.6201,0.8238,-25.9945,156.7479,,,150.0000,1.1767,-2.1691,10.4091,-5.3946,56.3541,-5.3946,0.0861,session_end
val,5,G,2024-12-27,12:15,NIFTY,2025-01-02,PE,23800,ATM,6,True,23882.2200,115.3000,91.3000,111.6500,0.0000,0.0000,1.1000,1.1740,111.6500,1,,,-0.2071,0.1241,-0.4116,-12.6704,37.9518,14.4899,,10.0000,-1.8213,1.8988,9.2368,-6.5915,9.2368,-20.4683,0.0170,failed_base
val,5,G,2024-12-27,15:00,NIFTY,2025-01-02,PE,23800,ATM,6,True,23849.4500,121.6500,91.7000,107.7500,0.0000,0.0000,3.3310,3.3320,107.7500,1,,,-0.2031,0.1189,-0.4425,-12.4427,35.4417,19.2432,,10.0000,-13.3991,-8.6608,2.0962,-17.5503,2.0962,-17.5503,0.1324,failed_base
val,5,G,2024-12-30,12:35,NIFTY,2025-01-02,PE,23800,ATM,3,False,23815.5600,130.7000,77.3000,104.4000,0.0000,0.0000,2.7900,2.2820,104.4000,1,,,-0.1820,0.1576,-0.4789,-24.2426,91.4618,20.4054,103.1834,5.0000,9.4109,9.8982,11.2854,-9.8699,83.1293,-9.8699,-0.0788,next_wave
val,5,G,2025-01-01,12:40,NIFTY,2025-01-02,CE,23900,OTM2,1,False,23794.8500,87.0000,55.4500,83.4000,0.0000,0.0000,0.7810,0.8490,83.4000,1,,,0.1095,0.2527,0.3788,-77.4517,60.8656,23.8789,,0.0000,-20.5172,-20.3679,1.4943,-23.8506,15.8046,-36.3218,-0.1411,failed_base
val,5,G,2025-01-01,14:05,NIFTY,2025-01-02,CE,23900,OTM2,1,False,23832.9900,88.8500,60.8000,76.6500,0.0000,0.0000,4.1200,1.6210,76.6500,1,,,0.3405,0.2328,0.4138,-82.3624,65.7072,30.1737,,5.0000,-19.3585,-16.7090,5.0084,-23.6916,5.0084,-37.6477,-0.1250,failed_base
val,5,G,2025-01-02,12:35,NIFTY,2025-01-02,CE,23900,OTM1,0,False,24050.2100,193.9000,100.7500,137.4000,0.0000,0.0000,1.1040,2.2580,137.4000,1,,,0.3011,0.5823,0.7240,-43.6944,228.7345,,,150.0000,-3.8164,0.7419,11.8876,-11.3203,70.8097,-11.3203,0.0861,session_end
val,5,G,2024-12-27,12:15,NIFTY,2025-01-02,PE,23900,ITM1,6,True,23882.2200,158.3000,127.0000,154.4500,0.0000,0.0000,0.6920,0.8060,154.4500,1,,,-0.2071,0.1209,-0.5152,-12.6620,34.4094,12.7709,,10.0000,-1.6425,1.6737,7.8332,-5.9381,7.9912,-17.2142,0.0170,failed_base
val,5,G,2024-12-27,15:00,NIFTY,2025-01-02,PE,23900,ITM1,6,True,23849.4500,168.8500,131.0500,150.6000,0.0000,0.0000,3.0310,3.1590,150.6000,1,,,-0.2520,0.1164,-0.5528,-12.1800,30.4464,17.0810,,10.0000,-12.6740,-11.1755,1.2437,-16.0497,1.2437,-16.0497,0.1324,failed_base
val,5,G,2025-01-02,12:35,NIFTY,2025-01-02,CE,24000,OTM2,0,False,24050.2100,122.1500,51.7000,76.6500,0.0000,0.0000,2.1160,3.6040,76.6500,1,,,0.3011,0.5429,0.5855,-71.9303,174.0812,33.6627,146.0638,5.0000,-15.6365,5.2348,13.8764,-23.0454,89.3573,-23.0454,0.0861,next_wave
val,5,G,2025-01-07,13:40,NIFTY,2025-01-09,CE,23800,ATM,2,False,23752.4600,98.3500,83.2000,94.8000,0.0000,0.0000,1.6010,2.7010,94.8000,1,,,0.1134,0.1687,0.4399,-33.1893,28.8462,18.6101,,0.0000,-15.2008,-13.2516,1.9319,-23.9959,1.9319,-27.5038,-0.1344,failed_base
val,5,G,2025-01-08,13:35,NIFTY,2025-01-09,CE,23800,OTM1,1,False,23584.1200,16.1000,9.8500,13.5500,0.0000,0.0000,3.4510,2.7680,13.5500,1,,,0.2360,0.1614,0.1506,-16.0991,103.0457,31.0000,361.2319,5.0000,84.7826,53.9263,155.5901,-14.2857,295.3416,-14.2857,0.3188,next_wave
val,5,G,2025-01-06,13:30,NIFTY,2025-01-09,PE,23800,OTM2,3,False,23658.2200,272.0000,202.6500,268.8500,0.0000,0.0000,0.5880,0.8940,268.8500,1,,,-0.1457,0.2219,-0.6110,-32.5515,69.5287,,,80.0000,8.9890,6.5043,17.8309,-2.5368,26.3051,-2.5368,-0.1333,session_end
val,5,G,2025-01-07,14:00,NIFTY,2025-01-09,PE,23800,ATM,2,False,23690.8100,185.3000,139.0500,170.4000,0.0000,0.0000,1.9180,1.9560,170.4000,1,,,-0.1996,0.1729,-0.6356,-31.8234,35.5987,14.6115,,5.0000,-9.0664,-4.7481,0.5127,-19.8867,0.5127,-19.8867,0.0782,failed_base
val,5,G,2025-01-07,13:40,NIFTY,2025-01-09,CE,23900,OTM1,2,False,23752.4600,59.6000,49.4500,57.3000,0.0000,0.0000,1.5540,2.8880,57.3000,1,,,0.1134,0.1662,0.3127,-28.1574,34.3782,21.7457,,0.0000,-18.0369,-21.4920,2.4329,-26.6779,2.4329,-31.2081,-0.1344,failed_base
val,5,G,2025-01-08,13:35,NIFTY,2025-01-09,CE,23900,OTM2,1,False,23584.1200,8.7000,5.7000,7.4000,0.0000,0.0000,3.1010,2.6220,7.4000,1,,,0.2360,0.1769,0.0841,-8.7000,84.2105,28.0952,387.4172,5.0000,78.1609,50.2487,147.7011,-13.2184,322.9885,-13.2184,0.3188,next_wave
val,5,G,2025-01-06,13:30,NIFTY,2025-01-09,PE,23900,OTM1,3,False,23658.2200,337.9000,257.0000,334.1000,0.0000,0.0000,0.4450,0.8640,334.1000,1,,,-0.1457,0.2221,-0.6868,-29.5767,61.0895,,,80.0000,8.0349,4.6989,15.6999,-2.6635,22.5215,-2.6635,-0.1333,session_end
val,5,G,2025-01-07,14:00,NIFTY,2025-01-09,PE,23900,ITM1,2,False,23690.8100,254.8500,198.7500,236.5500,0.0000,0.0000,2.0160,2.2540,236.5500,1,,,-0.1996,0.1725,-0.7488,-25.2217,29.0314,14.5252,,5.0000,-7.5927,-3.8628,0.2158,-17.3239,0.2158,-17.3239,0.0782,failed_base
val,5,G,2025-01-07,13:40,NIFTY,2025-01-09,CE,24000,OTM2,2,False,23752.4600,34.5500,28.3000,33.0500,0.0000,0.0000,1.9610,3.2180,33.0500,1,,,0.1134,0.1667,0.2066,-20.9933,43.6396,27.1833,,0.0000,-21.2735,-19.6146,2.7496,-29.0883,2.7496,-33.4298,-0.1344,failed_base
val,5,G,2025-01-03,14:05,NIFTY,2025-01-09,PE,24000,OTM2,6,True,24009.6200,150.6500,100.2500,130.6000,0.0000,0.0000,2.8890,2.0900,130.6000,1,,,-0.2594,0.1261,-0.4864,-13.3731,,,,,-3.6840,1.4874,3.8500,-9.4258,12.6452,-11.8155,0.0292,session_end
val,5,G,2025-01-06,13:50,NIFTY,2025-01-09,PE,24000,ATM,3,False,23625.7500,436.7000,323.4500,418.0000,0.0000,0.0000,0.5900,0.6070,418.0000,1,,,-0.2830,0.2243,-0.7741,-24.4275,52.4192,,,60.0000,-2.8166,-10.5000,6.8468,-7.2590,12.8921,-7.2590,0.0728,session_end
val,5,G,2025-01-03,14:05,NIFTY,2025-01-09,PE,24100,OTM1,6,True,24009.6200,206.1500,143.2500,181.1500,0.0000,0.0000,1.9170,1.8630,181.1500,1,,,-0.2594,0.1270,-0.5870,-13.1111,,,,,-3.4198,2.2134,3.2743,-8.7073,10.0412,-10.3323,0.0292,session_end
val,5,G,2025-01-06,13:50,NIFTY,2025-01-09,PE,24100,ITM1,3,False,23625.7500,520.5500,395.9500,499.6000,0.0000,0.0000,0.8700,0.5700,499.6000,1,,,-0.2830,0.2297,-0.8241,-20.8004,45.7255,,,60.0000,-2.9488,-9.0166,5.2925,-6.8293,10.8443,-6.8293,0.0728,session_end
val,5,G,2025-01-03,14:05,NIFTY,2025-01-09,PE,24200,ATM,6,True,24009.6200,269.8500,197.9500,242.2000,0.0000,0.0000,1.8250,2.0260,242.2000,1,,,-0.2594,0.1267,-0.6822,-11.8459,,,,,-2.5570,3.1349,3.4834,-7.2448,8.9494,-8.8753,0.0292,session_end
val,5,G,2025-01-13,13:05,NIFTY,2025-01-16,PE,23000,OTM2,3,False,23196.3900,67.7000,53.7500,67.3500,0.0000,0.0000,1.4660,2.0220,67.3500,1,,,-0.1532,0.1711,-0.2920,-21.5276,100.6512,,,100.0000,-0.6647,-2.7306,12.0384,-7.6809,59.3058,-7.6809,-0.0479,session_end
val,5,G,2025-01-15,13:25,NIFTY,2025-01-16,PE,23000,OTM2,1,False,23202.7200,16.3000,11.7000,16.1000,0.0000,0.0000,3.8210,3.2450,16.1000,1,,,-0.0983,0.1589,-0.1547,-16.2976,107.6923,34.7737,,15.0000,31.9018,29.4280,49.0798,-9.8160,49.0798,-35.8896,-0.1469,failed_base
val,5,G,2025-01-14,14:20,NIFTY,2025-01-16,CE,23100,ITM1,2,False,23226.9600,172.1500,136.4500,159.3000,0.0000,0.0000,2.2490,2.8370,159.3000,1,,,0.1081,0.1381,0.7034,-22.3467,35.6907,15.2039,,10.0000,-5.4023,-5.1800,7.5516,-8.1034,9.8751,-8.8005,-0.0466,session_end
val,5,G,2025-01-15,12:50,NIFTY,2025-01-16,CE,23100,ITM1,1,False,23255.7600,174.6500,146.5500,169.5500,0.0000,0.0000,1.3090,1.3390,169.5500,1,,,0.1248,0.1398,0.8091,-18.8420,22.1767,16.2524,,5.0000,-27.7412,-30.7018,1.2310,-28.6859,1.2310,-41.1681,-0.2614,failed_base
val,5,G,2025-01-15,14:45,NIFTY,2025-01-16,CE,23100,ITM1,1,False,23208.6000,132.5500,102.7500,125.5500,0.0000,0.0000,1.5720,1.5270,125.5500,1,,,0.0904,0.1307,0.7511,-23.9487,,,,,1.9238,3.7375,9.9208,-7.4689,9.9208,-7.4689,0.0250,session_end
val,5,G,2025-01-13,13:05,NIFTY,2025-01-16,PE,23100,OTM1,3,False,23196.3900,99.8000,78.9500,98.1000,0.0000,0.0000,1.6910,2.3410,98.1000,1,,,-0.1532,0.1679,-0.3907,-24.1659,94.7435,,,100.0000,0.0501,-7.7760,11.2224,-7.3146,54.0581,-7.3146,-0.0479,session_end
val,5,G,2025-01-14,12:20,NIFTY,2025-01-16,PE,23100,OTM1,2,False,23198.4400,59.8000,41.5500,57.1500,0.0000,0.0000,0.8260,0.7190,57.1500,1,,,-0.1777,0.1439,-0.3473,-24.8531,51.9856,18.6065,,10.0000,-15.2174,-8.3047,5.6020,-16.9732,8.6957,-38.4615,0.1100,failed_base
val,5,G,2025-01-15,13:25,NIFTY,2025-01-16,PE,23100,OTM1,1,False,23202.7200,28.5500,17.3500,25.8500,0.0000,0.0000,4.3110,3.3750,25.8500,1,,,-0.1205,0.1348,-0.2718,-28.2677,145.5331,46.0094,,15.0000,33.2750,30.7106,49.2119,-8.7566,49.2119,-36.2522,-0.1469,failed_base
val,5,G,2025-01-14,14:20,NIFTY,2025-01-16,CE,23200,ATM,2,False,23226.9600,103.6500,77.5500,94.9000,0.0000,0.0000,2.5330,2.9200,94.9000,1,,,0.1081,0.1291,0.5495,-25.2066,47.1309,,,10.0000,-7.4771,-9.5686,10.0820,-10.2750,11.3362,-11.9151,-0.0466,session_end
val,5,G,2025-01-15,12:50,NIFTY,2025-01-16,CE,23200,ATM,1,False,23255.7600,93.3000,73.1000,90.7500,0.0000,0.0000,1.3570,1.3150,90.7500,1,,,0.1248,0.1202,0.6424,-34.4822,33.4473,22.7576,,5.0000,-36.1200,-41.2557,2.5723,-36.7095,2.5723,-52.8403,-0.2614,failed_base
val,5,G,2025-01-15,14:45,NIFTY,2025-01-16,CE,23200,ATM,1,False,23208.6000,60.6000,44.0000,57.5000,0.0000,0.0000,1.9140,1.7590,57.5000,1,,,0.0904,0.1142,0.5255,-45.9195,,,,,3.1353,5.5986,13.2838,-12.3762,13.2838,-12.3762,0.0250,session_end
val,5,G,2025-01-16,12:55,NIFTY,2025-01-16,CE,23200,ITM1,0,False,23298.8000,100.2500,77.5500,95.9000,0.0000,0.0000,0.9180,1.8050,95.9000,1,,,0.0556,0.1551,0.9448,-1.4520,42.6821,15.0023,31.7916,10.0000,-2.3940,3.1849,10.3741,-6.1845,23.6409,-11.9701,-0.0073,next_wave
val,5,G,2025-01-13,11:35,NIFTY,2025-01-16,PE,23200,ATM,3,False,23251.6200,125.0500,94.8500,121.4000,0.0000,0.0000,1.6830,1.4200,121.4000,1,,,-0.3822,0.1733,-0.4418,-25.5445,46.7580,17.9598,,50.0000,0.3199,0.8247,9.3962,-11.4354,67.1331,-11.4354,-0.0559,failed_base
val,5,G,2025-01-13,13:05,NIFTY,2025-01-16,PE,23200,ATM,3,False,23196.3900,142.0000,114.2000,139.2000,0.0000,0.0000,1.5220,2.1980,139.2000,1,,,-0.1532,0.1644,-0.5008,-24.7770,83.0123,,,100.0000,1.4085,-6.8119,10.2113,-5.9507,47.1831,-5.9507,-0.0479,session_end
val,5,G,2025-01-14,12:15,NIFTY,2025-01-16,PE,23200,ATM,2,False,23204.5500,95.4500,66.0500,92.3500,0.0000,0.0000,0.5800,1.1500,92.3500,1,,,-0.1514,0.1381,-0.4903,-26.4424,55.2612,17.6987,,15.0000,-7.3337,-1.7411,7.4384,-11.5767,10.3195,-33.9969,0.0405,failed_base
val,5,G,2025-01-15,13:25,NIFTY,2025-01-16,PE,23200,ATM,1,False,23202.7200,59.4500,35.5500,52.4000,0.0000,0.0000,2.8050,2.8920,52.4000,1,,,-0.1719,0.1204,-0.4915,-43.5895,135.7243,40.5728,,30.0000,31.7073,30.4613,40.9588,-7.5694,40.9588,-30.1934,-0.1469,failed_base
val,5,G,2025-01-14,14:25,NIFTY,2025-01-16,CE,23300,OTM1,2,False,23232.2000,57.6500,38.5000,49.4500,0.0000,0.0000,2.6320,2.5350,49.4500,1,,,0.1306,0.1258,0.3802,-23.2992,59.7403,22.7642,,5.0000,-10.3209,-13.3614,1.6479,-18.9939,7.1986,-18.9939,-0.0335,failed_base
val,5,G,2025-01-15,10:50,NIFTY,2025-01-16,CE,23300,OTM1,1,False,23293.5300,68.1500,35.9000,48.7500,0.0000,0.0000,3.5180,1.9220,48.7500,1,,,0.3747,0.1342,0.4870,-42.4820,100.5571,41.3194,,5.0000,-31.7682,-35.1250,0.3668,-39.1049,0.3668,-75.8621,-0.1449,failed_base
val,5,G,2025-01-15,12:55,NIFTY,2025-01-16,CE,23300,OTM1,1,False,23255.9700,39.3000,28.7500,38.9500,0.0000,0.0000,1.0100,1.8530,38.9500,1,,,0.1310,0.1148,0.3835,-35.1748,43.4783,28.0000,,0.0000,-39.6947,-45.3488,2.0356,-43.8931,2.0356,-58.1425,-0.2290,failed_base
val,5,G,2025-01-13,11:35,NIFTY,2025-01-16,PE,23300,ITM1,3,False,23251.6200,171.5500,129.2500,164.4000,0.0000,0.0000,1.3840,1.5640,164.4000,1,,,-0.3822,0.1691,-0.5491,-24.9902,115.0097,,,190.0000,1.7779,0.1925,8.7730,-9.7056,61.9936,-9.7056,-0.0559,session_end
val,5,G,2025-01-15,13:25,NIFTY,2025-01-16,PE,23300,ITM1,1,False,23202.7200,121.1000,79.6500,108.0000,0.0000,0.0000,1.5430,2.0050,108.0000,1,,,-0.1071,0.1194,-0.7384,-23.6515,96.1080,34.0589,,30.0000,23.1627,24.7530,28.9843,-5.6152,28.9843,-20.1899,-0.1469,failed_base
val,5,G,2025-01-14,14:25,NIFTY,2025-01-16,CE,23400,OTM2,2,False,23232.2000,28.5000,19.4000,25.5000,0.0000,0.0000,2.5960,2.5230,25.5000,1,,,0.1306,0.1266,0.2251,-16.8329,60.0515,20.7729,,5.0000,-13.6842,-16.1659,1.9298,-21.2281,8.5965,-21.2281,-0.0335,failed_base
val,5,G,2025-01-10,14:20,NIFTY,2025-01-16,PE,23400,OTM2,6,True,23444.5100,148.3000,103.0000,128.1000,0.0000,0.0000,4.0980,3.7610,128.1000,1,,,-0.3854,0.1412,-0.4543,-14.5413,61.9417,25.5396,,15.0000,1.5509,6.7800,12.4747,-4.2481,12.4747,-16.2508,-0.0474,failed_base
val,5,G,2025-01-16,11:00,NIFTY,2025-01-16,PE,23400,ITM1,0,False,23275.0000,130.2500,103.6000,130.1500,0.0000,0.0000,0.4920,1.2250,130.1500,1,,,-0.0767,0.1911,-0.8915,-5.2492,42.9054,21.9183,,0.0000,3.3397,0.6512,6.2572,-3.3013,6.2572,-38.5797,-0.0213,failed_base
val,5,G,2025-01-22,14:20,NIFTY,2025-01-23,CE,23000,ITM1,1,False,23104.5500,135.2500,91.7000,117.7000,0.0000,0.0000,1.4640,2.3400,117.7000,1,,,0.2417,0.1443,0.7224,-30.6625,,,,,13.2348,14.2613,32.7172,-5.3974,42.8466,-5.3974,0.0963,session_end
val,5,G,2025-01-23,12:25,NIFTY,2025-01-23,CE,23000,ITM1,0,False,23262.1500,265.1500,214.2500,244.1000,0.0000,0.0000,1.7970,1.7560,244.1000,1,,,0.1185,0.3599,0.9537,-3.0033,28.1214,13.5701,,5.0000,-9.2966,-4.1495,2.6023,-10.5223,2.6023,-23.7036,-0.1025,failed_base
val,5,G,2025-01-22,11:40,NIFTY,2025-01-23,PE,23000,OTM1,1,False,23081.4300,54.2500,35.3000,53.4000,0.0000,0.0000,1.5570,1.8560,53.4000,1,,,-0.2530,0.1720,-0.3559,-47.1058,128.6119,36.1214,,55.0000,15.8525,21.7829,21.3825,-9.7696,48.7558,-74.5622,-0.1670,failed_base
val,5,G,2025-01-17,12:05,NIFTY,2025-01-23,CE,23100,ITM1,6,True,23223.7200,263.0000,194.4500,243.8000,0.0000,0.0000,2.3430,0.6970,243.8000,1,,,0.3193,0.1629,0.6032,-15.9654,73.1293,28.5014,,25.0000,14.9430,13.2823,28.0038,-1.6920,28.0038,-15.0190,0.1864,failed_base
val,5,G,2025-01-20,10:40,NIFTY,2025-01-23,CE,23100,ITM1,3,False,23278.9800,262.8500,226.9000,257.5000,0.0000,0.0000,0.4980,0.6610,257.5000,1,,,0.2348,0.1819,0.6774,-23.7258,52.2036,11.1047,,75.0000,0.0951,-2.5559,5.0029,-6.3915,38.8244,-6.3915,0.0125,stalled
val,5,G,2025-01-22,14:20,NIFTY,2025-01-23,CE,23100,ATM,1,False,23104.5500,69.0500,43.8000,59.8000,0.0000,0.0000,2.8540,3.6040,59.8000,1,,,0.2417,0.1351,0.5122,-52.2856,,,,,15.1340,16.6041,46.6329,-8.4721,56.9153,-8.4721,0.0963,session_end
val,5,G,2025-01-23,12:25,NIFTY,2025-01-23,CE,23100,ATM,0,False,23262.1500,165.2500,116.2500,145.0000,0.0000,0.0000,2.0480,2.0730,145.0000,1,,,0.1185,0.2475,0.9343,-3.1033,51.5269,21.5441,,5.0000,-14.8563,-1.8774,4.8411,-16.3691,4.8411,-38.2148,-0.1025,failed_base
val,5,G,2025-01-22,11:20,NIFTY,2025-01-23,PE,23100,ATM,1,False,23085.5000,91.3000,59.3000,88.1000,0.0000,0.0000,1.1740,1.4840,88.1000,1,,,-0.2633,0.1605,-0.5256,-51.2752,125.4637,47.4570,,75.0000,10.3505,17.8340,20.1533,-14.4031,49.1238,-68.6199,-0.1015,failed_base
val,5,G,2025-01-20,11:25,NIFTY,2025-01-23,CE,23200,ATM,3,False,23342.4700,233.8000,180.4000,207.0500,0.0000,0.0000,0.8010,1.8820,207.0500,1,,,0.3661,0.1759,0.6483,-24.1007,48.5033,12.7660,,30.0000,11.1206,11.0566,14.5851,-1.7109,22.6476,-1.7109,0.1509,stalled
val,5,G,2025-01-22,14:20,NIFTY,2025-01-23,CE,23200,OTM1,1,False,23104.5500,34.3500,21.3000,29.0500,0.0000,0.0000,2.3390,3.4080,29.0500,1,,,0.2417,0.1460,0.3005,-34.2580,,,,,7.1325,10.6838,48.4716,-9.4614,52.9840,-9.4614,0.0963,session_end
val,5,G,2025-01-23,12:25,NIFTY,2025-01-23,CE,23200,OTM1,0,False,23262.1500,68.3000,27.2000,54.6500,0.0000,0.0000,1.7500,2.2970,54.6500,1,,,0.1690,0.1516,0.8269,-6.1532,189.3382,34.6887,,5.0000,-35.6515,-39.4527,9.5168,-38.5066,9.5168,-96.1201,-0.1025,failed_base
val,5,G,2025-01-21,14:40,NIFTY,2025-01-23,PE,23200,OTM2,2,False,23095.3500,203.6500,105.8000,163.9500,0.0000,0.0000,1.3670,1.1450,163.9500,1,,,-0.6729,0.2110,-0.6097,-39.3427,141.4934,,,10.0000,-8.3722,-7.6683,25.4603,-8.3722,25.4603,-14.0683,-0.0432,session_end
val,5,G,2025-01-22,11:20,NIFTY,2025-01-23,PE,23200,ITM1,1,False,23085.5000,151.5000,102.7500,143.4500,0.0000,0.0000,0.9080,1.3380,143.4500,1,,,-0.2633,0.1564,-0.7099,-34.4167,104.5255,39.8525,,75.0000,11.1221,12.4201,17.3267,-11.2871,44.1914,-52.7723,-0.1015,failed_base
val,5,G,2025-01-17,12:05,NIFTY,2025-01-23,CE,23300,OTM1,6,True,23223.7200,150.4500,103.8000,134.7500,0.0000,0.0000,2.7090,0.8240,134.7500,1,,,0.3193,0.1547,0.4386,-15.5655,102.8420,36.9983,,25.0000,22.6986,29.8164,39.9468,-2.3596,39.9468,-18.4447,0.1864,failed_base
val,5,G,2025-01-20,11:25,NIFTY,2025-01-23,CE,23300,OTM1,3,False,23342.4700,169.0500,127.2000,147.5000,0.0000,0.0000,1.9640,3.8100,147.5000,1,,,0.3661,0.1695,0.5487,-25.1210,57.6651,15.4824,,30.0000,14.0491,11.9213,18.6335,-1.9521,28.2461,-1.9521,0.1509,stalled
val,5,G,2025-01-22,14:20,NIFTY,2025-01-23,CE,23300,OTM2,1,False,23104.5500,17.1000,11.6000,15.0000,0.0000,0.0000,2.4680,3.8410,15.0000,1,,,0.2417,0.1599,0.1638,-17.1000,91.3793,31.0811,,15.0000,-4.6784,-0.4151,44.7368,-10.5263,44.7368,-10.5263,0.0963,next_wave
val,5,G,2025-01-23,12:25,NIFTY,2025-01-23,CE,23300,OTM2,0,False,23262.1500,11.0500,3.7500,7.7000,0.0000,0.0000,4.6970,3.1450,7.7000,1,,,0.1185,0.1472,0.2785,-11.0500,293.3333,55.5932,,5.0000,-63.3484,-78.1330,31.6742,-63.8009,31.6742,-99.5475,-0.1025,failed_base
val,5,G,2025-01-21,14:40,NIFTY,2025-01-23,PE,23300,OTM1,2,False,23095.3500,271.7500,150.7000,223.9500,0.0000,0.0000,1.1740,0.9440,223.9500,1,,,-0.6729,0.2134,-0.7071,-34.1052,118.3145,,,15.0000,-4.0662,-10.1687,21.0672,-4.0662,21.0672,-9.7516,-0.0432,session_end
val,5,G,2025-01-17,12:05,NIFTY,2025-01-23,CE,23400,OTM2,6,True,23223.7200,106.7500,71.5000,93.8000,0.0000,0.0000,2.8170,0.8980,93.8000,1,,,0.3193,0.1505,0.3525,-14.1877,123.3566,46.0864,,25.0000,28.8993,36.1938,49.6019,-2.8571,49.6019,-22.5761,0.1864,failed_base
val,5,G,2025-01-20,11:25,NIFTY,2025-01-23,CE,23400,OTM2,3,False,23342.4700,115.8000,83.7500,98.8000,0.0000,0.0000,2.1500,3.4600,98.8000,1,,,0.3661,0.1643,0.4389,-24.2365,70.3284,18.7171,,25.0000,17.4007,14.5488,23.1865,-2.2021,34.1105,-2.2021,0.1509,stalled
val,5,G,2025-01-21,14:40,NIFTY,2025-01-23,PE,23400,ATM,2,False,23095.3500,346.4500,204.5500,294.7000,0.0000,0.0000,1.0620,1.1790,294.7000,1,,,-0.6729,0.2116,-0.7940,-26.0071,,,,,-0.9092,-5.4359,18.6174,-0.9092,18.6174,-5.7151,-0.0432,session_end
val,5,G,2025-01-27,10:35,NIFTY,2025-01-30,PE,22700,OTM2,3,False,22856.4300,109.1000,63.2000,97.9500,0.0000,0.0000,2.0900,2.8190,97.9500,1,,,-0.4651,0.2072,-0.3580,-27.8797,86.3924,28.3531,,5.0000,0.4583,-1.1970,7.7910,-16.3153,7.7910,-38.3593,-0.0350,failed_base
val,5,G,2025-01-28,15:00,NIFTY,2025-01-30,PE,22700,OTM2,2,False,22993.0100,45.1000,28.9500,37.2000,0.0000,0.0000,3.3090,9.1180,37.2000,1,,,-0.2275,0.2177,-0.2118,-27.5577,95.6822,,,0.0000,-4.6563,-3.6929,25.4989,-6.7627,25.4989,-6.7627,-0.0365,session_end
val,5,G,2025-01-27,12:10,NIFTY,2025-01-30,CE,22800,ITM1,3,False,22925.5200,236.0000,194.4500,235.1500,0.0000,0.0000,0.9600,1.6490,235.1500,1,,,0.3374,0.1961,0.6217,-27.3405,34.9704,23.5854,,0.0000,-6.3771,-5.0931,9.7246,-15.0212,9.7246,-31.6737,-0.0841,failed_base
val,5,G,2025-01-28,13:20,NIFTY,2025-01-30,CE,22800,ITM1,2,False,23076.7400,326.4000,280.1000,320.4500,0.0000,0.0000,0.8570,1.1010,320.4500,1,,,0.1386,0.2152,0.7728,-28.3199,19.0111,11.5194,,5.0000,-7.9044,-7.2528,0.4749,-10.1103,19.9142,-34.3750,-0.1262,failed_base
val,5,G,2025-01-28,14:35,NIFTY,2025-01-30,CE,22800,ITM1,2,False,23144.5200,381.5500,293.4000,322.6500,0.0000,0.0000,1.7200,4.4970,322.6500,1,,,0.4300,0.2202,0.8208,-24.2063,33.4015,26.3669,,0.0000,-39.2085,-49.3983,1.9395,-39.6278,1.9395,-43.8606,-0.8383,failed_base
val,5,G,2025-01-27,10:35,NIFTY,2025-01-30,PE,22800,OTM1,3,False,22856.4300,148.9500,90.4000,138.5500,0.0000,0.0000,1.6060,2.2750,138.5500,1,,,-0.4899,0.2060,-0.4450,-29.6518,76.8805,25.5159,,5.0000,1.2085,0.1037,7.3515,-14.6358,7.3515,-35.3139,-0.0350,failed_base
val,5,G,2025-01-28,14:55,NIFTY,2025-01-30,PE,22800,OTM1,2,False,22984.3100,69.7500,45.6000,56.9500,0.0000,0.0000,7.7420,5.2480,56.9500,1,,,-0.2652,0.2110,-0.3013,-34.4435,82.0175,,,5.0000,-1.7921,-7.8259,21.7204,-12.6882,21.7204,-12.6882,0.0178,session_end
val,5,G,2025-01-27,12:30,NIFTY,2025-01-30,CE,22900,ATM,3,False,22938.4700,184.8000,145.5000,177.4500,0.0000,0.0000,1.2860,1.1500,177.4500,1,,,0.3941,0.1950,0.5403,-28.7341,35.6014,24.9113,,5.0000,-19.8864,-24.6099,1.4069,-23.8636,1.4069,-37.9870,-0.3195,failed_base
val,5,G,2025-01-28,13:20,NIFTY,2025-01-30,CE,22900,ATM,2,False,23076.7400,251.4000,209.9500,245.7000,0.0000,0.0000,0.8480,0.9720,245.7000,1,,,0.1386,0.2111,0.6875,-34.6207,23.0293,13.6663,,5.0000,-9.2283,-7.1667,0.6364,-11.8536,23.6476,-38.7430,-0.1262,failed_base
val,5,G,2025-01-28,14:35,NIFTY,2025-01-30,CE,22900,ATM,2,False,23144.5200,300.3000,221.6000,246.1500,0.0000,0.0000,1.2230,3.8760,246.1500,1,,,0.4300,0.2140,0.7489,-30.8777,40.2753,29.9341,,0.0000,-44.0892,-37.2525,2.4476,-44.1725,2.4476,-48.7179,-0.8383,failed_base
val,5,G,2025-01-27,10:25,NIFTY,2025-01-30,PE,22900,ATM,3,False,22898.2000,175.3500,120.9000,163.9000,0.0000,0.0000,2.5180,3.0160,163.9000,1,,,-0.1348,0.2037,-0.4975,-29.6557,74.9793,27.2040,,20.0000,12.5749,13.2620,20.6444,-1.3402,20.6444,-23.6670,-0.1903,failed_base
val,5,G,2025-01-28,14:55,NIFTY,2025-01-30,PE,22900,ATM,2,False,22984.3100,103.1500,69.8000,84.9000,0.0000,0.0000,7.2960,6.0340,84.9000,1,,,-0.2652,0.2074,-0.4028,-39.1881,69.0544,,,5.0000,-2.0843,-6.6288,19.8740,-12.2152,19.8740,-12.2152,0.0178,session_end
val,5,G,2025-01-27,12:10,NIFTY,2025-01-30,CE,23000,OTM1,3,False,22925.5200,129.3000,105.9000,129.0000,0.0000,0.0000,1.9260,2.4990,129.0000,1,,,0.3374,0.1930,0.4314,-28.0107,41.3126,29.3017,,0.0000,-9.0874,-7.7452,11.8716,-18.1748,11.8716,-39.0951,-0.0841,failed_base
val,5,G,2025-01-28,13:20,NIFTY,2025-01-30,CE,23000,OTM1,2,False,23076.7400,184.6000,149.1500,179.8500,0.0000,0.0000,0.8470,0.8770,179.8500,1,,,0.1386,0.2056,0.5876,-38.4521,28.2601,16.2311,,5.0000,-11.2134,-9.1012,0.7042,-14.0845,29.2254,-43.8787,-0.1262,failed_base
val,5,G,2025-01-28,14:35,NIFTY,2025-01-30,CE,23000,OTM1,2,False,23144.5200,227.9500,158.6000,179.2500,0.0000,0.0000,1.5240,3.8320,179.2500,1,,,0.4300,0.2100,0.6578,-36.9392,50.4098,33.6407,,0.0000,-49.2433,-49.2423,2.8515,-49.5503,2.8515,-54.5514,-0.8383,failed_base
val,5,G,2025-01-29,11:05,NIFTY,2025-01-30,CE,23000,ATM,1,False,23113.7500,222.7500,170.5500,220.6000,0.0000,0.0000,0.7630,0.6790,220.6000,1,,,0.2290,0.3045,0.6152,-87.2980,41.4541,18.4249,,0.0000,-11.2233,-15.1480,1.2795,-38.0247,21.7508,-38.0247,-0.0780,failed_base
val,5,G,2025-01-27,10:25,NIFTY,2025-01-30,PE,23000,ITM1,3,False,22898.2000,229.3000,166.0500,215.9500,0.0000,0.0000,1.2550,2.1110,215.9500,1,,,-0.1348,0.2024,-0.5884,-28.5639,64.2276,25.3759,,20.0000,11.5787,12.7288,18.9272,-0.4797,18.9272,-20.8461,-0.1903,failed_base
val,5,G,2025-01-28,14:55,NIFTY,2025-01-30,PE,23000,ITM1,2,False,22984.3100,145.6500,102.8500,121.1000,0.0000,0.0000,5.5270,5.1900,121.1000,1,,,-0.2652,0.2016,-0.5150,-39.6614,59.1638,24.8015,,5.0000,-1.7508,2.6857,18.7779,-10.9166,18.7779,-10.9166,0.0178,session_end
val,5,G,2025-01-30,12:20,NIFTY,2025-01-30,PE,23000,OTM2,0,False,23254.1500,25.1500,12.9500,24.7000,0.0000,0.0000,1.3960,0.9470,24.7000,1,,,-0.1205,0.6143,-0.1719,-25.1500,165.2510,49.0539,,0.0000,-53.4791,-57.8822,2.5845,-66.6004,40.1590,-99.8012,0.0260,failed_base
val,5,G,2025-01-27,12:30,NIFTY,2025-01-30,CE,23100,OTM2,3,False,22938.4700,94.3500,74.8500,90.9000,0.0000,0.0000,2.0350,1.3790,90.9000,1,,,0.3941,0.1913,0.3490,-25.8929,38.2098,21.8463,,5.0000,-22.3635,-27.4560,2.2258,-26.2321,2.2258,-44.2501,-0.3195,failed_base
val,5,G,2025-01-28,13:20,NIFTY,2025-01-30,CE,23100,OTM2,2,False,23076.7400,129.4000,100.0500,124.3000,0.0000,0.0000,1.6530,1.4910,124.3000,1,,,0.1386,0.2020,0.4766,-38.9558,34.5827,17.5269,,5.0000,-14.4900,-20.4860,0.4637,-17.6971,34.9691,-49.6522,-0.1262,failed_base
val,5,G,2025-01-28,14:35,NIFTY,2025-01-30,CE,23100,OTM2,2,False,23144.5200,164.4500,106.5000,123.0000,0.0000,0.0000,3.2330,5.2670,123.0000,1,,,0.4300,0.2048,0.5529,-39.9242,63.9906,38.1334,,0.0000,-54.5455,-57.6819,3.0708,-54.9711,3.0708,-60.3831,-0.8383,failed_base
val,5,G,2025-01-29,12:25,NIFTY,2025-01-30,CE,23100,OTM1,1,False,23137.1000,177.8500,138.6000,177.6000,0.0000,0.0000,0.8490,2.1170,177.6000,1,,,0.1237,0.3094,0.5405,-103.7400,49.7475,28.5473,,0.0000,-12.5668,-11.0008,3.4299,-16.6151,12.1451,-25.8364,-0.0885,failed_base
val,5,G,2025-01-24,12:45,NIFTY,2025-01-30,PE,23100,OTM2,6,True,23238.5500,117.0500,74.0000,96.5000,0.0000,0.0000,2.1190,3.0380,96.5000,1,,,-0.2839,0.1487,-0.3740,-14.3840,92.0270,24.2435,78.5880,30.0000,-0.9398,-0.0508,21.4011,-7.4327,64.2460,-8.0308,-0.0364,next_wave
val,5,G,2025-01-31,12:40,NIFTY,2025-02-06,CE,23200,ITM1,6,True,23551.8700,488.5000,435.7000,478.5000,0.0000,0.0000,0.9090,1.1610,478.5000,1,,,0.3224,0.2306,0.6974,-20.5807,19.6236,9.1711,,55.0000,2.0471,1.9809,2.9683,-2.0368,6.6940,-9.3654,0.0520,failed_base
val,5,G,2025-02-03,13:10,NIFTY,2025-02-06,CE,23200,ITM1,3,False,23394.9000,249.4500,184.1500,205.5000,0.0000,0.0000,1.9470,2.8700,205.5000,1,,,0.2893,0.1512,0.7279,-18.3718,38.4741,25.4314,,10.0000,-10.3227,-10.1487,2.2249,-16.1155,2.2249,-23.7723,-0.1326,failed_base
val,5,G,2025-01-31,12:40,NIFTY,2025-02-06,CE,23300,ATM,6,True,23551.8700,414.7500,368.6000,406.6500,0.0000,0.0000,1.3010,1.2680,406.6500,1,,,0.3653,0.2239,0.6493,-21.3512,21.1340,9.8880,,55.0000,2.4352,2.2679,3.3032,-2.2303,7.6552,-9.8011,0.0520,failed_base
val,5,G,2025-02-03,13:10,NIFTY,2025-02-06,CE,23300,ATM,3,False,23394.9000,175.9000,121.0500,138.6500,0.0000,0.0000,2.4530,2.8160,138.6500,1,,,0.2893,0.1431,0.6233,-20.4822,50.3098,31.0800,,10.0000,-12.5640,-12.8989,3.4395,-19.8408,3.4395,-28.7095,-0.1326,failed_base
val,5,G,2025-01-31,14:00,NIFTY,2025-02-06,PE,23300,ATM,6,True,23533.9400,172.3000,155.9000,169.5000,0.0000,0.0000,1.3980,1.1110,169.5000,1,,,-0.0688,0.2273,-0.3607,-22.0836,20.7184,12.6993,,20.0000,2.9019,4.4163,9.2281,-1.2768,9.2281,-24.5502,-0.0912,failed_base
val,5,G,2025-01-31,12:40,NIFTY,2025-02-06,CE,23400,OTM1,6,True,23551.8700,346.6500,307.9500,340.7000,0.0000,0.0000,1.7970,1.5140,340.7000,1,,,0.3653,0.2179,0.5955,-21.8306,22.3575,10.8413,,55.0000,2.5963,1.8263,3.3752,-2.5097,8.6975,-10.1111,0.0520,failed_base
val,5,G,2025-02-01,11:20,NIFTY,2025-02-06,CE,23400,ITM1,5,True,23647.4300,380.4000,320.8500,365.8500,0.0000,0.0000,1.1140,1.0920,365.8500,1,,,0.2691,0.2119,0.6656,-21.8000,22.8767,14.1408,,25.0000,-6.8086,-1.0656,3.6409,-11.0147,3.6409,-57.3081,-0.1516,failed_base
val,5,G,2025-02-01,13:50,NIFTY,2025-02-06,CE,23400,ITM1,5,True,23497.3400,219.9500,162.4000,215.4500,0.0000,0.0000,1.0920,1.0850,215.4500,1,,,0.2924,0.1515,0.5949,-16.8053,57.0197,19.4314,,40.0000,9.1612,14.2903,13.1166,-3.6372,15.9354,-12.4801,0.1915,failed_base
val,5,G,2025-02-03,13:10,NIFTY,2025-02-06,CE,23400,OTM1,3,False,23394.9000,113.8000,72.7500,85.6500,0.0000,0.0000,4.0260,3.7030,85.6500,1,,,0.2893,0.1354,0.4952,-20.5838,62.0619,34.9873,,10.0000,-14.8946,-15.4614,3.6028,-23.8576,3.6028,-32.6450,-0.1326,failed_base
val,5,G,2025-02-04,13:40,NIFTY,2025-02-06,CE,23400,ITM1,2,False,23661.9600,314.0500,241.4000,295.5000,0.0000,0.0000,0.7770,0.5110,295.5000,1,,,0.3050,0.2086,0.7626,-29.2055,35.3977,23.9712,,20.0000,-4.1554,-2.8394,4.0758,-9.4889,5.9545,-24.9323,0.0099,failed_base
val,5,G,2025-01-31,14:00,NIFTY,2025-02-06,PE,23400,ITM1,6,True,23533.9400,206.2000,185.9000,201.3500,0.0000,0.0000,0.9830,1.0460,201.3500,1,,,-0.0688,0.2222,-0.4150,-22.5507,21.0866,12.3945,,20.0000,3.0553,6.9122,9.1659,-1.2367,9.1659,-22.4054,-0.0912,failed_base
val,5,G,2025-01-31,12:40,NIFTY,2025-02-06,CE,23500,OTM2,6,True,23551.8700,283.9500,251.0500,279.4500,0.0000,0.0000,2.0860,1.4100,279.4500,1,,,0.3653,0.2119,0.5369,-21.8331,24.1585,11.6939,,55.0000,2.7646,0.8210,3.5570,-2.9054,9.7728,-10.4772,0.0520,failed_base
val,5,G,2025-02-01,13:50,NIFTY,2025-02-06,CE,23500,ATM,5,True,23497.3400,163.0000,117.2500,159.9500,0.0000,0.0000,1.4760,1.3800,159.9500,1,,,0.2924,0.1489,0.5005,-17.0702,64.0085,21.9969,,40.0000,10.0613,15.1159,15.1227,-3.5583,17.9755,-16.4110,0.1915,failed_base
val,5,G,2025-02-03,13:10,NIFTY,2025-02-06,CE,23500,OTM2,3,False,23394.9000,67.3500,40.7500,48.9500,0.0000,0.0000,3.5040,3.2120,48.9500,1,,,0.2893,0.1302,0.3563,-18.2365,70.6748,36.1610,,10.0000,-16.4068,-15.9987,3.2665,-27.1715,3.2665,-34.0757,-0.1326,stalled
val,5,G,2025-02-04,11:55,NIFTY,2025-02-06,CE,23500,ATM,2,False,23562.0000,172.1000,123.5000,161.0000,0.0000,0.0000,1.5610,0.8020,161.0000,1,,,0.4062,0.1929,0.5733,-36.5091,58.9474,21.4722,,5.0000,5.2876,12.5499,10.0523,-15.1075,44.5962,-15.1075,0.0662,failed_base
val,5,G,2025-02-04,13:40,NIFTY,2025-02-06,CE,23500,ATM,2,False,23661.9600,238.2500,173.0500,219.9000,0.0000,0.0000,1.1140,0.6340,219.9000,1,,,0.3050,0.2015,0.6768,-34.7124,43.8024,29.7368,,20.0000,-6.7996,-7.6025,4.4491,-12.2980,4.4491,-30.9759,0.0099,failed_base
val,5,G,2025-02-10,12:05,NIFTY,2025-02-13,PE,23300,OTM2,3,False,23367.4300,116.1500,88.2500,110.3500,0.0000,0.0000,3.0320,1.4550,110.3500,1,,,-0.2288,0.1708,-0.4243,-25.1639,40.5666,18.9440,,5.0000,-10.2454,-9.8327,1.4206,-15.0237,3.1855,-31.5540,0.0549,failed_base
val,5,G,2025-02-11,12:55,NIFTY,2025-02-13,PE,23300,ATM,2,False,23245.0500,141.6000,119.3500,134.8000,0.0000,0.0000,1.0280,1.8350,134.8000,1,,,-0.1609,0.1588,-0.5750,-29.9847,165.0607,32.0373,,30.0000,89.3362,62.6115,123.4110,-1.9774,136.5819,-1.9774,-0.7100,stalled
val,5,G,2025-02-07,14:00,NIFTY,2025-02-13,PE,23400,OTM2,6,True,23538.8800,95.6500,64.6500,85.5000,0.0000,0.0000,1.8110,3.8160,85.5000,1,,,-0.1836,0.1288,-0.3572,-12.4673,101.0054,36.0908,,25.0000,21.9028,19.1976,35.8599,-4.6524,35.8599,-23.5755,-0.1832,failed_base
val,5,G,2025-02-10,12:05,NIFTY,2025-02-13,PE,23400,OTM1,3,False,23367.4300,163.5000,128.5500,155.8000,0.0000,0.0000,2.5860,1.4290,155.8000,1,,,-0.2288,0.1695,-0.5319,-25.4156,34.4613,15.7073,,5.0000,-8.2875,-7.3752,2.0183,-12.6300,4.5872,-27.5229,0.0549,failed_base
val,5,G,2025-02-11,12:55,NIFTY,2025-02-13,PE,23400,ITM1,2,False,23245.0500,208.0500,180.0000,198.9500,0.0000,0.0000,1.1690,1.9510,198.9500,1,,,-0.1609,0.1617,-0.7032,-25.6852,121.6667,17.5063,28.0115,30.0000,67.8683,51.7612,91.7808,-1.4660,102.5234,-1.4660,-0.7100,next_wave
val,5,G,2025-02-07,14:00,NIFTY,2025-02-13,PE,23500,OTM1,6,True,23538.8800,136.1000,95.5500,123.1000,0.0000,0.0000,1.8470,3.7400,123.1000,1,,,-0.1836,0.1281,-0.4563,-13.2422,85.7143,32.0372,,25.0000,18.5893,16.4660,30.3821,-4.1881,30.3821,-22.1896,-0.1832,failed_base
val,5,G,2025-02-10,12:05,NIFTY,2025-02-13,PE,23500,ATM,3,False,23367.4300,222.0000,181.6500,211.2500,0.0000,0.0000,2.2570,1.4550,211.2500,1,,,-0.2288,0.1688,-0.6378,-23.5287,27.5530,13.8541,,5.0000,-6.0811,-4.7877,2.0495,-10.0901,5.1802,-23.4685,0.0549,failed_base
val,5,G,2025-02-07,14:00,NIFTY,2025-02-13,PE,23600,ATM,6,True,23538.8800,186.5000,136.6500,170.5500,0.0000,0.0000,0.8390,2.5230,170.5500,1,,,-0.1836,0.1273,-0.5590,-13.0662,71.7161,27.9352,,25.0000,16.0054,12.1894,25.8177,-3.1367,25.8177,-19.6247,-0.1832,failed_base
val,5,G,2025-02-10,12:05,NIFTY,2025-02-13,PE,23600,ITM1,3,False,23367.4300,292.2000,244.0000,277.6500,0.0000,0.0000,1.9030,1.3290,277.6500,1,,,-0.2288,0.1701,-0.7318,-20.2582,23.8115,11.5359,,5.0000,-4.9110,-3.3838,1.6085,-8.5387,5.0650,-19.8323,0.0549,failed_base
val,5,G,2025-02-10,14:00,NIFTY,2025-02-13,CE,23700,OTM2,3,False,23391.9000,42.0000,32.7500,39.6000,0.0000,0.0000,1.5750,3.1880,39.6000,1,,,0.0081,0.1716,0.2047,-17.3736,48.3969,23.4568,,0.0000,-12.0238,-15.6247,-0.3571,-19.6429,15.1190,-19.6429,-0.0775,failed_base
val,5,G,2025-02-07,14:00,NIFTY,2025-02-13,PE,23700,ITM1,6,True,23538.8800,247.4500,188.4500,227.4000,0.0000,0.0000,0.7000,2.2270,227.4000,1,,,-0.1836,0.1268,-0.6582,-12.0049,60.2016,28.9003,,25.0000,13.5785,12.5843,22.0044,-2.9703,22.0044,-17.1550,-0.1832,failed_base
val,5,G,2025-02-17,10:45,NIFTY,2025-02-20,CE,22700,ITM1,3,False,22967.8000,339.2000,220.8000,282.3000,0.0000,0.0000,0.8080,2.1140,282.3000,1,,,0.5764,0.2036,0.7335,-23.5611,58.2201,21.2824,,10.0000,-25.9729,-28.0346,2.9923,-27.9923,10.2152,-28.3608,-0.5212,failed_base
val,5,G,2025-02-17,13:40,NIFTY,2025-02-20,CE,22700,ITM1,3,False,22968.0900,335.4000,245.2500,309.5500,0.0000,0.0000,2.1210,1.7250,309.5500,1,,,0.4650,0.2018,0.7395,-23.5198,52.4363,21.8938,,10.0000,-9.2278,-8.9351,11.4639,-12.9398,11.4639,-12.9398,-0.1566,failed_base
val,5,G,2025-02-19,14:25,NIFTY,2025-02-20,PE,22700,OTM2,1,False,22903.3300,26.3500,13.4000,20.9500,0.0000,0.0000,2.5910,3.3670,20.9500,1,,,-0.2418,0.1962,-0.1963,-26.3498,151.1194,47.5483,,15.0000,-36.6224,-35.7566,27.7040,-39.0892,27.7040,-46.2998,0.1350,failed_base
val,5,G,2025-02-17,10:45,NIFTY,2025-02-20,CE,22800,ATM,3,False,22967.8000,267.0000,164.4000,217.9500,0.0000,0.0000,0.6840,2.1090,217.9500,1,,,0.5764,0.1993,0.6560,-26.4608,68.7044,24.2834,,10.0000,-28.5393,-32.1026,3.8764,-31.0112,11.5918,-31.0112,-0.5212,failed_base
val,5,G,2025-02-17,13:40,NIFTY,2025-02-20,CE,22800,ATM,3,False,22968.0900,264.1000,184.5000,240.2500,0.0000,0.0000,2.1770,1.5490,240.2500,1,,,0.4650,0.1991,0.6591,-26.9423,61.4905,25.0378,,10.0000,-11.4729,-11.6588,12.8171,-15.4298,12.8171,-15.4298,-0.1566,failed_base
val,5,G,2025-02-19,12:05,NIFTY,2025-02-20,CE,22800,ITM1,1,False,23030.7000,256.2000,186.7500,241.1000,0.0000,0.0000,1.4130,1.0910,241.1000,1,,,0.3782,0.1994,0.8179,-25.3572,47.4967,20.6571,,20.0000,-16.1202,-15.2400,7.5137,-18.5988,7.5137,-48.4778,-0.2047,failed_base
val,5,G,2025-02-20,13:55,NIFTY,2025-02-20,CE,22800,ITM1,0,False,22919.0000,121.8500,99.0000,119.4500,0.0000,0.0000,2.3150,2.1240,119.4500,1,,,0.0725,0.2707,0.9240,-2.8498,30.0000,18.9588,,5.0000,-13.9516,-4.5052,0.4103,-20.4350,0.4103,-20.4350,-0.0665,failed_base
val,5,G,2025-02-19,14:25,NIFTY,2025-02-20,PE,22800,OTM1,1,False,22903.3300,48.9500,27.0000,39.8000,0.0000,0.0000,2.3870,2.9710,39.8000,1,,,-0.2418,0.1876,-0.3243,-48.6950,125.3704,40.1808,,15.0000,-29.8264,-25.7258,24.3105,-32.4821,24.3105,-39.0194,0.1350,failed_base
val,5,G,2025-02-17,10:45,NIFTY,2025-02-20,CE,22900,OTM1,3,False,22967.8000,204.4000,118.3500,162.5000,0.0000,0.0000,1.5830,3.4880,162.5000,1,,,0.5764,0.1967,0.5671,-28.3073,79.0875,26.6336,,10.0000,-31.9472,-40.9759,3.6937,-34.1977,12.3288,-34.7358,-0.5212,failed_base
val,5,G,2025-02-17,13:40,NIFTY,2025-02-20,CE,22900,OTM1,3,False,22968.0900,200.0000,133.4000,180.1000,0.0000,0.0000,2.9430,2.0030,180.1000,1,,,0.4323,0.1950,0.5691,-28.7018,72.1139,27.8746,,10.0000,-13.3750,-13.6917,14.8000,-17.2000,14.8000,-17.2000,-0.1566,failed_base
val,5,G,2025-02-19,12:05,NIFTY,2025-02-20,CE,22900,ATM,1,False,23030.7000,177.8500,122.4000,163.4000,0.0000,0.0000,1.3640,1.2710,163.4000,1,,,0.3782,0.1934,0.7023,-44.5258,57.0670,24.4213,,20.0000,-20.2418,-21.2743,8.0967,-22.7439,8.0967,-57.0987,-0.2047,failed_base
val,5,G,2025-02-14,13:05,NIFTY,2025-02-20,PE,22900,OTM2,6,True,22834.1500,214.5500,143.7500,203.6500,0.0000,0.0000,1.8900,0.9040,203.6500,1,,,-0.3988,0.1526,-0.5535,-15.1762,57.1826,19.4069,,5.0000,-15.3344,-17.2539,1.2818,-19.2263,3.4724,-44.6982,0.2371,failed_base
val,5,G,2025-02-19,14:25,NIFTY,2025-02-20,PE,22900,ATM,1,False,22903.3300,87.9500,52.8500,72.4500,0.0000,0.0000,2.6700,3.7030,72.4500,1,,,-0.2418,0.1833,-0.4920,-70.9432,100.2838,37.9310,,15.0000,-23.7635,-19.8237,20.3525,-25.2985,20.3525,-32.3479,0.1350,failed_base
val,5,G,2025-02-14,14:40,NIFTY,2025-02-20,CE,23000,ITM1,6,True,22955.7600,148.8000,103.5500,131.7000,0.0000,0.0000,3.3040,2.6590,131.7000,1,,,0.5245,0.1444,0.4619,-14.6105,76.9676,,,10.0000,-2.5538,10.4733,23.1519,-6.7540,23.1519,-10.3159,0.0133,session_end
val,5,G,2025-02-17,10:45,NIFTY,2025-02-20,CE,23000,OTM2,3,False,22967.8000,149.7500,82.3500,116.7500,0.0000,0.0000,1.3170,2.7200,116.7500,1,,,0.5764,0.1928,0.4724,-28.1436,91.1961,29.6285,,10.0000,-33.9900,-44.5066,5.1419,-36.4608,14.6244,-37.4290,-0.5212,failed_base
val,5,G,2025-02-17,13:40,NIFTY,2025-02-20,CE,23000,OTM2,3,False,22968.0900,146.2500,93.7000,131.0000,0.0000,0.0000,3.1100,1.8760,131.0000,1,,,0.4650,0.1922,0.4719,-28.7249,83.1910,27.8765,,10.0000,-15.4872,-14.9045,17.3675,-20.1368,17.3675,-20.1368,-0.1566,failed_base
val,5,G,2025-02-19,12:05,NIFTY,2025-02-20,CE,23000,OTM1,1,False,23030.7000,111.7000,73.3000,100.7000,0.0000,0.0000,1.7680,1.4230,100.7000,1,,,0.3782,0.1861,0.5529,-60.4095,69.0996,30.0524,,20.0000,-24.0824,-25.1234,10.9669,-26.4996,10.9669,-64.9060,-0.2047,failed_base
val,5,G,2025-02-14,12:15,NIFTY,2025-02-20,PE,23000,OTM1,6,True,22874.3200,248.0000,190.7500,247.5500,0.0000,0.0000,0.6520,1.1910,247.5500,1,,,-0.0383,0.1504,-0.6062,-14.4884,50.2228,20.7817,,55.0000,-2.2177,0.6959,5.2621,-11.6935,15.5444,-35.4839,0.0107,failed_base
val,5,G,2025-02-19,14:25,NIFTY,2025-02-20,PE,23000,ITM1,1,False,22903.3300,144.7500,94.9000,122.4000,0.0000,0.0000,1.6620,3.0750,122.4000,1,,,-0.2418,0.1799,-0.6673,-47.7902,76.2908,29.8267,,15.0000,-17.2021,-13.7546,15.5786,-18.8946,15.5786,-25.3886,0.1350,failed_base
val,5,G,2025-02-24,13:45,NIFTY,2025-02-27,PE,22400,OTM2,3,False,22584.0400,46.9500,34.8500,42.6500,0.0000,0.0000,1.8020,2.9250,42.6500,1,,,-0.1533,0.1416,-0.2622,-16.3606,45.0502,23.9367,,0.0000,-14.2705,-21.6518,6.3898,-19.5953,6.3898,-39.9361,0.0552,failed_base
val,5,G,2025-02-24,11:50,NIFTY,2025-02-27,CE,22500,ITM1,3,False,22663.9800,221.0000,180.1000,200.0000,0.0000,0.0000,2.3450,2.8620,200.0000,1,,,0.2269,0.1457,0.7060,-17.7622,25.5414,15.6789,,5.0000,-16.0860,-20.4060,1.2896,-19.9548,1.2896,-29.8190,-0.2037,failed_base
val,5,G,2025-02-24,13:45,NIFTY,2025-02-27,PE,22500,OTM1,3,False,22584.0400,75.8500,57.4500,69.6000,0.0000,0.0000,2.3010,3.3900,69.6000,1,,,-0.1533,0.1369,-0.3807,-19.1110,40.2959,21.0918,,0.0000,-11.7996,-20.3820,5.4713,-16.7436,5.4713,-37.9697,0.0552,failed_base
val,5,G,2025-02-24,11:50,NIFTY,2025-02-27,CE,22600,ATM,3,False,22663.9800,152.3000,121.0000,137.0500,0.0000,0.0000,2.5160,3.2470,137.0500,1,,,0.2269,0.1402,0.5881,-19.8216,30.1653,19.7778,,5.0000,-19.2383,-23.8478,1.0834,-23.5719,1.0834,-36.3427,-0.2037,failed_base
val,5,G,2025-02-24,13:45,NIFTY,2025-02-27,PE,22600,ATM,3,False,22584.0400,116.6500,90.8000,107.8000,0.0000,0.0000,1.4680,2.4720,107.8000,1,,,-0.1533,0.1313,-0.5207,-19.3255,37.5551,19.5356,,0.0000,-9.5585,-18.2573,4.3292,-13.5448,4.3292,-34.5049,0.0552,failed_base
val,5,G,2025-02-27,12:05,NIFTY,2025-02-27,PE,22600,ATM,0,False,22535.8000,68.0000,42.1500,65.6000,0.0000,0.0000,1.3010,0.7790,65.6000,1,,,-0.0796,0.1289,-0.8679,-3.8035,70.1068,21.4784,,40.0000,-0.9559,11.4562,3.6029,-15.7353,5.4412,-35.3676,-0.0011,failed_base
val,5,G,2025-02-24,11:50,NIFTY,2025-02-27,CE,22700,OTM1,3,False,22663.9800,94.8000,73.5000,85.8500,0.0000,0.0000,2.8960,3.0540,85.8500,1,,,0.2269,0.1331,0.4511,-19.2238,34.5578,17.5935,,5.0000,-22.9430,-26.6035,1.2658,-27.4262,1.2658,-43.8819,-0.2037,failed_base
val,5,G,2025-02-21,13:10,NIFTY,2025-02-27,PE,22700,OTM2,6,True,22805.4600,106.5000,83.9500,105.4500,0.0000,0.0000,0.9320,2.8910,105.4500,1,,,-0.1044,0.1309,-0.3884,-12.6017,38.1179,15.9120,,0.0000,16.2441,15.0034,17.3709,-6.9484,17.7934,-21.3146,-0.1642,failed_base
val,5,G,2025-02-24,13:45,NIFTY,2025-02-27,PE,22700,ITM1,3,False,22584.0400,172.4000,138.3000,159.4500,0.0000,0.0000,1.3830,2.3930,159.4500,1,,,-0.1533,0.1260,-0.6687,-16.5222,31.9595,16.7123,,0.0000,-6.9896,-13.2693,4.2053,-10.2668,4.2053,-29.3794,0.0552,failed_base
val,5,G,2025-02-27,11:45,NIFTY,2025-02-27,PE,22700,ITM1,0,False,22543.8000,158.7000,133.8000,158.1500,0.0000,0.0000,0.5370,0.9170,158.1500,1,,,-0.0519,0.2130,-0.9412,-2.4984,27.4664,9.4400,,60.0000,1.1027,1.1043,6.9943,-3.9382,7.4669,-9.4833,-0.0113,failed_base
val,5,G,2025-02-21,14:25,NIFTY,2025-02-27,CE,22800,ITM1,6,True,22829.5300,160.4000,136.7500,159.8500,0.0000,0.0000,1.2030,1.6940,159.8500,1,,,0.0724,0.1241,0.5349,-12.4783,21.0603,15.2220,,35.0000,-3.0860,-6.1565,3.2107,-8.0112,3.2107,-12.5000,-0.0221,failed_base
val,5,G,2025-02-24,11:50,NIFTY,2025-02-27,CE,22800,OTM2,3,False,22663.9800,54.9000,42.0000,50.2000,0.0000,0.0000,2.8660,2.9170,50.2000,1,,,0.2269,0.1303,0.3125,-16.4349,38.0952,21.7241,,5.0000,-25.1366,-28.5421,1.6393,-29.6903,1.6393,-48.8160,-0.2037,failed_base
val,5,G,2025-02-21,13:10,NIFTY,2025-02-27,PE,22800,OTM1,6,True,22805.4600,149.8000,119.8500,146.6000,0.0000,0.0000,0.7110,2.6210,146.6000,1,,,-0.1044,0.1299,-0.4904,-13.0401,45.8490,21.6247,,40.0000,13.6515,12.4991,14.9533,-6.0748,16.6889,-18.5915,-0.1642,failed_base
val,5,G,2025-03-05,11:40,NIFTY,2025-03-06,CE,22100,ATM,1,False,22332.8400,252.2000,171.5000,212.1500,0.0000,0.0000,1.7600,0.7770,212.1500,1,,,0.3180,0.1860,0.8424,-19.2770,82.1283,32.7517,,60.0000,10.2300,16.7662,16.9707,-4.5400,23.8501,-16.7129,0.1223,stalled
val,5,G,2025-02-28,12:40,NIFTY,2025-03-06,PE,22100,OTM2,6,True,22225.7200,84.1000,51.4500,70.2000,0.0000,0.0000,5.5020,2.6260,70.2000,1,,,-0.3452,0.1206,-0.3549,-10.9387,151.9922,,,30.0000,45.4816,38.3813,54.1617,-4.7562,54.1617,-4.7562,-0.3043,session_end
val,5,G,2025-02-28,14:50,NIFTY,2025-03-06,CE,22200,ITM1,6,True,22210.2600,150.7000,127.3000,145.5000,0.0000,0.0000,4.3230,2.3840,145.5000,1,,,0.1533,0.1280,0.5139,-12.5873,27.6119,16.4666,,5.0000,-5.3086,-4.7893,3.3179,-9.9536,3.3179,-12.5415,-0.0838,failed_base
val,5,G,2025-03-03,12:20,NIFTY,2025-03-06,CE,22200,ITM1,3,False,22106.3400,79.6500,60.8500,77.2500,0.0000,0.0000,1.6930,1.3740,77.2500,1,,,0.1552,0.1475,0.3809,-19.9200,96.5489,37.2910,,35.0000,48.0854,40.7584,50.1569,-3.2015,60.4520,-5.8380,0.3829,stalled
val,5,G,2025-03-05,11:45,NIFTY,2025-03-06,CE,22200,OTM1,1,False,22336.6400,170.9000,113.0500,136.8000,0.0000,0.0000,0.8090,1.6320,136.8000,1,,,0.3095,0.1717,0.7386,-32.9115,98.7174,40.3294,,55.0000,14.4529,20.4970,22.2352,-2.4576,31.4511,-22.5863,0.1138,failed_base
val,5,G,2025-02-28,12:40,NIFTY,2025-03-06,PE,22200,OTM1,6,True,22225.7200,123.5500,79.0500,104.2500,0.0000,0.0000,4.3220,2.2220,104.2500,1,,,-0.3858,0.1187,-0.4664,-11.5549,125.8065,,,30.0000,37.1105,32.1331,44.4759,-3.7637,44.4759,-3.7637,-0.3043,session_end
val,5,G,2025-02-28,14:50,NIFTY,2025-03-06,CE,22300,ATM,6,True,22210.2600,102.9000,85.4000,99.5000,0.0000,0.0000,3.6980,2.4360,99.5000,1,,,0.1533,0.1257,0.4041,-11.9907,30.6792,17.7419,,5.0000,-5.8309,-4.9001,3.5957,-10.7872,3.5957,-13.7998,-0.0838,failed_base
val,5,G,2025-03-03,12:20,NIFTY,2025-03-06,CE,22300,ATM,3,False,22106.3400,46.4500,34.8500,45.5500,0.0000,0.0000,1.6860,1.0720,45.5500,1,,,0.1552,0.1451,0.2603,-16.1356,115.6385,43.6460,,35.0000,57.2659,46.9098,61.7869,-3.4446,70.0753,-8.8267,0.3829,failed_base
val,5,G,2025-03-05,11:45,NIFTY,2025-03-06,CE,22300,OTM2,1,False,22336.6400,100.2000,58.7000,74.7000,0.0000,0.0000,1.5130,3.0110,74.7000,1,,,0.3095,0.1608,0.5736,-48.7265,149.9148,50.5794,,55.0000,22.3054,22.8118,34.6806,-3.1437,46.4072,-28.5429,0.1138,failed_base
val,5,G,2025-03-06,13:55,NIFTY,2025-03-06,CE,22300,ITM1,0,False,22505.1000,206.8500,129.2000,190.4000,0.0000,0.0000,0.6790,0.6140,190.4000,1,,,0.2684,0.3835,0.9623,-1.7487,,,,,-0.9669,3.4368,9.5963,-6.2122,21.1506,-7.6142,-0.0064,session_end
val,5,G,2025-02-28,12:40,NIFTY,2025-03-06,PE,22300,ATM,6,True,22225.7200,174.0500,117.7000,149.1000,0.0000,0.0000,2.8780,1.9030,149.1000,1,,,-0.3858,0.1164,-0.5840,-11.0817,100.9346,,,30.0000,30.4510,25.3090,35.8805,-3.2749,35.8805,-3.2749,-0.3043,session_end
val,5,G,2025-02-28,14:50,NIFTY,2025-03-06,CE,22400,OTM1,6,True,22210.2600,65.0000,53.1000,63.4000,0.0000,0.0000,3.9080,2.4650,63.4000,1,,,0.1533,0.1224,0.2967,-10.3188,36.4407,20.7039,,5.0000,-6.4615,-7.7924,3.8462,-11.6154,3.8462,-15.3846,-0.0838,failed_base
val,5,G,2025-03-03,12:20,NIFTY,2025-03-06,CE,22400,OTM1,3,False,22106.3400,26.9500,20.4000,26.4000,0.0000,0.0000,1.4010,1.0800,26.4000,1,,,0.1552,0.1474,0.1685,-12.0518,115.9314,43.9274,,35.0000,58.6271,47.9205,63.4508,-4.4527,66.4193,-17.4397,0.3829,failed_base
val,5,G,2025-03-06,13:55,NIFTY,2025-03-06,CE,22400,ATM,0,False,22505.1000,109.6000,50.7000,100.6000,0.0000,0.0000,0.7830,0.7460,100.6000,1,,,0.2684,0.2830,0.8911,-4.4987,,,,,-2.5547,4.7418,17.6095,-10.4015,37.8193,-14.0967,-0.0064,session_end
val,5,G,2025-02-28,12:40,NIFTY,2025-03-06,PE,22400,ITM1,6,True,22225.7200,237.6500,168.6000,206.0500,0.0000,0.0000,3.1920,2.2160,206.0500,1,,,-0.3858,0.1154,-0.6961,-9.7271,81.8209,,,30.0000,24.5529,22.2716,28.9922,-2.9245,28.9922,-2.9245,-0.3043,session_end
val,5,G,2025-02-28,14:55,NIFTY,2025-03-06,CE,22500,OTM2,6,True,22206.5100,38.6500,32.8500,38.4000,0.0000,0.0000,1.9500,3.9210,38.4000,1,,,0.1686,0.1211,0.2014,-8.1419,30.5936,18.0653,,0.0000,-8.9263,-4.2524,1.4230,-13.8422,1.4230,-17.2057,-0.1254,failed_base
val,5,G,2025-03-03,12:20,NIFTY,2025-03-06,CE,22500,OTM2,3,False,22106.3400,15.4000,12.1000,15.2500,0.0000,0.0000,1.5120,1.1290,15.2500,1,,,0.1552,0.1510,0.1048,-8.3432,111.1570,45.2055,,35.0000,59.0909,48.8566,65.9091,-4.2208,65.9091,-18.8312,0.3829,failed_base
val,5,G,2025-03-06,12:55,NIFTY,2025-03-06,CE,22500,OTM1,0,False,22464.9500,26.5000,5.3500,16.4500,0.0000,0.0000,3.0790,1.0940,16.4500,1,,,0.4496,0.2708,0.3696,-26.5000,572.8972,69.1667,,5.0000,-38.1132,-43.3533,2.8302,-70.1887,92.2642,-70.1887,0.0298,failed_base
val,5,G,2025-03-06,14:50,NIFTY,2025-03-06,CE,22500,OTM1,0,False,22535.5500,38.9000,12.4500,36.7500,0.0000,0.0000,0.7480,1.3250,36.7500,1,,,0.2386,0.1890,0.8311,-3.3493,,,,,16.0668,23.7774,30.9769,-27.8920,30.9769,-27.8920,0.0422,session_end
val,5,G,2025-03-11,11:05,NIFTY,2025-03-13,CE,22400,OTM1,2,False,22512.5400,186.8000,101.5500,147.1000,0.0000,0.0000,0.9840,0.8990,147.1000,1,,,0.4429,0.1767,0.6453,-29.4404,89.0694,29.7135,,10.0000,-30.5407,-29.8607,2.7837,-31.2099,2.7837,-31.5310,-0.3748,failed_base
val,5,G,2025-03-11,12:45,NIFTY,2025-03-13,CE,22400,OTM1,2,False,22477.5900,157.6500,127.9000,153.4500,0.0000,0.0000,1.0440,0.8570,153.4500,1,,,0.1442,0.1684,0.6085,-29.8744,26.4660,14.9923,,5.0000,-11.7031,-8.4474,0.2854,-13.7012,18.5220,-14.8747,-0.1177,failed_base
val,5,G,2025-03-11,14:00,NIFTY,2025-03-13,CE,22400,OTM1,2,False,22501.9400,169.3500,134.2000,161.7500,0.0000,0.0000,1.1950,1.2270,161.7500,1,,,0.1083,0.1650,0.6449,-28.5276,39.2325,17.1528,,35.0000,5.1078,3.3798,10.3336,-6.9383,10.3336,-10.9536,0.0626,failed_base
val,5,G,2025-03-12,13:10,NIFTY,2025-03-13,CE,22400,ITM1,1,False,22381.4000,61.9500,42.8000,59.0000,0.0000,0.0000,1.3950,1.3040,59.0000,1,,,0.1742,0.1447,0.4598,-48.8623,122.7804,31.9350,,30.0000,15.3349,13.2045,53.9144,-10.9766,105.4076,-10.9766,0.1045,next_wave
val,5,G,2025-03-07,12:15,NIFTY,2025-03-13,PE,22400,OTM2,6,True,22547.2000,86.0500,57.5000,84.7000,0.0000,0.0000,1.8240,1.3070,84.7000,1,,,-0.1870,0.1276,-0.3426,-11.5568,66.4348,25.8621,,10.0000,-20.0465,-21.4791,11.2144,-24.3463,11.2144,-35.3283,0.2264,failed_base
val,5,G,2025-03-10,12:15,NIFTY,2025-03-13,PE,22400,OTM2,3,False,22592.9500,50.9500,37.5000,50.5000,0.0000,0.0000,1.0620,1.1020,50.5000,1,,,-0.1254,0.1495,-0.2655,-17.2191,52.5333,20.2797,,10.0000,-1.8646,-0.9058,12.2669,-12.2669,121.6879,-19.5289,-0.0229,failed_base
val,5,G,2025-03-10,13:55,NIFTY,2025-03-13,PE,22400,OTM2,3,False,22543.1200,60.3000,41.0000,53.2000,0.0000,0.0000,2.6760,4.1780,53.2000,1,,,-0.1927,0.1441,-0.3123,-18.3890,63.6585,22.3547,116.7946,5.0000,41.5423,28.4884,50.6633,-13.5987,87.3134,-13.5987,-0.2823,next_wave
val,5,G,2025-03-12,11:45,NIFTY,2025-03-13,PE,22400,OTM1,1,False,22350.9700,100.2000,53.7500,86.4500,0.0000,0.0000,1.2090,1.8600,86.4500,1,,,-0.3733,0.1455,-0.6038,-41.9923,109.5814,25.2108,,20.0000,-8.2335,-7.9959,12.4251,-9.1317,12.4251,-70.9082,0.0548,failed_base
val,5,G,2025-03-07,14:35,NIFTY,2025-03-13,CE,22500,ITM1,6,True,22616.8200,208.4500,164.3500,195.6000,0.0000,0.0000,1.6230,1.0110,195.6000,1,,,0.1656,0.1233,0.6303,-11.6049,31.7311,12.4249,,20.0000,-7.1240,-6.7251,3.8618,-9.0429,3.8618,-15.3514,-0.0963,failed_base
val,5,G,2025-03-11,12:45,NIFTY,2025-03-13,CE,22500,OTM2,2,False,22477.5900,100.4000,78.9500,97.8000,0.0000,0.0000,1.4050,1.0930,97.8000,1,,,0.1442,0.1630,0.4703,-30.3309,31.2856,18.2344,,5.0000,-14.6912,-12.1442,0.4980,-17.1315,22.4104,-18.2769,-0.1177,failed_base
val,5,G,2025-03-11,14:00,NIFTY,2025-03-13,CE,22500,OTM2,2,False,22501.9400,108.4500,82.0500,103.6500,0.0000,0.0000,1.9740,1.9110,103.6500,1,,,0.1083,0.1593,0.5051,-30.3217,49.7867,22.1318,,35.0000,6.2702,10.3859,13.3241,-8.9903,13.3241,-14.8917,0.0626,failed_base
val,5,G,2025-03-12,13:10,NIFTY,2025-03-13,CE,22500,ATM,1,False,22381.4000,28.5000,18.7500,26.7500,0.0000,0.0000,1.3860,1.3140,26.7500,1,,,0.1742,0.1487,0.2597,-28.2166,156.0000,38.3333,,30.0000,17.5439,20.3269,68.4211,-12.6316,129.4737,-12.6316,0.1045,next_wave
val,5,G,2025-03-07,12:10,NIFTY,2025-03-13,PE,22500,OTM1,6,True,22548.9100,123.8000,82.9500,113.0500,0.0000,0.0000,1.1430,2.1810,113.0500,1,,,-0.3987,0.1262,-0.4435,-12.3598,63.2911,23.6619,,15.0000,-16.9628,-18.0167,9.4103,-22.6575,9.4103,-32.5929,0.1963,failed_base
val,5,G,2025-03-10,12:15,NIFTY,2025-03-13,PE,22500,OTM1,3,False,22592.9500,82.0000,61.9000,80.7500,0.0000,0.0000,1.3440,1.2760,80.7500,1,,,-0.1254,0.1475,-0.3787,-20.3136,46.8498,18.7019,,10.0000,-1.0976,0.1722,10.8537,-10.2439,100.4268,-16.4634,-0.0229,failed_base
val,5,G,2025-03-10,13:50,NIFTY,2025-03-13,PE,22500,OTM1,3,False,22537.1200,100.3000,68.5000,85.2000,0.0000,0.0000,4.0030,1.3150,85.2000,1,,,-0.2243,0.1432,-0.4472,-20.8803,54.5255,18.5640,,10.0000,16.0518,7.0606,16.7498,-14.0578,63.8584,-14.0578,-0.1491,next_wave
val,5,G,2025-03-12,11:45,NIFTY,2025-03-13,PE,22500,ATM,1,False,22350.9700,171.5500,103.3000,150.7000,0.0000,0.0000,0.8800,1.3510,150.7000,1,,,-0.3733,0.1480,-0.7861,-22.1577,81.7522,22.8762,,20.0000,-5.5669,-6.4437,9.4433,-6.2081,9.4433,-61.4690,0.0548,failed_base
val,5,G,2025-03-13,14:40,NIFTY,2025-03-13,PE,22500,ATM,0,False,22402.1000,98.8000,62.0500,98.4500,0.0000,0.0000,0.6160,0.7970,98.4500,1,,,-0.1411,0.2553,-0.9600,-0.9000,,,,,6.5283,11.7840,12.7024,-5.8198,12.7024,-5.8198,-0.0321,session_end
val,5,G,2025-03-07,14:35,NIFTY,2025-03-13,CE,22600,ATM,6,True,22616.8200,148.0000,108.0500,137.7500,0.0000,0.0000,1.8140,1.2000,137.7500,1,,,0.1713,0.1203,0.5217,-12.0290,42.0639,14.2671,,20.0000,-10.7432,3.0610,3.7162,-11.0811,3.7162,-18.2432,-0.0963,failed_base
val,5,G,2025-03-12,13:10,NIFTY,2025-03-13,CE,22600,OTM1,1,False,22381.4000,12.7000,8.4500,12.0000,0.0000,0.0000,1.6400,1.4540,12.0000,1,,,0.1742,0.1576,0.1313,-12.6989,164.4970,40.9396,110.2273,30.0000,18.8976,20.8640,75.9843,-15.3543,118.5039,-15.3543,0.1045,next_wave
val,5,G,2025-03-07,12:10,NIFTY,2025-03-13,PE,22600,ATM,6,True,22548.9100,170.8000,117.5000,157.1000,0.0000,0.0000,0.6400,1.6520,157.1000,1,,,-0.3987,0.1233,-0.5525,-12.0747,58.0000,21.0342,,15.0000,-14.8712,-17.3743,8.6944,-19.9649,8.6944,-29.1569,0.1963,failed_base
val,5,G,2025-03-10,12:10,NIFTY,2025-03-13,PE,22600,ATM,3,False,22590.7900,126.0500,96.8000,122.0000,0.0000,0.0000,1.3700,1.8890,122.0000,1,,,-0.1349,0.1453,-0.5091,-21.1547,40.5992,16.0176,,15.0000,-5.7517,-4.4376,7.9730,-9.4407,79.9286,-14.3197,0.0264,failed_base
val,5,G,2025-03-10,13:50,NIFTY,2025-03-13,PE,22600,ATM,3,False,22537.1200,150.4000,108.0000,130.6500,0.0000,0.0000,2.8470,1.2090,130.6500,1,,,-0.2243,0.1409,-0.5825,-20.1993,45.2778,15.4238,,10.0000,13.6968,4.6260,14.2620,-11.7686,50.7979,-11.7686,-0.1491,next_wave
val,5,G,2025-03-12,11:45,NIFTY,2025-03-13,PE,22600,ITM1,1,False,22350.9700,259.2500,173.2500,235.0500,0.0000,0.0000,0.8270,1.2730,235.0500,1,,,-0.3733,0.1583,-0.8921,-10.2193,60.0000,17.6407,,20.0000,-3.9151,-9.2158,6.9238,-4.6287,6.9238,-50.2411,0.0548,failed_base
val,5,G,2025-03-13,14:55,NIFTY,2025-03-13,PE,22600,ITM1,0,False,22397.5500,202.8500,158.7500,198.8500,0.0000,0.0000,0.6570,0.6400,198.8500,1,,,-0.1614,0.4934,-0.9872,-0.3995,,,,,-0.5176,1.4246,4.1656,-1.4296,4.1656,-1.4296,0.0049,session_end
val,5,G,2025-03-07,14:40,NIFTY,2025-03-13,CE,22700,OTM1,6,True,22606.7500,91.8000,69.3000,90.9000,0.0000,0.0000,1.6770,1.8500,90.9000,1,,,0.0877,0.1148,0.3926,-11.0422,47.7633,17.2852,,15.0000,-6.1547,-7.8719,11.5468,-9.8039,11.5468,-15.9041,-0.0493,failed_base
val,5,G,2025-03-12,13:20,NIFTY,2025-03-13,CE,22700,OTM2,1,False,22421.4200,7.7500,4.1000,5.5500,0.0000,0.0000,4.9180,1.6880,5.5500,1,,,0.3534,0.1638,0.0846,-7.7500,140.2439,41.6244,,20.0000,-9.6774,-17.6812,27.0968,-25.8065,43.2258,-25.8065,-0.0323,next_wave
val,5,G,2025-03-07,12:05,NIFTY,2025-03-13,PE,22700,ITM1,6,True,22554.5100,223.8500,162.6000,210.9500,0.0000,0.0000,1.6220,0.9420,210.9500,1,,,-0.3740,0.1191,-0.6578,-10.7340,51.4453,18.3756,,20.0000,-8.1751,-5.1989,10.0067,-10.2077,10.0067,-24.2797,0.1260,failed_base
val,5,G,2025-03-10,12:10,NIFTY,2025-03-13,PE,22700,ITM1,3,False,22590.7900,181.2000,144.0000,176.4500,0.0000,0.0000,1.0270,1.5160,176.4500,1,,,-0.1349,0.1418,-0.6403,-19.0710,35.6250,13.7993,,15.0000,-4.1391,-5.6388,7.7815,-7.1468,66.6667,-10.9272,0.0264,failed_base
val,5,G,2025-03-10,13:50,NIFTY,2025-03-13,PE,22700,ITM1,3,False,22537.1200,213.5000,161.4000,190.1500,0.0000,0.0000,2.4710,1.0680,190.1500,1,,,-0.2243,0.1380,-0.7128,-16.7280,37.5465,13.0405,,10.0000,11.8501,5.1755,12.5761,-9.5785,41.4520,-9.5785,-0.1491,next_wave
val,5,G,2025-03-07,14:50,NIFTY,2025-03-13,CE,22800,OTM2,6,True,22622.0800,59.6000,40.9500,54.9500,0.0000,0.0000,1.8040,1.3800,54.9500,1,,,0.1556,0.1114,0.2942,-9.5233,51.6484,20.2093,,5.0000,-19.2114,-16.2358,3.8591,-22.4832,3.8591,-25.1678,-0.2065,failed_base
val,5,G,2025-03-17,12:35,NIFTY,2025-03-20,PE,22300,OTM2,3,False,22468.5800,56.3000,34.5500,45.8000,0.0000,0.0000,2.0650,3.0800,45.8000,1,,,-0.2352,0.1485,-0.2892,-17.9288,81.1867,29.7125,,10.0000,-13.2327,-11.5489,11.1901,-13.8544,11.1901,-39.3428,0.0886,failed_base
val,5,G,2025-03-17,11:45,NIFTY,2025-03-20,CE,22400,ITM1,3,False,22547.7700,208.5000,166.3000,196.8500,0.0000,0.0000,0.8990,1.6850,196.8500,1,,,0.2797,0.1447,0.6895,-18.0626,30.8479,13.4191,,5.0000,-5.1319,-4.3394,1.1990,-14.5324,1.6787,-27.7938,-0.0561,failed_base
val,5,G,2025-03-17,13:35,NIFTY,2025-03-20,CE,22400,ITM1,3,False,22500.4000,175.4500,150.5500,174.8000,0.0000,0.0000,0.7710,1.2330,174.8000,1,,,0.0287,0.1442,0.6343,-19.6925,40.8170,,,40.0000,11.2853,9.4072,16.0730,-6.0986,20.8321,-6.0986,0.1290,session_end
val,5,G,2025-03-17,12:35,NIFTY,2025-03-20,PE,22400,OTM1,3,False,22468.5800,89.9500,57.4500,75.5000,0.0000,0.0000,1.8720,3.0110,75.5000,1,,,-0.2352,0.1465,-0.4079,-20.6131,71.1923,27.1988,,10.0000,-12.0623,-11.3910,9.3385,-12.5069,9.3385,-36.4091,0.0886,failed_base
val,5,G,2025-03-18,12:35,NIFTY,2025-03-20,PE,22400,OTM2,2,False,22735.7100,21.8000,17.7000,20.6000,0.0000,0.0000,2.3880,1.2430,20.6000,1,,,-0.1449,0.1797,-0.1372,-15.1173,34.7458,20.3354,,15.0000,-20.4128,-16.5788,9.4037,-23.8532,9.4037,-56.4220,0.1304,failed_base
val,5,G,2025-03-17,11:45,NIFTY,2025-03-20,CE,22500,ATM,3,False,22547.7700,143.8000,109.2500,133.6500,0.0000,0.0000,1.2490,2.1880,133.6500,1,,,0.2797,0.1418,0.5662,-20.1963,38.2151,16.1589,,5.0000,-6.2935,-5.9882,1.1822,-17.9416,1.5647,-32.1627,-0.0561,failed_base
val,5,G,2025-03-17,14:00,NIFTY,2025-03-20,CE,22500,ATM,3,False,22536.8700,136.4500,97.5500,119.4000,0.0000,0.0000,2.1610,1.0470,119.4000,1,,,0.2541,0.1424,0.5522,-20.7813,49.7181,,,15.0000,-5.2034,-4.8163,7.0355,-6.7790,7.0355,-15.9399,-0.0462,session_end
val,5,G,2025-03-17,12:35,NIFTY,2025-03-20,PE,22500,ATM,3,False,22468.5800,135.5500,90.8500,117.6500,0.0000,0.0000,1.2040,2.4260,117.6500,1,,,-0.2352,0.1438,-0.5389,-20.7686,60.3742,23.8161,,10.0000,-10.1807,-9.8329,7.4880,-10.6972,7.4880,-32.7923,0.0886,failed_base
val,5,G,2025-03-18,12:35,NIFTY,2025-03-20,PE,22500,OTM1,2,False,22735.7100,35.4500,28.0000,34.0000,0.0000,0.0000,2.2560,1.7540,34.0000,1,,,-0.1449,0.1710,-0.2100,-20.7364,39.8214,19.6679,,15.0000,-20.4513,-18.1097,10.4372,-24.1185,10.4372,-57.4048,0.1304,failed_base
val,5,G,2025-03-17,11:45,NIFTY,2025-03-20,CE,22600,OTM1,3,False,22547.7700,90.7000,65.9500,83.4000,0.0000,0.0000,1.5550,1.9910,83.4000,1,,,0.2797,0.1373,0.4304,-19.5288,46.6262,19.9069,,5.0000,-6.8908,-4.8559,1.9846,-21.2789,1.9846,-36.5491,-0.0561,failed_base
val,5,G,2025-03-17,14:00,NIFTY,2025-03-20,CE,22600,OTM1,3,False,22536.8700,84.8000,57.5500,72.4500,0.0000,0.0000,2.4680,0.9990,72.4500,1,,,0.2541,0.1378,0.4145,-19.7565,60.7298,,,15.0000,-5.3656,-4.8484,9.0802,-7.4292,9.0802,-19.3396,-0.0462,session_end
val,5,G,2025-03-17,12:35,NIFTY,2025-03-20,PE,22600,ITM1,3,False,22468.5800,194.3500,137.3000,171.9500,0.0000,0.0000,1.3610,2.4110,171.9500,1,,,-0.2352,0.1410,-0.6699,-18.1897,49.9272,20.0389,,10.0000,-8.6442,-7.3889,5.9172,-9.2616,5.9172,-29.2514,0.0886,failed_base
val,5,G,2025-03-18,12:35,NIFTY,2025-03-20,PE,22600,ATM,2,False,22735.7100,56.1000,44.6000,54.6000,0.0000,0.0000,2.9410,1.8740,54.6000,1,,,-0.1449,0.1610,-0.3106,-25.7287,41.7040,17.9589,,15.0000,-17.3797,-20.3153,12.6560,-20.4100,12.6560,-56.2389,0.1304,failed_base
val,5,G,2025-03-17,11:45,NIFTY,2025-03-20,CE,22700,OTM2,3,False,22547.7700,51.6000,35.2500,46.5000,0.0000,0.0000,1.7070,2.1000,46.5000,1,,,0.2797,0.1330,0.2952,-16.1743,58.8652,24.4643,,5.0000,-7.9457,-5.9721,2.3256,-25.0000,2.3256,-42.3450,-0.0561,failed_base
val,5,G,2025-03-17,14:05,NIFTY,2025-03-20,CE,22700,OTM2,3,False,22529.4100,44.4000,29.7500,38.4000,0.0000,0.0000,1.4050,2.5290,38.4000,1,,,0.2209,0.1322,0.2684,-15.4613,75.4622,,,10.0000,1.5766,12.1209,17.5676,-11.8243,17.5676,-18.8063,0.0107,session_end
val,5,G,2025-03-18,12:35,NIFTY,2025-03-20,PE,22700,ITM1,2,False,22735.7100,89.5000,69.5000,84.6000,0.0000,0.0000,3.0220,2.0120,84.6000,1,,,-0.1449,0.1540,-0.4443,-28.6719,40.8633,14.6578,,20.0000,-17.3743,-19.1247,9.3855,-19.6648,9.3855,-54.7486,0.1304,failed_base
val,5,G,2025-03-21,12:30,NIFTY,2025-03-27,CE,23300,OTM1,6,True,23404.8600,199.8000,159.5500,194.6000,0.0000,0.0000,0.7970,1.6220,194.6000,1,,,0.1993,0.1172,0.6185,-11.4519,36.8850,14.4231,,30.0000,7.1071,11.8165,9.3093,-2.1021,9.3093,-34.7097,0.0930,failed_base
val,5,G,2025-03-21,12:30,NIFTY,2025-03-27,CE,23400,OTM2,6,True,23404.8600,140.7000,108.5500,136.2000,0.0000,0.0000,1.5260,2.3080,136.2000,1,,,0.1993,0.1144,0.5080,-11.7649,44.2193,16.5442,,30.0000,8.4577,11.6902,11.2651,-2.5231,11.2651,-39.5522,0.0930,failed_base
val,5,G,2025-03-24,14:05,NIFTY,2025-03-27,CE,23400,ITM1,3,False,23685.2900,326.1500,279.4500,319.8500,0.0000,0.0000,1.3270,1.5560,319.8500,1,,,0.2204,0.1625,0.7940,-16.7004,30.8463,14.6041,,30.0000,5.3196,4.5731,12.1110,-0.9505,12.1110,-4.2618,0.0796,failed_base
val,5,G,2025-03-24,14:05,NIFTY,2025-03-27,CE,23500,ATM,3,False,23685.2900,248.5500,209.2000,242.7000,0.0000,0.0000,1.4970,1.5600,242.7000,1,,,0.2204,0.1584,0.7080,-20.4520,35.7314,16.9396,,30.0000,6.2161,5.2008,14.2426,-1.2875,14.2426,-5.1096,0.0796,failed_base
val,5,G,2025-03-26,12:05,NIFTY,2025-03-27,PE,23500,OTM2,1,False,23618.8300,46.1500,23.3000,38.4000,0.0000,0.0000,2.6490,2.1410,38.4000,1,,,-0.3543,0.1785,-0.3049,-43.3064,116.0944,33.8630,,5.0000,-24.7021,-20.1756,1.4085,-25.5688,85.9155,-31.0943,0.1395,failed_base
val,5,G,2025-03-26,13:15,NIFTY,2025-03-27,PE,23500,OTM2,1,False,23604.6500,47.4000,31.8000,46.8000,0.0000,0.0000,2.0670,2.7230,46.8000,1,,,-0.1171,0.1755,-0.3200,-45.7872,112.1069,34.6182,94.5578,40.0000,37.8692,36.4125,39.6624,-3.2700,81.0127,-6.9620,-0.2163,next_wave
val,5,G,2025-03-24,14:05,NIFTY,2025-03-27,CE,23600,OTM1,3,False,23685.2900,180.6000,148.6000,176.5500,0.0000,0.0000,1.3790,1.4300,176.5500,1,,,0.2204,0.1549,0.6028,-23.0479,41.5209,19.2107,,30.0000,7.1705,5.3077,16.4452,-1.9103,16.4452,-5.9247,0.0796,failed_base
val,5,G,2025-03-25,13:55,NIFTY,2025-03-27,CE,23600,ITM1,2,False,23773.3300,221.1500,164.4000,211.9000,0.0000,0.0000,1.6290,1.0730,211.9000,1,,,0.1165,0.1607,0.7292,-24.9289,41.3321,18.0116,,5.0000,-9.0889,-8.1240,1.7409,-10.9654,1.7409,-33.2128,-0.0939,failed_base
val,5,G,2025-03-26,12:05,NIFTY,2025-03-27,PE,23600,OTM1,1,False,23618.8300,81.9000,43.9500,71.4500,0.0000,0.0000,2.7080,2.3280,71.4500,1,,,-0.3543,0.1727,-0.4651,-58.3101,103.2992,29.9944,,5.0000,-20.2686,-15.3419,1.9536,-21.3675,77.1062,-27.4725,0.1395,failed_base
val,5,G,2025-03-26,13:15,NIFTY,2025-03-27,PE,23600,OTM1,1,False,23604.6500,84.7000,59.4000,83.5000,0.0000,0.0000,1.5060,2.2610,83.5000,1,,,-0.1171,0.1688,-0.4896,-61.4807,95.2020,31.1341,81.6531,40.0000,32.4675,30.1029,32.4675,-2.7155,71.2515,-5.7261,-0.2163,next_wave
val,5,G,2025-03-24,14:05,NIFTY,2025-03-27,CE,23700,OTM2,3,False,23685.2900,124.2500,100.8000,121.8000,0.0000,0.0000,2.0590,1.7390,121.8000,1,,,0.2204,0.1520,0.4847,-23.5616,47.1230,21.7465,,30.0000,7.9276,6.3567,19.3561,-2.2535,19.3561,-6.5996,0.0796,failed_base
val,5,G,2025-03-25,13:55,NIFTY,2025-03-27,CE,23700,ATM,2,False,23773.3300,152.0000,107.4000,143.8000,0.0000,0.0000,1.8750,1.4280,143.8000,1,,,0.1165,0.1566,0.6055,-29.9309,51.3966,19.3419,,5.0000,-11.3487,-8.8091,2.2039,-13.7171,2.2039,-39.9013,-0.0939,failed_base
val,5,G,2025-03-26,12:05,NIFTY,2025-03-27,PE,23700,ATM,1,False,23618.8300,136.7500,81.7000,121.5500,0.0000,0.0000,1.2350,1.3840,121.5500,1,,,-0.3543,0.1713,-0.6379,-49.0923,78.7026,28.0137,,5.0000,-16.8190,-16.7885,1.2797,-17.6965,63.6197,-23.1444,0.1395,failed_base
val,5,G,2025-03-26,13:15,NIFTY,2025-03-27,PE,23700,ATM,1,False,23604.6500,142.2500,105.1000,138.5000,0.0000,0.0000,1.1540,1.8000,138.5000,1,,,-0.1171,0.1672,-0.6684,-45.0642,74.9762,25.4214,63.1425,40.0000,26.1160,26.1233,26.5378,-1.9684,57.2935,-3.5852,-0.2163,next_wave
val,5,G,2025-04-01,13:25,NIFTY,2025-04-03,PE,23200,OTM2,2,False,23193.9500,111.5000,70.2000,103.5000,0.0000,0.0000,1.2870,1.2610,103.5000,1,,,-0.3405,0.1550,-0.5064,-30.1600,77.8490,22.9475,,15.0000,-4.0359,0.7317,11.9731,-10.5381,11.9731,-21.7489,0.0270,failed_base
val,5,G,2025-04-01,13:25,NIFTY,2025-04-03,PE,23300,OTM1,2,False,23193.9500,168.6500,111.8000,157.7000,0.0000,0.0000,1.1950,1.0280,157.7000,1,,,-0.3405,0.1532,-0.6507,-26.8355,66.3238,18.6878,,15.0000,-3.0240,-1.4651,10.2579,-8.4495,10.2579,-17.2843,0.0270,failed_base
val,5,G,2025-04-03,12:50,NIFTY,2025-04-03,PE,23300,ITM1,0,False,23254.1000,49.5500,30.7500,47.7500,0.0000,0.0000,1.3670,0.9290,47.7500,1,,,-0.0801,0.1113,-0.8449,-3.6511,70.5691,28.3127,,5.0000,-2.7245,-3.9788,0.3027,-14.6317,12.4117,-24.1171,0.0013,failed_base
val,5,G,2025-04-03,14:40,NIFTY,2025-04-03,PE,23300,ITM1,0,False,23248.1000,52.7000,37.6000,48.1500,0.0000,0.0000,1.0100,2.7260,48.1500,1,,,-0.0752,0.1447,-0.9428,-0.8003,,,,,-10.8159,2.1981,5.6926,-10.8159,5.6926,-12.1442,0.0219,session_end
val,5,G,2025-03-28,12:25,NIFTY,2025-04-03,PE,23400,OTM2,6,True,23554.0600,74.7000,55.5500,70.5000,0.0000,0.0000,2.3740,1.9760,70.5000,1,,,-0.3004,0.1140,-0.3255,-10.5643,63.0963,22.7373,45.5714,20.0000,-0.9371,2.9879,21.2851,-6.2918,36.4123,-27.3092,-0.0132,next_wave
val,5,G,2025-04-01,11:45,NIFTY,2025-04-03,PE,23400,ATM,2,False,23218.2700,224.2000,119.7000,205.0000,0.0000,0.0000,0.4850,0.4610,205.0000,1,,,-0.5751,0.1545,-0.7420,-22.0174,100.5013,25.4375,,25.0000,-8.2962,-2.6227,7.0473,-10.2810,16.6815,-24.1302,0.0965,failed_base
val,5,G,2025-04-01,13:25,NIFTY,2025-04-03,PE,23400,ATM,2,False,23193.9500,240.8500,170.1000,227.4000,0.0000,0.0000,0.9620,0.8800,227.4000,1,,,-0.3405,0.1538,-0.7745,-20.1581,53.7919,15.9021,,15.0000,-2.1590,0.7176,8.6153,-6.8300,8.6153,-12.8918,0.0270,failed_base
val,5,G,2025-03-28,12:25,NIFTY,2025-04-03,PE,23500,OTM1,6,True,23554.0600,110.6500,81.8500,102.3500,0.0000,0.0000,2.2700,1.7480,102.3500,1,,,-0.3004,0.1119,-0.4337,-11.4093,61.5150,21.0287,42.0977,20.0000,-0.6778,2.2585,19.4758,-5.6484,34.0714,-25.0339,-0.0132,next_wave
val,5,G,2025-04-01,11:45,NIFTY,2025-04-03,PE,23500,ITM1,2,False,23218.2700,304.0000,178.8000,283.0000,0.0000,0.0000,0.4390,0.4200,283.0000,1,,,-0.5751,0.1544,-0.8435,-14.6846,80.2852,21.1416,,25.0000,-5.9211,-4.0948,6.0362,-7.9276,14.7862,-19.7368,0.0965,failed_base
val,5,G,2025-04-01,13:25,NIFTY,2025-04-03,PE,23500,ITM1,2,False,23193.9500,325.0000,244.0000,310.8000,0.0000,0.0000,1.2230,1.1830,310.8000,1,,,-0.3405,0.1576,-0.8628,-13.4510,43.0123,12.6093,,60.0000,-1.7846,1.4755,7.0769,-5.4000,7.3692,-9.5538,0.0270,failed_base
val,5,G,2025-03-28,12:25,NIFTY,2025-04-03,PE,23600,ATM,6,True,23554.0600,158.3000,117.7500,144.5000,0.0000,0.0000,1.6130,1.6430,144.5000,1,,,-0.3004,0.1102,-0.5509,-11.2861,56.4756,18.3175,38.3056,20.0000,-0.6317,3.1032,16.3929,-4.9274,31.4908,-21.2571,-0.0132,next_wave
val,5,G,2025-04-07,12:10,NIFTY,2025-04-09,PE,21700,OTM2,2,False,21949.7700,208.4500,165.0500,199.7500,0.0000,0.0000,2.0380,0.9090,199.7500,1,,,-0.3469,0.4770,-0.3699,-80.2875,84.2169,42.1970,,30.0000,31.6143,33.7235,45.8623,-1.1753,45.8623,-29.1197,-0.4052,failed_base
val,5,G,2025-04-07,13:50,NIFTY,2025-04-09,CE,21800,ITM1,2,False,21984.1900,417.6000,342.0500,406.7000,0.0000,0.0000,1.0440,1.3600,406.7000,1,,,0.5615,0.4823,0.5984,-85.8069,33.3869,12.9205,,5.0000,2.5024,2.4101,6.8487,-4.8611,55.2323,-4.8611,0.0808,next_wave
val,5,G,2025-04-07,12:10,NIFTY,2025-04-09,PE,21800,OTM1,2,False,21949.7700,240.0000,189.9000,230.4000,0.0000,0.0000,1.8150,0.7110,230.4000,1,,,-0.3469,0.4629,-0.4163,-81.4065,81.1480,41.2355,,30.0000,29.7500,30.8144,43.3333,-0.8333,43.3333,-31.6458,-0.4052,failed_base
val,5,G,2025-04-07,13:50,NIFTY,2025-04-09,CE,21900,ATM,2,False,21984.1900,348.9000,286.1000,343.5500,0.0000,0.0000,1.2080,1.3590,343.5500,1,,,0.5615,0.4629,0.5505,-84.9639,34.7256,13.5296,,5.0000,3.1384,1.4581,7.6240,-4.4712,61.8229,-4.4712,0.0808,next_wave
val,5,G,2025-04-07,12:10,NIFTY,2025-04-09,PE,21900,ATM,2,False,21949.7700,276.6500,216.4500,266.0000,0.0000,0.0000,2.0490,0.6280,266.0000,1,,,-0.3469,0.4495,-0.4667,-81.0422,79.5565,40.4734,,30.0000,27.1643,22.8071,40.4844,-0.7591,40.4844,-33.9057,-0.4052,failed_base
val,5,G,2025-04-07,13:50,NIFTY,2025-04-09,CE,22000,OTM1,2,False,21984.1900,286.9500,234.3500,284.9500,0.0000,0.0000,2.9780,1.8400,284.9500,1,,,0.5615,0.4464,0.4980,-82.8038,36.5479,14.4687,,5.0000,3.9902,1.1033,8.5381,-4.6175,69.5069,-4.6175,0.0808,next_wave
val,5,G,2025-04-07,12:10,NIFTY,2025-04-09,PE,22000,ITM1,2,False,21949.7700,319.3500,248.7500,306.4000,0.0000,0.0000,1.5780,0.6280,306.4000,1,,,-0.3469,0.4376,-0.5203,-79.0482,76.2412,31.9115,,30.0000,23.8766,21.3718,37.2788,-0.8142,37.2788,-36.2925,-0.4052,failed_base
val,5,G,2025-04-07,14:00,NIFTY,2025-04-09,CE,22100,OTM2,2,False,21972.7800,231.6000,186.1500,231.0000,0.0000,0.0000,0.8850,1.0210,231.0000,1,,,0.5763,0.4402,0.4371,-80.3203,,,,,5.5052,9.6634,11.4853,-4.6200,77.8713,-4.6200,0.1354,session_end
val,5,G,2025-04-16,13:25,NIFTY,2025-04-17,PE,23100,OTM2,1,False,23280.3700,25.0500,17.6000,22.9500,0.0000,0.0000,3.0930,1.8150,22.9500,1,,,-0.1346,0.1725,-0.2030,-25.0192,66.4773,32.0819,,15.0000,-19.3613,-17.2201,16.9661,-20.5589,16.9661,-55.6886,0.0370,failed_base
val,5,G,2025-04-15,12:15,NIFTY,2025-04-17,CE,23200,ITM1,2,False,23333.5100,197.0000,170.9000,187.0000,0.0000,0.0000,2.1770,1.5480,187.0000,1,,,0.0828,0.1670,0.6754,-27.9233,21.9719,11.2497,,30.0000,-0.3553,2.1354,5.8122,-2.9188,5.8122,-29.4924,0.0175,failed_base
val,5,G,2025-04-16,14:05,NIFTY,2025-04-17,CE,23200,ITM1,1,False,23379.5500,204.8000,133.3000,163.1000,0.0000,0.0000,2.8380,5.7840,163.1000,1,,,0.2675,0.1742,0.7955,-25.2525,,,,,-2.1484,-2.6603,14.8438,-4.4678,14.8438,-4.9805,-0.0364,session_end
val,5,G,2025-04-16,13:25,NIFTY,2025-04-17,PE,23200,OTM1,1,False,23280.3700,46.7000,32.0500,40.5500,0.0000,0.0000,2.8370,2.1020,40.5500,1,,,-0.1346,0.1593,-0.3437,-44.6409,70.6708,30.1645,,15.0000,-17.0236,-16.6752,17.1306,-18.2013,17.1306,-59.6360,0.0370,failed_base
val,5,G,2025-04-15,12:15,NIFTY,2025-04-17,CE,23300,ATM,2,False,23333.5100,130.5500,108.8000,123.4000,0.0000,0.0000,2.1740,1.5910,123.4000,1,,,0.0828,0.1589,0.5493,-30.2951,27.7114,12.0187,,30.0000,-1.3405,-0.0884,6.4343,-4.4044,6.4343,-38.6825,0.0175,failed_base
val,5,G,2025-04-16,14:05,NIFTY,2025-04-17,CE,23300,ATM,1,False,23379.5500,127.7000,70.4500,91.4500,0.0000,0.0000,2.7980,6.3640,91.4500,1,,,0.2675,0.1632,0.6523,-47.1347,,,,,-1.9186,-0.4317,21.8089,-6.0298,21.8089,-6.8912,-0.0364,session_end
val,5,G,2025-04-17,12:55,NIFTY,2025-04-17,CE,23300,ITM1,0,False,23746.4500,447.9000,275.7000,435.1500,0.0000,0.0000,0.2980,0.3530,435.1500,1,,,0.6278,0.5306,0.9816,-1.4452,107.3993,,,85.0000,9.7455,3.5550,12.0786,-3.4494,27.6624,-3.4494,0.1840,session_end
val,5,G,2025-04-16,13:25,NIFTY,2025-04-17,PE,23300,ATM,1,False,23280.3700,86.0000,60.5000,73.2500,0.0000,0.0000,2.5700,2.1850,73.2500,1,,,-0.1346,0.1495,-0.5394,-53.3459,63.6364,51.8182,,15.0000,-11.6279,-9.4413,15.1163,-12.6744,15.1163,-57.9070,0.0370,failed_base
val,5,G,2025-04-15,12:15,NIFTY,2025-04-17,CE,23400,OTM1,2,False,23333.5100,81.0500,65.1500,76.9500,0.0000,0.0000,2.5020,1.4800,76.9500,1,,,0.0828,0.1559,0.4079,-28.9359,32.7705,13.6416,,30.0000,-3.2696,0.6749,6.7242,-6.4158,6.7242,-47.0080,0.0175,failed_base
val,5,G,2025-04-16,11:20,NIFTY,2025-04-17,CE,23400,OTM1,1,False,23314.6500,47.5000,25.2500,42.6000,0.0000,0.0000,1.0930,0.9390,42.6000,1,,,-0.0489,0.1577,0.3430,-41.5663,91.2871,27.2257,,5.0000,-4.9474,1.9238,0.7368,-21.0526,96.7368,-46.3158,-0.0298,failed_base
val,5,G,2025-04-16,14:05,NIFTY,2025-04-17,CE,23400,OTM1,1,False,23379.5500,71.8000,33.2500,45.4000,0.0000,0.0000,7.1580,7.5200,45.4000,1,,,0.2675,0.1624,0.4618,-61.0523,181.0526,,,15.0000,-0.5571,3.2356,30.1532,-6.7549,30.1532,-7.7298,-0.0364,session_end
val,5,G,2025-04-17,12:35,NIFTY,2025-04-17,CE,23400,ATM,0,False,23723.1000,329.3500,120.3000,279.1500,0.0000,0.0000,0.4670,0.2440,279.1500,1,,,0.9133,0.4999,0.9342,-6.2451,293.5578,,,105.0000,8.4257,4.7506,8.9267,-13.3141,43.7528,-13.3141,0.1300,session_end
val,5,G,2025-04-15,14:45,NIFTY,2025-04-17,PE,23400,ITM1,2,False,23286.4100,157.6500,138.9000,150.1500,0.0000,0.0000,1.9940,1.4140,150.1500,1,,,-0.1477,0.1291,-0.6913,-21.5400,14.2909,8.5354,17.5275,5.0000,6.1212,5.0669,8.2461,-7.8972,8.2461,-14.1135,-0.0139,next_wave
val,5,G,2025-04-16,13:25,NIFTY,2025-04-17,PE,23400,ITM1,1,False,23280.3700,149.5500,114.0000,134.0000,0.0000,0.0000,2.1610,2.2360,134.0000,1,,,-0.1346,0.1478,-0.7360,-29.6917,46.6228,44.8400,,15.0000,-5.7172,-1.9676,11.7686,-6.3858,11.7686,-47.7767,0.0370,failed_base
val,5,G,2025-04-15,12:15,NIFTY,2025-04-17,CE,23500,OTM2,2,False,23333.5100,48.4500,37.9500,46.1000,0.0000,0.0000,2.2690,1.2770,46.1000,1,,,0.0828,0.1577,0.2797,-24.0575,34.5191,16.1606,,30.0000,-6.3983,-2.8671,5.3664,-9.3911,5.3664,-53.5604,0.0175,failed_base
val,5,G,2025-04-16,11:20,NIFTY,2025-04-17,CE,23500,OTM2,1,False,23314.6500,23.4500,13.1500,21.8000,0.0000,0.0000,1.1820,1.0640,21.8000,1,,,-0.0489,0.1629,0.1968,-23.0764,82.5095,28.5417,,5.0000,-3.1983,-0.5739,1.7058,-20.4691,123.8806,-45.6290,-0.0298,failed_base
val,5,G,2025-04-16,14:05,NIFTY,2025-04-17,CE,23500,OTM2,1,False,23379.5500,37.6000,15.6500,22.0000,0.0000,0.0000,8.2370,7.8700,22.0000,1,,,0.2675,0.1678,0.2863,-37.4671,235.4633,,,5.0000,5.3191,9.9892,39.6277,-5.8511,39.6277,-5.8511,-0.0364,session_end
val,5,G,2025-04-17,12:35,NIFTY,2025-04-17,CE,23500,OTM1,0,False,23723.1000,232.7000,70.3000,191.4500,0.0000,0.0000,0.3340,0.2460,191.4500,1,,,0.9133,0.4214,0.8911,-9.5951,432.4324,,,105.0000,11.8178,15.8031,12.1401,-17.7911,60.8509,-17.7911,0.1300,session_end
val,5,G,2025-04-21,13:50,NIFTY,2025-04-24,PE,23800,OTM2,3,False,24132.7600,40.3000,30.4500,38.4000,0.0000,0.0000,2.2770,2.3350,38.4000,1,,,-0.1821,0.1736,-0.1893,-17.1482,55.0082,31.4619,,5.0000,-3.5980,-9.9188,1.4888,-19.7270,1.8610,-24.4417,0.0218,failed_base
val,5,G,2025-04-21,12:25,NIFTY,2025-04-24,CE,23900,ITM1,3,False,24178.7400,323.9000,264.3000,302.5500,0.0000,0.0000,0.7540,1.2330,302.5500,1,,,0.1467,0.1619,0.7822,-17.4615,28.0174,20.6147,,50.0000,0.1698,1.6661,4.0445,-2.3001,4.4613,-17.0732,0.0044,failed_base
val,5,G,2025-04-21,13:35,NIFTY,2025-04-24,PE,23900,OTM1,3,False,24154.6300,52.0000,40.8500,51.0000,0.0000,0.0000,1.9300,1.2070,51.0000,1,,,-0.0997,0.1649,-0.2396,-19.2054,62.5459,32.0030,,20.0000,-3.9423,-4.4385,27.6923,-13.1731,27.6923,-18.6538,0.0023,failed_base
val,5,G,2025-04-21,12:25,NIFTY,2025-04-24,CE,24000,ATM,3,False,24178.7400,243.5000,194.8000,226.7500,0.0000,0.0000,0.8260,1.1450,226.7500,1,,,0.1467,0.1528,0.7020,-20.1156,31.5965,23.3470,,10.0000,0.8008,2.4307,5.2772,-2.3203,5.2772,-19.8152,0.0044,failed_base
val,5,G,2025-04-21,13:35,NIFTY,2025-04-24,PE,24000,ATM,3,False,24154.6300,74.8500,58.4500,72.9000,0.0000,0.0000,1.8940,1.3710,72.9000,1,,,-0.0997,0.1572,-0.3255,-21.8992,62.1899,30.6435,,20.0000,-2.6052,-3.1288,26.6533,-12.1576,26.6533,-17.1677,0.0023,failed_base
val,5,G,2025-04-21,11:00,NIFTY,2025-04-24,CE,24100,OTM1,3,False,24111.5100,148.5000,108.1500,138.9000,0.0000,0.0000,0.9580,1.8790,138.9000,1,,,0.4187,0.1589,0.5155,-24.4431,50.0231,15.5008,35.7039,30.0000,4.7475,2.4861,9.2593,-5.7239,25.2862,-11.2458,0.0726,next_wave
val,5,G,2025-04-21,13:35,NIFTY,2025-04-24,PE,24100,ITM1,3,False,24154.6300,108.2000,86.2500,105.9000,0.0000,0.0000,1.6830,1.2230,105.9000,1,,,-0.0997,0.1513,-0.4323,-23.4370,56.4058,27.4648,,20.0000,-0.8780,-1.6101,24.6765,-9.5656,24.6765,-12.6617,0.0023,failed_base
val,5,G,2025-04-21,11:00,NIFTY,2025-04-24,CE,24200,OTM2,3,False,24111.5100,101.9000,75.9000,96.3500,0.0000,0.0000,0.7660,1.6160,96.3500,1,,,0.4187,0.1575,0.4043,-23.4156,70.8827,29.0671,,95.0000,4.7596,2.3097,9.7645,-6.9185,27.2816,-18.2532,0.0726,failed_base
val,5,G,2025-04-23,13:10,NIFTY,2025-04-24,CE,24200,ITM1,1,False,24259.1500,98.6500,74.1000,98.2000,0.0000,0.0000,1.0040,1.3970,98.2000,1,,,0.0634,0.1224,0.6432,-36.9086,106.4103,,,120.0000,6.0314,-0.5676,8.2615,-13.8368,55.0431,-13.8368,0.0418,session_end
val,5,G,2025-04-28,14:30,NIFTY,2025-04-30,PE,23900,OTM2,2,False,24316.2100,30.9000,26.0500,29.8000,0.0000,0.0000,2.9260,1.7770,29.8000,1,,,-0.1655,0.2220,-0.1473,-21.6335,24.9520,12.2888,,5.0000,-19.2557,-23.1777,9.7087,-21.5210,9.7087,-24.2718,0.0743,failed_base
val,5,G,2025-04-28,12:25,NIFTY,2025-04-30,CE,24000,ITM1,2,False,24345.8200,380.6500,280.2000,354.9000,0.0000,0.0000,0.6420,2.1620,354.9000,1,,,0.3495,0.2007,0.8264,-22.1467,47.3590,14.9310,,40.0000,2.3512,17.4129,5.4249,-0.8013,8.4723,-15.8151,0.0373,failed_base
val,5,G,2025-04-28,14:30,NIFTY,2025-04-30,PE,24000,OTM1,2,False,24316.2100,38.9000,32.1000,37.4000,0.0000,0.0000,2.5170,1.7730,37.4000,1,,,-0.1655,0.2019,-0.1909,-24.6876,37.2274,25.6527,,20.0000,-21.0797,-24.3731,13.2391,-21.9794,13.2391,-26.9923,0.0743,failed_base
val,5,G,2025-04-28,12:25,NIFTY,2025-04-30,CE,24100,ATM,2,False,24345.8200,291.7500,200.8500,267.4500,0.0000,0.0000,0.8190,1.9660,267.4500,1,,,0.3495,0.1826,0.7684,-25.4686,60.1942,18.1974,,40.0000,2.5878,15.3869,6.6324,-1.1311,10.2828,-19.1774,0.0373,failed_base
val,5,G,2025-04-25,11:55,NIFTY,2025-04-30,PE,24100,OTM2,5,True,23886.2000,309.1000,233.8000,291.2000,0.0000,0.0000,0.7720,1.1510,291.2000,1,,,-0.4673,0.1609,-0.6754,-16.5213,39.6279,21.4581,,5.0000,-15.1569,-15.3569,3.1543,-20.9964,3.1543,-52.3940,0.2790,failed_base
val,5,G,2025-04-28,14:30,NIFTY,2025-04-30,PE,24100,ATM,2,False,24316.2100,51.0000,40.4000,48.5000,0.0000,0.0000,2.9040,1.8880,48.5000,1,,,-0.1655,0.1826,-0.2543,-27.9625,47.2772,26.9748,,20.0000,-20.0000,-22.0956,16.6667,-21.5686,16.6667,-28.5294,0.0743,failed_base
val,5,G,2025-04-25,13:05,NIFTY,2025-04-30,CE,24200,ITM1,5,True,24042.4300,108.8000,64.5000,92.8000,0.0000,0.0000,2.5140,2.9990,92.8000,1,,,0.5050,0.1553,0.3641,-16.9790,161.2403,47.3294,,60.0000,20.8180,19.0606,24.4026,-2.3438,54.8713,-26.9761,0.2013,failed_base
val,5,G,2025-04-28,12:25,NIFTY,2025-04-30,CE,24200,OTM1,2,False,24345.8200,209.0500,132.1000,187.5000,0.0000,0.0000,0.7320,1.9270,187.5000,1,,,0.3495,0.1659,0.6843,-28.5493,79.4095,22.2785,,40.0000,3.6116,7.5208,8.6343,-1.0285,13.3700,-23.4155,0.0373,failed_base
val,5,G,2025-04-30,15:00,NIFTY,2025-04-30,CE,24200,ITM1,0,False,24369.3500,170.0000,136.5000,156.2500,0.0000,0.0000,5.5060,3.6120,156.2500,1,,,0.0715,0.4543,0.9790,-0.6489,41.0256,21.8182,,10.0000,-21.4412,2.8899,13.2353,-22.4118,13.2353,-22.4118,-0.1451,failed_base
val,5,G,2025-04-25,11:55,NIFTY,2025-04-30,PE,24200,OTM1,5,True,23886.2000,382.5000,294.8000,363.4500,0.0000,0.0000,0.8670,0.9390,363.4500,1,,,-0.4673,0.1625,-0.7467,-14.6141,36.1092,19.3022,,5.0000,-13.6471,-15.6228,3.5948,-18.9542,3.5948,-49.9869,0.2790,failed_base
val,5,G,2025-04-28,14:30,NIFTY,2025-04-30,PE,24200,ITM1,2,False,24316.2100,71.5500,55.0500,67.3000,0.0000,0.0000,3.0150,1.8560,67.3000,1,,,-0.1655,0.1670,-0.3483,-31.1512,52.9519,25.7720,,20.0000,-17.4004,-16.9020,17.6799,-19.7065,17.6799,-26.4151,0.0743,failed_base
val,5,G,2025-04-29,12:05,NIFTY,2025-04-30,PE,24200,OTM2,1,False,24313.8900,37.3000,25.8500,35.5500,0.0000,0.0000,2.4730,1.5750,35.5500,1,,,-0.0312,0.1514,-0.2882,-35.4917,81.0445,31.0897,,5.0000,-14.2091,-2.7930,3.0831,-17.5603,3.0831,-50.1340,0.0038,failed_base
val,5,G,2025-04-25,13:05,NIFTY,2025-04-30,CE,24300,ATM,5,True,24042.4300,78.1500,46.6000,67.1500,0.0000,0.0000,2.2120,2.9530,67.1500,1,,,0.5050,0.1563,0.2849,-15.2748,164.8069,50.6888,,60.0000,21.5611,21.8810,25.3359,-2.3672,57.9015,-30.3903,0.2013,failed_base
val,5,G,2025-04-28,12:25,NIFTY,2025-04-30,CE,24300,OTM2,2,False,24345.8200,138.4000,80.5500,120.1000,0.0000,0.0000,1.1030,2.7160,120.1000,1,,,0.3495,0.1540,0.5657,-30.4424,99.8138,26.6853,,40.0000,3.9379,8.7120,11.6691,-1.7341,16.2934,-28.0708,0.0373,failed_base
val,5,G,2025-04-30,15:00,NIFTY,2025-04-30,CE,24300,ATM,0,False,24369.3500,69.9000,48.6500,57.2500,0.0000,0.0000,4.3380,3.2380,57.2500,1,,,0.0817,0.2095,0.9642,-0.5488,91.6752,45.5764,,10.0000,-51.2876,-45.8607,33.4049,-53.2189,33.4049,-53.2189,-0.1451,failed_base
val,5,G,2025-04-25,11:55,NIFTY,2025-04-30,PE,24300,ATM,5,True,23886.2000,463.3500,364.2000,443.0000,0.0000,0.0000,0.6760,0.6290,443.0000,1,,,-0.4673,0.1656,-0.8053,-12.5651,32.6194,17.2360,,5.0000,-12.2909,-14.2950,3.2049,-17.2979,3.2049,-46.8005,0.2790,failed_base
val,5,G,2025-04-29,12:05,NIFTY,2025-04-30,PE,24300,OTM1,1,False,24313.8900,66.9000,47.5500,65.9500,0.0000,0.0000,1.9090,1.4890,65.9500,1,,,-0.0312,0.1358,-0.4684,-47.2584,71.5037,27.1613,,5.0000,-10.1644,-3.4101,4.4096,-13.9013,4.4096,-47.9073,0.0038,failed_base
val,5,G,2025-05-02,14:35,NIFTY,2025-05-08,PE,24200,OTM2,6,True,24281.5700,148.1000,97.5500,128.6000,0.0000,0.0000,2.0080,2.0700,128.6000,1,,,-0.4148,0.1497,-0.4264,-15.8085,57.7652,25.7635,,5.0000,-16.8130,-13.1668,3.7137,-28.7981,3.7137,-28.7981,0.2074,failed_base
val,5,G,2025-05-07,15:00,NIFTY,2025-05-08,PE,24200,OTM2,1,False,24358.4100,33.3000,24.7000,31.4000,0.0000,0.0000,1.5530,1.3330,31.4000,1,,,-0.0618,0.1787,-0.2434,-33.3000,45.5466,34.9096,,20.0000,-28.5285,-23.7379,7.9580,-29.7297,7.9580,-29.7297,0.0827,failed_base
val,5,G,2025-05-02,13:25,NIFTY,2025-05-08,CE,24300,ITM1,6,True,24364.6700,218.3500,162.5000,202.3500,0.0000,0.0000,1.4890,2.5110,202.3500,1,,,0.2753,0.1471,0.5588,-15.6091,66.8615,28.5266,,15.0000,10.5564,14.3410,24.1814,-1.0763,24.1814,-25.7156,0.1974,failed_base
val,5,G,2025-05-07,11:25,NIFTY,2025-05-08,CE,24300,ITM1,1,False,24393.1700,135.6000,77.1000,118.9000,0.0000,0.0000,0.9290,1.4740,118.9000,1,,,0.3742,0.1466,0.6790,-38.1895,103.0480,31.5235,,15.0000,-28.2448,-24.0466,15.4499,-32.5221,15.4499,-37.6106,-0.2031,failed_base
val,5,G,2025-05-07,14:15,NIFTY,2025-05-08,CE,24300,ITM1,1,False,24377.0800,116.9500,84.6000,104.0000,0.0000,0.0000,2.4850,2.2800,104.0000,1,,,0.1233,0.1380,0.6666,-39.4532,60.6383,32.9654,,5.0000,-5.3442,-5.9807,9.5767,-22.1035,9.5767,-22.1035,-0.0331,failed_base
val,5,G,2025-05-02,14:35,NIFTY,2025-05-08,PE,24300,OTM1,6,True,24281.5700,190.6500,124.8000,163.2000,0.0000,0.0000,2.2970,2.3910,163.2000,1,,,-0.4148,0.1456,-0.5119,-15.6460,57.0112,24.4450,,10.0000,-17.6501,-13.7263,2.7800,-29.3470,2.7800,-29.3470,0.2074,failed_base
val,5,G,2025-05-06,14:55,NIFTY,2025-05-08,PE,24300,OTM2,2,False,24371.8900,49.6500,38.7500,46.8000,0.0000,0.0000,2.3310,1.9050,46.8000,1,,,-0.0433,0.1114,-0.3592,-21.2633,47.7419,16.0699,,10.0000,35.3474,31.2390,37.8651,-3.2226,46.4250,-3.2226,-0.1274,next_wave
val,5,G,2025-05-02,13:25,NIFTY,2025-05-08,CE,24400,ATM,6,True,24364.6700,162.3500,118.5000,149.7000,0.0000,0.0000,1.8500,2.1260,149.7000,1,,,0.2753,0.1430,0.4719,-15.3230,73.7553,32.2729,,15.0000,10.5944,13.9905,26.8248,-1.0163,26.8248,-30.6129,0.1974,failed_base
val,5,G,2025-05-06,12:25,NIFTY,2025-05-08,CE,24400,ITM1,2,False,24398.4100,67.9000,53.3500,66.9000,0.0000,0.0000,1.2750,1.5320,66.9000,1,,,0.0669,0.0924,0.4975,-18.6648,32.2399,12.6152,,5.0000,-10.2356,-9.0864,2.6510,-12.0029,4.7865,-30.5596,-0.0470,failed_base
val,5,G,2025-05-06,14:00,NIFTY,2025-05-08,CE,24400,ITM1,2,False,24399.4600,68.9000,56.5500,63.4000,0.0000,0.0000,1.6560,1.4120,63.4000,1,,,0.0514,0.0946,0.5000,-19.5144,25.8179,15.6008,,10.0000,-11.8287,-11.1842,3.2656,-19.5936,3.2656,-31.5675,-0.0767,failed_base
val,5,G,2025-05-07,11:25,NIFTY,2025-05-08,CE,24400,ATM,1,False,24393.1700,68.5000,33.2000,58.4500,0.0000,0.0000,1.2710,1.5410,58.4500,1,,,0.3742,0.1304,0.4863,-44.3725,159.1867,44.2185,,15.0000,-37.3723,-39.7699,25.6204,-42.1898,25.6204,-51.5328,-0.2031,failed_base
val,5,G,2025-05-07,14:15,NIFTY,2025-05-08,CE,24400,ATM,1,False,24377.0800,53.7500,33.2000,44.4500,0.0000,0.0000,3.5420,2.8880,44.4500,1,,,0.1233,0.1236,0.4449,-48.0279,108.5843,46.3538,,5.0000,-10.8837,-10.0173,12.8372,-30.8837,12.8372,-30.8837,-0.0331,failed_base
val,5,G,2025-05-05,11:55,NIFTY,2025-05-08,PE,24400,ATM,3,False,24426.2700,104.0000,71.4000,96.7500,0.0000,0.0000,2.3170,1.8040,96.7500,1,,,-0.4517,0.1290,-0.4616,-20.1710,51.4006,23.9130,,5.0000,-10.1442,-10.1911,1.9712,-20.9135,1.9712,-35.0000,0.0354,failed_base
val,5,G,2025-05-06,13:05,NIFTY,2025-05-08,PE,24400,OTM1,2,False,24379.0900,79.0000,67.0500,77.7500,0.0000,0.0000,1.0830,0.7140,77.7500,1,,,-0.0314,0.0922,-0.5472,-18.5841,23.6391,14.2943,,45.0000,2.1519,0.1371,2.7215,-6.7089,44.3038,-12.7848,-0.0067,failed_base
val,5,G,2025-05-06,14:55,NIFTY,2025-05-08,PE,24400,OTM1,2,False,24371.8900,86.0500,69.2500,82.9000,0.0000,0.0000,1.5940,1.4550,82.9000,1,,,-0.0295,0.0982,-0.5610,-20.1620,39.4946,14.6998,,10.0000,26.9611,23.1711,32.0163,-4.2417,32.4811,-4.2417,-0.1274,next_wave
val,5,G,2025-05-08,15:00,NIFTY,2025-05-08,PE,24400,ATM,0,False,24278.4500,122.0500,43.0000,72.0500,0.0000,0.0000,0.7050,1.4360,72.0500,1,,,-0.2814,0.3289,-0.9777,-0.4995,225.5814,,,10.0000,2.9086,8.3271,14.7071,-35.4773,14.7071,-35.4773,-0.0189,session_end
val,5,G,2025-05-02,13:25,NIFTY,2025-05-08,CE,24500,OTM1,6,True,24364.6700,117.7000,84.3500,107.4000,0.0000,0.0000,1.5290,1.9390,107.4000,1,,,0.2753,0.1409,0.3835,-14.4338,79.4309,36.2405,,15.0000,9.4732,16.2791,28.5896,-1.6568,28.5896,-35.7689,0.1974,failed_base
val,5,G,2025-05-06,12:25,NIFTY,2025-05-08,CE,24500,ATM,2,False,24398.4100,30.4000,23.2500,29.7500,0.0000,0.0000,1.1010,1.1450,29.7500,1,,,0.0669,0.0936,0.2817,-15.0447,37.2043,14.7335,,5.0000,-12.1711,-11.2953,4.7697,-14.3092,4.7697,-30.9211,-0.0470,failed_base
val,5,G,2025-05-06,14:00,NIFTY,2025-05-08,CE,24500,ATM,2,False,24399.4600,30.6500,24.5000,28.1500,0.0000,0.0000,1.2390,1.1290,28.1500,1,,,0.0514,0.0951,0.2836,-15.6267,30.0000,17.7394,,10.0000,-14.0294,-11.8796,3.9152,-21.2072,3.9152,-31.4845,-0.0767,failed_base
val,5,G,2025-05-07,11:25,NIFTY,2025-05-08,CE,24500,OTM1,1,False,24393.1700,32.2500,15.7500,28.3000,0.0000,0.0000,1.3240,1.4730,28.3000,1,,,0.3742,0.1334,0.2827,-30.2649,181.9048,50.9009,,15.0000,-37.2093,-39.5386,37.6744,-42.9457,37.6744,-57.6744,-0.2031,failed_base
val,5,G,2025-05-07,14:15,NIFTY,2025-05-08,CE,24500,OTM1,1,False,24377.0800,24.2500,13.6500,19.4000,0.0000,0.0000,4.4050,2.9730,19.4000,1,,,0.1233,0.1318,0.2396,-24.2427,140.2930,50.4573,,5.0000,-11.3402,-8.2421,15.4639,-32.9897,15.4639,-32.9897,-0.0331,failed_base
val,5,G,2025-05-05,11:55,NIFTY,2025-05-08,PE,24500,ITM1,3,False,24426.2700,151.1000,102.0000,139.7000,0.0000,0.0000,1.3650,1.1310,139.7000,1,,,-0.4517,0.1218,-0.6025,-18.3602,53.2353,20.9853,,5.0000,-6.5189,-8.3108,2.2502,-18.1999,2.2502,-30.3111,0.0354,failed_base
val,5,G,2025-05-06,13:10,NIFTY,2025-05-08,PE,24500,ATM,2,False,24380.1100,145.7000,128.6500,145.0000,0.0000,0.0000,1.1170,1.0570,145.0000,1,,,-0.0136,0.0948,-0.7511,-14.0527,16.7509,10.6858,,40.0000,-1.7845,2.9554,2.1620,-2.7111,29.1695,-10.8442,0.0121,failed_base
val,5,G,2025-05-08,13:15,NIFTY,2025-05-08,PE,24500,ITM1,0,False,24391.1000,110.6000,97.2000,107.7500,0.0000,0.0000,2.9110,2.3180,107.7500,1,,,-0.0172,0.1764,-0.9423,-1.6981,46.9136,19.5728,49.7606,15.0000,40.1447,24.7018,44.3038,0.0904,117.3146,0.0904,-0.1810,next_wave
val,5,G,2025-05-02,13:25,NIFTY,2025-05-08,CE,24600,OTM2,6,True,24364.6700,82.2000,58.7000,75.7000,0.0000,0.0000,1.6730,1.9540,75.7000,1,,,0.2753,0.1391,0.2990,-12.8460,82.6235,33.0224,,15.0000,8.6983,15.7566,30.4136,-1.2165,30.4136,-38.6253,0.1974,failed_base
val,5,G,2025-05-06,12:25,NIFTY,2025-05-08,CE,24600,OTM1,2,False,24398.4100,15.4000,12.4000,14.8500,0.0000,0.0000,1.2500,0.8930,14.8500,1,,,0.0669,0.1046,0.1524,-10.3364,31.4516,13.4969,,20.0000,-6.1688,-1.3267,5.8442,-8.4416,12.3377,-30.1948,-0.0470,failed_base
val,5,G,2025-05-06,14:00,NIFTY,2025-05-08,CE,24600,OTM1,2,False,24399.4600,16.5000,13.7500,15.3000,0.0000,0.0000,1.0250,1.1410,15.3000,1,,,0.0514,0.1084,0.1586,-11.2347,25.8182,15.6069,,10.0000,-13.3333,-11.5178,4.8485,-18.1818,4.8485,-34.8485,-0.0767,failed_base
val,5,G,2025-05-07,11:35,NIFTY,2025-05-08,CE,24600,OTM2,1,False,24411.8000,21.6500,9.6000,16.1500,0.0000,0.0000,1.6800,1.3030,16.1500,1,,,0.3464,0.1529,0.1880,-21.4176,141.6667,50.6466,,5.0000,-48.7298,-64.1293,4.8499,-54.2725,4.8499,-65.3580,-0.2737,failed_base
val,5,G,2025-05-07,14:15,NIFTY,2025-05-08,CE,24600,OTM2,1,False,24377.0800,12.9000,7.5000,10.3500,0.0000,0.0000,4.0950,2.5760,10.3500,1,,,0.1233,0.1506,0.1309,-12.9000,132.0000,47.7011,,5.0000,-10.4651,-6.2475,15.1163,-29.4574,15.1163,-29.4574,-0.0331,failed_base
val,5,G,2025-05-06,13:05,NIFTY,2025-05-08,PE,24600,ITM1,2,False,24379.0900,234.9500,212.9000,232.4000,0.0000,0.0000,0.8320,0.9360,232.4000,1,,,-0.0314,0.1090,-0.8612,-9.8665,12.0479,7.6504,,45.0000,0.5959,0.6308,1.2981,-4.0221,19.0040,-8.4273,-0.0067,failed_base
val,5,G,2025-05-12,12:30,NIFTY,2025-05-15,PE,24400,OTM2,3,False,24705.4600,79.2000,68.7000,78.1500,0.0000,0.0000,2.1010,0.8900,78.1500,1,,,-0.1183,0.2153,-0.2627,-26.9947,21.3246,20.8158,,5.0000,-10.9217,-10.5891,0.3157,-16.6667,0.3157,-39.4571,0.4434,failed_base
val,5,G,2025-05-12,11:30,NIFTY,2025-05-15,CE,24500,ITM1,3,False,24744.8800,339.0000,278.1000,327.9000,0.0000,0.0000,1.1990,0.9890,327.9000,1,,,0.0794,0.2104,0.6972,-28.4007,28.0475,11.4434,,5.0000,-4.1888,-3.3502,3.8348,-5.0442,60.9587,-10.3097,-0.0912,failed_base
val,5,G,2025-05-12,12:40,NIFTY,2025-05-15,CE,24500,ITM1,3,False,24829.6200,417.1000,304.0500,352.0000,0.0000,0.0000,2.2630,5.3950,352.0000,1,,,0.3283,0.2344,0.7345,-29.6826,70.0543,11.1788,,105.0000,-6.7969,-5.5425,1.0789,-9.1825,30.8199,-9.8058,-0.1286,next_wave
val,5,G,2025-05-15,13:15,NIFTY,2025-05-15,CE,24500,ITM1,0,False,24894.3000,400.1000,131.7000,261.4500,0.0000,0.0000,0.7000,1.2680,261.4500,1,,,0.8050,0.6244,0.9453,-5.7967,,,,,26.2059,27.6780,32.5419,-9.7726,56.9108,-9.7726,0.4254,session_end
val,5,G,2025-05-12,12:30,NIFTY,2025-05-15,PE,24500,OTM1,3,False,24705.4600,104.7500,91.2500,103.5000,0.0000,0.0000,2.0200,1.1030,103.5000,1,,,-0.1183,0.2094,-0.3295,-29.7646,20.4932,19.9636,,5.0000,-13.0788,-14.4326,0.6205,-15.9905,0.6205,-42.1957,0.4434,failed_base
val,5,G,2025-05-14,11:55,NIFTY,2025-05-15,PE,24500,OTM2,1,False,24628.6900,55.6500,31.5500,46.4500,0.0000,0.0000,1.7280,3.5130,46.4500,1,,,-0.2849,0.1965,-0.3153,-51.3782,110.3011,40.0904,,0.0000,-23.9892,-24.9724,2.4259,-32.4349,93.7107,-39.5328,0.1208,failed_base
val,5,G,2025-05-12,11:30,NIFTY,2025-05-15,CE,24600,ATM,3,False,24744.8800,268.4000,214.1000,257.9000,0.0000,0.0000,1.1520,0.8780,257.9000,1,,,0.0794,0.2043,0.6245,-30.4934,33.1154,13.3860,,5.0000,-4.6945,-4.2962,4.5641,-5.5142,72.7086,-11.4382,-0.0912,failed_base
val,5,G,2025-05-12,12:40,NIFTY,2025-05-15,CE,24600,ATM,3,False,24829.6200,343.1500,237.7000,280.6500,0.0000,0.0000,1.7140,4.2970,280.6500,1,,,0.3283,0.2291,0.6731,-32.5817,84.5814,12.4330,,105.0000,-8.3345,1.3297,1.0928,-10.9427,35.0867,-11.5839,-0.1286,next_wave
val,5,G,2025-05-15,13:15,NIFTY,2025-05-15,CE,24600,ATM,0,False,24894.3000,311.0000,73.7000,185.2000,0.0000,0.0000,0.3840,0.8100,185.2000,1,,,0.8050,0.6551,0.8724,-16.6967,,,,,31.2379,34.5139,39.3891,-13.2154,70.2572,-13.2154,0.4254,session_end
val,5,G,2025-05-12,12:30,NIFTY,2025-05-15,PE,24600,ATM,3,False,24705.4600,138.0000,119.6500,135.0000,0.0000,0.0000,2.0510,1.1830,135.0000,1,,,-0.1183,0.2045,-0.4067,-31.5996,20.2257,20.3337,,5.0000,-15.1449,-16.9465,0.2536,-17.6087,0.2536,-44.1304,0.4434,failed_base
val,5,G,2025-05-14,11:55,NIFTY,2025-05-15,PE,24600,OTM1,1,False,24628.6900,90.4000,54.7500,78.8500,0.0000,0.0000,2.1350,3.5560,78.8500,1,,,-0.2849,0.1890,-0.4541,-65.4794,90.8676,36.6986,,0.0000,-20.5752,-22.4396,1.1062,-28.4292,81.1394,-32.2456,0.1208,failed_base
val,5,G,2025-05-12,11:30,NIFTY,2025-05-15,CE,24700,OTM1,3,False,24744.8800,207.1000,159.0500,196.5000,0.0000,0.0000,1.3760,1.3380,196.5000,1,,,0.0794,0.2002,0.5422,-31.5529,40.0503,15.0168,,5.0000,-5.6736,-7.0655,4.9976,-6.6634,85.4901,-13.0855,-0.0912,failed_base
val,5,G,2025-05-12,12:40,NIFTY,2025-05-15,CE,24700,OTM1,3,False,24829.6200,273.9000,180.0000,217.4500,0.0000,0.0000,1.7570,4.7290,217.4500,1,,,0.3283,0.2220,0.6043,-34.1913,103.7500,14.1104,,105.0000,-8.8719,0.8394,0.9493,-12.3768,40.2519,-13.0705,-0.1286,next_wave
val,5,G,2025-05-15,13:15,NIFTY,2025-05-15,CE,24700,OTM1,0,False,24894.3000,223.3000,42.1500,121.4500,0.0000,0.0000,0.5590,1.5090,121.4500,1,,,1.1571,0.6095,0.7902,-28.9967,,,,,40.1478,33.6589,51.6794,-15.4948,92.6556,-15.4948,0.4254,session_end
val,5,G,2025-05-12,12:30,NIFTY,2025-05-15,PE,24700,ITM1,3,False,24705.4600,179.2000,155.0000,174.8000,0.0000,0.0000,1.9700,1.1900,174.8000,1,,,-0.1183,0.1996,-0.4913,-31.8743,20.0645,20.6609,,5.0000,-16.6574,-19.6327,0.3069,-19.6429,0.3069,-45.5357,0.4434,failed_base
val,5,G,2025-05-13,13:00,NIFTY,2025-05-15,PE,24700,OTM2,2,False,24594.6600,240.5500,152.9500,216.1500,0.0000,0.0000,1.3260,1.0210,216.1500,1,,,-0.4718,0.2454,-0.5869,-48.6289,66.9173,20.6816,,85.0000,-3.8869,4.1166,0.9354,-17.6471,6.1318,-23.0098,-0.0309,failed_base
val,5,G,2025-05-14,11:55,NIFTY,2025-05-15,PE,24700,ATM,1,False,24628.6900,142.0000,91.5000,126.4500,0.0000,0.0000,1.0390,2.6660,126.4500,1,,,-0.2849,0.1855,-0.6073,-58.9712,74.0984,30.6026,,0.0000,-16.5493,-18.8073,1.0563,-23.4859,65.5634,-23.6268,0.1208,failed_base
val,5,G,2025-05-12,11:30,NIFTY,2025-05-15,CE,24800,OTM2,3,False,24744.8800,152.3000,114.4500,144.1500,0.0000,0.0000,1.8440,1.1430,144.1500,1,,,0.0794,0.1940,0.4543,-30.5451,46.7890,17.0536,,5.0000,-5.2856,-6.9239,6.7958,-6.5332,103.3487,-13.9527,-0.0912,failed_base
val,5,G,2025-05-12,12:40,NIFTY,2025-05-15,CE,24800,OTM2,3,False,24829.6200,213.2500,131.0500,162.6500,0.0000,0.0000,4.8310,6.8750,162.6500,1,,,0.3283,0.2166,0.5275,-34.7197,128.6150,16.1549,,105.0000,-10.3869,-0.6794,1.1489,-13.9742,45.2286,-14.8417,-0.1286,next_wave
val,5,G,2025-05-15,13:15,NIFTY,2025-05-15,CE,24800,OTM2,0,False,24894.3000,144.3000,22.3000,74.8500,0.0000,0.0000,1.6370,3.0610,74.8500,1,,,1.1339,0.5624,0.6648,-49.9966,,,,,53.0492,33.9839,70.1317,-21.6216,128.6902,-21.6216,0.4254,session_end
val,5,G,2025-05-13,13:00,NIFTY,2025-05-15,PE,24800,OTM1,2,False,24594.6600,306.0000,202.6000,277.2000,0.0000,0.0000,0.7630,0.5280,277.2000,1,,,-0.4718,0.2482,-0.6668,-44.6845,61.4018,18.2263,,85.0000,-2.8922,5.2685,0.1961,-15.5229,6.8627,-18.8399,-0.0309,failed_base
val,5,G,2025-05-14,11:55,NIFTY,2025-05-15,PE,24800,ITM1,1,False,24628.6900,211.0000,145.2000,191.3000,0.0000,0.0000,0.8350,1.9910,191.3000,1,,,-0.2849,0.1873,-0.7434,-38.4502,58.6088,24.2510,,0.0000,-12.6540,-18.7513,1.0427,-18.0569,50.9479,-18.0569,0.1208,failed_base
val,5,G,2025-05-19,12:10,NIFTY,2025-05-22,PE,24800,OTM2,3,False,25000.0400,89.1000,74.6500,85.4000,0.0000,0.0000,2.0920,4.3120,85.4000,1,,,-0.1889,0.1855,-0.3170,-26.1051,29.8058,16.6667,,15.0000,-7.6880,-7.0233,8.7542,-11.7284,34.1751,-17.3962,0.0294,failed_base
val,5,G,2025-05-19,14:05,NIFTY,2025-05-22,PE,24800,OTM2,3,False,24944.2200,101.0000,73.6000,87.5500,0.0000,0.0000,4.3720,1.0930,87.5500,1,,,-0.3079,0.1796,-0.3589,-27.1263,62.4321,,,15.0000,0.7921,2.6453,18.3663,-3.5149,18.3663,-15.0990,-0.0100,session_end
val,5,G,2025-05-20,12:55,NIFTY,2025-05-22,PE,24800,OTM2,2,False,24830.5100,119.8500,76.0000,103.0000,0.0000,0.0000,3.2990,2.2890,103.0000,1,,,-0.2749,0.1789,-0.4611,-36.7863,131.5789,,,115.0000,2.7952,10.8379,17.2299,-4.0467,46.8502,-5.3400,-0.1302,session_end
val,5,G,2025-05-16,13:20,NIFTY,2025-05-22,CE,24900,ITM1,6,True,25032.0400,250.1000,217.2500,248.0000,0.0000,0.0000,0.9300,0.7640,248.0000,1,,,0.1254,0.1372,0.6200,-14.3662,21.9793,11.6981,,15.0000,-2.8189,1.4461,5.9576,-6.4374,5.9576,-6.4374,-0.0282,failed_base
val,5,G,2025-05-19,12:10,NIFTY,2025-05-22,PE,24900,OTM1,3,False,25000.0400,122.5000,103.2500,118.5500,0.0000,0.0000,1.7830,3.1000,118.5500,1,,,-0.1889,0.1819,-0.4025,-28.2775,27.9903,15.2478,,15.0000,-6.6531,-5.6088,7.8776,-10.6122,32.2449,-15.7143,0.0294,failed_base
val,5,G,2025-05-19,14:05,NIFTY,2025-05-22,PE,24900,OTM1,3,False,24944.2200,140.0000,103.2500,120.4500,0.0000,0.0000,4.9250,1.4750,120.4500,1,,,-0.2621,0.1771,-0.4530,-28.7049,56.9007,,,15.0000,0.2143,2.4053,15.7143,-3.9286,15.7143,-12.1429,-0.0100,session_end
val,5,G,2025-05-20,12:55,NIFTY,2025-05-22,PE,24900,OTM1,2,False,24830.5100,172.9000,117.3000,150.9500,0.0000,0.0000,1.4200,1.3840,150.9500,1,,,-0.2502,0.1796,-0.5782,-36.1421,112.2336,,,115.0000,5.6680,10.2837,14.4303,-3.0654,43.9850,-3.0654,-0.1302,session_end
val,5,G,2025-05-16,13:20,NIFTY,2025-05-22,CE,25000,ATM,6,True,25032.0400,191.4000,164.2500,189.9500,0.0000,0.0000,0.9660,0.7880,189.9500,1,,,0.1254,0.1358,0.5320,-14.9295,23.8965,13.1204,,20.0000,-3.6834,1.7762,6.3218,-7.6280,6.3218,-7.6280,-0.0282,failed_base
val,5,G,2025-05-19,12:10,NIFTY,2025-05-22,PE,25000,ATM,3,False,25000.0400,164.9500,141.6000,161.8500,0.0000,0.0000,1.3400,2.7320,161.8500,1,,,-0.1889,0.1785,-0.4964,-28.7663,25.1766,13.6812,,15.0000,-4.7287,-3.3580,7.4568,-8.7602,30.3425,-13.0343,0.0294,failed_base
val,5,G,2025-05-19,14:05,NIFTY,2025-05-22,PE,25000,ATM,3,False,24944.2200,188.0500,143.4500,164.8000,0.0000,0.0000,3.3620,1.0380,164.8000,1,,,-0.2621,0.1740,-0.5523,-28.1156,49.8780,,,15.0000,0.7445,2.3253,14.3313,-2.7918,14.3313,-9.5985,-0.0100,session_end
val,5,G,2025-05-20,12:55,NIFTY,2025-05-22,PE,25000,ATM,2,False,24830.5100,239.4000,175.0500,211.8500,0.0000,0.0000,1.6040,1.4580,211.8500,1,,,-0.2502,0.1835,-0.6845,-32.3081,90.4027,,,115.0000,6.9340,5.4803,13.1370,-2.1303,39.2231,-2.1303,-0.1302,session_end
val,5,G,2025-05-16,13:35,NIFTY,2025-05-22,CE,25100,OTM1,6,True,25045.9600,146.7000,122.0000,142.9500,0.0000,0.0000,1.6710,2.1260,142.9500,1,,,0.1811,0.1336,0.4532,-14.6602,25.1639,14.3746,,5.0000,-2.8971,-0.2517,1.6019,-10.8725,2.9312,-10.8725,-0.0518,failed_base
val,5,G,2025-05-19,11:50,NIFTY,2025-05-22,PE,25100,ITM1,3,False,25007.9500,215.9000,190.6000,211.4500,0.0000,0.0000,0.8970,0.8250,211.4500,1,,,-0.0546,0.1786,-0.5840,-27.9295,22.4554,11.3539,,35.0000,-0.4169,-0.1477,8.1056,-6.5771,28.7865,-8.8467,-0.0030,failed_base
val,5,G,2025-05-19,14:05,NIFTY,2025-05-22,PE,25100,ITM1,3,False,24944.2200,247.5000,196.8000,222.6000,0.0000,0.0000,2.9490,0.8710,222.6000,1,,,-0.2621,0.1725,-0.6500,-25.6996,41.2856,,,15.0000,1.6364,1.7130,12.3434,-1.9798,12.3434,-5.7980,-0.0100,session_end
val,5,G,2025-05-20,12:55,NIFTY,2025-05-22,PE,25100,ITM1,2,False,24830.5100,316.6500,246.3000,286.3500,0.0000,0.0000,1.8880,1.5950,286.3500,1,,,-0.2502,0.1897,-0.7706,-26.8234,71.7012,,,115.0000,7.2162,6.9279,11.8743,-1.5790,33.5544,-1.5790,-0.1302,session_end
val,5,G,2025-05-16,13:35,NIFTY,2025-05-22,CE,25200,OTM2,6,True,25045.9600,107.8000,89.9000,106.3500,0.0000,0.0000,1.4030,1.7410,106.3500,1,,,0.1811,0.1347,0.3650,-13.9528,24.9722,15.0868,,5.0000,-3.1540,0.9220,1.5770,-11.5028,2.7365,-11.5028,-0.0518,failed_base
val,5,G,2025-05-23,10:55,NIFTY,2025-05-29,CE,24800,OTM2,6,True,24931.4200,287.3000,190.1000,247.6000,0.0000,0.0000,0.6730,1.7680,247.6000,1,,,0.4602,0.1669,0.5996,-17.5297,64.8343,23.7115,,10.0000,-3.7939,-11.3676,9.0672,-4.2812,9.0672,-17.8211,-0.0955,failed_base
val,5,G,2025-05-27,11:10,NIFTY,2025-05-29,CE,24800,ITM1,2,False,24909.4000,259.2000,190.1000,220.6000,0.0000,0.0000,3.0020,2.2120,220.6000,1,,,0.4932,0.2608,0.5901,-51.0599,119.4897,46.6147,,30.0000,33.1019,27.0727,60.9761,-6.0185,60.9761,-32.2531,0.4355,stalled
val,5,G,2025-05-28,12:40,NIFTY,2025-05-29,CE,24800,ATM,1,False,24817.8500,145.8500,117.0500,139.7500,0.0000,0.0000,1.5330,1.6680,139.7500,1,,,0.1677,0.2497,0.5234,-91.9126,46.0060,22.2352,,20.0000,0.6171,4.1759,17.1752,-4.6966,17.1752,-41.7209,0.0495,failed_base
val,5,G,2025-05-26,12:55,NIFTY,2025-05-29,PE,24800,OTM2,3,False,24986.9400,142.1000,113.1000,136.8000,0.0000,0.0000,1.3650,1.3290,136.8000,1,,,-0.0768,0.2437,-0.3648,-36.7866,32.9355,17.7586,,10.0000,-6.0873,-5.3041,5.8058,-12.9838,5.8058,-28.6770,0.0447,failed_base
val,5,G,2025-05-27,14:05,NIFTY,2025-05-29,PE,24800,OTM1,2,False,24807.2800,195.3000,147.8000,182.0000,0.0000,0.0000,1.9920,2.1230,182.0000,1,,,-0.2730,0.2677,-0.4900,-56.2253,61.3667,25.8700,,25.0000,-1.4849,-2.1960,22.1198,-5.0947,22.1198,-25.3456,-0.0091,failed_base
val,5,G,2025-05-29,12:45,NIFTY,2025-05-29,PE,24800,ATM,0,False,24685.7500,128.4000,84.1500,109.4000,0.0000,0.0000,1.6150,1.9210,109.4000,1,,,-0.1803,0.3014,-0.8056,-14.1476,86.5716,34.9363,,5.0000,-42.7570,-41.8807,2.9984,-50.1947,2.9984,-99.9611,0.2503,failed_base
val,5,G,2025-05-27,11:10,NIFTY,2025-05-29,CE,24900,ATM,2,False,24909.4000,206.4000,147.3500,173.2500,0.0000,0.0000,4.8880,2.3020,173.2500,1,,,0.4932,0.2627,0.5113,-53.2390,61.8935,24.1040,93.0682,5.0000,36.7733,33.5414,69.3556,-7.6550,69.3556,-32.8246,0.4355,next_wave
val,5,G,2025-05-28,12:40,NIFTY,2025-05-29,CE,24900,OTM1,1,False,24817.8500,108.5500,83.4500,103.8500,0.0000,0.0000,1.5740,1.7030,103.8500,1,,,0.1677,0.2660,0.4140,-91.2964,52.6663,25.4317,,20.0000,-1.1055,4.1145,17.3653,-5.5274,17.3653,-47.4896,0.0495,failed_base
val,5,G,2025-05-26,12:55,NIFTY,2025-05-29,PE,24900,OTM1,3,False,24986.9400,180.0500,145.9500,174.1500,0.0000,0.0000,1.3220,1.4580,174.1500,1,,,-0.0768,0.2406,-0.4330,-38.3543,29.5649,15.9704,,10.0000,-5.2208,-4.0861,5.0264,-11.7467,5.0264,-26.1872,0.0447,failed_base
val,5,G,2025-05-27,14:05,NIFTY,2025-05-29,PE,24900,ATM,2,False,24807.2800,252.8500,195.4000,232.9000,0.0000,0.0000,1.2680,1.3490,232.9000,1,,,-0.2730,0.2729,-0.5680,-56.1094,54.1709,25.4772,,25.0000,-1.1272,-0.9148,19.1418,-4.5877,19.1418,-23.0769,-0.0091,failed_base
val,5,G,2025-05-29,12:45,NIFTY,2025-05-29,PE,24900,ITM1,0,False,24685.7500,222.2500,171.7500,200.6000,0.0000,0.0000,1.3740,1.8050,200.6000,1,,,-0.1803,0.3817,-0.8987,-7.9976,46.3464,22.2996,,5.0000,-26.5917,-31.2091,2.3622,-34.6682,2.3622,-71.7660,0.2503,failed_base
val,5,G,2025-05-29,14:15,NIFTY,2025-05-29,PE,24900,ITM1,0,False,24712.1000,190.4500,141.9000,184.1000,0.0000,0.0000,1.0640,0.9490,184.1000,1,,,-0.1295,0.3907,-0.9474,-2.5472,39.6054,26.0979,,5.0000,-22.3681,-23.3756,-0.1050,-27.4350,-0.1050,-67.0517,0.1685,failed_base
val,5,G,2025-05-27,11:10,NIFTY,2025-05-29,CE,25000,OTM1,2,False,24909.4000,159.0500,112.7000,133.4000,0.0000,0.0000,3.4790,1.9910,133.4000,1,,,0.4932,0.2614,0.4325,-51.9566,64.1526,26.5135,111.1070,5.0000,41.3078,39.2106,80.4464,-8.6136,80.4464,-32.5684,0.4355,next_wave
val,5,G,2025-05-28,12:35,NIFTY,2025-05-29,CE,25000,OTM2,1,False,24816.9000,77.7000,58.2000,72.7500,0.0000,0.0000,1.7700,1.2110,72.7500,1,,,0.1347,0.2760,0.3181,-73.6692,60.7388,29.2357,,25.0000,12.7413,16.0412,20.3990,-8.6229,20.3990,-52.3810,0.1508,failed_base
val,5,G,2025-05-26,12:55,NIFTY,2025-05-29,PE,25000,ATM,3,False,24986.9400,224.4000,184.5000,217.7000,0.0000,0.0000,1.1850,1.2930,217.7000,1,,,-0.0768,0.2369,-0.5049,-38.3879,27.3442,14.5776,,10.0000,-4.7460,-3.3762,4.7014,-10.5615,4.7014,-23.4403,0.0447,failed_base
val,5,G,2025-05-27,14:05,NIFTY,2025-05-29,PE,25000,ITM1,2,False,24807.2800,316.8000,249.1500,290.2500,0.0000,0.0000,1.3990,1.3120,290.2500,1,,,-0.2730,0.2766,-0.6411,-52.9347,48.0835,23.6075,,25.0000,-0.9785,1.2312,16.4615,-4.1982,16.4615,-20.3914,-0.0091,failed_base
val,5,G,2025-05-27,11:10,NIFTY,2025-05-29,CE,25100,OTM2,2,False,24909.4000,116.7500,83.0500,99.3000,0.0000,0.0000,4.3220,1.9150,99.3000,1,,,0.4932,0.2563,0.3538,-47.1974,68.0313,28.0545,131.3247,5.0000,51.6060,49.2365,98.9293,-7.4090,98.9293,-31.1349,0.4355,next_wave
val,5,G,2025-05-26,12:55,NIFTY,2025-05-29,PE,25100,ITM1,3,False,24986.9400,276.4500,232.7500,268.7000,0.0000,0.0000,0.9620,1.1390,268.7000,1,,,-0.0768,0.2336,-0.5784,-36.9414,23.9098,13.1761,,10.0000,-3.9248,-5.4155,4.3227,-9.4230,4.3227,-20.8718,0.0447,failed_base
val,5,G,2025-06-02,12:10,NIFTY,2025-06-05,CE,24500,ITM1,3,False,24681.3500,321.1500,277.2500,320.1500,0.0000,0.0000,1.3040,0.8720,320.1500,1,,,0.1671,0.2405,0.6334,-35.6682,42.7773,22.4075,,35.0000,22.1859,19.2079,23.2602,-0.2647,23.2602,-5.4959,0.3533,failed_base
val,5,G,2025-06-04,14:00,NIFTY,2025-06-05,CE,24500,ITM1,1,False,24628.7700,159.3000,133.3500,152.5000,0.0000,0.0000,1.1630,1.2120,152.5000,1,,,0.1346,0.1490,0.7441,-30.4745,31.2711,15.4242,,15.0000,-5.0534,-6.1695,9.8870,-7.0621,9.8870,-11.9586,-0.0503,failed_base
val,5,G,2025-06-05,11:30,NIFTY,2025-06-05,CE,24500,ITM1,0,False,24730.9500,232.6000,184.1000,230.0000,0.0000,0.0000,1.6030,1.4510,230.0000,1,,,0.0482,0.2396,0.9667,-1.6491,41.7436,15.0604,,5.0000,0.7739,5.4840,2.1281,-12.8117,78.3534,-21.7541,0.0028,failed_base
val,5,G,2025-06-03,13:00,NIFTY,2025-06-05,PE,24500,OTM2,2,False,24552.1400,183.1000,122.3500,159.1000,0.0000,0.0000,2.0010,4.5140,159.1000,1,,,-0.4194,0.2803,-0.4558,-56.9419,61.5039,27.1761,,0.0000,-25.6963,-21.6199,6.4173,-27.6898,6.4173,-61.6876,0.0690,failed_base
val,5,G,2025-06-02,12:10,NIFTY,2025-06-05,CE,24600,ATM,3,False,24681.3500,263.7000,224.3500,262.3500,0.0000,0.0000,1.0330,0.8340,262.3500,1,,,0.1671,0.2422,0.5625,-37.9696,48.2282,24.9135,,35.0000,24.5165,19.4893,26.1092,-0.1896,26.1092,-6.0675,0.3533,failed_base
val,5,G,2025-06-05,11:30,NIFTY,2025-06-05,CE,24600,ATM,0,False,24730.9500,138.4000,92.7000,134.2500,0.0000,0.0000,1.7030,1.8330,134.2500,1,,,0.0482,0.2195,0.8716,-7.4491,79.2341,24.6464,,5.0000,0.6503,4.7740,2.3844,-22.2182,129.6965,-36.7052,0.0028,failed_base
val,5,G,2025-06-03,13:00,NIFTY,2025-06-05,PE,24600,OTM1,2,False,24552.1400,234.6500,164.5000,209.0000,0.0000,0.0000,1.4000,3.2420,209.0000,1,,,-0.4194,0.2820,-0.5318,-57.4769,54.1641,24.3888,,0.0000,-19.7528,-13.8025,5.9876,-21.8623,5.9876,-52.4824,0.0690,failed_base
val,5,G,2025-06-02,12:10,NIFTY,2025-06-05,CE,24700,OTM1,3,False,24681.3500,212.5500,177.8000,211.4500,0.0000,0.0000,2.0320,1.5070,211.4500,1,,,0.1671,0.2429,0.4908,-38.6410,54.6119,27.4645,,35.0000,27.4994,26.0761,29.3343,-0.1411,29.3343,-7.0101,0.3533,failed_base
val,5,G,2025-06-05,11:30,NIFTY,2025-06-05,CE,24700,OTM1,0,False,24730.9500,59.7500,30.7500,53.7000,0.0000,0.0000,1.7520,1.9000,53.7000,1,,,0.0482,0.2017,0.6151,-28.7991,182.7642,43.9908,,5.0000,9.4561,-1.3971,13.6402,-34.5607,277.6569,-61.0879,0.0028,failed_base
val,5,G,2025-06-03,13:00,NIFTY,2025-06-05,PE,24700,ATM,2,False,24552.1400,295.3500,213.7000,264.7500,0.0000,0.0000,1.3010,3.3650,264.7500,1,,,-0.4194,0.2861,-0.6045,-55.7398,48.3154,22.0382,,0.0000,-15.7271,-11.2356,4.9602,-17.2846,4.9602,-42.9998,0.0690,failed_base
val,5,G,2025-06-02,12:10,NIFTY,2025-06-05,CE,24800,OTM2,3,False,24681.3500,167.8000,139.0500,167.7500,0.0000,0.0000,1.5320,1.2620,167.7500,1,,,0.1671,0.2428,0.4198,-37.6814,59.9065,29.8628,,35.0000,30.5125,29.0560,32.5089,-0.0298,32.5089,-7.8367,0.3533,failed_base
val,5,G,2025-06-05,11:30,NIFTY,2025-06-05,CE,24800,OTM2,0,False,24730.9500,23.4000,10.6000,19.7500,0.0000,0.0000,2.3460,1.8020,19.7500,1,,,0.0482,0.2397,0.2940,-23.4000,283.9623,59.7052,,5.0000,27.1368,26.8958,34.8291,-41.4530,527.7778,-99.7863,0.0028,failed_base
val,5,G,2025-06-03,13:00,NIFTY,2025-06-05,PE,24800,ITM1,2,False,24552.1400,360.1000,267.6500,326.0000,0.0000,0.0000,1.2370,3.0560,326.0000,1,,,-0.4194,0.2861,-0.6739,-50.7941,43.2468,19.5227,,0.0000,-12.1355,-12.9772,4.4016,-14.1766,4.4016,-34.3238,0.0690,failed_base
val,5,G,2025-06-06,12:00,NIFTY,2025-06-12,CE,24900,OTM1,6,True,25064.2700,295.2000,209.9500,275.8000,0.0000,0.0000,0.7060,0.3690,275.8000,1,,,0.4012,0.1569,0.6298,-16.2159,42.5101,17.0789,,5.0000,-15.4472,-18.5503,1.2534,-19.2920,1.2534,-26.4736,-0.1863,failed_base
val,5,G,2025-06-06,14:30,NIFTY,2025-06-12,CE,24900,OTM1,6,True,25048.2400,262.4000,217.0500,251.6000,0.0000,0.0000,1.2400,2.1860,251.6000,1,,,0.1885,0.1395,0.6322,-14.5136,22.8058,11.9302,,0.0000,-5.7927,1.0359,-0.1905,-11.0137,-0.1905,-11.1090,-0.0499,failed_base
val,5,G,2025-06-10,14:05,NIFTY,2025-06-12,PE,24900,OTM2,2,False,25126.5600,27.0000,22.4000,26.4500,0.0000,0.0000,1.1210,1.4940,26.4500,1,,,-0.0590,0.1374,-0.1886,-17.1091,31.9196,14.8900,,30.0000,2.9630,3.8914,9.4444,-4.0741,39.8148,-9.2593,-0.0461,failed_base
val,5,G,2025-06-06,12:00,NIFTY,2025-06-12,CE,25000,OTM2,6,True,25064.2700,234.3500,158.4000,216.7500,0.0000,0.0000,1.1700,0.6320,216.7500,1,,,0.4012,0.1550,0.5542,-16.8552,50.4735,19.6769,,5.0000,-18.2846,-24.9071,1.5575,-22.0397,1.5575,-30.0619,-0.1863,failed_base
val,5,G,2025-06-06,14:30,NIFTY,2025-06-12,CE,25000,OTM2,6,True,25048.2400,202.2500,163.9000,192.6500,0.0000,0.0000,1.7800,2.8060,192.6500,1,,,0.1885,0.1380,0.5462,-15.1879,24.9847,13.2780,,0.0000,-7.2682,-2.4482,-0.0989,-12.8554,-0.0989,-13.8443,-0.0499,failed_base
val,5,G,2025-06-11,12:00,NIFTY,2025-06-12,CE,25000,ITM1,1,False,25210.1700,231.9500,180.7000,227.1000,0.0000,0.0000,0.9050,1.1620,227.1000,1,,,0.1906,0.1616,0.8234,-21.6609,34.8921,11.6923,,30.0000,-1.0563,-1.3200,5.0873,-4.5700,5.0873,-35.7620,-0.0053,failed_base
val,5,G,2025-06-12,13:35,NIFTY,2025-06-12,PE,25000,OTM2,0,False,24929.3500,89.1500,16.6500,36.3000,0.0000,0.0000,2.0160,2.7220,36.3000,1,,,-0.3701,0.3077,-0.7322,-18.4975,1063.6637,,,40.0000,85.6422,79.1769,93.0454,-10.8805,117.3303,-10.8805,-0.3610,session_end
val,5,G,2025-06-11,12:00,NIFTY,2025-06-12,CE,25100,ATM,1,False,25210.1700,151.4500,106.1000,146.8000,0.0000,0.0000,0.7590,1.0330,146.8000,1,,,0.1906,0.1517,0.6981,-38.7433,52.3563,16.2697,,30.0000,-2.6411,4.3497,6.7349,-6.7679,6.7349,-46.0548,-0.0053,failed_base
val,5,G,2025-06-09,11:50,NIFTY,2025-06-12,PE,25100,ATM,3,False,25104.0500,140.2500,125.0500,140.0500,0.0000,0.0000,0.8800,1.1970,140.0500,1,,,-0.1230,0.1529,-0.4924,-24.6846,15.1140,8.7878,,10.0000,-4.2781,-4.4826,2.6381,-4.9554,2.6381,-11.2299,0.0399,failed_base
val,5,G,2025-06-10,14:20,NIFTY,2025-06-12,PE,25100,ATM,2,False,25116.6400,79.5000,65.0000,77.4000,0.0000,0.0000,1.3820,0.8590,77.4000,1,,,-0.0788,0.1167,-0.4679,-24.8078,29.4615,12.0618,,15.0000,3.1447,2.5631,8.4277,-7.7987,33.1447,-7.7987,-0.0222,failed_base
val,5,G,2025-06-12,13:35,NIFTY,2025-06-12,PE,25100,OTM1,0,False,24929.3500,176.6500,63.9500,102.8500,0.0000,0.0000,1.5550,2.3010,102.8500,1,,,-0.3701,0.3551,-0.9025,-5.9975,356.9195,,,40.0000,49.4764,49.4293,52.3917,-6.7082,65.4118,-6.7082,-0.3610,session_end
val,5,G,2025-06-11,12:00,NIFTY,2025-06-12,CE,25200,OTM1,1,False,25210.1700,87.9000,54.8500,85.6000,0.0000,0.0000,1.5360,1.9760,85.6000,1,,,0.1906,0.1468,0.5211,-53.0211,73.9289,21.5933,,30.0000,-3.4130,3.5251,8.5324,-9.6132,8.5324,-55.0626,-0.0053,failed_base
val,5,G,2025-06-09,11:50,NIFTY,2025-06-12,PE,25200,ITM1,3,False,25104.0500,195.3000,175.0500,193.3500,0.0000,0.0000,0.7290,1.2160,193.3500,1,,,-0.1230,0.1526,-0.6029,-23.6143,14.3102,7.5462,,10.0000,-3.7890,-3.5927,2.4578,-4.2499,2.4578,-9.5750,0.0399,failed_base
val,5,G,2025-06-10,14:25,NIFTY,2025-06-12,PE,25200,ITM1,2,False,25113.6200,138.5500,119.0000,132.1000,0.0000,0.0000,1.4080,1.4440,132.1000,1,,,-0.0738,0.1182,-0.6491,-22.7660,17.3950,8.8404,,10.0000,2.7788,1.8667,3.3923,-8.8416,22.2302,-8.8416,-0.0390,failed_base
val,5,G,2025-06-12,13:35,NIFTY,2025-06-12,PE,25200,ATM,0,False,24929.3500,273.7500,142.7500,193.2000,0.0000,0.0000,1.8040,2.2990,193.2000,1,,,-0.4067,0.4348,-0.9531,-3.0975,174.9912,,,40.0000,32.6758,10.5531,34.3379,-4.6027,43.3973,-4.6027,-0.3610,session_end
val,5,G,2025-06-12,13:35,NIFTY,2025-06-12,PE,25300,ITM1,0,False,24929.3500,371.9000,234.7500,289.0500,0.0000,0.0000,2.9380,2.6710,289.0500,1,,,-0.4067,0.4817,-0.9807,-1.2475,109.6273,,,40.0000,24.0791,26.6044,25.7999,-3.2267,32.3205,-3.2267,-0.3610,session_end
val,5,G,2025-06-13,12:25,NIFTY,2025-06-19,CE,24600,ATM,6,True,24705.6100,242.0000,203.6000,236.0500,0.0000,0.0000,1.0530,2.3890,236.0500,1,,,0.2508,0.1449,0.5932,-15.2388,29.6415,11.8583,,0.0000,-5.4545,-3.9450,1.9628,-8.8430,9.0909,-15.1860,-0.0963,failed_base
val,5,G,2025-06-13,13:45,NIFTY,2025-06-19,CE,24600,ATM,6,True,24727.0200,252.4000,214.5000,239.8000,0.0000,0.0000,1.6820,1.8900,239.8000,1,,,0.2052,0.1435,0.6124,-14.9633,23.0769,13.5606,,10.0000,-6.4976,-1.1892,4.5959,-10.8162,4.5959,-18.6807,-0.0811,failed_base
val,5,G,2025-06-13,12:25,NIFTY,2025-06-19,CE,24700,OTM1,6,True,24705.6100,182.4000,150.9500,177.5000,0.0000,0.0000,1.6520,3.0920,177.5000,1,,,0.2508,0.1408,0.5080,-15.2724,33.6867,13.7265,,0.0000,-6.4419,-1.7082,2.4397,-10.0877,10.0329,-16.6667,-0.0963,failed_base
val,5,G,2025-06-13,13:45,NIFTY,2025-06-19,CE,24700,OTM1,6,True,24727.0200,190.4000,158.1000,179.3500,0.0000,0.0000,2.1170,2.4750,179.3500,1,,,0.2052,0.1390,0.5273,-15.1290,26.9450,15.4709,,10.0000,-7.7994,-0.8922,5.4097,-12.3950,5.4097,-20.1681,-0.0811,failed_base
val,5,G,2025-06-16,12:40,NIFTY,2025-06-19,CE,24700,ITM1,3,False,24968.6400,330.8500,274.7500,313.2500,0.0000,0.0000,1.4740,1.6350,313.2500,1,,,0.2462,0.1776,0.7473,-21.9113,22.0382,12.0042,,10.0000,-5.7579,-4.4338,1.3450,-10.8206,2.9318,-10.8206,-0.0764,failed_base
val,5,G,2025-06-19,14:05,NIFTY,2025-06-19,CE,24700,ITM1,0,False,24835.8000,138.5500,98.9000,114.6000,0.0000,0.0000,4.6030,1.9010,114.6000,1,,,0.1246,0.2898,0.9318,-2.7507,53.9939,30.2364,,25.0000,-4.0058,36.4841,9.9242,-13.3887,9.9242,-32.8040,-0.0169,failed_base
val,5,G,2025-06-17,12:55,NIFTY,2025-06-19,PE,24700,OTM2,2,False,24814.0100,69.0000,41.5500,53.6000,0.0000,0.0000,5.0280,2.2690,53.6000,1,,,-0.2540,0.1563,-0.3468,-29.0804,75.6919,30.9589,,10.0000,-18.3333,-12.1714,5.7971,-18.4058,5.7971,-30.0725,0.1168,failed_base
val,5,G,2025-06-17,15:00,NIFTY,2025-06-19,PE,24700,OTM2,2,False,24837.4000,57.9500,48.2500,56.0500,0.0000,0.0000,2.7160,1.0470,56.0500,1,,,-0.0718,0.1547,-0.3127,-27.9296,,,,,9.9223,7.6709,16.4797,-5.5220,16.4797,-5.5220,-0.0233,session_end
val,5,G,2025-06-13,12:25,NIFTY,2025-06-19,CE,24800,OTM2,6,True,24705.6100,132.5500,108.0500,128.8500,0.0000,0.0000,1.8460,2.9400,128.8500,1,,,0.2508,0.1375,0.4182,-14.5795,38.3156,16.1593,,0.0000,-7.5443,-4.2729,2.3765,-11.5805,10.6752,-18.2573,-0.0963,failed_base
val,5,G,2025-06-13,13:45,NIFTY,2025-06-19,CE,24800,OTM2,6,True,24727.0200,138.0500,111.9000,129.9000,0.0000,0.0000,2.8890,2.6060,129.9000,1,,,0.2052,0.1352,0.4358,-14.5500,31.0992,17.6892,,10.0000,-9.5618,-2.6343,6.2658,-14.1615,6.2658,-21.5139,-0.0811,failed_base
val,5,G,2025-06-16,12:40,NIFTY,2025-06-19,CE,24800,ATM,3,False,24968.6400,253.5000,203.9500,238.6000,0.0000,0.0000,1.6330,1.7740,238.6000,1,,,0.2462,0.1689,0.6704,-24.2435,26.5751,14.8363,,10.0000,-6.9034,-5.5202,1.8343,-13.2742,3.7870,-13.2742,-0.0764,failed_base
val,5,G,2025-06-17,12:50,NIFTY,2025-06-19,PE,24800,OTM1,2,False,24839.9700,87.1500,66.6500,84.1500,0.0000,0.0000,2.8030,1.7580,84.1500,1,,,-0.1812,0.1407,-0.4379,-28.6192,63.5409,27.4312,,15.0000,2.3523,10.5283,25.0717,-0.8606,25.0717,-13.6546,0.0036,failed_base
val,5,G,2025-06-17,15:00,NIFTY,2025-06-19,PE,24800,OTM1,2,False,24837.4000,89.6500,75.2500,86.9000,0.0000,0.0000,2.2410,1.2420,86.9000,1,,,-0.0718,0.1457,-0.4424,-30.6101,,,,,7.2504,7.9740,10.9872,-5.4657,10.9872,-5.4657,-0.0233,session_end
val,5,G,2025-06-16,12:40,NIFTY,2025-06-19,CE,24900,OTM1,3,False,24968.6400,185.9500,143.7000,173.6000,0.0000,0.0000,1.6800,1.7080,173.6000,1,,,0.2462,0.1623,0.5754,-25.6625,31.8720,17.8100,,10.0000,-8.8734,-7.5100,1.9091,-16.2409,4.3022,-16.2409,-0.0764,failed_base
val,5,G,2025-06-17,12:50,NIFTY,2025-06-19,PE,24900,ATM,2,False,24839.9700,135.5500,107.1000,131.8500,0.0000,0.0000,1.7180,1.3770,131.8500,1,,,-0.1936,0.1362,-0.5899,-27.1575,51.1671,20.6300,,15.0000,0.8853,-0.3425,19.4393,-1.0697,19.4393,-12.7997,0.0036,failed_base
val,5,G,2025-06-19,12:50,NIFTY,2025-06-19,PE,24900,ITM1,0,False,24798.1000,104.5000,70.0000,93.2000,0.0000,0.0000,2.5040,1.9770,93.2000,1,,,-0.0725,0.1668,-0.9203,-2.5979,63.9286,20.8279,,5.0000,-2.4402,-2.7663,5.2632,-11.2440,5.2632,-47.8469,0.0079,failed_base
val,5,G,2025-06-16,12:40,NIFTY,2025-06-19,CE,25000,OTM2,3,False,24968.6400,129.3500,95.6000,119.8000,0.0000,0.0000,1.7680,1.6020,119.8000,1,,,0.2462,0.1569,0.4681,-25.2674,38.2845,20.7262,,10.0000,-10.4368,-8.5965,2.2033,-18.9795,3.9041,-20.2165,-0.0764,failed_base
val,5,G,2025-06-17,12:50,NIFTY,2025-06-19,PE,25000,ITM1,2,False,24839.9700,201.8000,165.9000,195.8000,0.0000,0.0000,2.0120,1.5610,195.8000,1,,,-0.1812,0.1357,-0.7311,-21.5593,39.9036,18.7204,,15.0000,0.1734,0.1335,15.0149,-0.9415,15.0149,-10.3072,0.0036,failed_base
val,5,G,2025-06-20,13:35,NIFTY,2025-06-26,CE,24800,ITM1,6,True,25115.7200,381.5500,306.7000,373.5000,0.0000,0.0000,0.9340,0.7100,373.5000,1,,,0.2122,0.1418,0.7573,-11.9802,31.7085,9.0729,,105.0000,-4.7831,-4.7523,1.0353,-6.2770,5.8708,-7.6268,-0.0848,failed_base
val,5,G,2025-06-23,13:25,NIFTY,2025-06-26,CE,24800,ITM1,3,False,25032.0200,299.4500,227.6000,250.5000,0.0000,0.0000,4.7950,1.7260,250.5000,1,,,0.3302,0.1719,0.7244,-22.5588,53.5149,,,50.0000,1.9870,2.7141,7.7642,-2.2875,16.6806,-16.6305,0.0278,session_end
val,5,G,2025-06-20,12:35,NIFTY,2025-06-26,PE,24800,OTM1,6,True,25007.5700,84.5000,70.1500,80.0500,0.0000,0.0000,2.7380,2.6630,80.0500,1,,,-0.1511,0.1309,-0.3082,-12.5640,21.7391,13.5831,,10.0000,-15.9763,-14.4192,1.0651,-18.2840,1.0651,-25.7988,0.2532,failed_base
val,5,G,2025-06-20,13:35,NIFTY,2025-06-26,CE,24900,ATM,6,True,25115.7200,302.2500,234.9000,296.8500,0.0000,0.0000,0.5550,0.6360,296.8500,1,,,0.2122,0.1350,0.6920,-12.9987,30.5449,10.2886,,5.0000,-5.5749,-3.3800,1.2407,-7.3118,6.5509,-8.9826,-0.0848,failed_base
val,5,G,2025-06-23,11:30,NIFTY,2025-06-26,CE,24900,ATM,3,False,24943.6200,168.8000,130.2500,167.9000,0.0000,0.0000,1.3700,0.9890,167.9000,1,,,0.2374,0.1577,0.5500,-24.9862,40.3455,15.3173,,20.0000,-5.3318,-4.9671,8.2938,-8.2938,60.6043,-8.2938,-0.0353,failed_base
val,5,G,2025-06-23,13:25,NIFTY,2025-06-26,CE,24900,ATM,3,False,25032.0200,226.2000,162.0000,181.9000,0.0000,0.0000,4.3240,1.7560,181.9000,1,,,0.3302,0.1651,0.6387,-24.9267,67.3457,,,50.0000,1.6799,2.1933,8.7754,-3.1830,19.8497,-20.9991,0.0278,session_end
val,5,G,2025-06-20,12:35,NIFTY,2025-06-26,PE,24900,ATM,6,True,25007.5700,114.8500,93.6500,107.0000,0.0000,0.0000,2.7810,2.3730,107.0000,1,,,-0.1511,0.1265,-0.3927,-13.3700,23.4917,13.3593,,10.0000,-17.2834,-15.2381,0.6966,-19.3731,0.6966,-29.2991,0.2532,failed_base
val,5,G,2025-06-20,13:35,NIFTY,2025-06-26,CE,25000,OTM1,6,True,25115.7200,230.9500,185.5500,228.2000,0.0000,0.0000,0.5850,0.6150,228.2000,1,,,0.2808,0.1294,0.6114,-13.7093,26.4619,12.2097,,60.0000,-6.5599,2.1223,1.5155,-8.9413,7.3393,-10.8032,-0.0848,failed_base
val,5,G,2025-06-23,13:25,NIFTY,2025-06-26,CE,25000,OTM1,3,False,25032.0200,162.9500,107.9500,123.9500,0.0000,0.0000,7.1430,2.7140,123.9500,1,,,0.3302,0.1596,0.5374,-25.8815,85.8268,40.6780,,50.0000,1.0126,1.6740,9.4814,-4.6947,23.1052,-26.9715,0.0278,failed_base
val,5,G,2025-06-20,12:35,NIFTY,2025-06-26,PE,25000,ITM1,6,True,25007.5700,154.5500,125.2500,142.9000,0.0000,0.0000,2.9920,2.6790,142.9000,1,,,-0.1511,0.1227,-0.4887,-13.4780,24.4311,13.3141,,10.0000,-17.2113,-15.5580,0.8412,-19.4435,0.8412,-30.6697,0.2532,failed_base
val,5,G,2025-06-24,13:20,NIFTY,2025-06-26,PE,25000,OTM2,2,False,25217.8900,47.6000,29.3000,39.5500,0.0000,0.0000,2.5180,1.6210,39.5500,1,,,-0.3716,0.1691,-0.2467,-25.9252,260.5802,,,35.0000,92.7521,65.9948,121.9538,-8.4034,121.9538,-8.4034,-0.5335,session_end
val,5,G,2025-06-23,13:25,NIFTY,2025-06-26,CE,25100,OTM2,3,False,25032.0200,111.0500,66.7500,78.8000,0.0000,0.0000,7.8950,2.3170,78.8000,1,,,0.3302,0.1550,0.4271,-24.7583,110.9363,44.0341,,50.0000,-0.6754,1.2445,10.7609,-6.7537,26.7897,-33.8136,0.0278,failed_base
val,5,G,2025-06-24,11:15,NIFTY,2025-06-26,CE,25100,ITM1,2,False,25288.2500,245.6000,176.8000,241.9000,0.0000,0.0000,0.5470,1.2330,241.9000,1,,,0.2272,0.1682,0.7194,-27.5633,66.6290,21.6565,,65.0000,8.3062,10.7588,8.7744,-5.7003,19.9511,-67.1213,0.0937,failed_base
val,5,G,2025-06-24,13:20,NIFTY,2025-06-26,PE,25100,OTM1,2,False,25217.8900,72.1500,42.5500,56.8500,0.0000,0.0000,3.0940,1.9150,56.8500,1,,,-0.3026,0.1609,-0.3478,-30.6177,258.4019,,,55.0000,86.0707,60.8343,110.6722,-7.1379,111.3652,-7.1379,-0.5335,session_end
val,5,G,2025-07-01,12:30,NIFTY,2025-07-03,CE,25400,ITM1,2,False,25558.6300,199.9500,172.0000,196.4000,0.0000,0.0000,2.0900,2.1010,196.4000,1,,,0.0747,0.1310,0.7347,-21.1881,19.9128,8.8242,,5.0000,-3.5759,1.4567,2.6757,-5.1263,3.7259,-9.6774,-0.0221,failed_base
val,5,G,2025-07-01,14:20,NIFTY,2025-07-03,CE,25400,ITM1,2,False,25562.7900,196.3000,180.6000,194.8000,0.0000,0.0000,1.9250,1.8910,194.8000,1,,,0.0524,0.1224,0.7581,-18.9022,14.8394,7.8110,,5.0000,-2.3434,-2.5701,1.1207,-6.3933,1.1717,-6.3933,-0.0238,failed_base
val,5,G,2025-06-27,13:25,NIFTY,2025-07-03,PE,25400,OTM2,6,True,25633.2800,65.4000,56.9000,64.4500,0.0000,0.0000,1.1750,1.3250,64.4500,1,,,-0.1091,0.1179,-0.2713,-10.8994,15.0264,9.0145,,0.0000,-11.3914,-12.1430,0.0765,-14.4495,0.0765,-22.3242,0.0801,failed_base
val,5,G,2025-06-30,12:45,NIFTY,2025-07-03,PE,25400,OTM2,3,False,25560.3800,68.3500,54.7000,61.7000,0.0000,0.0000,2.4990,1.9280,61.7000,1,,,-0.1335,0.1422,-0.3134,-20.4319,68.6472,20.3252,35.5782,25.0000,31.3094,28.2150,34.9671,-9.5830,45.7937,-9.5830,-0.1879,next_wave
val,5,G,2025-07-02,13:25,NIFTY,2025-07-03,PE,25400,OTM2,1,False,25444.7100,51.2000,33.5000,43.1500,0.0000,0.0000,5.4840,4.4270,43.1500,1,,,-0.2031,0.1289,-0.3999,-45.9788,144.6269,51.9219,,15.0000,40.6250,46.4362,60.0586,-0.3906,60.0586,-23.0469,-0.1643,failed_base
val,5,G,2025-07-03,14:40,NIFTY,2025-07-03,PE,25400,OTM1,0,False,25399.8000,26.5000,4.7000,13.0000,0.0000,0.0000,3.7340,5.2130,13.0000,1,,,-0.4039,0.2671,-0.5007,-22.6656,892.5532,88.3173,,5.0000,-96.4151,-228.6228,11.8868,-96.4151,11.8868,-99.8113,0.0350,failed_base
val,5,G,2025-06-27,11:10,NIFTY,2025-07-03,CE,25500,ITM1,6,True,25623.6400,226.0000,191.7000,221.9500,0.0000,0.0000,0.6200,0.7130,221.9500,1,,,0.1636,0.1181,0.6257,-12.4897,35.8894,13.8772,,100.0000,0.4425,6.4274,2.2124,-3.8717,15.2655,-3.8717,0.0246,stalled
val,5,G,2025-06-30,12:25,NIFTY,2025-07-03,CE,25500,ITM1,3,False,25606.3600,192.5500,171.5500,191.4000,0.0000,0.0000,0.8400,1.6370,191.4000,1,,,0.1178,0.1407,0.6275,-21.8150,14.6896,12.6811,,0.0000,-14.7234,-16.0651,0.6751,-16.3854,0.6751,-37.0034,-0.1759,failed_base
val,5,G,2025-07-01,12:30,NIFTY,2025-07-03,CE,25500,ATM,2,False,25558.6300,131.9000,110.2500,128.0000,0.0000,0.0000,1.8000,1.9930,128.0000,1,,,0.0747,0.1286,0.5942,-26.1796,23.9909,10.2780,,5.0000,-4.9659,-3.4108,2.9568,-7.0129,2.9568,-12.9644,-0.0221,failed_base
val,5,G,2025-07-03,13:40,NIFTY,2025-07-03,CE,25500,ATM,0,False,25577.0000,92.4000,22.4000,47.6500,0.0000,0.0000,1.9660,1.1460,47.6500,1,,,0.2927,0.2950,0.7607,-15.4003,411.1607,69.7817,,10.0000,-52.8680,-67.8920,23.9177,-73.1602,23.9177,-99.9459,-0.2782,failed_base
val,5,G,2025-06-27,13:25,NIFTY,2025-07-03,PE,25500,OTM1,6,True,25633.2800,92.3000,80.0000,91.0000,0.0000,0.0000,1.4690,1.6120,91.0000,1,,,-0.1091,0.1137,-0.3581,-11.9639,16.0000,11.3147,,5.0000,-10.3467,-11.2196,0.3250,-13.8678,0.3250,-20.2600,0.0801,failed_base
val,5,G,2025-06-30,12:45,NIFTY,2025-07-03,PE,25500,OTM1,3,False,25560.3800,103.2000,84.1500,94.7500,0.0000,0.0000,2.5450,2.2940,94.7500,1,,,-0.1335,0.1395,-0.4244,-22.6081,58.4076,16.8792,30.5054,25.0000,25.2422,23.7838,29.1667,-9.2054,40.1163,-9.2054,-0.1879,next_wave
val,5,G,2025-07-02,13:25,NIFTY,2025-07-03,PE,25500,OTM1,1,False,25444.7100,100.2000,71.2000,86.6000,0.0000,0.0000,3.1730,3.6490,86.6000,1,,,-0.2031,0.1246,-0.6238,-41.7447,99.2275,,,15.0000,31.7365,39.8765,41.5669,-0.1996,41.5669,-13.2735,-0.1643,session_end
val,5,G,2025-06-27,11:10,NIFTY,2025-07-03,CE,25600,ATM,6,True,25623.6400,165.9500,137.9500,162.9500,0.0000,0.0000,0.7770,0.8970,162.9500,1,,,0.1636,0.1158,0.5268,-12.9417,39.8333,16.2779,,100.0000,-0.4519,2.5688,1.9584,-5.1522,16.2398,-5.1522,0.0246,failed_base
val,5,G,2025-06-30,12:25,NIFTY,2025-07-03,CE,25600,ATM,3,False,25606.3600,133.4500,116.8000,131.9500,0.0000,0.0000,1.1270,2.1410,131.9500,1,,,0.1178,0.1378,0.5100,-22.7894,17.6370,15.2838,,0.0000,-16.9726,-21.0375,0.8617,-18.8835,0.8617,-40.9142,-0.1759,failed_base
val,5,G,2025-07-01,12:30,NIFTY,2025-07-03,CE,25600,OTM1,2,False,25558.6300,79.9500,65.1000,76.9500,0.0000,0.0000,1.8390,1.9190,76.9500,1,,,0.0747,0.1275,0.4358,-26.5192,27.2657,12.3718,,5.0000,-7.3796,-2.6255,3.4396,-9.1932,3.4396,-16.3852,-0.0221,failed_base
val,5,G,2025-07-03,13:40,NIFTY,2025-07-03,CE,25600,OTM1,0,False,25577.0000,37.2500,6.6500,15.8000,0.0000,0.0000,3.9950,1.3830,15.8000,1,,,0.2927,0.3242,0.4249,-37.1555,666.1654,81.8449,,10.0000,-62.4161,-97.9533,36.7785,-79.7315,36.7785,-99.8658,-0.2782,failed_base
val,5,G,2025-06-27,13:25,NIFTY,2025-07-03,PE,25600,ATM,6,True,25633.2800,129.0000,111.6000,127.0000,0.0000,0.0000,1.2650,1.5780,127.0000,1,,,-0.1091,0.1100,-0.4602,-12.3686,15.9498,10.3555,,5.0000,-9.3411,-7.6431,0.2326,-13.0620,0.2326,-18.7209,0.0801,failed_base
val,5,G,2025-06-30,12:40,NIFTY,2025-07-03,PE,25600,ATM,3,False,25568.1400,144.8500,123.8000,137.3000,0.0000,0.0000,2.4080,2.2760,137.3000,1,,,-0.0969,0.1361,-0.5366,-22.4007,57.4313,12.8527,,45.0000,21.6086,19.0398,27.8909,-5.1433,39.1785,-5.1433,-0.1892,session_end
val,5,G,2025-07-02,13:00,NIFTY,2025-07-03,PE,25600,ATM,1,False,25479.7700,147.1500,127.1500,144.9000,0.0000,0.0000,1.0800,2.8580,144.9000,1,,,-0.0701,0.1277,-0.7474,-26.6348,22.4931,12.8732,,0.0000,39.8233,29.8773,40.9106,-7.7812,52.6334,-7.7812,-0.2632,failed_base
val,5,G,2025-07-02,13:25,NIFTY,2025-07-03,PE,25600,ATM,1,False,25444.7100,175.2000,132.2000,155.7500,0.0000,0.0000,2.5710,3.3920,155.7500,1,,,-0.2031,0.1308,-0.8019,-19.8925,69.8941,,,25.0000,21.8322,32.4721,28.1963,0.0000,28.1963,-9.4463,-0.1643,session_end
val,5,G,2025-07-03,11:50,NIFTY,2025-07-03,PE,25600,ITM1,0,False,25494.7000,116.3000,55.8500,94.5500,0.0000,0.0000,1.4190,1.7250,94.5500,1,,,-0.1928,0.2184,-0.8212,-11.0026,144.6732,57.6290,,5.0000,9.0284,9.1952,9.9312,-12.6397,98.1943,-57.6956,-0.0669,failed_base
val,5,G,2025-06-27,11:10,NIFTY,2025-07-03,CE,25700,OTM1,6,True,25623.6400,115.7000,95.4500,115.0000,0.0000,0.0000,0.9240,0.9650,115.0000,1,,,0.1636,0.1133,0.4224,-12.4370,37.6637,14.0030,,75.0000,-1.0372,-7.1901,2.1608,-6.0933,17.8911,-6.4823,0.0246,failed_base
val,5,G,2025-06-30,12:25,NIFTY,2025-07-03,CE,25700,OTM1,3,False,25606.3600,87.3500,74.4000,86.1000,0.0000,0.0000,1.4690,2.2520,86.1000,1,,,0.1178,0.1360,0.3881,-21.4234,21.6398,17.4033,,0.0000,-18.8895,-24.4081,0.8014,-21.2364,0.8014,-43.7321,-0.1759,failed_base
val,5,G,2025-07-01,12:35,NIFTY,2025-07-03,CE,25700,OTM2,2,False,25558.3700,43.2000,35.4000,42.9000,0.0000,0.0000,1.3940,1.6430,42.9000,1,,,0.0534,0.1260,0.2841,-21.3546,29.6610,15.0327,,0.0000,-11.1111,-7.2445,5.4398,-11.3426,5.4398,-18.6343,-0.0421,failed_base
val,5,G,2025-07-03,13:45,NIFTY,2025-07-03,CE,25700,OTM2,0,False,25581.4500,10.6500,2.2000,4.9000,0.0000,0.0000,4.0330,4.5550,4.9000,1,,,0.3102,0.3358,0.1656,-10.6500,638.6364,82.1538,,5.0000,-79.3427,-166.2852,14.0845,-82.6291,14.0845,-99.5305,-0.3581,failed_base
val,5,G,2025-06-27,13:25,NIFTY,2025-07-03,PE,25700,ITM1,6,True,25633.2800,177.9000,154.8000,174.6000,0.0000,0.0000,1.3620,1.5010,174.6000,1,,,-0.1091,0.1076,-0.5709,-11.9346,15.1809,9.5345,,5.0000,-8.2350,-8.7410,0.1405,-11.6076,0.1405,-16.6105,0.0801,failed_base
val,5,G,2025-06-30,12:40,NIFTY,2025-07-03,PE,25700,ITM1,3,False,25568.1400,204.0500,177.3000,194.4500,0.0000,0.0000,2.3040,2.1260,194.4500,1,,,-0.0969,0.1349,-0.6574,-20.1802,47.8567,10.7381,,45.0000,18.1573,15.2730,23.0336,-4.3127,33.3987,-4.3127,-0.1892,session_end
val,5,G,2025-07-02,13:00,NIFTY,2025-07-03,PE,25700,ITM1,1,False,25479.7700,233.2000,207.0500,227.7500,0.0000,0.0000,1.1450,3.2140,227.7500,1,,,-0.0701,0.1399,-0.8674,-12.9678,16.9041,9.1097,,0.0000,26.6724,21.6561,27.9803,-5.6604,36.1063,-5.6604,-0.2632,failed_base
val,5,G,2025-07-02,13:25,NIFTY,2025-07-03,PE,25700,ITM1,1,False,25444.7100,265.2500,212.7000,242.0500,0.0000,0.0000,3.7620,3.6260,242.0500,1,,,-0.2031,0.1451,-0.8954,-9.9626,49.2243,,,25.0000,14.6843,17.6207,19.6607,-0.0943,19.6607,-7.7851,-0.1643,session_end
val,5,G,2025-06-27,11:10,NIFTY,2025-07-03,CE,25800,OTM2,6,True,25623.6400,77.1500,58.3500,76.9500,0.0000,0.0000,0.8330,0.8860,76.9500,1,,,0.2372,0.1117,0.3208,-11.1296,49.7001,16.0847,,75.0000,-2.6572,-9.8644,2.0739,-7.5826,19.1186,-8.2955,0.0246,failed_base
val,5,G,2025-06-30,12:25,NIFTY,2025-07-03,CE,25800,OTM2,3,False,25606.3600,53.4000,44.4500,52.4000,0.0000,0.0000,1.7730,2.2540,52.4000,1,,,0.1178,0.1344,0.2743,-17.8757,25.6468,13.4288,,0.0000,-20.5056,-25.0911,0.6554,-22.9401,0.6554,-44.4757,-0.1759,failed_base
val,5,G,2025-07-04,11:45,NIFTY,2025-07-10,PE,25200,OTM2,6,True,25368.0100,78.6000,53.1500,65.5000,0.0000,0.0000,5.3080,3.4310,65.5000,1,,,-0.2761,0.1128,-0.3221,-11.1738,71.7780,31.4896,,10.0000,-2.4173,-1.8319,16.1578,-5.4071,16.1578,-46.3740,-0.0026,failed_base
val,5,G,2025-07-07,11:55,NIFTY,2025-07-10,PE,25200,OTM2,3,False,25455.4800,35.4000,30.4500,35.1000,0.0000,0.0000,0.8490,1.4390,35.1000,1,,,-0.0360,0.1313,-0.2023,-14.1746,38.4236,17.2005,,30.0000,-1.4124,-0.8311,19.0678,-2.8249,19.0678,-13.1356,-0.0016,failed_base
val,5,G,2025-07-04,14:40,NIFTY,2025-07-10,CE,25300,ITM1,6,True,25450.2500,228.9500,178.2000,196.8000,0.0000,0.0000,5.1600,1.8570,196.8000,1,,,0.2737,0.1088,0.6658,-11.0632,45.3143,,,15.0000,4.6080,17.5652,13.1033,-0.6115,13.1033,-0.6115,0.0822,session_end
val,5,G,2025-07-07,13:25,NIFTY,2025-07-10,CE,25300,ITM1,3,False,25468.5300,221.4000,195.1000,218.8000,0.0000,0.0000,0.7170,1.9160,218.8000,1,,,0.0707,0.1275,0.7160,-17.3222,16.0943,9.0949,,5.0000,-3.3650,-2.9437,1.6260,-7.0009,4.1328,-9.1463,-0.0293,failed_base
val,5,G,2025-07-04,11:45,NIFTY,2025-07-10,PE,25300,OTM1,6,True,25368.0100,114.3000,80.4000,97.0000,0.0000,0.0000,5.1360,2.9760,97.0000,1,,,-0.2761,0.1112,-0.4230,-12.1124,61.6915,27.7692,,10.0000,-2.1435,-2.7359,13.7358,-4.5932,13.7358,-43.1759,-0.0026,failed_base
val,5,G,2025-07-07,11:55,NIFTY,2025-07-10,PE,25300,OTM1,3,False,25455.4800,57.7500,49.6000,56.8500,0.0000,0.0000,0.9650,1.4340,56.8500,1,,,-0.0360,0.1274,-0.3001,-17.6999,36.6935,20.7965,,30.0000,-0.9524,-0.2470,17.4026,-3.0303,17.4026,-14.1126,-0.0016,failed_base
val,5,G,2025-07-08,14:50,NIFTY,2025-07-10,PE,25300,OTM2,2,False,25478.4400,27.3500,24.4000,27.0000,0.0000,0.0000,1.4870,1.0980,27.0000,1,,,-0.0194,0.1189,-0.2124,-16.6700,13.3197,17.3599,,5.0000,-26.5082,-32.5891,0.9141,-31.9927,0.9141,-32.9068,0.2646,failed_base
val,5,G,2025-07-09,14:30,NIFTY,2025-07-10,PE,25300,OTM2,1,False,25507.3800,15.3000,10.3000,12.0000,0.0000,0.0000,6.4130,2.1980,12.0000,1,,,-0.1576,0.1467,-0.1478,-15.3000,145.6311,,,10.0000,14.3791,23.2841,65.3595,0.0000,65.3595,-13.3987,-0.0569,session_end
val,5,G,2025-07-04,14:40,NIFTY,2025-07-10,CE,25400,ATM,6,True,25450.2500,164.0000,124.4500,139.0000,0.0000,0.0000,6.3450,2.1180,139.0000,1,,,0.2737,0.1055,0.5600,-11.7383,53.4753,,,15.0000,6.4634,20.7507,16.4634,0.3963,16.4634,0.3963,0.0822,session_end
val,5,G,2025-07-07,13:25,NIFTY,2025-07-10,CE,25400,ATM,3,False,25468.5300,154.8000,133.4500,152.2000,0.0000,0.0000,1.0160,1.8520,152.2000,1,,,0.0707,0.1259,0.5940,-20.1688,18.7711,11.2934,,5.0000,-4.2636,-4.9794,1.6150,-9.1731,4.5543,-11.9832,-0.0293,failed_base
val,5,G,2025-07-08,12:30,NIFTY,2025-07-10,CE,25400,ITM1,2,False,25476.6300,134.0000,118.5500,131.5500,0.0000,0.0000,2.2270,1.1080,131.5500,1,,,0.0774,0.1170,0.6335,-22.8037,20.6664,11.4995,,15.0000,2.2388,3.9260,6.7537,-5.5224,47.3134,-7.1642,0.0334,failed_base
val,5,G,2025-07-04,11:45,NIFTY,2025-07-10,PE,25400,ATM,6,True,25368.0100,159.9000,118.6500,139.6500,0.0000,0.0000,4.3930,2.8850,139.6500,1,,,-0.2761,0.1091,-0.5320,-12.0796,51.2010,24.1081,,10.0000,-1.5947,-3.6584,12.1951,-3.2833,12.1951,-38.5553,-0.0026,failed_base
val,5,G,2025-07-07,11:55,NIFTY,2025-07-10,PE,25400,ATM,3,False,25455.4800,92.6000,80.0000,90.5500,0.0000,0.0000,1.0500,1.6620,90.5500,1,,,-0.0360,0.1256,-0.4233,-20.1194,33.1875,18.5828,,30.0000,-0.8639,-0.9780,15.0648,-2.6458,15.0648,-13.0670,-0.0016,failed_base
val,5,G,2025-07-09,14:25,NIFTY,2025-07-10,PE,25400,OTM1,1,False,25519.0700,26.9500,20.4000,23.6500,0.0000,0.0000,1.8230,3.4730,23.6500,1,,,-0.1118,0.1310,-0.2512,-26.9434,127.2059,,,15.0000,44.1558,30.9179,75.1391,-8.1633,75.1391,-8.1633,-0.1444,session_end
val,5,G,2025-07-04,14:40,NIFTY,2025-07-10,CE,25500,OTM1,6,True,25450.2500,114.4500,83.2000,93.9000,0.0000,0.0000,8.3140,2.2260,93.9000,1,,,0.2737,0.1056,0.4450,-11.7876,63.4615,,,15.0000,6.5094,7.1758,18.8292,0.1747,18.8292,-0.5679,0.0822,session_end
val,5,G,2025-07-07,13:25,NIFTY,2025-07-10,CE,25500,OTM1,3,False,25468.5300,101.5500,84.3500,99.9000,0.0000,0.0000,1.2100,1.6820,99.9000,1,,,0.0597,0.1248,0.4592,-20.5696,24.0071,13.2409,,5.0000,-5.2191,-5.8049,2.1172,-10.6352,5.6130,-14.3279,-0.0293,failed_base
val,5,G,2025-07-08,12:40,NIFTY,2025-07-10,CE,25500,ATM,2,False,25483.6900,81.2000,67.3000,78.5000,0.0000,0.0000,2.3600,2.6560,78.5000,1,,,0.0868,0.1151,0.4725,-24.2689,26.3001,13.8235,,0.0000,-1.7241,-0.4780,5.6650,-9.7906,54.8030,-14.4089,0.0114,failed_base
val,5,G,2025-07-04,11:45,NIFTY,2025-07-10,PE,25500,ITM1,6,True,25368.0100,218.3000,168.7500,194.6500,0.0000,0.0000,3.5360,2.5100,194.6500,1,,,-0.2761,0.1085,-0.6404,-11.2088,42.9630,21.0777,,10.0000,-0.7329,-5.1440,10.5131,-2.0156,10.5131,-34.1961,-0.0026,stalled
val,5,G,2025-07-07,11:55,NIFTY,2025-07-10,PE,25500,ITM1,3,False,25455.4800,141.7000,123.3500,138.6500,0.0000,0.0000,0.9860,1.5860,138.6500,1,,,-0.0360,0.1252,-0.5571,-20.2381,28.6988,15.4331,,30.0000,-0.7057,-0.4382,12.0325,-2.2230,12.0325,-11.2562,-0.0016,failed_base
val,5,G,2025-07-09,14:25,NIFTY,2025-07-10,PE,25500,ATM,1,False,25519.0700,55.2000,42.1000,48.4000,0.0000,0.0000,2.1760,3.8840,48.4000,1,,,-0.1118,0.1181,-0.4516,-49.2644,103.3254,,,15.0000,36.5942,25.5926,62.1377,-7.0652,62.1377,-7.0652,-0.1444,session_end
val,5,G,2025-07-04,14:40,NIFTY,2025-07-10,CE,25600,OTM2,6,True,25450.2500,75.8000,53.2000,60.7500,0.0000,0.0000,7.7660,2.1990,60.7500,1,,,0.2737,0.1054,0.3347,-10.7652,74.4361,,,15.0000,6.1346,7.1746,22.4274,0.0660,22.4274,-1.8470,0.0822,session_end
val,5,G,2025-07-07,13:25,NIFTY,2025-07-10,CE,25600,OTM2,3,False,25468.5300,63.0000,51.6500,62.0000,0.0000,0.0000,1.0700,1.4800,62.0000,1,,,0.1028,0.1251,0.3292,-18.4360,25.9439,12.1445,,5.0000,-6.5079,-9.5355,2.5397,-11.6667,6.1905,-16.8254,-0.0293,failed_base
val,5,G,2025-07-08,12:30,NIFTY,2025-07-10,CE,25600,OTM1,2,False,25476.6300,41.1500,33.6500,40.2500,0.0000,0.0000,2.1470,1.1400,40.2500,1,,,0.0774,0.1154,0.2930,-19.8620,34.6211,17.2185,,15.0000,-0.2430,4.7973,10.0851,-8.8700,78.0073,-16.4034,0.0334,failed_base
val,5,G,2025-07-09,14:25,NIFTY,2025-07-10,PE,25600,ITM1,1,False,25519.0700,112.2500,89.5500,99.3000,0.0000,0.0000,1.6280,3.1020,99.3000,1,,,-0.1118,0.1169,-0.6923,-31.2415,69.4584,,,15.0000,27.3051,29.2637,42.7617,-6.6370,42.7617,-6.6370,-0.1444,session_end
val,5,G,2025-07-10,11:00,NIFTY,2025-07-10,PE,25600,ITM1,0,False,25401.9000,205.0000,148.0500,200.8000,0.0000,0.0000,0.3940,1.1280,200.8000,1,,,-0.0840,0.2633,-0.9030,-6.8967,61.5670,19.9415,,75.0000,5.7561,7.8125,13.8780,-3.0000,26.0488,-21.1951,-0.0541,failed_base
val,5,G,2025-07-14,11:30,NIFTY,2025-07-17,PE,24900,OTM2,3,False,25065.1400,49.3500,32.7000,44.4000,0.0000,0.0000,2.9950,1.2270,44.4000,1,,,-0.2917,0.1221,-0.2784,-15.9545,62.0795,18.1132,,20.0000,0.0000,1.0754,7.3961,-9.2199,15.0963,-44.9848,-0.0198,failed_base
val,5,G,2025-07-14,13:15,NIFTY,2025-07-17,PE,24900,OTM2,3,False,25047.2800,51.0000,41.8000,49.9500,0.0000,0.0000,1.8070,3.2990,49.9500,1,,,-0.1234,0.1191,-0.2933,-16.2363,35.8852,20.5986,,0.0000,-13.0392,-16.0350,0.5882,-17.4510,0.5882,-46.7647,0.1106,failed_base
val,5,G,2025-07-15,13:35,NIFTY,2025-07-17,PE,24900,OTM2,2,False,25193.5600,13.3000,9.9500,11.6000,0.0000,0.0000,2.1890,1.6250,11.6000,1,,,-0.1429,0.1282,-0.1120,-9.9492,36.1809,15.1292,,10.0000,-13.1579,-13.7366,1.8797,-24.4361,1.8797,-47.3684,0.0159,failed_base
val,5,G,2025-07-15,10:45,NIFTY,2025-07-17,CE,25000,ITM1,2,False,25174.2900,202.5500,158.1000,192.3500,0.0000,0.0000,1.0820,1.7280,192.3500,1,,,0.1326,0.1157,0.7815,-15.6751,76.9133,23.4537,,35.0000,33.7448,31.1639,38.0894,-2.1229,38.0894,-2.1229,0.3052,stalled
val,5,G,2025-07-14,11:30,NIFTY,2025-07-17,PE,25000,OTM1,3,False,25065.1400,80.5500,54.1500,73.3000,0.0000,0.0000,2.8790,1.2720,73.3000,1,,,-0.2917,0.1184,-0.4044,-18.3791,60.9418,18.9329,,20.0000,2.0484,2.7040,8.1937,-8.0695,15.0838,-42.7064,-0.0198,failed_base
val,5,G,2025-07-14,13:15,NIFTY,2025-07-17,PE,25000,OTM1,3,False,25047.2800,84.4500,70.6500,82.7000,0.0000,0.0000,1.7010,3.3840,82.7000,1,,,-0.1234,0.1158,-0.4274,-18.5028,31.2102,18.7163,,0.0000,-12.2558,-13.4908,0.6513,-17.1107,0.6513,-45.3523,0.1106,failed_base
val,5,G,2025-07-15,13:35,NIFTY,2025-07-17,PE,25000,OTM1,2,False,25193.5600,23.8500,17.1000,20.4500,0.0000,0.0000,3.7360,2.1910,20.4500,1,,,-0.1429,0.1179,-0.1919,-14.8618,42.6901,23.3607,,10.0000,-10.9015,-12.8040,2.3061,-24.1090,2.9350,-47.1698,0.0159,failed_base
val,5,G,2025-07-15,10:45,NIFTY,2025-07-17,CE,25100,ATM,2,False,25174.2900,126.1000,94.3000,120.2000,0.0000,0.0000,1.0590,1.4690,120.2000,1,,,0.1326,0.1077,0.6395,-20.1331,106.2036,31.5505,,35.0000,47.5020,35.7170,54.2030,-2.4584,54.2030,-3.0928,0.3052,stalled
val,5,G,2025-07-16,11:55,NIFTY,2025-07-17,CE,25100,ITM1,1,False,25207.6500,132.0000,80.9500,98.6000,0.0000,0.0000,3.6420,1.4070,98.6000,1,,,0.2941,0.1143,0.7485,-23.6210,64.8548,20.4196,42.0433,10.0000,-18.6364,-11.4798,1.0985,-19.5455,26.5909,-19.5455,-0.1193,next_wave
val,5,G,2025-07-16,14:10,NIFTY,2025-07-17,CE,25100,ITM1,1,False,25232.3900,150.4500,114.4000,147.5000,0.0000,0.0000,0.8610,0.7690,147.5000,1,,,0.0801,0.1176,0.7979,-18.0628,46.0664,16.0383,,20.0000,-0.5650,2.6789,11.0668,-3.5892,11.0668,-14.3569,0.0022,failed_base
val,5,G,2025-07-17,11:25,NIFTY,2025-07-17,CE,25100,ITM1,0,False,25191.4000,99.8500,72.0500,95.1500,0.0000,0.0000,1.0990,1.5620,95.1500,1,,,0.0938,0.1746,0.8330,-8.4472,71.9639,28.2082,,20.0000,8.8633,9.5720,24.0861,-1.1017,24.0861,-91.2869,0.0451,failed_base
val,5,G,2025-07-14,11:30,NIFTY,2025-07-17,PE,25100,ATM,3,False,25065.1400,127.3000,88.4000,116.8500,0.0000,0.0000,1.6120,0.9850,116.8500,1,,,-0.2917,0.1170,-0.5483,-18.6335,54.2421,15.9516,,20.0000,2.5530,3.0263,7.1092,-6.8342,13.9042,-38.9631,-0.0198,failed_base
val,5,G,2025-07-14,13:15,NIFTY,2025-07-17,PE,25100,ATM,3,False,25047.2800,135.1000,114.6000,131.5500,0.0000,0.0000,1.3320,3.1430,131.5500,1,,,-0.1234,0.1159,-0.5757,-18.4587,26.5271,16.2069,,0.0000,-11.5470,-12.7589,0.4811,-16.0992,0.4811,-42.4870,0.1106,failed_base
val,5,G,2025-07-15,13:35,NIFTY,2025-07-17,PE,25100,ATM,2,False,25193.5600,43.0500,30.4500,36.8000,0.0000,0.0000,2.7110,2.1120,36.8000,1,,,-0.1429,0.1075,-0.3218,-19.6671,44.3350,20.9329,,10.0000,-9.0592,-10.8455,2.0906,-22.5319,4.9942,-45.7607,0.0159,failed_base
val,5,G,2025-07-15,10:45,NIFTY,2025-07-17,CE,25200,OTM1,2,False,25174.2900,70.7500,50.9000,67.5500,0.0000,0.0000,1.4600,1.9200,67.5500,1,,,0.1326,0.1064,0.4523,-21.4838,143.4185,42.4939,,35.0000,64.5230,49.3083,75.1237,-3.1802,75.1237,-9.3286,0.3052,stalled
val,5,G,2025-07-16,11:55,NIFTY,2025-07-17,CE,25200,ATM,1,False,25207.6500,66.4500,35.2000,43.2000,0.0000,0.0000,5.6090,1.5830,43.2000,1,,,0.2941,0.1109,0.5206,-39.8689,89.4886,29.7601,58.4845,10.0000,-28.3672,-26.3354,0.3762,-29.4959,31.5275,-29.4959,-0.1193,next_wave
val,5,G,2025-07-17,11:45,NIFTY,2025-07-17,CE,25200,ATM,0,False,25209.0500,32.3000,19.8500,27.4000,0.0000,0.0000,1.5960,2.6660,27.4000,1,,,0.1639,0.1324,0.5527,-23.2070,100.0000,45.0882,,0.0000,-29.1022,-42.5210,3.4056,-32.5077,3.4056,-99.8452,-0.0442,failed_base
val,5,G,2025-07-14,11:15,NIFTY,2025-07-17,PE,25200,ITM1,3,False,25091.7500,172.3000,138.1500,171.1500,0.0000,0.0000,0.6100,0.7980,171.1500,1,,,-0.1455,0.1174,-0.6504,-17.2016,46.6522,13.0800,21.4651,35.0000,12.6524,13.9705,17.5856,-1.6251,24.1439,-26.4074,-0.1216,next_wave
val,5,G,2025-07-15,13:35,NIFTY,2025-07-17,PE,25200,ITM1,2,False,25193.5600,80.3000,58.7000,70.6000,0.0000,0.0000,2.5470,2.3270,70.6000,1,,,-0.1429,0.1016,-0.5116,-21.5010,38.8416,16.6258,,10.0000,-4.8568,-6.2443,1.4944,-17.6214,8.0946,-38.6675,0.0159,failed_base
val,5,G,2025-07-16,10:50,NIFTY,2025-07-17,PE,25200,ATM,1,False,25133.7300,102.5000,78.0000,99.4500,0.0000,0.0000,1.2680,1.0100,99.4500,1,,,-0.1142,0.1114,-0.6589,-31.0785,33.8462,19.5402,,5.0000,-5.5610,4.8886,0.4390,-18.7317,0.4390,-66.9268,0.0221,failed_base
val,5,G,2025-07-15,10:45,NIFTY,2025-07-17,CE,25300,OTM2,2,False,25174.2900,38.6500,27.3000,36.2000,0.0000,0.0000,1.2040,1.3440,36.2000,1,,,0.1326,0.1120,0.2847,-18.3474,166.8498,49.6911,,35.0000,74.2561,50.4214,88.4864,-3.7516,88.4864,-17.0763,0.3052,stalled
val,5,G,2025-07-16,11:55,NIFTY,2025-07-17,CE,25300,OTM1,1,False,25207.6500,32.6000,16.0000,19.3000,0.0000,0.0000,6.4510,1.4500,19.3000,1,,,0.2941,0.1224,0.2984,-30.6702,106.8750,37.7644,,10.0000,-35.5828,-36.9813,1.5337,-36.8098,20.2454,-36.8098,-0.1193,stalled
val,5,G,2025-07-16,10:50,NIFTY,2025-07-17,PE,25300,ITM1,1,False,25133.7300,182.3000,149.7000,179.7500,0.0000,0.0000,0.9170,0.9650,179.7500,1,,,-0.1142,0.1214,-0.8276,-15.8125,24.0147,14.0318,,5.0000,-3.0170,-0.6626,0.3840,-12.4520,0.3840,-52.8250,0.0221,failed_base
val,5,G,2025-07-17,13:25,NIFTY,2025-07-17,PE,25300,ITM1,0,False,25173.9500,128.2500,94.0500,120.1500,0.0000,0.0000,0.9890,0.8780,120.1500,1,,,-0.1159,0.2106,-0.9377,-2.2012,39.5003,19.3216,,5.0000,-9.6686,-7.1668,1.1696,-17.4659,53.0604,-17.4659,0.0491,failed_base
val,5,G,2025-07-17,14:20,NIFTY,2025-07-17,PE,25300,ITM1,0,False,25149.2500,152.0500,105.8500,131.2000,0.0000,0.0000,1.5610,2.0730,131.2000,1,,,-0.1322,0.2922,-0.9617,-1.3014,,,,,14.5018,27.1869,18.0533,-5.3272,29.1023,-5.3272,-0.0938,session_end
val,5,G,2025-07-21,11:50,NIFTY,2025-07-24,PE,24800,OTM2,3,False,25041.1700,31.1000,22.9500,30.1500,0.0000,0.0000,2.1900,3.0350,30.1500,1,,,-0.1370,0.1224,-0.1957,-12.6751,45.9695,25.3731,,0.0000,-18.8103,-20.2468,0.3215,-20.7395,6.4309,-49.8392,0.1019,failed_base
val,5,G,2025-07-21,13:55,NIFTY,2025-07-24,PE,24800,OTM2,3,False,25046.1300,27.0500,22.0500,24.9000,0.0000,0.0000,1.8470,1.6620,24.9000,1,,,-0.1257,0.1191,-0.1812,-11.8109,50.1134,27.1903,,10.0000,-15.1571,-22.6914,22.3660,-15.8965,22.3660,-42.3290,0.0665,failed_base
val,5,G,2025-07-21,11:50,NIFTY,2025-07-24,PE,24900,OTM1,3,False,25041.1700,51.4500,38.3000,49.4000,0.0000,0.0000,2.3430,3.6800,49.4000,1,,,-0.1370,0.1163,-0.2984,-15.8317,43.6031,23.6364,,0.0000,-17.1040,-18.0484,1.0690,-19.7279,7.3858,-50.2430,0.1019,failed_base
val,5,G,2025-07-21,13:55,NIFTY,2025-07-24,PE,24900,OTM1,3,False,25046.1300,45.7500,37.2500,41.9000,0.0000,0.0000,2.3830,1.6760,41.9000,1,,,-0.1257,0.1125,-0.2833,-15.1133,48.3221,27.2398,,10.0000,-14.0984,-23.0228,20.7650,-15.1913,20.7650,-44.0437,0.0665,failed_base
val,5,G,2025-07-22,11:15,NIFTY,2025-07-24,PE,24900,OTM2,2,False,25081.3000,25.0000,17.5500,24.9000,0.0000,0.0000,1.6640,3.3540,24.9000,1,,,-0.0891,0.1134,-0.2024,-14.5321,82.3362,28.5937,,10.0000,-0.8000,9.2437,28.0000,-1.8000,28.0000,-37.6000,-0.0029,failed_base
val,5,G,2025-07-22,14:30,NIFTY,2025-07-24,PE,24900,OTM2,2,False,25081.1300,21.8500,16.4000,20.3000,0.0000,0.0000,2.9300,2.1070,20.3000,1,,,-0.0967,0.1109,-0.1900,-13.9239,53.6585,25.1984,,15.0000,-10.7551,-10.4071,15.3318,-16.0183,15.3318,-20.3661,0.0240,failed_base
val,5,G,2025-07-18,14:10,NIFTY,2025-07-24,CE,25000,ITM1,6,True,25006.3000,129.1000,113.2500,127.4000,0.0000,0.0000,0.8540,1.4020,127.4000,1,,,0.1101,0.0981,0.5099,-10.8431,30.4636,14.7885,,30.0000,1.3943,-1.6372,14.4462,-5.1898,14.4462,-5.1898,0.0284,failed_base
val,5,G,2025-07-22,12:30,NIFTY,2025-07-24,CE,25000,ITM1,2,False,25112.7400,147.6000,114.9500,139.6500,0.0000,0.0000,1.2430,2.3990,139.6500,1,,,0.1655,0.1033,0.7170,-17.1385,38.3210,15.2516,,40.0000,3.3875,5.8228,4.6070,-4.4038,7.7236,-25.5081,0.0377,failed_base
val,5,G,2025-07-23,11:10,NIFTY,2025-07-24,CE,25000,ITM1,1,False,25146.7400,162.8500,127.3000,150.8000,0.0000,0.0000,0.8360,1.7730,150.8000,1,,,0.1246,0.1137,0.8179,-15.8928,33.5428,15.1176,,0.0000,-5.4959,3.4917,1.2895,-11.3909,47.1907,-11.3909,-0.0382,failed_base
val,5,G,2025-07-23,12:10,NIFTY,2025-07-24,CE,25000,ITM1,1,False,25172.3400,185.4000,144.3000,170.0000,0.0000,0.0000,1.9130,2.3850,170.0000,1,,,0.0884,0.1192,0.8495,-13.0338,46.9854,16.0773,,35.0000,12.9450,13.9629,14.4013,-7.5512,29.2880,-7.5512,0.1013,next_wave
val,5,G,2025-07-21,11:50,NIFTY,2025-07-24,PE,25000,ATM,3,False,25041.1700,84.8000,63.5000,80.5000,0.0000,0.0000,2.3510,4.1110,80.5000,1,,,-0.1370,0.1123,-0.4350,-17.7941,41.1024,21.3728,,0.0000,-14.9764,-12.7547,0.8844,-18.0425,8.1368,-47.1698,0.1019,failed_base
val,5,G,2025-07-21,13:55,NIFTY,2025-07-24,PE,25000,ATM,3,False,25046.1300,77.6000,64.0000,71.4500,0.0000,0.0000,2.6910,2.0490,71.4500,1,,,-0.1257,0.1082,-0.4241,-17.3436,43.2813,26.7721,,10.0000,-12.3711,-21.4165,18.1701,-13.4665,18.1701,-42.2680,0.0665,failed_base
val,5,G,2025-07-22,11:15,NIFTY,2025-07-24,PE,25000,OTM1,2,False,25081.3000,47.3000,32.4500,45.1500,0.0000,0.0000,1.3210,3.5070,45.1500,1,,,-0.0891,0.1058,-0.3439,-19.3923,79.5069,24.2060,,10.0000,0.1057,8.1074,23.1501,-1.6913,23.1501,-38.0550,-0.0029,failed_base
val,5,G,2025-07-22,14:30,NIFTY,2025-07-24,PE,25000,OTM1,2,False,25081.1300,42.0000,31.3000,39.5000,0.0000,0.0000,2.6140,2.2260,39.5000,1,,,-0.0967,0.1014,-0.3331,-19.0478,55.5911,25.7700,,15.0000,-9.7619,-9.2974,15.9524,-15.9524,15.9524,-16.9048,0.0240,failed_base
val,5,G,2025-07-24,11:30,NIFTY,2025-07-24,PE,25000,OTM2,0,False,25122.6500,5.5500,2.3000,3.2500,0.0000,0.0000,7.8300,8.6370,3.2500,1,,,-0.2038,0.1891,-0.1125,-5.5500,313.0435,67.8947,1193.4426,0.0000,141.4414,88.2022,189.1892,-12.6126,610.8108,-99.0991,-0.1937,next_wave
val,5,G,2025-07-18,14:35,NIFTY,2025-07-24,CE,25100,ATM,6,True,25041.6400,97.6500,77.6500,89.8000,0.0000,0.0000,3.6900,2.4210,89.8000,1,,,0.2300,0.0970,0.4280,-10.5680,26.0786,17.0072,,10.0000,-13.1592,0.3168,0.2560,-18.0748,0.2560,-18.0748,-0.1124,failed_base
val,5,G,2025-07-22,12:30,NIFTY,2025-07-24,CE,25100,ATM,2,False,25112.7400,81.6500,61.1000,77.0000,0.0000,0.0000,1.3730,2.5590,77.0000,1,,,0.1655,0.0983,0.5283,-20.3840,45.3355,19.5946,,40.0000,3.1231,4.3364,5.8788,-6.9198,8.7569,-34.1702,0.0377,failed_base
val,5,G,2025-07-23,11:10,NIFTY,2025-07-24,CE,25100,ATM,1,False,25146.7400,84.2000,60.6500,77.1500,0.0000,0.0000,0.8810,1.8750,77.1500,1,,,0.1246,0.1015,0.6273,-30.9262,48.3100,22.2902,,0.0000,-9.7387,-3.2198,1.8409,-16.9834,73.1591,-16.9834,-0.0382,failed_base
val,5,G,2025-07-23,12:10,NIFTY,2025-07-24,CE,25100,ATM,1,False,25172.3400,101.9500,69.9000,89.9500,0.0000,0.0000,1.9370,2.6370,89.9500,1,,,0.0884,0.1051,0.6889,-27.7351,79.2561,24.9002,,35.0000,20.6474,22.3309,22.9034,-11.7705,43.0113,-11.7705,0.1013,next_wave
val,5,G,2025-07-21,11:50,NIFTY,2025-07-24,PE,25100,ITM1,3,False,25041.1700,135.4000,102.7500,127.7000,0.0000,0.0000,1.5750,4.0660,127.7000,1,,,-0.1370,0.1112,-0.5874,-17.3776,37.8102,17.9025,,0.0000,-12.2600,-11.0223,0.8124,-15.5096,8.4195,-41.7651,0.1019,failed_base
val,5,G,2025-07-21,13:55,NIFTY,2025-07-24,PE,25100,ITM1,3,False,25046.1300,128.0500,107.9000,118.7500,0.0000,0.0000,2.0790,1.9440,118.7500,1,,,-0.1257,0.1078,-0.5838,-17.1755,36.0519,21.9346,,10.0000,-9.6837,-16.2087,14.6427,-10.5037,14.6427,-38.4225,0.0665,failed_base
val,5,G,2025-07-22,11:15,NIFTY,2025-07-24,PE,25100,ATM,2,False,25081.3000,88.5000,62.8000,84.2500,0.0000,0.0000,0.9660,2.7500,84.2500,1,,,-0.0891,0.1020,-0.5359,-20.7203,67.2771,25.7496,,15.0000,1.0734,7.1057,18.7006,-1.0734,18.7006,-33.6158,-0.0029,failed_base
val,5,G,2025-07-22,14:30,NIFTY,2025-07-24,PE,25100,ATM,2,False,25081.1300,81.3000,62.6000,77.3000,0.0000,0.0000,1.9060,2.1880,77.3000,1,,,-0.0967,0.0955,-0.5403,-20.2519,49.7604,23.5733,,15.0000,-7.3801,-8.1998,15.3137,-13.9606,15.3137,-13.9606,0.0240,failed_base
val,5,G,2025-07-18,14:10,NIFTY,2025-07-24,CE,25200,OTM1,6,True,25006.3000,54.1500,48.2000,54.0500,0.0000,0.0000,0.8230,1.3750,54.0500,1,,,0.1101,0.0996,0.2756,-9.0801,29.8755,18.0511,,35.0000,-0.5540,-2.0752,15.6048,-5.5402,15.6048,-6.9252,0.0284,failed_base
val,5,G,2025-07-22,12:30,NIFTY,2025-07-24,CE,25200,OTM1,2,False,25112.7400,41.8500,31.2000,39.6500,0.0000,0.0000,1.2460,1.8740,39.6500,1,,,0.1655,0.1016,0.3286,-18.4744,44.8718,22.0133,,40.0000,1.5532,5.5403,6.6906,-10.0358,8.0048,-38.8292,0.0377,failed_base
val,5,G,2025-07-23,11:10,NIFTY,2025-07-24,CE,25200,OTM1,1,False,25146.7400,36.2500,25.9000,36.1000,0.0000,0.0000,1.2690,2.6530,36.1000,1,,,0.1684,0.1035,0.3606,-30.6325,55.4054,30.5590,,0.0000,-12.8276,-6.7305,0.5517,-22.8966,85.9310,-22.8966,-0.0382,failed_base
val,5,G,2025-07-23,14:00,NIFTY,2025-07-24,CE,25200,OTM1,1,False,25204.0900,56.4500,38.2000,53.8500,0.0000,0.0000,1.8140,1.3330,53.8500,1,,,0.0938,0.1003,0.5129,-41.1131,,,,,-4.7830,-1.3464,14.7033,-9.3888,19.3977,-9.3888,-0.0022,session_end
val,5,G,2025-07-22,11:15,NIFTY,2025-07-24,PE,25200,ITM1,2,False,25081.3000,154.6000,116.5500,148.2500,0.0000,0.0000,0.7110,1.9900,148.2500,1,,,-0.0891,0.1059,-0.7165,-17.2868,49.7640,19.2209,,15.0000,0.3881,5.0333,12.9043,-1.3260,12.9043,-25.3881,-0.0029,failed_base
val,5,G,2025-07-22,14:30,NIFTY,2025-07-24,PE,25200,ITM1,2,False,25081.1300,149.2000,121.8000,142.7000,0.0000,0.0000,1.8110,2.3100,142.7000,1,,,-0.0967,0.1005,-0.7339,-16.3177,35.3859,16.8587,,15.0000,-4.4571,-5.4337,10.5228,-9.9866,10.5228,-9.9866,0.0240,failed_base
val,5,G,2025-07-29,11:25,NIFTY,2025-07-31,CE,24600,ITM1,2,False,24719.8700,168.2500,119.6500,154.0500,0.0000,0.0000,1.1070,2.1390,154.0500,1,,,0.1797,0.1276,0.6908,-21.7577,46.6778,16.9516,,20.0000,-11.7088,-13.9747,4.3091,-13.3730,61.0698,-15.1263,-0.0976,failed_base
val,5,G,2025-07-29,13:15,NIFTY,2025-07-31,CE,24600,ITM1,2,False,24752.3200,186.3000,142.8000,177.1500,0.0000,0.0000,1.4980,1.5320,177.1500,1,,,0.1773,0.1215,0.7501,-18.3791,83.6485,18.8179,,85.0000,9.1787,10.1864,16.3178,-6.1192,45.4643,-6.1192,0.0969,next_wave
val,5,G,2025-07-31,12:25,NIFTY,2025-07-31,CE,24600,ITM1,0,False,24845.9000,249.1000,143.7000,234.0000,0.0000,0.0000,0.3950,0.7360,234.0000,1,,,0.3729,0.3240,0.9494,-3.2013,159.9513,39.7671,,80.0000,12.5853,6.1098,15.8972,-11.3609,49.9599,-38.4183,0.1270,failed_base
val,5,G,2025-07-28,12:50,NIFTY,2025-07-31,PE,24600,OTM2,3,False,24766.4800,48.0000,31.5000,40.5500,0.0000,0.0000,3.2540,1.3140,40.5500,1,,,-0.2450,0.1234,-0.2748,-15.9672,164.2857,,,55.0000,35.9375,33.3476,38.3333,-2.7083,73.4375,-2.7083,-0.2252,session_end
val,5,G,2025-07-28,14:45,NIFTY,2025-07-31,CE,24700,ITM1,3,False,24724.6600,121.7500,99.4000,118.3500,0.0000,0.0000,1.5510,1.2020,118.3500,1,,,0.1418,0.1214,0.5379,-19.6531,,,,,-8.7885,-9.5214,1.5195,-11.4579,1.5195,-11.4579,-0.0724,session_end
val,5,G,2025-07-29,11:25,NIFTY,2025-07-31,CE,24700,ATM,2,False,24719.8700,104.6000,73.1000,94.8000,0.0000,0.0000,1.4070,2.4270,94.8000,1,,,0.1797,0.1242,0.5352,-24.9306,50.4104,21.1005,,20.0000,-16.0134,-15.2253,5.1147,-17.2562,75.4780,-20.9369,-0.0976,failed_base
val,5,G,2025-07-29,13:15,NIFTY,2025-07-31,CE,24700,ATM,2,False,24752.3200,114.9000,82.7000,107.8500,0.0000,0.0000,1.7080,1.5770,107.8500,1,,,0.2120,0.1155,0.5971,-22.9437,113.7848,24.9434,,85.0000,11.2272,13.8773,21.1488,-8.8338,59.7476,-8.8338,0.0969,session_end
val,5,G,2025-07-31,12:25,NIFTY,2025-07-31,CE,24700,ATM,0,False,24845.9000,152.8000,62.5500,141.4000,0.0000,0.0000,0.3350,0.6770,141.4000,1,,,0.3826,0.2625,0.8846,-6.9013,339.4884,54.5289,,80.0000,19.9280,14.8333,24.8364,-17.5393,79.9084,-65.1505,0.1270,failed_base
val,5,G,2025-07-28,12:50,NIFTY,2025-07-31,PE,24700,OTM1,3,False,24766.4800,78.7000,52.6000,67.8000,0.0000,0.0000,3.4560,1.4000,67.8000,1,,,-0.2450,0.1194,-0.4013,-18.4688,146.5779,,,55.0000,34.4346,31.0539,35.0699,-2.7954,64.8030,-2.7954,-0.2252,session_end
val,5,G,2025-07-30,13:30,NIFTY,2025-07-31,PE,24700,OTM2,1,False,24842.0600,20.2500,15.1000,18.4500,0.0000,0.0000,2.1900,3.2410,18.4500,1,,,-0.1441,0.1288,-0.2058,-20.2278,39.7351,24.6445,,0.0000,-28.1481,-28.7574,4.1975,-30.3704,4.1975,-42.9630,0.1411,failed_base
val,5,G,2025-07-28,14:45,NIFTY,2025-07-31,CE,24800,ATM,3,False,24724.6600,76.5000,62.1000,74.0000,0.0000,0.0000,1.2260,0.8140,74.0000,1,,,0.1418,0.1223,0.3944,-19.0697,25.6039,14.8718,,5.0000,-9.7386,-11.0757,1.6340,-13.2026,1.6340,-13.2026,-0.0724,failed_base
val,5,G,2025-07-29,11:25,NIFTY,2025-07-31,CE,24800,OTM1,2,False,24719.8700,61.7500,44.1500,56.4500,0.0000,0.0000,1.1680,2.2950,56.4500,1,,,0.1797,0.1268,0.3721,-23.8074,46.0929,20.0775,,20.0000,-19.1903,-16.6737,4.4534,-20.6478,77.1660,-25.4251,-0.0976,failed_base
val,5,G,2025-07-29,13:15,NIFTY,2025-07-31,CE,24800,OTM1,2,False,24752.3200,65.3500,46.0500,61.3500,0.0000,0.0000,1.8610,1.8780,61.3500,1,,,0.2291,0.1164,0.4152,-23.3611,130.8360,,,85.0000,10.9411,8.7811,27.0849,-9.9464,67.4063,-9.9464,0.0969,session_end
val,5,G,2025-07-30,14:35,NIFTY,2025-07-31,CE,24800,ITM1,1,False,24905.1300,129.1500,83.9000,113.9500,0.0000,0.0000,1.9160,2.0060,113.9500,1,,,0.1212,0.1195,0.7475,-24.0162,56.6150,22.3364,,5.0000,-18.5830,-21.0471,0.9292,-20.9834,0.9292,-26.2098,-0.1215,failed_base
val,5,G,2025-07-31,13:40,NIFTY,2025-07-31,CE,24800,OTM1,0,False,24958.9000,166.5500,52.3500,145.9500,0.0000,0.0000,0.4080,0.4010,145.9500,1,,,0.3995,0.3711,0.8834,-7.6492,240.0191,38.7640,,5.0000,-11.7983,-12.6482,0.8706,-34.5542,0.8706,-99.9700,-0.0601,failed_base
val,5,G,2025-07-25,11:55,NIFTY,2025-07-31,PE,24800,OTM1,6,True,24863.9100,100.9000,75.2500,100.7500,0.0000,0.0000,1.4650,1.9650,100.7500,1,,,-0.1038,0.1015,-0.4195,-10.8232,57.6744,23.2196,,35.0000,7.9782,7.4759,17.5917,-4.4599,17.5917,-18.9296,-0.0767,failed_base
val,5,G,2025-07-28,12:20,NIFTY,2025-07-31,PE,24800,ATM,3,False,24807.6100,103.3500,81.8500,102.5000,0.0000,0.0000,1.3180,1.4500,102.5000,1,,,-0.0965,0.1169,-0.4863,-18.7144,134.9420,,,85.0000,21.2869,18.7749,21.4804,-7.0150,86.0668,-7.0150,-0.1658,session_end
val,5,G,2025-07-30,13:30,NIFTY,2025-07-31,PE,24800,OTM1,1,False,24842.0600,44.0500,31.3500,40.1000,0.0000,0.0000,2.2220,2.9140,40.1000,1,,,-0.1441,0.1165,-0.3935,-40.1406,46.2520,25.2999,,0.0000,-28.2633,-20.9037,2.7242,-31.2145,2.7242,-45.0624,0.1411,failed_base
val,5,G,2025-07-29,11:25,NIFTY,2025-07-31,CE,24900,OTM2,2,False,24719.8700,37.1500,27.7500,34.5000,0.0000,0.0000,0.9890,2.0300,34.5000,1,,,0.1797,0.1352,0.2446,-19.7225,39.8198,20.2320,,0.0000,-20.1884,-14.9251,4.1723,-21.1306,65.2759,-26.5141,-0.0976,failed_base
val,5,G,2025-07-29,13:15,NIFTY,2025-07-31,CE,24900,OTM2,2,False,24752.3200,37.8500,27.3000,35.6500,0.0000,0.0000,1.6390,1.6900,35.6500,1,,,0.2291,0.1250,0.2664,-19.8037,124.9084,,,55.0000,8.1902,12.1765,27.3448,-10.4359,62.2193,-10.4359,0.0969,session_end
val,5,G,2025-07-30,14:35,NIFTY,2025-07-31,CE,24900,ATM,1,False,24905.1300,62.7000,38.4000,55.6000,0.0000,0.0000,2.3960,2.2500,55.6000,1,,,0.2539,0.1134,0.5147,-48.4230,68.3594,25.1353,,5.0000,-25.6778,-28.1706,1.1962,-28.1499,1.1962,-34.9282,-0.1215,failed_base
val,5,G,2025-07-25,11:55,NIFTY,2025-07-31,PE,24900,ATM,6,True,24863.9100,148.0000,114.2000,147.6000,0.0000,0.0000,0.8300,1.4690,147.6000,1,,,-0.1038,0.1004,-0.5411,-10.8704,49.2557,20.0939,,35.0000,7.6014,7.1570,15.1689,-3.6486,15.1689,-15.4054,-0.0767,failed_base
val,5,G,2025-07-28,12:20,NIFTY,2025-07-31,PE,24900,ITM1,3,False,24807.6100,160.9000,131.6500,158.2500,0.0000,0.0000,1.1560,1.1260,158.2500,1,,,-0.0965,0.1182,-0.6304,-17.6833,103.9878,,,120.0000,18.5830,15.6326,18.5830,-5.5314,66.9049,-5.5314,-0.1658,session_end
val,5,G,2025-07-30,13:30,NIFTY,2025-07-31,PE,24900,ATM,1,False,24842.0600,97.5000,71.1500,90.0000,0.0000,0.0000,1.3400,2.0610,90.0000,1,,,-0.1441,0.1192,-0.6387,-37.4897,40.6887,20.4795,,0.0000,-23.7949,-24.2541,1.4872,-26.4103,1.4872,-42.4615,0.1411,failed_base
val,5,G,2025-07-30,14:35,NIFTY,2025-07-31,CE,25000,OTM1,1,False,24905.1300,28.1500,18.5000,25.0500,0.0000,0.0000,2.8190,2.3290,25.0500,1,,,0.2539,0.1221,0.2808,-28.1398,55.9459,27.7296,,5.0000,-27.5311,-28.4070,2.3091,-30.1954,2.3091,-38.0107,-0.1215,failed_base
val,5,G,2025-07-25,11:55,NIFTY,2025-07-31,PE,25000,ITM1,6,True,24863.9100,209.5000,168.0000,207.9500,0.0000,0.0000,0.8500,1.5920,207.9500,1,,,-0.1038,0.1011,-0.6581,-10.0401,40.7143,17.0897,,35.0000,6.6826,8.3406,12.8401,-3.1265,12.8401,-12.1957,-0.0767,failed_base
val,5,G,2025-07-30,13:30,NIFTY,2025-07-31,PE,25000,ITM1,1,False,24842.0600,176.9500,140.2000,167.6000,0.0000,0.0000,1.2880,1.8680,167.6000,1,,,-0.1441,0.1331,-0.8077,-18.9993,28.3880,18.8056,,0.0000,-17.4343,-15.2381,1.2433,-19.0167,1.2433,-31.6191,0.1411,failed_base
val,5,G,2025-08-07,13:20,NIFTY,2025-08-07,PE,24400,OTM1,0,False,24397.6000,27.0000,12.0500,22.8500,0.0000,0.0000,3.0730,2.6080,22.8500,1,,,-0.1712,0.1684,-0.5143,-23.3369,491.7012,70.8275,,20.0000,57.5926,54.7167,164.0741,-0.5556,164.0741,-99.8148,-0.0881,failed_base
val,5,G,2025-08-01,11:20,NIFTY,2025-08-07,PE,24500,OTM2,6,True,24705.0000,71.1500,49.5500,65.3500,0.0000,0.0000,2.0610,1.7690,65.3500,1,,,-0.2117,0.1193,-0.2926,-10.9780,80.4238,26.6219,52.0579,50.0000,9.8384,9.9991,25.3689,-8.4329,88.1237,-8.4329,-0.1025,next_wave
val,5,G,2025-08-05,13:30,NIFTY,2025-08-07,PE,24500,OTM2,2,False,24604.4900,54.2500,38.5000,49.0500,0.0000,0.0000,1.9360,4.0310,49.0500,1,,,-0.2629,0.1321,-0.3330,-24.0272,53.5065,21.4890,,0.0000,-15.8525,-16.8886,8.9401,-18.4332,8.9401,-38.8940,0.0713,failed_base
val,5,G,2025-08-06,14:35,NIFTY,2025-08-07,PE,24500,OTM2,1,False,24578.1100,39.8000,24.6500,34.7000,0.0000,0.0000,2.3540,2.0180,34.7000,1,,,-0.1964,0.1384,-0.3317,-39.6524,89.4523,,,10.0000,-3.0151,6.7879,17.3367,-13.0653,17.3367,-13.0653,0.0031,session_end
val,5,G,2025-08-07,13:15,NIFTY,2025-08-07,PE,24500,ATM,0,False,24407.2000,98.0500,65.0500,86.9000,0.0000,0.0000,1.6280,2.0190,86.9000,1,,,-0.0892,0.2089,-0.8712,-5.2501,153.2667,55.1745,,25.0000,26.1091,5.4771,68.0265,-1.3768,68.0265,-99.9490,-0.1096,failed_base
val,5,G,2025-08-05,12:20,NIFTY,2025-08-07,CE,24600,ITM1,2,False,24667.6300,136.3500,107.5500,130.8000,0.0000,0.0000,1.3020,3.1270,130.8000,1,,,0.1207,0.1317,0.6092,-25.4806,31.9851,19.1617,,0.0000,-12.1379,-11.2283,2.8970,-15.8416,2.8970,-34.9468,-0.0949,failed_base
val,5,G,2025-08-06,12:10,NIFTY,2025-08-07,CE,24600,ITM1,1,False,24606.7800,78.2000,60.7500,77.2500,0.0000,0.0000,1.4630,1.6810,77.2500,1,,,0.1187,0.1364,0.5158,-48.5571,66.1728,33.0362,,20.0000,0.0639,2.4025,29.0921,-7.0972,29.0921,-35.2302,0.0226,failed_base
val,5,G,2025-08-01,11:20,NIFTY,2025-08-07,PE,24600,OTM1,6,True,24705.0000,102.6500,73.5000,95.1000,0.0000,0.0000,2.1510,1.8600,95.1000,1,,,-0.2117,0.1168,-0.3863,-12.0760,73.2653,24.2246,44.5596,30.0000,10.1315,8.7005,24.0623,-7.2090,77.3989,-7.2090,-0.1025,next_wave
val,5,G,2025-08-06,14:20,NIFTY,2025-08-07,PE,24600,OTM1,1,False,24595.3000,70.2000,52.9500,67.5000,0.0000,0.0000,1.4470,1.6790,67.5000,1,,,-0.1195,0.1290,-0.5096,-53.1236,71.2937,,,25.0000,17.8063,10.7325,29.2023,-8.9744,29.2023,-8.9744,-0.0882,session_end
val,5,G,2025-08-07,13:15,NIFTY,2025-08-07,PE,24600,ITM1,0,False,24407.2000,194.4500,154.9500,180.6500,0.0000,0.0000,1.4460,1.8000,180.6500,1,,,-0.0892,0.2767,-0.9618,-1.6501,68.6350,35.2086,,25.0000,13.8082,15.9361,34.3790,-0.2314,34.3790,-98.2515,-0.1096,failed_base
val,5,G,2025-08-05,12:20,NIFTY,2025-08-07,CE,24700,ATM,2,False,24667.6300,82.1000,64.0000,79.3500,0.0000,0.0000,2.0100,3.4510,79.3500,1,,,0.1207,0.1295,0.4491,-26.1092,33.7500,22.4883,,0.0000,-15.1644,-14.7629,3.5323,-19.1839,3.5323,-40.8039,-0.0949,failed_base
val,5,G,2025-08-06,12:25,NIFTY,2025-08-07,CE,24700,ATM,1,False,24629.8100,43.3000,31.1000,41.3500,0.0000,0.0000,3.6330,1.3850,41.3500,1,,,0.2405,0.1336,0.3522,-39.3447,69.7749,31.2500,,5.0000,-23.4411,-25.3683,9.1224,-27.1363,9.1224,-48.7298,-0.1133,failed_base
val,5,G,2025-08-01,11:20,NIFTY,2025-08-07,PE,24700,ATM,6,True,24705.0000,145.5500,106.9000,135.0000,0.0000,0.0000,1.9990,1.7880,135.0000,1,,,-0.2117,0.1156,-0.4911,-12.4932,64.6399,21.3636,36.9942,30.0000,9.0690,7.5006,20.9206,-6.5613,65.6475,-6.5613,-0.1025,next_wave
val,5,G,2025-08-06,14:20,NIFTY,2025-08-07,PE,24700,ATM,1,False,24595.3000,134.2000,106.8500,129.1500,0.0000,0.0000,1.2270,1.8040,129.1500,1,,,-0.1195,0.1323,-0.7241,-29.4696,,,,,12.8539,6.5006,20.3800,-6.8554,20.3800,-6.8554,-0.0882,session_end
val,5,G,2025-08-05,12:25,NIFTY,2025-08-07,CE,24800,OTM1,2,False,24669.3500,46.4000,35.1500,44.7000,0.0000,0.0000,1.3490,1.8320,44.7000,1,,,0.1277,0.1304,0.2995,-22.0118,34.9929,24.7629,,5.0000,-22.7371,-21.5384,0.0000,-25.0000,0.0000,-46.1207,-0.1244,failed_base
val,5,G,2025-08-06,12:25,NIFTY,2025-08-07,CE,24800,OTM1,1,False,24629.8100,19.4500,14.7000,19.1500,0.0000,0.0000,3.8180,1.3650,19.1500,1,,,0.2405,0.1389,0.1872,-19.3679,68.3673,35.3535,,5.0000,-25.9640,-27.6332,10.7969,-28.7918,10.7969,-49.8715,-0.1133,failed_base
val,5,G,2025-08-01,11:20,NIFTY,2025-08-07,PE,24800,ITM1,6,True,24705.0000,199.4000,151.3500,186.6000,0.0000,0.0000,1.8740,1.9530,186.6000,1,,,-0.2117,0.1147,-0.5980,-11.9644,56.8219,18.3484,30.2116,30.0000,8.7763,4.0039,19.0321,-5.6670,56.4694,-5.6670,-0.1025,next_wave
val,5,G,2025-08-06,14:20,NIFTY,2025-08-07,PE,24800,ITM1,1,False,24595.3000,216.4000,182.1000,210.5000,0.0000,0.0000,1.3540,1.8270,210.5000,1,,,-0.1195,0.1369,-0.8696,-11.7009,,,,,9.6811,11.8403,14.8105,-4.6904,14.8105,-4.6904,-0.0882,session_end
val,5,G,2025-08-11,12:45,NIFTY,2025-08-14,CE,24300,ITM1,3,False,24487.0900,232.7500,200.1000,229.3000,0.0000,0.0000,0.9180,0.8550,229.3000,1,,,0.1213,0.1292,0.7413,-15.8707,38.2559,12.9948,35.3344,25.0000,9.0226,10.1349,18.8614,-1.1386,39.9570,-1.1386,0.1042,next_wave
val,5,G,2025-08-11,12:45,NIFTY,2025-08-14,CE,24400,ATM,3,False,24487.0900,161.1000,135.6000,158.8000,0.0000,0.0000,0.9350,0.8730,158.8000,1,,,0.1213,0.1247,0.6233,-18.6190,46.7183,15.7075,43.7090,25.0000,11.1111,12.1691,23.4947,-1.3966,49.5965,-1.3966,0.1042,next_wave
val,5,G,2025-08-12,14:15,NIFTY,2025-08-14,PE,24400,OTM2,2,False,24556.9100,34.0500,19.8500,30.8000,0.0000,0.0000,2.7600,1.1080,30.8000,1,,,-0.2802,0.1257,-0.2466,-18.9387,102.5189,28.1095,,10.0000,12.0411,12.4449,18.0617,-15.1248,34.5081,-15.1248,-0.1110,session_end
val,5,G,2025-08-13,12:05,NIFTY,2025-08-14,PE,24400,OTM2,1,False,24576.0500,18.9500,13.7500,17.6000,0.0000,0.0000,2.6360,1.4780,17.6000,1,,,-0.1690,0.1409,-0.1798,-18.8451,53.8182,27.6596,,5.0000,-37.2032,-38.3304,1.0554,-39.8417,1.0554,-58.8391,0.2553,failed_base
val,5,G,2025-08-08,13:00,NIFTY,2025-08-14,CE,24500,ITM1,6,True,24491.9800,127.3500,105.0000,125.7500,0.0000,0.0000,3.6020,3.1990,125.7500,1,,,0.0943,0.1040,0.4924,-11.2125,36.3810,18.7500,,5.0000,-15.8225,-17.2698,2.7483,-17.1967,2.7483,-35.4927,-0.1694,failed_base
val,5,G,2025-08-11,12:45,NIFTY,2025-08-14,CE,24500,OTM1,3,False,24487.0900,104.6000,86.6500,103.0000,0.0000,0.0000,1.2200,0.8020,103.0000,1,,,0.1213,0.1230,0.4835,-19.4861,54.2412,18.5933,53.2169,25.0000,12.2849,13.3689,27.7725,-1.7208,59.3690,-1.7208,0.1042,next_wave
val,5,G,2025-08-13,12:40,NIFTY,2025-08-14,CE,24500,ITM1,1,False,24635.8000,159.7500,122.5500,155.1000,0.0000,0.0000,1.0570,2.7180,155.1000,1,,,0.0737,0.1337,0.7734,-23.7382,49.2452,20.6670,36.1130,35.0000,10.4538,11.7326,14.4914,-0.1878,23.6307,-9.1706,0.0771,next_wave
val,5,G,2025-08-14,13:05,NIFTY,2025-08-14,CE,24500,ITM1,0,False,24665.0000,168.0000,127.6000,154.9000,0.0000,0.0000,1.0630,2.0870,154.9000,1,,,0.1511,0.2651,0.9366,-2.9970,39.4201,17.0883,,0.0000,-16.9048,-14.1147,3.2143,-22.8274,3.2143,-40.6845,-0.1168,failed_base
val,5,G,2025-08-08,12:10,NIFTY,2025-08-14,PE,24500,OTM1,6,True,24450.1000,160.0000,139.2500,159.9000,0.0000,0.0000,1.0320,2.0350,159.9000,1,,,-0.0360,0.1056,-0.5558,-11.2017,23.6266,16.9620,,0.0000,-3.7187,-4.5905,2.6563,-10.6562,30.4063,-26.0625,0.0380,failed_base
val,5,G,2025-08-13,12:05,NIFTY,2025-08-14,PE,24500,OTM1,1,False,24576.0500,40.3000,28.2000,37.2000,0.0000,0.0000,2.9750,1.5300,37.2000,1,,,-0.1690,0.1315,-0.3354,-36.6724,56.2057,28.0363,,5.0000,-40.4467,-43.3907,0.8685,-43.1762,0.8685,-64.5161,0.2553,failed_base
val,5,G,2025-08-14,11:50,NIFTY,2025-08-14,PE,24500,OTM1,0,False,24609.5500,10.3500,5.4000,8.7500,0.0000,0.0000,2.2610,3.2890,8.7500,1,,,-0.1894,0.2279,-0.1687,-10.3500,101.8519,39.9083,,5.0000,-48.7923,-50.2665,4.8309,-53.6232,4.8309,-99.5169,0.0868,failed_base
val,5,G,2025-08-08,13:00,NIFTY,2025-08-14,CE,24600,ATM,6,True,24491.9800,84.0000,68.5000,83.0500,0.0000,0.0000,3.4760,2.7970,83.0500,1,,,0.0584,0.1035,0.3733,-10.5485,39.7810,20.6266,,5.0000,-17.2024,-19.0152,3.1548,-19.0476,3.1548,-36.6667,-0.1694,failed_base
val,5,G,2025-08-11,12:45,NIFTY,2025-08-14,CE,24600,OTM2,3,False,24487.0900,64.3500,53.3500,63.4000,0.0000,0.0000,1.0360,0.8330,63.4000,1,,,0.1213,0.1237,0.3456,-17.8345,59.2315,21.1301,57.8358,25.0000,13.8306,15.3802,32.0124,-2.0979,64.3357,-2.0979,0.1042,next_wave
val,5,G,2025-08-13,12:40,NIFTY,2025-08-14,CE,24600,ATM,1,False,24635.8000,86.7500,61.1000,84.5500,0.0000,0.0000,1.2020,2.5120,84.5500,1,,,0.0737,0.1239,0.5852,-42.4635,71.5221,26.3359,,15.0000,14.9856,15.3064,20.8069,0.1153,33.0259,-14.6974,0.0771,failed_base
val,5,G,2025-08-14,13:05,NIFTY,2025-08-14,CE,24600,ATM,0,False,24665.0000,74.0000,46.3500,64.7000,0.0000,0.0000,1.2780,2.5620,64.7000,1,,,0.1511,0.1920,0.7964,-8.9969,82.2006,33.7478,,0.0000,-31.7568,-30.8795,7.2297,-40.4054,7.2297,-73.9865,-0.1168,failed_base
val,5,G,2025-08-08,12:10,NIFTY,2025-08-14,PE,24600,ATM,6,True,24450.1000,221.5500,195.7000,220.5000,0.0000,0.0000,0.9670,2.1840,220.5000,1,,,-0.0360,0.1054,-0.6695,-10.1457,20.2351,14.5346,,0.0000,-2.9339,-3.4356,2.2568,-9.2304,26.2920,-23.0196,0.0380,failed_base
val,5,G,2025-08-13,12:05,NIFTY,2025-08-14,PE,24600,ATM,1,False,24576.0500,80.3000,57.1000,75.2500,0.0000,0.0000,1.9730,1.4290,75.2500,1,,,-0.1690,0.1233,-0.5547,-42.5500,53.0648,24.4851,,5.0000,-37.4844,-37.6546,1.3699,-39.2279,1.3699,-60.7098,0.2553,failed_base
val,5,G,2025-08-14,11:50,NIFTY,2025-08-14,PE,24600,ATM,0,False,24609.5500,34.3500,16.0000,25.5500,0.0000,0.0000,2.0660,2.9190,25.5500,1,,,-0.1894,0.1939,-0.4602,-34.1348,124.6875,50.4868,,5.0000,-39.8836,-44.4760,3.0568,-48.1805,3.0568,-99.8544,0.0868,failed_base
val,5,G,2025-08-18,12:05,NIFTY,2025-08-21,PE,24700,OTM2,3,False,24959.9800,33.8500,29.1000,33.1500,0.0000,0.0000,1.6940,1.7940,33.1500,1,,,-0.1481,0.1331,-0.1965,-13.8073,85.2234,42.3006,,20.0000,27.3264,25.6022,59.2319,-1.1817,59.2319,-12.5554,-0.1590,failed_base
val,5,G,2025-08-19,11:15,NIFTY,2025-08-21,CE,24800,ITM1,2,False,24957.2400,187.0000,155.1000,182.7000,0.0000,0.0000,0.7350,1.1960,182.7000,1,,,0.1506,0.1131,0.7664,-16.0694,63.3785,29.8934,,75.0000,4.6524,2.7426,8.0749,-5.4545,35.5080,-5.4545,0.0447,stalled
val,5,G,2025-08-20,11:20,NIFTY,2025-08-21,CE,24800,ITM1,1,False,25024.6600,235.5000,192.0000,231.8000,0.0000,0.0000,0.4090,0.9720,231.8000,1,,,0.1151,0.1339,0.8830,-10.8314,41.4583,13.4389,19.4173,115.0000,-0.0637,-3.1801,4.3312,-2.7813,19.5117,-2.7813,-0.0041,next_wave
val,5,G,2025-08-18,12:05,NIFTY,2025-08-21,PE,24800,OTM1,3,False,24959.9800,56.2500,47.6500,55.0500,0.0000,0.0000,1.9460,2.4430,55.0500,1,,,-0.1481,0.1299,-0.2946,-17.5396,79.6432,40.3037,,20.0000,24.8889,21.8096,52.1778,-0.8000,52.1778,-12.6222,-0.1590,failed_base
val,5,G,2025-08-19,13:40,NIFTY,2025-08-21,PE,24800,OTM1,2,False,24983.5300,24.9500,21.7000,24.7500,0.0000,0.0000,1.2960,1.3610,24.7500,1,,,-0.1572,0.1173,-0.2010,-15.2474,31.5668,15.7618,,35.0000,7.4148,8.3049,14.4289,-9.4188,14.4289,-28.8577,-0.0889,failed_base
val,5,G,2025-08-19,11:15,NIFTY,2025-08-21,CE,24900,ATM,2,False,24957.2400,115.6000,92.1000,112.8000,0.0000,0.0000,0.8220,1.3540,112.8000,1,,,0.1506,0.1093,0.6086,-21.1023,86.6450,38.6853,,75.0000,5.1471,4.3689,9.9481,-7.8287,48.7024,-8.8235,0.0447,stalled
val,5,G,2025-08-20,11:20,NIFTY,2025-08-21,CE,24900,ATM,1,False,25024.6600,150.5000,114.0000,147.3500,0.0000,0.0000,0.6620,1.1080,147.3500,1,,,0.1151,0.1268,0.7573,-24.8781,58.7281,18.2095,,115.0000,-0.6977,-3.9434,5.6146,-4.0864,25.1827,-4.0864,-0.0041,stalled
val,5,G,2025-08-18,12:05,NIFTY,2025-08-21,PE,24900,ATM,3,False,24959.9800,91.1500,77.0000,89.3000,0.0000,0.0000,1.9270,2.3190,89.3000,1,,,-0.1481,0.1287,-0.4176,-20.1794,68.7013,35.8353,,20.0000,20.6802,18.2735,42.5123,-0.8228,42.5123,-11.5195,-0.1590,failed_base
val,5,G,2025-08-19,13:40,NIFTY,2025-08-21,PE,24900,ATM,2,False,24983.5300,48.4500,40.3000,46.9000,0.0000,0.0000,1.1440,1.6170,46.9000,1,,,-0.1572,0.1115,-0.3436,-20.9806,40.9429,22.8873,,35.0000,9.8039,12.2529,17.2343,-9.0815,17.2343,-26.2126,-0.0889,failed_base
val,5,G,2025-08-19,11:15,NIFTY,2025-08-21,CE,25000,OTM1,2,False,24957.2400,63.6000,48.6000,62.1500,0.0000,0.0000,1.0000,1.3080,62.1500,1,,,0.1506,0.1082,0.4203,-21.4034,117.9012,49.0557,,75.0000,6.0535,5.1022,12.7358,-10.0629,66.5094,-15.1730,0.0447,failed_base
val,5,G,2025-08-20,11:20,NIFTY,2025-08-21,CE,25000,OTM1,1,False,25024.6600,80.0000,57.0500,79.9000,0.0000,0.0000,0.7810,1.5010,79.9000,1,,,0.1151,0.1184,0.5596,-40.0611,79.4917,26.1230,,115.0000,-0.1250,-0.9173,8.5625,-5.3750,32.2500,-5.4375,-0.0041,failed_base
val,5,G,2025-08-18,12:00,NIFTY,2025-08-21,PE,25000,ITM1,3,False,24958.0300,140.6500,118.6000,135.8000,0.0000,0.0000,1.2880,0.6810,135.8000,1,,,-0.1273,0.1282,-0.5535,-20.3602,58.0944,31.0933,,25.0000,11.3402,12.7989,33.3096,-2.7373,33.3096,-10.6648,-0.1188,failed_base
val,5,G,2025-08-19,11:15,NIFTY,2025-08-21,CE,25100,OTM2,2,False,24957.2400,31.8500,23.9500,31.5500,0.0000,0.0000,1.0450,1.4350,31.5500,1,,,0.1506,0.1100,0.2522,-16.5344,151.5658,50.9544,,75.0000,6.9074,7.9815,14.7567,-11.4600,89.1680,-20.8791,0.0447,failed_base
val,5,G,2025-08-20,11:35,NIFTY,2025-08-21,CE,25100,OTM2,1,False,25028.8300,38.8500,24.6500,37.8500,0.0000,0.0000,0.8680,0.7610,37.8500,1,,,0.1778,0.1216,0.3408,-34.4630,92.2921,28.2700,,100.0000,4.5045,7.0827,20.7207,-9.9099,22.9086,-22.2651,0.0310,failed_base
val,5,G,2025-08-26,12:40,NIFTY,2025-08-28,PE,24700,OTM1,2,False,24781.5100,34.7500,22.1000,31.2500,0.0000,0.0000,1.0850,1.4720,31.2500,1,,,-0.1706,0.0903,-0.3146,-15.8457,70.3620,27.8884,,10.0000,-23.0216,-17.9612,8.3453,-25.3237,81.8705,-34.3885,0.0933,failed_base
val,5,G,2025-08-26,14:20,NIFTY,2025-08-28,PE,24700,OTM1,2,False,24775.5500,34.6000,22.8000,28.7500,0.0000,0.0000,2.7640,2.6090,28.7500,1,,,-0.1044,0.0887,-0.3216,-16.0979,80.7018,23.0583,,15.0000,-7.0809,-13.3616,19.0751,-7.3699,82.6590,-8.3815,0.0133,next_wave
val,5,G,2025-08-28,12:00,NIFTY,2025-08-28,PE,24700,ITM1,0,False,24625.8500,88.0000,52.9000,82.2000,0.0000,0.0000,1.8480,1.6070,82.2000,1,,,-0.0824,0.2064,-0.7662,-13.8480,221.1720,40.2295,,130.0000,30.6818,27.3109,44.4886,-17.3864,152.2727,-17.3864,-0.1413,next_wave
val,5,G,2025-08-25,12:10,NIFTY,2025-08-28,CE,24800,ITM1,3,False,25003.3500,225.0000,192.0000,222.0000,0.0000,0.0000,0.7380,1.1630,222.0000,1,,,0.1059,0.0963,0.8204,-9.3091,26.6927,8.9825,12.3532,70.0000,2.0000,1.1508,5.2000,-2.5111,10.5556,-11.4667,0.0218,next_wave
val,5,G,2025-08-26,11:35,NIFTY,2025-08-28,CE,24800,ATM,2,False,24823.8500,78.6000,57.7000,77.6000,0.0000,0.0000,1.0080,2.0360,77.6000,1,,,0.0523,0.0866,0.5584,-17.3433,52.5130,20.0000,,0.0000,-13.8041,-12.6287,9.7328,-17.2392,9.7328,-53.0534,-0.0745,failed_base
val,5,G,2025-08-22,14:25,NIFTY,2025-08-28,PE,24800,OTM2,6,True,24916.4700,65.6000,51.4000,61.6500,0.0000,0.0000,2.3940,3.2570,61.6500,1,,,-0.0775,0.0898,-0.3401,-9.0359,,,,,3.9634,1.2847,17.0732,-5.7165,17.0732,-5.7165,-0.0215,session_end
val,5,G,2025-08-25,14:40,NIFTY,2025-08-28,PE,24800,OTM1,3,False,24985.1900,21.6000,17.0500,21.1000,0.0000,0.0000,2.4930,1.5540,21.1000,1,,,-0.1404,0.0922,-0.1869,-9.3858,34.8974,18.9130,,10.0000,-1.1574,4.2434,6.4815,-18.9815,6.4815,-18.9815,0.0046,failed_base
val,5,G,2025-08-26,12:40,NIFTY,2025-08-28,PE,24800,ATM,2,False,24781.5100,75.7500,49.4500,69.2500,0.0000,0.0000,1.1100,1.8890,69.2500,1,,,-0.1334,0.0878,-0.5429,-17.9094,65.6218,24.4811,,10.0000,-18.9439,-22.2267,8.1188,-21.2541,65.9406,-29.7030,0.0933,failed_base
val,5,G,2025-08-26,14:20,NIFTY,2025-08-28,PE,24800,ATM,2,False,24775.5500,76.8500,53.2500,66.3500,0.0000,0.0000,2.7280,3.8570,66.3500,1,,,-0.1044,0.0863,-0.5592,-17.8760,66.2911,17.7866,,15.0000,-3.3832,-3.2230,15.2245,-5.2700,63.5654,-5.2700,0.0133,next_wave
val,5,G,2025-08-22,13:30,NIFTY,2025-08-28,CE,24900,ITM1,6,True,24951.7100,139.3500,128.1000,138.7000,0.0000,0.0000,1.5470,1.4290,138.7000,1,,,0.0763,0.0870,0.5748,-9.3864,18.1889,10.3699,,15.0000,-2.4040,-0.2127,8.6473,-2.6193,8.6473,-22.1385,-0.0229,failed_base
val,5,G,2025-08-25,12:10,NIFTY,2025-08-28,CE,24900,ATM,3,False,25003.3500,146.4000,120.2000,144.7000,0.0000,0.0000,0.9760,1.2690,144.7000,1,,,0.1059,0.0921,0.6873,-12.8338,33.7770,11.7848,,70.0000,2.3566,3.9623,6.6940,-3.6202,13.1489,-16.4276,0.0218,failed_base
val,5,G,2025-08-25,13:55,NIFTY,2025-08-28,CE,24900,ATM,3,False,25029.6100,163.9000,141.8500,160.8000,0.0000,0.0000,1.1590,1.3900,160.8000,1,,,0.0376,0.0917,0.7326,-11.8537,16.7783,9.1156,,5.0000,-15.8023,-17.8225,0.6711,-17.9988,0.6711,-25.3508,-0.1365,failed_base
val,5,G,2025-08-22,14:25,NIFTY,2025-08-28,PE,24900,OTM1,6,True,24916.4700,104.1500,83.5000,98.8000,0.0000,0.0000,2.0840,2.6650,98.8000,1,,,-0.0775,0.0878,-0.4739,-9.6629,42.8144,,,20.0000,2.9285,3.1857,14.4983,-5.4729,14.4983,-5.4729,-0.0215,session_end
val,5,G,2025-08-25,14:40,NIFTY,2025-08-28,PE,24900,ATM,3,False,24985.1900,43.7500,34.7500,41.8500,0.0000,0.0000,2.9240,2.1950,41.8500,1,,,-0.1242,0.0873,-0.3323,-12.8084,33.9568,17.8303,,10.0000,-1.1429,0.4341,6.4000,-18.7429,6.4000,-18.7429,0.0046,failed_base
val,5,G,2025-08-26,12:40,NIFTY,2025-08-28,PE,24900,ITM1,2,False,24781.5100,145.2500,104.0000,131.4500,0.0000,0.0000,0.7590,1.4290,131.4500,1,,,-0.1012,0.0938,-0.7463,-14.2544,48.0769,17.9221,,10.0000,-13.2530,-14.2572,6.0241,-14.8365,44.3718,-20.9983,0.0933,failed_base
val,5,G,2025-08-26,14:20,NIFTY,2025-08-28,PE,24900,ITM1,2,False,24775.5500,149.4000,114.7500,133.8500,0.0000,0.0000,2.7440,3.2090,133.8500,1,,,-0.1044,0.0949,-0.7582,-14.1614,,,,,-1.6064,0.5951,10.0736,-3.9826,40.3614,-3.9826,0.0133,session_end
val,5,G,2025-08-22,13:30,NIFTY,2025-08-28,CE,25000,ATM,6,True,24951.7100,87.8000,79.9000,87.5000,0.0000,0.0000,1.6460,1.1830,87.5000,1,,,0.0763,0.0858,0.4324,-9.2972,20.0876,11.6727,,15.0000,-3.4738,-0.7982,9.2825,-3.4738,9.2825,-23.6333,-0.0229,failed_base
val,5,G,2025-08-25,12:15,NIFTY,2025-08-28,CE,25000,OTM1,3,False,25004.8100,85.9000,68.0500,84.8500,0.0000,0.0000,1.1130,1.3530,84.8500,1,,,0.1096,0.0903,0.5105,-14.5685,38.5746,13.5207,,65.0000,2.1537,3.9127,8.2654,-2.6775,13.6787,-24.0978,0.0238,failed_base
val,5,G,2025-08-22,14:25,NIFTY,2025-08-28,PE,25000,ATM,6,True,24916.4700,157.9500,130.2000,150.7500,0.0000,0.0000,1.7460,2.4400,150.7500,1,,,-0.0775,0.0869,-0.6148,-9.1342,,,,,2.6274,1.6045,12.2191,-4.7800,12.2191,-4.7800,-0.0215,session_end
val,5,G,2025-08-25,14:30,NIFTY,2025-08-28,PE,25000,ITM1,3,False,24996.8000,81.0000,67.5500,79.9000,0.0000,0.0000,2.0540,3.3570,79.9000,1,,,-0.0778,0.0873,-0.5045,-14.3329,31.9023,14.8709,,20.0000,-9.6296,-6.2759,10.0000,-12.5309,10.0000,-12.5309,0.0446,failed_base
val,5,G,2025-08-25,12:25,NIFTY,2025-08-28,CE,25100,OTM2,3,False,25009.3000,47.0500,35.5500,46.1000,0.0000,0.0000,2.1460,2.8410,46.1000,1,,,0.1677,0.0917,0.3362,-13.2937,41.4909,17.9920,,0.0000,-2.0191,8.2477,4.1445,-5.8448,8.8204,-34.3252,0.0278,failed_base
val,5,G,2025-08-22,14:25,NIFTY,2025-08-28,PE,25100,ITM1,6,True,24916.4700,227.0500,193.6000,218.6000,0.0000,0.0000,1.6930,2.7660,218.6000,1,,,-0.0775,0.0876,-0.7398,-7.6672,,,,,2.4884,4.8347,10.1079,-3.6336,10.1079,-3.6336,-0.0215,session_end
val,5,G,2025-08-29,13:45,NIFTY,2025-09-02,PE,24300,OTM2,4,True,24530.5000,21.8000,15.5500,20.5500,0.0000,0.0000,0.9230,0.6450,20.5500,1,,,-0.1925,0.0935,-0.1681,-7.4639,69.1318,29.8479,,25.0000,-12.8440,-23.3056,20.6422,-15.3670,80.7339,-40.1376,0.0460,failed_base
val,5,G,2025-09-01,12:30,NIFTY,2025-09-02,CE,24400,ITM1,1,False,24593.0700,203.6000,159.3000,189.1000,0.0000,0.0000,2.2480,1.1840,189.1000,1,,,0.1166,0.1240,0.8745,-10.5314,51.5380,8.5957,,110.0000,-0.3438,-1.0551,3.0943,-5.4519,24.5334,-5.4519,-0.0040,next_wave
val,5,G,2025-08-29,13:15,NIFTY,2025-09-02,PE,24400,OTM1,4,True,24524.2900,43.2500,29.5000,38.0000,0.0000,0.0000,1.8590,1.3150,38.0000,1,,,-0.1667,0.0894,-0.2940,-10.2245,65.7627,28.2209,,55.0000,-4.9711,-14.0172,1.3873,-18.2659,66.0116,-41.2717,0.0253,failed_base
val,5,G,2025-09-01,12:30,NIFTY,2025-09-02,CE,24500,ATM,1,False,24593.0700,118.3500,83.4000,106.2500,0.0000,0.0000,2.7380,1.5860,106.2500,1,,,0.1166,0.1119,0.7300,-24.6114,80.4556,12.0266,,110.0000,-0.7182,2.8399,4.3515,-8.4495,36.5864,-8.4495,-0.0040,next_wave
val,5,G,2025-08-29,13:15,NIFTY,2025-09-02,PE,24500,ATM,4,True,24524.2900,78.0500,55.8000,70.0000,0.0000,0.0000,1.8200,1.5260,70.0000,1,,,-0.1667,0.0866,-0.4548,-11.6267,55.8244,24.3818,,55.0000,-4.0359,-11.7625,1.7937,-15.6310,58.4241,-36.6432,0.0253,failed_base
val,5,G,2025-08-29,14:45,NIFTY,2025-09-02,PE,24500,ATM,4,True,24485.6700,93.5500,65.7500,86.9500,0.0000,0.0000,1.6290,1.9060,86.9500,1,,,-0.2371,0.0840,-0.5243,-11.4085,,,,,30.8926,29.1861,32.1753,-18.2255,32.1753,-18.2255,-0.1787,session_end
val,5,G,2025-09-01,12:30,NIFTY,2025-09-02,CE,24600,OTM1,1,False,24593.0700,53.9500,34.2000,47.3000,0.0000,0.0000,3.6110,1.5240,47.3000,1,,,0.1166,0.1053,0.4818,-38.0964,116.0819,17.5237,,110.0000,-3.5218,1.6409,5.0046,-14.5505,54.5876,-14.5505,-0.0040,next_wave
val,5,G,2025-09-02,12:40,NIFTY,2025-09-02,CE,24600,ITM1,0,False,24763.3000,166.3500,129.3500,159.6000,0.0000,0.0000,1.2310,1.4820,159.6000,1,,,0.0471,0.2428,0.9354,-3.0465,30.8079,13.8593,,10.0000,-9.2275,-8.0409,1.7133,-12.3835,1.7133,-99.9699,-0.0638,failed_base
val,5,G,2025-08-29,13:15,NIFTY,2025-09-02,PE,24600,ITM1,4,True,24524.2900,131.2000,97.2500,118.9500,0.0000,0.0000,1.5090,1.0630,118.9500,1,,,-0.1667,0.0851,-0.6316,-10.7622,47.9692,20.5003,,55.0000,-3.6966,-7.9227,1.1814,-13.1098,48.2851,-30.7546,0.0253,failed_base
val,5,G,2025-08-29,14:45,NIFTY,2025-09-02,PE,24600,ITM1,4,True,24485.6700,155.4500,114.0000,143.9000,0.0000,0.0000,0.9900,1.3390,143.9000,1,,,-0.2371,0.0842,-0.6986,-9.7817,,,,,24.4130,21.9336,25.1528,-14.4741,25.1528,-14.4741,-0.1787,session_end
val,5,G,2025-09-01,12:30,NIFTY,2025-09-02,CE,24700,OTM2,1,False,24593.0700,20.0000,11.8500,16.9500,0.0000,0.0000,4.1520,1.3460,16.9500,1,,,0.1166,0.1073,0.2341,-19.7498,74.2616,24.6973,109.0032,5.0000,-8.5000,-6.2880,2.7500,-22.2500,62.5000,-22.2500,-0.0040,next_wave
val,5,G,2025-09-02,13:30,NIFTY,2025-09-02,PE,24700,ATM,0,False,24697.3000,26.4000,11.1000,20.0500,0.0000,0.0000,4.1320,5.7830,20.0500,1,,,-0.2196,0.1681,-0.5166,-22.5180,186.0360,54.9606,,5.0000,335.6061,129.4361,352.8409,-45.8333,597.3485,-45.8333,-0.4410,failed_base
val,5,G,2025-09-03,12:05,NIFTY,2025-09-09,CE,24600,OTM1,6,True,24633.1700,132.1000,105.5500,125.0000,0.0000,0.0000,1.0530,1.5100,125.0000,1,,,0.1473,0.0902,0.5476,-9.6653,57.6504,25.2404,72.5482,25.0000,20.6662,23.7363,25.9652,-2.4603,62.4905,-5.8289,0.1794,next_wave
val,5,G,2025-09-08,13:55,NIFTY,2025-09-09,PE,24600,OTM2,1,False,24856.3600,8.4500,6.2500,7.7500,0.0000,0.0000,1.5370,2.1260,7.7500,1,,,-0.0869,0.1452,-0.0926,-8.4500,40.0000,17.7143,,0.0000,-19.5266,-17.4254,4.7337,-27.2189,79.2899,-31.3609,0.0593,failed_base
val,5,G,2025-09-03,12:05,NIFTY,2025-09-09,CE,24700,OTM2,6,True,24633.1700,83.2500,64.9000,77.9000,0.0000,0.0000,1.2400,1.5630,77.9000,1,,,0.1473,0.0890,0.4091,-9.3518,68.7211,29.6804,,25.0000,25.0450,25.9216,31.5315,-3.1231,76.5165,-7.5075,0.1794,stalled
val,5,G,2025-09-05,13:25,NIFTY,2025-09-09,CE,24700,ITM1,4,True,24699.3500,88.0000,63.8500,83.5000,0.0000,0.0000,1.4400,2.7220,83.5000,1,,,0.1396,0.0848,0.5003,-11.5492,159.6711,,,45.0000,56.7045,42.0809,67.5000,-3.5227,88.4091,-3.5227,0.3551,session_end
val,5,G,2025-09-08,12:45,NIFTY,2025-09-09,CE,24700,ITM1,1,False,24879.4700,192.4000,148.5500,176.0000,0.0000,0.0000,1.8550,2.3310,176.0000,1,,,0.1495,0.1249,0.8535,-12.9301,39.3470,18.6957,,5.0000,5.1195,6.7826,6.2110,-4.0281,6.8607,-42.7495,0.0490,failed_base
val,5,G,2025-09-04,12:25,NIFTY,2025-09-09,PE,24700,OTM2,5,True,24794.8500,68.7500,47.1500,62.3000,0.0000,0.0000,3.0660,1.6070,62.3000,1,,,-0.2169,0.0938,-0.3627,-10.5401,51.5376,23.8628,,5.0000,-28.8000,-30.0383,1.8182,-33.4545,21.5273,-37.0182,0.2182,failed_base
val,5,G,2025-09-04,13:50,NIFTY,2025-09-09,PE,24700,OTM2,5,True,24805.6000,61.8000,43.3000,56.3000,0.0000,0.0000,1.8980,1.9830,56.3000,1,,,-0.1564,0.0914,-0.3438,-10.1272,92.2633,,,45.0000,4.6117,10.1562,12.6214,-11.1650,35.1942,-11.1650,-0.0698,session_end
val,5,G,2025-09-08,13:55,NIFTY,2025-09-09,PE,24700,OTM1,1,False,24856.3600,15.4000,11.1500,13.9500,0.0000,0.0000,1.5270,2.0460,13.9500,1,,,-0.0869,0.1239,-0.1721,-15.3993,42.6009,20.4403,,0.0000,-19.4805,-19.6810,7.7922,-29.2208,98.3766,-36.3636,0.0593,failed_base
val,5,G,2025-09-05,13:25,NIFTY,2025-09-09,CE,24800,ATM,4,True,24699.3500,47.8000,33.7500,45.2000,0.0000,0.0000,1.4980,3.2430,45.2000,1,,,0.1396,0.0855,0.3278,-10.3901,157.1852,,,30.0000,66.3180,47.1382,81.5900,-4.7071,106.4854,-4.7071,0.3551,session_end
val,5,G,2025-09-08,12:45,NIFTY,2025-09-09,CE,24800,ATM,1,False,24879.4700,108.5500,75.8000,96.3000,0.0000,0.0000,1.9100,2.4760,96.3000,1,,,0.1495,0.1109,0.7000,-28.0228,60.6201,27.5154,,5.0000,7.5541,10.8431,8.8899,-5.6656,9.2584,-57.1165,0.0490,failed_base
val,5,G,2025-09-04,12:30,NIFTY,2025-09-09,PE,24800,OTM1,5,True,24798.6000,108.2000,76.9500,104.3000,0.0000,0.0000,1.0850,2.3180,104.3000,1,,,-0.1255,0.0918,-0.4994,-11.0387,47.4334,20.6258,,0.0000,-30.5453,-35.8781,0.9242,-32.8558,25.3235,-32.8558,0.2603,failed_base
val,5,G,2025-09-04,13:50,NIFTY,2025-09-09,PE,24800,OTM1,5,True,24805.6000,101.3500,72.6500,92.2000,0.0000,0.0000,1.5900,1.8560,92.2000,1,,,-0.1564,0.0894,-0.4889,-10.8141,81.6930,23.8258,,45.0000,5.7721,5.0281,11.6922,-9.8175,33.7938,-9.8175,-0.0698,session_end
val,5,G,2025-09-05,12:20,NIFTY,2025-09-09,PE,24800,ATM,4,True,24664.9200,174.5000,127.0500,171.4500,0.0000,0.0000,1.1390,0.7400,171.4500,1,,,-0.1874,0.0873,-0.7195,-9.6939,51.6332,18.0898,,25.0000,5.6160,6.9501,10.4011,-10.1433,10.4011,-57.4212,-0.0587,failed_base
val,5,G,2025-09-08,13:55,NIFTY,2025-09-09,PE,24800,ATM,1,False,24856.3600,33.9000,24.3000,31.6000,0.0000,0.0000,1.5690,2.1630,31.6000,1,,,-0.0869,0.1079,-0.3474,-32.9904,44.8560,23.7216,,0.0000,-20.3540,-19.8377,10.6195,-28.6136,94.9853,-38.9381,0.0593,failed_base
val,5,G,2025-09-05,13:25,NIFTY,2025-09-09,CE,24900,OTM1,4,True,24699.3500,24.7000,18.2000,23.9500,0.0000,0.0000,1.3860,3.8070,23.9500,1,,,0.1396,0.0882,0.1942,-7.8476,155.2198,,,30.0000,70.0405,49.6379,88.0567,-6.4777,115.7895,-6.4777,0.3551,session_end
val,5,G,2025-09-08,12:45,NIFTY,2025-09-09,CE,24900,OTM1,1,False,24879.4700,49.8500,32.1000,42.8500,0.0000,0.0000,3.2360,2.9240,42.8500,1,,,0.1495,0.1086,0.4464,-39.2886,83.8006,38.1356,,5.0000,8.3250,10.4252,10.5316,-7.7232,10.6319,-65.0953,0.0490,failed_base
val,5,G,2025-09-04,12:25,NIFTY,2025-09-09,PE,24900,ATM,5,True,24794.8500,167.9500,121.7500,154.0500,0.0000,0.0000,1.6220,1.1240,154.0500,1,,,-0.2169,0.0914,-0.6493,-10.1062,40.6160,17.0561,,5.0000,-22.7151,-22.0303,1.2504,-26.6448,21.7624,-29.9792,0.2182,failed_base
val,5,G,2025-09-04,13:50,NIFTY,2025-09-09,PE,24900,ATM,5,True,24805.6000,157.6500,117.6000,144.8500,0.0000,0.0000,1.3880,1.7200,144.8500,1,,,-0.1564,0.0889,-0.6391,-10.0031,68.7500,20.0050,,45.0000,5.8674,3.0445,10.5614,-8.0241,29.7177,-8.0241,-0.0698,session_end
val,5,G,2025-09-05,12:20,NIFTY,2025-09-09,PE,24900,ITM1,4,True,24664.9200,255.1500,198.7500,251.5500,0.0000,0.0000,1.0200,0.9310,251.5500,1,,,-0.1874,0.0902,-0.8367,-6.9635,39.1195,14.2676,,25.0000,4.9383,6.4722,8.3676,-7.7209,8.3676,-49.5983,-0.0587,failed_base
val,5,G,2025-09-08,13:55,NIFTY,2025-09-09,PE,24900,ITM1,1,False,24856.3600,80.9000,60.6000,77.0500,0.0000,0.0000,1.3240,1.9720,77.0500,1,,,-0.0869,0.1052,-0.6200,-35.4440,46.1221,26.1999,,20.0000,-12.9790,-9.9826,9.4561,-20.6428,67.9234,-30.0989,0.0593,failed_base
val,5,G,2025-09-05,13:25,NIFTY,2025-09-09,CE,25000,OTM2,4,True,24699.3500,12.8500,9.8500,12.6500,0.0000,0.0000,1.2720,2.5210,12.6500,1,,,0.1396,0.0929,0.1100,-5.3442,137.5635,,,30.0000,62.6459,45.8344,82.1012,-6.2257,102.3346,-6.2257,0.3551,session_end
val,5,G,2025-09-08,12:45,NIFTY,2025-09-09,CE,25000,OTM2,1,False,24879.4700,19.6500,12.2000,16.4500,0.0000,0.0000,3.8250,3.6170,16.4500,1,,,0.1495,0.1131,0.2207,-19.5183,97.1311,38.2536,,5.0000,9.6692,11.8250,13.2316,-7.3791,13.2316,-62.5954,0.0490,failed_base
val,5,G,2025-09-04,12:30,NIFTY,2025-09-09,PE,25000,ITM1,5,True,24798.6000,237.9000,183.3500,229.9000,0.0000,0.0000,0.7100,1.5760,229.9000,1,,,-0.1255,0.0927,-0.7669,-8.2465,33.3515,17.9346,,0.0000,-21.9420,-21.4420,0.7987,-24.2959,20.8071,-24.2959,0.2603,failed_base
val,5,G,2025-09-04,13:50,NIFTY,2025-09-09,PE,25000,ITM1,5,True,24805.6000,230.0000,180.1000,214.0000,0.0000,0.0000,1.4900,2.0160,214.0000,1,,,-0.1564,0.0903,-0.7660,-8.1081,54.8306,16.3349,,45.0000,5.6522,5.3501,9.1304,-6.1739,24.9565,-6.1739,-0.0698,session_end
val,5,G,2025-09-11,12:25,NIFTY,2025-09-16,CE,24900,ITM1,5,True,25042.9400,189.2000,158.0000,181.4500,0.0000,0.0000,2.3110,2.4310,181.4500,1,,,0.0662,0.0867,0.7122,-8.8174,23.8291,8.4079,,15.0000,0.0529,0.0073,3.4091,-4.1226,5.5497,-6.3161,0.0064,failed_base
val,5,G,2025-09-10,13:20,NIFTY,2025-09-16,PE,24900,OTM1,6,True,24995.1500,73.3500,60.8000,68.2000,0.0000,0.0000,3.8900,2.0950,68.2000,1,,,-0.1523,0.0893,-0.3679,-9.2528,24.0132,11.6048,,5.0000,-6.5440,-7.3515,1.4315,-10.0204,1.4315,-18.0641,0.0425,failed_base
val,5,G,2025-09-11,11:45,NIFTY,2025-09-16,PE,24900,OTM1,5,True,25005.8600,55.9500,49.0500,54.9500,0.0000,0.0000,2.0770,2.3830,54.9500,1,,,-0.0813,0.0847,-0.3345,-9.2537,17.5331,13.5299,,5.0000,-10.9026,-13.8063,1.6979,-11.5282,1.6979,-31.9035,0.0757,failed_base
val,5,G,2025-09-15,14:05,NIFTY,2025-09-16,PE,24900,OTM2,1,False,25096.0000,8.9500,7.2000,8.8500,0.0000,0.0000,1.5010,1.2340,8.8500,1,,,-0.0877,0.1205,-0.1129,-8.9500,40.2778,23.2673,,20.0000,-11.7318,-16.1167,12.8492,-13.4078,12.8492,-21.2291,0.0088,failed_base
val,5,G,2025-09-11,12:25,NIFTY,2025-09-16,CE,25000,ATM,5,True,25042.9400,120.3000,96.0000,114.4500,0.0000,0.0000,2.3010,2.2380,114.4500,1,,,0.0652,0.0823,0.5712,-9.8146,30.5729,10.7698,,15.0000,-0.1663,-0.3045,4.1978,-5.2369,6.4422,-8.6451,0.0064,failed_base
val,5,G,2025-09-15,11:55,NIFTY,2025-09-16,CE,25000,ITM1,1,False,25111.4000,131.7000,111.0000,127.6000,0.0000,0.0000,1.6770,1.0400,127.6000,1,,,0.0737,0.1076,0.7700,-19.8878,29.9550,12.4783,,15.0000,3.4928,0.3168,9.5292,-1.6325,9.5292,-17.5019,0.0264,failed_base
val,5,G,2025-09-16,12:30,NIFTY,2025-09-16,CE,25000,ITM1,0,False,25198.6000,201.1000,172.5000,188.4000,0.0000,0.0000,1.4990,2.8810,188.4000,1,,,0.0921,0.2596,0.9504,-2.5023,26.0290,15.6394,,15.0000,1.4421,3.0723,8.1054,-0.7210,19.8409,-17.8021,0.0119,failed_base
val,5,G,2025-09-10,13:20,NIFTY,2025-09-16,PE,25000,ATM,6,True,24995.1500,114.2500,95.1000,107.0500,0.0000,0.0000,3.0650,1.9780,107.0500,1,,,-0.1523,0.0869,-0.5041,-9.5706,23.3438,10.2728,,5.0000,-5.7330,-8.5612,1.3567,-8.7527,1.3567,-16.7615,0.0425,failed_base
val,5,G,2025-09-11,11:45,NIFTY,2025-09-16,PE,25000,ATM,5,True,25005.8600,93.4000,82.4000,91.5500,0.0000,0.0000,1.8810,1.8300,91.5500,1,,,-0.0813,0.0813,-0.4879,-9.8229,16.3835,12.4609,,5.0000,-10.2784,-11.0152,1.4989,-10.8137,1.4989,-29.3362,0.0757,failed_base
val,5,G,2025-09-15,13:50,NIFTY,2025-09-16,PE,25000,OTM1,1,False,25095.5000,21.9000,16.7500,20.9500,0.0000,0.0000,2.5560,5.4100,20.9500,1,,,-0.0897,0.1062,-0.2527,-21.8465,44.4776,26.6529,,0.0000,3.1963,3.6069,11.8721,-10.5023,11.8721,-28.3105,-0.0217,failed_base
val,5,G,2025-09-11,12:25,NIFTY,2025-09-16,CE,25100,OTM1,5,True,25042.9400,69.2000,52.8500,65.4000,0.0000,0.0000,2.9990,2.5210,65.4000,1,,,0.0980,0.0802,0.4069,-9.4456,38.2214,14.0315,,10.0000,-0.9393,-1.6806,5.5636,-7.0087,6.5029,-12.1387,0.0064,failed_base
val,5,G,2025-09-15,11:55,NIFTY,2025-09-16,CE,25100,ATM,1,False,25111.4000,60.5500,47.7000,57.8000,0.0000,0.0000,1.9840,0.9620,57.8000,1,,,0.0737,0.0973,0.5341,-34.6213,44.6541,19.9275,,15.0000,4.0462,0.7232,13.9554,-3.0553,13.9554,-29.5623,0.0264,failed_base
val,5,G,2025-09-16,12:30,NIFTY,2025-09-16,CE,25100,ATM,0,False,25198.6000,104.1500,81.4500,93.2000,0.0000,0.0000,1.8290,2.6170,93.2000,1,,,0.0921,0.1866,0.8722,-5.5523,45.1197,25.5499,,15.0000,3.3605,17.5108,13.4902,-0.8161,35.2376,-33.4614,0.0119,failed_base
val,5,G,2025-09-10,13:20,NIFTY,2025-09-16,PE,25100,ITM1,6,True,24995.1500,170.2000,143.7500,160.9000,0.0000,0.0000,2.6040,1.7850,160.9000,1,,,-0.1523,0.0853,-0.6452,-8.6900,21.1826,14.5522,,5.0000,-4.6710,-4.9317,1.2045,-7.1387,2.5264,-14.0717,0.0425,failed_base
val,5,G,2025-09-11,11:45,NIFTY,2025-09-16,PE,25100,ITM1,5,True,25005.8600,149.0000,133.2500,145.3000,0.0000,0.0000,2.3630,2.3010,145.3000,1,,,-0.0813,0.0797,-0.6518,-8.8351,14.5216,10.4849,,5.0000,-8.7919,-7.3309,1.3087,-9.4966,1.3087,-25.2685,0.0757,failed_base
val,5,G,2025-09-12,12:55,NIFTY,2025-09-16,PE,25100,ATM,4,True,25126.1900,65.0000,59.8000,63.4000,0.0000,0.0000,1.4790,2.0740,63.4000,1,,,-0.0524,0.0729,-0.4445,-9.9606,9.1137,7.1264,,5.0000,-9.6923,-10.7187,0.2308,-12.8462,1.2308,-18.2308,0.0560,failed_base
val,5,G,2025-09-15,13:50,NIFTY,2025-09-16,PE,25100,ATM,1,False,25095.5000,53.2000,41.3500,50.7500,0.0000,0.0000,1.9290,4.4190,50.7500,1,,,-0.0897,0.0940,-0.5130,-37.8481,42.0798,18.6383,,35.0000,3.6654,6.0156,10.4323,-7.8008,10.4323,-25.8459,-0.0217,failed_base
val,5,G,2025-09-11,12:25,NIFTY,2025-09-16,CE,25200,OTM2,5,True,25042.9400,36.9000,27.2000,34.2000,0.0000,0.0000,2.9820,2.2940,34.2000,1,,,0.0652,0.0805,0.2575,-7.7274,42.8309,13.5135,,10.0000,-3.7940,-0.2967,5.2846,-10.5691,5.2846,-17.4797,0.0064,failed_base
val,5,G,2025-09-15,12:00,NIFTY,2025-09-16,CE,25200,OTM1,1,False,25118.9500,23.2500,16.2000,20.4500,0.0000,0.0000,1.6220,1.8260,20.4500,1,,,0.1088,0.0968,0.2772,-22.2795,56.7901,28.1496,,10.0000,0.4301,7.4269,9.2473,-13.1183,9.2473,-43.8710,0.0108,failed_base
val,5,G,2025-09-16,12:30,NIFTY,2025-09-16,CE,25200,OTM1,0,False,25198.6000,27.0500,16.5000,22.8000,0.0000,0.0000,2.4520,3.1230,22.8000,1,,,0.0921,0.1491,0.4925,-25.6079,122.1212,52.6603,,15.0000,2.9575,7.5476,35.4898,-6.2847,51.0166,-75.7856,0.0119,failed_base
val,5,G,2025-09-12,12:55,NIFTY,2025-09-16,PE,25200,ITM1,4,True,25126.1900,118.1500,108.6000,114.3000,0.0000,0.0000,1.2450,1.9320,114.3000,1,,,-0.0524,0.0711,-0.6495,-9.0059,9.4383,7.4464,,5.0000,-7.1519,-8.8322,0.2962,-9.9873,2.6661,-13.7114,0.0560,failed_base
val,5,G,2025-09-15,13:50,NIFTY,2025-09-16,PE,25200,ITM1,1,False,25095.5000,120.5500,100.2000,115.1500,0.0000,0.0000,1.9570,4.4760,115.1500,1,,,-0.0897,0.0969,-0.7850,-16.0417,28.8922,20.9059,,35.0000,3.0278,2.9745,7.1340,-4.8528,7.1340,-15.2634,-0.0217,failed_base
val,5,G,2025-09-15,12:00,NIFTY,2025-09-16,CE,25300,OTM2,1,False,25118.9500,7.1000,5.0000,6.2500,0.0000,0.0000,1.2270,1.3550,6.2500,1,,,0.1088,0.1017,0.1042,-7.0974,56.0000,21.7949,,10.0000,0.7042,3.3785,9.8592,-16.9014,9.8592,-41.5493,0.0108,failed_base
val,5,G,2025-09-17,13:55,NIFTY,2025-09-23,PE,25100,OTM2,6,True,25381.0800,25.6000,22.1500,24.7000,0.0000,0.0000,1.5370,2.8200,24.7000,1,,,-0.0310,0.0891,-0.1647,-5.9554,41.7607,,,40.0000,12.8906,9.7811,16.7969,-3.1250,22.6562,-5.6641,-0.0657,session_end
val,5,G,2025-09-22,14:05,NIFTY,2025-09-23,PE,25100,OTM2,1,False,25297.0700,9.0500,6.4000,8.3500,0.0000,0.0000,2.1220,3.5090,8.3500,1,,,-0.0890,0.1204,-0.1132,-9.0500,52.3438,26.6667,,5.0000,32.5967,38.0635,32.5967,-22.6519,177.3481,-22.6519,-0.1332,failed_base
val,5,G,2025-09-17,11:05,NIFTY,2025-09-23,CE,25200,ITM1,6,True,25388.3000,229.3500,206.1500,227.3500,0.0000,0.0000,1.1360,1.5860,227.3500,1,,,0.0681,0.0845,0.7517,-7.2451,15.2801,8.6051,,20.0000,-3.6407,0.8937,3.6189,-3.9677,4.6436,-13.5165,-0.0413,failed_base
val,5,G,2025-09-17,12:35,NIFTY,2025-09-23,CE,25200,ITM1,6,True,25400.6600,238.8000,217.2000,227.0000,0.0000,0.0000,2.9700,1.6340,227.0000,1,,,0.0726,0.0850,0.7653,-7.0854,10.4972,7.3125,,10.0000,-3.6223,-3.7350,0.5025,-6.8467,0.5025,-16.9389,-0.0345,failed_base
val,5,G,2025-09-23,12:35,NIFTY,2025-09-23,CE,25200,ATM,0,False,25198.4000,32.9500,10.3000,16.8500,0.0000,0.0000,4.4820,2.6550,16.8500,1,,,0.3447,0.1840,0.4931,-31.1189,502.4272,79.4521,,10.0000,20.6373,15.4230,88.3156,-18.6646,167.0713,-99.8483,0.0710,failed_base
val,5,G,2025-09-17,13:50,NIFTY,2025-09-23,PE,25200,OTM1,6,True,25381.6700,41.3000,35.8000,40.3500,0.0000,0.0000,2.3180,1.5040,40.3500,1,,,-0.0298,0.0837,-0.2509,-7.3457,43.8547,,,45.0000,11.1380,10.2626,18.5230,-1.5738,24.6973,-5.4479,-0.0525,session_end
val,5,G,2025-09-18,12:40,NIFTY,2025-09-23,PE,25200,OTM2,5,True,25434.7200,22.6500,17.6500,19.5000,0.0000,0.0000,7.5220,1.6610,19.5000,1,,,-0.1656,0.0825,-0.1699,-6.1431,46.7422,13.5135,42.1875,10.0000,22.7373,24.4171,40.6181,-1.1038,40.6181,-36.4238,-0.1060,next_wave
val,5,G,2025-09-19,11:55,NIFTY,2025-09-23,PE,25200,OTM2,4,True,25320.5400,36.3000,29.1500,35.5500,0.0000,0.0000,2.0050,1.9880,35.5500,1,,,-0.0816,0.0773,-0.2797,-8.8139,36.5352,24.2462,,5.0000,-11.9835,-7.7412,7.8512,-16.9421,7.8512,-57.9890,0.0425,failed_base
val,5,G,2025-09-22,11:25,NIFTY,2025-09-23,PE,25200,OTM1,1,False,25310.5300,22.0500,16.8000,21.3000,0.0000,0.0000,2.5720,1.1430,21.3000,1,,,-0.1033,0.1093,-0.2387,-21.3099,51.4881,27.5049,,20.0000,-16.5533,-12.7059,15.4195,-19.7279,150.3401,-39.9093,0.0300,failed_base
val,5,G,2025-09-22,14:05,NIFTY,2025-09-23,PE,25200,OTM1,1,False,25297.0700,21.3000,14.4500,19.3500,0.0000,0.0000,2.1940,4.1720,19.3500,1,,,-0.0890,0.1054,-0.2483,-21.2795,56.4014,28.9823,,5.0000,34.7418,39.5129,34.7418,-24.6479,159.1549,-24.6479,-0.1332,failed_base
val,5,G,2025-09-17,11:05,NIFTY,2025-09-23,CE,25300,ATM,6,True,25388.3000,155.7500,138.0500,154.8000,0.0000,0.0000,1.0790,1.1630,154.8000,1,,,0.0681,0.0805,0.6315,-8.3864,18.1456,9.1048,,20.0000,-4.4623,-0.8978,4.7191,-4.8154,5.5538,-16.2119,-0.0413,failed_base
val,5,G,2025-09-17,12:35,NIFTY,2025-09-23,CE,25300,ATM,6,True,25400.6600,163.4000,145.6500,153.8000,0.0000,0.0000,2.8120,1.9300,153.8000,1,,,0.0726,0.0807,0.6492,-8.2983,12.8733,9.2762,,10.0000,-4.5900,-4.8368,0.6120,-8.7209,0.6120,-20.1346,-0.0345,failed_base
val,5,G,2025-09-18,10:50,NIFTY,2025-09-23,CE,25300,ITM1,5,True,25472.6200,203.8000,186.4000,202.3500,0.0000,0.0000,1.1220,1.1260,202.3500,1,,,0.0291,0.0773,0.7703,-6.9545,13.6266,7.4363,,20.0000,-0.1472,0.2223,3.9254,-1.3494,3.9254,-28.7537,0.0002,failed_base
val,5,G,2025-09-19,13:05,NIFTY,2025-09-23,CE,25300,ITM1,4,True,25352.6200,105.5500,85.4000,98.2500,0.0000,0.0000,2.2270,2.1550,98.2500,1,,,0.1066,0.0714,0.6092,-9.5257,42.2717,,,65.0000,4.6897,1.7448,6.0161,-6.8214,15.2061,-9.2847,0.0448,session_end
val,5,G,2025-09-23,12:35,NIFTY,2025-09-23,CE,25300,OTM1,0,False,25198.4000,7.3500,3.7500,5.3000,0.0000,0.0000,5.2010,2.4690,5.3000,1,,,0.3425,0.2103,0.1476,-7.3500,424.0000,77.0992,,10.0000,7.4830,11.8493,167.3469,-38.7755,167.3469,-99.3197,0.0710,failed_base
val,5,G,2025-09-17,13:55,NIFTY,2025-09-23,PE,25300,ATM,6,True,25381.0800,69.1500,59.2500,67.2500,0.0000,0.0000,1.9780,3.2390,67.2500,1,,,-0.0703,0.0804,-0.3764,-8.5497,40.8439,20.0719,,40.0000,11.2075,12.1785,15.0398,-2.5307,20.6797,-7.3030,-0.0657,failed_base
val,5,G,2025-09-18,11:55,NIFTY,2025-09-23,PE,25300,OTM1,5,True,25457.5100,32.9000,29.5500,32.4500,0.0000,0.0000,2.0510,1.4860,32.4500,1,,,-0.0593,0.0755,-0.2427,-7.1018,14.7208,10.4720,,5.0000,-2.8875,-5.1924,1.5198,-7.7508,66.5653,-22.0365,0.0149,failed_base
val,5,G,2025-09-18,12:40,NIFTY,2025-09-23,PE,25300,OTM1,5,True,25434.7200,39.8500,29.8000,33.9000,0.0000,0.0000,6.9630,2.1620,33.9000,1,,,-0.1656,0.0768,-0.2777,-7.8191,52.5168,13.6414,39.6178,10.0000,22.8356,21.1392,37.5157,-1.5056,37.5157,-35.6336,-0.1060,next_wave
val,5,G,2025-09-19,11:55,NIFTY,2025-09-23,PE,25300,OTM1,4,True,25320.5400,69.6000,56.8000,68.0500,0.0000,0.0000,1.7330,1.8800,68.0500,1,,,-0.0816,0.0738,-0.4571,-10.1588,33.1866,21.8110,,5.0000,-9.5546,-6.1720,6.8966,-15.0144,6.8966,-53.5201,0.0425,failed_base
val,5,G,2025-09-22,11:25,NIFTY,2025-09-23,PE,25300,ATM,1,False,25310.5300,50.8000,38.0500,47.9000,0.0000,0.0000,2.0200,1.0860,47.9000,1,,,-0.1033,0.0978,-0.4689,-34.3310,55.9790,23.3361,,20.0000,-8.7598,-7.0383,16.8307,-11.5157,135.2362,-26.7717,0.0300,failed_base
val,5,G,2025-09-22,14:05,NIFTY,2025-09-23,PE,25300,ATM,1,False,25297.0700,51.8500,37.2000,46.9500,0.0000,0.0000,1.6860,2.9940,46.9500,1,,,-0.0990,0.0927,-0.5082,-38.4326,45.0269,23.2623,,5.0000,35.6798,37.8220,35.6798,-20.1543,130.4725,-20.1543,-0.1332,failed_base
val,5,G,2025-09-23,11:20,NIFTY,2025-09-23,PE,25300,ITM1,0,False,25099.2500,204.8500,136.3000,189.8000,0.0000,0.0000,1.4500,1.4070,189.8000,1,,,-0.2468,0.2460,-0.9308,-4.0968,53.3382,21.1722,,5.0000,-11.0569,-4.4098,0.8055,-12.9363,0.8055,-81.6695,0.0916,failed_base
val,5,G,2025-09-17,12:35,NIFTY,2025-09-23,CE,25400,OTM1,6,True,25400.6600,102.4000,89.5000,95.2500,0.0000,0.0000,2.9460,1.9910,95.2500,1,,,0.0726,0.0779,0.5025,-8.6917,15.2514,7.8526,,10.0000,-5.9082,-1.1393,0.7324,-10.5957,0.7324,-22.9980,-0.0345,failed_base
val,5,G,2025-09-18,10:50,NIFTY,2025-09-23,CE,25400,ATM,5,True,25472.6200,129.0500,115.7500,128.0000,0.0000,0.0000,1.6460,1.4960,128.0000,1,,,0.0291,0.0728,0.6299,-8.3861,16.5875,7.3731,,20.0000,-0.8911,0.2626,4.5719,-2.3634,4.5719,-35.2964,0.0002,failed_base
val,5,G,2025-09-19,13:05,NIFTY,2025-09-23,CE,25400,ATM,4,True,25352.6200,54.8500,43.6000,50.6000,0.0000,0.0000,2.4340,2.1750,50.6000,1,,,0.1066,0.0711,0.4033,-9.5856,43.5780,21.2460,,40.0000,4.5579,4.9844,6.4722,-8.8423,14.3118,-16.4084,0.0448,failed_base
val,5,G,2025-09-18,11:55,NIFTY,2025-09-23,PE,25400,ATM,5,True,25457.5100,59.6000,52.2000,57.4000,0.0000,0.0000,1.6670,1.7290,57.4000,1,,,-0.0593,0.0708,-0.3921,-8.3725,17.3372,9.6327,,5.0000,-2.6846,-3.2263,1.1745,-7.1309,57.2148,-20.1342,0.0149,failed_base
val,5,G,2025-09-19,11:55,NIFTY,2025-09-23,PE,25400,ATM,4,True,25320.5400,125.5500,106.1500,122.5000,0.0000,0.0000,1.3690,1.6950,122.5000,1,,,-0.0816,0.0739,-0.6527,-9.3452,26.8488,17.5269,,5.0000,-7.0092,-3.7975,5.2170,-11.5492,5.2170,-43.1302,0.0425,failed_base
val,5,G,2025-09-22,11:25,NIFTY,2025-09-23,PE,25400,ITM1,1,False,25310.5300,110.5000,87.8500,104.4000,0.0000,0.0000,1.9240,1.1300,104.4000,1,,,-0.1033,0.0952,-0.7427,-20.1212,42.9710,17.5955,,20.0000,-4.4796,-2.7090,13.6652,-6.3801,86.6063,-16.3801,0.0300,failed_base
val,5,G,2025-09-22,14:05,NIFTY,2025-09-23,PE,25400,ITM1,1,False,25297.0700,119.0000,93.4000,109.5000,0.0000,0.0000,2.1540,3.4460,109.5000,1,,,-0.0990,0.0958,-0.7834,-16.0660,30.6210,14.8770,,5.0000,25.0420,27.4700,25.0420,-12.7311,73.2773,-12.7311,-0.1332,failed_base
val,5,G,2025-09-17,12:35,NIFTY,2025-09-23,CE,25500,OTM2,6,True,25400.6600,58.0000,50.2500,53.6500,0.0000,0.0000,2.6660,1.9530,53.6500,1,,,0.0726,0.0760,0.3473,-7.8106,16.7164,9.3777,,5.0000,-6.8966,-3.5747,0.9483,-11.7241,1.9828,-24.1379,-0.0345,failed_base
val,5,G,2025-09-19,13:05,NIFTY,2025-09-23,CE,25500,OTM1,4,True,25352.6200,25.4000,20.5000,23.7000,0.0000,0.0000,2.4610,2.6140,23.7000,1,,,0.1066,0.0725,0.2262,-7.3203,42.9268,25.7679,,40.0000,2.3622,-1.1140,5.3150,-10.2362,15.3543,-19.2913,0.0448,failed_base
val,5,G,2025-09-18,11:55,NIFTY,2025-09-23,PE,25500,ITM1,5,True,25457.5100,106.0000,92.7500,101.9500,0.0000,0.0000,1.7230,2.0200,101.9500,1,,,-0.0593,0.0689,-0.5787,-8.2875,17.4663,8.5360,52.7847,5.0000,-2.1226,-0.3573,0.9434,-5.9906,43.6321,-15.9906,0.0149,next_wave
val,5,G,2025-09-19,11:55,NIFTY,2025-09-23,PE,25500,ITM1,4,True,25320.5400,200.5500,176.6500,197.9500,0.0000,0.0000,1.3870,1.8540,197.9500,1,,,-0.0816,0.0753,-0.8089,-6.6821,19.7283,13.2151,,5.0000,-4.8367,-2.9007,4.1636,-8.4767,4.1636,-31.3388,0.0425,failed_base
val,5,G,2025-09-29,11:40,NIFTY,2025-09-30,PE,24500,OTM2,1,False,24730.5100,14.1500,7.8000,11.2500,0.0000,0.0000,4.9640,3.6730,11.2500,1,,,-0.3768,0.1503,-0.1335,-14.1181,139.7436,30.7487,88.0309,15.0000,21.9081,22.2669,32.1555,-8.4806,72.0848,-43.4629,-0.1507,next_wave
val,5,G,2025-09-26,11:40,NIFTY,2025-09-30,PE,24600,OTM2,4,True,24801.9300,25.7000,18.4500,23.7000,0.0000,0.0000,1.4550,1.6220,23.7000,1,,,-0.1741,0.0895,-0.1947,-7.9475,44.9864,21.4953,,5.0000,-11.2840,-10.8976,3.6965,-18.2879,169.2607,-23.9300,0.0601,failed_base
val,5,G,2025-09-26,13:30,NIFTY,2025-09-30,PE,24600,OTM2,4,True,24788.3200,25.5000,19.5500,24.5000,0.0000,0.0000,1.8410,1.9070,24.5000,1,,,-0.1516,0.0864,-0.2006,-7.8979,253.9642,,,60.0000,109.4118,71.8496,129.8039,0.0000,171.3725,0.0000,-0.3537,session_end
val,5,G,2025-09-29,11:35,NIFTY,2025-09-30,PE,24600,OTM1,1,False,24753.4100,24.3000,12.6500,18.9500,0.0000,0.0000,3.3630,0.9120,18.9500,1,,,-0.2069,0.1407,-0.2158,-23.8104,302.3715,64.3418,,80.0000,25.7202,23.4852,53.9095,-2.2634,109.4650,-34.7737,-0.1595,failed_base
val,5,G,2025-09-26,11:40,NIFTY,2025-09-30,PE,24700,OTM1,4,True,24801.9300,48.1000,34.0000,44.8500,0.0000,0.0000,1.4210,1.7570,44.8500,1,,,-0.1741,0.0854,-0.3240,-10.2793,46.3235,20.7035,,10.0000,-11.0187,-10.9981,3.4304,-17.9834,139.2931,-24.4283,0.0601,failed_base
val,5,G,2025-09-26,13:30,NIFTY,2025-09-30,PE,24700,OTM1,4,True,24788.3200,48.4500,36.3500,46.5000,0.0000,0.0000,2.4690,2.1280,46.5000,1,,,-0.1516,0.0819,-0.3383,-10.1443,216.6437,,,60.0000,90.2993,56.5167,106.9143,0.3096,137.5645,0.3096,-0.3537,session_end
val,5,G,2025-09-30,10:45,NIFTY,2025-09-30,PE,24700,ATM,0,False,24622.7500,99.5000,54.7500,96.0500,0.0000,0.0000,0.5010,0.9420,96.0500,1,,,-0.1626,0.2270,-0.7224,-22.2472,125.1142,46.6937,,0.0000,-37.6884,-40.0058,11.4573,-41.5075,23.7186,-60.8040,0.2012,failed_base
val,5,G,2025-09-30,13:40,NIFTY,2025-09-30,PE,24700,ATM,0,False,24642.2500,68.1000,39.0000,67.1500,0.0000,0.0000,1.1740,1.3330,67.1500,1,,,-0.1580,0.2181,-0.7704,-10.3520,215.6410,57.6361,,50.0000,8.0029,-10.0219,21.3656,-19.6035,80.7636,-31.2775,-0.0367,failed_base
val,5,G,2025-09-26,11:40,NIFTY,2025-09-30,PE,24800,ATM,4,True,24801.9300,86.6500,62.0000,81.8000,0.0000,0.0000,0.8340,1.2840,81.8000,1,,,-0.1741,0.0830,-0.4944,-11.2395,42.7419,18.2486,,5.0000,-9.9827,-10.0115,2.1350,-16.5032,108.1939,-23.1391,0.0601,failed_base
val,5,G,2025-09-26,13:30,NIFTY,2025-09-30,PE,24800,ATM,4,True,24788.3200,88.0000,68.5000,84.1500,0.0000,0.0000,1.4160,1.4160,84.1500,1,,,-0.0950,0.0785,-0.5206,-10.7152,163.3577,,,65.0000,71.2500,45.5849,81.7045,0.4545,105.0000,0.4545,-0.3537,session_end
val,5,G,2025-09-30,10:45,NIFTY,2025-09-30,PE,24800,ITM1,0,False,24622.7500,185.5500,124.7000,182.6000,0.0000,0.0000,0.5840,0.9760,182.6000,1,,,-0.1626,0.2568,-0.8842,-8.2973,70.4491,32.2277,,0.0000,-25.3570,-27.0294,7.1948,-28.0517,19.1593,-40.3934,0.2012,failed_base
val,5,G,2025-09-24,14:50,NIFTY,2025-09-30,PE,24900,OTM2,6,True,25130.8100,33.4500,26.4500,31.4500,0.0000,0.0000,0.6750,2.1210,31.4500,1,,,-0.2124,0.0885,-0.2066,-6.8473,57.4669,,,20.0000,8.8191,5.8495,24.5142,-4.6338,24.5142,-4.6338,-0.0671,session_end
val,5,G,2025-09-25,10:45,NIFTY,2025-09-30,PE,24900,OTM2,5,True,25045.1800,45.2000,30.6000,39.6500,0.0000,0.0000,1.2690,2.9380,39.6500,1,,,-0.2714,0.0856,-0.2827,-8.5991,58.1699,22.8306,,10.0000,-14.2699,-16.8664,7.0796,-17.3673,59.6239,-24.1150,0.0923,failed_base
val,5,G,2025-09-25,12:00,NIFTY,2025-09-30,PE,24900,OTM2,5,True,25029.5000,49.5500,34.3000,48.4000,0.0000,0.0000,1.1120,2.7300,48.4000,1,,,-0.0626,0.0858,-0.3033,-8.9792,70.1166,20.9940,,15.0000,3.5318,4.5506,17.7598,-6.9627,45.6105,-19.2735,-0.0295,failed_base
val,5,G,2025-09-25,14:25,NIFTY,2025-09-30,PE,24900,OTM2,5,True,25006.7000,54.2000,40.0000,50.5500,0.0000,0.0000,1.4630,1.1980,50.5500,1,,,-0.1672,0.0842,-0.3308,-9.2693,,,,,2.3985,2.6153,14.5756,-13.7454,33.1181,-13.7454,-0.0387,session_end
val,5,G,2025-09-26,11:45,NIFTY,2025-09-30,PE,24900,ITM1,4,True,24803.6000,144.0000,108.6000,143.8000,0.0000,0.0000,0.7430,0.7230,143.8000,1,,,-0.1758,0.0828,-0.6676,-10.0523,36.8324,15.2086,,5.0000,-7.1875,-9.0286,2.1181,-12.5000,81.5278,-18.2986,0.0554,failed_base
val,5,G,2025-09-26,13:25,NIFTY,2025-09-30,PE,24900,ITM1,4,True,24792.9700,147.4000,120.7000,144.2000,0.0000,0.0000,1.7390,2.2700,144.2000,1,,,-0.0762,0.0794,-0.6939,-9.3418,,,,,45.6581,31.5858,48.6092,-0.6445,77.3406,-0.6445,-0.3187,session_end
val,5,G,2025-10-01,14:30,NIFTY,2025-10-07,CE,24700,OTM1,6,True,24859.7500,206.1500,170.1000,203.4500,0.0000,0.0000,1.3310,1.6490,203.4500,1,,,0.1823,0.0851,0.7230,-7.7034,,,,,2.9833,1.8270,8.9013,-2.3769,8.9013,-2.3769,0.0468,session_end
val,5,G,2025-10-03,11:40,NIFTY,2025-10-07,CE,24700,ITM1,4,True,24846.4100,179.6000,145.4500,179.0000,0.0000,0.0000,0.4990,0.6210,179.0000,1,,,0.1236,0.0832,0.7480,-8.7115,37.6762,15.7054,,35.0000,8.9087,9.8284,11.4978,-4.5657,34.6882,-11.8597,0.0873,failed_base
val,5,G,2025-10-03,14:45,NIFTY,2025-10-07,CE,24700,ITM1,4,True,24899.0200,218.3500,162.8000,184.5500,0.0000,0.0000,2.2300,3.5970,184.5500,1,,,0.2444,0.0808,0.8281,-6.6393,,,,,4.9920,4.5489,10.7854,-3.1830,10.7854,-3.1830,0.0429,session_end
val,5,G,2025-10-01,14:30,NIFTY,2025-10-07,CE,24800,OTM2,6,True,24859.7500,135.6500,108.2500,134.2500,0.0000,0.0000,1.8240,1.9100,134.2500,1,,,0.1823,0.0810,0.5927,-8.6361,,,,,2.5065,4.2536,10.0627,-3.2436,10.0627,-4.0914,0.0468,session_end
val,5,G,2025-10-03,11:40,NIFTY,2025-10-07,CE,24800,ATM,4,True,24846.4100,107.0000,81.9500,106.6000,0.0000,0.0000,0.5570,0.7370,106.6000,1,,,0.1236,0.0774,0.5907,-10.1766,49.4814,20.7755,,35.0000,10.9813,12.4443,14.4860,-5.9813,44.8598,-16.1682,0.0873,failed_base
val,5,G,2025-10-03,14:45,NIFTY,2025-10-07,CE,24800,ATM,4,True,24899.0200,134.8500,91.4500,108.0000,0.0000,0.0000,2.2870,3.8170,108.0000,1,,,0.2444,0.0723,0.7009,-8.5090,,,,,7.1561,14.9551,14.9425,-4.1898,14.9425,-4.1898,0.0429,session_end
val,5,G,2025-10-06,11:20,NIFTY,2025-10-07,CE,24800,ITM1,1,False,25000.2700,211.1500,173.6500,211.0000,0.0000,0.0000,0.6720,0.8440,211.0000,1,,,0.0891,0.1237,0.8748,-10.8577,37.0861,10.2710,49.7659,30.0000,7.1750,3.8129,12.7398,-0.5683,51.5037,-0.5683,0.0581,next_wave
val,5,G,2025-10-03,12:15,NIFTY,2025-10-07,CE,24900,OTM1,4,True,24864.9500,59.9500,44.4000,58.9000,0.0000,0.0000,2.1690,3.2750,58.9000,1,,,0.1489,0.0722,0.4284,-9.6503,45.3829,25.9489,,0.0000,-17.5146,-17.4729,0.0000,-27.2727,38.0317,-28.1902,-0.0820,failed_base
val,5,G,2025-10-03,14:45,NIFTY,2025-10-07,CE,24900,OTM1,4,True,24899.0200,70.4000,43.0500,53.1500,0.0000,0.0000,4.2520,4.3250,53.1500,1,,,0.2444,0.0680,0.4989,-9.4069,,,,,6.5341,15.6212,17.5426,-5.6818,17.5426,-5.6818,0.0429,session_end
val,5,G,2025-10-06,11:20,NIFTY,2025-10-07,CE,24900,ATM,1,False,25000.2700,123.2500,92.5500,122.9500,0.0000,0.0000,0.6010,0.8280,122.9500,1,,,0.0891,0.1069,0.7471,-21.9775,143.5981,,,145.0000,11.7647,7.8793,20.0406,-0.8519,82.9209,-0.8519,0.0581,session_end
val,5,G,2025-10-03,14:45,NIFTY,2025-10-07,CE,25000,OTM2,4,True,24899.0200,31.9000,18.4500,23.7000,0.0000,0.0000,4.0290,3.8880,23.7000,1,,,0.2444,0.0682,0.2871,-7.8755,98.3740,,,30.0000,1.0972,11.6478,14.7335,-8.1505,14.7335,-9.2476,0.0429,session_end
val,5,G,2025-10-06,11:35,NIFTY,2025-10-07,CE,25000,OTM1,1,False,25019.1700,65.6000,42.2500,57.6500,0.0000,0.0000,0.7670,1.1160,57.6500,1,,,0.1701,0.0985,0.5558,-33.8335,69.1124,21.1337,142.2360,15.0000,-4.2683,2.6356,8.9177,-14.1006,108.0793,-14.1006,-0.0183,next_wave
val,5,G,2025-10-07,13:15,NIFTY,2025-10-07,CE,25000,ITM1,0,False,25201.0000,202.3000,150.4000,199.4500,0.0000,0.0000,0.8460,0.4810,199.4500,1,,,0.1150,0.2678,0.9691,-1.2965,41.6888,16.7058,29.2113,10.0000,11.0974,14.9320,11.4681,-12.2590,13.3712,-49.4068,0.0903,next_wave
val,5,G,2025-10-06,11:35,NIFTY,2025-10-07,CE,25100,OTM2,1,False,25019.1700,23.4500,14.4000,19.9000,0.0000,0.0000,1.3240,1.5090,19.9000,1,,,0.1701,0.0968,0.2783,-22.1897,86.1111,26.6791,,15.0000,-5.3305,-2.8011,14.2857,-17.0576,175.4797,-17.0576,-0.0183,failed_base
val,5,G,2025-10-06,13:05,NIFTY,2025-10-07,CE,25100,OTM2,1,False,25057.1100,35.6500,19.4500,28.3500,0.0000,0.0000,2.1180,1.7970,28.3500,1,,,0.1971,0.0991,0.3776,-32.4609,232.1337,,,40.0000,66.7602,43.6357,75.3156,-3.5063,81.2062,-3.5063,0.1887,session_end
val,5,G,2025-10-07,13:15,NIFTY,2025-10-07,CE,25100,ATM,0,False,25201.0000,104.3500,60.2500,101.7000,0.0000,0.0000,0.7060,0.4860,101.7000,1,,,0.1150,0.1900,0.9066,-3.3465,91.7012,28.2684,,10.0000,19.5975,25.2259,20.6996,-23.1433,24.4849,-95.3043,0.0903,failed_base
val,5,G,2025-10-07,13:50,NIFTY,2025-10-07,CE,25100,ATM,0,False,25215.6000,116.8000,69.8500,115.5000,0.0000,0.0000,0.6520,0.9030,115.5000,1,,,0.1670,0.1945,0.9567,-1.1959,85.9699,26.0200,,5.0000,-7.8339,-0.8281,5.0942,-17.7226,5.0942,-95.8048,-0.0357,failed_base
val,5,G,2025-10-08,13:00,NIFTY,2025-10-14,CE,25000,ITM1,6,True,25120.7700,178.5500,136.0500,163.7000,0.0000,0.0000,2.0220,1.6520,163.7000,1,,,0.2300,0.0834,0.6738,-8.2275,52.5175,25.0361,,70.0000,0.8961,2.6138,9.1291,-8.0370,16.2139,-32.2319,0.0086,failed_base
val,5,G,2025-10-09,14:00,NIFTY,2025-10-14,CE,25000,ITM1,5,True,25212.9500,240.7000,201.9000,236.0000,0.0000,0.0000,1.7120,1.0140,236.0000,1,,,0.1248,0.0852,0.8016,-6.9866,22.1644,13.1563,,15.0000,-17.8853,-14.1806,2.4720,-22.5592,2.4720,-22.5592,-0.1836,failed_base
val,5,G,2025-10-08,13:00,NIFTY,2025-10-14,CE,25100,ATM,6,True,25120.7700,116.1500,85.4500,105.6500,0.0000,0.0000,2.2770,1.7520,105.6500,1,,,0.2300,0.0815,0.5328,-8.9741,61.3809,24.9094,,70.0000,1.2053,2.8620,11.1494,-9.5566,18.7258,-37.5377,0.0086,failed_base
val,5,G,2025-10-09,14:00,NIFTY,2025-10-14,CE,25100,ATM,5,True,25212.9500,161.1500,129.6500,157.5500,0.0000,0.0000,1.5910,0.9500,157.5500,1,,,0.1248,0.0797,0.6848,-8.6090,28.2684,16.3860,,15.0000,-22.3705,-19.7931,3.1958,-28.0174,3.1958,-28.0174,-0.1836,failed_base
val,5,G,2025-10-10,11:05,NIFTY,2025-10-14,CE,25100,ITM1,4,True,25359.1200,279.8500,223.8000,270.1000,0.0000,0.0000,0.6170,0.8390,270.1000,1,,,0.1887,0.0949,0.8445,-7.2266,32.3280,13.6586,,20.0000,-2.4835,-1.5859,5.8245,-5.5208,7.8435,-11.2382,-0.0377,failed_base
val,5,G,2025-10-10,12:50,NIFTY,2025-10-14,CE,25100,ITM1,4,True,25366.6800,285.2000,255.7000,281.3500,0.0000,0.0000,1.9680,1.3120,281.3500,1,,,0.0618,0.0940,0.8557,-6.8155,13.7661,8.7659,,20.0000,-2.8752,-3.0554,1.9986,-5.1543,5.8205,-12.9032,-0.0304,failed_base
val,5,G,2025-10-13,14:30,NIFTY,2025-10-14,CE,25100,ITM1,1,False,25258.2600,174.1500,127.4000,153.9500,0.0000,0.0000,2.5520,2.1960,153.9500,1,,,0.2339,0.1258,0.8259,-15.8903,47.3705,20.4527,,10.0000,-0.8326,-1.3245,7.8094,-5.0818,7.8094,-14.2406,-0.0036,failed_base
val,5,G,2025-10-14,12:45,NIFTY,2025-10-14,PE,25100,OTM2,0,False,25074.5000,54.9000,19.2000,47.6500,0.0000,0.0000,1.4670,1.2860,47.6500,1,,,-0.3006,0.2306,-0.5974,-29.3980,227.0833,63.2962,,30.0000,-9.1985,18.3337,14.3898,-31.8761,14.3898,-99.9089,0.0156,failed_base
val,5,G,2025-10-08,13:00,NIFTY,2025-10-14,CE,25200,OTM1,6,True,25120.7700,70.8000,51.7500,64.7000,0.0000,0.0000,2.1480,1.7650,64.7000,1,,,0.2300,0.0815,0.3842,-8.6023,64.2512,29.4118,,45.0000,0.2825,5.2327,13.3475,-10.1695,20.0565,-40.9605,0.0086,failed_base
val,5,G,2025-10-09,14:00,NIFTY,2025-10-14,CE,25200,OTM1,5,True,25212.9500,96.5500,74.1000,94.2000,0.0000,0.0000,1.6210,1.0340,94.2000,1,,,0.1248,0.0760,0.5242,-9.3375,35.3576,20.2891,,15.0000,-28.1201,-25.7893,3.8840,-34.6970,3.8840,-34.6970,-0.1836,failed_base
val,5,G,2025-10-10,11:05,NIFTY,2025-10-14,CE,25200,ATM,4,True,25359.1200,194.8000,145.6500,186.5000,0.0000,0.0000,0.5870,0.7810,186.5000,1,,,0.1887,0.0879,0.7491,-9.3379,43.4604,17.3486,,20.0000,-3.5421,-3.0943,7.2639,-7.4949,9.2659,-16.0934,-0.0377,failed_base
val,5,G,2025-10-10,12:50,NIFTY,2025-10-14,CE,25200,ATM,4,True,25366.6800,197.9500,172.7000,194.8000,0.0000,0.0000,1.9430,1.5640,194.8000,1,,,0.0618,0.0856,0.7668,-8.7702,18.0660,11.4026,,20.0000,-3.4857,-3.5992,3.0058,-6.1632,7.5272,-17.4286,-0.0304,failed_base
val,5,G,2025-10-13,14:30,NIFTY,2025-10-14,CE,25200,ATM,1,False,25258.2600,92.9000,62.1500,79.6500,0.0000,0.0000,3.2550,2.0180,79.6500,1,,,0.2339,0.1103,0.6534,-34.3590,68.8656,29.6332,,10.0000,0.3229,1.8279,12.9709,-7.2121,12.9709,-20.5059,-0.0036,failed_base
val,5,G,2025-10-14,12:45,NIFTY,2025-10-14,PE,25200,OTM1,0,False,25074.5000,132.7000,63.0000,119.9500,0.0000,0.0000,0.7670,0.6750,119.9500,1,,,-0.3006,0.2496,-0.8700,-7.1995,131.1905,41.5379,,30.0000,-3.5418,17.2078,9.7589,-18.8772,9.7589,-85.1545,0.0156,failed_base
val,5,G,2025-10-08,13:00,NIFTY,2025-10-14,CE,25300,OTM2,6,True,25120.7700,40.7500,30.0500,37.4500,0.0000,0.0000,2.1000,1.6470,37.4500,1,,,0.2300,0.0826,0.2543,-7.2053,62.8952,32.9928,,45.0000,0.1227,3.6938,14.6012,-11.0429,20.1227,-41.8405,0.0086,failed_base
val,5,G,2025-10-09,14:00,NIFTY,2025-10-14,CE,25300,OTM2,5,True,25212.9500,51.4500,38.7500,50.5000,0.0000,0.0000,1.6100,0.9210,50.5000,1,,,0.1248,0.0744,0.3483,-8.4215,38.3226,23.6940,,15.0000,-33.4305,-29.2188,4.1788,-40.1361,4.1788,-40.1361,-0.1836,failed_base
val,5,G,2025-10-10,11:05,NIFTY,2025-10-14,CE,25300,OTM1,4,True,25359.1200,119.6500,82.7000,113.9500,0.0000,0.0000,0.7680,1.1270,113.9500,1,,,0.1887,0.0804,0.6080,-10.6204,59.0085,18.8973,,20.0000,-3.9281,-5.2320,9.9039,-9.9039,10.9486,-23.4434,-0.0377,failed_base
val,5,G,2025-10-10,12:50,NIFTY,2025-10-14,CE,25300,OTM1,4,True,25366.6800,121.8000,101.9000,119.5000,0.0000,0.0000,2.1170,1.5510,119.5000,1,,,0.0618,0.0787,0.6248,-10.3415,24.0432,14.5570,,15.0000,-5.0903,-5.6898,3.7767,-8.4565,8.9901,-24.7947,-0.0304,failed_base
val,5,G,2025-10-13,14:30,NIFTY,2025-10-14,CE,25300,OTM1,1,False,25258.2600,40.9500,25.0000,33.4000,0.0000,0.0000,4.9630,2.2980,33.4000,1,,,0.2339,0.1105,0.3909,-39.8536,94.0000,40.8247,,10.0000,-1.2210,2.5657,18.4371,-11.5995,18.4371,-29.9145,-0.0036,failed_base
val,5,G,2025-10-14,12:35,NIFTY,2025-10-14,PE,25300,ATM,0,False,25100.9500,202.0500,142.1000,199.8000,0.0000,0.0000,0.4980,0.8380,199.8000,1,,,-0.1512,0.2727,-0.9435,-2.9978,71.3230,27.0692,,40.0000,6.9290,20.6052,18.3370,-1.9797,20.4900,-47.7852,-0.0566,failed_base
val,5,G,2025-10-10,11:05,NIFTY,2025-10-14,CE,25400,OTM2,4,True,25359.1200,62.4000,40.5000,60.1000,0.0000,0.0000,1.2180,1.5370,60.1000,1,,,0.1887,0.0750,0.4217,-10.1186,75.3086,23.0282,,20.0000,-4.7276,-2.5358,13.7821,-12.5000,13.7821,-34.6955,-0.0377,failed_base
val,5,G,2025-10-10,12:55,NIFTY,2025-10-14,CE,25400,OTM2,4,True,25368.5300,64.8500,51.1500,63.0000,0.0000,0.0000,1.7080,2.2530,63.0000,1,,,0.0499,0.0741,0.4386,-10.2057,30.6940,18.5490,,15.0000,-4.8574,-7.1220,3.0840,-12.2591,8.1727,-37.1627,-0.0166,failed_base
val,5,G,2025-10-13,14:30,NIFTY,2025-10-14,CE,25400,OTM2,1,False,25258.2600,15.6500,9.3500,12.4000,0.0000,0.0000,4.8610,2.3380,12.4000,1,,,0.2339,0.1159,0.1839,-15.6500,102.6738,46.4380,,10.0000,-3.5144,1.2291,21.0863,-15.6550,21.0863,-35.1438,-0.0036,failed_base
val,5,G,2025-10-14,12:35,NIFTY,2025-10-14,PE,25400,ITM1,0,False,25100.9500,300.5500,237.3500,297.0000,0.0000,0.0000,0.5590,0.7910,297.0000,1,,,-0.1512,0.3335,-0.9740,-1.4978,44.2174,19.3544,,40.0000,4.8079,4.4000,12.3108,-1.3475,13.8912,-31.8250,-0.0566,failed_base
val,5,G,2025-10-20,10:55,NIFTY,2025-10-20,CE,25800,ITM1,0,False,25893.6000,113.8000,64.3500,104.6000,0.0000,0.0000,0.6350,1.0210,104.6000,1,,,0.2687,0.2321,0.7532,-20.2002,90.3652,37.5510,,15.0000,-29.1301,-27.2393,7.6450,-32.7768,17.2232,-87.5659,-0.1674,failed_base
val,5,G,2025-10-20,12:50,NIFTY,2025-10-20,CE,25800,ITM1,0,False,25885.7000,93.4500,59.1000,86.2500,0.0000,0.0000,0.7710,1.4620,86.2500,1,,,0.1571,0.1956,0.8348,-7.7483,125.7191,51.8741,,25.0000,10.9149,4.6150,42.7501,-5.3505,42.7501,-84.8582,0.0458,failed_base
val,5,G,2025-10-20,10:55,NIFTY,2025-10-20,CE,25900,ATM,0,False,25893.6000,49.7500,27.8500,47.9000,0.0000,0.0000,0.9940,1.4750,47.9000,1,,,0.2687,0.2238,0.4818,-48.7899,97.1275,50.2732,,0.0000,-40.9045,-37.6081,5.6281,-45.1256,7.5377,-99.8995,-0.1674,failed_base
val,5,G,2025-10-20,13:00,NIFTY,2025-10-20,CE,25900,ATM,0,False,25900.6500,34.2500,15.9500,29.3000,0.0000,0.0000,1.6450,1.7480,29.3000,1,,,0.2103,0.1943,0.5037,-31.1429,235.4232,57.1963,,15.0000,-4.9635,-8.4298,56.2044,-33.1387,56.2044,-99.8540,0.0154,failed_base
val,5,G,2025-10-20,13:10,NIFTY,2025-10-20,CE,26000,OTM1,0,False,25912.3500,9.5500,4.1500,8.6500,0.0000,0.0000,3.5230,3.5900,8.6500,1,,,0.2400,0.2278,0.1824,-9.5500,236.1446,70.2509,,5.0000,-69.1099,-117.5675,10.9948,-72.2513,10.9948,-99.4764,-0.0957,failed_base
val,5,G,2025-10-24,11:50,NIFTY,2025-10-28,CE,25800,ITM1,4,True,25887.5900,150.3500,117.6000,147.2500,0.0000,0.0000,1.7890,2.0310,147.2500,1,,,0.1150,0.0915,0.6371,-12.0542,51.3180,20.9047,,45.0000,0.0998,1.3941,11.9388,-5.5205,18.3572,-52.1117,0.0074,failed_base
val,5,G,2025-10-27,12:05,NIFTY,2025-10-28,CE,25800,ITM1,1,False,26052.7400,272.1000,216.8000,265.7500,0.0000,0.0000,1.5900,1.8180,265.7500,1,,,0.0811,0.1695,0.8490,-19.3209,29.0821,15.9728,,5.0000,-8.8938,-10.0251,2.5175,-16.6667,2.5175,-34.1051,-0.0987,failed_base
val,5,G,2025-10-23,13:05,NIFTY,2025-10-28,PE,25800,OTM2,5,True,26130.9300,26.1000,23.6500,25.9500,0.0000,0.0000,1.3600,0.8580,25.9500,1,,,-0.1300,0.1058,-0.1526,-7.5069,36.3636,13.4884,55.7348,40.0000,11.6858,11.0032,12.4521,-4.4061,141.9540,-4.4061,-0.1452,next_wave
val,5,G,2025-10-27,13:35,NIFTY,2025-10-28,PE,25800,OTM1,1,False,25964.4400,24.8500,18.8500,23.0000,0.0000,0.0000,1.8050,1.9100,23.0000,1,,,-0.3179,0.1464,-0.2112,-24.8231,34.4828,24.8521,,10.0000,-31.9920,-36.5683,2.0121,-40.4427,2.0121,-46.4789,0.1583,failed_base
val,5,G,2025-10-23,12:00,NIFTY,2025-10-28,CE,25900,ITM1,5,True,26164.9500,301.7000,260.0500,289.6500,0.0000,0.0000,0.7060,1.6160,289.6500,1,,,0.1364,0.1040,0.7961,-8.9387,19.7847,11.0754,,40.0000,1.7401,7.7111,2.3036,-4.0603,3.2483,-53.5300,0.0224,failed_base
val,5,G,2025-10-24,11:50,NIFTY,2025-10-28,CE,25900,ATM,4,True,25887.5900,92.0000,70.0000,90.0000,0.0000,0.0000,1.7370,1.5350,90.0000,1,,,0.1150,0.0891,0.4814,-12.5878,60.5000,25.2336,,45.0000,-0.4891,-2.9714,14.1848,-7.1739,22.1196,-55.0000,0.0074,failed_base
val,5,G,2025-10-27,12:05,NIFTY,2025-10-28,CE,25900,ATM,1,False,26052.7400,185.5500,149.4000,182.2000,0.0000,0.0000,1.6610,1.5130,182.2000,1,,,0.1390,0.1538,0.7540,-32.0190,28.8487,20.3636,,5.0000,-11.1291,-10.2676,3.6109,-21.6384,3.6109,-42.4144,-0.0987,failed_base
val,5,G,2025-10-28,12:50,NIFTY,2025-10-28,CE,25900,ITM1,0,False,25937.0500,64.4000,34.7000,57.0000,0.0000,0.0000,1.7370,2.1140,57.0000,1,,,0.2418,0.2405,0.6341,-27.3472,147.6945,63.1181,,45.0000,-1.7081,-7.4672,32.3758,-26.1646,33.4627,-97.9037,0.0222,failed_base
val,5,G,2025-10-23,13:05,NIFTY,2025-10-28,PE,25900,OTM1,5,True,26130.9300,40.4500,35.1500,39.2000,0.0000,0.0000,1.8950,1.3340,39.2000,1,,,-0.1300,0.1002,-0.2249,-9.2827,21.1949,11.2676,,10.0000,14.2151,16.3425,14.8331,-6.5513,142.5216,-6.5513,-0.1452,failed_base
val,5,G,2025-10-23,12:00,NIFTY,2025-10-28,CE,26000,ATM,5,True,26164.9500,222.9500,187.2000,213.0500,0.0000,0.0000,0.8850,1.6930,213.0500,1,,,0.1364,0.1000,0.7042,-10.7568,23.2906,13.2366,,40.0000,1.7268,9.9303,2.4893,-4.9338,3.5210,-60.2153,0.0224,failed_base
val,5,G,2025-10-24,11:50,NIFTY,2025-10-28,CE,26000,OTM1,4,True,25887.5900,53.3500,39.7000,52.0000,0.0000,0.0000,1.4190,1.2740,52.0000,1,,,0.1150,0.0903,0.3279,-11.4038,68.2620,28.2934,,45.0000,-1.2184,-1.7668,14.7142,-10.0281,25.2109,-53.3271,0.0074,failed_base
val,5,G,2025-10-27,12:05,NIFTY,2025-10-28,CE,26000,OTM1,1,False,26052.7400,111.4000,84.5500,110.8000,0.0000,0.0000,1.8830,1.6620,110.8000,1,,,0.1390,0.1418,0.6022,-48.6540,39.9763,27.1229,,5.0000,-14.4075,-12.6787,4.7576,-28.0521,4.7576,-52.4237,-0.0987,failed_base
val,5,G,2025-10-28,13:00,NIFTY,2025-10-28,CE,26000,ATM,0,False,25952.7000,23.0500,13.4000,22.8500,0.0000,0.0000,1.8030,2.3660,22.8500,1,,,0.3022,0.2433,0.3296,-23.0500,122.3881,54.0268,,0.0000,-10.6291,-14.5763,21.9089,-52.9284,21.9089,-99.7831,0.0245,failed_base
val,5,G,2025-10-23,13:05,NIFTY,2025-10-28,PE,26000,ATM,5,True,26130.9300,64.1000,54.1000,61.3000,0.0000,0.0000,1.7050,1.2030,61.3000,1,,,-0.1300,0.0962,-0.3270,-10.9464,24.8614,12.1392,,10.0000,14.7426,15.3078,15.4446,-7.4103,127.9251,-7.4103,-0.1452,failed_base
val,5,G,2025-10-24,13:00,NIFTY,2025-10-28,PE,26000,ITM1,4,True,25851.4900,189.5000,138.8000,175.9000,0.0000,0.0000,1.1740,1.3020,175.9000,1,,,-0.1355,0.0894,-0.7252,-10.3131,111.9597,,,60.0000,23.9050,23.0865,24.5119,-5.3826,55.2507,-5.3826,-0.2275,session_end
val,5,G,2025-10-23,12:00,NIFTY,2025-10-28,CE,26100,OTM1,5,True,26164.9500,154.2500,125.8000,147.1000,0.0000,0.0000,0.8620,1.5800,147.1000,1,,,0.1364,0.0962,0.5878,-11.8442,27.5040,16.5524,,40.0000,1.7828,4.1309,2.4311,-6.1912,3.9870,-66.0940,0.0224,failed_base
val,5,G,2025-10-24,11:50,NIFTY,2025-10-28,CE,26100,OTM2,4,True,25887.5900,29.7000,22.2500,28.9000,0.0000,0.0000,1.3200,1.1190,28.9000,1,,,0.1150,0.0930,0.2063,-8.9623,50.3371,22.7205,,5.0000,-1.8519,-3.3626,13.8047,-12.9630,26.9360,-50.0000,0.0074,failed_base
val,5,G,2025-10-23,13:05,NIFTY,2025-10-28,PE,26100,ITM1,5,True,26130.9300,99.5000,82.8000,94.9000,0.0000,0.0000,2.1220,1.7630,94.9000,1,,,-0.1300,0.0929,-0.4545,-11.7214,25.9662,11.6491,,10.0000,14.2714,17.2432,14.8744,-7.3869,109.7487,-7.3869,-0.1452,failed_base
val,5,G,2025-11-03,12:55,NIFTY,2025-11-04,CE,25600,ITM1,1,False,25759.7200,183.8500,157.4000,183.8000,0.0000,0.0000,1.0300,1.4720,183.8000,1,,,0.0423,0.1415,0.7885,-24.0268,30.4003,13.8611,29.6097,30.0000,4.8681,6.2060,11.6399,-1.0063,24.6397,-3.8346,0.0451,next_wave
val,5,G,2025-11-03,11:50,NIFTY,2025-11-04,PE,25600,OTM1,1,False,25748.8400,29.0000,20.5500,28.8000,0.0000,0.0000,1.1870,1.2190,28.8000,1,,,-0.2675,0.1443,-0.2360,-28.2911,58.8808,29.8622,,30.0000,-5.6897,-0.4676,12.5862,-12.2414,12.5862,-58.6207,-0.0121,failed_base
val,5,G,2025-11-03,13:15,NIFTY,2025-11-04,CE,25700,ATM,1,False,25770.8700,117.2500,92.1000,116.6500,0.0000,0.0000,0.5940,0.9930,116.6500,1,,,0.0857,0.1364,0.6451,-43.5856,38.4365,18.0000,,10.0000,-0.3838,3.7783,8.7420,-10.8316,24.0085,-10.9168,-0.0002,failed_base
val,5,G,2025-11-03,14:30,NIFTY,2025-11-04,CE,25700,ATM,1,False,25798.2200,130.8000,104.5500,127.5000,0.0000,0.0000,0.5590,1.2490,127.5000,1,,,0.1372,0.1297,0.7100,-32.5505,39.0722,28.1637,,0.0000,-11.6208,-9.8419,2.1789,-20.1453,2.1789,-20.1453,-0.0869,failed_base
val,5,G,2025-10-31,13:45,NIFTY,2025-11-04,PE,25700,OTM2,4,True,25805.6300,56.2000,43.1500,55.7500,0.0000,0.0000,1.3730,1.6910,55.7500,1,,,-0.1108,0.0924,-0.3352,-11.8941,40.0927,24.4830,,10.0000,-13.3452,-20.5782,7.5623,-18.7722,7.5623,-18.7722,0.0619,failed_base
val,5,G,2025-11-03,11:45,NIFTY,2025-11-04,PE,25700,ATM,1,False,25749.3900,60.0000,40.2000,58.2000,0.0000,0.0000,1.3810,1.3060,58.2000,1,,,-0.1991,0.1426,-0.4038,-48.2240,68.4080,25.1108,,35.0000,8.7500,7.6722,12.8333,-10.0000,12.8333,-52.9167,-0.0744,failed_base
val,5,G,2025-11-04,14:20,NIFTY,2025-11-04,PE,25700,OTM1,0,False,25619.9000,84.3000,39.7500,59.0000,0.0000,0.0000,0.8960,1.9200,59.0000,1,,,-0.2453,0.2332,-0.8767,-4.2002,,,,,12.5741,116.0652,18.6240,-20.1068,29.4781,-20.1068,-0.0537,session_end
val,5,G,2025-11-03,14:30,NIFTY,2025-11-04,CE,25800,OTM1,1,False,25798.2200,70.2500,54.0000,69.6500,0.0000,0.0000,1.0450,1.9170,69.6500,1,,,0.1372,0.1294,0.4973,-56.8931,51.0185,35.0705,,0.0000,-15.6584,-14.8164,3.2028,-24.9110,3.2028,-24.9110,-0.0869,failed_base
val,5,G,2025-10-29,13:50,NIFTY,2025-11-04,PE,25800,OTM2,6,True,26142.2200,39.4000,35.2000,38.7500,0.0000,0.0000,1.5330,1.0900,38.7500,1,,,-0.0806,0.1149,-0.1848,-8.5661,27.9830,15.3163,,25.0000,0.6345,-1.7113,14.3401,-4.0609,18.1472,-4.0609,-0.0242,session_end
val,5,G,2025-10-31,13:45,NIFTY,2025-11-04,PE,25800,OTM1,4,True,25805.6300,98.1000,77.8500,97.5000,0.0000,0.0000,1.1360,1.6360,97.5000,1,,,-0.1108,0.0928,-0.4888,-13.2369,34.5536,20.1909,,10.0000,-9.9388,-10.8845,6.7788,-14.7808,6.7788,-14.7808,0.0619,failed_base
val,5,G,2025-11-03,11:45,NIFTY,2025-11-04,PE,25800,ITM1,1,False,25749.3900,109.5000,75.0000,105.0000,0.0000,0.0000,1.2260,1.2980,105.0000,1,,,-0.1991,0.1412,-0.5959,-47.6100,64.8667,20.0566,,40.0000,9.4977,3.8514,11.7808,-6.0731,12.9224,-42.3288,-0.0744,failed_base
val,5,G,2025-11-04,11:30,NIFTY,2025-11-04,PE,25800,ATM,0,False,25670.5000,137.9000,97.0000,137.0000,0.0000,0.0000,1.1700,1.0440,137.0000,1,,,-0.1346,0.2168,-0.8608,-8.3991,60.2062,22.2973,,5.0000,3.1907,9.5536,12.0015,-2.3930,51.3778,-17.1139,-0.0267,failed_base
val,5,G,2025-11-04,14:20,NIFTY,2025-11-04,PE,25800,ATM,0,False,25619.9000,181.1500,119.9000,152.6000,0.0000,0.0000,0.8300,1.7650,152.6000,1,,,-0.2161,0.3197,-0.9711,-1.0502,,,,,7.5628,12.7504,10.0469,-8.9429,15.2360,-8.9429,-0.0537,session_end
val,5,G,2025-10-29,12:35,NIFTY,2025-11-04,CE,25900,ITM1,6,True,26154.9800,311.5500,272.0000,308.0000,0.0000,0.0000,1.4650,1.6480,308.0000,1,,,0.1429,0.1126,0.7506,-10.0359,19.7426,9.1802,,5.0000,-2.1666,-2.2359,4.1085,-3.0974,4.1085,-13.6736,-0.0220,failed_base
val,5,G,2025-10-30,13:20,NIFTY,2025-11-04,CE,25900,ITM1,5,True,25973.6700,165.4000,142.4000,162.6000,0.0000,0.0000,1.4680,1.1560,162.6000,1,,,0.1019,0.1025,0.5945,-12.5476,18.1180,14.5957,,10.0000,-19.7703,-16.5028,1.6929,-22.3398,1.6929,-22.3398,-0.2297,failed_base
val,5,G,2025-11-03,14:30,NIFTY,2025-11-04,CE,25900,OTM2,1,False,25798.2200,35.5500,26.9000,34.9000,0.0000,0.0000,1.1970,2.1080,34.9000,1,,,0.1372,0.1376,0.2974,-35.5066,53.1599,36.2864,,0.0000,-20.1125,-18.0789,3.5162,-28.9733,3.5162,-30.3797,-0.0869,failed_base
val,5,G,2025-10-29,13:50,NIFTY,2025-11-04,PE,25900,OTM1,6,True,26142.2200,58.0000,51.3500,57.2000,0.0000,0.0000,1.4330,1.0340,57.2000,1,,,-0.0806,0.1112,-0.2555,-10.1579,29.7955,16.5041,,25.0000,0.3448,3.3954,14.9138,-4.4828,17.9310,-4.4828,-0.0242,session_end
val,5,G,2025-10-31,13:45,NIFTY,2025-11-04,PE,25900,ATM,4,True,25805.6300,156.8500,128.4000,155.3500,0.0000,0.0000,0.9770,1.4930,155.3500,1,,,-0.1108,0.0945,-0.6404,-12.4929,29.0109,16.3900,,10.0000,-7.7781,-8.5863,5.6105,-11.6991,5.6742,-11.6991,0.0619,failed_base
val,5,G,2025-11-04,11:30,NIFTY,2025-11-04,PE,25900,ITM1,0,False,25670.5000,232.1000,185.0000,230.7500,0.0000,0.0000,1.0970,0.8090,230.7500,1,,,-0.1346,0.2476,-0.9534,-2.5991,35.5135,14.0407,,5.0000,2.9944,10.2580,7.9061,-0.8186,32.8738,-9.0909,-0.0267,failed_base
val,5,G,2025-11-04,14:15,NIFTY,2025-11-04,PE,25900,ITM1,0,False,25619.9500,280.4000,216.1500,250.9500,0.0000,0.0000,2.5440,0.9530,250.9500,1,,,-0.2160,0.3842,-0.9910,-0.3502,,,,,2.2111,4.1306,6.1876,-5.8310,9.9857,-5.8310,-0.0254,session_end
val,5,I,2024-12-30,13:35,NIFTY,2025-01-02,PE,23600,OTM2,3,False,23717.4500,95.4000,32.0000,46.1500,5.0000,0.0000,3.9880,2.8030,69.5500,2,117.3437,26.0244,-0.5932,0.1693,-0.3716,-24.5582,149.8542,,,55.0000,15.4088,4.7725,26.1006,-6.6038,34.7484,-25.6289,-0.1639,session_end
val,5,I,2024-12-30,13:35,NIFTY,2025-01-02,PE,23700,OTM1,3,False,23717.4500,137.9500,50.5000,70.8000,5.0000,0.0000,3.3440,2.4990,103.2000,2,104.3564,22.9651,-0.5932,0.1687,-0.4777,-26.0555,123.2704,,,55.0000,13.4831,3.7302,22.7619,-5.2555,28.6698,-20.8409,-0.1639,session_end
val,5,I,2024-12-30,13:35,NIFTY,2025-01-02,PE,23800,ATM,3,False,23717.4500,190.4500,77.3000,104.4000,5.0000,0.0000,1.6630,1.8780,148.0000,2,91.4618,20.4054,-0.5932,0.1672,-0.5862,-25.1063,103.1834,,,55.0000,12.4967,4.1324,20.9241,-4.1743,25.6760,-16.9336,-0.1639,session_end
val,5,I,2025-01-02,13:45,NIFTY,2025-01-02,CE,24000,OTM2,0,False,24147.9500,153.6500,51.7000,76.6500,4.0000,0.0000,0.5860,0.6660,141.7000,2,174.0812,33.6627,0.7088,0.3432,0.8979,-5.6966,146.0638,,,80.0000,3.0914,-5.5304,7.9727,-16.1080,50.5369,-16.1080,0.0265,session_end
val,5,I,2025-01-08,13:50,NIFTY,2025-01-09,CE,23800,OTM1,1,False,23645.7700,29.1500,9.8500,13.5500,0.0000,0.0000,5.7010,3.4830,20.0000,2,103.0457,31.0000,0.4980,0.1657,0.2357,-29.1144,361.2319,,,40.0000,59.6913,39.3325,77.5300,-10.2916,118.3533,-10.2916,0.2522,session_end
val,5,I,2025-01-08,13:50,NIFTY,2025-01-09,CE,23900,OTM2,1,False,23645.7700,15.6500,5.7000,7.4000,0.0000,0.0000,5.6100,2.9450,10.5000,2,84.2105,28.0952,0.4980,0.1789,0.1357,-15.6499,387.4172,,,40.0000,64.2173,42.0990,85.3035,-10.8626,135.1438,-10.8626,0.2522,session_end
val,5,I,2025-01-16,14:05,NIFTY,2025-01-16,CE,23200,ITM1,0,False,23314.1000,114.3500,77.5500,95.9000,4.0000,0.0000,0.7870,2.0150,110.6500,2,42.6821,15.0023,0.1213,0.1752,0.9862,-0.2510,31.7916,20.4921,,0.0000,-16.7468,8.6937,2.4049,-22.8247,2.4049,-22.8247,-0.0845,failed_base
val,5,I,2025-01-24,14:20,NIFTY,2025-01-30,PE,23100,OTM2,6,True,23150.7600,148.9000,74.0000,96.5000,6.0000,0.0000,2.1160,1.8400,142.1000,2,92.0270,24.2435,-0.6606,0.1459,-0.4493,-14.8171,78.5880,,,30.0000,23.6736,18.6454,29.1135,-10.7455,29.1135,-10.7455,-0.3085,session_end
val,5,I,2025-02-11,14:10,NIFTY,2025-02-13,PE,23400,ITM1,2,False,23022.4600,401.6000,180.0000,198.9500,2.0000,0.0000,0.7640,0.7170,399.0000,2,121.6667,17.5063,-1.1169,0.1988,-0.8603,-17.2153,28.0115,20.9327,,5.0000,-7.7689,-3.6353,-0.0996,-12.3257,-0.0996,-27.1041,0.1319,failed_base
val,5,I,2025-03-12,14:25,NIFTY,2025-03-13,CE,22400,ITM1,1,False,22464.2400,107.7000,42.8000,59.0000,1.0000,0.0000,0.8870,1.5820,95.3500,2,122.7804,31.9350,0.5450,0.1483,0.6423,-42.8383,,,,,3.3426,5.1200,16.6667,-12.3491,18.1523,-12.3491,0.0370,session_end
val,5,I,2025-03-10,14:25,NIFTY,2025-03-13,PE,22400,OTM2,3,False,22479.4900,85.3500,41.0000,53.2000,0.0000,0.0000,5.6670,3.5970,67.1000,2,63.6585,22.3547,-0.4744,0.1480,-0.3938,-20.9211,116.7946,,,15.0000,7.3814,8.9780,32.3374,-2.4019,32.3374,-2.4019,-0.0598,session_end
val,5,I,2025-03-12,14:25,NIFTY,2025-03-13,CE,22500,ATM,1,False,22464.2400,53.8500,18.7500,26.7500,0.0000,0.0000,1.9390,2.6030,48.0000,2,156.0000,38.3333,0.5450,0.1465,0.4211,-50.6597,,,,,2.8784,5.3492,21.4485,-17.6416,21.4485,-17.6416,0.0370,session_end
val,5,I,2025-03-10,14:25,NIFTY,2025-03-13,PE,22500,OTM1,3,False,22479.4900,129.9000,68.5000,85.2000,0.0000,0.0000,5.3480,4.0160,105.8500,2,54.5255,18.5640,-0.4795,0.1457,-0.5244,-21.4631,,,,,5.8891,7.9135,26.5204,-1.9630,26.5204,-1.9630,-0.0598,session_end
val,5,I,2025-03-12,14:35,NIFTY,2025-03-13,CE,22600,OTM1,1,False,22480.1500,24.6000,8.4500,12.0000,1.0000,0.0000,1.6220,1.7230,22.3500,2,164.4970,40.9396,0.6162,0.1428,0.2437,-24.5989,110.2273,37.8378,,5.0000,-2.2358,1.5331,7.7236,-29.8780,10.5691,-29.8780,0.0156,failed_base
val,5,I,2025-03-10,14:25,NIFTY,2025-03-13,PE,22600,ATM,3,False,22479.4900,187.2500,108.0000,130.6500,0.0000,0.0000,2.1090,2.1240,156.9000,2,45.2778,15.4238,-0.4795,0.1429,-0.6562,-19.0861,,,,,5.3672,7.4935,21.1215,-1.5754,21.1215,-1.5754,-0.0598,session_end
val,5,I,2025-03-10,14:25,NIFTY,2025-03-13,PE,22700,ITM1,3,False,22479.4900,257.9000,161.4000,190.1500,0.0000,0.0000,2.0250,1.9290,222.0000,2,37.5465,13.0405,-0.4795,0.1408,-0.7737,-14.6829,,,,,4.2264,6.8424,17.0997,-1.1632,17.0997,-1.1632,-0.0598,session_end
val,5,I,2025-03-26,15:00,NIFTY,2025-03-27,PE,23500,OTM2,1,False,23514.3800,73.6500,31.8000,46.8000,0.0000,0.0000,2.8060,2.3580,67.4500,2,112.1069,34.6182,-0.4991,0.1626,-0.4698,-67.9203,94.5578,30.6527,,5.0000,-2.7834,7.0264,12.4915,-19.2125,12.4915,-19.2125,-0.0213,failed_base
val,5,I,2025-03-26,15:00,NIFTY,2025-03-27,PE,23600,OTM1,1,False,23514.3800,128.8000,59.4000,83.5000,0.0000,0.0000,1.4740,1.7630,115.9500,2,95.2020,31.1341,-0.4991,0.1584,-0.6662,-43.1753,81.6531,25.6808,,5.0000,0.4270,10.1200,11.0637,-16.3043,11.0637,-16.3043,-0.0213,failed_base
val,5,I,2025-03-26,15:00,NIFTY,2025-03-27,PE,23700,ATM,1,False,23514.3800,205.9000,105.1000,138.5000,0.0000,0.0000,1.3930,1.8580,183.9000,2,74.9762,25.4214,-0.4991,0.1640,-0.8164,-20.2851,63.1425,,,10.0000,2.4769,9.7560,8.6693,-12.9675,8.6693,-12.9675,-0.0213,session_end
val,5,I,2025-03-28,13:55,NIFTY,2025-04-03,PE,23400,OTM2,6,True,23474.4100,96.5500,55.5500,70.5000,6.0000,0.0000,1.4700,2.3080,90.6000,2,63.0963,22.7373,-0.6376,0.1083,-0.4069,-10.8998,45.5714,23.6506,,15.0000,-24.0808,-21.9023,5.5412,-25.3755,5.5412,-43.7597,0.2431,failed_base
val,5,I,2025-03-28,13:55,NIFTY,2025-04-03,PE,23500,OTM1,6,True,23474.4100,141.3500,81.8500,102.3500,7.0000,0.0000,1.0220,1.9120,132.2000,2,61.5150,21.0287,-0.6376,0.1062,-0.5284,-10.9782,42.0977,21.0988,,15.0000,-21.9667,-20.7694,4.9522,-22.9218,4.9522,-41.3159,0.2431,failed_base
val,5,I,2025-03-28,13:55,NIFTY,2025-04-03,PE,23600,ATM,6,True,23474.4100,199.1500,117.7500,144.5000,8.0000,0.0000,0.8390,1.5610,184.2500,2,56.4756,18.3175,-0.6376,0.1048,-0.6504,-9.9835,38.3056,18.7365,,15.0000,-19.0560,-20.3742,4.5192,-20.2360,4.5192,-37.4090,0.2431,failed_base
val,5,I,2025-04-07,15:00,NIFTY,2025-04-09,CE,22000,OTM1,2,False,22043.7500,344.0000,234.3500,284.9500,6.0000,0.0000,1.2930,0.8650,320.0000,2,36.5479,14.4687,0.8339,0.4923,0.5287,-92.7989,,,,,40.1163,31.2621,41.3953,-1.2936,41.3953,-1.2936,0.9946,session_end
val,5,I,2025-04-21,12:25,NIFTY,2025-04-24,CE,24100,OTM1,3,False,24178.7400,175.1500,108.1500,138.9000,1.0000,0.0000,0.9820,1.1730,162.2500,2,50.0231,15.5008,0.6987,0.1482,0.5963,-22.3311,35.7039,26.1489,,10.0000,0.7993,2.5781,6.2232,-2.9118,6.2232,-24.7502,0.0044,failed_base
val,5,I,2025-05-08,13:45,NIFTY,2025-05-08,PE,24300,OTM1,0,False,24346.9500,14.7500,2.2500,3.0500,0.0000,0.0000,15.6100,25.0550,8.8000,2,291.1111,56.8182,-0.2066,0.2410,-0.2849,-14.7500,414.4737,75.4476,,0.0000,-13.2203,-4.9473,27.7966,-53.8983,231.8644,-88.8136,-0.0598,failed_base
val,5,I,2025-05-08,13:45,NIFTY,2025-05-08,PE,24500,ITM1,0,False,24346.9500,155.0000,97.2000,107.7500,0.0000,0.0000,3.1260,6.1860,142.8000,2,46.9136,19.5728,-0.1982,0.2698,-0.9497,-1.9493,49.7606,17.7907,69.9788,35.0000,8.7742,13.4399,10.9677,-9.2903,55.0645,-9.2903,-0.0598,next_wave
val,5,I,2025-05-27,11:30,NIFTY,2025-05-29,CE,24900,ATM,2,False,25053.8300,311.7000,147.3500,173.2500,1.0000,0.0000,2.7870,1.9030,238.5500,2,61.8935,24.1040,1.0758,0.2952,0.6108,-57.3265,93.0682,35.1452,,10.0000,-15.2551,-9.1551,12.1431,-25.0080,12.1431,-55.5181,-0.2431,failed_base
val,5,I,2025-05-27,11:25,NIFTY,2025-05-29,CE,25000,OTM1,2,False,24982.4800,200.0000,112.7000,133.4000,0.0000,0.0000,1.6380,2.5330,185.0000,2,64.1526,26.5135,0.7880,0.2715,0.4906,-55.3655,111.1070,43.4669,,15.0000,2.0000,8.5625,43.5000,-8.9750,43.5000,-46.3750,0.0221,failed_base
val,5,I,2025-05-27,11:25,NIFTY,2025-05-29,CE,25100,OTM2,2,False,24982.4800,153.1000,83.0500,99.3000,0.0000,0.0000,1.5770,2.5320,139.5500,2,68.0313,28.0545,0.7880,0.2682,0.4141,-52.9693,131.3247,46.1787,,15.0000,2.9719,8.1821,51.6982,-9.3730,51.6982,-47.4853,0.0221,failed_base
val,5,I,2025-06-30,13:55,NIFTY,2025-07-03,PE,25400,OTM2,3,False,25492.3000,93.7000,54.7000,61.7000,6.0000,0.0000,2.1070,1.3930,92.2500,2,68.6472,20.3252,-0.3995,0.1450,-0.3897,-23.0675,35.5782,15.9558,,5.0000,-5.0160,-14.7047,5.8164,-7.6841,5.8164,-28.0149,0.0467,failed_base
val,5,I,2025-06-30,13:55,NIFTY,2025-07-03,PE,25500,OTM1,3,False,25492.3000,136.5000,84.1500,94.7500,6.0000,0.0000,1.9540,1.3450,133.3000,2,58.4076,16.8792,-0.3995,0.1423,-0.5064,-23.7262,30.5054,14.4191,,5.0000,-4.1758,-13.1838,5.1648,-6.8864,5.1648,-23.3700,0.0467,failed_base
val,5,I,2025-07-16,12:50,NIFTY,2025-07-17,CE,25100,ITM1,1,False,25220.6300,142.1000,80.9500,98.6000,1.0000,0.0000,2.0250,1.1090,133.4500,2,64.8548,20.4196,0.3458,0.1168,0.7724,-21.3073,42.0433,19.0918,,5.0000,0.6334,2.9699,3.8001,-8.5151,17.5932,-19.4933,0.0101,failed_base
val,5,I,2025-07-16,13:10,NIFTY,2025-07-17,CE,25200,ATM,1,False,25220.8000,70.6000,35.2000,43.2000,5.0000,0.0000,0.5980,0.7730,66.7000,2,89.4886,29.7601,0.3464,0.1081,0.5564,-40.5412,58.4845,25.6566,,15.0000,-10.1983,-6.5938,5.1700,-29.1076,23.7960,-29.1076,-0.0325,failed_base
val,5,I,2025-07-14,13:15,NIFTY,2025-07-17,PE,25200,ITM1,3,False,25047.2800,203.1500,138.1500,171.1500,1.0000,0.0000,1.3790,3.4550,202.6000,2,46.6522,13.0800,-0.3225,0.1198,-0.7070,-16.2559,21.4651,13.3941,,0.0000,-10.0911,-11.3655,0.2707,-13.8321,0.2707,-37.5831,0.1106,failed_base
val,5,I,2025-07-23,14:20,NIFTY,2025-07-24,CE,25000,ITM1,1,False,25210.2400,218.5000,144.3000,170.0000,3.0000,0.0000,1.2850,1.4590,212.1000,2,46.9854,16.0773,0.2391,0.1241,0.8963,-8.2624,,,,,1.3730,3.1956,3.7529,-4.4165,9.7025,-4.4165,0.0154,session_end
val,5,I,2025-07-24,12:05,NIFTY,2025-07-24,PE,25000,OTM2,0,False,25035.7000,28.3000,2.3000,3.2500,0.0000,0.0000,14.0240,12.0980,9.5000,2,313.0435,67.8947,-0.5492,0.2225,-0.3718,-28.3000,1193.4426,84.7909,,10.0000,-74.0283,-106.8330,39.3993,-78.7986,39.3993,-99.8233,0.1851,failed_base
val,5,I,2025-07-23,14:20,NIFTY,2025-07-24,CE,25100,ATM,1,False,25210.2400,128.4000,69.9000,89.9500,4.0000,0.0000,1.4220,1.4220,125.3000,2,79.2561,24.9002,0.2391,0.1063,0.7798,-18.1602,,,,,2.0639,4.5543,5.7632,-6.5421,13.5514,-6.5421,0.0154,session_end
val,5,I,2025-08-01,12:45,NIFTY,2025-08-07,PE,24500,OTM2,6,True,24647.0500,92.6500,49.5500,65.3500,0.0000,0.0000,2.4990,1.6360,89.4000,2,80.4238,26.6219,-0.4457,0.1224,-0.3495,-12.2449,52.0579,22.3058,,5.0000,-7.2315,-6.1718,3.4539,-12.0885,44.4684,-20.8311,0.0596,failed_base
val,5,I,2025-08-01,12:45,NIFTY,2025-08-07,PE,24600,OTM1,6,True,24647.0500,130.0000,73.5000,95.1000,0.0000,0.0000,2.4960,1.7410,127.3500,2,73.2653,24.2246,-0.4457,0.1200,-0.4475,-12.8851,44.5596,20.6452,,5.0000,-6.4615,-7.4806,3.1923,-10.6923,40.0769,-18.8846,0.0596,failed_base
val,5,I,2025-08-01,12:45,NIFTY,2025-08-07,PE,24700,ATM,6,True,24647.0500,178.1500,106.9000,135.0000,0.0000,0.0000,1.4590,1.2380,176.0000,2,64.6399,21.3636,-0.4457,0.1180,-0.5522,-12.6649,36.9942,18.5390,,5.0000,-5.1642,-5.7602,2.8908,-9.3461,35.3354,-16.8117,0.0596,failed_base
val,5,I,2025-08-01,12:45,NIFTY,2025-08-07,PE,24800,ITM1,6,True,24647.0500,239.4000,151.3500,186.6000,0.0000,0.0000,1.3500,0.9960,237.3500,2,56.8219,18.3484,-0.4457,0.1183,-0.6534,-11.7457,30.2116,16.4652,,5.0000,-4.7619,-4.5507,2.3183,-8.4795,30.3258,-15.1420,0.0596,failed_base
val,5,I,2025-08-11,14:10,NIFTY,2025-08-14,CE,24300,ITM1,3,False,24551.0300,283.0000,200.1000,229.3000,4.0000,0.0000,0.8480,1.1650,276.6500,2,38.2559,12.9948,0.3827,0.1316,0.8046,-13.4878,35.3344,,,60.0000,9.5760,8.5350,11.3781,-2.4735,15.1060,-2.4735,0.1336,session_end
val,5,I,2025-08-11,14:10,NIFTY,2025-08-14,CE,24400,ATM,3,False,24551.0300,203.3500,135.6000,158.8000,5.0000,0.0000,0.9460,1.2750,198.9500,2,46.7183,15.7075,0.3827,0.1255,0.7061,-16.8690,43.7090,,,60.0000,11.7531,10.2825,13.9907,-3.1473,18.5149,-3.1473,0.1336,session_end
val,5,I,2025-08-11,14:10,NIFTY,2025-08-14,CE,24500,OTM1,3,False,24551.0300,135.7000,86.6500,103.0000,5.0000,0.0000,1.1430,1.4790,133.6500,2,54.2412,18.5933,0.3827,0.1210,0.5764,-19.0354,53.2169,,,60.0000,14.0383,11.5190,17.6124,-3.6478,22.8445,-3.6478,0.1336,session_end
val,5,I,2025-08-13,14:00,NIFTY,2025-08-14,CE,24500,ITM1,1,False,24668.1800,186.0500,122.5500,155.1000,1.0000,0.0000,0.5950,1.1980,182.9000,2,49.2452,20.6670,0.2053,0.1384,0.8210,-17.8691,36.1130,15.1899,,10.0000,-5.6436,-6.7931,6.1543,-11.1260,6.1543,-20.1827,-0.0434,failed_base
val,5,I,2025-08-11,14:35,NIFTY,2025-08-14,CE,24600,OTM2,3,False,24580.7000,96.9000,53.3500,63.4000,7.0000,0.0000,4.4110,0.7880,84.9500,2,59.2315,21.1301,0.5040,0.1188,0.4730,-19.1527,57.8358,23.9716,,35.0000,1.3932,11.9401,9.1331,-7.7399,9.1331,-17.0279,0.0324,failed_base
val,5,I,2025-08-20,14:50,NIFTY,2025-08-21,CE,24800,ITM1,1,False,25068.2600,275.2500,192.0000,231.8000,8.0000,0.0000,0.5860,0.6970,271.6000,2,41.4583,13.4389,0.2896,0.1449,0.9196,-6.9888,19.4173,7.7827,,10.0000,-8.5014,-5.6392,1.9982,-9.4460,1.9982,-9.4460,-0.0991,failed_base
val,5,I,2025-08-28,14:50,NIFTY,2025-08-28,PE,24700,ITM1,0,False,24512.6500,187.9500,52.9000,82.2000,1.0000,0.0000,1.4820,1.3610,169.9000,2,221.1720,40.2295,-0.5416,0.4180,-0.9815,-0.5990,,,,,9.4972,22.7178,18.1165,-9.4174,18.1165,-9.4174,-0.0759,session_end
val,5,I,2025-08-25,13:55,NIFTY,2025-08-28,CE,24800,ITM1,3,False,25029.6100,246.9000,192.0000,222.0000,0.0000,0.0000,1.0080,1.5510,243.2500,2,26.6927,8.9825,0.2111,0.0974,0.8496,-8.2823,12.3532,7.0553,,5.0000,-12.1304,-12.4525,0.6278,-14.0138,0.6278,-19.3196,-0.1365,failed_base
val,5,I,2025-09-01,13:40,NIFTY,2025-09-02,CE,24700,OTM2,1,False,24619.1300,22.9000,11.8500,16.9500,6.0000,0.0000,1.2330,3.2910,20.6500,2,74.2616,24.6973,0.2227,0.1010,0.2759,-22.7446,109.0032,,,85.0000,14.1921,15.3521,17.4672,-14.4105,41.9214,-14.4105,0.0351,session_end
val,5,I,2025-09-03,15:00,NIFTY,2025-09-09,CE,24600,OTM1,6,True,24695.4000,167.5500,105.5500,125.0000,8.0000,0.0000,0.5480,0.8150,166.4000,2,57.6504,25.2404,0.4003,0.0900,0.6326,-9.2468,72.5482,,,20.0000,17.5172,15.0288,28.1110,-0.5670,28.1110,-0.5670,0.1789,session_end
val,5,I,2025-09-18,13:10,NIFTY,2025-09-23,PE,25200,OTM2,5,True,25407.7600,27.8000,17.6500,19.5000,2.0000,0.0000,3.6020,8.4340,25.9000,2,46.7422,13.5135,-0.2714,0.0829,-0.1994,-6.9021,42.1875,25.9027,,0.0000,-15.4676,-11.1558,7.7338,-19.9640,7.7338,-48.2014,0.0494,failed_base
val,5,I,2025-09-18,13:10,NIFTY,2025-09-23,PE,25300,OTM1,5,True,25407.7600,48.9500,29.8000,33.9000,2.0000,0.0000,4.8330,11.6660,45.4500,2,52.5168,13.6414,-0.2714,0.0779,-0.3202,-8.5387,39.6178,25.0000,,0.0000,-13.8917,-10.9223,8.5802,-17.9775,8.5802,-47.5996,0.0494,failed_base
val,5,I,2025-09-18,12:40,NIFTY,2025-09-23,PE,25500,ITM1,5,True,25434.7200,122.3000,92.7500,101.9500,1.0000,0.0000,5.0110,2.0320,108.9500,2,17.4663,8.5360,-0.1488,0.0714,-0.6170,-8.3727,52.7847,34.2529,,30.0000,15.2494,17.5226,24.4890,-1.1856,24.4890,-27.1872,-0.1060,failed_base
val,5,I,2025-09-29,12:45,NIFTY,2025-09-30,PE,24500,OTM2,1,False,24653.6600,23.1000,7.8000,11.2500,7.0000,0.0000,1.9790,2.0050,18.7000,2,139.7436,30.7487,-0.6863,0.1415,-0.2107,-22.9744,88.0309,44.9692,,10.0000,-48.2684,-57.7140,5.4113,-48.9177,5.4113,-65.3680,0.2932,failed_base
val,5,I,2025-10-06,12:55,NIFTY,2025-10-07,CE,24800,ITM1,1,False,25036.6300,245.7000,173.6500,211.0000,6.0000,0.0000,0.8830,1.0180,238.0500,2,37.0861,10.2710,0.2346,0.1361,0.8979,-9.0772,49.7659,,,50.0000,10.9890,12.2159,15.4253,-0.5698,30.1994,-0.5698,0.1073,session_end
val,5,I,2025-10-06,13:00,NIFTY,2025-10-07,CE,25000,OTM1,1,False,25049.4300,83.8500,42.2500,57.6500,6.0000,0.0000,1.5930,1.1830,71.4500,2,69.1124,21.1337,0.2912,0.1014,0.6393,-31.7729,142.2360,,,45.0000,38.0441,34.6690,38.0441,-1.7889,62.7907,-1.7889,0.1517,session_end
val,5,I,2025-10-07,13:50,NIFTY,2025-10-07,CE,25000,ITM1,0,False,25215.6000,216.4000,150.4000,199.4500,0.0000,0.0000,0.8070,1.4520,213.1000,2,41.6888,16.7058,0.1730,0.3048,0.9796,-0.7959,29.2113,14.4539,,5.0000,-4.2052,0.1122,2.6340,-9.3346,2.6340,-52.7033,-0.0357,failed_base
val,5,I,2025-10-23,14:05,NIFTY,2025-10-28,PE,25800,OTM2,5,True,26051.4500,36.6000,23.6500,25.9500,1.0000,0.0000,5.7300,2.8380,32.2500,2,36.3636,13.4884,-0.4338,0.1017,-0.2070,-8.9373,55.7348,35.3280,,15.0000,9.4262,14.2491,18.7158,-2.7322,72.5410,-23.2240,-0.1369,failed_base
val,5,I,2025-11-03,14:20,NIFTY,2025-11-04,CE,25600,ITM1,1,False,25791.8700,207.0000,157.4000,183.8000,3.0000,0.0000,1.4300,1.0200,205.2500,2,30.4003,13.8611,0.1671,0.1368,0.8464,-15.1344,29.6097,22.1689,,10.0000,-10.7005,-5.6313,10.7005,-13.8406,10.7005,-13.8406,-0.0992,failed_base
val,5,I3,2025-05-08,15:00,NIFTY,2025-05-08,PE,24500,ITM1,0,False,24278.4500,219.6000,97.2000,107.7500,1.0000,0.0000,0.9700,1.5870,172.0000,3,49.7606,17.7907,-0.4790,,,,69.9788,,,10.0000,2.9144,16.5176,9.4490,-18.0783,9.4490,-18.0783,-0.0189,session_end
