period,tf_min,control,date,time,symbol,expiry,CE_PE,strike,moneyness_0920,DTE,strike_set_hindsight,spot,option_price,base_low,base_high,number_of_resistance_tests,higher_low_count,volume_ratio,volume_ratio_breakout_bar,breakout_price,wave_number,prev_expansion_pct_known,prev_retracement_pct_known,nifty_move_since_start_pct_known,IV,delta,theta_per_day,OUTCOME_expansion_size_pct,OUTCOME_retracement_size_pct,OUTCOME_next_expansion_size_pct,OUTCOME_expansion_duration_min,OUTCOME_r30_pct,OUTCOME_excess30_vs_matched_pct,OUTCOME_MFE30_pct,OUTCOME_MAE30_pct,OUTCOME_MFE_session_pct,OUTCOME_MAE_session_pct,OUTCOME_NIFTY_move_30m_pct,outcome
dev,5,G,2024-01-09,14:15,NIFTY,2024-01-11,PE,21400,OTM2,2,False,21660.7400,13.2000,9.6500,11.0000,0.0000,0.0000,4.3190,2.6760,11.0000,1,,,-0.2851,0.1378,-0.1195,-9.8117,264.7668,,,20.0000,163.6364,85.3937,184.8485,-7.5758,184.8485,-7.5758,-0.4706,session_end
dev,5,G,2024-01-10,14:15,NIFTY,2024-01-11,CE,21500,ITM1,1,False,21539.4600,89.0000,58.2000,78.5500,0.0000,0.0000,1.5830,1.2850,78.5500,1,,,0.2204,0.1464,0.5937,-46.6887,97.4227,33.6815,,10.0000,32.9775,26.1900,47.6404,-14.3820,124.7753,-14.3820,0.2256,next_wave
dev,5,G,2024-01-05,10:50,NIFTY,2024-01-11,PE,21500,OTM2,6,True,21701.5000,47.0000,33.3500,38.6500,0.0000,0.0000,3.4040,1.4850,38.6500,1,,,-0.1970,0.1089,-0.2529,-8.1243,70.9145,31.4035,,15.0000,12.8723,14.3749,21.2766,-7.9787,49.8936,-36.4894,-0.0523,stalled
dev,5,G,2024-01-05,14:10,NIFTY,2024-01-11,PE,21500,OTM2,6,True,21664.3000,57.2500,40.3000,46.7000,0.0000,0.0000,4.1840,2.7290,46.7000,1,,,-0.2251,0.1103,-0.2932,-9.0010,74.8139,41.4478,,20.0000,1.3974,14.2440,23.0568,-6.1135,23.0568,-47.8603,-0.0401,failed_base
dev,5,G,2024-01-08,14:40,NIFTY,2024-01-11,PE,21500,OTM2,3,False,21542.1700,81.8000,53.0000,74.0500,0.0000,0.0000,4.9180,3.9270,74.0500,1,,,-0.2442,0.1297,-0.4316,-18.0690,,,,,-3.7286,6.0840,9.9022,-14.1198,19.8655,-14.1198,0.0205,session_end
dev,5,G,2024-01-09,14:05,NIFTY,2024-01-11,PE,21500,OTM1,2,False,21698.5000,22.0500,18.6500,21.9000,0.0000,0.0000,1.6310,2.7030,21.9000,1,,,-0.1113,0.1357,-0.1823,-14.1771,245.5764,39.9535,,30.0000,130.3855,81.6223,192.2902,-6.8027,210.8844,-6.8027,-0.4644,session_end
dev,5,G,2024-01-10,13:40,NIFTY,2024-01-11,PE,21500,OTM1,1,False,21486.0000,78.1000,52.8000,74.7000,0.0000,0.0000,1.7990,1.2460,74.7000,1,,,-0.2669,0.1523,-0.5297,-51.3929,65.7197,39.7714,,5.0000,-27.4008,-39.1716,6.6581,-40.6530,6.6581,-86.9398,0.1715,failed_base
dev,5,G,2024-01-10,14:20,NIFTY,2024-01-11,CE,21600,ATM,1,False,21562.8600,48.9000,25.4500,35.6000,0.0000,0.0000,4.6160,1.5790,35.6000,1,,,0.3293,0.1426,0.4124,-46.1882,121.2181,41.5631,,5.0000,1.7382,6.7948,35.4806,-32.7198,136.6053,-32.7198,0.0502,failed_base
dev,5,G,2024-01-05,10:50,NIFTY,2024-01-11,PE,21600,OTM1,6,True,21701.5000,75.8000,56.3500,63.6500,0.0000,0.0000,3.7940,1.6420,63.6500,1,,,-0.1970,0.1065,-0.3647,-9.4677,58.7400,29.2901,,15.0000,9.4327,11.1893,18.0079,-8.1794,43.4697,-33.5752,-0.0523,stalled
dev,5,G,2024-01-05,14:10,NIFTY,2024-01-11,PE,21600,OTM1,6,True,21664.3000,89.4000,65.6500,75.7000,0.0000,0.0000,4.3290,3.0340,75.7000,1,,,-0.2251,0.1070,-0.4115,-9.9762,65.6512,37.1494,,20.0000,2.9083,18.1601,21.6443,-4.9217,21.6443,-43.6801,-0.0401,failed_base
dev,5,G,2024-01-08,14:40,NIFTY,2024-01-11,PE,21600,OTM1,3,False,21542.1700,132.9000,90.6500,120.8000,0.0000,0.0000,2.2620,2.8800,120.8000,1,,,-0.2442,0.1293,-0.5873,-17.7777,,,,,-2.9345,6.5339,8.8789,-12.1520,17.0429,-12.1520,0.0205,session_end
dev,5,G,2024-01-09,14:05,NIFTY,2024-01-11,PE,21600,ATM,2,False,21698.5000,43.6500,36.6500,43.1000,0.0000,0.0000,1.8260,3.2950,43.1000,1,,,-0.1113,0.1293,-0.3179,-20.3535,197.4079,31.6514,,30.0000,105.9565,72.3955,149.7136,-6.0710,174.6850,-6.0710,-0.4644,session_end
dev,5,G,2024-01-10,13:05,NIFTY,2024-01-11,PE,21600,ATM,1,False,21495.2200,135.1500,100.3500,135.1000,0.0000,0.0000,0.5540,0.7680,135.1000,1,,,-0.2241,0.1500,-0.7210,-29.8533,53.8615,31.6710,,40.0000,8.0281,4.9094,8.9900,-11.9497,14.2434,-80.5401,-0.0672,failed_base
dev,5,G,2024-01-10,14:20,NIFTY,2024-01-11,CE,21700,OTM1,1,False,21562.8600,19.6500,11.0000,15.5500,0.0000,0.0000,4.4370,1.5660,15.5500,1,,,0.3147,0.1450,0.2084,-19.6494,110.9091,38.1466,,5.0000,-7.1247,-1.0710,35.1145,-35.3690,161.5776,-35.3690,0.0502,failed_base
dev,5,G,2024-01-05,10:50,NIFTY,2024-01-11,PE,21700,ATM,6,True,21701.5000,117.1500,90.9500,100.9500,0.0000,0.0000,4.7920,2.8970,100.9500,1,,,-0.1970,0.1047,-0.4947,-9.9157,47.3887,26.3335,,15.0000,6.5728,8.4482,14.4259,-7.6825,36.0222,-29.6628,-0.0523,failed_base
dev,5,G,2024-01-05,14:10,NIFTY,2024-01-11,PE,21700,ATM,6,True,21664.3000,134.4500,103.1000,116.9000,0.0000,0.0000,2.9430,2.4680,116.9000,1,,,-0.2251,0.1040,-0.5457,-9.8836,54.5587,32.1933,,20.0000,3.0495,14.0838,18.5199,-4.1279,18.5199,-38.7133,-0.0401,failed_base
dev,5,G,2024-01-08,14:40,NIFTY,2024-01-11,PE,21700,ATM,3,False,21542.1700,199.4000,145.1000,184.1500,0.0000,0.0000,2.3520,2.5260,184.1500,1,,,-0.2442,0.1293,-0.7297,-14.5452,,,,,-1.5547,5.7476,7.8235,-9.0271,14.2929,-9.0271,0.0205,session_end
dev,5,G,2024-01-09,14:05,NIFTY,2024-01-11,PE,21700,ITM1,2,False,21698.5000,81.8500,68.3500,80.3000,0.0000,0.0000,1.5810,3.5560,80.3000,1,,,-0.1113,0.1248,-0.5009,-22.9254,,,,,80.4520,58.8688,110.0183,-5.0092,135.8583,-5.0092,-0.4644,session_end
dev,5,G,2024-01-10,12:50,NIFTY,2024-01-11,PE,21700,ITM1,1,False,21494.1000,218.2500,160.2000,216.2000,0.0000,0.0000,4.6530,1.4710,216.2000,1,,,-0.2273,0.1553,-0.8659,-12.3497,55.4307,23.8956,,5.0000,-0.6186,3.0723,5.1546,-9.8282,9.4616,-71.3402,0.0081,failed_base
dev,5,G,2024-01-11,14:15,NIFTY,2024-01-11,PE,21700,ATM,0,False,21602.7000,98.2000,39.7500,57.4000,0.0000,0.0000,3.9440,1.7030,57.4000,1,,,-0.2887,0.2150,-0.9598,-0.9000,187.4214,55.0547,,10.0000,-43.4827,7.7938,16.3442,-47.7088,16.3442,-56.6191,0.1981,failed_base
dev,5,G,2024-01-05,10:50,NIFTY,2024-01-11,PE,21800,ITM1,6,True,21701.5000,171.1500,138.0000,150.8000,0.0000,0.0000,3.9080,2.8180,150.8000,1,,,-0.1970,0.1021,-0.6300,-9.0949,38.8043,23.1793,,15.0000,5.5799,8.5757,11.9194,-6.7193,30.9086,-25.4163,-0.0523,failed_base
dev,5,G,2024-01-05,14:10,NIFTY,2024-01-11,PE,21800,ITM1,6,True,21664.3000,193.5000,154.2000,171.9500,0.0000,0.0000,2.5710,2.3190,171.9500,1,,,-0.2251,0.1013,-0.6808,-8.5725,45.2983,27.7840,,20.0000,3.2817,9.1306,15.7881,-3.6434,15.7881,-34.0310,-0.0401,failed_base
dev,5,G,2024-01-08,14:40,NIFTY,2024-01-11,PE,21800,ITM1,3,False,21542.1700,279.1000,207.0500,260.2500,0.0000,0.0000,2.0570,2.4750,260.2500,1,,,-0.2631,0.1304,-0.8397,-10.0700,,,,,-0.7524,-1.0240,6.2522,-7.3092,11.1788,-7.3092,0.0205,session_end
dev,5,G,2024-01-11,14:15,NIFTY,2024-01-11,PE,21800,ITM1,0,False,21602.7000,197.6000,131.9000,153.7500,0.0000,0.0000,5.3210,2.3230,153.7500,1,,,-0.2887,0.3292,-0.9895,-0.3001,61.5239,30.2746,,10.0000,-21.5334,44.3514,7.8188,-24.7470,7.8188,-28.4919,0.1981,failed_base
dev,5,G,2024-01-18,12:05,NIFTY,2024-01-18,CE,21300,ITM1,0,False,21496.1500,198.9500,142.5000,190.5500,0.0000,0.0000,0.5390,1.0730,190.5500,1,,,0.1848,0.2892,0.9461,-2.8001,60.8772,29.6619,,25.0000,-17.4918,-9.4048,15.2300,-18.9495,15.2300,-39.5577,-0.1717,failed_base
dev,5,G,2024-01-18,14:50,NIFTY,2024-01-18,CE,21300,ITM1,0,False,21466.5000,167.0000,131.7000,163.8000,0.0000,0.0000,1.3800,2.3650,163.8000,1,,,0.0716,0.4235,0.9825,-0.4997,,,,,-4.3713,2.4718,8.5928,-11.5569,8.5928,-11.5569,-0.0317,session_end
dev,5,G,2024-01-18,12:05,NIFTY,2024-01-18,CE,21400,ATM,0,False,21496.1500,102.6500,56.0500,97.1000,0.0000,0.0000,0.6420,1.0880,97.1000,1,,,0.1848,0.2117,0.8586,-6.5001,132.7386,47.7961,,25.0000,-31.6123,-24.0448,27.0823,-33.6581,27.0823,-70.2874,-0.1717,failed_base
dev,5,G,2024-01-18,14:50,NIFTY,2024-01-18,CE,21400,ATM,0,False,21466.5000,67.0000,38.8000,66.7000,0.0000,0.0000,1.5810,3.0600,66.7000,1,,,0.0716,0.1957,0.9655,-0.4996,109.4072,41.1077,,10.0000,-10.9701,-7.8479,21.2687,-28.5821,21.2687,-28.5821,-0.0317,failed_base
dev,5,G,2024-01-12,13:00,NIFTY,2024-01-18,CE,21600,ITM1,6,True,21881.3200,330.6000,288.0000,325.0000,0.0000,0.0000,3.4490,2.6210,325.0000,1,,,0.0915,0.1339,0.7743,-9.4072,44.6528,,,110.0000,2.8131,5.0410,5.0665,-2.7223,26.0133,-2.7223,0.0559,session_end
dev,5,G,2024-01-17,11:45,NIFTY,2024-01-18,PE,21600,OTM2,1,False,21697.3300,52.1000,24.6500,36.9500,0.0000,0.0000,4.2220,2.5460,36.9500,1,,,-0.2766,0.1908,-0.3357,-46.6688,240.1623,47.1676,,30.0000,24.8560,12.0129,60.9405,0.5758,105.5662,-14.9712,-0.1102,stalled
dev,5,G,2024-01-12,13:00,NIFTY,2024-01-18,CE,21700,ATM,6,True,21881.3200,252.3000,214.4500,247.7500,0.0000,0.0000,2.9940,2.3680,247.7500,1,,,0.0915,0.1282,0.6943,-10.6924,39.7529,9.7764,22.8550,65.0000,3.4086,5.7294,6.2228,-3.2501,31.6686,-3.2501,0.0559,next_wave
dev,5,G,2024-01-17,11:45,NIFTY,2024-01-18,PE,21700,OTM1,1,False,21697.3300,91.6000,47.5500,68.8500,0.0000,0.0000,3.8510,2.4270,68.8500,1,,,-0.2766,0.1853,-0.5025,-57.0616,184.0168,40.5035,,30.0000,19.2140,7.6760,47.4345,0.4913,93.9956,-12.2817,-0.1102,stalled
dev,5,G,2024-01-12,13:00,NIFTY,2024-01-18,CE,21800,OTM1,6,True,21881.3200,183.6500,151.9500,180.3500,0.0000,0.0000,3.1470,2.6590,180.3500,1,,,0.0915,0.1237,0.5944,-11.5401,48.6344,11.9770,27.8421,65.0000,4.0022,6.0320,7.6776,-3.8388,38.3882,-3.8388,0.0559,next_wave
dev,5,G,2024-01-17,10:45,NIFTY,2024-01-18,PE,21800,ATM,1,False,21754.1700,106.0500,68.1000,98.4000,0.0000,0.0000,1.0680,1.9170,98.4000,1,,,-0.3280,0.1630,-0.5872,-45.2256,199.3392,32.5239,,90.0000,-2.4045,1.1221,6.3178,-11.2211,151.2494,-11.2211,0.0174,stalled
dev,5,G,2024-01-12,13:00,NIFTY,2024-01-18,CE,21900,OTM2,6,True,21881.3200,125.5500,100.0500,122.9000,0.0000,0.0000,4.1040,2.7290,122.9000,1,,,0.0915,0.1194,0.4805,-11.4846,36.9315,12.9562,,5.0000,4.4205,7.7686,8.8809,-5.3365,47.1127,-5.3365,0.0559,failed_base
dev,5,G,2024-01-16,12:50,NIFTY,2024-01-18,PE,21900,OTM2,2,False,22042.4700,47.2500,33.1000,42.1000,0.0000,0.0000,3.2760,0.8280,42.1000,1,,,-0.3134,0.1549,-0.2889,-23.0033,125.0755,47.3154,,55.0000,9.4180,14.8677,12.6984,-15.3439,57.6720,-21.4815,-0.1078,failed_base
dev,5,G,2024-01-17,10:45,NIFTY,2024-01-18,PE,21900,ITM1,1,False,21754.1700,173.1000,116.0500,161.5000,0.0000,0.0000,0.8140,1.3590,161.5000,1,,,-0.3280,0.1602,-0.7651,-26.0833,146.4455,25.5245,,90.0000,-2.0220,0.7346,4.6794,-8.9832,107.7412,-8.9832,0.0174,stalled
dev,5,G,2024-01-15,11:25,NIFTY,2024-01-18,CE,22000,ITM1,3,False,22064.4400,156.6500,128.2000,149.5500,0.0000,0.0000,1.1410,0.8990,149.5500,1,,,0.1747,0.1487,0.5859,-20.4340,24.5320,16.5049,,10.0000,-2.3620,-0.1799,1.9151,-14.9058,24.8643,-14.9058,-0.0202,failed_base
dev,5,G,2024-01-15,14:10,NIFTY,2024-01-18,CE,22000,ITM1,3,False,22108.3600,184.0000,150.0000,167.7500,0.0000,0.0000,3.9680,3.1970,167.7500,1,,,0.1686,0.1520,0.6403,-20.3494,23.6000,13.9698,,5.0000,-9.8370,-7.6840,0.5707,-17.9891,6.3043,-17.9891,-0.0985,failed_base
dev,5,G,2024-01-16,12:50,NIFTY,2024-01-18,PE,22000,OTM1,2,False,22042.4700,78.1000,54.3000,68.1500,0.0000,0.0000,3.3290,0.9360,68.1500,1,,,-0.3134,0.1465,-0.4290,-26.3078,118.8766,,,55.0000,11.3956,16.3289,14.4046,-13.7644,52.1767,-16.3892,-0.1078,session_end
dev,5,G,2024-01-15,11:30,NIFTY,2024-01-18,CE,22100,ATM,3,False,22060.3300,98.5000,82.3000,97.1000,0.0000,0.0000,1.3690,1.8570,97.1000,1,,,0.1720,0.1430,0.4487,-20.0301,24.8481,19.8054,,5.0000,-1.3706,0.8446,0.7614,-16.3452,31.6751,-16.3452,0.0055,failed_base
dev,5,G,2024-01-15,14:10,NIFTY,2024-01-18,CE,22100,ATM,3,False,22108.3600,120.8000,94.1500,107.3500,0.0000,0.0000,4.8430,3.2610,107.3500,1,,,0.1686,0.1446,0.5138,-20.9318,29.2087,17.3448,,5.0000,-12.7897,-9.8069,0.4553,-22.3510,7.3675,-22.3510,-0.0985,failed_base
dev,5,G,2024-01-16,12:15,NIFTY,2024-01-18,PE,22100,ATM,2,False,22071.9400,109.6500,87.4500,109.1500,0.0000,0.0000,1.9080,1.9670,109.1500,1,,,-0.1801,0.1410,-0.5446,-25.4598,105.7176,,,90.0000,4.7880,1.6094,8.9375,-8.9375,64.0675,-8.9375,-0.0491,session_end
dev,5,G,2024-01-15,11:30,NIFTY,2024-01-18,CE,22200,OTM1,3,False,22060.3300,57.7000,47.7000,56.3500,0.0000,0.0000,1.2780,1.4960,56.3500,1,,,0.1720,0.1389,0.3150,-17.0851,26.7296,23.2423,,5.0000,-2.6863,-1.8114,0.7799,-19.5841,34.2288,-19.5841,0.0055,failed_base
dev,5,G,2024-01-15,14:10,NIFTY,2024-01-18,CE,22200,OTM1,3,False,22108.3600,71.2000,53.5000,62.0000,0.0000,0.0000,5.9090,3.2420,62.0000,1,,,0.1686,0.1374,0.3732,-18.6801,35.0467,21.1765,,5.0000,-15.5197,-11.2463,0.8427,-26.6152,8.7781,-26.6152,-0.0985,failed_base
dev,5,G,2024-01-16,12:15,NIFTY,2024-01-18,PE,22200,ITM1,2,False,22071.9400,170.4000,137.1000,168.6500,0.0000,0.0000,1.7310,1.9610,168.6500,1,,,-0.1801,0.1372,-0.7071,-20.3658,88.1109,,,90.0000,3.8732,1.7799,7.0423,-7.1596,51.3498,-7.1596,-0.0491,session_end
dev,5,G,2024-01-15,11:30,NIFTY,2024-01-18,CE,22300,OTM2,3,False,22060.3300,30.5000,25.5000,30.2500,0.0000,0.0000,1.4730,1.8870,30.2500,1,,,0.1720,0.1356,0.1978,-12.4184,26.8627,26.2751,,5.0000,-4.2623,-7.5828,1.3115,-21.8033,34.2623,-22.6230,0.0055,failed_base
dev,5,G,2024-01-15,14:10,NIFTY,2024-01-18,CE,22300,OTM2,3,False,22108.3600,37.3000,27.6500,32.0500,0.0000,0.0000,5.8020,3.5110,32.0500,1,,,0.1686,0.1319,0.2390,-14.0716,38.3363,24.9673,,5.0000,-18.2306,-13.4164,1.2064,-29.6247,9.7855,-29.6247,-0.0985,failed_base
dev,5,G,2024-01-24,11:35,NIFTY,2024-01-25,PE,20900,OTM2,1,False,21273.7200,19.6500,7.2000,14.2000,0.0000,0.0000,3.4850,3.0000,14.2000,1,,,-0.6589,0.2708,-0.1216,-19.6171,240.9722,57.2301,,5.0000,4.5802,-5.7078,6.3613,-46.5649,25.9542,-85.2417,-0.0357,failed_base
dev,5,G,2024-01-24,14:35,NIFTY,2024-01-25,CE,21000,ITM1,1,False,21421.0900,428.3000,327.3500,407.5000,0.0000,0.0000,4.0030,1.8780,407.5000,1,,,0.4498,0.2416,0.9389,-7.2175,,,,,6.2106,9.9161,17.7913,-0.6771,18.7836,-0.6771,0.1329,session_end
dev,5,G,2024-01-24,11:35,NIFTY,2024-01-25,PE,21000,OTM1,1,False,21273.7200,30.9000,11.9500,22.3500,0.0000,0.0000,3.8150,2.7350,22.3500,1,,,-0.6589,0.2560,-0.1832,-30.5812,222.1757,54.6753,,5.0000,6.7961,-3.3239,8.4142,-43.5275,31.8770,-86.7314,-0.0357,failed_base
dev,5,G,2024-01-24,14:35,NIFTY,2024-01-25,CE,21100,ATM,1,False,21421.0900,335.3500,241.0000,314.2000,0.0000,0.0000,1.2070,0.6050,314.2000,1,,,0.4498,0.2328,0.8891,-14.2668,,,,,7.1418,11.9698,21.2614,-1.3270,22.2603,-1.3270,0.1329,session_end
dev,5,G,2024-01-24,11:35,NIFTY,2024-01-25,PE,21100,ATM,1,False,21273.7200,48.6500,19.4000,34.9500,0.0000,0.0000,4.2620,2.3240,34.9500,1,,,-0.6589,0.2416,-0.2716,-46.1622,209.7938,52.7454,,5.0000,7.1942,-1.2012,8.4275,-41.6238,34.0185,-87.4615,-0.0357,failed_base
dev,5,G,2024-01-24,14:35,NIFTY,2024-01-25,CE,21200,OTM1,1,False,21421.0900,246.3000,164.6500,227.6000,0.0000,0.0000,1.0310,0.8900,227.6000,1,,,0.4498,0.2181,0.8152,-25.2161,,,,,8.3029,14.2964,26.4718,-3.0248,27.1011,-3.0248,0.1329,session_end
dev,5,G,2024-01-24,11:35,NIFTY,2024-01-25,PE,21200,ITM1,1,False,21273.7200,77.5500,31.8500,55.3500,0.0000,0.0000,4.2810,2.4680,55.3500,1,,,-0.6589,0.2311,-0.3925,-62.9792,185.7143,48.9560,114.7470,5.0000,4.4487,-1.2607,5.9961,-40.1032,30.6899,-87.8143,-0.0357,next_wave
dev,5,G,2024-01-24,14:35,NIFTY,2024-01-25,CE,21300,OTM2,1,False,21421.0900,165.6500,101.0500,150.0000,0.0000,0.0000,0.9700,0.8940,150.0000,1,,,0.4498,0.2043,0.7003,-44.5200,,,,,9.2363,13.4926,33.9873,-6.1576,33.9873,-6.1576,0.1329,session_end
dev,5,G,2024-01-19,12:55,NIFTY,2024-01-25,CE,21500,ITM1,6,True,21648.8600,238.0000,206.0000,234.5000,0.0000,0.0000,0.9000,1.1440,234.5000,1,,,0.1422,0.1369,0.6542,-11.9418,26.9175,12.6219,,35.0000,6.3866,8.4576,9.8529,-2.8992,13.2143,-6.7647,0.1250,failed_base
dev,5,G,2024-01-25,11:45,NIFTY,2024-01-25,CE,21500,OTM1,0,False,21363.5500,11.6000,5.3000,10.7500,0.0000,0.0000,2.8960,1.8920,10.7500,1,,,0.2073,0.3099,0.1611,-11.6000,239.6226,60.5556,,5.0000,-66.3793,-109.6610,6.0345,-68.1034,6.0345,-99.5690,-0.2958,failed_base
dev,5,G,2024-01-20,12:40,NIFTY,2024-01-25,PE,21500,OTM2,5,True,21650.6500,75.5500,59.9000,67.4500,0.0000,0.0000,5.6970,2.3320,67.4500,1,,,-0.1910,0.1355,-0.3285,-12.7721,41.3189,27.0526,,10.0000,-10.3905,-20.0415,12.0450,-21.1118,38.4514,-21.1118,0.0713,failed_base
dev,5,G,2024-01-23,11:50,NIFTY,2024-01-25,PE,21500,OTM2,2,False,21473.2400,138.1000,77.4500,118.9000,0.0000,0.0000,1.7510,2.6600,118.9000,1,,,-0.3818,0.1888,-0.5311,-33.1459,,,,,38.5228,22.7605,50.4707,-6.1188,167.9942,-6.1188,-0.3746,session_end
dev,5,G,2024-01-25,11:00,NIFTY,2024-01-25,PE,21500,ITM1,0,False,21250.2000,254.4000,125.6000,228.9500,0.0000,0.0000,0.4150,0.4560,228.9500,1,,,-0.5427,0.3393,-0.9352,-4.5983,108.5987,31.0496,,10.0000,-18.1407,-21.5300,2.9874,-28.9898,2.9874,-50.4717,0.2245,failed_base
dev,5,G,2024-01-19,12:55,NIFTY,2024-01-25,CE,21600,ATM,6,True,21648.8600,175.6000,150.1500,172.8500,0.0000,0.0000,1.1410,1.3830,172.8500,1,,,0.1422,0.1345,0.5545,-12.6755,29.8701,14.2308,,30.0000,7.0615,9.2009,11.0478,-3.1891,14.4647,-7.8303,0.1250,failed_base
dev,5,G,2024-01-20,12:35,NIFTY,2024-01-25,PE,21600,OTM1,5,True,21661.5200,106.0500,89.3500,98.5000,0.0000,0.0000,2.0780,1.2650,98.5000,1,,,-0.1654,0.1318,-0.4242,-13.5783,37.3811,23.5845,,15.0000,-4.7148,-13.1527,15.7473,-14.0028,42.4800,-14.0028,0.0300,failed_base
dev,5,G,2024-01-20,15:00,NIFTY,2024-01-25,PE,21600,OTM1,5,True,21621.0200,121.5000,94.3000,114.3500,0.0000,0.0000,2.1460,1.6070,114.3500,1,,,-0.1578,0.1304,-0.4712,-13.7957,60.2333,26.5387,,15.0000,-3.3745,2.6137,24.3621,-8.6420,24.3621,-8.6420,0.0213,failed_base
dev,5,G,2024-01-23,11:50,NIFTY,2024-01-25,PE,21600,OTM1,2,False,21473.2400,196.9500,117.8500,172.8000,0.0000,0.0000,0.6900,1.2450,172.8000,1,,,-0.3818,0.1871,-0.6561,-29.4847,,,,,31.6324,18.4971,41.0510,-5.9152,134.8312,-5.9152,-0.3746,session_end
dev,5,G,2024-01-19,12:55,NIFTY,2024-01-25,CE,21700,OTM1,6,True,21648.8600,124.4500,105.6500,122.4500,0.0000,0.0000,1.2990,1.2720,122.4500,1,,,0.1422,0.1330,0.4484,-12.5580,31.6138,16.0374,,30.0000,7.3524,9.2025,11.7316,-3.8168,15.1065,-8.9192,0.1250,failed_base
dev,5,G,2024-01-20,12:35,NIFTY,2024-01-25,PE,21700,ATM,5,True,21661.5200,151.2500,129.1500,142.0000,0.0000,0.0000,1.9250,1.1050,142.0000,1,,,-0.1654,0.1281,-0.5430,-13.3695,32.9849,19.9709,,15.0000,-2.8760,-10.2821,13.5537,-11.1405,39.8347,-11.1405,0.0300,failed_base
dev,5,G,2024-01-20,15:00,NIFTY,2024-01-25,PE,21700,ATM,5,True,21621.0200,173.9500,137.9500,163.0000,0.0000,0.0000,1.5770,1.3150,163.0000,1,,,-0.1578,0.1291,-0.5917,-13.2732,53.3164,,,15.0000,-2.0121,4.4978,21.5867,-6.4674,21.5867,-6.4674,0.0213,session_end
dev,5,G,2024-01-23,11:50,NIFTY,2024-01-25,PE,21700,ATM,2,False,21473.2400,268.7500,171.6500,240.7500,0.0000,0.0000,0.5370,0.7340,240.7500,1,,,-0.3818,0.1872,-0.7650,-23.0598,,,,,25.8977,13.8809,33.4140,-5.0419,107.6837,-5.0419,-0.3746,session_end
dev,5,G,2024-01-19,12:55,NIFTY,2024-01-25,CE,21800,OTM2,6,True,21648.8600,84.4000,71.5000,83.1000,0.0000,0.0000,1.2660,1.2110,83.1000,1,,,0.1422,0.1320,0.3446,-11.5281,33.0070,18.0336,,30.0000,7.5829,10.7521,12.6777,-4.2062,14.9289,-9.9526,0.1250,failed_base
dev,5,G,2024-01-20,12:35,NIFTY,2024-01-25,PE,21800,ITM1,5,True,21661.5200,210.0000,182.1000,198.9000,0.0000,0.0000,1.7540,1.3910,198.9000,1,,,-0.1654,0.1259,-0.6620,-11.9779,28.6381,16.9477,,15.0000,-2.6190,-4.2792,11.5476,-9.1905,34.5000,-9.1905,0.0300,failed_base
dev,5,G,2024-01-20,15:00,NIFTY,2024-01-25,PE,21800,ITM1,5,True,21621.0200,239.5500,194.6500,224.9000,0.0000,0.0000,1.3940,1.4900,224.9000,1,,,-0.1578,0.1293,-0.7034,-11.6515,45.1066,,,15.0000,-2.7760,3.0864,17.9086,-5.4060,17.9086,-5.4060,0.0213,session_end
dev,5,G,2024-01-23,11:50,NIFTY,2024-01-25,PE,21800,ITM1,2,False,21473.2400,350.5000,240.0500,320.4500,0.0000,0.0000,0.5840,0.7150,320.4500,1,,,-0.3818,0.1881,-0.8501,-15.9325,,,,,21.4265,22.4256,27.4465,-4.1084,86.9900,-4.1084,-0.3746,session_end
dev,5,G,2024-01-29,12:25,NIFTY,2024-02-01,CE,21400,ITM1,3,False,21718.0200,395.8000,331.8000,390.0000,0.0000,0.0000,1.1080,0.4260,390.0000,1,,,0.1534,0.2482,0.7428,-26.8949,32.9114,12.2222,,45.0000,4.2446,7.5494,5.3815,-5.2425,14.4517,-5.2425,0.1078,stalled
dev,5,G,2024-01-31,11:15,NIFTY,2024-02-01,CE,21400,ITM1,1,False,21705.9300,338.4000,264.8000,326.3500,0.0000,0.0000,0.2800,0.6330,326.3500,1,,,0.3845,0.2728,0.8221,-32.0851,46.5257,19.6521,,60.0000,7.2695,5.7533,11.7317,-4.4031,15.4846,-12.5148,0.1232,failed_base
dev,5,G,2024-01-31,14:50,NIFTY,2024-02-01,CE,21400,ITM1,1,False,21719.4700,347.0000,304.6500,342.7500,0.0000,0.0000,1.0630,1.4490,342.7500,1,,,0.1166,0.2828,0.8400,-27.5296,28.2784,13.2293,,25.0000,2.9107,0.5581,12.6225,-5.8501,12.6225,-5.8501,0.0363,failed_base
dev,5,G,2024-01-29,12:25,NIFTY,2024-02-01,CE,21500,ATM,3,False,21718.0200,321.1500,262.7500,315.3500,0.0000,0.0000,0.8050,0.5000,315.3500,1,,,0.1534,0.2419,0.6775,-29.8344,38.4396,14.2268,,45.0000,4.8887,7.6828,5.8695,-6.2743,15.8026,-6.2743,0.1078,stalled
dev,5,G,2024-01-31,11:15,NIFTY,2024-02-01,CE,21500,ATM,1,False,21705.9300,258.0500,197.2000,247.6500,0.0000,0.0000,0.3310,0.6410,247.6500,1,,,0.3845,0.2657,0.7386,-49.3843,54.1582,23.1908,,60.0000,8.6999,8.1943,14.2996,-5.1734,17.8066,-14.9002,0.1232,failed_base
dev,5,G,2024-01-31,14:50,NIFTY,2024-02-01,CE,21500,ATM,1,False,21719.4700,263.3500,226.5500,259.6000,0.0000,0.0000,1.1220,1.6340,259.6000,1,,,0.1166,0.2710,0.7621,-43.8791,33.7453,,,25.0000,4.0440,-1.0556,15.0560,-6.9679,15.0560,-6.9679,0.0363,session_end
dev,5,G,2024-02-01,11:25,NIFTY,2024-02-01,PE,21500,OTM2,0,False,21719.7000,29.7000,15.7500,23.8000,0.0000,0.0000,2.0290,3.4660,23.8000,1,,,-0.2503,0.5638,-0.2001,-29.7000,233.3333,65.1429,,0.0000,-33.6700,-14.5899,20.7071,-38.3838,20.7071,-99.8316,0.1825,failed_base
dev,5,G,2024-01-29,12:40,NIFTY,2024-02-01,CE,21600,OTM1,3,False,21727.7700,256.5000,200.6500,248.0000,0.0000,0.0000,0.9470,0.5020,248.0000,1,,,0.1984,0.2326,0.6119,-31.1521,45.6018,16.0363,,30.0000,5.0682,7.8109,13.8986,-2.2222,16.3743,-4.3665,0.0578,next_wave
dev,5,G,2024-01-31,11:05,NIFTY,2024-02-01,CE,21600,OTM1,1,False,21681.4700,173.5500,124.8000,172.0000,0.0000,0.0000,0.3530,0.5750,172.0000,1,,,0.4212,0.2619,0.6024,-71.9857,84.2147,32.0792,,70.0000,24.4598,22.7957,26.6782,0.1152,32.4690,-10.7174,0.2750,failed_base
dev,5,G,2024-01-31,14:50,NIFTY,2024-02-01,CE,21600,OTM1,1,False,21719.4700,191.4000,159.9500,187.2500,0.0000,0.0000,1.0970,1.4010,187.2500,1,,,0.1166,0.2673,0.6538,-71.7764,41.4192,,,25.0000,5.6949,4.6183,18.1818,-8.6991,18.1818,-8.6991,0.0363,session_end
dev,5,G,2024-01-30,12:50,NIFTY,2024-02-01,PE,21600,OTM2,2,False,21702.5900,117.2500,92.0000,110.7500,0.0000,0.0000,1.7230,1.2620,110.7500,1,,,-0.2027,0.2489,-0.3974,-42.9566,36.5761,19.5782,,40.0000,-3.2836,0.5024,3.0704,-13.0064,67.2068,-13.8166,0.0218,failed_base
dev,5,G,2024-01-30,14:25,NIFTY,2024-02-01,PE,21600,OTM2,2,False,21664.7000,129.2000,101.0500,125.6500,0.0000,0.0000,1.7510,2.0990,125.6500,1,,,-0.2032,0.2469,-0.4319,-44.6253,,,,,34.4814,27.0463,40.5960,-1.4706,51.7415,-1.4706,-0.4630,session_end
dev,5,G,2024-02-01,11:25,NIFTY,2024-02-01,PE,21600,OTM1,0,False,21719.7000,49.4000,25.0500,39.2000,0.0000,0.0000,2.0390,3.8660,39.2000,1,,,-0.2503,0.5243,-0.3107,-49.4000,226.7465,60.9041,,0.0000,-39.1700,-30.3006,17.3077,-43.2186,17.3077,-99.8988,0.1825,failed_base
dev,5,G,2024-01-29,12:40,NIFTY,2024-02-01,CE,21700,OTM2,3,False,21727.7700,195.0000,147.0000,188.3000,0.0000,0.0000,1.4580,0.7850,188.3000,1,,,0.1984,0.2259,0.5283,-31.6820,55.5782,18.6926,,30.0000,6.7436,6.9423,17.2821,-2.5641,20.1026,-4.6410,0.0578,stalled
dev,5,G,2024-01-31,10:40,NIFTY,2024-02-01,CE,21700,OTM2,1,False,21678.4700,117.7000,77.0000,111.3000,0.0000,0.0000,1.1530,1.3430,111.3000,1,,,0.4296,0.2583,0.4761,-75.2762,115.5844,37.4699,,95.0000,14.7833,14.0604,18.6066,-10.6627,41.0365,-11.8097,0.1582,failed_base
dev,5,G,2024-01-31,14:50,NIFTY,2024-02-01,CE,21700,OTM2,1,False,21719.4700,132.0500,107.5000,128.9000,0.0000,0.0000,1.1890,1.4440,128.9000,1,,,0.1166,0.2657,0.5281,-100.7576,,,,,9.0117,15.4694,22.1507,-10.1477,22.1507,-10.1477,0.0363,session_end
dev,5,G,2024-01-30,12:50,NIFTY,2024-02-01,PE,21700,OTM1,2,False,21702.5900,159.2500,128.0000,152.1000,0.0000,0.0000,1.6090,1.3690,152.1000,1,,,-0.2027,0.2439,-0.4935,-44.0496,32.4609,17.5464,,40.0000,-2.7316,1.9236,2.7002,-11.7739,62.1978,-12.2135,0.0218,failed_base
dev,5,G,2024-01-30,14:25,NIFTY,2024-02-01,PE,21700,OTM1,2,False,21664.7000,175.7000,139.8000,169.5500,0.0000,0.0000,1.1280,1.4860,169.5500,1,,,-0.2032,0.2432,-0.5318,-44.6134,,,,,31.1895,25.3112,35.4297,-1.4229,47.0120,-1.4229,-0.4630,session_end
dev,5,G,2024-02-01,11:25,NIFTY,2024-02-01,PE,21700,ATM,0,False,21719.7000,84.4000,46.4000,73.1500,0.0000,0.0000,2.0160,3.4340,73.1500,1,,,-0.2366,0.5023,-0.4645,-83.7290,182.5431,57.7803,,0.0000,-38.0332,-39.4402,12.9739,-41.5877,12.9739,-98.1043,0.1825,failed_base
dev,5,G,2024-01-30,12:50,NIFTY,2024-02-01,PE,21800,ATM,2,False,21702.5900,210.5500,172.4000,202.4500,0.0000,0.0000,1.2900,1.2900,202.4500,1,,,-0.2027,0.2381,-0.5939,-41.3137,29.1473,15.5176,,40.0000,-2.8259,-0.1387,2.1135,-10.5438,56.6849,-10.6626,0.0218,failed_base
dev,5,G,2024-01-30,14:25,NIFTY,2024-02-01,PE,21800,ATM,2,False,21664.7000,231.3500,188.1000,222.6500,0.0000,0.0000,0.8230,1.3390,222.6500,1,,,-0.2032,0.2380,-0.6331,-40.3884,,,,,28.2905,25.0587,31.6188,-1.3183,42.5978,-1.3183,-0.4630,session_end
dev,5,G,2024-01-30,10:55,NIFTY,2024-02-01,PE,21900,ITM1,2,False,21729.6600,263.6000,211.6000,256.1000,0.0000,0.0000,0.9250,0.9440,256.1000,1,,,-0.2370,0.2443,-0.6563,-38.5074,35.1134,17.3312,,20.0000,4.7989,11.2465,8.4598,-6.5819,55.5387,-13.6381,-0.1252,failed_base
dev,5,G,2024-01-30,12:50,NIFTY,2024-02-01,PE,21900,ITM1,2,False,21702.5900,272.7000,227.6500,263.7500,0.0000,0.0000,0.8400,1.3530,263.7500,1,,,-0.2027,0.2335,-0.6916,-35.4045,25.9389,13.6554,,40.0000,-2.5303,-0.9486,1.7602,-9.5710,50.3484,-9.5710,0.0218,failed_base
dev,5,G,2024-01-30,14:25,NIFTY,2024-02-01,PE,21900,ITM1,2,False,21664.7000,297.9000,247.5500,286.8500,0.0000,0.0000,0.9130,1.8580,286.8500,1,,,-0.2032,0.2342,-0.7280,-33.2823,,,,,25.7133,22.7227,28.1638,-1.1749,37.6301,-1.1749,-0.4630,session_end
dev,5,G,2024-02-05,14:30,NIFTY,2024-02-08,PE,21600,OTM2,3,False,21890.1500,43.2500,34.9000,42.3000,0.0000,0.0000,2.4780,1.6000,42.3000,1,,,-0.2930,0.1822,-0.2086,-17.5992,214.0401,,,25.0000,128.4393,78.0692,153.4104,-1.6185,153.4104,-1.6185,-0.8314,session_end
dev,5,G,2024-02-06,11:40,NIFTY,2024-02-08,CE,21700,ITM1,2,False,21888.5300,250.2500,166.6500,230.4000,0.0000,0.0000,1.3520,1.7920,230.4000,1,,,0.2481,0.2030,0.7126,-29.3923,67.6268,16.3057,,65.0000,-0.7193,0.0087,2.5974,-7.6923,20.5594,-7.6923,0.0083,stalled
dev,5,G,2024-02-02,12:35,NIFTY,2024-02-08,PE,21700,OTM2,6,True,21973.8200,61.4500,41.1000,48.0000,0.0000,0.0000,5.3720,1.9880,48.0000,1,,,-0.5431,0.1446,-0.2483,-10.8758,109.6107,29.4254,73.4375,10.0000,12.7746,8.6649,40.1953,-1.0578,71.6029,-1.0578,-0.0806,next_wave
dev,5,G,2024-02-05,14:30,NIFTY,2024-02-08,PE,21700,OTM1,3,False,21890.1500,66.1500,52.7000,63.4000,0.0000,0.0000,3.3130,1.9370,63.4000,1,,,-0.2930,0.1781,-0.2928,-21.4177,192.0304,,,25.0000,113.9834,73.3504,132.6531,-2.2676,132.6531,-2.2676,-0.8314,session_end
dev,5,G,2024-02-02,11:20,NIFTY,2024-02-08,CE,21800,ITM1,6,True,22082.6400,349.4500,264.9500,299.4000,0.0000,0.0000,2.2620,1.9550,299.4000,1,,,0.3513,0.1520,0.7451,-11.5298,56.0861,30.4558,,30.0000,6.8536,1.3949,18.3431,-0.2719,18.3431,-45.5716,0.1131,failed_base
dev,5,G,2024-02-06,11:40,NIFTY,2024-02-08,CE,21800,ATM,2,False,21888.5300,181.1000,124.3000,167.1500,0.0000,0.0000,1.1980,1.7920,167.1500,1,,,0.4116,0.1972,0.6080,-33.6114,67.2566,19.4324,,65.0000,-0.6074,1.2964,3.3407,-9.1662,24.2131,-9.1662,0.0083,stalled
dev,5,G,2024-02-05,14:30,NIFTY,2024-02-08,PE,21800,ATM,3,False,21890.1500,99.2500,78.7000,93.9000,0.0000,0.0000,3.2890,2.1640,93.9000,1,,,-0.2930,0.1757,-0.3952,-24.2325,168.0432,,,25.0000,97.3300,62.2621,112.5441,-1.7128,112.5441,-1.7128,-0.8314,session_end
dev,5,G,2024-02-07,11:40,NIFTY,2024-02-08,PE,21800,OTM2,1,False,21868.1200,68.9000,32.0500,50.4500,0.0000,0.0000,4.0530,3.6030,50.4500,1,,,-0.5862,0.2022,-0.3899,-56.5255,157.2543,44.3905,,25.0000,-7.2569,-17.7199,19.6662,-17.1263,19.6662,-73.8026,0.0144,failed_base
dev,5,G,2024-02-08,14:10,NIFTY,2024-02-08,PE,21800,OTM2,0,False,21720.7500,83.0000,29.8000,51.6500,0.0000,0.0000,1.3130,1.9450,51.6500,1,,,-0.2521,0.2469,-0.8838,-3.7502,388.4228,,,55.0000,50.0602,62.1202,65.9639,-10.2410,75.3614,-10.2410,-0.2049,session_end
dev,5,G,2024-02-02,11:20,NIFTY,2024-02-08,CE,21900,ATM,6,True,22082.6400,274.3000,198.0000,229.0500,0.0000,0.0000,2.1210,1.8550,229.0500,1,,,0.3513,0.1470,0.6708,-12.7311,69.2929,34.6510,,30.0000,8.0569,1.7776,22.2020,-0.2734,22.2020,-50.4557,0.1131,failed_base
dev,5,G,2024-02-06,11:40,NIFTY,2024-02-08,CE,21900,OTM1,2,False,21888.5300,123.9500,83.0500,115.7000,0.0000,0.0000,2.3490,2.7140,115.7000,1,,,0.4116,0.1930,0.4887,-34.5851,75.3763,23.3780,,65.0000,-1.0085,2.4006,3.6708,-11.0932,26.9867,-11.0932,0.0083,stalled
dev,5,G,2024-02-07,13:45,NIFTY,2024-02-08,CE,21900,ITM1,1,False,21928.4600,101.4000,69.9500,93.2500,0.0000,0.0000,2.7040,1.9160,93.2500,1,,,0.2377,0.1824,0.5541,-61.8362,61.2580,27.5266,,5.0000,20.5128,16.6518,28.0079,-19.3787,34.2702,-19.3787,0.1882,failed_base
dev,5,G,2024-02-05,14:30,NIFTY,2024-02-08,PE,21900,ITM1,3,False,21890.1500,143.2500,113.8500,135.0000,0.0000,0.0000,2.5890,2.0390,135.0000,1,,,-0.2930,0.1735,-0.5079,-24.9535,145.0593,,,25.0000,81.6056,54.8049,94.7644,-1.6754,94.7644,-1.6754,-0.8314,session_end
dev,5,G,2024-02-07,11:40,NIFTY,2024-02-08,PE,21900,OTM1,1,False,21868.1200,115.2500,55.0500,85.6000,0.0000,0.0000,3.8420,3.9290,85.6000,1,,,-0.5862,0.2002,-0.5490,-60.5627,144.5958,36.7620,,25.0000,-5.4664,-15.5205,16.8330,-14.6204,16.8330,-66.5510,0.0144,failed_base
dev,5,G,2024-02-08,14:00,NIFTY,2024-02-08,PE,21900,OTM1,0,False,21761.0000,140.2000,107.8500,138.8000,0.0000,0.0000,1.5220,2.2460,138.8000,1,,,-0.0673,0.2745,-0.9617,-1.1984,127.1674,,,65.0000,40.5492,22.5886,51.7832,-2.3538,74.7504,-2.3538,-0.2658,session_end
dev,5,G,2024-02-02,11:20,NIFTY,2024-02-08,CE,22000,OTM1,6,True,22082.6400,207.2000,140.7000,167.0500,0.0000,0.0000,4.4300,2.1540,167.0500,1,,,0.3513,0.1423,0.5832,-13.4110,87.9886,39.5085,,30.0000,9.5319,2.1103,27.6544,-0.3620,27.6544,-54.9710,0.1131,failed_base
dev,5,G,2024-02-06,11:40,NIFTY,2024-02-08,CE,22000,OTM2,2,False,21888.5300,78.8000,52.0500,76.1000,0.0000,0.0000,1.9900,2.1810,76.1000,1,,,0.4116,0.1884,0.3655,-31.1516,84.7262,27.7691,,65.0000,-0.8249,3.9695,4.8858,-12.8173,30.0761,-12.8173,0.0083,failed_base
dev,5,G,2024-02-07,13:45,NIFTY,2024-02-08,CE,22000,ATM,1,False,21928.4600,56.4000,37.3500,52.2500,0.0000,0.0000,3.3690,1.9720,52.2500,1,,,0.2377,0.1843,0.3741,-53.5065,72.5569,31.8852,,5.0000,21.8085,18.7442,30.7624,-22.1631,37.6773,-22.1631,0.1882,failed_base
dev,5,G,2024-02-08,14:00,NIFTY,2024-02-08,PE,22000,ATM,0,False,21761.0000,239.8500,203.2500,236.2500,0.0000,0.0000,1.0950,1.7630,236.2500,1,,,-0.0673,0.4062,-0.9799,-0.8484,70.0369,,,65.0000,23.8899,22.8195,30.4148,-1.6052,44.0901,-1.6052,-0.2658,session_end
dev,5,G,2024-02-02,11:20,NIFTY,2024-02-08,CE,22100,OTM2,6,True,22082.6400,149.8500,95.6000,116.5500,0.0000,0.0000,5.1060,2.9630,116.5500,1,,,0.3513,0.1383,0.4856,-13.3540,111.5063,44.1642,,30.0000,12.1121,4.0723,34.9349,-0.6340,34.9349,-59.3260,0.1131,failed_base
dev,5,G,2024-02-07,14:05,NIFTY,2024-02-08,CE,22100,OTM1,1,False,21937.6100,27.1000,18.1000,26.2000,0.0000,0.0000,1.8710,1.4750,26.2000,1,,,0.2853,0.1789,0.2234,-27.0921,111.3260,35.5556,,25.0000,-3.6900,2.5604,41.1439,-9.0406,41.1439,-28.0443,0.0243,failed_base
dev,5,G,2024-02-08,14:00,NIFTY,2024-02-08,PE,22100,ITM1,0,False,21761.0000,339.3500,301.6500,335.6000,0.0000,0.0000,1.4610,1.9020,335.6000,1,,,-0.0673,0.4871,-0.9923,-0.3484,47.5220,,,65.0000,17.1357,17.6088,21.7475,-1.0314,31.1330,-1.0314,-0.2658,session_end
dev,5,G,2024-02-07,14:15,NIFTY,2024-02-08,CE,22200,OTM2,1,False,21969.7300,13.4500,8.2000,11.4500,0.0000,0.0000,2.0200,1.7640,11.4500,1,,,0.4321,0.1730,0.1317,-13.4500,95.7317,38.3178,,15.0000,-27.5093,-27.5129,19.3309,-39.7770,19.3309,-42.7509,-0.1301,failed_base
dev,5,G,2024-02-14,12:35,NIFTY,2024-02-15,CE,21500,ITM1,1,False,21671.0700,202.9000,125.2500,168.2000,0.0000,0.0000,2.0240,2.1680,168.2000,1,,,0.3514,0.1960,0.7686,-31.4691,90.0200,28.4244,151.2181,40.0000,15.0813,12.5632,16.4120,-6.9985,110.9167,-16.0424,0.1829,next_wave
dev,5,G,2024-02-13,12:20,NIFTY,2024-02-15,PE,21500,OTM2,2,False,21638.1100,64.0000,39.6500,56.6500,0.0000,0.0000,2.4550,2.6100,56.6500,1,,,-0.5378,0.1836,-0.3214,-28.3857,87.1375,34.9057,,15.0000,0.0000,5.8672,15.9375,-7.7344,15.9375,-53.1250,-0.0069,failed_base
dev,5,G,2024-02-09,14:25,NIFTY,2024-02-15,CE,21600,ITM1,6,True,21788.4800,276.0000,235.7500,272.0000,0.0000,0.0000,1.2100,2.3560,272.0000,1,,,0.0699,0.1484,0.6782,-12.6932,21.2089,11.7585,,0.0000,-0.9239,0.9862,2.5725,-5.2899,5.2899,-8.6413,-0.0064,failed_base
dev,5,G,2024-02-14,12:35,NIFTY,2024-02-15,CE,21600,ATM,1,False,21671.0700,129.7000,71.2500,101.3500,0.0000,0.0000,2.0900,2.2840,101.3500,1,,,0.3514,0.1876,0.6258,-51.9705,123.3684,35.8781,225.7717,40.0000,19.2367,16.4027,21.2413,-9.5991,156.3223,-21.3184,0.1829,next_wave
dev,5,G,2024-02-12,12:10,NIFTY,2024-02-15,PE,21600,OTM2,3,False,21630.9700,125.7500,76.1000,104.0000,0.0000,0.0000,4.1930,1.2860,104.0000,1,,,-0.2986,0.1760,-0.4615,-24.4199,76.6754,27.7427,,5.0000,-19.2048,-25.2085,1.7495,-22.8231,27.5944,-26.2823,0.2379,failed_base
dev,5,G,2024-02-13,12:20,NIFTY,2024-02-15,PE,21600,OTM1,2,False,21638.1100,100.5500,62.4000,88.1500,0.0000,0.0000,2.5450,2.5920,88.1500,1,,,-0.5378,0.1800,-0.4461,-31.8154,82.6923,31.2719,,15.0000,-0.1989,5.3380,13.3764,-7.3595,13.3764,-51.0691,-0.0069,failed_base
dev,5,G,2024-02-09,14:25,NIFTY,2024-02-15,CE,21700,ATM,6,True,21788.4800,210.8000,175.9500,207.0000,0.0000,0.0000,1.1690,1.9960,207.0000,1,,,0.0699,0.1460,0.5888,-13.6819,24.4103,13.8191,,0.0000,-1.3283,0.5176,2.5142,-6.0721,5.3131,-10.5076,-0.0064,failed_base
dev,5,G,2024-02-14,12:35,NIFTY,2024-02-15,CE,21700,OTM1,1,False,21671.0700,72.0500,34.7500,51.9500,0.0000,0.0000,4.3590,3.1900,51.9500,1,,,0.3514,0.1788,0.4483,-55.9589,173.3813,45.5263,367.8261,40.0000,26.2318,22.8077,29.0770,-12.1443,236.0167,-28.1749,0.1829,next_wave
dev,5,G,2024-02-12,12:10,NIFTY,2024-02-15,PE,21700,OTM1,3,False,21630.9700,175.8000,113.7000,148.9000,0.0000,0.0000,2.6970,1.3240,148.9000,1,,,-0.2986,0.1730,-0.5752,-23.5871,63.9402,24.1685,,5.0000,-17.1502,-23.2366,1.9909,-19.7952,22.6678,-23.4073,0.2379,failed_base
dev,5,G,2024-02-13,12:20,NIFTY,2024-02-15,PE,21700,ATM,2,False,21638.1100,150.4500,95.5500,129.8000,0.0000,0.0000,1.5700,2.3490,129.8000,1,,,-0.4735,0.1770,-0.5807,-30.7499,74.4636,26.9646,,15.0000,-0.2991,5.2926,10.8009,-6.4806,10.8009,-48.0891,-0.0069,failed_base
dev,5,G,2024-02-09,14:25,NIFTY,2024-02-15,CE,21800,OTM1,6,True,21788.4800,154.3000,125.6000,150.9000,0.0000,0.0000,1.9790,2.8380,150.9000,1,,,0.0699,0.1431,0.4917,-13.7990,27.9459,15.4636,,0.0000,-1.7174,0.6101,2.7868,-6.9669,5.2171,-11.9572,-0.0064,failed_base
dev,5,G,2024-02-14,12:35,NIFTY,2024-02-15,CE,21800,OTM2,1,False,21671.0700,33.2500,15.1500,22.1000,0.0000,0.0000,4.2320,3.2160,22.1000,1,,,0.3514,0.1708,0.2670,-32.5063,212.8713,56.0127,664.9880,40.0000,34.5865,30.1978,38.6466,-15.1880,379.6992,-37.2932,0.1829,next_wave
dev,5,G,2024-02-15,13:45,NIFTY,2024-02-15,CE,21800,ITM1,0,False,21955.0000,161.3500,61.1000,92.7000,0.0000,0.0000,2.0730,2.3060,92.7000,1,,,0.4481,0.4024,0.8941,-6.3506,175.1227,49.8215,,20.0000,-27.6418,-31.4706,4.1835,-27.6418,4.1835,-50.0465,-0.1854,failed_base
dev,5,G,2024-02-12,12:10,NIFTY,2024-02-15,PE,21800,ATM,3,False,21630.9700,238.6500,162.0500,205.6000,0.0000,0.0000,2.1480,1.0940,205.6000,1,,,-0.2986,0.1719,-0.6841,-20.8181,54.5202,21.4058,,5.0000,-15.7343,-21.7179,1.3618,-17.9342,17.8295,-21.2864,0.2379,failed_base
dev,5,G,2024-02-13,12:20,NIFTY,2024-02-15,PE,21800,ITM1,2,False,21638.1100,213.7500,141.0000,186.0000,0.0000,0.0000,1.3660,1.8640,186.0000,1,,,-0.4735,0.1740,-0.7098,-25.1872,65.3901,23.3276,,15.0000,-0.1404,4.6878,9.0994,-5.5906,9.0994,-43.8596,-0.0069,failed_base
dev,5,G,2024-02-09,12:25,NIFTY,2024-02-15,CE,21900,OTM2,6,True,21761.2600,106.1500,76.0000,100.7500,0.0000,0.0000,0.7060,0.7500,100.7500,1,,,0.2034,0.1476,0.3730,-13.3276,48.2237,15.5792,,15.0000,-4.6161,-5.1837,6.1234,-6.5473,7.4423,-19.3594,-0.0089,failed_base
dev,5,G,2024-02-09,14:25,NIFTY,2024-02-15,CE,21900,OTM2,6,True,21788.4800,108.0000,85.6000,105.2000,0.0000,0.0000,1.5180,2.0940,105.2000,1,,,0.0699,0.1406,0.3919,-13.0150,32.2430,17.0053,,0.0000,-2.1296,1.2686,3.3796,-7.7778,5.6019,-13.0093,-0.0064,failed_base
dev,5,G,2024-02-15,13:45,NIFTY,2024-02-15,CE,21900,ATM,0,False,21955.0000,72.6500,12.6500,25.2500,0.0000,0.0000,3.4270,3.4420,25.2500,1,,,0.4481,0.3167,0.7131,-17.6506,514.6245,82.7653,,5.0000,-52.5809,-62.8863,5.7123,-52.5809,5.7123,-94.1500,-0.1854,failed_base
dev,5,G,2024-02-12,12:10,NIFTY,2024-02-15,PE,21900,ITM1,3,False,21630.9700,311.4000,223.9000,274.1000,0.0000,0.0000,2.3890,1.5550,274.1000,1,,,-0.2986,0.1702,-0.7804,-16.4515,45.2657,18.4935,,5.0000,-13.5999,-18.8712,1.4772,-15.3821,14.8202,-18.7540,0.2379,failed_base
dev,5,G,2024-02-15,13:45,NIFTY,2024-02-15,CE,22000,OTM1,0,False,21955.0000,21.2500,2.8500,6.0000,0.0000,0.0000,5.8480,3.2040,6.0000,1,,,0.4481,0.3209,0.3266,-21.2500,715.7895,81.9355,,5.0000,-71.0588,-109.9126,6.3529,-71.5294,6.3529,-99.7647,-0.1854,failed_base
dev,5,G,2024-02-22,13:45,NIFTY,2024-02-22,CE,21900,ITM1,0,False,22007.0000,111.6000,39.7500,73.2500,0.0000,0.0000,1.9710,2.1290,73.2500,1,,,0.2362,0.2806,0.8908,-4.6013,,,,,34.6326,30.6215,84.9462,-7.5717,194.8029,-7.5717,0.1879,session_end
dev,5,G,2024-02-20,13:20,NIFTY,2024-02-22,PE,21900,OTM2,2,False,22135.7800,41.2000,34.3000,39.8000,0.0000,0.0000,1.6340,1.2070,39.8000,1,,,-0.1350,0.1886,-0.2244,-23.6436,24.4898,17.6815,,5.0000,-12.5000,-7.5011,1.2136,-15.2913,30.7039,-34.1019,0.1111,failed_base
dev,5,G,2024-02-20,14:10,NIFTY,2024-02-22,PE,21900,OTM2,2,False,22107.3700,42.9500,34.9000,42.7000,0.0000,0.0000,3.7060,5.3770,42.7000,1,,,-0.2149,0.1806,-0.2413,-24.1089,54.2980,24.2340,,5.0000,-15.7159,-19.6770,5.5879,-25.1455,5.5879,-36.7870,0.1588,failed_base
dev,5,G,2024-02-19,14:30,NIFTY,2024-02-22,CE,22000,ITM1,3,False,22209.9600,273.5500,230.3500,264.7500,0.0000,0.0000,1.6070,2.4200,264.7500,1,,,0.1638,0.1804,0.7204,-21.3674,21.1200,8.9785,,5.0000,-16.4504,-15.3019,0.4752,-19.0459,0.4752,-31.5847,-0.2640,failed_base
dev,5,G,2024-02-20,12:05,NIFTY,2024-02-22,CE,22000,ITM1,2,False,22168.3800,227.1500,157.0000,204.3500,0.0000,0.0000,2.3950,1.1280,204.3500,1,,,0.4570,0.1859,0.7060,-27.7940,53.2166,17.2729,,15.0000,-4.4244,-3.1933,5.8992,-7.7042,10.8078,-32.6877,-0.0498,failed_base
dev,5,G,2024-02-20,13:20,NIFTY,2024-02-22,PE,22000,OTM1,2,False,22135.7800,65.2500,53.8000,63.2000,0.0000,0.0000,1.9560,1.0910,63.2000,1,,,-0.1350,0.1820,-0.3249,-29.3308,25.3717,17.4944,,5.0000,-12.2605,-6.0246,1.5326,-15.1724,31.2644,-33.6398,0.1111,failed_base
dev,5,G,2024-02-20,14:10,NIFTY,2024-02-22,PE,22000,OTM1,2,False,22107.3700,68.9500,55.3500,67.4500,0.0000,0.0000,4.3030,5.0980,67.4500,1,,,-0.2149,0.1738,-0.3519,-29.4966,54.7425,31.2901,,5.0000,-15.3009,-18.4427,6.1639,-24.2930,6.1639,-37.2009,0.1588,failed_base
dev,5,G,2024-02-21,13:55,NIFTY,2024-02-22,PE,22000,OTM2,1,False,22154.2600,32.6000,15.4000,21.7500,0.0000,0.0000,3.0060,3.9680,21.7500,1,,,-0.2836,0.1877,-0.2438,-32.5530,222.0779,38.9113,225.5776,15.0000,98.1595,62.9099,107.5153,-15.9509,202.6074,-15.9509,-0.4831,next_wave
dev,5,G,2024-02-19,14:30,NIFTY,2024-02-22,CE,22100,ATM,3,False,22209.9600,202.2000,165.5500,195.0000,0.0000,0.0000,1.7770,2.2480,195.0000,1,,,0.1638,0.1742,0.6252,-23.8864,24.9471,10.7324,,5.0000,-19.2136,-17.4583,0.6182,-21.9337,0.6182,-36.3254,-0.2640,failed_base
dev,5,G,2024-02-20,12:05,NIFTY,2024-02-22,CE,22100,ATM,2,False,22168.3800,159.2500,104.8000,141.6000,0.0000,0.0000,2.1080,1.1160,141.6000,1,,,0.4570,0.1805,0.5909,-31.7952,62.2137,20.1765,,15.0000,-5.5259,-5.9902,6.7504,-9.5133,11.7425,-38.3046,-0.0498,failed_base
dev,5,G,2024-02-21,11:50,NIFTY,2024-02-22,CE,22100,ITM1,1,False,22205.2000,150.3000,118.9000,147.8000,0.0000,0.0000,0.8130,1.4870,147.8000,1,,,0.1892,0.1770,0.6851,-41.5392,47.0563,20.7892,,75.0000,4.2914,2.9378,7.8842,-5.7219,16.3340,-79.9069,0.0548,failed_base
dev,5,G,2024-02-20,13:20,NIFTY,2024-02-22,PE,22100,ATM,2,False,22135.7800,100.9500,82.4000,97.6000,0.0000,0.0000,1.8290,1.1650,97.6000,1,,,-0.1350,0.1767,-0.4491,-32.4276,25.9102,16.2410,,5.0000,-12.2833,-8.0635,0.9906,-15.0570,29.1729,-32.6399,0.1111,failed_base
dev,5,G,2024-02-20,14:10,NIFTY,2024-02-22,PE,22100,ATM,2,False,22107.3700,107.8500,85.7500,103.7500,0.0000,0.0000,4.3260,6.1990,103.7500,1,,,-0.2149,0.1685,-0.4868,-31.5681,52.0700,28.9110,,5.0000,-14.8818,-15.9669,5.2388,-23.8294,5.2388,-36.9495,0.1588,failed_base
dev,5,G,2024-02-21,13:55,NIFTY,2024-02-22,PE,22100,OTM1,1,False,22154.2600,60.3000,34.0000,47.6500,0.0000,0.0000,3.5450,4.5180,47.6500,1,,,-0.2618,0.1775,-0.3972,-56.1250,157.0588,34.8970,188.9279,15.0000,90.2985,57.1924,97.2637,-12.6866,172.6368,-12.6866,-0.4831,next_wave
dev,5,G,2024-02-19,14:30,NIFTY,2024-02-22,CE,22200,OTM1,3,False,22209.9600,140.8000,111.7000,135.8000,0.0000,0.0000,2.4780,2.6020,135.8000,1,,,0.1638,0.1680,0.5144,-24.5005,29.6329,13.1215,,5.0000,-22.4077,-19.2487,0.6037,-25.8878,0.6037,-41.6903,-0.2640,failed_base
dev,5,G,2024-02-20,12:10,NIFTY,2024-02-22,CE,22200,OTM1,2,False,22183.7300,108.7500,64.5000,90.6500,0.0000,0.0000,2.1820,3.4500,90.6500,1,,,0.5266,0.1723,0.4803,-31.4630,72.3256,23.7067,,10.0000,-12.0000,-16.1768,2.2069,-17.5632,5.2414,-47.4483,-0.1190,failed_base
dev,5,G,2024-02-21,11:55,NIFTY,2024-02-22,CE,22200,ATM,1,False,22212.4000,92.9000,67.9000,88.2000,0.0000,0.0000,0.6110,0.7630,88.2000,1,,,0.2217,0.1742,0.5246,-55.1035,52.5773,20.2703,,70.0000,-1.8299,-2.2777,4.6825,-12.2713,11.5178,-85.1991,0.0219,failed_base
dev,5,G,2024-02-20,13:20,NIFTY,2024-02-22,PE,22200,ITM1,2,False,22135.7800,150.0500,122.8500,145.2500,0.0000,0.0000,1.6060,1.2660,145.2500,1,,,-0.1350,0.1721,-0.5853,-30.8783,25.0712,14.6437,,5.0000,-11.2962,-6.7268,0.9663,-13.7288,26.7244,-30.0233,0.1111,failed_base
dev,5,G,2024-02-20,14:10,NIFTY,2024-02-22,PE,22200,ITM1,2,False,22107.3700,161.7000,129.4500,153.6500,0.0000,0.0000,2.1540,3.6810,153.6500,1,,,-0.2149,0.1647,-0.6299,-28.5550,46.8907,25.8480,,5.0000,-14.3166,-15.6119,4.2053,-22.6964,4.2053,-35.0649,0.1588,failed_base
dev,5,G,2024-02-21,13:55,NIFTY,2024-02-22,PE,22200,ATM,1,False,22154.2600,106.3000,65.1000,87.1500,0.0000,0.0000,2.2540,3.5820,87.1500,1,,,-0.2618,0.1703,-0.5868,-55.4709,278.4178,,,70.0000,71.5898,45.1386,76.1054,-10.3951,131.7498,-10.3951,-0.4831,session_end
dev,5,G,2024-02-19,14:30,NIFTY,2024-02-22,CE,22300,OTM2,3,False,22209.9600,90.5500,70.0500,88.0000,0.0000,0.0000,2.2780,2.5070,88.0000,1,,,0.1638,0.1613,0.3944,-22.5334,34.5468,16.3926,,5.0000,-25.4003,-21.0665,0.8283,-29.5969,0.8283,-46.9354,-0.2640,failed_base
dev,5,G,2024-02-20,12:10,NIFTY,2024-02-22,CE,22300,OTM2,2,False,22183.7300,63.7000,37.1000,54.0000,0.0000,0.0000,2.3450,3.4210,54.0000,1,,,0.5011,0.1655,0.3421,-27.0310,75.8760,26.8199,,10.0000,-13.8932,-19.0086,2.4333,-19.8587,3.6107,-52.5903,-0.1190,failed_base
dev,5,G,2024-02-21,13:55,NIFTY,2024-02-22,PE,22300,ITM1,1,False,22154.2600,172.4500,114.9000,145.1500,0.0000,0.0000,1.8530,3.1380,145.1500,1,,,-0.2618,0.1652,-0.7671,-26.6897,194.0818,,,70.0000,53.8997,33.7697,57.0310,-7.6834,95.9409,-7.6834,-0.4831,session_end
dev,5,G,2024-02-29,11:20,NIFTY,2024-02-29,CE,21800,ITM1,0,False,21959.0500,175.3500,106.8000,163.7500,0.0000,0.0000,1.3560,1.6090,163.7500,1,,,0.4577,0.3589,0.8245,-16.3045,113.5768,37.1328,,5.0000,-4.9615,-3.6628,10.6929,-18.2207,28.0582,-41.7736,-0.0284,failed_base
dev,5,G,2024-02-29,11:20,NIFTY,2024-02-29,CE,21900,ATM,0,False,21959.0500,96.0500,54.0500,92.3500,0.0000,0.0000,1.5510,2.0770,92.3500,1,,,0.4577,0.3256,0.6490,-37.0045,161.8871,48.0749,,5.0000,-10.2030,-8.9172,14.4716,-23.4774,32.7434,-80.4269,-0.0284,failed_base
dev,5,G,2024-02-29,13:30,NIFTY,2024-02-29,CE,21900,ATM,0,False,21982.1000,95.6500,47.9000,92.3000,0.0000,0.0000,0.5370,0.7730,92.3000,1,,,0.1253,0.3221,0.7797,-13.5503,127.3486,43.0670,,30.0000,3.1887,14.8671,13.8526,-29.0120,33.2985,-80.3450,0.0371,failed_base
dev,5,G,2024-02-27,11:35,NIFTY,2024-02-29,CE,22000,ITM1,2,False,22165.7900,221.9500,177.5000,216.5500,0.0000,0.0000,0.6760,1.6940,216.5500,1,,,0.2999,0.1793,0.7089,-26.4741,28.5070,11.4862,,15.0000,-12.0072,-11.4782,2.7709,-12.7506,18.6528,-16.8506,-0.1639,failed_base
dev,5,G,2024-02-27,12:55,NIFTY,2024-02-29,CE,22000,ITM1,2,False,22207.0000,251.9000,193.6500,228.1000,0.0000,0.0000,2.3030,2.0280,228.1000,1,,,0.2992,0.1813,0.7536,-24.2778,35.9928,17.9799,,35.0000,-3.4339,-7.5681,4.5455,-6.6296,4.5455,-23.2830,-0.0378,failed_base
dev,5,G,2024-02-26,15:00,NIFTY,2024-02-29,PE,22000,OTM2,3,False,22134.1200,79.8500,61.7500,77.8000,0.0000,0.0000,1.6730,2.7630,77.8000,1,,,-0.1561,0.1706,-0.3446,-22.6274,36.5992,22.0510,,0.0000,-6.7001,-6.2907,2.8178,-17.6581,2.8178,-17.6581,0.0303,failed_base
dev,5,G,2024-02-28,13:05,NIFTY,2024-02-29,PE,22000,OTM2,1,False,21956.3200,126.0500,77.4500,102.1500,0.0000,0.0000,1.9550,3.3330,102.1500,1,,,-0.2697,0.2134,-0.5649,-68.3699,107.8760,36.8944,,10.0000,-26.9338,-36.8606,27.7271,-33.2408,27.7271,-42.7608,0.2082,failed_base
dev,5,G,2024-02-26,13:05,NIFTY,2024-02-29,CE,22100,ITM1,3,False,22134.9700,158.6000,138.0500,157.2000,0.0000,0.0000,1.5470,2.4530,157.2000,1,,,0.0699,0.1728,0.5424,-24.6703,35.7117,20.4697,,20.0000,3.7201,3.4703,18.1274,-0.1892,21.2484,-9.2055,0.0831,failed_base
dev,5,G,2024-02-27,11:40,NIFTY,2024-02-29,CE,22100,ATM,2,False,22162.2900,153.9000,120.8500,152.3000,0.0000,0.0000,0.6480,0.6840,152.3000,1,,,0.2841,0.1771,0.5843,-31.1782,33.5126,14.2237,,10.0000,-16.1468,-16.3459,4.8408,-17.7388,23.4243,-18.6485,-0.1843,failed_base
dev,5,G,2024-02-27,12:55,NIFTY,2024-02-29,CE,22100,ATM,2,False,22207.0000,180.4500,132.3000,161.3500,0.0000,0.0000,2.3730,2.0840,161.3500,1,,,0.2992,0.1779,0.6419,-30.0574,43.5752,21.6636,,35.0000,-4.3779,-4.7824,5.2646,-8.0909,5.2646,-27.4591,-0.0378,failed_base
dev,5,G,2024-02-26,15:00,NIFTY,2024-02-29,PE,22100,OTM1,3,False,22134.1200,118.6000,93.7500,115.6500,0.0000,0.0000,1.7180,2.9330,115.6500,1,,,-0.1561,0.1682,-0.4566,-24.4077,33.1733,19.6235,,0.0000,-5.5649,-5.8558,2.4030,-15.3879,2.4030,-15.3879,0.0303,failed_base
dev,5,G,2024-02-28,13:05,NIFTY,2024-02-29,PE,22100,OTM1,1,False,21956.3200,191.9000,130.3500,161.3000,0.0000,0.0000,1.8570,3.2090,161.3000,1,,,-0.2697,0.2172,-0.7056,-47.1133,79.5167,39.6154,,10.0000,-20.8181,-30.4923,21.9385,-26.3679,23.9187,-34.6795,0.2082,failed_base
dev,5,G,2024-02-26,13:05,NIFTY,2024-02-29,CE,22200,ATM,3,False,22134.9700,108.6000,93.0000,107.4500,0.0000,0.0000,1.7930,2.3430,107.4500,1,,,0.0699,0.1702,0.4287,-24.0019,40.8065,23.7113,,20.0000,3.7753,3.7278,20.5801,-0.3683,23.3886,-11.4180,0.0831,failed_base
dev,5,G,2024-02-27,11:40,NIFTY,2024-02-29,CE,22200,OTM1,2,False,22162.2900,100.6000,77.2000,100.2000,0.0000,0.0000,0.8100,0.9170,100.2000,1,,,0.2841,0.1742,0.4520,-31.3051,37.2409,17.0835,,10.0000,-18.6382,-18.5784,5.3181,-20.3280,28.2306,-21.6700,-0.1843,failed_base
dev,5,G,2024-02-27,12:55,NIFTY,2024-02-29,CE,22200,OTM1,2,False,22207.0000,120.8000,84.0500,105.9500,0.0000,0.0000,3.9240,2.5760,105.9500,1,,,0.2992,0.1743,0.5119,-32.2269,53.4801,26.2791,,35.0000,-5.3394,-8.8807,6.7881,-9.9752,6.7881,-32.6159,-0.0378,failed_base
dev,5,G,2024-02-23,13:30,NIFTY,2024-02-29,PE,22200,OTM1,6,True,22253.2900,129.9000,111.0500,128.3500,0.0000,0.0000,5.5120,1.5040,128.3500,1,,,-0.1400,0.1356,-0.4416,-13.1599,29.0860,20.1953,,5.0000,-2.2710,2.5827,3.4642,-11.9323,9.8922,-12.0477,0.0212,failed_base
dev,5,G,2024-02-28,13:05,NIFTY,2024-02-29,PE,22200,ATM,1,False,21956.3200,270.3000,199.7000,234.8500,0.0000,0.0000,1.5790,2.8780,234.8500,1,,,-0.2697,0.2217,-0.8159,-26.5947,58.7131,32.6708,,10.0000,-16.0932,-20.3591,17.2586,-21.0507,20.6807,-27.6360,0.2082,failed_base
dev,5,G,2024-02-26,13:05,NIFTY,2024-02-29,CE,22300,OTM1,3,False,22134.9700,69.8500,58.8500,69.2500,0.0000,0.0000,1.6310,1.9880,69.2500,1,,,0.0699,0.1675,0.3178,-21.0191,45.9643,20.2561,,20.0000,3.2928,3.4224,22.9778,-1.4316,25.2684,-14.0301,0.0831,failed_base
dev,5,G,2024-02-27,12:55,NIFTY,2024-02-29,CE,22300,OTM2,2,False,22207.0000,75.6000,49.1000,63.9500,0.0000,0.0000,5.8800,3.1390,63.9500,1,,,0.2992,0.1723,0.3772,-29.7917,64.7658,31.3968,,35.0000,-7.1429,-11.4612,7.0106,-13.2937,7.0106,-39.1534,-0.0378,failed_base
dev,5,G,2024-02-23,13:30,NIFTY,2024-02-29,PE,22300,ATM,6,True,22253.2900,175.4500,152.2500,173.8000,0.0000,0.0000,4.8610,1.5080,173.8000,1,,,-0.1400,0.1317,-0.5451,-12.8290,26.1741,18.2717,,5.0000,-1.6244,2.0696,3.3343,-10.5158,10.3163,-10.5158,0.0212,failed_base
dev,5,G,2024-02-28,13:05,NIFTY,2024-02-29,PE,22300,ITM1,1,False,21956.3200,358.0000,281.4500,319.8500,0.0000,0.0000,2.2260,3.2550,319.8500,1,,,-0.2697,0.2284,-0.8908,-14.3275,44.5905,27.1655,,10.0000,-12.4860,-17.4724,13.6732,-17.2067,17.2905,-22.3464,0.2082,failed_base
dev,5,G,2024-02-26,13:05,NIFTY,2024-02-29,CE,22400,OTM2,3,False,22134.9700,41.5500,34.4500,41.5000,0.0000,0.0000,2.5370,2.1660,41.5000,1,,,0.0699,0.1643,0.2181,-16.3601,51.3788,23.2982,,20.0000,3.2491,4.6618,25.5114,-1.6847,27.3165,-16.0048,0.0831,failed_base
dev,5,G,2024-02-23,13:30,NIFTY,2024-02-29,PE,22400,ITM1,6,True,22253.2900,232.2000,204.4500,229.5500,0.0000,0.0000,5.0880,1.9360,229.5500,1,,,-0.1400,0.1284,-0.6503,-11.5834,23.5999,16.6205,,5.0000,-1.3135,-1.0310,2.6916,-9.2593,10.3359,-9.2593,0.0212,failed_base
dev,5,G,2024-03-01,11:20,NIFTY,2024-03-07,CE,22000,ITM1,6,True,22266.3200,340.0000,299.1000,322.4000,0.0000,0.0000,0.6470,2.4710,322.4000,1,,,0.1976,0.1534,0.7294,-12.1353,38.1812,8.7588,,45.0000,17.5882,12.4606,20.3088,-0.2353,25.0294,-0.2353,0.2985,next_wave
dev,5,G,2024-03-01,11:20,NIFTY,2024-03-07,CE,22100,ATM,6,True,22266.3200,266.7000,230.5500,251.6000,0.0000,0.0000,0.5990,1.8670,251.6000,1,,,0.1976,0.1487,0.6537,-13.2705,45.3047,10.3433,,45.0000,20.7349,14.5156,24.4094,-0.1500,29.0776,-0.1500,0.2985,next_wave
dev,5,G,2024-03-06,11:45,NIFTY,2024-03-07,PE,22100,OTM2,1,False,22250.4600,34.2500,23.0000,32.5500,0.0000,0.0000,2.4800,1.8570,32.5500,1,,,-0.1506,0.1812,-0.2513,-33.0920,83.9130,38.1797,,5.0000,-17.6642,-29.6226,20.1460,-19.8540,20.1460,-86.4234,0.0814,failed_base
dev,5,G,2024-03-01,11:20,NIFTY,2024-03-07,CE,22200,OTM1,6,True,22266.3200,202.1000,170.6000,189.8000,0.0000,0.0000,0.9220,2.5460,189.8000,1,,,0.1976,0.1448,0.5660,-13.8870,54.7773,12.1189,,45.0000,24.8392,17.3042,28.8224,0.0247,33.5725,0.0247,0.2985,stalled
dev,5,G,2024-03-06,12:45,NIFTY,2024-03-07,CE,22200,ITM1,1,False,22288.0000,134.0500,101.7500,132.5500,0.0000,0.0000,1.0240,1.5740,132.5500,1,,,0.2351,0.1687,0.6659,-43.1737,,,,,10.5931,7.8059,11.6374,-7.9448,150.6154,-7.9448,0.1048,session_end
dev,5,G,2024-03-06,11:45,NIFTY,2024-03-07,PE,22200,OTM1,1,False,22250.4600,64.0500,43.9000,60.8000,0.0000,0.0000,2.6030,2.1110,60.8000,1,,,-0.1506,0.1743,-0.4065,-51.1720,75.3986,33.8312,,5.0000,-15.0664,-26.2290,18.4231,-16.4715,18.4231,-87.4317,0.0814,failed_base
dev,5,G,2024-03-01,11:20,NIFTY,2024-03-07,CE,22300,OTM2,6,True,22266.3200,146.0500,119.7000,135.8000,0.0000,0.0000,0.8480,2.5280,135.8000,1,,,0.1976,0.1406,0.4702,-13.6512,67.0844,14.0500,,45.0000,29.9897,20.8052,34.7826,-0.1369,39.2674,-0.1369,0.2985,stalled
dev,5,G,2024-03-04,14:20,NIFTY,2024-03-07,CE,22300,ITM1,3,False,22414.8100,194.9000,170.9500,193.5000,0.0000,0.0000,1.6990,2.5980,193.5000,1,,,0.0987,0.1590,0.6405,-21.6037,18.7482,15.4680,,20.0000,-5.4900,-2.6408,4.1560,-11.9548,4.1560,-11.9548,-0.0605,failed_base
dev,5,G,2024-03-06,12:45,NIFTY,2024-03-07,CE,22300,ATM,1,False,22288.0000,74.0000,53.9500,73.9000,0.0000,0.0000,1.4530,1.7240,73.9000,1,,,0.2351,0.1625,0.4778,-53.9457,,,,,12.4324,9.3117,13.9865,-10.6081,228.3784,-10.6081,0.1048,session_end
dev,5,G,2024-03-06,11:45,NIFTY,2024-03-07,PE,22300,ATM,1,False,22250.4600,111.9500,79.6000,105.7500,0.0000,0.0000,1.5560,1.8300,105.7500,1,,,-0.1506,0.1698,-0.5900,-49.9114,62.2487,27.5261,,5.0000,-12.3269,-21.3039,14.3368,-13.3542,14.3368,-86.8245,0.0814,failed_base
dev,5,G,2024-03-04,14:20,NIFTY,2024-03-07,CE,22400,ATM,3,False,22414.8100,131.9000,112.6500,130.4000,0.0000,0.0000,1.6780,2.2490,130.4000,1,,,0.0987,0.1523,0.5214,-22.3659,23.2579,18.7973,,20.0000,-6.5201,-2.3198,5.2691,-14.5186,5.2691,-14.5186,-0.0605,failed_base
dev,5,G,2024-03-06,13:15,NIFTY,2024-03-07,CE,22400,OTM1,1,False,22311.3500,38.4500,24.6000,34.6000,0.0000,0.0000,1.3230,0.8170,34.6000,1,,,0.3401,0.1527,0.3190,-37.2384,,,,,43.5631,38.5396,60.8583,-18.3355,310.2731,-18.3355,0.2079,session_end
dev,5,G,2024-03-06,11:45,NIFTY,2024-03-07,PE,22400,ITM1,1,False,22250.4600,180.4500,134.4000,169.1500,0.0000,0.0000,1.2890,1.6290,169.1500,1,,,-0.1506,0.1711,-0.7550,-30.0231,48.4003,25.1943,,5.0000,-10.2521,-16.4299,10.1690,-11.1665,10.1690,-84.9266,0.0814,failed_base
dev,5,G,2024-03-04,14:20,NIFTY,2024-03-07,CE,22500,OTM1,3,False,22414.8100,81.4000,67.4000,80.0000,0.0000,0.0000,2.2300,2.5600,80.0000,1,,,0.0987,0.1456,0.3901,-20.4305,28.1157,21.9456,,20.0000,-7.9853,-4.6601,6.0811,-17.1990,6.0811,-17.1990,-0.0605,failed_base
dev,5,G,2024-03-06,13:45,NIFTY,2024-03-07,CE,22500,OTM2,1,False,22357.7400,21.6000,10.5000,16.2000,0.0000,0.0000,4.6450,1.4640,16.2000,1,,,0.4285,0.1469,0.2140,-21.5854,,,,,109.4907,78.3044,129.3981,-3.7037,297.6852,-3.7037,0.3881,session_end
dev,5,G,2024-03-04,14:20,NIFTY,2024-03-07,CE,22600,OTM2,3,False,22414.8100,45.0000,36.3000,44.0000,0.0000,0.0000,2.0660,2.3230,44.0000,1,,,0.0987,0.1396,0.2615,-16.0236,32.2314,25.2083,,20.0000,-9.1111,-4.7811,6.6667,-20.2222,6.6667,-20.2222,-0.0605,failed_base
dev,5,G,2024-03-14,10:40,NIFTY,2024-03-14,CE,21800,ITM1,0,False,22073.5000,276.5500,194.2000,259.9500,0.0000,0.0000,1.0880,0.8280,259.9500,1,,,0.1788,0.3146,0.9545,-3.0510,120.0566,30.5019,,115.0000,8.4795,15.6828,10.2694,-4.1403,54.5290,-4.1403,0.1099,stalled
dev,5,G,2024-03-14,10:45,NIFTY,2024-03-14,CE,21900,ATM,0,False,22083.7500,188.4500,114.1500,168.1500,0.0000,0.0000,0.8780,1.3140,168.1500,1,,,0.3563,0.2550,0.9207,-4.7042,187.1222,39.2067,,110.0000,7.1372,17.1707,11.4885,-7.0576,73.9188,-7.0576,0.0607,stalled
dev,5,G,2024-03-12,14:30,NIFTY,2024-03-14,PE,22200,OTM2,2,False,22393.7800,37.3500,27.8000,36.1500,0.0000,0.0000,1.9990,2.4020,36.1500,1,,,-0.0583,0.1618,-0.2343,-21.4701,85.2518,39.6117,,10.0000,10.0402,6.9882,37.8849,-4.5515,37.8849,-16.7336,-0.0810,failed_base
dev,5,G,2024-03-13,14:00,NIFTY,2024-03-14,PE,22200,OTM2,1,False,22038.2100,199.7500,143.5000,198.5500,0.0000,0.0000,0.8250,1.7670,198.5500,1,,,-0.2634,0.2068,-0.7420,-37.8962,118.6063,,,50.0000,31.6896,22.0475,43.7297,-2.9787,57.0463,-2.9787,-0.3593,session_end
dev,5,G,2024-03-12,14:10,NIFTY,2024-03-14,CE,22300,ITM1,2,False,22421.4900,176.4000,146.6000,176.3000,0.0000,0.0000,1.4820,0.8570,176.3000,1,,,0.0201,0.1564,0.6802,-25.5233,26.5007,13.5077,,5.0000,-16.4116,-11.9315,0.2268,-23.9796,0.2268,-23.9796,-0.1911,failed_base
dev,5,G,2024-03-11,12:10,NIFTY,2024-03-14,PE,22300,OTM2,3,False,22409.1100,78.8500,58.2500,72.8000,0.0000,0.0000,1.6060,1.0470,72.8000,1,,,-0.2338,0.1524,-0.3620,-20.4353,57.9399,26.0870,,10.0000,-12.3018,-17.0102,16.6772,-13.7603,34.6227,-17.5016,0.0956,failed_base
dev,5,G,2024-03-11,14:30,NIFTY,2024-03-14,PE,22300,OTM2,3,False,22389.0400,83.0500,65.5000,80.8500,0.0000,0.0000,3.4200,5.3170,80.8500,1,,,-0.1073,0.1505,-0.3831,-21.0079,46.1069,23.0930,,0.0000,-17.8206,-18.9822,0.7225,-21.6737,27.8146,-21.6737,0.1613,failed_base
dev,5,G,2024-03-12,14:30,NIFTY,2024-03-14,PE,22300,OTM1,2,False,22393.7800,64.6000,49.7000,62.8000,0.0000,0.0000,2.3970,2.7680,62.8000,1,,,-0.0583,0.1573,-0.3584,-27.4096,70.0201,33.9645,,10.0000,9.2105,6.9746,30.8050,-3.8700,30.8050,-13.6223,-0.0810,failed_base
dev,5,G,2024-03-13,14:00,NIFTY,2024-03-14,PE,22300,OTM1,1,False,22038.2100,283.4000,216.3000,280.5000,0.0000,0.0000,0.8330,1.4770,280.5000,1,,,-0.2634,0.2184,-0.8403,-21.6099,88.1184,,,50.0000,24.4884,14.7542,33.7332,-2.2583,43.5780,-2.2583,-0.3593,session_end
dev,5,G,2024-03-11,12:10,NIFTY,2024-03-14,PE,22400,OTM1,3,False,22409.1100,119.6000,91.0500,111.1500,0.0000,0.0000,0.9760,1.3160,111.1500,1,,,-0.2338,0.1498,-0.4853,-21.6286,49.6980,22.5238,,10.0000,-10.5351,-11.8948,13.9632,-11.7057,31.6890,-14.8829,0.0956,failed_base
dev,5,G,2024-03-11,14:30,NIFTY,2024-03-14,PE,22400,OTM1,3,False,22389.0400,125.7000,102.0500,122.9000,0.0000,0.0000,1.8500,3.5180,122.9000,1,,,-0.1073,0.1474,-0.5115,-21.6755,40.0294,20.7488,,0.0000,-15.7518,-17.2703,0.8751,-19.0135,25.2983,-19.0135,0.1613,failed_base
dev,5,G,2024-03-12,14:30,NIFTY,2024-03-14,PE,22400,ATM,2,False,22393.7800,104.8000,84.1000,103.0000,0.0000,0.0000,1.7790,2.5570,103.0000,1,,,-0.0583,0.1522,-0.5073,-29.0208,56.8966,29.1777,,10.0000,8.4447,8.2530,25.9065,-2.7195,25.9065,-10.8302,-0.0810,failed_base
dev,5,G,2024-03-13,14:00,NIFTY,2024-03-14,PE,22400,ATM,1,False,22038.2100,374.7500,300.1500,370.0000,0.0000,0.0000,0.7800,1.9770,370.0000,1,,,-0.2634,0.2339,-0.9003,-12.9613,67.5995,,,50.0000,19.6931,9.1210,26.5777,-1.5077,34.2362,-1.5077,-0.3593,session_end
dev,5,G,2024-03-11,12:10,NIFTY,2024-03-14,PE,22500,ATM,3,False,22409.1100,172.8500,135.5500,161.9000,0.0000,0.0000,0.7620,0.9510,161.9000,1,,,-0.2338,0.1470,-0.6138,-20.1724,42.5673,19.1203,,10.0000,-8.2731,-9.3326,11.8021,-9.5748,28.6086,-12.3228,0.0956,failed_base
dev,5,G,2024-03-11,14:30,NIFTY,2024-03-14,PE,22500,ATM,3,False,22389.0400,181.9500,151.5500,178.2000,0.0000,0.0000,1.7770,3.0510,178.2000,1,,,-0.1073,0.1448,-0.6429,-19.6062,33.6523,17.7487,,0.0000,-13.7400,-13.8863,0.8244,-16.4056,22.1764,-16.4880,0.1613,failed_base
dev,5,G,2024-03-12,10:50,NIFTY,2024-03-14,PE,22500,ITM1,2,False,22359.4400,193.0000,113.4500,145.8500,0.0000,0.0000,3.1950,2.6680,145.8500,1,,,-0.4030,0.1566,-0.6947,-23.7552,95.4165,36.1750,,5.0000,-23.4974,-25.6491,12.0466,-25.2332,12.0466,-30.6477,0.2686,failed_base
dev,5,G,2024-03-12,14:30,NIFTY,2024-03-14,PE,22500,ITM1,2,False,22393.7800,161.6500,133.8500,158.6500,0.0000,0.0000,1.6320,2.3590,158.6500,1,,,-0.0583,0.1489,-0.6623,-25.0863,45.4613,24.0883,,10.0000,7.0213,6.6251,20.4454,-2.5673,20.4454,-8.5679,-0.0810,failed_base
dev,5,G,2024-03-13,11:05,NIFTY,2024-03-14,PE,22500,ITM1,1,False,22280.7000,240.0000,159.7500,212.8500,0.0000,0.0000,1.4680,0.6840,212.8500,1,,,-0.2999,0.1798,-0.8291,-20.4756,276.9014,,,225.0000,32.0208,25.6941,43.2292,-4.1458,150.8750,-4.1458,-0.3747,session_end
dev,5,G,2024-03-11,12:10,NIFTY,2024-03-14,PE,22600,ITM1,3,False,22409.1100,239.0500,193.2000,230.2000,0.0000,0.0000,0.8000,0.7210,230.2000,1,,,-0.2420,0.1446,-0.7338,-16.4529,35.9731,16.2162,,10.0000,-6.8814,-8.2331,9.8933,-7.9272,25.1830,-10.3535,0.0956,failed_base
dev,5,G,2024-03-11,14:30,NIFTY,2024-03-14,PE,22600,ITM1,3,False,22389.0400,251.0500,214.3000,246.3000,0.0000,0.0000,1.8970,3.0280,246.3000,1,,,-0.1073,0.1423,-0.7624,-15.2890,28.0215,14.9444,,0.0000,-11.8502,-12.8820,0.9759,-13.8020,19.1994,-14.0809,0.1613,failed_base
dev,5,G,2024-03-20,13:20,NIFTY,2024-03-21,CE,21800,ITM1,1,False,21912.3200,149.1000,106.3500,146.2000,0.0000,0.0000,0.6220,1.8870,146.2000,1,,,0.2817,0.1697,0.7117,-36.1772,58.2040,25.0817,,10.0000,-16.6331,-16.8053,12.8437,-16.6331,12.8437,-39.4702,-0.1656,failed_base
dev,5,G,2024-03-19,11:50,NIFTY,2024-03-21,PE,21800,OTM2,2,False,21842.8500,100.2000,72.8000,99.8500,0.0000,0.0000,1.5540,2.8500,99.8500,1,,,-0.2070,0.1802,-0.4407,-31.8435,48.9011,22.0018,,5.0000,-10.7784,-8.3035,2.2954,-15.6188,9.2315,-33.5828,0.0765,failed_base
dev,5,G,2024-03-19,14:10,NIFTY,2024-03-21,PE,21800,OTM2,2,False,21839.3600,90.9000,66.5500,83.1500,0.0000,0.0000,2.5150,4.8770,83.1500,1,,,-0.1348,0.1676,-0.4403,-30.5657,64.4628,28.9173,,15.0000,-6.6557,-18.4338,20.4070,-14.4114,20.4070,-16.7217,0.0088,failed_base
dev,5,G,2024-03-21,12:15,NIFTY,2024-03-21,PE,21800,OTM2,0,False,21939.2500,7.2500,1.7500,3.3000,0.0000,0.0000,5.8610,3.0750,3.3000,1,,,-0.4786,0.2843,-0.1219,-7.2500,394.2857,72.2543,,5.0000,-78.6207,-114.4206,4.1379,-79.3103,4.1379,-99.3103,0.2564,failed_base
dev,5,G,2024-03-18,12:10,NIFTY,2024-03-21,CE,21900,ITM1,3,False,22044.5700,221.4500,165.4000,210.3500,0.0000,0.0000,1.9500,2.5210,210.3500,1,,,0.1423,0.1690,0.6652,-21.4969,66.5961,16.8028,29.2475,25.0000,14.2470,16.7117,24.4299,-4.9221,33.8000,-4.9221,0.2144,next_wave
dev,5,G,2024-03-20,13:20,NIFTY,2024-03-21,CE,21900,ATM,1,False,21912.3200,85.9000,57.9000,84.8000,0.0000,0.0000,1.0290,2.7370,84.8000,1,,,0.2817,0.1667,0.5263,-56.3076,71.6753,30.8350,,10.0000,-21.3038,-24.2701,15.7159,-21.3038,15.7159,-48.4284,-0.1656,failed_base
dev,5,G,2024-03-19,11:50,NIFTY,2024-03-21,PE,21900,OTM1,2,False,21842.8500,150.5500,115.5000,150.2500,0.0000,0.0000,0.9590,1.7190,150.2500,1,,,-0.2070,0.1789,-0.5725,-31.3359,40.1732,18.2211,,5.0000,-8.3029,-4.0549,2.5905,-12.0558,10.1627,-26.5360,0.0765,failed_base
dev,5,G,2024-03-19,14:10,NIFTY,2024-03-21,PE,21900,OTM1,2,False,21839.3600,142.0500,110.6000,131.6500,0.0000,0.0000,1.5270,4.0460,131.6500,1,,,-0.1348,0.1667,-0.5851,-29.8500,49.9548,23.4248,,15.0000,-4.0479,-5.9682,16.7547,-10.5949,16.7547,-12.3548,0.0088,failed_base
dev,5,G,2024-03-20,14:30,NIFTY,2024-03-21,PE,21900,ATM,1,False,21852.3700,100.8500,68.4500,98.6000,0.0000,0.0000,0.9510,1.4290,98.6000,1,,,-0.1413,0.1601,-0.5987,-51.4175,,,,,-3.4209,-1.1429,18.1458,-10.5602,18.1458,-10.5602,0.0204,session_end
dev,5,G,2024-03-21,12:00,NIFTY,2024-03-21,PE,21900,OTM1,0,False,21997.7000,7.3500,3.3000,6.4000,0.0000,0.0000,2.9040,2.0660,6.4000,1,,,-0.1874,0.2151,-0.1498,-7.3500,686.3636,82.6590,,20.0000,95.2381,86.3132,253.0612,-1.3605,253.0612,-99.3197,-0.1866,failed_base
dev,5,G,2024-03-15,13:15,NIFTY,2024-03-21,CE,22000,ITM1,6,True,22013.0600,161.4000,133.7500,158.6000,0.0000,0.0000,1.3650,1.7660,158.6000,1,,,0.2047,0.1366,0.5164,-13.2344,45.6822,21.6577,,45.0000,9.4796,8.8175,14.4981,-7.3420,20.9108,-8.3643,0.1450,failed_base
dev,5,G,2024-03-18,12:10,NIFTY,2024-03-21,CE,22000,ATM,3,False,22044.5700,158.1000,113.4500,148.8000,0.0000,0.0000,2.1500,2.5180,148.8000,1,,,0.1423,0.1654,0.5552,-23.2295,80.6963,20.2927,34.2105,25.0000,16.4137,18.1078,29.6648,-6.0089,38.7097,-6.3567,0.2144,next_wave
dev,5,G,2024-03-19,11:50,NIFTY,2024-03-21,PE,22000,ATM,2,False,21842.8500,215.2000,172.2000,213.9500,0.0000,0.0000,0.9320,1.5770,213.9500,1,,,-0.2070,0.1799,-0.6954,-26.9260,32.1719,14.6529,,5.0000,-6.7844,-2.7516,2.0214,-9.7351,9.4331,-21.5149,0.0765,failed_base
dev,5,G,2024-03-19,14:10,NIFTY,2024-03-21,PE,22000,ATM,2,False,21839.3600,208.2500,168.9000,194.8500,0.0000,0.0000,1.4380,3.8840,194.8500,1,,,-0.1348,0.1674,-0.7178,-24.5266,39.4316,19.7877,,15.0000,-2.1369,-2.0140,13.0852,-8.7395,13.0852,-9.2917,0.0088,failed_base
dev,5,G,2024-03-20,14:30,NIFTY,2024-03-21,PE,22000,ITM1,1,False,21852.3700,170.4000,121.8000,163.4000,0.0000,0.0000,0.9200,1.5600,163.4000,1,,,-0.1413,0.1594,-0.7841,-22.7733,,,,,-2.4354,-1.4495,13.5857,-7.6291,13.5857,-7.6291,0.0204,session_end
dev,5,G,2024-03-15,13:15,NIFTY,2024-03-21,CE,22100,ATM,6,True,22013.0600,113.0000,91.4000,109.9500,0.0000,0.0000,1.1640,1.3630,109.9500,1,,,0.2047,0.1343,0.4131,-12.6914,53.7199,24.8043,,45.0000,11.4602,9.6345,17.2566,-8.3186,24.3363,-10.3982,0.1450,failed_base
dev,5,G,2024-03-18,12:10,NIFTY,2024-03-21,CE,22100,OTM1,3,False,22044.5700,106.6500,73.4000,99.2500,0.0000,0.0000,2.8420,2.8090,99.2500,1,,,0.1423,0.1624,0.4365,-22.7243,98.6376,24.7257,,25.0000,19.5499,20.7233,36.7089,-7.0792,45.0070,-9.8453,0.2144,stalled
dev,5,G,2024-03-19,11:50,NIFTY,2024-03-21,PE,22100,ITM1,2,False,21842.8500,290.5000,242.5000,289.4500,0.0000,0.0000,1.1860,2.6180,289.4500,1,,,-0.2070,0.1797,-0.7995,-19.8737,25.7732,16.4098,,5.0000,-4.9053,-4.7003,2.2375,-7.5387,9.3460,-17.0396,0.0765,failed_base
dev,5,G,2024-03-19,14:10,NIFTY,2024-03-21,PE,22100,ITM1,2,False,21839.3600,287.3500,241.0000,270.9500,0.0000,0.0000,2.4300,5.1490,270.9500,1,,,-0.1348,0.1704,-0.8212,-17.4894,31.8050,,,15.0000,-1.8096,-1.9869,10.5446,-6.7339,10.5446,-7.1342,0.0088,session_end
dev,5,G,2024-03-15,13:15,NIFTY,2024-03-21,CE,22200,OTM1,6,True,22013.0600,74.7500,59.1500,72.0500,0.0000,0.0000,1.0520,1.2210,72.0500,1,,,0.2047,0.1318,0.3124,-11.2238,63.4827,28.8521,,45.0000,14.8495,11.2410,22.0067,-9.1639,29.3645,-11.8395,0.1450,failed_base
dev,5,G,2024-03-18,12:10,NIFTY,2024-03-21,CE,22200,OTM2,3,False,22044.5700,66.8000,44.6500,61.5000,0.0000,0.0000,2.4480,2.6090,61.5000,1,,,0.1423,0.1589,0.3192,-19.7580,119.9328,30.1935,,25.0000,23.4281,21.4652,47.0060,-8.5329,51.7964,-14.4461,0.2144,stalled
dev,5,G,2024-03-15,13:15,NIFTY,2024-03-21,CE,22300,OTM2,6,True,22013.0600,47.9000,37.2000,45.6500,0.0000,0.0000,1.0280,1.1900,45.6500,1,,,0.2047,0.1310,0.2245,-9.3006,70.0269,33.1225,,45.0000,16.2839,12.9819,25.8873,-10.4384,32.0459,-15.4489,0.1450,failed_base
dev,5,G,2024-03-22,11:40,NIFTY,2024-03-28,CE,21900,ITM1,6,True,22162.6100,313.5000,267.5000,305.3000,0.0000,0.0000,0.8900,1.7520,305.3000,1,,,0.1549,0.1284,0.7643,-9.3401,21.3084,12.7581,,10.0000,-1.9139,-5.3854,3.5088,-6.0287,24.3860,-10.3030,-0.0334,failed_base
dev,5,G,2024-03-22,14:15,NIFTY,2024-03-28,CE,21900,ITM1,6,True,22194.0500,333.3500,296.4500,327.7000,0.0000,0.0000,1.7420,2.0910,327.7000,1,,,0.1342,0.1239,0.7998,-8.1990,31.5399,20.4129,,15.0000,11.9844,12.4576,16.9792,0.0300,16.9792,-15.6442,0.2183,failed_base
dev,5,G,2024-03-26,13:55,NIFTY,2024-03-28,PE,21900,OTM2,2,False,22106.0700,35.6000,28.4500,34.7000,0.0000,0.0000,0.7060,1.6780,34.7000,1,,,-0.0987,0.1651,-0.2235,-20.7299,31.4587,19.6524,,0.0000,-12.3596,-9.1411,1.5449,-21.4888,18.1180,-21.4888,0.0335,failed_base
dev,5,G,2024-03-22,11:40,NIFTY,2024-03-28,CE,22000,ATM,6,True,22162.6100,236.7000,196.1000,230.0000,0.0000,0.0000,0.9410,1.3940,230.0000,1,,,0.1549,0.1232,0.6794,-10.5937,25.8287,15.0355,,10.0000,-2.5771,-5.7921,4.2459,-7.4567,28.1369,-13.8783,-0.0334,failed_base
dev,5,G,2024-03-22,14:15,NIFTY,2024-03-28,CE,22000,ATM,6,True,22194.0500,251.9000,219.8500,247.4000,0.0000,0.0000,1.3940,1.3090,247.4000,1,,,0.1342,0.1174,0.7211,-9.5139,37.9577,21.2166,,15.0000,14.4502,15.3517,20.4049,0.0000,20.4049,-19.0750,0.2183,failed_base
dev,5,G,2024-03-26,13:00,NIFTY,2024-03-28,CE,22000,ITM1,2,False,22141.7800,190.8500,151.5000,182.4000,0.0000,0.0000,1.6040,1.2230,182.4000,1,,,0.1160,0.1573,0.7064,-23.7205,29.7030,12.8244,,10.0000,-7.3356,-11.6924,2.9604,-10.2436,2.9604,-27.2465,-0.0817,failed_base
dev,5,G,2024-03-27,13:50,NIFTY,2024-03-28,CE,22000,ITM1,1,False,22204.8000,219.3500,183.9000,207.6000,0.0000,0.0000,2.8260,1.7890,207.6000,1,,,0.1503,0.1624,0.8549,-14.5514,20.3371,10.0316,,5.0000,-3.8523,-2.5418,-0.0228,-9.2318,-0.0228,-28.9720,-0.0360,failed_base
dev,5,G,2024-03-26,13:55,NIFTY,2024-03-28,PE,22000,OTM1,2,False,22106.0700,58.8500,47.4000,57.4000,0.0000,0.0000,0.9920,2.0300,57.4000,1,,,-0.0987,0.1562,-0.3389,-25.9013,30.1688,17.8282,,0.0000,-9.9405,-10.1295,1.1895,-20.1359,18.4367,-20.1359,0.0335,failed_base
dev,5,G,2024-03-22,11:40,NIFTY,2024-03-28,CE,22100,OTM1,6,True,22162.6100,169.0000,135.9500,164.6500,0.0000,0.0000,1.1210,1.8870,164.6500,1,,,0.1549,0.1182,0.5755,-11.2413,30.8202,18.1333,,10.0000,-2.8994,-5.1419,5.2367,-8.7870,33.2840,-18.9053,-0.0334,failed_base
dev,5,G,2024-03-22,14:15,NIFTY,2024-03-28,CE,22100,OTM1,6,True,22194.0500,179.7500,152.9500,176.6000,0.0000,0.0000,1.4840,1.2640,176.6000,1,,,0.1342,0.1120,0.6179,-10.4517,47.2703,25.7492,,15.0000,17.1349,18.1581,25.3129,-0.0556,25.3129,-23.7552,0.2183,failed_base
dev,5,G,2024-03-26,13:00,NIFTY,2024-03-28,CE,22100,ATM,2,False,22141.7800,121.6000,90.9500,115.9000,0.0000,0.0000,1.8660,1.5230,115.9000,1,,,0.1519,0.1483,0.5686,-26.8307,38.5377,16.3889,,10.0000,-9.9095,-13.4728,3.6184,-13.3635,3.6184,-34.0049,-0.0817,failed_base
dev,5,G,2024-03-27,13:50,NIFTY,2024-03-28,CE,22100,ATM,1,False,22204.8000,135.2500,107.2000,126.3000,0.0000,0.0000,2.8510,1.7870,126.3000,1,,,0.1503,0.1482,0.7235,-30.2914,28.1716,14.7380,,5.0000,-6.2477,-6.7639,0.0370,-13.3826,0.0370,-40.2588,-0.0360,failed_base
dev,5,G,2024-03-28,12:45,NIFTY,2024-03-28,CE,22100,ITM1,0,False,22437.1500,339.3500,238.5000,284.6500,0.0000,0.0000,1.7620,5.6920,284.6500,1,,,0.2964,0.4589,0.9690,-2.1993,54.4444,24.9355,56.0940,0.0000,-1.3555,8.4577,5.5989,-6.4240,27.1843,-49.1675,-0.0216,next_wave
dev,5,G,2024-03-26,13:55,NIFTY,2024-03-28,PE,22100,ATM,2,False,22106.0700,93.8000,77.0500,91.9000,0.0000,0.0000,0.8570,1.9870,91.9000,1,,,-0.0987,0.1460,-0.4877,-27.2443,27.4497,15.8859,,0.0000,-7.5160,-8.2402,1.0661,-17.2708,17.6439,-17.2708,0.0335,failed_base
dev,5,G,2024-03-22,11:40,NIFTY,2024-03-28,CE,22200,OTM2,6,True,22162.6100,112.5500,87.3500,110.2000,0.0000,0.0000,1.1780,1.7090,110.2000,1,,,0.1549,0.1135,0.4569,-10.9544,36.6915,21.1474,,10.0000,-3.1542,-5.1947,6.0862,-10.4398,39.1382,-25.0111,-0.0334,failed_base
dev,5,G,2024-03-22,14:15,NIFTY,2024-03-28,CE,22200,OTM2,6,True,22194.0500,118.6500,98.2000,117.3000,0.0000,0.0000,1.6230,1.4300,117.3000,1,,,0.1342,0.1068,0.4944,-10.4776,59.4705,30.5875,,15.0000,20.7332,21.4785,31.9848,-0.0843,31.9848,-28.8664,0.2183,failed_base
dev,5,G,2024-03-27,13:50,NIFTY,2024-03-28,CE,22200,OTM1,1,False,22204.8000,69.8000,49.6500,62.7500,0.0000,0.0000,3.6860,2.0120,62.7500,1,,,0.1503,0.1405,0.5128,-50.1216,43.4038,21.9803,,5.0000,-9.5272,-7.6330,0.2149,-20.4155,0.2149,-56.1605,-0.0360,failed_base
dev,5,G,2024-03-28,12:45,NIFTY,2024-03-28,CE,22200,ATM,0,False,22437.1500,241.0000,144.0500,188.0000,0.0000,0.0000,1.2620,4.4440,188.0000,1,,,0.2964,0.3839,0.9413,-3.8492,89.0663,34.6796,85.6661,0.0000,-2.3859,11.5381,7.6141,-8.9212,37.0539,-67.7178,-0.0216,next_wave
dev,5,G,2024-03-26,13:55,NIFTY,2024-03-28,PE,22200,ITM1,2,False,22106.0700,146.1500,122.1000,143.6500,0.0000,0.0000,0.7800,1.6040,143.6500,1,,,-0.0987,0.1379,-0.6565,-22.9661,24.8157,18.6352,,0.0000,-5.6449,-5.8115,1.0948,-15.1557,15.9425,-15.1557,0.0335,failed_base
dev,5,G,2024-03-27,13:50,NIFTY,2024-03-28,CE,22300,OTM2,1,False,22204.8000,27.1000,15.6000,22.3000,0.0000,0.0000,4.5760,1.8700,22.3000,1,,,0.1503,0.1326,0.2767,-26.9673,79.1667,32.5581,,5.0000,-14.2066,-10.9694,0.3690,-30.4428,0.3690,-69.5572,-0.0360,failed_base
dev,5,G,2024-03-28,12:45,NIFTY,2024-03-28,CE,22300,OTM1,0,False,22437.1500,147.0500,62.8500,99.5000,0.0000,0.0000,0.9390,3.4240,99.5000,1,,,0.2964,0.3298,0.8537,-9.8992,189.6579,52.3757,166.7820,0.0000,-5.2703,7.1061,10.7446,-14.9269,57.2934,-95.6477,-0.0216,next_wave
dev,5,G,2024-03-28,12:45,NIFTY,2024-03-28,CE,22400,OTM2,0,False,22437.1500,65.5000,14.4000,39.6500,0.0000,0.0000,1.5600,4.1130,39.6500,1,,,0.3009,0.2807,0.6314,-28.3492,583.6806,77.2981,499.7763,0.0000,-14.0458,-3.6100,19.2366,-30.2290,104.6565,-99.9237,-0.0216,next_wave
dev,5,G,2024-04-02,15:00,NIFTY,2024-04-04,CE,22300,ITM1,2,False,22450.4000,182.6500,158.8000,176.7000,0.0000,0.0000,1.5180,1.4590,176.7000,1,,,0.0620,0.1322,0.7542,-18.2788,,,,,1.5330,7.5164,5.8582,-2.9017,5.8582,-2.9017,0.0260,session_end
dev,5,G,2024-04-03,11:35,NIFTY,2024-04-04,CE,22300,ITM1,1,False,22455.1400,173.6500,132.9500,166.3500,0.0000,0.0000,0.6730,1.7170,166.3500,1,,,0.1381,0.1401,0.8106,-18.2984,80.8199,33.5483,,85.0000,-8.2637,-7.0566,0.2016,-10.5096,38.4394,-20.7026,-0.0688,failed_base
dev,5,G,2024-04-01,11:10,NIFTY,2024-04-04,PE,22300,OTM2,3,False,22479.2900,52.6500,39.4500,50.7500,0.0000,0.0000,1.4660,1.2720,50.7500,1,,,-0.1713,0.1462,-0.2763,-17.0242,36.3752,23.9777,,5.0000,-13.5802,-16.7740,1.6144,-22.9820,11.9658,-30.2944,0.0718,failed_base
dev,5,G,2024-04-03,14:05,NIFTY,2024-04-04,PE,22300,OTM1,1,False,22467.1900,15.3500,12.0500,14.5500,0.0000,0.0000,3.7580,1.5570,14.5500,1,,,-0.0771,0.1435,-0.1659,-15.3498,53.1120,35.7724,,5.0000,6.1889,9.4512,19.8697,-26.0586,41.0423,-26.0586,-0.0422,failed_base
dev,5,G,2024-04-02,15:00,NIFTY,2024-04-04,CE,22400,ATM,2,False,22450.4000,113.7500,95.8000,109.7000,0.0000,0.0000,1.9860,1.6680,109.7000,1,,,0.0620,0.1296,0.5938,-23.9919,,,,,2.1099,9.2926,7.2527,-3.7363,7.2527,-3.7363,0.0260,session_end
dev,5,G,2024-04-03,12:20,NIFTY,2024-04-04,CE,22400,ATM,1,False,22479.8300,114.5000,80.9500,103.8000,0.0000,0.0000,2.5640,1.8780,103.8000,1,,,0.2370,0.1348,0.6834,-32.5109,91.2292,39.1473,,40.0000,21.4847,18.2705,27.9039,-6.5502,35.1965,-38.9520,0.1366,failed_base
dev,5,G,2024-04-01,11:10,NIFTY,2024-04-04,PE,22400,OTM1,3,False,22479.2900,84.3500,65.2500,81.5500,0.0000,0.0000,1.8580,1.5480,81.5500,1,,,-0.1713,0.1435,-0.3931,-19.7501,31.6475,20.7218,,5.0000,-11.3219,-15.3520,1.2448,-19.9170,11.9739,-23.5922,0.0718,failed_base
dev,5,G,2024-04-02,15:00,NIFTY,2024-04-04,CE,22500,OTM1,2,False,22450.4000,62.6500,50.9000,60.2000,0.0000,0.0000,2.6050,1.8770,60.2000,1,,,0.0620,0.1277,0.4098,-23.7079,,,,,2.9529,14.2744,8.9385,-3.9904,8.9385,-3.9904,0.0260,session_end
dev,5,G,2024-04-03,12:20,NIFTY,2024-04-04,CE,22500,OTM1,1,False,22479.8300,57.7500,38.0000,52.0000,0.0000,0.0000,4.1950,2.6660,52.0000,1,,,0.2370,0.1348,0.4538,-43.4428,127.3684,51.0995,,40.0000,27.7922,24.0363,38.1818,-9.4372,49.6104,-50.0433,0.1366,failed_base
dev,5,G,2024-04-04,12:50,NIFTY,2024-04-04,CE,22500,ITM1,0,False,22474.9500,31.2000,11.0000,21.7000,0.0000,0.0000,3.2320,3.6650,21.7000,1,,,0.4472,0.2719,0.4081,-31.1964,843.6364,93.7380,,50.0000,-9.4551,-0.1100,20.8333,-34.6154,232.6923,-82.6923,0.0271,failed_base
dev,5,G,2024-04-01,11:10,NIFTY,2024-04-04,PE,22500,ATM,3,False,22479.2900,127.7500,102.1500,124.0500,0.0000,0.0000,1.5090,1.4320,124.0500,1,,,-0.1713,0.1399,-0.5252,-20.0632,26.7254,17.3426,,5.0000,-9.0411,-11.7870,0.9393,-16.9080,11.3503,-17.7691,0.0718,failed_base
dev,5,G,2024-04-02,15:00,NIFTY,2024-04-04,CE,22600,OTM2,2,False,22450.4000,30.5500,23.7500,29.1500,0.0000,0.0000,2.3160,1.5790,29.1500,1,,,0.0620,0.1276,0.2434,-17.5143,,,,,4.7463,15.7169,11.6203,-4.2553,11.6203,-4.2553,0.0260,session_end
dev,5,G,2024-04-03,12:20,NIFTY,2024-04-04,CE,22600,OTM2,1,False,22479.8300,23.8500,15.4500,22.1500,0.0000,0.0000,4.6670,2.5610,22.1500,1,,,0.2370,0.1350,0.2403,-23.4506,158.5761,48.0601,,40.0000,33.3333,29.2624,50.9434,-12.9979,67.5052,-56.6038,0.1366,failed_base
dev,5,G,2024-04-04,12:50,NIFTY,2024-04-04,CE,22600,ATM,0,False,22474.9500,7.2500,3.6500,6.8500,0.0000,0.0000,4.1280,4.2540,6.8500,1,,,0.4472,0.2826,0.1307,-7.2500,168.4932,61.2245,,5.0000,-30.3448,-22.2085,17.9310,-51.0345,373.7931,-99.3103,0.0271,failed_base
dev,5,G,2024-04-01,11:10,NIFTY,2024-04-04,PE,22600,ITM1,3,False,22479.2900,184.0500,150.6500,179.7500,0.0000,0.0000,1.3320,1.2710,179.7500,1,,,-0.1713,0.1355,-0.6613,-17.5211,24.1288,15.3743,,5.0000,-7.1448,-9.3653,1.0595,-14.0179,11.1111,-14.0179,0.0718,failed_base
dev,5,G,2024-04-05,14:10,NIFTY,2024-04-10,CE,22400,ITM1,5,True,22521.6800,193.0000,175.5000,191.0000,0.0000,0.0000,1.5690,3.6080,191.0000,1,,,0.0910,0.1165,0.6555,-11.7079,15.8120,10.7749,,0.0000,-8.2902,-7.5154,0.6736,-10.6736,12.6425,-10.6736,-0.0965,failed_base
dev,5,G,2024-04-08,13:35,NIFTY,2024-04-10,PE,22400,OTM2,2,False,22668.6400,21.3500,18.0500,21.2500,0.0000,0.0000,3.3000,5.0990,21.2500,1,,,0.0020,0.1554,-0.1533,-14.5217,33.5180,24.2739,,0.0000,-3.5129,1.6437,10.3044,-13.8173,10.3044,-18.5012,0.0192,failed_base
dev,5,G,2024-04-05,14:10,NIFTY,2024-04-10,CE,22500,ATM,5,True,22521.6800,130.3500,116.6500,128.7500,0.0000,0.0000,2.0350,3.9650,128.7500,1,,,0.0910,0.1129,0.5311,-12.3811,18.8598,13.0184,,0.0000,-10.3184,-9.0357,0.5754,-13.4254,14.3076,-13.4254,-0.0965,failed_base
dev,5,G,2024-04-08,11:45,NIFTY,2024-04-10,CE,22500,ITM1,2,False,22655.7900,197.2500,175.4000,193.0000,0.0000,0.0000,1.3210,1.0210,193.0000,1,,,0.1020,0.1457,0.7327,-20.8190,38.4550,,,105.0000,0.3549,0.6597,1.3942,-3.6248,23.1179,-4.5120,0.0078,session_end
dev,5,G,2024-04-09,12:40,NIFTY,2024-04-10,PE,22500,OTM2,1,False,22688.4800,21.9500,11.9500,16.3000,0.0000,0.0000,6.1690,4.2600,16.3000,1,,,-0.3333,0.1702,-0.1867,-21.8824,104.1841,40.9836,,5.0000,-25.9681,-23.4484,7.9727,-34.3964,27.7904,-41.6856,0.1190,failed_base
dev,5,G,2024-04-05,14:10,NIFTY,2024-04-10,CE,22600,OTM1,5,True,22521.6800,81.4000,71.4000,80.2500,0.0000,0.0000,2.0850,3.7120,80.2500,1,,,0.0910,0.1100,0.3964,-11.6512,22.8992,15.6695,,0.0000,-12.8378,-11.3976,0.4914,-16.1548,15.2948,-16.1548,-0.0965,failed_base
dev,5,G,2024-04-08,12:25,NIFTY,2024-04-10,CE,22600,ATM,2,False,22668.1800,132.0000,113.0500,129.0000,0.0000,0.0000,1.2040,2.0940,129.0000,1,,,0.1336,0.1364,0.6155,-24.1168,45.2012,28.2973,,65.0000,7.3485,4.0538,8.2576,-1.8182,24.3561,-10.8333,0.0622,failed_base
dev,5,G,2024-04-10,13:30,NIFTY,2024-04-10,CE,22600,ITM1,0,False,22720.4500,123.4500,92.5500,114.6000,0.0000,0.0000,1.9480,3.6350,114.6000,1,,,0.1029,0.2482,0.9221,-2.9982,49.3247,19.7902,,25.0000,3.1592,5.6559,11.9482,-10.2066,33.0903,-10.2066,0.0224,next_wave
dev,5,G,2024-04-09,12:25,NIFTY,2024-04-10,PE,22600,OTM1,1,False,22720.6500,31.9500,21.1000,28.9500,0.0000,0.0000,2.5360,2.4860,28.9500,1,,,-0.1919,0.1549,-0.2668,-31.0834,111.8483,38.7025,106.0219,20.0000,-1.5649,4.5296,39.9061,-14.3975,76.6823,-14.3975,-0.0356,next_wave
dev,5,G,2024-04-05,14:10,NIFTY,2024-04-10,CE,22700,OTM2,5,True,22521.6800,45.9000,39.4000,45.5000,0.0000,0.0000,1.9370,3.1280,45.5000,1,,,0.0910,0.1069,0.2672,-9.4981,28.5533,18.8549,,0.0000,-15.5773,-14.2963,1.3072,-18.9542,16.9935,-18.9542,-0.0965,failed_base
dev,5,G,2024-04-08,12:25,NIFTY,2024-04-10,CE,22700,OTM1,2,False,22668.1800,74.9000,63.0000,72.8000,0.0000,0.0000,1.9090,2.9480,72.8000,1,,,0.1336,0.1302,0.4457,-24.1027,58.0952,36.3454,,65.0000,9.4793,7.2623,10.8812,-2.4032,32.9773,-15.3538,0.0622,failed_base
dev,5,G,2024-04-10,13:45,NIFTY,2024-04-10,CE,22700,ATM,0,False,22732.4000,40.9000,20.5500,32.5000,0.0000,0.0000,1.5120,1.0020,32.5000,1,,,0.1494,0.1625,0.7331,-8.4982,112.8954,48.9143,,10.0000,-27.2616,-20.1019,6.9682,-45.3545,57.9462,-45.3545,-0.0466,failed_base
dev,5,G,2024-04-09,12:20,NIFTY,2024-04-10,PE,22700,ATM,1,False,22729.3300,56.3000,40.3500,53.4000,0.0000,0.0000,3.2570,4.0830,53.4000,1,,,-0.1616,0.1387,-0.4320,-44.2567,104.5849,33.8583,94.9634,25.0000,14.3872,19.4862,46.6252,-6.2167,89.0764,-6.2167,-0.0995,next_wave
dev,5,G,2024-04-08,12:25,NIFTY,2024-04-10,CE,22800,OTM2,2,False,22668.1800,35.8000,30.4500,35.3500,0.0000,0.0000,1.6100,2.3450,35.3500,1,,,0.1336,0.1244,0.2723,-18.1448,69.9507,45.3140,,65.0000,11.7318,9.3365,13.6872,-3.4916,44.5531,-20.9497,0.0622,failed_base
dev,5,G,2024-04-09,12:20,NIFTY,2024-04-10,PE,22800,ITM1,1,False,22729.3300,105.7500,78.9500,98.7500,0.0000,0.0000,1.9700,3.1310,98.7500,1,,,-0.0808,0.1272,-0.6679,-32.4796,82.2673,26.4420,71.8942,25.0000,14.3262,19.2994,36.0757,-5.0118,72.0567,-5.0118,-0.0995,next_wave
dev,5,G,2024-04-10,11:30,NIFTY,2024-04-10,PE,22800,ITM1,0,False,22691.3000,113.5500,79.4000,108.8500,0.0000,0.0000,1.3930,2.5960,108.8500,1,,,-0.0702,0.1840,-0.8876,-4.8528,58.0605,24.0239,,0.0000,-6.6931,-5.8437,2.1576,-16.0282,3.9190,-68.0317,0.0278,failed_base
dev,5,G,2024-04-16,12:10,NIFTY,2024-04-18,PE,21900,OTM2,2,False,22153.2700,16.1500,10.6500,15.3500,0.0000,0.0000,1.2900,2.7440,15.3500,1,,,-0.1763,0.1375,-0.1362,-11.1566,64.3192,21.1429,,0.0000,19.1950,14.7134,22.6006,-14.5511,98.4520,-14.5511,-0.0831,failed_base
dev,5,G,2024-04-16,12:05,NIFTY,2024-04-18,PE,22000,OTM1,2,False,22152.4700,30.9500,21.5500,29.0500,0.0000,0.0000,2.2380,1.3580,29.0500,1,,,-0.1799,0.1285,-0.2398,-16.7173,59.6288,20.4942,,5.0000,19.3861,22.4124,22.1325,-11.9548,87.2375,-16.6397,-0.0808,failed_base
dev,5,G,2024-04-18,12:25,NIFTY,2024-04-18,CE,22100,ITM1,0,False,22296.6500,202.3500,157.1000,201.1000,0.0000,0.0000,0.6170,0.8900,201.1000,1,,,0.1253,0.3460,0.9143,-5.7025,39.9427,77.8485,,25.0000,-2.6686,5.1552,8.6484,-7.2152,8.6484,-99.9753,-0.0220,failed_base
dev,5,G,2024-04-15,13:05,NIFTY,2024-04-18,PE,22100,OTM2,3,False,22350.9200,35.3500,20.5500,27.6500,0.0000,0.0000,4.0930,1.8080,27.6500,1,,,-0.2911,0.1491,-0.2037,-14.3169,79.0754,26.0870,,10.0000,-14.8515,-10.5288,4.1018,-21.6407,14.8515,-23.0552,0.0877,stalled
dev,5,G,2024-04-16,12:00,NIFTY,2024-04-18,PE,22100,ATM,2,False,22159.5200,56.1500,40.9000,51.9000,0.0000,0.0000,2.1840,1.8120,51.9000,1,,,-0.1479,0.1219,-0.3849,-20.9879,55.5012,19.2610,92.5998,10.0000,16.5628,19.5999,18.9671,-8.5485,76.1354,-19.8575,-0.1110,next_wave
dev,5,G,2024-04-18,13:35,NIFTY,2024-04-18,PE,22100,OTM1,0,False,22210.9500,26.9000,3.8500,7.1500,0.0000,0.0000,6.7030,7.3610,7.1500,1,,,-0.4348,0.5244,-0.2580,-26.9000,5622.0779,,,0.0000,0.0000,25.2862,296.4684,-20.8178,377.3234,-47.2119,-0.3311,session_end
dev,5,G,2024-04-18,12:25,NIFTY,2024-04-18,CE,22200,ATM,0,False,22296.6500,108.6500,71.4000,106.8500,0.0000,0.0000,0.5460,0.8900,106.8500,1,,,0.1253,0.2681,0.8068,-12.0024,76.4006,73.2037,,25.0000,-3.3134,19.2947,15.9227,-10.4924,15.9227,-99.9540,-0.0220,failed_base
dev,5,G,2024-04-15,13:05,NIFTY,2024-04-18,PE,22200,OTM1,3,False,22350.9200,55.7500,32.7000,44.0000,0.0000,0.0000,4.2720,1.8350,44.0000,1,,,-0.2911,0.1416,-0.2994,-17.3992,77.8287,25.1935,49.4253,10.0000,-14.2601,-11.0817,4.3049,-20.0000,16.5919,-21.9731,0.0877,next_wave
dev,5,G,2024-04-16,12:00,NIFTY,2024-04-18,PE,22200,ITM1,2,False,22159.5200,100.3500,76.1500,94.0000,0.0000,0.0000,1.6720,1.6150,94.0000,1,,,-0.1479,0.1157,-0.5795,-20.5103,46.6185,16.5249,72.0494,10.0000,14.6487,16.6819,15.3961,-7.1251,59.7907,-19.4320,-0.1110,next_wave
dev,5,G,2024-04-18,13:35,NIFTY,2024-04-18,PE,22200,ATM,0,False,22210.9500,60.6500,9.5500,17.9000,0.0000,0.0000,2.3500,4.2600,17.9000,1,,,-0.3900,0.5035,-0.4721,-58.4832,3070.6806,,,0.0000,38.4996,40.7439,182.7700,-8.5738,275.9275,-8.5738,-0.3311,session_end
dev,5,G,2024-04-18,12:45,NIFTY,2024-04-18,CE,22300,OTM1,0,False,22306.6500,38.5000,19.1500,37.1500,0.0000,0.0000,1.0530,0.7840,37.1500,1,,,0.1702,0.2225,0.5309,-31.2464,137.5979,54.6154,,5.0000,-21.4286,-11.5958,2.9870,-31.2987,6.4935,-99.8701,-0.0802,failed_base
dev,5,G,2024-04-15,13:00,NIFTY,2024-04-18,PE,22300,ATM,3,False,22376.6800,76.7500,54.1000,70.9000,0.0000,0.0000,2.1010,2.0260,70.9000,1,,,-0.1761,0.1350,-0.3888,-18.6963,70.2403,21.7698,44.9688,15.0000,-3.1922,-7.8426,20.0000,-4.8860,36.0912,-6.1238,0.0011,next_wave
dev,5,G,2024-04-18,13:35,NIFTY,2024-04-18,PE,22300,ITM1,0,False,22210.9500,116.5500,29.1500,48.0000,0.0000,0.0000,0.8720,3.1640,48.0000,1,,,-0.3900,0.4731,-0.7151,-27.4987,1238.7650,,,0.0000,45.5598,35.2282,114.1570,-6.5637,182.1536,-6.5637,-0.3311,session_end
dev,5,G,2024-04-15,13:00,NIFTY,2024-04-18,PE,22400,ITM1,3,False,22376.6800,118.7500,85.6500,109.9000,0.0000,0.0000,1.8130,1.7250,109.9000,1,,,-0.1761,0.1296,-0.5321,-18.7459,62.5219,20.0431,42.7673,15.0000,-2.7368,-3.8785,17.2211,-4.3368,33.8105,-6.2737,0.0011,next_wave
dev,5,G,2024-04-12,11:25,NIFTY,2024-04-18,CE,22600,ITM1,6,True,22701.2100,176.0500,141.1500,161.0000,0.0000,0.0000,1.0870,2.5880,161.0000,1,,,0.2681,0.1012,0.6348,-9.4014,29.9327,32.0065,,40.0000,0.9088,-4.3294,1.7325,-5.8222,4.1750,-45.8961,0.0176,failed_base
dev,5,G,2024-04-12,11:25,NIFTY,2024-04-18,CE,22700,ATM,6,True,22701.2100,116.5500,90.4500,105.5500,0.0000,0.0000,1.7690,3.0130,105.5500,1,,,0.2681,0.0986,0.5037,-9.7914,35.6551,37.1231,,40.0000,0.5577,-5.4150,1.8018,-7.4646,5.2767,-50.7937,0.0176,failed_base
dev,5,G,2024-04-12,11:25,NIFTY,2024-04-18,CE,22800,OTM1,6,True,22701.2100,70.7500,53.4500,63.9500,0.0000,0.0000,1.7220,3.2190,63.9500,1,,,0.2681,0.0961,0.3661,-8.9658,40.8793,42.2975,,40.0000,0.9187,-6.0797,2.4028,-9.1166,6.4311,-54.9117,0.0176,failed_base
dev,5,G,2024-04-12,12:25,NIFTY,2024-04-18,PE,22800,ITM1,6,True,22648.2600,204.2500,168.3000,202.3000,0.0000,0.0000,2.5980,7.8080,202.3000,1,,,-0.0602,0.0960,-0.7014,-8.1621,53.5651,13.4455,,25.0000,15.4468,9.9731,26.5361,-0.3427,38.5067,-0.3427,-0.1724,next_wave
dev,5,G,2024-04-12,11:25,NIFTY,2024-04-18,CE,22900,OTM2,6,True,22701.2100,38.8000,29.3500,35.6000,0.0000,0.0000,1.5700,2.6390,35.6000,1,,,0.2681,0.0939,0.2392,-7.1009,42.9302,45.6496,,40.0000,1.4175,-5.9531,2.5773,-11.3402,8.1186,-56.3144,0.0176,failed_base
dev,5,G,2024-04-19,11:35,NIFTY,2024-04-25,CE,21700,ITM1,6,True,21909.6600,308.4500,267.1500,300.2000,0.0000,0.0000,1.2310,2.3490,300.2000,1,,,0.1781,0.1640,0.6771,-13.9858,90.1553,,,165.0000,0.7619,-2.6940,5.3817,-1.7993,64.6944,-1.7993,0.0229,session_end
dev,5,G,2024-04-19,11:35,NIFTY,2024-04-25,CE,21800,ATM,6,True,21909.6600,238.1000,202.7500,230.8500,0.0000,0.0000,0.9190,2.0590,230.8500,1,,,0.1781,0.1573,0.6003,-14.5499,108.8533,,,165.0000,1.1130,-2.0744,6.6359,-2.1420,77.8454,-2.1420,0.0229,session_end
dev,5,G,2024-04-19,11:35,NIFTY,2024-04-25,CE,21900,OTM1,6,True,21909.6600,177.0000,146.9000,171.3000,0.0000,0.0000,1.3100,2.5070,171.3000,1,,,0.1781,0.1518,0.5123,-14.5488,132.9135,,,165.0000,0.5650,-1.6362,7.2034,-3.4463,93.3051,-3.4463,0.0229,session_end
dev,5,G,2024-04-19,11:35,NIFTY,2024-04-25,CE,22000,OTM2,6,True,21909.6600,124.5000,101.1000,119.0000,0.0000,0.0000,1.2780,2.5820,119.0000,1,,,0.1781,0.1458,0.4173,-13.6621,164.0950,,,165.0000,0.2008,-1.7891,7.9116,-4.4578,114.4578,-4.4578,0.0229,session_end
dev,5,G,2024-04-22,13:15,NIFTY,2024-04-25,PE,22100,OTM2,3,False,22254.9800,71.7000,58.2000,70.0000,0.0000,0.0000,1.5680,1.7480,70.0000,1,,,-0.2008,0.1662,-0.3210,-21.1249,37.4570,19.2500,,5.0000,-11.4365,-8.7405,8.4379,-13.0404,8.4379,-58.1590,0.0978,failed_base
dev,5,G,2024-04-22,11:05,NIFTY,2024-04-25,CE,22200,ITM1,3,False,22287.5900,177.6500,130.0000,161.1500,0.0000,0.0000,1.6450,1.0040,161.1500,1,,,0.3817,0.1560,0.6090,-21.2070,48.6923,21.1847,,60.0000,1.0414,3.1657,3.9403,-8.7532,40.3321,-15.7613,0.0114,failed_base
dev,5,G,2024-04-22,14:50,NIFTY,2024-04-25,CE,22200,ITM1,3,False,22328.9200,200.0500,160.7000,182.3500,0.0000,0.0000,2.1610,2.7050,182.3500,1,,,0.2342,0.1549,0.6615,-20.4888,,,,,7.3232,9.7385,10.1975,-4.4489,24.6188,-4.4489,0.1134,session_end
dev,5,G,2024-04-25,13:05,NIFTY,2024-04-25,CE,22200,ITM1,0,False,22479.3500,282.8500,201.6000,241.5500,0.0000,0.0000,2.6150,1.9880,241.5500,1,,,0.2992,0.4565,0.9508,-3.4986,122.2718,,,100.0000,-9.4750,-9.0709,1.3435,-12.6746,58.4232,-12.6746,-0.1183,session_end
dev,5,G,2024-04-22,13:05,NIFTY,2024-04-25,PE,22200,OTM1,3,False,22263.2700,103.0000,85.3500,102.1500,0.0000,0.0000,2.0250,1.9060,102.1500,1,,,-0.1636,0.1618,-0.4212,-22.8637,35.8524,16.5589,,15.0000,-2.7670,1.0152,12.5728,-6.0680,12.5728,-55.2913,0.0045,failed_base
dev,5,G,2024-04-23,13:25,NIFTY,2024-04-25,PE,22200,OTM2,2,False,22376.2400,34.0500,25.8000,33.5000,0.0000,0.0000,1.7400,2.7720,33.5000,1,,,-0.1762,0.1457,-0.2347,-19.1237,54.8450,26.2829,,0.0000,-12.1880,-8.9455,1.9090,-20.5580,8.3700,-29.5154,0.0706,failed_base
dev,5,G,2024-04-24,14:40,NIFTY,2024-04-25,PE,22200,OTM2,1,False,22392.1000,14.1000,8.8000,11.1500,0.0000,0.0000,6.0100,6.9340,11.1500,1,,,-0.3146,0.1551,-0.1473,-14.1000,86.3636,42.3780,,0.0000,-20.2128,-18.6258,0.0000,-30.8511,0.0000,-47.5177,0.0525,failed_base
dev,5,G,2024-04-22,11:05,NIFTY,2024-04-25,CE,22300,ATM,3,False,22287.5900,119.5500,84.0500,106.9500,0.0000,0.0000,2.2440,1.4030,106.9500,1,,,0.3817,0.1514,0.4868,-21.5479,56.8709,23.2840,,60.0000,0.2091,3.1319,3.6805,-10.9996,46.3404,-18.0259,0.0114,failed_base
dev,5,G,2024-04-22,14:50,NIFTY,2024-04-25,CE,22300,ATM,3,False,22328.9200,134.6000,106.2000,121.4500,0.0000,0.0000,2.3350,3.1860,121.4500,1,,,0.2342,0.1476,0.5408,-21.5790,,,,,8.6924,12.2131,12.4443,-5.3492,29.9777,-5.3492,0.1134,session_end
dev,5,G,2024-04-23,12:10,NIFTY,2024-04-25,CE,22300,ITM1,2,False,22409.6200,160.3500,130.6500,152.5000,0.0000,0.0000,1.3440,2.0100,152.5000,1,,,0.2424,0.1403,0.6777,-22.4209,28.8940,12.2625,,15.0000,-0.3118,-4.3862,5.0203,-4.1472,5.0203,-28.0948,0.0048,failed_base
dev,5,G,2024-04-24,10:35,NIFTY,2024-04-25,CE,22300,ITM1,1,False,22470.8700,193.0500,147.0000,185.5000,0.0000,0.0000,0.7210,1.2110,185.5000,1,,,0.2578,0.1566,0.8029,-21.5864,43.3333,14.0721,,15.0000,-1.0878,-1.1356,9.1427,-2.2274,9.1427,-37.9435,-0.0079,failed_base
dev,5,G,2024-04-25,13:05,NIFTY,2024-04-25,CE,22300,ATM,0,False,22479.3500,190.7000,114.7000,148.6000,0.0000,0.0000,2.7570,1.7090,148.6000,1,,,0.2992,0.4405,0.8640,-11.3486,205.3182,,,100.0000,-13.5291,-2.8081,1.1536,-18.3534,83.6392,-18.3534,-0.1183,session_end
dev,5,G,2024-04-22,13:05,NIFTY,2024-04-25,PE,22300,ATM,3,False,22263.2700,146.3000,123.4000,146.1000,0.0000,0.0000,1.6780,1.5720,146.1000,1,,,-0.1636,0.1552,-0.5427,-22.2821,32.8201,14.3075,,15.0000,-1.2987,1.0231,12.0301,-3.9986,12.0301,-51.7088,0.0045,failed_base
dev,5,G,2024-04-24,14:40,NIFTY,2024-04-25,PE,22300,OTM1,1,False,22392.1000,31.7000,17.1500,21.9000,0.0000,0.0000,5.3320,6.4210,21.9000,1,,,-0.3004,0.1434,-0.2933,-31.6856,108.7464,48.8827,,0.0000,-18.2965,-16.6239,0.4732,-29.3375,0.4732,-44.0063,0.0525,failed_base
dev,5,G,2024-04-22,11:05,NIFTY,2024-04-25,CE,22400,OTM1,3,False,22287.5900,73.7500,50.3000,64.3000,0.0000,0.0000,2.2050,1.4330,64.3000,1,,,0.3817,0.1463,0.3588,-19.2661,64.1153,26.7717,,60.0000,-0.7458,3.7786,3.6610,-13.3559,51.5932,-20.6780,0.0114,failed_base
dev,5,G,2024-04-22,14:50,NIFTY,2024-04-25,CE,22400,OTM1,3,False,22328.9200,82.7000,63.6000,73.7500,0.0000,0.0000,2.8720,3.4730,73.7500,1,,,0.2342,0.1413,0.4047,-20.0667,,,,,10.3386,15.9598,14.3289,-6.5296,35.1874,-6.5296,0.1134,session_end
dev,5,G,2024-04-23,12:10,NIFTY,2024-04-25,CE,22400,ATM,2,False,22409.6200,96.9500,76.2500,91.5500,0.0000,0.0000,1.4970,2.2460,91.5500,1,,,0.2424,0.1346,0.5185,-24.8421,35.0164,15.4930,,15.0000,-0.7220,-3.7619,6.1888,-5.7246,6.1888,-34.8118,0.0048,failed_base
dev,5,G,2024-04-25,13:05,NIFTY,2024-04-25,CE,22400,OTM1,0,False,22479.3500,108.4000,47.4500,70.0000,0.0000,0.0000,2.7770,1.7510,70.0000,1,,,0.2992,0.4079,0.7003,-29.0485,427.9241,,,100.0000,-22.2325,-11.0668,1.2454,-30.1199,131.0886,-30.1199,-0.1183,session_end
dev,5,G,2024-04-22,13:05,NIFTY,2024-04-25,PE,22400,ITM1,3,False,22263.2700,203.4500,174.0500,202.9000,0.0000,0.0000,1.4690,1.5620,202.9000,1,,,-0.1636,0.1502,-0.6680,-19.3310,29.1296,12.2581,,15.0000,-0.9093,0.1612,10.4694,-3.0720,10.4694,-46.5225,0.0045,failed_base
dev,5,G,2024-04-24,14:40,NIFTY,2024-04-25,PE,22400,ATM,1,False,22392.1000,68.6500,38.5500,47.0000,0.0000,0.0000,4.9250,6.8120,47.0000,1,,,-0.3004,0.1359,-0.5179,-52.4420,91.0506,40.2580,,0.0000,-14.8580,-13.7471,0.0000,-25.2003,0.0000,-37.3634,0.0525,failed_base
dev,5,G,2024-04-22,11:05,NIFTY,2024-04-25,CE,22500,OTM2,3,False,22287.5900,41.1500,27.5500,35.4500,0.0000,0.0000,2.0710,1.1850,35.4500,1,,,0.3817,0.1417,0.2387,-14.8945,69.5100,28.4797,,60.0000,-2.5516,1.4840,2.0656,-16.2819,55.0425,-22.4787,0.0114,failed_base
dev,5,G,2024-04-22,14:50,NIFTY,2024-04-25,CE,22500,OTM2,3,False,22328.9200,44.7000,33.9000,40.6500,0.0000,0.0000,2.3810,3.7030,40.6500,1,,,0.2342,0.1347,0.2688,-15.7188,,,,,13.6465,21.0292,17.8971,-7.6063,42.7293,-7.6063,0.1134,session_end
dev,5,G,2024-04-23,12:15,NIFTY,2024-04-25,CE,22500,OTM1,2,False,22415.7400,52.3500,39.4500,49.7500,0.0000,0.0000,2.8820,1.6920,49.7500,1,,,0.2130,0.1287,0.3532,-21.6019,37.6426,19.7974,,5.0000,-16.1414,-20.9972,3.5339,-16.8099,3.5339,-44.5081,-0.0992,failed_base
dev,5,G,2024-04-24,10:35,NIFTY,2024-04-25,CE,22500,OTM1,1,False,22470.8700,55.8500,36.6500,52.3500,0.0000,0.0000,1.5140,2.0520,52.3500,1,,,0.2578,0.1348,0.4350,-39.4502,82.4011,27.5991,,15.0000,-3.4915,-0.8528,19.6956,-4.8344,19.6956,-62.6679,-0.0079,failed_base
dev,5,G,2024-04-25,13:05,NIFTY,2024-04-25,CE,22500,OTM2,0,False,22479.3500,54.0500,19.4500,29.6500,0.0000,0.0000,4.0910,1.8260,29.6500,1,,,0.2992,0.4284,0.4501,-53.7057,221.3368,62.9600,573.2181,0.0000,-33.8575,-34.0340,1.5726,-42.0907,188.3441,-42.0907,-0.1183,next_wave
dev,5,G,2024-04-24,14:40,NIFTY,2024-04-25,PE,22500,ITM1,1,False,22392.1000,131.0000,80.8500,95.4000,0.0000,0.0000,2.6960,5.3020,95.4000,1,,,-0.3004,0.1319,-0.7519,-23.0986,70.1917,,,0.0000,-9.2748,-8.7174,-0.1527,-19.0458,-0.1527,-26.2214,0.0525,session_end
dev,5,G,2024-04-23,12:15,NIFTY,2024-04-25,CE,22600,OTM2,2,False,22415.7400,22.6000,16.5500,21.2000,0.0000,0.0000,2.6160,1.0600,21.2000,1,,,0.2130,0.1233,0.1940,-13.7397,41.9940,17.8723,,5.0000,-20.3540,-26.8082,3.3186,-20.7965,3.3186,-51.3274,-0.0992,failed_base
dev,5,G,2024-04-29,12:05,NIFTY,2024-05-02,CE,22400,ITM1,3,False,22620.9100,260.2500,228.6500,246.3500,0.0000,0.0000,2.5200,1.8850,246.3500,1,,,0.1313,0.1424,0.7728,-14.7629,16.0070,10.5749,29.4266,5.0000,-1.0951,-1.1248,1.8060,-8.8569,20.2690,-8.8569,-0.0196,next_wave
dev,5,G,2024-04-26,13:35,NIFTY,2024-05-02,PE,22400,OTM2,6,True,22481.2900,99.6500,70.7500,87.6500,0.0000,0.0000,4.8290,3.9140,87.6500,1,,,-0.3339,0.1182,-0.4028,-11.3509,49.0459,26.3632,,10.0000,-6.0712,-2.6852,5.8204,-9.6337,5.8204,-26.0411,0.0489,failed_base
dev,5,G,2024-05-02,11:25,NIFTY,2024-05-02,PE,22400,OTM2,0,False,22665.2000,6.3000,3.5000,5.6000,0.0000,0.0000,1.8860,2.3250,5.6000,1,,,-0.1535,0.3803,-0.0753,-6.3000,160.0000,59.3407,,0.0000,-49.2063,-40.4966,6.3492,-53.9683,6.3492,-99.2063,0.2268,failed_base
dev,5,G,2024-04-29,12:05,NIFTY,2024-05-02,CE,22500,ATM,3,False,22620.9100,181.1500,155.6000,170.7500,0.0000,0.0000,1.9280,1.6760,170.7500,1,,,0.1313,0.1322,0.6707,-17.1108,19.8907,12.9992,38.0160,5.0000,-0.6348,2.2730,2.6773,-10.4057,26.2214,-10.4057,-0.0196,next_wave
dev,5,G,2024-05-02,11:40,NIFTY,2024-05-02,CE,22500,ITM1,0,False,22726.4500,233.1500,169.0000,227.5000,0.0000,0.0000,0.7360,1.8200,227.5000,1,,,0.1020,0.3526,0.9133,-6.7022,42.7219,20.8333,,0.0000,-4.2462,-5.4659,3.1310,-12.4169,3.1310,-37.1864,-0.0440,failed_base
dev,5,G,2024-04-26,13:35,NIFTY,2024-05-02,PE,22500,OTM1,6,True,22481.2900,142.0500,103.7500,125.8500,0.0000,0.0000,2.5830,3.3180,125.8500,1,,,-0.3339,0.1145,-0.5189,-11.3422,44.7229,23.9427,,10.0000,-5.1742,-2.2072,5.7022,-8.2717,5.7022,-23.2665,0.0489,failed_base
dev,5,G,2024-04-30,13:15,NIFTY,2024-05-02,PE,22500,OTM2,2,False,22730.5200,24.7000,19.5000,22.9000,0.0000,0.0000,2.3680,1.3900,22.9000,1,,,-0.1409,0.1473,-0.1789,-15.7465,33.8462,21.0728,,5.0000,-20.8502,-19.3311,5.2632,-21.2551,54.0486,-39.0688,0.1228,failed_base
dev,5,G,2024-05-02,11:25,NIFTY,2024-05-02,PE,22500,OTM1,0,False,22665.2000,12.4500,6.5000,11.1000,0.0000,0.0000,1.6000,1.9920,11.1000,1,,,-0.1535,0.3275,-0.1496,-12.4500,133.8462,54.2763,,0.0000,-50.6024,-57.0187,8.0321,-57.8313,8.0321,-99.5984,0.2268,failed_base
dev,5,G,2024-04-29,12:05,NIFTY,2024-05-02,CE,22600,OTM1,3,False,22620.9100,114.9000,95.4000,107.1000,0.0000,0.0000,2.9330,1.8940,107.1000,1,,,0.1313,0.1245,0.5339,-18.0611,25.5765,16.8614,,5.0000,-0.3916,2.4745,3.7859,-13.3159,31.7232,-13.3159,-0.0196,failed_base
dev,5,G,2024-04-29,13:30,NIFTY,2024-05-02,CE,22600,OTM1,3,False,22657.3800,139.2000,106.2000,118.7000,0.0000,0.0000,3.0270,3.1170,118.7000,1,,,0.1685,0.1304,0.5858,-18.7066,41.6667,,,60.0000,1.8678,4.0017,4.3463,-8.0819,8.7284,-8.2974,0.0166,session_end
dev,5,G,2024-05-02,11:40,NIFTY,2024-05-02,CE,22600,ATM,0,False,22726.4500,138.8500,100.1500,134.6500,0.0000,0.0000,0.7010,1.8800,134.6500,1,,,0.1163,0.2826,0.8281,-12.4022,45.2322,31.5916,,0.0000,-6.6259,-4.1737,4.3212,-19.0133,4.3212,-66.6187,-0.0440,failed_base
dev,5,G,2024-04-26,13:35,NIFTY,2024-05-02,PE,22600,ATM,6,True,22481.2900,198.3500,148.2000,175.3500,0.0000,0.0000,2.2870,2.9800,175.3500,1,,,-0.3339,0.1126,-0.6380,-10.4100,39.9123,20.3038,,10.0000,-4.5626,-2.1811,4.5374,-7.2095,4.5374,-20.5445,0.0489,failed_base
dev,5,G,2024-05-02,11:25,NIFTY,2024-05-02,PE,22600,ATM,0,False,22665.2000,25.3500,12.4000,23.2000,0.0000,0.0000,1.8420,2.2010,23.2000,1,,,-0.1535,0.2643,-0.3058,-25.3500,154.4355,55.9429,,0.0000,-51.8738,-59.1289,6.7061,-59.5661,6.7061,-99.8028,0.2268,failed_base
dev,5,G,2024-04-29,12:05,NIFTY,2024-05-02,CE,22700,OTM2,3,False,22620.9100,63.7000,50.8000,58.9000,0.0000,0.0000,2.7100,1.9830,58.9000,1,,,0.1313,0.1171,0.3759,-16.0733,33.7598,20.7506,66.5738,5.0000,0.3925,0.8080,5.4945,-15.4631,40.8163,-15.4631,-0.0196,next_wave
dev,5,G,2024-04-26,13:35,NIFTY,2024-05-02,PE,22700,ITM1,6,True,22481.2900,265.6500,205.0500,237.8500,0.0000,0.0000,2.0380,3.1760,237.8500,1,,,-0.3339,0.1100,-0.7493,-8.4688,35.0890,17.7978,,10.0000,-3.8020,-0.6896,4.2725,-5.6089,4.2725,-17.4478,0.0489,failed_base
dev,5,G,2024-05-02,11:25,NIFTY,2024-05-02,PE,22700,ITM1,0,False,22665.2000,62.0500,34.0500,59.3500,0.0000,0.0000,1.4270,2.5210,59.3500,1,,,-0.1535,0.2170,-0.6275,-27.2458,127.7533,52.4178,,0.0000,-47.6229,-63.5861,5.9629,-56.3255,5.9629,-74.2143,0.2268,failed_base
dev,5,G,2024-05-02,14:25,NIFTY,2024-05-02,PE,22700,ITM1,0,False,22662.4500,47.1500,22.7000,43.3500,0.0000,0.0000,2.5650,3.5480,43.3500,1,,,-0.1742,0.2367,-0.7349,-9.6005,176.6520,55.5732,,0.0000,-39.9788,17.5539,23.7540,-43.2662,23.7540,-66.0657,0.0620,failed_base
dev,5,G,2024-04-30,12:15,NIFTY,2024-05-02,CE,22800,OTM1,2,False,22762.1200,62.8500,48.2500,62.7500,0.0000,0.0000,1.2350,0.6700,62.7500,1,,,0.0590,0.1157,0.4270,-21.2363,38.8601,22.1642,,25.0000,-7.7168,-8.7180,6.6030,-17.0247,11.6150,-76.5314,-0.0340,failed_base
dev,5,G,2024-04-30,12:15,NIFTY,2024-05-02,CE,22900,OTM2,2,False,22762.1200,26.1000,19.1000,25.9500,0.0000,0.0000,1.0550,0.6630,25.9500,1,,,0.0590,0.1090,0.2357,-14.3816,46.5969,25.5357,,25.0000,-9.0038,-9.7553,7.2797,-20.1149,9.7701,-83.1418,-0.0340,failed_base
dev,5,G,2024-05-09,12:55,NIFTY,2024-05-09,PE,22100,OTM2,0,False,22048.7500,80.7000,25.3500,49.6000,0.0000,0.0000,2.6200,3.1700,49.6000,1,,,-0.2960,0.3375,-0.6546,-29.4529,288.7574,53.0188,,35.0000,22.1190,59.8366,22.1190,-20.3841,88.9715,-55.9480,-0.1626,failed_base
dev,5,G,2024-05-09,14:50,NIFTY,2024-05-09,PE,22100,OTM2,0,False,21987.6000,113.2000,46.3000,98.5500,0.0000,0.0000,0.6080,1.3720,98.5500,1,,,-0.2852,0.3185,-0.9667,-0.7994,,,,,27.9594,46.1878,34.7173,-18.7279,34.7173,-18.7279,-0.1460,session_end
dev,5,G,2024-05-08,13:55,NIFTY,2024-05-09,PE,22200,ATM,1,False,22303.2500,41.4000,26.5500,39.9000,0.0000,0.0000,2.5230,2.2240,39.9000,1,,,-0.3744,0.1731,-0.3082,-40.9538,95.6685,42.2522,,5.0000,10.7488,1.3544,35.9903,-27.5362,35.9903,-35.7488,-0.1169,failed_base
dev,5,G,2024-05-09,12:55,NIFTY,2024-05-09,PE,22200,OTM1,0,False,22048.7500,158.6000,68.0000,110.8500,0.0000,0.0000,1.3370,2.3290,110.8500,1,,,-0.2960,0.3356,-0.8817,-7.3530,178.4559,37.1534,,40.0000,19.1047,44.3376,19.1047,-11.2863,59.3001,-24.9685,-0.1626,next_wave
dev,5,G,2024-05-06,13:00,NIFTY,2024-05-09,PE,22300,OTM2,3,False,22488.9400,64.0000,44.8000,61.4000,0.0000,0.0000,1.1180,2.1590,61.4000,1,,,-0.1256,0.1681,-0.2903,-20.4235,85.1563,31.1031,,40.0000,22.8906,16.7292,24.5313,-8.4375,29.6094,-24.6875,-0.2004,failed_base
dev,5,G,2024-05-08,13:55,NIFTY,2024-05-09,PE,22300,ITM1,1,False,22303.2500,80.0000,49.6500,72.6500,0.0000,0.0000,2.1990,2.3910,72.6500,1,,,-0.3744,0.1698,-0.4917,-61.2765,92.6485,37.2190,,5.0000,10.7500,0.8672,29.3750,-24.9375,29.3750,-29.3125,-0.1169,failed_base
dev,5,G,2024-05-09,12:50,NIFTY,2024-05-09,PE,22300,ATM,0,False,22080.9500,222.1000,125.5500,180.0000,0.0000,0.0000,2.4820,1.4100,180.0000,1,,,-0.2956,0.3506,-0.9464,-3.0496,129.9482,25.8919,,40.0000,14.8582,30.0406,23.7055,-2.3413,58.5097,-3.6695,-0.1590,next_wave
dev,5,G,2024-05-06,11:00,NIFTY,2024-05-09,CE,22400,ITM1,3,False,22547.3800,221.9000,180.0000,217.1500,0.0000,0.0000,0.8350,0.6880,217.1500,1,,,0.1204,0.1621,0.6698,-20.7632,33.9444,16.5906,,15.0000,-11.7170,-11.5427,8.6525,-16.9671,8.6525,-35.3538,-0.1764,failed_base
dev,5,G,2024-05-06,13:00,NIFTY,2024-05-09,PE,22400,OTM1,3,False,22488.9400,95.8000,69.5000,92.1500,0.0000,0.0000,1.4030,1.9410,92.1500,1,,,-0.1256,0.1644,-0.3937,-22.9768,74.9640,27.6316,,40.0000,20.8246,14.4945,22.5992,-7.5678,26.9311,-19.8852,-0.2004,failed_base
dev,5,G,2024-05-09,12:50,NIFTY,2024-05-09,PE,22400,ITM1,0,False,22080.9500,320.6500,220.5500,276.4000,0.0000,0.0000,2.0140,1.2080,276.4000,1,,,-0.2956,0.4225,-0.9739,-1.5997,76.2866,19.2901,,40.0000,11.0245,22.0531,16.7628,-1.5905,41.2755,-2.1363,-0.1590,next_wave
dev,5,G,2024-05-06,11:10,NIFTY,2024-05-09,CE,22500,ATM,3,False,22558.0700,161.8500,126.4000,161.1000,0.0000,0.0000,1.1440,0.5240,161.1000,1,,,0.3094,0.1560,0.5728,-22.0482,37.6978,19.0463,,5.0000,-15.4773,-13.8920,1.2666,-20.7600,1.2666,-41.5199,-0.2306,failed_base
dev,5,G,2024-05-06,13:00,NIFTY,2024-05-09,PE,22500,ATM,3,False,22488.9400,138.3000,104.0000,133.8500,0.0000,0.0000,1.1830,1.9570,133.8500,1,,,-0.1256,0.1604,-0.5100,-23.4090,65.0962,23.8789,,40.0000,18.7997,12.6285,20.3181,-6.0014,24.1504,-15.4736,-0.2004,failed_base
dev,5,G,2024-05-07,13:45,NIFTY,2024-05-09,CE,22600,OTM1,2,False,22329.7100,28.4500,21.1000,27.6000,0.0000,0.0000,1.7880,1.8870,27.6000,1,,,0.2686,0.1736,0.1805,-18.3764,41.7062,21.0702,,5.0000,-4.5694,-0.7296,4.0422,-17.0475,4.0422,-37.4341,-0.0020,failed_base
dev,5,G,2024-05-03,13:00,NIFTY,2024-05-09,PE,22600,OTM2,6,True,22463.0200,233.8000,172.1500,215.0000,0.0000,0.0000,1.1110,2.0790,215.0000,1,,,-0.4023,0.1343,-0.6329,-12.4383,65.0305,30.4646,,60.0000,-9.4098,-18.9530,6.0094,-12.0830,21.5141,-27.8871,0.1327,failed_base
dev,5,G,2024-05-06,13:00,NIFTY,2024-05-09,PE,22600,ITM1,3,False,22488.9400,194.0000,151.0500,187.6500,0.0000,0.0000,0.9710,1.9050,187.6500,1,,,-0.1256,0.1581,-0.6291,-21.5804,55.0811,27.3853,,40.0000,16.2887,10.8375,17.7577,-5.2577,20.7474,-12.3196,-0.2004,failed_base
dev,5,G,2024-05-07,13:45,NIFTY,2024-05-09,CE,22700,OTM2,2,False,22329.7100,16.5000,13.1500,16.3000,0.0000,0.0000,1.2350,1.3630,16.3000,1,,,0.2686,0.1794,0.1131,-12.4066,31.9392,21.3256,,0.0000,-6.0606,-1.8388,3.3333,-17.2727,3.3333,-35.1515,-0.0020,failed_base
dev,5,G,2024-05-03,13:00,NIFTY,2024-05-09,PE,22700,OTM1,6,True,22463.0200,301.9500,230.2000,276.0000,0.0000,0.0000,1.2450,2.0270,276.0000,1,,,-0.4023,0.1339,-0.7241,-10.8554,55.2346,26.3887,,60.0000,-8.0146,-16.6772,5.0505,-10.2500,18.3474,-23.6297,0.1327,failed_base
dev,5,G,2024-05-03,13:00,NIFTY,2024-05-09,PE,22800,ATM,6,True,22463.0200,381.2000,298.2000,350.5000,0.0000,0.0000,1.1930,1.8450,350.5000,1,,,-0.4023,0.1367,-0.7968,-9.1952,47.5352,22.8776,,60.0000,-7.2009,-14.8373,3.6857,-9.2340,15.4119,-20.0157,0.1327,failed_base
dev,5,G,2024-05-03,13:00,NIFTY,2024-05-09,PE,22900,ITM1,6,True,22463.0200,463.8500,375.7000,431.4000,0.0000,0.0000,1.1970,1.9480,431.4000,1,,,-0.4023,0.1356,-0.8612,-6.9343,40.0053,19.5722,,60.0000,-5.4220,-9.9653,3.7081,-7.4593,13.3987,-16.6756,0.1327,failed_base
dev,5,G,2024-05-10,13:15,NIFTY,2024-05-16,PE,21800,OTM2,6,True,22007.7000,81.7500,61.0000,79.3000,0.0000,0.0000,1.2070,0.9760,79.3000,1,,,-0.2249,0.1465,-0.3045,-12.3302,40.4918,29.1132,,10.0000,-20.7339,-18.7483,4.8318,-25.6881,4.8318,-38.4709,0.2199,failed_base
dev,5,G,2024-05-13,12:35,NIFTY,2024-05-16,CE,21900,ITM1,3,False,22039.6700,214.4000,155.9500,197.1000,0.0000,0.0000,0.5710,1.1040,197.1000,1,,,0.4073,0.1643,0.6646,-20.9881,46.7778,27.4792,,15.0000,-5.2239,-1.9728,6.7631,-10.4478,34.9114,-31.5998,-0.0833,failed_base
dev,5,G,2024-05-10,13:15,NIFTY,2024-05-16,PE,21900,OTM1,6,True,22007.7000,113.2000,87.1500,109.2000,0.0000,0.0000,1.2180,1.1690,109.2000,1,,,-0.2249,0.1427,-0.3911,-13.2857,36.4314,26.5349,,10.0000,-18.2862,-15.3149,5.0353,-22.8357,5.0353,-34.7615,0.2199,failed_base
dev,5,G,2024-05-13,12:35,NIFTY,2024-05-16,CE,22000,ATM,3,False,22039.6700,152.0000,105.5500,137.8000,0.0000,0.0000,1.5280,2.5540,137.8000,1,,,0.4073,0.1616,0.5506,-22.8165,54.2871,30.8259,,15.0000,-6.7105,-4.0364,7.1382,-12.8618,40.4934,-37.4013,-0.0833,failed_base
dev,5,G,2024-05-10,13:15,NIFTY,2024-05-16,PE,22000,ATM,6,True,22007.7000,154.3000,122.2500,148.9500,0.0000,0.0000,1.3460,0.9380,148.9500,1,,,-0.2249,0.1396,-0.4881,-13.5264,31.4110,23.4360,,10.0000,-16.2994,-14.0851,4.1154,-20.2852,4.1154,-31.0110,0.2199,failed_base
dev,5,G,2024-05-13,12:35,NIFTY,2024-05-16,CE,22100,OTM1,3,False,22039.6700,100.9000,67.1500,91.0000,0.0000,0.0000,1.8620,2.7010,91.0000,1,,,0.4073,0.1583,0.4286,-22.1303,62.5465,36.3262,,15.0000,-7.5818,-5.0177,8.1764,-14.8662,48.4143,-42.0714,-0.0833,failed_base
dev,5,G,2024-05-14,13:00,NIFTY,2024-05-16,CE,22100,ITM1,2,False,22236.7500,189.8500,136.6500,169.4500,0.0000,0.0000,1.4540,2.1730,169.4500,1,,,0.2589,0.1609,0.6951,-24.9512,45.1518,16.7633,,10.0000,-1.6592,-5.7470,4.4772,-13.0366,16.5394,-17.5138,-0.0082,failed_base
dev,5,G,2024-05-14,14:05,NIFTY,2024-05-16,CE,22100,ITM1,2,False,22279.6400,219.4500,165.1000,203.5000,0.0000,0.0000,1.3610,0.8700,203.5000,1,,,0.1929,0.1601,0.7512,-21.9494,34.0097,21.8079,,5.0000,-13.1237,-8.0735,0.7063,-21.1666,0.7063,-28.6398,-0.1605,failed_base
dev,5,G,2024-05-10,13:15,NIFTY,2024-05-16,PE,22100,ITM1,6,True,22007.7000,204.9500,166.3500,197.8500,0.0000,0.0000,0.7770,0.6330,197.8500,1,,,-0.2249,0.1360,-0.5900,-12.8052,27.8329,20.8088,,10.0000,-13.8570,-11.7297,3.7570,-17.8336,3.7570,-27.0310,0.2199,failed_base
dev,5,G,2024-05-13,12:35,NIFTY,2024-05-16,CE,22200,OTM2,3,False,22039.6700,62.9000,40.5500,56.4500,0.0000,0.0000,1.8530,2.8880,56.4500,1,,,0.4073,0.1561,0.3101,-19.1773,69.4205,40.9753,,15.0000,-8.9030,-4.0732,9.2210,-17.4881,56.3593,-46.1049,-0.0833,failed_base
dev,5,G,2024-05-14,13:00,NIFTY,2024-05-16,CE,22200,ATM,2,False,22236.7500,123.8500,83.3000,107.4000,0.0000,0.0000,1.8540,2.6650,107.4000,1,,,0.2589,0.1553,0.5579,-28.3823,58.1032,20.7669,,5.0000,-1.6149,-1.9338,5.4905,-15.7449,20.3068,-21.4372,-0.0082,failed_base
dev,5,G,2024-05-14,14:05,NIFTY,2024-05-16,CE,22200,ATM,2,False,22279.6400,148.0500,104.3500,134.3000,0.0000,0.0000,1.2400,1.0260,134.3000,1,,,0.1929,0.1552,0.6226,-27.3643,42.7887,26.8456,,5.0000,-16.7849,-11.1694,0.6417,-26.3762,0.6417,-34.2790,-0.1605,failed_base
dev,5,G,2024-05-15,14:55,NIFTY,2024-05-16,CE,22200,ITM1,1,False,22222.1400,84.0000,54.7500,76.6500,0.0000,0.0000,1.3020,1.6270,76.6500,1,,,0.2204,0.1543,0.5501,-58.4541,73.1507,31.3291,,15.0000,-16.0119,-13.5588,12.8571,-22.5000,12.8571,-22.5000,-0.0766,failed_base
dev,5,G,2024-05-14,11:20,NIFTY,2024-05-16,CE,22300,OTM1,2,False,22183.9800,57.6000,35.8000,54.7500,0.0000,0.0000,1.7670,0.9770,54.7500,1,,,0.4046,0.1543,0.3327,-24.5795,69.6927,25.1029,,5.0000,-2.0833,1.3089,3.6458,-19.3576,57.2049,-21.0069,0.0133,failed_base
dev,5,G,2024-05-14,13:00,NIFTY,2024-05-16,CE,22300,OTM1,2,False,22236.7500,72.6500,45.5000,60.8500,0.0000,0.0000,2.9520,3.2130,60.8500,1,,,0.2589,0.1500,0.4036,-26.6937,72.1978,24.9521,,5.0000,-3.2347,-6.6816,7.3641,-19.0640,24.6387,-27.5292,-0.0082,failed_base
dev,5,G,2024-05-14,14:05,NIFTY,2024-05-16,CE,22300,OTM1,2,False,22279.6400,89.5000,58.8000,79.0000,0.0000,0.0000,2.5190,1.8150,79.0000,1,,,0.1929,0.1488,0.4695,-27.9556,53.9966,32.6339,,5.0000,-20.3911,-11.4401,0.8939,-31.8436,0.8939,-41.1732,-0.1605,failed_base
dev,5,G,2024-05-15,14:55,NIFTY,2024-05-16,CE,22300,ATM,1,False,22222.1400,39.8500,25.1000,37.4000,0.0000,0.0000,1.4530,1.7590,37.4000,1,,,0.2204,0.1535,0.3349,-39.8283,84.0637,37.4459,,15.0000,-19.0715,-16.0890,15.9348,-27.4780,15.9348,-27.4780,-0.0766,failed_base
dev,5,G,2024-05-14,11:20,NIFTY,2024-05-16,CE,22400,OTM2,2,False,22183.9800,30.9000,19.2000,29.4000,0.0000,0.0000,1.6920,0.8530,29.4000,1,,,0.4046,0.1538,0.2088,-17.8419,68.2292,28.6378,,5.0000,-4.5307,0.1612,3.8835,-22.4919,58.2524,-25.4045,0.0133,failed_base
dev,5,G,2024-05-14,13:00,NIFTY,2024-05-16,CE,22400,OTM2,2,False,22236.7500,37.9500,23.0500,31.2000,0.0000,0.0000,2.7370,3.9050,31.2000,1,,,0.2589,0.1463,0.2568,-20.2221,83.5141,29.3144,,5.0000,-3.2938,-7.3997,9.3544,-21.2121,28.8538,-33.9921,-0.0082,failed_base
dev,5,G,2024-05-16,12:15,NIFTY,2024-05-16,CE,22400,OTM1,0,False,22281.7000,10.5000,2.0500,3.7000,0.0000,0.0000,5.2410,2.6520,3.7000,1,,,0.7342,0.2810,0.1646,-10.5000,587.8049,79.4326,,10.0000,-72.8571,-117.8852,34.2857,-76.6667,210.4762,-97.6190,-0.5650,failed_base
dev,5,G,2024-05-17,10:35,NIFTY,2024-05-23,CE,22300,ITM1,6,True,22441.8900,233.8500,179.7500,227.8000,0.0000,0.0000,0.8450,1.1900,227.8000,1,,,0.2003,0.1313,0.6469,-11.8729,45.0904,16.7945,,85.0000,4.0197,4.3135,8.2745,-6.5640,14.3040,-7.3551,0.0627,failed_base
dev,5,G,2024-05-17,10:35,NIFTY,2024-05-23,CE,22400,ATM,6,True,22441.8900,171.2000,125.7500,166.4500,0.0000,0.0000,1.4900,2.3340,166.4500,1,,,0.2003,0.1282,0.5472,-12.4493,52.7634,20.6403,,85.0000,4.3516,5.5253,9.8131,-9.1121,15.0701,-11.0105,0.0627,failed_base
dev,5,G,2024-05-21,13:05,NIFTY,2024-05-23,CE,22400,ITM1,2,False,22585.9300,229.1000,184.0000,218.9500,0.0000,0.0000,1.1930,1.7840,218.9500,1,,,0.2147,0.1655,0.7466,-23.0450,35.2174,19.4534,,5.0000,-3.9284,-1.0368,2.0952,-12.5273,2.0952,-24.4435,-0.0415,failed_base
dev,5,G,2024-05-22,14:25,NIFTY,2024-05-23,CE,22400,ITM1,1,False,22603.4800,222.4000,192.6000,222.2000,0.0000,0.0000,0.7320,1.4660,222.2000,1,,,0.0920,0.1757,0.8329,-18.9196,20.0675,19.5459,,30.0000,-7.8687,-9.4515,3.9793,-7.8687,8.4308,-16.3444,-0.0921,failed_base
dev,5,G,2024-05-17,10:35,NIFTY,2024-05-23,CE,22500,OTM1,6,True,22441.8900,118.9000,83.2500,115.3500,0.0000,0.0000,1.4600,1.8930,115.3500,1,,,0.2003,0.1251,0.4398,-12.1027,61.2613,17.8399,,85.0000,4.8780,6.5404,11.8167,-10.4289,15.6013,-15.4331,0.0627,failed_base
dev,5,G,2024-05-21,13:05,NIFTY,2024-05-23,CE,22500,ATM,2,False,22585.9300,154.8500,119.3500,147.8000,0.0000,0.0000,1.2650,1.8330,147.8000,1,,,0.2147,0.1561,0.6283,-27.3385,44.7005,24.1170,,5.0000,-4.2299,-0.3347,2.8737,-15.3697,2.8737,-29.3833,-0.0415,failed_base
dev,5,G,2024-05-23,12:05,NIFTY,2024-05-23,CE,22500,ITM1,0,False,22761.0500,267.2500,214.7500,251.2000,0.0000,0.0000,0.6430,1.5690,251.2000,1,,,0.2091,0.4076,0.9246,-6.2036,69.8254,16.7261,51.2018,60.0000,16.2769,22.4672,23.1057,-1.0103,78.5407,-1.0103,0.1960,next_wave
dev,5,G,2024-05-21,12:00,NIFTY,2024-05-23,CE,22600,OTM1,2,False,22563.6900,88.3000,56.4500,78.4000,0.0000,0.0000,3.3000,2.0720,78.4000,1,,,0.3821,0.1527,0.4475,-28.0206,62.0903,23.6066,,5.0000,-13.0238,-10.5393,3.0578,-20.8381,23.8392,-30.5776,-0.0960,failed_base
dev,5,G,2024-05-23,12:05,NIFTY,2024-05-23,CE,22600,ATM,0,False,22761.0500,174.9000,128.8500,159.8000,0.0000,0.0000,0.6840,1.7490,159.8000,1,,,0.2091,0.3636,0.8395,-13.8536,107.6445,22.0333,72.5791,65.0000,23.9851,44.1633,32.5043,-0.9434,116.1807,-0.9434,0.1960,next_wave
dev,5,G,2024-05-21,11:15,NIFTY,2024-05-23,CE,22700,OTM2,2,False,22515.2400,37.2000,26.5000,35.2500,0.0000,0.0000,1.5660,1.9600,35.2500,1,,,0.2244,0.1503,0.2424,-19.7971,89.8113,28.2306,69.5291,50.0000,4.8387,9.5231,7.2581,-10.2151,64.5161,-19.2204,0.0706,next_wave
dev,5,G,2024-05-23,12:05,NIFTY,2024-05-23,CE,22700,OTM1,0,False,22761.0500,96.8000,63.5000,87.8500,0.0000,0.0000,0.6930,1.8780,87.8500,1,,,0.2091,0.3435,0.6551,-35.7536,178.5827,31.4867,114.8102,40.0000,36.6219,62.9065,54.0806,-1.4979,186.3636,-1.4979,0.1960,next_wave
dev,5,G,2024-05-23,12:05,NIFTY,2024-05-23,CE,22800,OTM2,0,False,22761.0500,44.6500,27.0000,41.5000,0.0000,0.0000,1.4660,2.7690,41.5000,1,,,0.2091,0.3465,0.4027,-44.6495,284.0741,49.4696,210.1145,40.0000,52.2956,53.5909,87.0101,-1.6797,298.4323,-1.6797,0.1960,next_wave
dev,5,G,2024-05-29,12:55,NIFTY,2024-05-30,CE,22700,ITM1,1,False,22795.9300,151.6000,119.4500,148.3000,0.0000,0.0000,1.7340,3.1570,148.3000,1,,,0.1962,0.1923,0.6565,-52.0800,58.9368,29.8657,,5.0000,4.0567,1.7138,13.1926,-13.0607,16.9525,-36.0818,0.0333,failed_base
dev,5,G,2024-05-29,15:00,NIFTY,2024-05-30,PE,22700,OTM1,1,False,22756.0600,63.6000,45.4000,63.5500,0.0000,0.0000,1.4030,1.4870,63.5500,1,,,-0.1576,0.1853,-0.3987,-63.1008,,,,,11.6352,14.4529,22.5629,-10.6918,22.5629,-10.6918,-0.1233,session_end
dev,5,G,2024-05-29,12:55,NIFTY,2024-05-30,CE,22800,ATM,1,False,22795.9300,92.0500,70.4000,90.0000,0.0000,0.0000,4.2660,5.8060,90.0000,1,,,0.1962,0.1878,0.4951,-64.7098,71.1648,35.3112,,5.0000,4.2911,3.0103,16.2412,-16.3498,20.9669,-46.7137,0.0333,failed_base
dev,5,G,2024-05-24,14:35,NIFTY,2024-05-30,PE,22800,OTM2,6,True,23020.8200,77.9500,63.0500,73.0000,0.0000,0.0000,2.5880,2.8260,73.0000,1,,,-0.1271,0.1408,-0.2939,-12.2458,27.9937,14.6840,,5.0000,4.2335,10.6765,13.2777,-11.6742,13.2777,-15.5869,-0.0813,failed_base
dev,5,G,2024-05-28,11:35,NIFTY,2024-05-30,PE,22800,OTM2,2,False,22976.8000,59.1500,47.4000,55.9500,0.0000,0.0000,1.9310,1.0410,55.9500,1,,,-0.1983,0.1831,-0.2893,-27.9762,35.4430,17.5234,,5.0000,-2.8740,0.1851,6.2553,-13.6095,30.1775,-24.4294,0.0103,failed_base
dev,5,G,2024-05-28,12:40,NIFTY,2024-05-30,PE,22800,OTM2,2,False,22918.4600,74.1500,51.1000,64.2000,0.0000,0.0000,4.5250,2.7220,64.2000,1,,,-0.2539,0.1793,-0.3495,-30.8308,50.6849,29.6753,,5.0000,-27.3769,-26.1216,-0.5394,-34.7943,-0.5394,-39.7168,0.2379,failed_base
dev,5,G,2024-05-28,14:40,NIFTY,2024-05-30,PE,22800,OTM2,2,False,22926.2700,66.3000,46.8500,60.6000,0.0000,0.0000,1.7920,1.3510,60.6000,1,,,-0.1486,0.1747,-0.3335,-30.0841,45.6777,21.9780,,5.0000,-14.1026,-26.7479,1.3575,-22.5490,1.3575,-22.5490,0.0569,failed_base
dev,5,G,2024-05-29,14:50,NIFTY,2024-05-30,PE,22800,ATM,1,False,22760.2900,108.3500,79.2500,107.1000,0.0000,0.0000,1.9070,1.6160,107.1000,1,,,-0.1390,0.1806,-0.5702,-66.2122,64.6688,,,5.0000,7.3373,9.4185,20.7199,-7.2450,20.7199,-7.2450,-0.0885,session_end
dev,5,G,2024-05-30,13:40,NIFTY,2024-05-30,PE,22800,ITM1,0,False,22539.1000,262.5000,213.9500,257.0000,0.0000,0.0000,1.0220,1.1950,257.0000,1,,,-0.0567,0.4227,-0.9699,-1.6020,26.4548,14.7662,,5.0000,-1.9238,-0.3724,0.1905,-14.2095,47.3524,-14.2095,0.0195,failed_base
dev,5,G,2024-05-24,11:05,NIFTY,2024-05-30,CE,22900,ITM1,6,True,23022.6400,236.1500,196.6000,232.8000,0.0000,0.0000,0.7260,1.0560,232.8000,1,,,0.2096,0.1409,0.6174,-13.4870,21.3886,11.8793,,5.0000,-3.7688,-7.5830,0.3599,-8.9773,14.7576,-14.6305,-0.0510,failed_base
dev,5,G,2024-05-24,12:45,NIFTY,2024-05-30,CE,22900,ITM1,6,True,23023.0800,232.5000,210.3000,232.2500,0.0000,0.0000,0.9450,1.4740,232.2500,1,,,0.0755,0.1383,0.6205,-13.2771,26.2482,15.8004,,30.0000,2.0430,1.1241,14.1935,-2.6237,16.5591,-13.2903,0.0438,failed_base
dev,5,G,2024-05-27,11:45,NIFTY,2024-05-30,CE,22900,ITM1,3,False,23092.6500,255.8500,216.6500,239.9500,0.0000,0.0000,2.0140,1.0270,239.9500,1,,,0.1949,0.1629,0.7121,-19.9790,51.0039,30.2613,,55.0000,18.5851,19.2565,21.0670,-1.8761,27.8679,-44.1665,0.2487,failed_base
dev,5,G,2024-05-29,12:55,NIFTY,2024-05-30,CE,22900,OTM1,1,False,22795.9300,49.8500,38.2000,49.6000,0.0000,0.0000,4.7100,5.2820,49.6000,1,,,0.1962,0.1847,0.3290,-47.3954,80.1047,39.5349,,5.0000,5.1153,6.5684,20.2608,-18.0542,25.1755,-57.4724,0.0333,failed_base
dev,5,G,2024-05-24,14:35,NIFTY,2024-05-30,PE,22900,OTM1,6,True,23020.8200,107.9000,88.5000,101.2500,0.0000,0.0000,3.5300,2.1650,101.2500,1,,,-0.1271,0.1369,-0.3788,-13.2614,25.1977,12.7708,,5.0000,4.5412,10.4875,12.8823,-10.4263,12.8823,-13.9481,-0.0813,failed_base
dev,5,G,2024-05-28,11:35,NIFTY,2024-05-30,PE,22900,OTM1,2,False,22976.8000,89.8500,72.1000,84.9500,0.0000,0.0000,2.0450,1.2770,84.9500,1,,,-0.1983,0.1768,-0.4000,-31.8493,34.5354,18.9175,,5.0000,-2.1703,2.4189,6.1770,-12.4652,28.8258,-19.4769,0.0103,failed_base
dev,5,G,2024-05-28,12:40,NIFTY,2024-05-30,PE,22900,OTM1,2,False,22918.4600,112.0500,78.6500,97.5000,0.0000,0.0000,4.5550,2.6420,97.5000,1,,,-0.2539,0.1739,-0.4729,-33.0035,47.1710,26.0043,,5.0000,-24.1410,-22.0923,-0.0892,-31.1914,-0.0892,-35.4306,0.2379,failed_base
dev,5,G,2024-05-24,11:05,NIFTY,2024-05-30,CE,23000,ATM,6,True,23022.6400,175.8000,143.3500,173.7500,0.0000,0.0000,0.8340,1.3130,173.7500,1,,,0.2096,0.1376,0.5249,-13.8132,24.3111,13.6364,,5.0000,-3.8111,-8.2128,0.5688,-10.3527,15.8419,-17.2924,-0.0510,failed_base
dev,5,G,2024-05-24,13:05,NIFTY,2024-05-30,CE,23000,ATM,6,True,23064.3600,196.0000,153.9000,176.6500,0.0000,0.0000,2.9620,3.9510,176.6500,1,,,0.2352,0.1364,0.5658,-13.6343,29.6946,14.9800,,10.0000,-3.6480,-4.9314,1.8367,-13.4184,3.9031,-25.8163,-0.0303,failed_base
dev,5,G,2024-05-27,11:45,NIFTY,2024-05-30,CE,23000,ATM,3,False,23092.6500,186.9500,154.3500,172.8000,0.0000,0.0000,2.3710,0.9060,172.8000,1,,,0.1949,0.1588,0.6098,-22.4691,61.9048,35.0140,,55.0000,22.2787,22.3379,25.4079,-2.3001,33.6721,-49.8529,0.2487,failed_base
dev,5,G,2024-05-29,13:25,NIFTY,2024-05-30,CE,23000,OTM2,1,False,22803.5300,27.7500,21.1500,27.0000,0.0000,0.0000,1.2900,2.0980,27.0000,1,,,0.2296,0.1916,0.2074,-27.7138,58.6288,35.4694,,20.0000,-4.5045,-0.2557,20.9009,-8.1081,20.9009,-66.1261,-0.0188,failed_base
dev,5,G,2024-05-24,14:35,NIFTY,2024-05-30,PE,23000,ATM,6,True,23020.8200,147.0500,122.4500,138.9000,0.0000,0.0000,3.0500,2.1810,138.9000,1,,,-0.1271,0.1333,-0.4750,-13.5638,22.9890,11.6534,,5.0000,4.8623,11.2782,11.9007,-9.5206,11.9007,-12.3427,-0.0813,failed_base
dev,5,G,2024-05-28,11:35,NIFTY,2024-05-30,PE,23000,ATM,2,False,22976.8000,132.7000,107.0500,125.4000,0.0000,0.0000,1.8260,1.3660,125.4000,1,,,-0.1983,0.1711,-0.5277,-32.0583,32.5549,16.1381,,5.0000,-1.9216,2.3336,5.4635,-10.3240,26.3376,-15.9005,0.0103,failed_base
dev,5,G,2024-05-28,12:40,NIFTY,2024-05-30,PE,23000,ATM,2,False,22918.4600,163.3000,119.0000,143.8500,0.0000,0.0000,2.6350,1.8760,143.8500,1,,,-0.2539,0.1693,-0.6058,-30.6291,40.8824,22.7856,,5.0000,-20.8818,-17.8306,0.0000,-27.7710,0.0000,-31.6595,0.2379,failed_base
dev,5,G,2024-05-28,14:40,NIFTY,2024-05-30,PE,23000,ATM,2,False,22926.2700,154.1500,116.1500,144.3500,0.0000,0.0000,1.9080,1.4100,144.3500,1,,,-0.1486,0.1660,-0.5996,-31.0480,35.9019,16.7247,,5.0000,-8.1414,-21.0516,1.4272,-16.9640,1.4272,-16.9640,0.0569,failed_base
dev,5,G,2024-05-24,11:05,NIFTY,2024-05-30,CE,23100,OTM1,6,True,23022.6400,125.6500,100.9500,124.8000,0.0000,0.0000,0.7790,1.2210,124.8000,1,,,0.2096,0.1349,0.4272,-13.3317,26.3001,15.0588,,5.0000,-4.4966,-9.4823,0.4775,-11.4604,16.3152,-21.2495,-0.0510,failed_base
dev,5,G,2024-05-24,13:05,NIFTY,2024-05-30,CE,23100,OTM1,6,True,23064.3600,141.1000,108.3000,125.3500,0.0000,0.0000,2.7240,3.8020,125.3500,1,,,0.2352,0.1331,0.4672,-13.4685,33.5180,17.2891,,10.0000,-4.2523,-6.9496,2.4805,-15.2374,3.5790,-29.8724,-0.0303,failed_base
dev,5,G,2024-05-27,11:45,NIFTY,2024-05-30,CE,23100,OTM1,3,False,23092.6500,128.1000,103.7000,117.6000,0.0000,0.0000,3.5440,1.0670,117.6000,1,,,0.1949,0.1538,0.4937,-22.8261,75.4581,40.1484,,55.0000,27.0101,24.8214,31.1475,-2.4200,42.0375,-54.5667,0.2487,failed_base
dev,5,G,2024-05-24,14:35,NIFTY,2024-05-30,PE,23100,ITM1,6,True,23020.8200,196.4000,167.0000,187.0000,0.0000,0.0000,3.2910,2.4370,187.0000,1,,,-0.1271,0.1300,-0.5775,-12.9601,30.8982,17.3147,,35.0000,5.0407,7.5878,11.3035,-8.0448,11.3035,-10.5906,-0.0813,failed_base
dev,5,G,2024-05-28,11:35,NIFTY,2024-05-30,PE,23100,ITM1,2,False,22976.8000,190.0500,155.0500,179.8500,0.0000,0.0000,1.8420,1.1540,179.8500,1,,,-0.1983,0.1674,-0.6583,-28.0653,29.7001,14.0477,,5.0000,-1.3154,1.6875,4.7356,-9.0502,22.7572,-12.7861,0.0103,failed_base
dev,5,G,2024-05-28,12:40,NIFTY,2024-05-30,PE,23100,ITM1,2,False,22918.4600,229.4500,172.8500,204.8500,0.0000,0.0000,3.0010,1.7340,204.8500,1,,,-0.2539,0.1674,-0.7296,-24.5759,34.9725,19.8028,,5.0000,-17.9342,-14.9367,-0.1090,-24.1447,-0.1090,-27.7620,0.2379,failed_base
dev,5,G,2024-05-24,13:05,NIFTY,2024-05-30,CE,23200,OTM2,6,True,23064.3600,97.9000,72.6000,85.4000,0.0000,0.0000,3.5320,3.4840,85.4000,1,,,0.2352,0.1312,0.3676,-12.5291,37.7410,19.1500,,10.0000,-5.9244,-3.4733,2.1450,-17.4157,2.2983,-33.7589,-0.0303,failed_base
dev,5,G,2024-05-27,11:45,NIFTY,2024-05-30,CE,23200,OTM2,3,False,23092.6500,82.9000,65.8000,75.2500,0.0000,0.0000,2.9070,0.8820,75.2500,1,,,0.1949,0.1509,0.3730,-21.0229,89.5897,45.5311,,55.0000,31.5440,29.5018,36.8516,-2.8951,50.4825,-58.5645,0.2487,failed_base
dev,5,G,2024-06-05,13:45,NIFTY,2024-06-06,CE,21900,ITM1,1,False,22381.4200,520.0000,374.3000,514.9500,0.0000,0.0000,0.9710,0.9820,514.9500,1,,,0.4146,0.3961,0.8467,-38.5892,70.1576,20.0188,45.2689,35.0000,5.7596,6.9865,22.4808,-5.3269,42.3077,-5.3269,0.1723,next_wave
dev,5,G,2024-06-05,13:45,NIFTY,2024-06-06,CE,22000,ATM,1,False,22381.4200,433.3000,303.7500,428.7500,0.0000,0.0000,0.7100,0.7720,428.7500,1,,,0.4146,0.3808,0.8002,-51.8667,78.7654,22.3112,52.5187,35.0000,5.7351,4.5929,25.3173,-6.0582,48.4883,-6.0582,0.1723,next_wave
dev,5,G,2024-06-05,13:45,NIFTY,2024-06-06,CE,22100,OTM1,1,False,22381.4200,352.8000,241.3000,349.7000,0.0000,0.0000,0.8510,0.7800,349.7000,1,,,0.4146,0.3697,0.7392,-71.0916,88.5412,24.9698,61.1689,35.0000,5.4422,7.6784,28.9541,-6.4484,55.9382,-6.4484,0.1723,next_wave
dev,5,G,2024-06-05,13:45,NIFTY,2024-06-06,CE,22200,OTM2,1,False,22381.4200,281.9000,188.1500,279.0000,0.0000,0.0000,0.7350,0.7960,279.0000,1,,,0.4146,0.3663,0.6625,-97.6209,98.0866,27.1130,69.2251,35.0000,5.7645,9.9579,32.2100,-7.5204,63.0720,-7.5204,0.1723,next_wave
dev,5,G,2024-05-31,13:05,NIFTY,2024-06-06,CE,22500,ITM1,6,True,22585.4300,433.5000,406.7000,430.4500,0.0000,0.0000,1.0870,1.4110,430.4500,1,,,0.1016,0.3353,0.5428,-33.1223,25.8913,,,65.0000,2.8374,2.1944,5.6517,-1.2687,18.1084,-1.2687,0.0375,session_end
dev,5,G,2024-06-06,11:45,NIFTY,2024-06-06,PE,22500,OTM2,0,False,22774.8500,17.2500,5.9000,14.1500,0.0000,0.0000,2.2590,3.1400,14.1500,1,,,-0.3374,0.5345,-0.1349,-17.2500,744.0678,82.8313,,15.0000,59.7101,73.2819,188.6957,-42.0290,188.6957,-99.7101,-0.3431,failed_base
dev,5,G,2024-05-31,13:05,NIFTY,2024-06-06,CE,22600,ATM,6,True,22585.4300,376.6000,351.2500,373.3000,0.0000,0.0000,1.6060,1.9660,373.3000,1,,,0.1016,0.3298,0.5019,-32.7957,29.1957,,,65.0000,3.1997,2.1891,6.6914,-1.5003,20.4992,-1.5003,0.0375,session_end
dev,5,G,2024-06-06,10:25,NIFTY,2024-06-06,CE,22600,ITM1,0,False,22830.5100,251.5500,127.3000,210.5500,0.0000,0.0000,0.6480,0.9280,210.5500,1,,,0.5896,0.4350,0.8348,-21.0450,138.8060,34.1776,,45.0000,1.9082,9.4339,10.9322,-9.9781,20.8507,-69.8271,0.0337,failed_base
dev,5,G,2024-05-31,13:05,NIFTY,2024-06-06,CE,22700,OTM1,6,True,22585.4300,324.3500,300.5500,321.4500,0.0000,0.0000,1.1910,1.6760,321.4500,1,,,0.1016,0.3248,0.4599,-32.1237,33.3722,,,65.0000,3.6689,3.8491,7.2915,-1.5415,23.5856,-1.5415,0.0375,session_end
dev,5,G,2024-06-06,10:25,NIFTY,2024-06-06,CE,22700,ATM,0,False,22830.5100,169.9500,85.9000,144.2500,0.0000,0.0000,0.8770,1.8970,144.2500,1,,,0.5896,0.4117,0.7200,-39.4450,146.9732,40.1131,,45.0000,0.7944,11.0679,13.2392,-12.0918,24.8308,-87.9965,0.0337,failed_base
dev,5,G,2024-06-04,12:05,NIFTY,2024-06-06,PE,22700,OTM2,2,False,21807.9400,1048.6500,628.2000,1009.5000,0.0000,0.0000,0.2810,0.2870,1009.5000,1,,,-2.2061,0.6997,-0.7643,-87.5088,157.5454,41.4766,,30.0000,25.5424,28.6145,54.2841,-0.5006,54.2841,-30.6823,-1.3027,failed_base
dev,5,G,2024-05-31,13:05,NIFTY,2024-06-06,CE,22800,OTM2,6,True,22585.4300,276.7000,254.1500,274.5000,0.0000,0.0000,1.1030,1.6400,274.5000,1,,,0.1016,0.3200,0.4172,-31.0857,38.0681,,,65.0000,4.4452,5.5471,8.2219,-1.5540,26.8160,-1.5540,0.0375,session_end
dev,5,G,2024-06-06,11:10,NIFTY,2024-06-06,CE,22800,OTM1,0,False,22891.9500,131.3000,69.8000,124.2000,0.0000,0.0000,0.5420,1.1070,124.2000,1,,,0.5450,0.3785,0.6852,-39.3536,92.0487,38.7915,,0.0000,-41.6222,-54.4816,0.1142,-46.3823,0.1142,-98.0960,-0.4825,failed_base
dev,5,G,2024-06-04,12:05,NIFTY,2024-06-06,PE,22800,OTM1,2,False,21807.9400,1135.6500,688.0000,1085.5000,0.0000,0.0000,0.3920,0.3960,1085.5000,1,,,-2.2061,0.7157,-0.7832,-83.8799,147.8779,39.6036,,30.0000,21.9214,25.3577,50.1695,-0.7573,50.1695,-28.9394,-1.3027,failed_base
dev,5,G,2024-06-06,13:10,NIFTY,2024-06-06,PE,22800,ITM1,0,False,22630.5000,187.9000,75.1000,155.9000,0.0000,0.0000,0.9520,1.2410,155.9000,1,,,-0.3731,0.5028,-0.8173,-18.3988,162.9827,54.1519,,10.0000,-67.7222,-115.3926,5.1091,-67.7222,5.1091,-99.9734,0.7209,failed_base
dev,5,G,2024-06-03,13:45,NIFTY,2024-06-06,PE,22900,OTM2,3,False,23219.1100,175.4000,155.7500,171.0000,0.0000,0.0000,3.6890,1.1140,171.0000,1,,,-0.0865,0.3663,-0.3340,-49.7809,22.5040,13.1027,,5.0000,-2.2235,4.1090,2.0239,-6.5564,7.2121,-9.2930,0.1504,failed_base
dev,5,G,2024-06-04,12:05,NIFTY,2024-06-06,PE,22900,ATM,2,False,21807.9400,1220.0000,764.2500,1158.2000,0.0000,0.0000,0.6860,0.5250,1158.2000,1,,,-2.2061,0.7230,-0.8033,-78.3018,134.1773,37.8276,,30.0000,21.7377,25.2620,46.6967,-0.4754,46.6967,-26.2992,-1.3027,failed_base
dev,5,G,2024-06-03,11:50,NIFTY,2024-06-06,CE,23000,ITM1,3,False,23197.4000,409.3500,364.4500,405.0000,0.0000,0.0000,1.4350,1.1750,405.0000,1,,,0.2185,0.3510,0.6093,-49.9906,23.1170,11.3773,18.5842,110.0000,5.2156,1.3327,7.9638,-2.7849,29.2293,-2.8582,0.1537,next_wave
dev,5,G,2024-06-03,13:45,NIFTY,2024-06-06,PE,23000,OTM1,3,False,23219.1100,209.7500,186.3000,204.1000,0.0000,0.0000,2.9100,1.0700,204.1000,1,,,-0.0865,0.3630,-0.3814,-52.1635,21.3097,12.2566,,5.0000,-2.0501,3.7555,1.5971,-6.5316,6.1263,-8.8200,0.1504,failed_base
dev,5,G,2024-06-04,12:05,NIFTY,2024-06-06,PE,23000,ITM1,2,False,21807.9400,1302.2500,829.4500,1242.6500,0.0000,0.0000,0.7170,0.5810,1242.6500,1,,,-2.2061,0.7216,-0.8248,-70.8557,128.4646,36.6755,,30.0000,20.3840,23.3798,45.5174,-0.1728,45.5174,-24.7303,-1.3027,failed_base
dev,5,G,2024-06-03,11:55,NIFTY,2024-06-06,CE,23100,ATM,3,False,23201.8000,352.0000,308.4500,346.1500,0.0000,0.0000,0.9450,1.2130,346.1500,1,,,0.2705,0.3480,0.5602,-51.2469,25.4660,12.6873,21.2045,105.0000,4.2756,-0.1538,7.6563,-0.4403,33.5227,-4.0057,0.1199,next_wave
dev,5,G,2024-06-03,13:45,NIFTY,2024-06-06,PE,23100,ATM,3,False,23219.1100,249.2000,223.5000,243.0000,0.0000,0.0000,3.2990,0.7500,243.0000,1,,,-0.0865,0.3600,-0.4314,-53.6647,19.4855,11.3649,,5.0000,-2.1469,4.0831,1.5249,-6.5610,5.5177,-6.5610,0.1504,failed_base
dev,5,G,2024-06-03,11:50,NIFTY,2024-06-06,CE,23200,OTM1,3,False,23197.4000,295.7000,256.1500,291.3000,0.0000,0.0000,1.5480,0.7990,291.3000,1,,,0.2185,0.3455,0.5047,-51.5323,28.8308,13.8636,23.7115,110.0000,5.7829,6.5336,8.5729,-3.5340,40.3111,-3.8722,0.1537,next_wave
dev,5,G,2024-06-03,13:45,NIFTY,2024-06-06,PE,23200,ITM1,3,False,23219.1100,293.3000,264.6500,287.1500,0.0000,0.0000,3.3790,1.1540,287.1500,1,,,-0.0865,0.3566,-0.4832,-54.0272,18.4017,10.5792,,5.0000,-2.1991,2.7835,1.6025,-6.0518,5.1142,-6.0518,0.1504,failed_base
dev,5,G,2024-06-03,11:55,NIFTY,2024-06-06,CE,23300,OTM2,3,False,23201.8000,246.9000,209.5500,241.8500,0.0000,0.0000,1.3310,1.6370,241.8500,1,,,0.2705,0.3407,0.4529,-50.4257,33.7151,15.0607,26.0504,105.0000,5.3058,7.2545,8.9307,-0.3645,51.4783,-3.6047,0.1199,next_wave
dev,5,G,2024-06-07,10:45,NIFTY,2024-06-13,CE,22700,ITM1,6,True,23034.9300,435.6000,346.3000,407.3000,0.0000,0.0000,1.1550,0.9860,407.3000,1,,,0.4453,0.1943,0.7220,-16.1155,79.9596,15.9178,,75.0000,7.7135,7.8030,9.0450,-1.1019,54.4995,-1.1019,0.1760,next_wave
dev,5,G,2024-06-07,10:45,NIFTY,2024-06-13,CE,22800,ATM,6,True,23034.9300,362.2500,284.1000,338.1500,0.0000,0.0000,1.0840,1.2120,338.1500,1,,,0.4453,0.1897,0.6646,-17.2491,90.7779,17.7491,,75.0000,8.2264,9.1712,9.9793,-1.4769,61.8219,-1.4769,0.1760,next_wave
dev,5,G,2024-06-07,10:45,NIFTY,2024-06-13,CE,22900,OTM1,6,True,23034.9300,295.1000,228.0000,275.0000,0.0000,0.0000,0.9680,1.5320,275.0000,1,,,0.4453,0.1855,0.6000,-17.9883,103.9474,19.8925,,75.0000,9.4375,10.7960,10.9285,-1.2708,70.7896,-1.2708,0.1760,stalled
dev,5,G,2024-06-07,10:45,NIFTY,2024-06-13,CE,23000,OTM2,6,True,23034.9300,234.2500,176.3000,218.4500,0.0000,0.0000,1.8150,2.3940,218.4500,1,,,0.4453,0.1810,0.5298,-18.1410,122.2065,22.0421,,75.0000,10.2668,13.9221,11.9317,-1.3020,81.0032,-1.3020,0.1760,stalled
dev,5,G,2024-06-07,15:00,NIFTY,2024-06-13,CE,23000,OTM2,6,True,23309.8000,418.0000,342.7500,409.5000,0.0000,0.0000,0.8810,1.5720,409.5000,1,,,0.2775,0.1950,0.7070,-17.0827,,,,,-2.5359,0.8527,1.1364,-8.6124,1.1364,-8.6124,0.0133,session_end
dev,5,G,2024-06-11,13:25,NIFTY,2024-06-13,CE,23100,ITM1,2,False,23367.5000,308.7000,274.1500,301.3000,0.0000,0.0000,1.0620,1.0480,301.3000,1,,,0.0898,0.1925,0.7873,-24.3698,30.9137,22.8058,,30.0000,8.8921,9.6401,16.2617,-0.9718,16.2617,-31.4707,0.1359,failed_base
dev,5,G,2024-06-12,12:55,NIFTY,2024-06-13,PE,23100,OTM2,1,False,23382.7200,17.9000,14.4500,17.7000,0.0000,0.0000,2.5210,1.4080,17.7000,1,,,-0.1192,0.2017,-0.1356,-17.8955,45.6747,26.8409,,5.0000,-8.9385,-3.8983,1.6760,-16.7598,45.2514,-24.5810,0.0341,failed_base
dev,5,G,2024-06-11,13:25,NIFTY,2024-06-13,CE,23200,ATM,2,False,23367.5000,230.5500,200.5000,225.2000,0.0000,0.0000,1.0700,0.8550,225.2000,1,,,0.0898,0.1852,0.6984,-30.1302,37.4065,26.6425,,30.0000,10.6918,11.7258,19.4969,-1.4530,19.4969,-36.6081,0.1359,failed_base
dev,5,G,2024-06-10,14:35,NIFTY,2024-06-13,PE,23200,OTM2,3,False,23232.9200,158.2500,113.8500,135.8500,0.0000,0.0000,4.3640,5.1260,135.8500,1,,,-0.3605,0.2063,-0.4660,-31.3887,59.5520,,,10.0000,-10.3002,-10.2258,14.7867,-13.7441,14.7867,-13.7441,0.1208,session_end
dev,5,G,2024-06-12,12:55,NIFTY,2024-06-13,PE,23200,OTM1,1,False,23382.7200,31.3000,25.0000,30.0500,0.0000,0.0000,2.7580,1.3720,30.0500,1,,,-0.1192,0.1882,-0.2230,-31.1115,45.2000,24.7934,,5.0000,-7.8275,-2.3103,2.2364,-16.9329,54.6326,-18.5304,0.0341,failed_base
dev,5,G,2024-06-12,14:05,NIFTY,2024-06-13,PE,23200,OTM1,1,False,23345.9400,36.7500,26.0000,36.3000,0.0000,0.0000,2.5830,2.9290,36.3000,1,,,-0.2635,0.1837,-0.2615,-36.6893,86.1538,29.4421,,15.0000,6.9388,10.2921,31.7007,-7.0748,31.7007,-30.6122,-0.0930,failed_base
dev,5,G,2024-06-10,14:05,NIFTY,2024-06-13,CE,23300,ITM1,3,False,23367.4300,208.3000,171.7500,192.6000,0.0000,0.0000,1.8530,1.1110,192.6000,1,,,0.2369,0.2025,0.5653,-30.4910,21.4847,12.1256,,5.0000,-32.0691,-35.9969,-0.1680,-35.3337,-0.1680,-41.9347,-0.5756,failed_base
dev,5,G,2024-06-11,13:30,NIFTY,2024-06-13,CE,23300,OTM1,2,False,23378.4300,167.5000,137.5000,158.3000,0.0000,0.0000,1.3060,1.1800,158.3000,1,,,0.1366,0.1769,0.6016,-33.1796,45.5273,31.1594,,25.0000,12.2090,15.2138,19.4627,-3.6119,19.4627,-45.2239,0.1255,failed_base
dev,5,G,2024-06-13,11:55,NIFTY,2024-06-13,CE,23300,ITM1,0,False,23410.8500,117.7500,71.3000,98.5000,0.0000,0.0000,1.7110,1.6660,98.5000,1,,,0.1982,0.2132,0.8649,-6.8997,72.0196,26.0905,,5.0000,-12.8238,-12.2978,2.8875,-20.6794,3.9915,-35.8811,-0.0615,failed_base
dev,5,G,2024-06-10,14:35,NIFTY,2024-06-13,PE,23300,OTM1,3,False,23232.9200,209.3500,152.4000,179.5000,0.0000,0.0000,3.1360,4.7720,179.5000,1,,,-0.3605,0.2053,-0.5572,-30.9588,54.1995,,,10.0000,-9.2429,-9.8284,12.2522,-12.8254,12.2522,-12.8254,0.1208,session_end
dev,5,G,2024-06-12,12:55,NIFTY,2024-06-13,PE,23300,ATM,1,False,23382.7200,55.5000,42.7500,52.6500,0.0000,0.0000,2.3290,1.2600,52.6500,1,,,-0.1192,0.1773,-0.3565,-51.2089,48.4211,26.8716,,5.0000,-7.5676,-1.8249,1.8018,-16.3964,54.8649,-16.8468,0.0341,failed_base
dev,5,G,2024-06-12,14:05,NIFTY,2024-06-13,PE,23300,ATM,1,False,23345.9400,66.4500,46.1500,63.4500,0.0000,0.0000,2.6830,2.3050,63.4500,1,,,-0.1573,0.1746,-0.4152,-61.1231,86.2405,33.5079,,15.0000,11.8886,13.5713,29.3454,-4.3642,29.3454,-25.5079,-0.0930,failed_base
dev,5,G,2024-06-10,14:05,NIFTY,2024-06-13,CE,23400,ATM,3,False,23367.4300,155.7500,124.8500,142.4000,0.0000,0.0000,2.7870,1.6050,142.4000,1,,,0.2369,0.2010,0.4732,-30.6727,24.8298,13.8274,,5.0000,-34.7352,-38.7938,-0.2568,-38.7480,-0.2568,-45.1364,-0.5756,failed_base
dev,5,G,2024-06-11,13:30,NIFTY,2024-06-13,CE,23400,OTM2,2,False,23378.4300,109.4500,87.7500,104.0000,0.0000,0.0000,1.5740,1.2200,104.0000,1,,,0.1366,0.1702,0.4738,-33.3124,55.6125,36.5800,,25.0000,14.5729,19.8533,24.7602,-4.3856,24.7602,-51.5304,0.1255,failed_base
dev,5,G,2024-06-10,14:35,NIFTY,2024-06-13,PE,23400,ATM,3,False,23232.9200,269.1000,201.0000,232.2000,0.0000,0.0000,2.8890,5.1060,232.2000,1,,,-0.3605,0.2039,-0.6462,-28.5376,48.4328,,,10.0000,-8.0825,-7.5337,10.8696,-11.4827,10.8696,-11.4827,0.1208,session_end
dev,5,G,2024-06-12,12:55,NIFTY,2024-06-13,PE,23400,ITM1,1,False,23382.7200,95.6000,73.2500,91.0000,0.0000,0.0000,2.1680,1.3200,91.0000,1,,,-0.1192,0.1687,-0.5297,-59.0557,44.3686,22.6005,,5.0000,-6.2238,-0.5152,1.2552,-14.3828,49.3724,-14.5397,0.0341,failed_base
dev,5,G,2024-06-12,14:00,NIFTY,2024-06-13,PE,23400,ITM1,1,False,23339.1600,121.0000,81.7000,105.7500,0.0000,0.0000,1.8780,4.2180,105.7500,1,,,-0.1863,0.1734,-0.6077,-56.8446,74.7858,27.9762,,20.0000,4.6694,-4.7797,18.0165,-11.5702,18.0165,-24.8760,-0.0561,failed_base
dev,5,G,2024-06-10,14:05,NIFTY,2024-06-13,CE,23500,OTM1,3,False,23367.4300,112.0000,86.7500,101.0000,0.0000,0.0000,1.9930,1.3720,101.0000,1,,,0.2369,0.1989,0.3813,-28.7852,29.1066,15.7589,,5.0000,-37.3214,-40.5936,-0.0893,-41.6518,-0.0893,-48.5268,-0.5756,failed_base
dev,5,G,2024-06-10,12:15,NIFTY,2024-06-13,PE,23500,ITM1,3,False,23285.2000,307.0500,263.7000,300.2000,0.0000,0.0000,1.6730,1.5450,300.2000,1,,,-0.1255,0.2078,-0.6794,-27.3103,20.3830,12.2854,,5.0000,-6.7741,-5.9669,1.9378,-7.9629,20.5015,-20.5667,0.1160,failed_base
dev,5,G,2024-06-10,14:35,NIFTY,2024-06-13,PE,23500,ITM1,3,False,23232.9200,337.9000,254.1000,294.0000,0.0000,0.0000,3.0340,5.6590,294.0000,1,,,-0.3649,0.2030,-0.7279,-24.7026,45.6120,,,10.0000,-7.4134,-7.9713,9.4999,-10.0326,9.4999,-10.0326,0.1208,session_end
dev,5,G,2024-06-10,14:05,NIFTY,2024-06-13,CE,23600,OTM2,3,False,23367.4300,78.3000,58.7000,69.8500,0.0000,0.0000,2.2360,1.1230,69.8500,1,,,0.2369,0.1981,0.2955,-25.4221,33.3901,17.4330,,5.0000,-38.7612,-40.8020,-0.3193,-43.7420,-0.3193,-50.7663,-0.5756,failed_base
dev,5,G,2024-06-14,14:00,NIFTY,2024-06-20,PE,23200,OTM2,6,True,23417.7700,46.2500,39.6000,45.0000,0.0000,0.0000,2.1750,1.1910,45.0000,1,,,-0.1215,0.1055,-0.2437,-8.4040,22.8535,10.9969,,5.0000,-10.3784,-6.4696,0.1081,-13.2973,0.1081,-23.5676,0.0581,failed_base
dev,5,G,2024-06-14,14:00,NIFTY,2024-06-20,PE,23300,OTM1,6,True,23417.7700,71.7500,63.0000,70.9000,0.0000,0.0000,2.1610,1.3740,70.9000,1,,,-0.1366,0.1014,-0.3470,-9.6516,19.9206,10.3243,,5.0000,-9.4774,-5.0771,0.4878,-11.9164,0.4878,-25.2962,0.0581,failed_base
dev,5,G,2024-06-20,11:55,NIFTY,2024-06-20,CE,23400,ITM1,0,False,23556.2000,162.2500,115.6000,156.0500,0.0000,0.0000,0.8030,0.8770,156.0500,1,,,0.2136,0.2601,0.8975,-6.0512,46.8858,21.8787,,10.0000,-1.4176,-0.0017,4.6533,-8.9060,42.7119,-18.2435,-0.0064,failed_base
dev,5,G,2024-06-20,13:30,NIFTY,2024-06-20,CE,23400,ITM1,0,False,23608.2500,211.2000,132.6500,173.2500,0.0000,0.0000,1.2630,3.1880,173.2500,1,,,0.2273,0.3646,0.9464,-2.9499,74.5571,34.4418,,5.0000,-32.6231,-38.6033,6.5341,-34.7064,6.5341,-34.7064,-0.3007,failed_base
dev,5,G,2024-06-14,14:00,NIFTY,2024-06-20,PE,23400,ATM,6,True,23417.7700,109.2500,96.5000,108.9000,0.0000,0.0000,2.4860,1.4710,108.9000,1,,,-0.1215,0.0981,-0.4730,-10.1249,18.7047,8.9481,,5.0000,-7.6430,-4.2435,0.7780,-9.7483,0.7780,-24.9886,0.0581,failed_base
dev,5,G,2024-06-19,14:30,NIFTY,2024-06-20,CE,23500,ITM1,1,False,23576.5300,120.9000,77.0000,106.6000,0.0000,0.0000,1.1790,3.1380,106.6000,1,,,0.1499,0.1528,0.6562,-44.0395,180.8442,65.5260,,15.0000,-9.8428,-6.4708,78.8668,-15.1365,78.8668,-47.9735,-0.1067,failed_base
dev,5,G,2024-06-20,12:00,NIFTY,2024-06-20,CE,23500,ATM,0,False,23557.3000,72.4000,42.5500,72.2500,0.0000,0.0000,0.9850,0.8980,72.2500,1,,,0.2172,0.1966,0.7329,-15.0985,86.6040,40.0504,,5.0000,-14.2956,-13.5818,3.1768,-18.0939,87.8453,-35.7735,-0.0505,failed_base
dev,5,G,2024-06-20,13:30,NIFTY,2024-06-20,CE,23500,ATM,0,False,23608.2500,115.7000,47.6000,78.3000,0.0000,0.0000,1.1850,3.0240,78.3000,1,,,0.2325,0.2854,0.8572,-7.4499,185.7143,52.3162,,5.0000,-50.3457,-58.2804,10.2420,-54.5376,10.2420,-59.8099,-0.3007,failed_base
dev,5,G,2024-06-19,14:30,NIFTY,2024-06-20,CE,23600,ATM,1,False,23576.5300,62.8000,38.2000,56.8000,0.0000,0.0000,1.9030,3.5330,56.8000,1,,,0.1730,0.1471,0.4511,-56.8762,269.2408,63.2400,,15.0000,-10.2707,-5.7658,124.6019,-17.4363,124.6019,-52.6274,-0.1067,failed_base
dev,5,G,2024-06-20,13:30,NIFTY,2024-06-20,CE,23600,OTM1,0,False,23608.2500,41.8500,12.4500,23.6000,0.0000,0.0000,2.7180,4.8110,23.6000,1,,,0.3033,0.2641,0.5357,-32.8262,365.8635,73.4483,,5.0000,-72.5209,-115.0966,21.0275,-75.1493,21.0275,-99.8805,-0.3007,failed_base
dev,5,G,2024-06-18,12:35,NIFTY,2024-06-20,PE,23600,ITM1,2,False,23547.2600,112.7500,97.3500,112.6500,0.0000,0.0000,2.9090,1.1430,112.6500,1,,,-0.0789,0.1169,-0.5972,-21.8744,27.3754,13.3065,,5.0000,-1.9512,-0.3563,1.0200,-6.9180,2.4390,-13.0377,0.0046,failed_base
dev,5,G,2024-06-19,14:30,NIFTY,2024-06-20,CE,23700,OTM1,1,False,23576.5300,27.0500,14.6500,23.4500,0.0000,0.0000,1.7260,3.9710,23.4500,1,,,0.3057,0.1443,0.2503,-27.0467,442.3208,80.7426,,15.0000,-7.3937,-1.3611,193.7153,-16.4510,193.7153,-51.5712,-0.1067,failed_base
dev,5,G,2024-06-20,13:30,NIFTY,2024-06-20,CE,23700,OTM2,0,False,23608.2500,11.7500,3.1000,6.5500,0.0000,0.0000,5.4460,7.6790,6.5500,1,,,0.3630,0.3008,0.1973,-11.7500,470.9677,80.2260,,5.0000,-80.4255,-155.7924,28.9362,-82.5532,28.9362,-99.5745,-0.3007,failed_base
dev,5,G,2024-06-19,11:50,NIFTY,2024-06-20,CE,23800,OTM2,1,False,23540.2400,8.8000,5.3000,7.5000,0.0000,0.0000,2.0790,1.9300,7.5000,1,,,0.3714,0.1489,0.0956,-8.7972,109.4340,33.7838,,5.0000,-4.5455,-6.6866,31.2500,-22.1591,322.7273,-35.2273,0.0153,failed_base
dev,5,G,2024-06-19,14:30,NIFTY,2024-06-20,CE,23800,OTM2,1,False,23576.5300,10.1500,5.7500,8.8500,0.0000,0.0000,2.8300,4.9140,8.8500,1,,,0.3057,0.1460,0.1139,-10.1500,546.9565,82.2581,,15.0000,-0.4926,4.1645,266.5025,-12.3153,266.5025,-43.8424,-0.1067,failed_base
dev,5,G,2024-06-24,14:55,NIFTY,2024-06-27,PE,23200,OTM2,3,False,23513.7500,31.3500,26.2500,31.0000,0.0000,0.0000,1.1350,1.7260,31.0000,1,,,-0.1765,0.1574,-0.1723,-14.2084,26.8571,21.3213,,0.0000,-17.0654,-20.6961,4.1467,-19.6172,4.1467,-22.6475,0.1485,failed_base
dev,5,G,2024-06-24,14:55,NIFTY,2024-06-27,PE,23300,OTM1,3,False,23513.7500,49.2000,40.7500,47.9500,0.0000,0.0000,1.3110,2.0580,47.9500,1,,,-0.1765,0.1516,-0.2517,-17.9288,28.2209,21.0526,,0.0000,-18.0894,-20.0842,3.0488,-19.7154,3.0488,-23.1707,0.1485,failed_base
dev,5,G,2024-06-21,12:45,NIFTY,2024-06-27,PE,23400,OTM2,6,True,23481.8300,100.8500,64.8500,77.4000,0.0000,0.0000,4.4160,3.8330,77.4000,1,,,-0.3288,0.1140,-0.4032,-11.4071,91.6731,43.4835,,35.0000,10.2628,6.4124,23.2524,-4.3629,30.8875,-42.4888,-0.0945,failed_base
dev,5,G,2024-06-24,14:55,NIFTY,2024-06-27,PE,23400,ATM,3,False,23513.7500,75.6000,62.1500,74.2500,0.0000,0.0000,1.5190,2.2670,74.2500,1,,,-0.1765,0.1460,-0.3549,-20.8220,29.2840,20.2240,,0.0000,-17.9894,-18.9380,3.3069,-19.5106,3.3069,-23.0159,0.1485,failed_base
dev,5,G,2024-06-25,11:40,NIFTY,2024-06-27,PE,23400,OTM2,2,False,23586.4100,41.2500,33.0000,40.8000,0.0000,0.0000,0.8080,1.0400,40.8000,1,,,-0.0623,0.1530,-0.2481,-21.6388,32.7273,20.4338,,5.0000,-17.3333,-13.5468,1.2121,-19.2727,1.2121,-46.4242,0.1300,failed_base
dev,5,G,2024-06-25,12:35,NIFTY,2024-06-27,CE,23500,ITM1,2,False,23656.3200,203.4500,149.0000,174.3000,0.0000,0.0000,3.5130,2.8900,174.3000,1,,,0.2994,0.1503,0.7202,-23.3578,86.1745,,,105.0000,5.8737,7.0396,13.9838,-3.1212,37.3310,-3.1212,0.0429,session_end
dev,5,G,2024-06-21,10:55,NIFTY,2024-06-27,PE,23500,OTM1,6,True,23545.5600,113.2000,82.3500,104.2000,0.0000,0.0000,1.8580,5.4760,104.2000,1,,,-0.3044,0.1104,-0.4431,-11.2300,55.4341,23.9453,,0.0000,1.8551,2.2438,7.3322,-4.5936,62.9417,-22.1731,-0.0253,failed_base
dev,5,G,2024-06-21,12:45,NIFTY,2024-06-27,PE,23500,OTM1,6,True,23481.8300,144.6500,97.3500,115.4000,0.0000,0.0000,3.7460,4.4240,115.4000,1,,,-0.3288,0.1117,-0.5179,-11.5223,78.1202,39.0715,,35.0000,9.1600,5.2266,19.8756,-2.5925,27.5147,-39.0944,-0.0945,failed_base
dev,5,G,2024-06-25,11:40,NIFTY,2024-06-27,PE,23500,OTM1,2,False,23586.4100,67.7500,53.8500,67.0500,0.0000,0.0000,0.9730,0.8840,67.0500,1,,,-0.0623,0.1459,-0.3695,-26.1641,32.4048,19.7055,,5.0000,-18.1550,-18.9795,0.6642,-19.7786,0.6642,-51.9557,0.1300,failed_base
dev,5,G,2024-06-25,12:35,NIFTY,2024-06-27,CE,23600,ATM,2,False,23656.3200,132.7500,91.0500,108.7500,0.0000,0.0000,4.4740,3.2420,108.7500,1,,,0.2994,0.1422,0.5889,-26.9462,118.2867,,,105.0000,8.8512,8.1755,19.7740,-4.7081,49.7175,-4.7081,0.0429,session_end
dev,5,G,2024-06-26,14:10,NIFTY,2024-06-27,CE,23600,ITM1,1,False,23880.2700,294.0000,242.7000,287.6500,0.0000,0.0000,0.6990,0.8140,287.6500,1,,,0.0780,0.1857,0.8823,-13.7376,31.5204,15.4135,,15.0000,0.5272,-1.7852,8.5714,-3.0102,8.5714,-11.4286,0.0173,failed_base
dev,5,G,2024-06-21,12:45,NIFTY,2024-06-27,PE,23600,ATM,6,True,23481.8300,201.4500,141.0500,164.6500,0.0000,0.0000,2.7490,3.3280,164.6500,1,,,-0.3288,0.1106,-0.6337,-10.6879,66.6430,34.4820,,35.0000,7.8431,5.2502,16.6791,-3.2266,23.3060,-35.4927,-0.0945,failed_base
dev,5,G,2024-06-25,11:35,NIFTY,2024-06-27,PE,23600,ATM,2,False,23582.3500,109.7000,87.6000,107.0000,0.0000,0.0000,0.8740,0.9610,107.0000,1,,,-0.0795,0.1389,-0.5255,-26.7356,29.4521,18.0776,,10.0000,-12.4886,-17.0480,3.3728,-17.7302,3.3728,-54.8769,0.0868,failed_base
dev,5,G,2024-06-21,14:00,NIFTY,2024-06-27,CE,23700,OTM1,6,True,23534.6500,61.6000,44.2500,53.2000,0.0000,0.0000,3.1580,2.5590,53.2000,1,,,0.2189,0.1051,0.3047,-9.4888,87.3446,39.2642,,15.0000,-28.9773,-30.1257,34.5779,-33.2792,34.5779,-33.2792,-0.3552,failed_base
dev,5,G,2024-06-25,12:35,NIFTY,2024-06-27,CE,23700,OTM1,2,False,23656.3200,76.9500,48.4000,58.9500,0.0000,0.0000,6.6620,3.7020,58.9500,1,,,0.2994,0.1351,0.4308,-25.9466,172.5207,,,105.0000,14.3600,10.0246,29.6296,-5.5231,71.4100,-5.5231,0.0429,session_end
dev,5,G,2024-06-26,14:15,NIFTY,2024-06-27,CE,23700,ATM,1,False,23886.2800,209.7500,160.5500,200.8000,0.0000,0.0000,1.1240,0.6520,200.8000,1,,,0.1032,0.1699,0.8058,-23.4725,41.8873,19.9737,,10.0000,-1.0489,-6.0744,8.6055,-6.0548,8.6055,-17.2586,0.0020,failed_base
dev,5,G,2024-06-27,12:20,NIFTY,2024-06-27,CE,23700,ITM1,0,False,24017.0000,320.1000,204.2500,281.2000,0.0000,0.0000,0.7480,1.4950,281.2000,1,,,0.3394,0.4038,0.9586,-3.0996,76.9155,28.0476,,40.0000,1.6714,11.4800,2.0775,-8.1381,12.8866,-34.1924,0.0256,failed_base
dev,5,G,2024-06-21,12:45,NIFTY,2024-06-27,PE,23700,ITM1,6,True,23481.8300,269.6500,198.0000,227.3000,0.0000,0.0000,2.4870,3.3300,227.3000,1,,,-0.3288,0.1095,-0.7398,-8.9772,55.3535,30.0715,,35.0000,6.8422,2.7152,14.0738,-2.0953,20.0816,-31.6521,-0.0945,failed_base
dev,5,G,2024-06-25,11:35,NIFTY,2024-06-27,PE,23700,ITM1,2,False,23582.3500,167.2000,138.0000,163.6500,0.0000,0.0000,0.8000,1.1270,163.6500,1,,,-0.0795,0.1341,-0.6831,-22.1303,24.0942,15.0657,,10.0000,-10.4067,-13.8232,2.4222,-15.3708,2.4222,-52.6316,0.0868,failed_base
dev,5,G,2024-06-21,14:00,NIFTY,2024-06-27,CE,23800,OTM2,6,True,23534.6500,36.7000,26.5000,31.8000,0.0000,0.0000,1.8890,2.1690,31.8000,1,,,0.2189,0.1052,0.2057,-7.5723,87.7358,43.2161,,15.0000,-30.2452,-38.1230,35.5586,-37.4659,35.5586,-37.4659,-0.3552,failed_base
dev,5,G,2024-06-25,12:35,NIFTY,2024-06-27,CE,23800,OTM2,2,False,23656.3200,38.4000,23.1000,27.6000,0.0000,0.0000,7.4710,3.5520,27.6000,1,,,0.2994,0.1291,0.2707,-19.6079,240.4762,,,105.0000,23.3073,16.9005,45.3125,-7.9427,104.8177,-7.9427,0.0429,session_end
dev,5,G,2024-06-26,14:15,NIFTY,2024-06-27,CE,23800,OTM1,1,False,23886.2800,133.5000,94.5000,127.3000,0.0000,0.0000,1.2470,0.7090,127.3000,1,,,0.1120,0.1633,0.6616,-46.6454,57.1429,23.4343,,10.0000,-2.4719,3.8173,11.2360,-9.0262,11.2360,-23.4831,0.0020,failed_base
dev,5,G,2024-06-27,12:20,NIFTY,2024-06-27,CE,23800,ATM,0,False,24017.0000,225.1500,119.4000,185.2000,0.0000,0.0000,0.7580,1.1700,185.2000,1,,,0.3394,0.3742,0.8996,-8.1496,120.6449,36.0410,,40.0000,2.7093,16.6261,2.7093,-10.9483,17.0109,-49.3005,0.0256,failed_base
dev,5,G,2024-06-26,14:15,NIFTY,2024-06-27,CE,23900,OTM2,1,False,23886.2800,75.9500,48.6000,70.8500,0.0000,0.0000,1.9300,1.1170,70.8500,1,,,0.1120,0.1615,0.4752,-63.6139,78.1893,31.4088,,10.0000,-5.1350,-0.6132,14.0224,-12.5741,14.0224,-30.8756,0.0020,failed_base
dev,5,G,2024-06-27,12:20,NIFTY,2024-06-27,CE,23900,OTM1,0,False,24017.0000,137.0000,55.0500,98.9500,0.0000,0.0000,0.6290,1.3200,98.9500,1,,,0.3394,0.3391,0.7765,-19.9996,215.2589,48.7756,,40.0000,2.9927,15.4692,3.6131,-16.8248,26.6788,-74.4161,0.0256,failed_base
dev,5,G,2024-06-27,12:20,NIFTY,2024-06-27,CE,24000,OTM2,0,False,24017.0000,67.3500,22.9000,44.0000,0.0000,0.0000,2.0580,2.6910,44.0000,1,,,0.3394,0.3210,0.5474,-50.1020,329.4760,60.7016,,40.0000,7.6466,18.8939,7.6466,-21.6778,46.0282,-91.7595,0.0256,failed_base
dev,5,G,2024-07-01,11:35,NIFTY,2024-07-04,CE,23900,ITM1,3,False,24127.5700,281.1000,244.7000,275.3000,0.0000,0.0000,2.2220,1.6110,275.3000,1,,,0.1321,0.1556,0.7454,-18.4924,23.7434,10.0727,16.3790,60.0000,0.3024,-0.2050,5.5496,-2.7392,12.7357,-3.1306,0.0091,next_wave
dev,5,G,2024-06-28,12:20,NIFTY,2024-07-04,PE,23900,OTM2,6,True,24109.7200,80.2500,63.9000,75.4000,0.0000,0.0000,2.9060,1.0430,75.4000,1,,,-0.1911,0.1324,-0.3020,-12.1233,62.6761,30.4954,,40.0000,23.3022,11.8762,25.4206,-0.1869,29.5327,-24.2991,-0.2388,failed_base
dev,5,G,2024-07-01,11:35,NIFTY,2024-07-04,CE,24000,ATM,3,False,24127.5700,207.1500,176.5000,203.4000,0.0000,0.0000,1.7800,1.8690,203.4000,1,,,0.1321,0.1499,0.6503,-21.1923,28.1586,12.1132,19.9698,60.0000,0.7483,0.4768,6.9515,-2.9206,15.1340,-4.0309,0.0091,next_wave
dev,5,G,2024-06-28,12:20,NIFTY,2024-07-04,PE,24000,OTM1,6,True,24109.7200,111.5000,89.1000,104.2000,0.0000,0.0000,2.5730,1.4000,104.2000,1,,,-0.1911,0.1291,-0.3889,-13.0972,59.0348,28.1581,,40.0000,21.7489,11.3559,23.7220,0.0897,27.0852,-23.4529,-0.2388,failed_base
dev,5,G,2024-07-01,11:35,NIFTY,2024-07-04,CE,24100,OTM1,3,False,24127.5700,144.1500,120.0500,142.1500,0.0000,0.0000,2.5050,2.0130,142.1500,1,,,0.1321,0.1451,0.5361,-22.3599,33.4444,14.1698,,60.0000,1.2834,-1.2918,8.7409,-3.2605,17.3084,-4.6133,0.0091,failed_base
dev,5,G,2024-07-01,13:45,NIFTY,2024-07-04,CE,24100,OTM1,3,False,24162.8200,161.0000,137.5000,159.0000,0.0000,0.0000,1.4970,1.9860,159.0000,1,,,0.1582,0.1440,0.5804,-22.1621,22.9818,12.5074,,5.0000,-3.8820,-3.7767,3.6025,-8.1056,3.6025,-12.7329,-0.0310,failed_base
dev,5,G,2024-07-02,11:05,NIFTY,2024-07-04,CE,24100,ITM1,2,False,24186.8900,161.9500,130.1500,154.8000,0.0000,0.0000,0.9030,0.9020,154.8000,1,,,0.2116,0.1521,0.6222,-28.0053,44.3719,24.7472,,20.0000,8.7990,9.7465,16.0235,-2.3155,16.0235,-41.1238,0.1006,failed_base
dev,5,G,2024-07-02,14:45,NIFTY,2024-07-04,CE,24100,ITM1,2,False,24163.5900,140.0000,111.1500,136.0000,0.0000,0.0000,0.9780,1.5080,136.0000,1,,,0.1223,0.1465,0.5972,-29.0078,30.9042,16.9072,,0.0000,-8.4643,-2.8834,1.4286,-14.1786,1.4286,-14.1786,-0.0806,failed_base
dev,5,G,2024-07-03,12:40,NIFTY,2024-07-04,CE,24100,ITM1,1,False,24283.1200,207.9500,181.6500,207.8000,0.0000,0.0000,1.1820,2.4000,207.8000,1,,,0.0603,0.1641,0.7989,-24.7207,23.1489,11.1533,,0.0000,-4.2077,-1.5701,4.1597,-4.4241,7.3816,-16.0375,-0.0384,failed_base
dev,5,G,2024-06-28,12:25,NIFTY,2024-07-04,PE,24100,ATM,6,True,24081.1300,166.2000,122.2500,145.7000,0.0000,0.0000,4.3770,2.9640,145.7000,1,,,-0.3657,0.1259,-0.5153,-13.3003,54.8466,26.1754,,35.0000,9.9278,7.1648,13.8989,-4.5728,13.8989,-28.8207,-0.1361,failed_base
dev,5,G,2024-07-03,11:30,NIFTY,2024-07-04,PE,24100,OTM1,1,False,24251.6400,32.5000,25.2500,31.7000,0.0000,0.0000,3.0620,1.5340,31.7000,1,,,-0.1616,0.1621,-0.2454,-31.3361,56.0396,30.4569,,5.0000,-9.5385,-8.0447,2.4615,-16.0000,2.4615,-45.8462,0.0271,failed_base
dev,5,G,2024-07-01,11:35,NIFTY,2024-07-04,CE,24200,OTM2,3,False,24127.5700,94.0000,76.5000,93.2500,0.0000,0.0000,2.4950,2.2560,93.2500,1,,,0.1321,0.1415,0.4123,-21.2727,40.0000,17.4603,,5.0000,1.4894,-2.2423,10.4255,-3.8830,18.9894,-5.9574,0.0091,failed_base
dev,5,G,2024-07-01,13:45,NIFTY,2024-07-04,CE,24200,OTM2,3,False,24162.8200,105.6000,88.4000,104.1500,0.0000,0.0000,1.9380,2.1730,104.1500,1,,,0.1582,0.1394,0.4544,-21.8201,26.5271,14.7519,,5.0000,-4.9716,-2.1880,3.8826,-9.7064,3.8826,-15.4356,-0.0310,failed_base
dev,5,G,2024-07-02,11:05,NIFTY,2024-07-04,CE,24200,ATM,2,False,24186.8900,102.6500,82.5500,98.2500,0.0000,0.0000,1.1580,1.1000,98.2500,1,,,0.2116,0.1462,0.4830,-28.7054,48.4555,29.7838,,20.0000,9.8880,10.6935,19.3863,-2.2893,19.3863,-45.7867,0.1006,failed_base
dev,5,G,2024-07-02,14:45,NIFTY,2024-07-04,CE,24200,ATM,2,False,24163.5900,84.1500,65.3000,81.8500,0.0000,0.0000,1.1860,1.7110,81.8500,1,,,0.1223,0.1408,0.4449,-28.6976,35.6815,19.9774,,0.0000,-9.3880,-2.6537,2.0796,-15.8051,2.0796,-15.8051,-0.0806,failed_base
dev,5,G,2024-07-03,12:55,NIFTY,2024-07-04,CE,24200,ATM,1,False,24288.8800,136.2000,110.5000,132.0000,0.0000,0.0000,0.9910,0.7190,132.0000,1,,,0.0840,0.1585,0.6642,-44.6062,29.7738,15.0279,,60.0000,-1.8722,-4.2965,1.0646,-9.8752,5.2863,-23.9354,0.0039,failed_base
dev,5,G,2024-06-28,12:20,NIFTY,2024-07-04,PE,24200,ITM1,6,True,24109.7200,203.7000,165.1500,194.0000,0.0000,0.0000,2.4770,1.4090,194.0000,1,,,-0.2474,0.1238,-0.5883,-12.7343,50.0757,24.0266,,40.0000,17.4030,11.6535,19.1458,0.0000,21.6740,-20.8640,-0.2388,failed_base
dev,5,G,2024-07-03,11:30,NIFTY,2024-07-04,PE,24200,ATM,1,False,24251.6400,60.9000,46.2500,56.8000,0.0000,0.0000,2.9380,1.7690,56.8000,1,,,-0.1616,0.1541,-0.4016,-48.4432,53.4054,27.9774,,5.0000,-6.7323,-6.7233,2.2167,-16.0920,2.2167,-38.6700,0.0271,failed_base
dev,5,G,2024-07-02,11:05,NIFTY,2024-07-04,CE,24300,OTM1,2,False,24186.8900,58.0500,48.0500,57.5500,0.0000,0.0000,1.2910,0.8300,57.5500,1,,,0.2116,0.1405,0.3357,-24.4402,49.3236,34.4948,,20.0000,10.4220,11.0201,23.6003,-2.9285,23.6003,-48.8372,0.1006,failed_base
dev,5,G,2024-07-02,14:45,NIFTY,2024-07-04,CE,24300,OTM1,2,False,24163.5900,44.7500,33.8500,43.6000,0.0000,0.0000,1.2590,1.7340,43.6000,1,,,0.1223,0.1363,0.2915,-22.7911,40.4727,23.1335,,0.0000,-12.2905,-1.7497,2.1229,-18.6592,2.1229,-18.6592,-0.0806,failed_base
dev,5,G,2024-07-03,11:30,NIFTY,2024-07-04,PE,24300,ITM1,1,False,24251.6400,109.2000,82.7000,98.6500,0.0000,0.0000,2.5760,1.9270,98.6500,1,,,-0.1616,0.1512,-0.5903,-47.9592,49.3349,23.5628,,5.0000,-4.1209,-9.8215,1.7857,-13.4158,1.7857,-31.0440,0.0271,failed_base
dev,5,G,2024-07-03,14:25,NIFTY,2024-07-04,PE,24300,ITM1,1,False,24261.8200,99.1500,75.3000,94.8500,0.0000,0.0000,1.0450,1.1280,94.8500,1,,,-0.1114,0.1517,-0.5751,-57.0993,42.8287,17.8522,,10.0000,-4.6394,-6.1100,8.4720,-10.8926,8.4720,-22.8946,0.0143,failed_base
dev,5,G,2024-07-02,11:20,NIFTY,2024-07-04,CE,24400,OTM2,2,False,24217.2200,34.0000,25.2000,31.4000,0.0000,0.0000,3.8390,2.3980,31.4000,1,,,0.3329,0.1335,0.2342,-18.4705,46.4286,26.1518,,5.0000,-25.7353,-24.9556,2.5000,-33.5294,2.5000,-55.5882,-0.1868,failed_base
dev,5,G,2024-07-03,12:35,NIFTY,2024-07-04,CE,24400,OTM2,1,False,24294.9700,38.6500,24.2000,33.4000,0.0000,0.0000,3.2180,1.7590,33.4000,1,,,0.1787,0.1495,0.3028,-37.0358,71.4876,25.3012,,5.0000,-11.2549,-11.4460,1.8111,-17.2057,1.8111,-40.6210,-0.0407,failed_base
dev,5,G,2024-07-04,13:55,NIFTY,2024-07-04,PE,24400,ITM1,0,False,24309.1500,92.1000,62.5000,82.2500,0.0000,0.0000,1.2650,2.5200,82.2500,1,,,-0.1358,0.1715,-0.9470,-1.2501,61.3600,26.3758,,0.0000,-17.2096,-21.1993,6.2432,-27.0901,17.9153,-27.3073,0.0664,failed_base
dev,5,G,2024-07-05,13:20,NIFTY,2024-07-11,PE,24000,OTM2,6,True,24285.9900,39.1500,33.5500,38.8500,0.0000,0.0000,1.7570,3.4630,38.8500,1,,,-0.0937,0.1104,-0.2008,-8.0649,23.8450,11.6727,,0.0000,0.0000,4.4877,2.2989,-13.6654,19.2848,-44.6999,-0.0381,failed_base
dev,5,G,2024-07-05,11:40,NIFTY,2024-07-11,CE,24100,ITM1,6,True,24317.8700,269.8000,218.5000,246.3000,0.0000,0.0000,1.3670,1.1980,246.3000,1,,,0.1897,0.1067,0.7433,-8.9606,29.5195,15.2650,,10.0000,-3.5582,-7.3644,4.8925,-4.5589,17.5130,-23.4248,-0.0580,failed_base
dev,5,G,2024-07-05,13:15,NIFTY,2024-07-11,PE,24100,OTM1,6,True,24282.5900,61.8500,51.0000,59.2000,0.0000,0.0000,2.7260,0.6340,59.2000,1,,,-0.0871,0.1074,-0.2905,-9.7408,25.1961,10.9632,,5.0000,-8.4074,-3.9021,0.8892,-14.7130,16.8957,-45.2708,0.0367,failed_base
dev,5,G,2024-07-08,11:20,NIFTY,2024-07-11,PE,24100,OTM2,3,False,24286.5000,42.3000,31.6000,42.1000,0.0000,0.0000,1.3120,3.8000,42.1000,1,,,-0.1052,0.1241,-0.2506,-14.7158,74.6835,29.6196,,0.0000,1.6548,1.6026,9.3381,-11.2293,34.7518,-37.4704,0.0059,failed_base
dev,5,G,2024-07-05,11:40,NIFTY,2024-07-11,CE,24200,ATM,6,True,24317.8700,197.6000,153.1000,177.7000,0.0000,0.0000,1.9270,1.6510,177.7000,1,,,0.1897,0.1038,0.6425,-10.2597,36.4141,18.0991,,10.0000,-4.5800,-9.0152,5.6933,-5.8198,19.9393,-27.3532,-0.0580,failed_base
dev,5,G,2024-07-08,13:25,NIFTY,2024-07-11,CE,24200,ITM1,3,False,24319.8600,179.7500,136.3000,170.9500,0.0000,0.0000,0.6620,1.3910,170.9500,1,,,0.1373,0.1232,0.6703,-17.3296,34.3360,15.3468,,0.0000,-0.7789,1.0959,0.6676,-13.7691,15.3268,-13.7691,-0.0014,failed_base
dev,5,G,2024-07-05,13:20,NIFTY,2024-07-11,PE,24200,ATM,6,True,24285.9900,91.3000,77.7500,89.1500,0.0000,0.0000,1.4800,2.5140,89.1500,1,,,-0.0937,0.1040,-0.3928,-10.6985,23.7942,9.9221,,0.0000,1.4239,5.1212,3.4502,-10.7886,19.3866,-41.3472,-0.0381,failed_base
dev,5,G,2024-07-08,11:20,NIFTY,2024-07-11,PE,24200,OTM1,3,False,24286.5000,71.2000,54.1000,71.0000,0.0000,0.0000,1.2570,4.0740,71.0000,1,,,-0.1052,0.1209,-0.3735,-17.6833,65.3420,26.1599,,0.0000,0.3511,1.7305,7.7247,-10.3933,29.2837,-35.4635,0.0059,failed_base
dev,5,G,2024-07-10,14:10,NIFTY,2024-07-11,PE,24200,OTM2,1,False,24212.3200,69.5500,42.0500,55.5500,0.0000,0.0000,4.0410,3.3530,55.5500,1,,,-0.2199,0.1455,-0.4724,-57.6829,88.7039,34.7196,,5.0000,-61.0352,-90.2963,9.4896,-62.2574,9.4896,-67.0740,0.4430,failed_base
dev,5,G,2024-07-11,12:10,NIFTY,2024-07-11,PE,24200,OTM2,0,False,24216.1000,27.8500,10.0500,25.9500,0.0000,0.0000,3.0830,3.1740,25.9500,1,,,-0.0852,0.1875,-0.4271,-27.8400,472.1393,77.6522,,0.0000,-68.4022,-75.3541,5.5655,-68.4022,5.5655,-99.8205,0.2201,failed_base
dev,5,G,2024-07-05,11:40,NIFTY,2024-07-11,CE,24300,OTM1,6,True,24317.8700,136.1000,100.2000,120.2500,0.0000,0.0000,3.2260,2.3100,120.2500,1,,,0.1897,0.1009,0.5244,-10.7221,46.4571,21.3969,,10.0000,-5.2168,-10.2392,7.8251,-6.8332,22.7039,-31.6679,-0.0580,failed_base
dev,5,G,2024-07-08,13:15,NIFTY,2024-07-11,CE,24300,ATM,3,False,24305.8600,109.9500,85.8500,109.8500,0.0000,0.0000,0.8920,1.5190,109.8500,1,,,0.0921,0.1199,0.5106,-18.9531,39.4292,17.9616,,10.0000,-6.4120,-5.0386,8.8677,-10.8231,26.1937,-10.8231,-0.0517,failed_base
dev,5,G,2024-07-09,13:10,NIFTY,2024-07-11,CE,24300,ITM1,2,False,24445.3800,185.4500,148.5500,162.4000,0.0000,0.0000,4.1640,4.9520,162.4000,1,,,0.1523,0.1300,0.7289,-20.5566,32.8172,10.7197,,10.0000,-0.6201,2.3488,6.3899,-4.2869,11.6204,-5.1766,0.0092,session_end
dev,5,G,2024-07-10,12:00,NIFTY,2024-07-11,CE,24300,ITM1,1,False,24249.7400,59.1500,43.6500,57.7000,0.0000,0.0000,1.6310,2.5720,57.7000,1,,,0.2360,0.1508,0.4048,-48.4546,75.1432,32.5049,61.8217,0.0000,0.9298,-0.3386,16.3145,-4.5647,49.7887,-36.6019,0.0094,next_wave
dev,5,G,2024-07-11,12:40,NIFTY,2024-07-11,CE,24300,ITM1,0,False,24269.4000,18.9000,10.6500,18.3500,0.0000,0.0000,1.2130,1.7820,18.3500,1,,,0.1308,0.1830,0.3515,-18.9000,174.6479,52.4786,,20.0000,3.1746,12.9478,54.7619,-12.1693,134.9206,-74.3386,0.0529,failed_base
dev,5,G,2024-07-05,13:15,NIFTY,2024-07-11,PE,24300,ITM1,6,True,24282.5900,136.2500,114.6500,129.9500,0.0000,0.0000,2.7190,0.8590,129.9500,1,,,-0.0871,0.1018,-0.5185,-10.8783,21.6747,11.6846,,5.0000,-5.6514,-5.5261,0.3670,-10.8257,16.1101,-38.7523,0.0367,failed_base
dev,5,G,2024-07-08,11:20,NIFTY,2024-07-11,PE,24300,ATM,3,False,24286.5000,114.3000,88.8500,114.1500,0.0000,0.0000,1.1090,3.3250,114.1500,1,,,-0.1052,0.1189,-0.5175,-18.4750,55.4305,22.2303,,0.0000,-0.2187,0.0999,6.3867,-8.8801,23.8845,-32.3710,0.0059,failed_base
dev,5,G,2024-07-10,14:10,NIFTY,2024-07-11,PE,24300,OTM1,1,False,24212.3200,128.2000,81.4000,104.4000,0.0000,0.0000,2.2050,2.6630,104.4000,1,,,-0.2199,0.1471,-0.6746,-40.1407,72.3587,26.9423,,5.0000,-52.7301,-71.3461,6.8643,-53.9392,6.8643,-58.5023,0.4430,failed_base
dev,5,G,2024-07-11,12:10,NIFTY,2024-07-11,PE,24300,OTM1,0,False,24216.1000,94.5000,51.4500,90.2500,0.0000,0.0000,1.5330,3.0750,90.2500,1,,,-0.0852,0.2067,-0.8040,-10.6004,168.9990,59.6821,,0.0000,-47.6190,-37.8083,1.9577,-48.4656,1.9577,-99.9471,0.2201,failed_base
dev,5,G,2024-07-05,11:40,NIFTY,2024-07-11,CE,24400,OTM2,6,True,24317.8700,87.3000,60.4000,75.8000,0.0000,0.0000,3.5770,1.7880,75.8000,1,,,0.1897,0.0984,0.3980,-10.1068,58.9404,25.0521,,10.0000,-6.4147,-12.0530,9.9656,-8.1901,25.3150,-36.3116,-0.0580,failed_base
dev,5,G,2024-07-08,13:25,NIFTY,2024-07-11,CE,24400,OTM1,3,False,24319.8600,69.3000,49.9000,64.6500,0.0000,0.0000,0.9900,1.6050,64.6500,1,,,0.1820,0.1170,0.3817,-17.5428,43.2866,15.8741,,0.0000,-1.1544,5.4432,0.6494,-18.6147,21.7893,-18.6147,-0.0014,failed_base
dev,5,G,2024-07-09,13:10,NIFTY,2024-07-11,CE,24400,ATM,2,False,24445.3800,114.4500,85.1000,95.6000,0.0000,0.0000,4.5890,4.8550,95.6000,1,,,0.1523,0.1218,0.5813,-24.1868,46.4160,,,10.0000,-0.8301,-0.0550,8.8685,-5.8541,15.0284,-7.6016,0.0092,session_end
dev,5,G,2024-07-10,12:00,NIFTY,2024-07-11,CE,24400,ATM,1,False,24249.7400,29.9000,21.9500,29.1000,0.0000,0.0000,1.2260,2.1100,29.1000,1,,,0.2360,0.1557,0.2408,-29.2306,82.9157,36.6127,,0.0000,1.1706,1.0160,21.0702,-4.1806,46.9900,-41.3043,0.0094,failed_base
dev,5,G,2024-07-08,11:20,NIFTY,2024-07-11,PE,24400,ITM1,3,False,24286.5000,173.0500,138.7000,172.7500,0.0000,0.0000,1.0060,2.6750,172.7500,1,,,-0.1052,0.1181,-0.6616,-16.5112,44.9171,18.3085,,0.0000,-0.8957,0.1275,4.7385,-7.9746,18.4051,-28.8645,0.0059,failed_base
dev,5,G,2024-07-10,14:10,NIFTY,2024-07-11,PE,24400,ATM,1,False,24212.3200,206.5000,142.4000,174.2000,0.0000,0.0000,2.2120,2.6340,174.2000,1,,,-0.2199,0.1535,-0.8241,-18.8228,56.0393,26.3726,,5.0000,-42.2034,-52.4861,5.0847,-43.3414,5.0847,-47.4334,0.4430,failed_base
dev,5,G,2024-07-11,12:10,NIFTY,2024-07-11,PE,24400,ATM,0,False,24216.1000,186.9000,136.5000,183.4000,0.0000,0.0000,2.0240,3.9830,183.4000,1,,,-0.0852,0.2485,-0.9404,-3.0004,69.4872,40.1988,,0.0000,-27.5816,-25.6307,1.4714,-29.5613,1.4714,-68.7266,0.2201,failed_base
dev,5,G,2024-07-08,13:25,NIFTY,2024-07-11,CE,24500,OTM2,3,False,24319.8600,36.4500,26.7000,34.1500,0.0000,0.0000,0.9980,1.4520,34.1500,1,,,0.1054,0.1142,0.2427,-13.4646,43.2584,18.3007,,0.0000,-0.2743,2.6367,1.6461,-19.3416,25.5144,-19.3416,-0.0014,failed_base
dev,5,G,2024-07-09,13:10,NIFTY,2024-07-11,CE,24500,OTM1,2,False,24445.3800,60.7000,40.4500,46.9000,0.0000,0.0000,5.6450,5.2440,46.9000,1,,,0.1523,0.1152,0.4007,-22.5355,68.7268,,,10.0000,-2.8007,-1.0526,12.4382,-8.7315,17.8748,-12.1911,0.0092,session_end
dev,5,G,2024-07-10,12:00,NIFTY,2024-07-11,CE,24500,OTM1,1,False,24249.7400,13.5000,10.3500,13.0000,0.0000,0.0000,1.2750,2.3410,13.0000,1,,,0.2360,0.1593,0.1259,-13.4869,76.3285,41.3699,,0.0000,1.8519,2.7494,26.6667,-3.7037,44.8148,-40.3704,0.0094,failed_base
dev,5,G,2024-07-10,14:10,NIFTY,2024-07-11,PE,24500,ITM1,1,False,24212.3200,295.8000,218.4000,257.4000,0.0000,0.0000,1.7800,2.8140,257.4000,1,,,-0.2199,0.1601,-0.9141,-8.1240,41.8727,19.7999,,5.0000,-33.5362,-39.8351,3.9385,-34.7532,3.9385,-37.9310,0.4430,failed_base
dev,5,G,2024-07-11,12:10,NIFTY,2024-07-11,PE,24500,ITM1,0,False,24216.1000,285.3500,232.4000,281.0000,0.0000,0.0000,1.9650,5.3910,281.0000,1,,,-0.0852,0.3080,-0.9736,-1.4504,39.8451,27.7692,,0.0000,-18.7489,-18.4516,1.2791,-19.6425,1.2791,-44.6294,0.2201,failed_base
dev,5,G,2024-07-09,13:10,NIFTY,2024-07-11,CE,24600,OTM2,2,False,24445.3800,26.0000,15.6500,18.5000,0.0000,0.0000,6.8770,6.5420,18.5000,1,,,0.1523,0.1091,0.2240,-15.0020,94.2492,26.8092,,10.0000,-2.6923,-0.0965,16.9231,-9.4231,22.8846,-14.4231,0.0092,stalled
dev,5,G,2024-07-10,12:00,NIFTY,2024-07-11,CE,24600,OTM2,1,False,24249.7400,5.7000,4.7000,5.4500,0.0000,0.0000,1.2220,1.9460,5.4500,1,,,0.2360,0.1639,0.0597,-5.6999,58.5106,34.8993,,0.0000,4.3860,4.1590,35.9649,-3.5088,39.4737,-43.8596,0.0094,failed_base
dev,5,G,2024-07-12,13:25,NIFTY,2024-07-18,CE,24300,ITM1,6,True,24553.6500,297.1500,260.0000,289.4500,0.0000,0.0000,1.3440,2.2540,289.4500,1,,,0.0712,0.1067,0.7758,-8.3810,30.2692,22.1287,,55.0000,5.6705,4.1077,9.3555,-0.4711,13.9828,-15.8001,0.0667,failed_base
dev,5,G,2024-07-12,13:25,NIFTY,2024-07-18,CE,24400,ATM,6,True,24553.6500,220.8500,186.6500,213.0500,0.0000,0.0000,1.6210,2.0430,213.0500,1,,,0.0712,0.1032,0.6829,-9.8398,38.5749,19.2925,,55.0000,6.4523,5.4349,11.1614,-1.1094,17.1157,-19.4929,0.0667,failed_base
dev,5,G,2024-07-12,13:25,NIFTY,2024-07-18,CE,24500,OTM1,6,True,24553.6500,153.6000,125.6500,147.3000,0.0000,0.0000,1.8260,2.7390,147.3000,1,,,0.0712,0.0990,0.5698,-10.5309,47.8313,23.3378,,55.0000,7.8125,6.0130,14.2253,-1.2370,20.9310,-23.9583,0.0667,failed_base
dev,5,G,2024-07-15,13:15,NIFTY,2024-07-18,CE,24500,ITM1,3,False,24620.0600,178.0000,155.4000,172.7000,0.0000,0.0000,1.6610,1.4580,172.7000,1,,,0.0793,0.1193,0.6735,-16.8767,21.0425,9.1707,,10.0000,-3.6236,-3.2209,5.6742,-4.0169,5.6742,-11.0674,-0.0197,failed_base
dev,5,G,2024-07-12,15:00,NIFTY,2024-07-18,PE,24500,ITM1,6,True,24546.1900,99.6500,87.2000,96.5000,0.0000,0.0000,2.1130,1.6290,96.5000,1,,,-0.0970,0.0967,-0.4368,-10.3849,,,,,5.7200,8.2324,15.3036,0.4516,15.3036,0.4516,-0.0935,session_end
dev,5,G,2024-07-12,13:25,NIFTY,2024-07-18,CE,24600,OTM2,6,True,24553.6500,98.9000,77.4500,94.2000,0.0000,0.0000,2.9140,2.9540,94.2000,1,,,0.0712,0.0954,0.4411,-10.2064,62.8793,28.8942,,55.0000,9.9090,7.3437,18.0991,-1.0617,27.5531,-28.7664,0.0667,failed_base
dev,5,G,2024-07-15,13:15,NIFTY,2024-07-18,CE,24600,ATM,3,False,24620.0600,113.2500,95.2000,108.7500,0.0000,0.0000,2.2170,1.8270,108.7500,1,,,0.0793,0.1139,0.5328,-18.1675,26.7332,11.8939,,10.0000,-5.1214,-4.5887,6.5342,-6.1369,6.5342,-14.5695,-0.0197,failed_base
dev,5,G,2024-07-15,10:50,NIFTY,2024-07-18,CE,24700,OTM1,3,False,24610.0000,62.5000,41.2000,55.5500,0.0000,0.0000,0.8730,2.7630,55.5500,1,,,0.2329,0.1100,0.3631,-16.0452,62.0146,23.3708,,0.0000,-12.0000,-13.7854,2.6400,-18.1600,12.4800,-34.7200,-0.0508,failed_base
dev,5,G,2024-07-15,13:15,NIFTY,2024-07-18,CE,24700,OTM1,3,False,24620.0600,63.0000,51.5000,60.4000,0.0000,0.0000,2.2750,1.4290,60.4000,1,,,0.0793,0.1080,0.3739,-16.2518,32.5243,15.4579,,10.0000,-7.2222,-7.3136,8.3333,-8.4127,8.3333,-18.5714,-0.0197,failed_base
dev,5,G,2024-07-18,12:20,NIFTY,2024-07-18,CE,24700,OTM1,0,False,24617.7000,20.1500,5.7000,14.8500,0.0000,0.0000,2.6650,2.8140,14.8500,1,,,0.3342,0.2732,0.2611,-20.1500,600.8772,55.0688,,5.0000,29.7767,38.5849,78.1638,-3.2258,646.8983,-3.2258,0.1052,next_wave
dev,5,G,2024-07-15,10:50,NIFTY,2024-07-18,CE,24800,OTM2,3,False,24610.0000,30.9500,19.8500,26.7000,0.0000,0.0000,0.7530,2.6630,26.7000,1,,,0.2329,0.1063,0.2211,-11.7007,70.2771,27.8107,,0.0000,-14.2165,-15.9539,3.5541,-21.1632,14.7011,-38.1260,-0.0508,failed_base
dev,5,G,2024-07-15,13:15,NIFTY,2024-07-18,CE,24800,OTM2,3,False,24620.0600,30.2000,24.6500,29.2000,0.0000,0.0000,2.0640,1.2120,29.2000,1,,,0.0793,0.1036,0.2239,-11.7043,34.8884,19.0977,,10.0000,-9.1060,-8.3367,10.0993,-10.9272,10.0993,-23.0132,-0.0197,failed_base
dev,5,G,2024-07-25,11:40,NIFTY,2024-07-25,CE,24100,ITM1,0,False,24328.9000,232.5000,183.5000,227.5500,0.0000,0.0000,0.6760,0.9440,227.5500,1,,,0.1323,0.2874,0.9424,-3.6021,62.9428,10.6020,20.7819,115.0000,7.4194,5.0020,11.8925,-2.6237,38.8602,-2.6237,0.0763,next_wave
dev,5,G,2024-07-25,11:40,NIFTY,2024-07-25,CE,24200,ATM,0,False,24328.9000,135.5000,93.4000,133.4500,0.0000,0.0000,0.5900,0.9260,133.4500,1,,,0.1323,0.2174,0.8791,-6.6021,112.8480,15.5181,32.7181,115.0000,12.6937,13.7951,19.9262,-3.9852,64.5018,-3.9852,0.0763,next_wave
dev,5,G,2024-07-22,12:00,NIFTY,2024-07-25,PE,24200,OTM2,3,False,24539.9200,99.0500,80.0000,98.2500,0.0000,0.0000,1.2680,0.7230,98.2500,1,,,-0.0609,0.2551,-0.2738,-32.4696,46.8750,21.1489,,50.0000,10.6007,7.8971,11.7617,-1.9687,18.6270,-10.1464,-0.1814,failed_base
dev,5,G,2024-07-22,13:55,NIFTY,2024-07-25,CE,24300,ITM1,3,False,24544.5700,362.2000,325.0000,357.2000,0.0000,0.0000,1.1030,0.7530,357.2000,1,,,0.1788,0.2449,0.6759,-34.6263,11.8308,11.2945,,5.0000,-7.5787,-7.4113,0.0552,-13.0453,0.0552,-13.0453,-0.1470,failed_base
dev,5,G,2024-07-25,11:55,NIFTY,2024-07-25,CE,24300,OTM1,0,False,24349.9500,65.1500,27.0500,57.7000,0.0000,0.0000,0.8760,0.8810,57.7000,1,,,0.1755,0.1762,0.7183,-15.1986,274.3068,27.8025,66.4159,100.0000,29.1635,24.9327,31.7728,-11.5119,86.7229,-11.5119,0.0996,next_wave
dev,5,G,2024-07-22,12:35,NIFTY,2024-07-25,PE,24300,OTM1,3,False,24487.2000,144.7000,116.9500,135.1000,0.0000,0.0000,1.9720,2.1220,135.1000,1,,,-0.2238,0.2513,-0.3660,-37.1311,28.2599,13.3333,,15.0000,-2.1078,-2.8927,3.6628,-10.1589,3.6628,-19.9724,0.0079,failed_base
dev,5,G,2024-07-24,12:05,NIFTY,2024-07-25,PE,24300,OTM2,1,False,24375.3200,71.0000,42.8000,68.0500,0.0000,0.0000,0.7960,0.7610,68.0500,1,,,-0.1620,0.1922,-0.3846,-60.1967,196.7290,58.9764,,25.0000,53.0282,49.1642,78.8732,-0.6338,78.8732,-54.3662,-0.3089,failed_base
dev,5,G,2024-07-24,14:35,NIFTY,2024-07-25,CE,24400,ITM1,1,False,24417.1500,89.9000,47.3000,64.5500,0.0000,0.0000,4.7560,2.6210,64.5500,1,,,0.4506,0.1561,0.5352,-64.2952,120.5074,49.6644,,15.0000,-18.3537,-16.3866,16.0178,-41.6018,16.0178,-41.6018,-0.0902,failed_base
dev,5,G,2024-07-25,13:00,NIFTY,2024-07-25,CE,24400,OTM2,0,False,24390.3500,22.9500,10.8000,21.7500,0.0000,0.0000,1.3920,2.0040,21.7500,1,,,0.1659,0.1673,0.4449,-22.8506,139.3519,57.4468,,0.0000,-15.4684,-5.2790,6.3181,-30.9368,52.5054,-94.5534,0.0074,failed_base
dev,5,G,2024-07-22,12:35,NIFTY,2024-07-25,PE,24400,ATM,3,False,24487.2000,183.8000,150.6000,172.4500,0.0000,0.0000,2.4230,2.6780,172.4500,1,,,-0.2238,0.2493,-0.4337,-38.8586,26.5936,14.0834,,15.0000,-1.7682,-2.4813,3.7269,-8.8139,3.7269,-18.0903,0.0079,failed_base
dev,5,G,2024-07-24,12:05,NIFTY,2024-07-25,PE,24400,OTM1,1,False,24375.3200,115.7000,71.6000,109.7500,0.0000,0.0000,0.6990,0.6990,109.7500,1,,,-0.1620,0.1891,-0.5359,-65.7032,158.5894,49.4194,,25.0000,42.0484,41.2067,60.0259,-0.5618,60.0259,-47.8392,-0.3089,failed_base
dev,5,G,2024-07-24,14:40,NIFTY,2024-07-25,CE,24500,ATM,1,False,24408.8500,41.6500,28.1000,38.7000,0.0000,0.0000,1.6680,4.6030,38.7000,1,,,0.4479,0.1521,0.3241,-41.5800,88.7900,36.8520,,0.0000,-30.3721,-31.1291,26.2905,-41.8968,26.2905,-41.8968,-0.1561,failed_base
dev,5,G,2024-07-19,11:50,NIFTY,2024-07-25,PE,24500,OTM2,6,True,24620.7100,180.5000,141.2000,168.4500,0.0000,0.0000,1.2440,1.2290,168.4500,1,,,-0.3220,0.1856,-0.4141,-19.5407,34.4901,12.5329,,10.0000,-10.6648,-7.6458,5.2078,-13.7119,29.7507,-13.7119,0.1397,failed_base
dev,5,G,2024-07-19,13:20,NIFTY,2024-07-25,PE,24500,OTM2,6,True,24592.7400,188.7500,155.7500,181.0000,0.0000,0.0000,1.3850,1.4420,181.0000,1,,,-0.1562,0.1837,-0.4316,-19.6067,22.8571,10.6088,,5.0000,-8.4768,-4.3701,0.1854,-13.0066,24.0795,-13.0066,0.1190,failed_base
dev,5,G,2024-07-19,14:15,NIFTY,2024-07-25,PE,24500,OTM2,6,True,24557.0600,205.0500,164.2000,191.3500,0.0000,0.0000,4.5970,2.2760,191.3500,1,,,-0.2743,0.1847,-0.4558,-19.9310,32.8867,12.6260,,20.0000,-1.5850,4.9325,6.4131,-3.8771,14.2160,-7.0227,0.0067,next_wave
dev,5,G,2024-07-22,12:35,NIFTY,2024-07-25,PE,24500,ITM1,3,False,24487.2000,230.1500,191.7500,217.8000,0.0000,0.0000,2.3540,2.5770,217.8000,1,,,-0.2238,0.2477,-0.5043,-39.2319,24.5893,12.5366,,15.0000,-1.2818,-2.3936,3.8019,-7.6037,3.8019,-16.1851,0.0079,failed_base
dev,5,G,2024-07-24,11:50,NIFTY,2024-07-25,PE,24500,ATM,1,False,24389.2700,167.8000,114.4500,166.9500,0.0000,0.0000,0.7920,1.4840,166.9500,1,,,-0.1049,0.1882,-0.6637,-51.5297,124.6396,39.5566,,40.0000,41.0906,34.6696,44.0107,-4.6484,53.2181,-35.2205,-0.3519,failed_base
dev,5,G,2024-07-23,14:40,NIFTY,2024-07-25,CE,24600,OTM1,2,False,24534.4100,95.0500,34.4500,65.9000,0.0000,0.0000,2.8650,1.1730,65.9000,1,,,0.8316,0.1710,0.4195,-34.7979,191.4369,39.2430,,15.0000,-31.2467,-29.8061,5.6286,-35.8233,5.6286,-45.9758,-0.2401,failed_base
dev,5,G,2024-07-19,11:50,NIFTY,2024-07-25,PE,24600,OTM1,6,True,24620.7100,224.4500,179.1500,211.4500,0.0000,0.0000,2.0500,1.7950,211.4500,1,,,-0.3220,0.1843,-0.4807,-19.8629,30.6168,11.1966,,10.0000,-9.5344,-8.3560,4.2548,-12.6532,28.0909,-12.6532,0.1397,failed_base
dev,5,G,2024-07-19,13:20,NIFTY,2024-07-25,PE,24600,OTM1,6,True,24592.7400,234.4000,196.0500,225.2000,0.0000,0.0000,1.6240,1.5770,225.2000,1,,,-0.1562,0.1823,-0.4998,-19.7529,21.0150,9.6101,,5.0000,-7.3805,-2.7872,0.2560,-11.6468,22.6536,-11.6468,0.1190,failed_base
dev,5,G,2024-07-19,14:15,NIFTY,2024-07-25,PE,24600,OTM1,6,True,24557.0600,254.0500,207.1000,237.2500,0.0000,0.0000,3.2660,2.1920,237.2500,1,,,-0.2223,0.1839,-0.5241,-19.9274,29.9372,11.5570,,20.0000,-1.2793,4.7589,5.9240,-3.4048,13.1667,-6.3177,0.0067,next_wave
dev,5,G,2024-07-24,11:50,NIFTY,2024-07-25,PE,24600,ITM1,1,False,24389.2700,242.9000,175.4500,241.9000,0.0000,0.0000,0.7610,1.4370,241.9000,1,,,-0.1049,0.1927,-0.7847,-31.6769,94.2434,30.6338,,40.0000,30.9181,24.8553,34.0058,-4.3845,40.3047,-25.8954,-0.3519,failed_base
dev,5,G,2024-07-23,14:40,NIFTY,2024-07-25,CE,24700,OTM2,2,False,24534.4100,63.0000,24.6000,44.3000,0.0000,0.0000,2.3440,1.0380,44.3000,1,,,0.8662,0.1763,0.3069,-30.8928,170.3252,42.0301,,10.0000,-34.2063,-30.7849,5.5556,-38.8095,5.5556,-47.9365,-0.2401,failed_base
dev,5,G,2024-07-19,11:50,NIFTY,2024-07-25,PE,24700,ATM,6,True,24620.7100,274.5000,223.1000,259.9500,0.0000,0.0000,0.8180,0.7480,259.9500,1,,,-0.3220,0.1824,-0.5487,-19.5090,27.6558,9.9895,,10.0000,-8.3971,-6.5809,3.7523,-11.4390,26.7213,-11.4390,0.1397,failed_base
dev,5,G,2024-07-19,13:20,NIFTY,2024-07-25,PE,24700,ATM,6,True,24592.7400,287.4500,243.1000,277.5500,0.0000,0.0000,0.9380,0.9270,277.5500,1,,,-0.1562,0.1812,-0.5685,-19.3038,19.3336,11.4271,,5.0000,-6.7490,-3.2802,0.1044,-10.6105,21.0123,-10.6105,0.1190,failed_base
dev,5,G,2024-07-19,14:15,NIFTY,2024-07-25,PE,24700,ATM,6,True,24557.0600,309.5500,256.9500,290.1000,0.0000,0.0000,2.5210,1.7710,290.1000,1,,,-0.2101,0.1829,-0.5921,-19.2558,27.2427,10.6744,,20.0000,-1.2599,1.2164,5.6211,-2.7621,12.3728,-5.6534,0.0067,next_wave
dev,5,G,2024-07-19,14:15,NIFTY,2024-07-25,PE,24800,ITM1,6,True,24557.0600,372.4500,314.3500,350.2000,0.0000,0.0000,2.5340,1.8400,350.2000,1,,,-0.2101,0.1825,-0.6573,-18.0656,24.6222,9.6618,,20.0000,-1.1142,1.5495,5.1819,-2.5373,11.4244,-4.9805,0.0067,next_wave
dev,5,G,2024-07-26,12:05,NIFTY,2024-08-01,CE,24400,ITM1,6,True,24681.9700,331.5500,287.3000,331.2000,0.0000,0.0000,0.4480,0.6240,331.2000,1,,,0.1718,0.1188,0.7736,-9.3940,74.0167,14.1214,,110.0000,12.7884,11.1360,13.3464,-2.7748,55.9192,-2.7748,0.2022,session_end
dev,5,G,2024-07-26,12:40,NIFTY,2024-08-01,CE,24500,ATM,6,True,24726.4300,288.1000,235.3000,262.0500,0.0000,0.0000,1.5230,2.8000,262.0500,1,,,0.2838,0.1169,0.7301,-10.3003,74.6706,16.3017,,75.0000,16.1576,14.7597,16.1576,-0.7289,47.8653,-0.7289,0.2241,session_end
dev,5,G,2024-07-26,12:40,NIFTY,2024-08-01,CE,24600,OTM1,6,True,24726.4300,215.4000,171.0000,192.5500,0.0000,0.0000,1.4660,2.7680,192.5500,1,,,0.2838,0.1128,0.6393,-11.4157,92.3392,19.4132,,75.0000,19.4522,18.1095,19.4522,-0.9749,57.9387,-0.9749,0.2241,session_end
dev,5,G,2024-07-30,13:25,NIFTY,2024-08-01,PE,24600,OTM2,2,False,24901.9400,21.1000,16.3500,19.3000,0.0000,0.0000,3.4880,4.0190,19.3000,1,,,-0.1614,0.1521,-0.1431,-14.6503,61.7737,32.7032,,10.0000,-18.7204,-16.3717,25.3555,-20.3791,25.3555,-35.7820,0.1147,failed_base
dev,5,G,2024-07-26,12:40,NIFTY,2024-08-01,CE,24700,OTM2,6,True,24726.4300,152.8000,118.0000,134.7000,0.0000,0.0000,2.8990,4.0390,134.7000,1,,,0.2838,0.1092,0.5324,-11.8211,113.8983,22.6426,,75.0000,23.4620,20.6187,23.4620,-1.0798,71.0079,-1.0798,0.2241,session_end
dev,5,G,2024-07-30,10:55,NIFTY,2024-08-01,CE,24700,ITM1,2,False,24927.8100,260.0000,192.8000,247.6500,0.0000,0.0000,0.5450,1.2460,247.6500,1,,,0.3284,0.1446,0.7950,-18.4894,54.0716,21.9997,,15.0000,7.6731,5.2906,14.2500,-0.8077,14.2500,-21.5192,0.0837,failed_base
dev,5,G,2024-07-29,12:20,NIFTY,2024-08-01,PE,24700,OTM2,3,False,24844.7800,70.3000,27.8000,37.5500,0.0000,0.0000,7.3350,3.5080,37.5500,1,,,-0.4508,0.1421,-0.3260,-20.1827,181.6547,48.7867,126.9327,5.0000,-19.7724,-25.9135,6.2589,-29.8720,29.4452,-29.8720,0.1622,next_wave
dev,5,G,2024-07-30,13:25,NIFTY,2024-08-01,PE,24700,OTM1,2,False,24901.9400,35.7000,26.6500,32.1000,0.0000,0.0000,1.9500,3.2890,32.1000,1,,,-0.1614,0.1443,-0.2260,-20.4675,64.5403,31.0148,,10.0000,-19.0476,-17.3553,22.8291,-20.3081,22.8291,-36.9748,0.1147,failed_base
dev,5,G,2024-07-31,11:35,NIFTY,2024-08-01,PE,24700,OTM2,1,False,24921.4000,25.6500,19.7000,24.9000,0.0000,0.0000,1.0940,1.0110,24.9000,1,,,-0.1603,0.1782,-0.1861,-25.3706,51.7766,26.0870,,5.0000,-12.2807,-17.2244,1.7544,-13.8402,3.5088,-43.0799,0.0704,failed_base
dev,5,G,2024-07-29,11:05,NIFTY,2024-08-01,CE,24800,ITM1,3,False,24959.4800,215.5000,160.9500,198.3000,0.0000,0.0000,1.5570,2.7700,198.3000,1,,,0.1942,0.1287,0.7048,-17.2199,70.8295,47.5905,,45.0000,17.9118,18.6871,18.6079,-2.1114,27.5870,-45.7077,0.2012,failed_base
dev,5,G,2024-07-30,10:50,NIFTY,2024-08-01,CE,24800,ATM,2,False,24922.3100,177.6500,127.9000,171.3000,0.0000,0.0000,1.2140,0.6390,171.3000,1,,,0.1043,0.1372,0.6798,-23.8957,68.4519,27.1061,,20.0000,13.7630,14.7639,21.2778,-2.7019,21.2778,-25.2744,0.1210,failed_base
dev,5,G,2024-07-29,12:20,NIFTY,2024-08-01,PE,24800,OTM1,3,False,24844.7800,105.1000,42.9500,58.6500,0.0000,0.0000,6.5540,3.9650,58.6500,1,,,-0.4508,0.1377,-0.4410,-21.8003,169.1502,45.3287,114.7943,5.0000,-16.6032,-22.5786,5.3758,-26.9267,29.1627,-26.9267,0.1622,next_wave
dev,5,G,2024-07-30,13:25,NIFTY,2024-08-01,PE,24800,ATM,2,False,24901.9400,60.7500,44.9000,54.0500,0.0000,0.0000,2.2580,3.4510,54.0500,1,,,-0.1614,0.1386,-0.3457,-25.9904,61.6927,29.1322,,10.0000,-18.9300,-17.0944,19.5062,-19.9177,19.5062,-37.1193,0.1147,failed_base
dev,5,G,2024-07-31,11:20,NIFTY,2024-08-01,PE,24800,OTM1,1,False,24932.6900,43.6000,33.6500,43.3500,0.0000,0.0000,1.2750,2.8920,43.3500,1,,,-0.1151,0.1701,-0.2883,-40.4952,68.0535,28.9125,,0.0000,-3.0963,-13.0443,20.2982,-11.0092,20.2982,-39.9083,-0.0133,failed_base
dev,5,G,2024-07-29,11:05,NIFTY,2024-08-01,CE,24900,ATM,3,False,24959.4800,147.6500,106.4000,135.4000,0.0000,0.0000,1.7710,2.7330,135.4000,1,,,0.1942,0.1244,0.5833,-19.3198,87.7820,52.9530,,45.0000,21.4358,21.6462,23.2645,-2.4382,35.3200,-49.6444,0.2012,failed_base
dev,5,G,2024-07-30,10:55,NIFTY,2024-08-01,CE,24900,OTM1,2,False,24927.8100,118.0500,78.6000,111.0000,0.0000,0.0000,1.1250,1.9470,111.0000,1,,,0.3284,0.1345,0.5445,-26.9793,84.8601,33.4136,,15.0000,11.6476,11.0004,23.0834,-1.6095,23.0834,-35.0699,0.0837,failed_base
dev,5,G,2024-07-29,12:20,NIFTY,2024-08-01,PE,24900,ATM,3,False,24844.7800,152.0500,67.1500,91.7500,0.0000,0.0000,5.5890,3.8310,91.7500,1,,,-0.4418,0.1333,-0.5686,-20.9891,145.4207,40.5643,97.2945,5.0000,-14.3703,-20.1121,5.8862,-23.0845,27.0963,-23.0845,0.1622,next_wave
dev,5,G,2024-07-30,13:25,NIFTY,2024-08-01,PE,24900,ITM1,2,False,24901.9400,99.8500,73.9500,88.6000,0.0000,0.0000,2.3810,3.9140,88.6000,1,,,-0.1614,0.1343,-0.4947,-28.0466,56.7951,25.7870,,10.0000,-16.9254,-16.2491,16.1242,-18.3776,16.1242,-34.9024,0.1147,failed_base
dev,5,G,2024-07-31,11:20,NIFTY,2024-08-01,PE,24900,ATM,1,False,24932.6900,75.6500,58.3500,75.2500,0.0000,0.0000,1.4990,3.0280,75.2500,1,,,-0.1151,0.1616,-0.4412,-54.5645,64.2674,26.0303,,0.0000,-1.6523,-9.8145,19.2333,-9.3192,19.2333,-35.2941,-0.0133,failed_base
dev,5,G,2024-07-29,11:05,NIFTY,2024-08-01,CE,25000,OTM1,3,False,24959.4800,93.9000,66.5000,87.4000,0.0000,0.0000,2.2350,2.7570,87.4000,1,,,0.1942,0.1215,0.4451,-19.1597,104.2105,44.1090,,45.0000,26.6773,24.5590,28.8072,-2.6624,44.6219,-52.1299,0.2012,failed_base
dev,5,G,2024-07-30,10:55,NIFTY,2024-08-01,CE,25000,OTM2,2,False,24927.8100,69.2500,44.7500,66.6500,0.0000,0.0000,1.0070,1.5620,66.6500,1,,,0.3284,0.1313,0.3899,-25.1789,99.6648,39.9552,,15.0000,14.2960,13.4628,29.0253,-1.6606,29.0253,-41.2274,0.0837,failed_base
dev,5,G,2024-07-29,14:20,NIFTY,2024-08-01,PE,25000,ITM1,3,False,24786.7400,258.1000,174.6000,229.6500,0.0000,0.0000,2.0440,1.1220,229.6500,1,,,-0.2848,0.1359,-0.7524,-16.5991,51.0309,24.9147,,10.0000,-22.7625,-16.8397,2.1697,-26.0558,2.1697,-27.7412,0.3149,failed_base
dev,5,G,2024-07-31,11:20,NIFTY,2024-08-01,PE,25000,ITM1,1,False,24932.6900,127.0500,99.4500,127.0000,0.0000,0.0000,1.2790,3.4090,127.0000,1,,,-0.1151,0.1583,-0.6162,-49.0214,53.1423,21.5693,,0.0000,-0.3935,-2.4792,16.1747,-7.3593,16.1747,-29.1617,-0.0133,failed_base
dev,5,G,2024-07-29,11:05,NIFTY,2024-08-01,CE,25100,OTM2,3,False,24959.4800,54.0000,37.6500,51.3000,0.0000,0.0000,1.9640,2.5570,51.3000,1,,,0.1942,0.1183,0.3075,-16.2081,124.3028,50.3848,,45.0000,32.5926,30.2957,34.9074,-2.8704,56.3889,-53.9815,0.2012,failed_base
dev,5,G,2024-08-01,11:50,NIFTY,2024-08-01,PE,25100,ATM,0,False,24996.7500,108.4500,70.2500,93.3000,0.0000,0.0000,1.2320,1.9500,93.3000,1,,,-0.1374,0.1716,-0.8794,-5.2027,87.6868,30.3375,,55.0000,-1.5675,6.8369,3.5961,-13.4163,21.5768,-21.3462,0.0070,failed_base
dev,5,G,2024-08-01,11:50,NIFTY,2024-08-01,PE,25200,ITM1,0,False,24996.7500,204.8500,161.1500,188.1500,0.0000,0.0000,1.0090,1.8130,188.1500,1,,,-0.1374,0.2198,-0.9639,-1.6027,43.1585,17.6853,,55.0000,-0.8787,5.7034,2.3188,-6.8831,12.6190,-9.6900,0.0070,stalled
dev,5,G,2024-08-08,12:20,NIFTY,2024-08-08,CE,24100,ITM1,0,False,24307.3500,227.4000,120.1000,186.5000,0.0000,0.0000,1.0190,1.3650,186.5000,1,,,0.5333,0.4749,0.8297,-20.0523,120.1915,32.6338,,10.0000,-17.6341,-9.5774,16.2929,-20.6464,16.2929,-94.3492,-0.1907,failed_base
dev,5,G,2024-08-05,10:45,NIFTY,2024-08-08,PE,24100,OTM2,3,False,24203.2500,137.4500,78.8000,115.9000,0.0000,0.0000,2.1510,1.3770,115.9000,1,,,-0.1748,0.2047,-0.4077,-30.5857,403.5533,45.2999,,45.0000,102.5828,64.0214,104.4744,-0.2910,188.6868,-0.2910,-0.7418,stalled
dev,5,G,2024-08-06,12:35,NIFTY,2024-08-08,PE,24100,OTM2,2,False,24176.9500,111.2000,81.3500,103.3000,0.0000,0.0000,2.8480,2.3760,103.3000,1,,,-0.2296,0.1996,-0.4139,-38.7703,50.7683,21.7693,,15.0000,-1.7086,-4.5691,10.2968,-13.7140,100.7644,-13.7140,-0.0305,failed_base
dev,5,G,2024-08-06,13:45,NIFTY,2024-08-08,PE,24100,OTM2,2,False,24065.3700,159.9500,95.9500,133.1500,0.0000,0.0000,3.2890,5.1840,133.1500,1,,,-0.4745,0.1962,-0.5356,-39.5495,119.4372,28.7580,,40.0000,12.8478,16.4428,19.1935,-14.7546,39.5749,-14.7546,-0.1565,session_end
dev,5,G,2024-08-07,12:30,NIFTY,2024-08-08,CE,24200,ITM1,1,False,24265.0100,140.3500,113.4000,138.9000,0.0000,0.0000,1.2190,2.5120,138.9000,1,,,0.1338,0.1950,0.5998,-63.7342,39.4621,27.3791,,0.0000,-22.3014,-27.4961,1.1756,-27.3245,36.5871,-33.0602,-0.2055,failed_base
dev,5,G,2024-08-08,12:20,NIFTY,2024-08-08,CE,24200,ATM,0,False,24307.3500,147.2500,66.0500,114.6000,0.0000,0.0000,0.9030,1.6890,114.6000,1,,,0.5333,0.4497,0.6991,-39.9022,174.7161,41.9399,,10.0000,-22.6486,-11.7282,23.2258,-24.4482,23.2258,-99.9660,-0.1907,failed_base
dev,5,G,2024-08-05,10:45,NIFTY,2024-08-08,PE,24200,OTM1,3,False,24203.2500,178.3500,107.1500,154.0000,0.0000,0.0000,2.8200,1.5200,154.0000,1,,,-0.1748,0.1993,-0.4931,-30.7410,320.0653,41.0464,,45.0000,84.3286,55.8611,85.9826,0.1682,152.3689,0.1682,-0.7418,stalled
dev,5,G,2024-08-06,12:35,NIFTY,2024-08-08,PE,24200,OTM1,2,False,24176.9500,152.0000,114.3000,142.6000,0.0000,0.0000,2.9240,2.4870,142.6000,1,,,-0.2296,0.1906,-0.5230,-38.1246,46.1067,20.2096,,15.0000,-0.0987,-3.9626,9.8684,-12.3355,92.3684,-12.3355,-0.0305,failed_base
dev,5,G,2024-08-06,13:45,NIFTY,2024-08-08,PE,24200,OTM1,2,False,24065.3700,215.8500,133.2500,182.3500,0.0000,0.0000,1.2370,2.3680,182.3500,1,,,-0.4615,0.1906,-0.6482,-34.9082,106.3039,25.4638,,40.0000,11.8138,14.9421,17.6511,-13.7596,35.4644,-13.7596,-0.1565,session_end
dev,5,G,2024-08-07,12:30,NIFTY,2024-08-08,CE,24300,ATM,1,False,24265.0100,84.8000,66.8000,84.0000,0.0000,0.0000,1.3020,2.4760,84.0000,1,,,0.1338,0.1884,0.4472,-65.6671,48.2784,24.8359,,0.0000,-27.1226,-34.0457,1.3561,-33.3137,38.9151,-38.3255,-0.2055,failed_base
dev,5,G,2024-08-07,14:25,NIFTY,2024-08-08,CE,24300,ATM,1,False,24296.7000,86.7500,52.3000,74.2000,0.0000,0.0000,2.1070,2.4740,74.2000,1,,,0.3368,0.1704,0.4958,-69.9805,87.6673,24.2995,,10.0000,-12.5072,-8.2899,13.1412,-14.3516,35.7925,-14.3516,-0.0747,next_wave
dev,5,G,2024-08-08,12:20,NIFTY,2024-08-08,CE,24300,OTM1,0,False,24307.3500,84.7500,32.3000,63.5000,0.0000,0.0000,2.2040,2.4060,63.5000,1,,,0.5333,0.4395,0.5161,-74.4818,243.9628,47.9298,,10.0000,-30.2065,-23.4425,31.0914,-31.7404,31.0914,-99.9410,-0.1907,failed_base
dev,5,G,2024-08-05,10:45,NIFTY,2024-08-08,PE,24300,ATM,3,False,24203.2500,228.1500,142.9000,200.8500,0.0000,0.0000,1.7890,1.6160,200.8500,1,,,-0.1748,0.1940,-0.5831,-29.1217,259.3422,37.0594,,45.0000,69.5814,47.2433,71.2908,-0.1315,125.0712,-0.1315,-0.7418,stalled
dev,5,G,2024-08-06,12:35,NIFTY,2024-08-08,PE,24300,ATM,2,False,24176.9500,205.6500,159.8000,193.5000,0.0000,0.0000,1.9740,2.3540,193.5000,1,,,-0.2296,0.1837,-0.6387,-33.7218,40.6446,18.0645,,15.0000,0.2431,-2.8247,9.2876,-10.4547,80.4279,-10.4547,-0.0305,failed_base
dev,5,G,2024-08-06,13:45,NIFTY,2024-08-08,PE,24300,ATM,2,False,24065.3700,284.2000,184.1500,242.1500,0.0000,0.0000,1.1500,2.1810,242.1500,1,,,-0.4615,0.1871,-0.7519,-27.4491,90.1982,22.1271,36.0403,40.0000,10.2041,13.6078,14.7431,-12.3856,30.5595,-12.3856,-0.1565,next_wave
dev,5,G,2024-08-07,14:25,NIFTY,2024-08-08,CE,24400,OTM1,1,False,24296.7000,44.1500,26.0000,37.5500,0.0000,0.0000,1.8600,2.3260,37.5500,1,,,0.2760,0.1657,0.3177,-43.9868,96.3462,27.9138,,10.0000,-14.7225,-9.6058,15.6285,-16.6478,43.1484,-16.6478,-0.0747,next_wave
dev,5,G,2024-08-08,12:20,NIFTY,2024-08-08,CE,24400,OTM2,0,False,24307.3500,39.6500,12.9500,28.7500,0.0000,0.0000,2.1320,2.0440,28.7500,1,,,0.5333,0.4185,0.3177,-39.6500,349.4208,56.8729,,10.0000,-35.5612,-32.4198,46.7844,-36.6961,46.7844,-99.8739,-0.1907,failed_base
dev,5,G,2024-08-05,10:45,NIFTY,2024-08-08,PE,24400,ITM1,3,False,24203.2500,286.6500,187.8000,257.3000,0.0000,0.0000,1.2230,0.9930,257.3000,1,,,-0.1748,0.1881,-0.6736,-25.6319,209.3983,32.8801,,45.0000,58.1371,46.3728,59.3058,-0.1047,102.7036,-0.1047,-0.7418,stalled
dev,5,G,2024-08-06,12:35,NIFTY,2024-08-08,PE,24400,ITM1,2,False,24176.9500,271.6000,217.8000,256.0000,0.0000,0.0000,2.1850,3.0300,256.0000,1,,,-0.2296,0.1775,-0.7489,-26.0511,35.1010,16.1427,,15.0000,0.9573,-1.0675,8.3395,-9.1495,68.9985,-9.1495,-0.0305,failed_base
dev,5,G,2024-08-06,13:45,NIFTY,2024-08-08,PE,24400,ITM1,2,False,24065.3700,362.0000,246.7500,316.6500,0.0000,0.0000,1.5840,3.3130,316.6500,1,,,-0.4615,0.1824,-0.8405,-18.5829,86.0182,,,70.0000,9.5304,11.3972,13.2597,-10.4558,26.7956,-10.4558,-0.1565,session_end
dev,5,G,2024-08-07,14:25,NIFTY,2024-08-08,CE,24500,OTM2,1,False,24296.7000,20.1000,12.4500,17.7000,0.0000,0.0000,1.5500,2.4650,17.7000,1,,,0.3195,0.1654,0.1744,-20.1000,92.7711,27.5000,,10.0000,-16.1692,-12.9786,19.4030,-17.6617,50.9950,-17.6617,-0.0747,failed_base
dev,5,G,2024-08-02,12:10,NIFTY,2024-08-08,PE,24600,OTM2,6,True,24783.9700,80.4000,64.3000,79.4500,0.0000,0.0000,1.1590,1.5590,79.4500,1,,,-0.0238,0.1217,-0.3153,-11.6832,61.7418,27.8365,,45.0000,17.0398,15.2583,25.1866,-1.8035,78.7935,-6.6542,-0.1415,failed_base
dev,5,G,2024-08-02,13:45,NIFTY,2024-08-08,CE,24700,ITM1,6,True,24778.7200,190.5500,168.9000,187.9500,0.0000,0.0000,1.6500,1.6360,187.9500,1,,,0.1205,0.1163,0.5863,-12.3848,17.2291,10.8586,,5.0000,-7.8457,-9.5785,2.8077,-9.6038,2.8077,-34.9515,-0.1274,failed_base
dev,5,G,2024-08-02,12:30,NIFTY,2024-08-08,PE,24700,OTM1,6,True,24752.5100,128.0500,93.8500,119.0000,0.0000,0.0000,2.3660,1.8970,119.0000,1,,,-0.1800,0.1197,-0.4420,-12.8792,51.5717,16.6960,,25.0000,-2.1086,-5.6690,11.0894,-3.8657,50.9957,-16.3217,0.0185,failed_base
dev,5,G,2024-08-02,13:45,NIFTY,2024-08-08,CE,24800,ATM,6,True,24778.7200,134.7000,118.4000,133.0000,0.0000,0.0000,1.8070,1.5250,133.0000,1,,,0.1205,0.1139,0.4791,-12.4366,18.7922,11.8379,,5.0000,-8.9087,-10.1485,3.3036,-10.5048,3.3036,-36.7483,-0.1274,failed_base
dev,5,G,2024-08-02,12:30,NIFTY,2024-08-08,PE,24800,ATM,6,True,24752.5100,174.9500,132.0500,163.5000,0.0000,0.0000,2.1930,2.2110,163.5000,1,,,-0.1800,0.1173,-0.5466,-12.6535,45.0587,18.8202,,25.0000,-2.0863,-9.4723,9.4884,-3.7439,45.2129,-14.4327,0.0185,failed_base
dev,5,G,2024-08-02,13:45,NIFTY,2024-08-08,CE,24900,OTM1,6,True,24778.7200,89.9000,78.9000,89.3000,0.0000,0.0000,1.9650,1.4990,89.3000,1,,,0.1205,0.1115,0.3694,-11.4841,20.1521,12.9219,,5.0000,-9.3437,-12.4138,4.3382,-11.0122,4.3382,-38.0979,-0.1274,failed_base
dev,5,G,2024-08-02,12:30,NIFTY,2024-08-08,PE,24900,ITM1,6,True,24752.5100,232.5000,182.2000,219.9500,0.0000,0.0000,1.5410,1.5540,219.9500,1,,,-0.1800,0.1149,-0.6516,-11.4697,38.1998,16.3622,,25.0000,-1.5054,-5.9076,8.3011,-3.0968,39.6129,-12.5591,0.0185,failed_base
dev,5,G,2024-08-02,13:45,NIFTY,2024-08-08,CE,25000,OTM2,6,True,24778.7200,56.7000,50.1000,56.6500,0.0000,0.0000,1.9360,1.4440,56.6500,1,,,0.1205,0.1097,0.2670,-9.7269,19.8603,13.4055,,5.0000,-9.6120,-11.1315,4.9383,-11.5520,4.9383,-37.7425,-0.1274,failed_base
dev,5,G,2024-08-14,13:00,NIFTY,2024-08-14,CE,24100,ITM1,0,False,24179.0000,84.9000,48.2500,71.1000,0.0000,0.0000,2.6890,3.0110,71.1000,1,,,0.1259,0.1867,0.8507,-5.8985,87.2539,31.7654,,10.0000,-36.2191,-35.1491,6.4193,-42.8151,6.4193,-76.0306,-0.1348,failed_base
dev,5,G,2024-08-09,10:30,NIFTY,2024-08-14,PE,24100,OTM2,5,True,24317.4700,85.3000,58.9500,75.4500,0.0000,0.0000,1.4200,1.5600,75.4500,1,,,-0.2712,0.1498,-0.3044,-15.1576,61.9169,28.6014,,10.0000,-12.0750,-10.6025,11.8992,-20.1055,11.8992,-41.9109,0.0998,failed_base
dev,5,G,2024-08-12,15:00,NIFTY,2024-08-14,PE,24100,OTM2,2,False,24335.4800,44.6500,27.9000,35.7500,0.0000,0.0000,4.8220,6.8320,35.7500,1,,,-0.3885,0.1806,-0.2325,-26.0378,108.9606,,,10.0000,-8.6226,-20.5635,30.5711,-19.0370,30.5711,-19.0370,0.0285,session_end
dev,5,G,2024-08-13,12:40,NIFTY,2024-08-14,PE,24100,OTM2,1,False,24261.2200,34.8500,19.5000,29.5000,0.0000,0.0000,2.8960,4.3320,29.5000,1,,,-0.1993,0.1767,-0.2461,-34.3497,145.8974,31.8040,192.8135,15.0000,27.9770,31.2871,37.5897,-2.4390,174.7489,-6.1693,-0.1609,next_wave
dev,5,G,2024-08-09,13:25,NIFTY,2024-08-14,CE,24200,ITM1,5,True,24382.2400,263.2000,239.6000,258.4000,0.0000,0.0000,1.9170,1.9260,258.4000,1,,,0.1268,0.1360,0.6820,-14.2282,14.1277,7.7894,,10.0000,-0.7599,-2.1707,3.8944,-4.1983,10.1064,-5.6421,0.0010,failed_base
dev,5,G,2024-08-14,13:00,NIFTY,2024-08-14,CE,24200,ATM,0,False,24179.0000,20.9500,9.4000,18.3500,0.0000,0.0000,3.9140,3.9500,18.3500,1,,,0.1010,0.1859,0.3917,-20.9494,159.5745,49.1803,,10.0000,-68.4964,-101.5540,16.4678,-72.0764,16.4678,-99.7613,-0.1348,failed_base
dev,5,G,2024-08-12,15:00,NIFTY,2024-08-14,PE,24200,OTM1,2,False,24335.4800,68.4500,42.3000,53.9000,0.0000,0.0000,3.4730,4.5220,53.9000,1,,,-0.3885,0.1731,-0.3299,-31.5909,107.0922,,,10.0000,-6.9394,-18.7106,27.9766,-16.5814,27.9766,-16.5814,0.0285,session_end
dev,5,G,2024-08-13,12:25,NIFTY,2024-08-14,PE,24200,OTM1,1,False,24274.9900,61.3000,37.7000,54.4500,0.0000,0.0000,1.3310,1.9190,54.4500,1,,,-0.1427,0.1750,-0.3733,-53.9098,130.6366,26.7970,145.5617,30.0000,21.5334,25.6088,41.8434,-12.3165,154.9755,-12.3165,-0.1448,next_wave
dev,5,G,2024-08-09,13:25,NIFTY,2024-08-14,CE,24300,ATM,5,True,24382.2400,195.6500,176.0500,192.0500,0.0000,0.0000,1.2720,1.5280,192.0500,1,,,0.1268,0.1319,0.5884,-15.2175,16.0750,9.2244,,10.0000,-1.1245,-1.9486,4.4467,-5.2389,12.1135,-6.7212,0.0010,failed_base
dev,5,G,2024-08-12,15:00,NIFTY,2024-08-14,PE,24300,ATM,2,False,24335.4800,102.5000,63.6500,80.4000,0.0000,0.0000,4.6510,5.6890,80.4000,1,,,-0.3885,0.1655,-0.4502,-34.1840,101.5711,,,10.0000,-5.1220,-17.8174,25.1707,-13.9512,25.1707,-13.9512,0.0285,session_end
dev,5,G,2024-08-13,12:10,NIFTY,2024-08-14,PE,24300,ATM,1,False,24294.8700,94.5500,68.6000,93.3500,0.0000,0.0000,2.9690,1.6590,93.3500,1,,,-0.0950,0.1699,-0.5069,-59.7990,236.1516,,,130.0000,19.9365,19.0659,33.9503,-5.6055,143.8921,-5.6055,-0.1385,session_end
dev,5,G,2024-08-09,13:25,NIFTY,2024-08-14,CE,24400,OTM1,5,True,24382.2400,137.6000,122.7000,135.6000,0.0000,0.0000,1.5130,1.4950,135.6000,1,,,0.1268,0.1275,0.4833,-15.1245,17.6447,10.6339,,10.0000,-1.6715,-3.1950,4.9055,-6.2500,15.4070,-8.1032,0.0010,failed_base
dev,5,G,2024-08-12,15:00,NIFTY,2024-08-14,PE,24400,ITM1,2,False,24335.4800,149.5500,95.2000,119.3000,0.0000,0.0000,2.8190,4.5760,119.3000,1,,,-0.3885,0.1582,-0.5865,-31.9192,92.3319,,,10.0000,-2.5410,-14.4611,22.4340,-11.1334,22.4340,-11.1334,0.0285,session_end
dev,5,G,2024-08-13,12:10,NIFTY,2024-08-14,PE,24400,ITM1,1,False,24294.8700,153.8000,115.8500,149.1500,0.0000,0.0000,2.8330,1.7590,149.1500,1,,,-0.0950,0.1693,-0.6742,-45.0695,174.7518,,,130.0000,15.7672,12.7943,25.6177,-4.5514,106.9571,-4.5514,-0.1385,session_end
dev,5,G,2024-08-09,13:30,NIFTY,2024-08-14,CE,24500,OTM2,5,True,24391.7500,94.0500,80.5500,90.9000,0.0000,0.0000,2.0610,1.4080,90.9000,1,,,0.1420,0.1231,0.3827,-13.9342,19.4289,12.4220,,5.0000,-5.1037,-7.3431,0.9038,-10.4200,15.5237,-12.7592,-0.0355,failed_base
dev,5,G,2024-08-16,11:35,NIFTY,2024-08-22,CE,24200,ITM1,6,True,24341.1500,230.7000,169.3500,201.3000,0.0000,0.0000,1.7530,3.3270,201.3000,1,,,0.3931,0.1192,0.6486,-11.7066,134.0124,11.4938,,165.0000,25.8561,17.7628,25.8778,-6.4369,82.5314,-6.4369,0.3415,next_wave
dev,5,G,2024-08-16,11:35,NIFTY,2024-08-22,CE,24300,ATM,6,True,24341.1500,167.8500,119.6000,144.0500,0.0000,0.0000,2.1120,3.1660,144.0500,1,,,0.3931,0.1162,0.5470,-12.2877,99.5819,16.9041,57.9279,40.0000,30.1460,20.3775,30.2353,-7.5365,99.5234,-7.5365,0.3415,next_wave
dev,5,G,2024-08-16,11:35,NIFTY,2024-08-22,CE,24400,OTM1,6,True,24341.1500,115.7000,79.5500,97.4500,0.0000,0.0000,2.0190,2.5590,97.4500,1,,,0.3931,0.1135,0.4374,-11.9339,117.8504,20.1673,71.9552,45.0000,35.6525,23.4984,35.6525,-8.3838,120.6137,-8.3838,0.3415,next_wave
dev,5,G,2024-08-16,11:35,NIFTY,2024-08-22,CE,24500,OTM2,6,True,24341.1500,75.1000,49.9000,61.6000,0.0000,0.0000,2.5100,3.3360,61.6000,1,,,0.3931,0.1110,0.3283,-10.6327,137.0741,24.2604,91.9643,40.0000,40.8123,26.8651,40.8123,-9.9201,144.6738,-9.9201,0.3415,next_wave
dev,5,G,2024-08-19,11:35,NIFTY,2024-08-22,CE,24600,ATM,3,False,24577.0900,103.6500,77.1500,100.9500,0.0000,0.0000,1.4740,0.7730,100.9500,1,,,0.1529,0.1257,0.4703,-19.7624,43.8108,20.2794,,5.0000,-2.6532,-0.4644,6.5605,-12.7352,14.3271,-21.3700,-0.0212,failed_base
dev,5,G,2024-08-21,13:55,NIFTY,2024-08-22,CE,24600,ITM1,1,False,24743.7300,166.0500,133.1000,162.1500,0.0000,0.0000,1.2180,1.4670,162.1500,1,,,0.0518,0.1367,0.7857,-22.3149,31.9684,17.4210,,25.0000,-1.3851,-0.0081,5.7814,-7.2569,14.5137,-14.6643,-0.0024,failed_base
dev,5,G,2024-08-21,13:25,NIFTY,2024-08-22,PE,24600,OTM1,1,False,24709.2200,31.3500,25.3500,30.1500,0.0000,0.0000,2.5500,2.1780,30.1500,1,,,-0.0473,0.1368,-0.2751,-31.0141,38.6588,23.0441,,5.0000,-28.7081,-30.4282,5.5821,-30.1435,5.5821,-61.7225,0.1396,failed_base
dev,5,G,2024-08-19,11:35,NIFTY,2024-08-22,CE,24700,OTM1,3,False,24577.0900,60.9000,43.8000,59.0000,0.0000,0.0000,1.2620,0.6170,59.0000,1,,,0.1529,0.1222,0.3324,-17.2065,50.4566,22.0030,,5.0000,-3.2841,-2.4275,7.1429,-15.5993,16.3383,-24.8768,-0.0212,failed_base
dev,5,G,2024-08-19,13:20,NIFTY,2024-08-22,CE,24700,OTM1,3,False,24599.7500,65.9500,47.4500,62.2000,0.0000,0.0000,2.1340,0.8170,62.2000,1,,,0.1134,0.1203,0.3585,-17.7860,49.3151,20.5363,,5.0000,-22.2138,-22.9695,1.8954,-30.4018,1.8954,-30.6293,-0.2040,failed_base
dev,5,G,2024-08-21,13:55,NIFTY,2024-08-22,CE,24700,ATM,1,False,24743.7300,91.1500,69.3000,88.4000,0.0000,0.0000,1.1480,1.2150,88.4000,1,,,0.0518,0.1258,0.6038,-44.2336,41.7027,24.8982,,25.0000,-2.8524,-3.2064,7.7345,-10.4772,17.0598,-21.8321,-0.0024,failed_base
dev,5,G,2024-08-22,11:50,NIFTY,2024-08-22,CE,24700,ITM1,0,False,24829.0000,131.2000,105.7500,129.1000,0.0000,0.0000,1.1020,2.3370,129.1000,1,,,0.0334,0.1648,0.9390,-2.2020,33.3806,17.2279,,0.0000,-4.9543,-6.2082,5.1829,-8.2317,5.1829,-27.8963,-0.0278,failed_base
dev,5,G,2024-08-21,13:25,NIFTY,2024-08-22,PE,24700,ATM,1,False,24709.2200,64.5500,52.9000,62.1500,0.0000,0.0000,2.5640,2.2000,62.1500,1,,,-0.0473,0.1284,-0.4773,-49.2934,34.3100,23.3638,,5.0000,-27.4206,-33.4061,4.4926,-28.5825,4.4926,-56.3904,0.1396,failed_base
dev,5,G,2024-08-19,11:35,NIFTY,2024-08-22,CE,24800,OTM2,3,False,24577.0900,32.0000,22.6500,30.9500,0.0000,0.0000,1.2000,0.6290,30.9500,1,,,0.1529,0.1190,0.2090,-12.6378,54.7461,25.1070,,5.0000,-4.5312,-0.5684,7.9688,-17.9688,16.4062,-30.7813,-0.0212,failed_base
dev,5,G,2024-08-21,13:25,NIFTY,2024-08-22,PE,24800,ITM1,1,False,24709.2200,122.4500,102.4500,118.4000,0.0000,0.0000,2.1240,2.0650,118.4000,1,,,-0.0473,0.1255,-0.7026,-31.1367,27.9649,17.8108,,5.0000,-22.0906,-26.0952,2.8991,-23.6423,2.8991,-44.3855,0.1396,failed_base
dev,5,G,2024-08-22,13:10,NIFTY,2024-08-22,PE,24800,ATM,0,False,24801.0500,15.3000,8.2500,12.9500,0.0000,0.0000,2.7390,3.5960,12.9500,1,,,-0.1011,0.0980,-0.4891,-14.4229,176.3636,58.3333,,10.0000,-20.5882,-14.8782,49.0196,-37.9085,49.0196,-99.6732,0.0062,failed_base
dev,5,G,2024-08-22,13:10,NIFTY,2024-08-22,PE,24900,ITM1,0,False,24801.0500,101.5000,76.3500,88.9000,0.0000,0.0000,1.8300,3.1040,88.9000,1,,,-0.0931,0.1736,-0.9198,-2.5500,47.2168,25.6228,,10.0000,-2.4631,-4.8075,10.7389,-10.1478,10.7389,-22.9064,0.0062,failed_base
dev,5,G,2024-08-23,14:25,NIFTY,2024-08-29,CE,24700,ITM1,6,True,24878.9300,233.7000,212.2000,225.6500,0.0000,0.0000,1.4560,1.4290,225.6500,1,,,0.1019,0.0979,0.7180,-8.9489,11.9698,8.9646,,10.0000,-5.9264,-4.1949,1.6688,-7.5096,1.6688,-10.8258,-0.1022,failed_base
dev,5,G,2024-08-23,13:30,NIFTY,2024-08-29,PE,24700,OTM1,6,True,24846.2900,68.2000,61.1500,67.2000,0.0000,0.0000,0.9020,1.1090,67.2000,1,,,-0.0875,0.1006,-0.3220,-9.8255,12.6738,7.6197,,10.0000,-7.9179,-7.7374,1.0264,-8.2845,16.3490,-20.2346,0.0548,failed_base
dev,5,G,2024-08-23,14:25,NIFTY,2024-08-29,CE,24800,ATM,6,True,24878.9300,165.0000,148.2000,158.4500,0.0000,0.0000,1.4910,1.4460,158.4500,1,,,0.1019,0.0954,0.6038,-10.1002,13.6302,10.3622,,10.0000,-5.9697,-4.3006,2.0606,-8.5152,2.0606,-10.9394,-0.1022,failed_base
dev,5,G,2024-08-26,11:45,NIFTY,2024-08-29,CE,24800,ITM1,3,False,25052.2800,283.5500,234.4000,274.0500,0.0000,0.0000,0.7160,1.3370,274.0500,1,,,0.0719,0.1262,0.8070,-12.8602,25.3626,12.3532,,5.0000,-8.1114,-12.2108,1.1285,-9.1695,7.5648,-9.6456,-0.1011,failed_base
dev,5,G,2024-08-23,13:35,NIFTY,2024-08-29,PE,24800,ATM,6,True,24844.9900,104.0000,94.3000,102.9500,0.0000,0.0000,1.1440,1.0290,102.9500,1,,,-0.0620,0.0981,-0.4401,-10.6208,10.6575,7.0436,,5.0000,-9.5192,-9.0683,0.0962,-9.5192,13.2692,-18.1250,0.0726,failed_base
dev,5,G,2024-08-27,14:55,NIFTY,2024-08-29,PE,24800,OTM2,2,False,25019.4100,19.6000,13.4500,15.2000,0.0000,0.0000,5.2230,3.7250,15.2000,1,,,-0.1710,0.1212,-0.1634,-13.3646,59.8513,,,10.0000,-2.0408,-13.6083,9.6939,-17.6020,9.6939,-17.6020,-0.0069,session_end
dev,5,G,2024-08-23,14:25,NIFTY,2024-08-29,CE,24900,OTM1,6,True,24878.9300,108.5000,95.9500,103.7500,0.0000,0.0000,1.5390,1.5740,103.7500,1,,,0.1019,0.0930,0.4737,-10.2181,15.8416,8.0972,,10.0000,-5.5760,-3.3951,2.4424,-10.2304,3.0415,-10.2304,-0.1022,failed_base
dev,5,G,2024-08-26,11:45,NIFTY,2024-08-29,CE,24900,ATM,3,False,25052.2800,203.3500,162.0000,196.6500,0.0000,0.0000,0.8930,1.5230,196.6500,1,,,0.0719,0.1199,0.7092,-16.0473,31.1420,15.0153,,5.0000,-9.9090,-14.7755,1.5245,-11.2122,9.3189,-11.9253,-0.1011,failed_base
dev,5,G,2024-08-28,11:15,NIFTY,2024-08-29,CE,24900,ITM1,1,False,25055.9100,173.5000,133.6000,161.0500,0.0000,0.0000,1.2400,0.8340,161.0500,1,,,0.1856,0.1227,0.8155,-17.3524,94.7231,18.5854,,40.0000,43.9193,35.1442,47.5504,-0.0865,49.9424,-14.9568,0.3173,stalled
dev,5,G,2024-08-29,12:35,NIFTY,2024-08-29,CE,24900,ITM1,0,False,25165.7500,266.9500,180.3000,222.3500,0.0000,0.0000,2.4430,3.7640,222.3500,1,,,0.1955,0.2939,0.9762,-1.1986,61.0094,58.5084,,10.0000,-0.4121,9.4096,8.7470,-5.9562,19.2358,-64.2255,-0.0056,failed_base
dev,5,G,2024-08-23,11:55,NIFTY,2024-08-29,PE,24900,ITM1,6,True,24848.5500,150.3000,133.2000,146.4500,0.0000,0.0000,1.7740,0.7120,146.4500,1,,,-0.1267,0.0955,-0.5632,-10.2534,14.1141,10.5592,,5.0000,-7.7179,-5.3049,0.0333,-9.5476,11.9760,-15.1697,0.0785,failed_base
dev,5,G,2024-08-23,13:35,NIFTY,2024-08-29,PE,24900,ITM1,6,True,24844.9900,151.7000,138.2000,150.4500,0.0000,0.0000,1.1920,1.0950,150.4500,1,,,-0.0620,0.0956,-0.5681,-10.2979,10.3835,6.9158,,5.0000,-8.1081,-8.1645,0.2307,-8.1740,10.9426,-15.9525,0.0726,failed_base
dev,5,G,2024-08-26,13:50,NIFTY,2024-08-29,PE,24900,ATM,3,False,25037.7700,52.8500,45.2500,52.7500,0.0000,0.0000,1.9870,1.1120,52.7500,1,,,-0.0639,0.1183,-0.3035,-16.5056,25.7459,14.5870,,5.0000,-10.9745,-8.3363,1.7975,-12.3936,1.7975,-16.1779,0.0719,failed_base
dev,5,G,2024-08-27,14:55,NIFTY,2024-08-29,PE,24900,OTM1,2,False,25019.4100,38.5000,26.1500,30.1500,0.0000,0.0000,4.0710,3.9660,30.1500,1,,,-0.1710,0.1150,-0.2866,-19.7646,59.8470,,,10.0000,-3.2468,-14.8193,8.5714,-15.8442,8.5714,-15.8442,-0.0069,session_end
dev,5,G,2024-08-28,15:00,NIFTY,2024-08-29,PE,24900,OTM1,1,False,25044.6600,16.4000,10.6000,13.1500,0.0000,0.0000,5.8540,9.4110,13.1500,1,,,-0.2701,0.1224,-0.1846,-16.4000,83.9623,,,0.0000,-13.7195,-11.1732,8.8415,-18.5976,8.8415,-18.5976,0.0346,session_end
dev,5,G,2024-08-23,14:25,NIFTY,2024-08-29,CE,25000,OTM2,6,True,24878.9300,66.4000,57.7500,62.9500,0.0000,0.0000,1.6510,1.5020,62.9500,1,,,0.1019,0.0915,0.3419,-9.2115,17.7489,9.1176,,10.0000,-4.5934,-2.0651,2.4096,-11.6717,6.4006,-11.6717,-0.1022,failed_base
dev,5,G,2024-08-26,11:45,NIFTY,2024-08-29,CE,25000,OTM1,3,False,25052.2800,135.0500,102.9500,129.9000,0.0000,0.0000,0.9950,1.6300,129.9000,1,,,0.0719,0.1152,0.5791,-18.1002,38.8052,18.1246,,5.0000,-11.7734,-16.6841,1.9993,-13.3654,11.7734,-14.2540,-0.1011,failed_base
dev,5,G,2024-08-28,11:20,NIFTY,2024-08-29,CE,25000,ATM,1,False,25091.5000,126.3500,69.9000,89.3500,0.0000,0.0000,2.7300,1.2570,89.3500,1,,,0.2742,0.1262,0.6962,-31.8933,147.4249,26.6840,,35.0000,31.7372,27.1331,36.8817,-10.4867,36.8817,-40.2058,0.1899,stalled
dev,5,G,2024-08-29,12:35,NIFTY,2024-08-29,CE,25000,ATM,0,False,25165.7500,171.4000,90.7000,128.2500,0.0000,0.0000,2.8100,3.4970,128.2500,1,,,0.2172,0.2766,0.9052,-5.6486,113.3407,69.5866,,10.0000,-2.2170,11.7109,12.8938,-9.9475,28.2964,-81.1260,-0.0056,failed_base
dev,5,G,2024-08-26,13:50,NIFTY,2024-08-29,PE,25000,ITM1,3,False,25037.7700,87.6000,73.9000,86.6000,0.0000,0.0000,1.9820,1.0670,86.6000,1,,,-0.0639,0.1152,-0.4409,-18.6104,26.1840,13.1367,,5.0000,-10.2740,-5.8338,1.5982,-11.9863,1.5982,-16.1530,0.0719,failed_base
dev,5,G,2024-08-27,14:55,NIFTY,2024-08-29,PE,25000,ATM,2,False,25019.4100,72.9000,51.4500,59.0000,0.0000,0.0000,4.9410,4.2950,59.0000,1,,,-0.1710,0.1107,-0.4607,-23.5822,52.8669,,,10.0000,-2.0576,-14.6387,7.8875,-12.8944,7.8875,-12.8944,-0.0069,session_end
dev,5,G,2024-08-28,14:50,NIFTY,2024-08-29,PE,25000,ATM,1,False,25077.1300,30.0500,23.3500,28.0000,0.0000,0.0000,3.3130,5.0090,28.0000,1,,,-0.1408,0.1151,-0.3059,-30.0424,110.9208,,,10.0000,51.5807,43.9327,63.8935,-1.9967,63.8935,-1.9967,-0.1834,session_end
dev,5,G,2024-08-29,13:40,NIFTY,2024-08-29,PE,25000,ATM,0,False,25136.4000,7.2500,3.5000,5.4000,0.0000,0.0000,2.2440,2.1250,5.4000,1,,,-0.1166,0.3255,-0.1235,-7.2500,167.1429,51.8717,,0.0000,402.7586,169.6682,922.7586,-37.2414,922.7586,-98.6207,-0.4396,failed_base
dev,5,G,2024-08-26,11:45,NIFTY,2024-08-29,CE,25100,OTM2,3,False,25052.2800,80.9000,58.9500,78.4000,0.0000,0.0000,1.1590,1.6160,78.4000,1,,,0.0719,0.1108,0.4285,-17.4890,48.4309,22.0571,,5.0000,-13.7206,-17.9850,2.7194,-15.6984,14.8949,-16.4400,-0.1011,failed_base
dev,5,G,2024-08-28,11:20,NIFTY,2024-08-29,CE,25100,OTM1,1,False,25091.5000,63.6000,29.0000,39.2500,0.0000,0.0000,4.7510,1.3020,39.2500,1,,,0.2742,0.1194,0.4813,-41.5622,239.4828,37.6841,,35.0000,46.8553,36.9226,54.7956,-15.8019,54.7956,-53.6164,0.1899,stalled
dev,5,G,2024-08-29,12:35,NIFTY,2024-08-29,CE,25100,OTM1,0,False,25165.7500,82.3000,28.5500,48.0000,0.0000,0.0000,2.0740,3.5050,48.0000,1,,,0.2356,0.2262,0.7376,-16.5485,261.4711,78.0039,,10.0000,-3.1592,9.3103,25.3949,-15.7959,54.2527,-92.6488,-0.0056,failed_base
dev,5,G,2024-08-27,14:55,NIFTY,2024-08-29,PE,25100,ITM1,2,False,25019.4100,126.7000,94.3000,106.5000,0.0000,0.0000,3.2550,3.5110,106.5000,1,,,-0.1710,0.1076,-0.6543,-20.6185,42.9480,,,10.0000,-0.8287,-12.7195,6.3931,-9.0766,6.3931,-9.0766,-0.0069,session_end
dev,5,G,2024-08-28,14:50,NIFTY,2024-08-29,PE,25100,ITM1,1,False,25077.1300,70.5000,48.0000,62.3500,0.0000,0.0000,2.5460,4.7420,62.3500,1,,,-0.1327,0.1099,-0.5609,-45.4296,,,,,40.0709,34.7140,46.2411,-1.9149,46.2411,-1.9149,-0.1834,session_end
dev,5,G,2024-08-29,13:40,NIFTY,2024-08-29,PE,25100,ITM1,0,False,25136.4000,26.1000,14.0000,20.5500,0.0000,0.0000,2.1220,1.9130,20.5500,1,,,-0.1166,0.2884,-0.3634,-26.0997,129.6429,47.1229,,0.0000,266.2835,127.5102,437.9310,-32.5670,437.9310,-99.6169,-0.4396,failed_base
dev,5,G,2024-08-28,11:20,NIFTY,2024-08-29,CE,25200,OTM2,1,False,25091.5000,23.6000,10.4000,13.9000,0.0000,0.0000,4.5070,1.3550,13.9000,1,,,0.2742,0.1120,0.2493,-22.6483,165.8654,33.0922,141.0811,10.0000,74.7881,53.8058,88.9831,-21.6102,88.9831,-61.2288,0.1899,next_wave
dev,5,G,2024-08-28,14:15,NIFTY,2024-08-29,CE,25200,OTM2,1,False,25133.6800,32.0000,22.0500,29.4000,0.0000,0.0000,2.8840,3.1430,29.4000,1,,,0.0844,0.1101,0.3289,-31.7212,56.0091,32.9942,,5.0000,-55.1562,-75.5403,6.2500,-59.8437,6.2500,-71.4062,-0.2199,failed_base
dev,5,G,2024-08-29,12:35,NIFTY,2024-08-29,CE,25200,OTM2,0,False,25165.7500,22.5000,4.5000,9.3000,0.0000,0.0000,5.6200,4.3850,9.3000,1,,,0.2179,0.2026,0.3572,-22.5000,692.2222,85.9748,,10.0000,-8.8889,2.2165,58.4444,-30.0000,92.2222,-99.7778,-0.0056,failed_base
dev,5,G,2024-09-04,13:20,NIFTY,2024-09-05,CE,25000,ITM1,1,False,25174.9800,196.9500,145.0000,160.3500,0.0000,0.0000,6.1050,1.9960,160.3500,1,,,0.1976,0.1485,0.8059,-21.9537,50.3793,27.8147,,10.0000,-8.6062,-11.0061,10.7134,-11.9066,10.7134,-22.0614,-0.0616,failed_base
dev,5,G,2024-08-30,11:20,NIFTY,2024-09-05,CE,25100,ITM1,6,True,25271.8700,236.4000,207.1000,230.3000,0.0000,0.0000,0.5520,1.7260,230.3000,1,,,0.1152,0.1022,0.6978,-9.7232,17.7933,10.6784,,45.0000,-1.0575,-4.8045,0.7403,-6.6836,12.9442,-7.8257,-0.0107,failed_base
dev,5,G,2024-08-30,14:25,NIFTY,2024-09-05,CE,25100,ITM1,6,True,25298.5500,255.3500,228.4000,246.1500,0.0000,0.0000,2.1190,2.9870,246.1500,1,,,0.0871,0.1032,0.7249,-9.4667,13.7259,7.2955,,0.0000,-8.8898,-7.3956,0.3525,-10.2408,4.5624,-10.4367,-0.1098,failed_base
dev,5,G,2024-09-04,13:20,NIFTY,2024-09-05,CE,25100,ATM,1,False,25174.9800,121.0000,80.2500,91.3500,0.0000,0.0000,7.0020,2.1110,91.3500,1,,,0.1976,0.1421,0.6509,-43.6534,72.7726,36.6390,,10.0000,-13.4298,-15.4052,14.5868,-17.6033,14.5868,-30.0000,-0.0616,failed_base
dev,5,G,2024-08-30,11:20,NIFTY,2024-09-05,CE,25200,ATM,6,True,25271.8700,169.7500,146.4000,164.8000,0.0000,0.0000,0.7320,1.6580,164.8000,1,,,0.1152,0.1000,0.5886,-10.7408,19.9112,8.7439,,45.0000,-1.7673,-6.1102,0.7953,-7.9529,13.1370,-10.1325,-0.0107,failed_base
dev,5,G,2024-08-30,14:25,NIFTY,2024-09-05,CE,25200,ATM,6,True,25298.5500,184.5500,160.6500,176.7000,0.0000,0.0000,2.1380,2.6630,176.7000,1,,,0.0871,0.0999,0.6210,-10.6067,17.0868,8.6922,,0.0000,-10.9455,-9.7375,0.2438,-12.4627,4.0639,-12.6524,-0.1098,failed_base
dev,5,G,2024-09-02,11:10,NIFTY,2024-09-05,CE,25200,ITM1,3,False,25325.0600,187.6000,163.5500,179.4500,0.0000,0.0000,1.2890,0.9870,179.4500,1,,,0.1210,0.1217,0.6702,-17.5155,21.1250,14.5886,,20.0000,-3.6247,-7.4435,5.5970,-3.7846,5.5970,-32.6226,-0.0286,failed_base
dev,5,G,2024-09-02,14:10,NIFTY,2024-09-05,CE,25200,ITM1,3,False,25267.2800,148.1000,129.6500,144.3500,0.0000,0.0000,2.0150,2.2600,144.3500,1,,,0.0844,0.1209,0.5971,-19.2848,16.8531,12.8713,,5.0000,-2.0932,2.0768,1.8906,-10.8710,3.7475,-10.8710,-0.0042,failed_base
dev,5,G,2024-09-03,12:55,NIFTY,2024-09-05,CE,25200,ITM1,2,False,25288.4500,141.0000,128.4000,140.0000,0.0000,0.0000,1.7400,1.7540,140.0000,1,,,0.0556,0.1176,0.6539,-22.2404,32.8660,21.9812,,30.0000,10.6383,8.4618,20.9929,-0.0709,20.9929,-10.8865,0.0776,failed_base
dev,5,G,2024-09-04,13:20,NIFTY,2024-09-05,CE,25200,OTM1,1,False,25174.9800,63.7000,38.1500,44.3000,0.0000,0.0000,11.3500,1.7750,44.3000,1,,,0.1976,0.1376,0.4488,-52.2155,100.2621,45.4843,,10.0000,-18.4458,-18.0111,19.9372,-23.5479,19.9372,-37.6766,-0.0616,failed_base
dev,5,G,2024-08-30,11:20,NIFTY,2024-09-05,CE,25300,OTM1,6,True,25271.8700,113.6000,96.9000,109.4000,0.0000,0.0000,0.7780,1.6490,109.4000,1,,,0.1152,0.0970,0.4669,-10.6890,20.9494,12.7986,,0.0000,-2.8609,-7.7841,0.7923,-10.0352,12.6320,-13.5123,-0.0107,failed_base
dev,5,G,2024-08-30,14:25,NIFTY,2024-09-05,CE,25300,OTM1,6,True,25298.5500,124.0000,104.8000,117.7500,0.0000,0.0000,2.4490,3.1670,117.7500,1,,,0.0871,0.0961,0.5001,-10.7617,21.1355,10.6735,,0.0000,-13.6290,-11.1424,0.2823,-15.2016,3.1855,-15.2016,-0.1098,failed_base
dev,5,G,2024-09-02,11:10,NIFTY,2024-09-05,CE,25300,ATM,3,False,25325.0600,122.4000,105.0000,117.2000,0.0000,0.0000,1.1800,1.0280,117.2000,1,,,0.1210,0.1161,0.5382,-18.7065,24.3333,10.9537,,20.0000,-4.4526,-8.8953,6.6585,-5.0245,6.6585,-36.8873,-0.0286,failed_base
dev,5,G,2024-09-02,14:10,NIFTY,2024-09-05,CE,25300,ATM,3,False,25267.2800,92.2500,78.7000,89.3500,0.0000,0.0000,2.1940,2.2670,89.3500,1,,,0.0844,0.1169,0.4537,-19.1992,20.4574,15.7700,,5.0000,-2.9810,1.1458,1.7886,-13.4417,3.4146,-14.0379,-0.0042,failed_base
dev,5,G,2024-09-03,12:55,NIFTY,2024-09-05,CE,25300,ATM,2,False,25288.4500,81.1000,73.1000,80.5000,0.0000,0.0000,1.4370,1.3420,80.5000,1,,,0.0556,0.1132,0.4804,-23.8057,44.3912,27.9962,,30.0000,13.7485,11.6113,30.1480,-0.0617,30.1480,-15.7830,0.0776,failed_base
dev,5,G,2024-09-04,13:20,NIFTY,2024-09-05,CE,25300,OTM2,1,False,25174.9800,28.3000,16.6500,19.1500,0.0000,0.0000,10.8240,1.7120,19.1500,1,,,0.1976,0.1359,0.2535,-28.1128,112.0120,50.9915,,10.0000,-22.9682,-21.7418,24.7350,-28.0919,24.7350,-41.3428,-0.0616,failed_base
dev,5,G,2024-09-05,13:55,NIFTY,2024-09-05,PE,25300,ITM1,0,False,25164.5000,137.5000,111.3000,137.0000,0.0000,0.0000,0.6950,0.9120,137.0000,1,,,-0.0411,0.2505,-0.9444,-1.9996,44.1150,,,45.0000,3.4909,5.0015,11.0545,-9.8545,16.6545,-9.8545,-0.0230,session_end
dev,5,G,2024-08-30,11:20,NIFTY,2024-09-05,CE,25400,OTM2,6,True,25271.8700,70.1000,59.3500,67.3500,0.0000,0.0000,0.7930,1.7710,67.3500,1,,,0.1152,0.0942,0.3418,-9.5208,22.3252,14.3251,,0.0000,-3.8516,-9.3511,1.1412,-11.2696,12.9101,-16.3338,-0.0107,failed_base
dev,5,G,2024-08-30,14:25,NIFTY,2024-09-05,CE,25400,OTM2,6,True,25298.5500,76.8500,62.9500,72.5000,0.0000,0.0000,2.5060,3.2590,72.5000,1,,,0.0871,0.0929,0.3708,-9.8117,25.7347,12.8238,,0.0000,-16.1353,-14.1753,0.1952,-17.7619,1.4964,-17.7619,-0.1098,failed_base
dev,5,G,2024-09-02,11:10,NIFTY,2024-09-05,CE,25400,OTM1,3,False,25325.0600,72.2000,60.5500,68.7000,0.0000,0.0000,1.0490,0.9370,68.7000,1,,,0.1210,0.1117,0.3902,-17.2676,27.4154,13.5450,,20.0000,-7.1330,-11.5580,6.8560,-7.6177,6.8560,-42.2438,-0.0286,failed_base
dev,5,G,2024-09-02,14:10,NIFTY,2024-09-05,CE,25400,OTM1,3,False,25267.2800,50.5000,42.0000,48.9000,0.0000,0.0000,2.8850,2.6440,48.9000,1,,,0.0844,0.1121,0.3064,-15.8833,23.8095,17.7885,,5.0000,-3.2673,1.3569,1.8812,-15.3465,3.9604,-17.4257,-0.0042,failed_base
dev,5,G,2024-09-03,12:55,NIFTY,2024-09-05,CE,25400,OTM1,2,False,25288.4500,39.5500,35.2500,39.1500,0.0000,0.0000,2.0060,1.3910,39.1500,1,,,0.0556,0.1091,0.2990,-18.9752,58.7234,35.8356,,30.0000,18.5841,16.9151,41.4665,-0.5057,41.4665,-21.7446,0.0776,failed_base
dev,5,G,2024-09-02,11:15,NIFTY,2024-09-05,CE,25500,OTM2,3,False,25331.8200,38.1000,30.9000,35.7000,0.0000,0.0000,1.0720,0.8410,35.7000,1,,,0.1278,0.1064,0.2539,-13.2438,28.9644,16.0602,,15.0000,-18.7664,-24.0111,4.5932,-19.9475,4.5932,-48.2940,-0.1126,failed_base
dev,5,G,2024-09-02,14:10,NIFTY,2024-09-05,CE,25500,OTM2,3,False,25267.2800,25.2000,20.8000,24.3500,0.0000,0.0000,1.8780,2.0980,24.3500,1,,,0.0844,0.1101,0.1826,-11.0816,25.4808,17.2414,,5.0000,-5.1587,-0.3457,0.9921,-17.4603,1.7857,-21.8254,-0.0042,failed_base
dev,5,G,2024-09-03,12:55,NIFTY,2024-09-05,CE,25500,OTM2,2,False,25288.4500,16.5500,15.0000,16.4500,0.0000,0.0000,1.2940,1.4750,16.4500,1,,,0.0556,0.1073,0.1544,-11.1567,69.0000,37.2781,,30.0000,21.4502,20.6891,53.1722,-0.3021,53.1722,-25.0755,0.0776,failed_base
dev,5,G,2024-09-09,12:15,NIFTY,2024-09-12,PE,24600,OTM2,3,False,24850.6700,38.2500,27.7000,35.8500,0.0000,0.0000,1.5410,2.0990,35.8500,1,,,-0.2242,0.1376,-0.2114,-14.9979,58.8448,23.8636,,10.0000,2.2222,-1.6854,15.0327,-9.0196,15.0327,-53.9869,-0.0251,failed_base
dev,5,G,2024-09-09,13:20,NIFTY,2024-09-12,CE,24700,ITM1,3,False,24891.0000,238.7000,200.4500,229.0000,0.0000,0.0000,1.6820,0.9320,229.0000,1,,,0.1623,0.1317,0.7390,-16.6127,41.4817,20.2750,,20.0000,1.3825,3.2509,18.8102,-0.8588,18.8102,-9.7612,0.0175,failed_base
dev,5,G,2024-09-09,15:00,NIFTY,2024-09-12,CE,24700,ITM1,3,False,24925.9100,265.1000,215.4000,252.7500,0.0000,0.0000,1.9760,0.9820,252.7500,1,,,0.1228,0.1332,0.7752,-15.4223,,,,,4.1117,6.7004,5.1867,-4.4889,5.1867,-4.4889,0.0616,session_end
dev,5,G,2024-09-09,12:15,NIFTY,2024-09-12,PE,24700,OTM1,3,False,24850.6700,63.4000,46.6500,59.3500,0.0000,0.0000,1.4750,2.3140,59.3500,1,,,-0.2242,0.1359,-0.3123,-18.8806,53.2690,22.2378,,10.0000,1.6562,-2.7800,12.7760,-9.4637,12.7760,-50.8675,-0.0251,failed_base
dev,5,G,2024-09-09,13:20,NIFTY,2024-09-12,CE,24800,ATM,3,False,24891.0000,168.9500,139.3500,161.4000,0.0000,0.0000,1.4250,1.0820,161.4000,1,,,0.1623,0.1294,0.6227,-19.7438,49.2644,23.9423,,20.0000,1.7461,3.3192,23.1133,-1.2134,23.1133,-11.3347,0.0175,failed_base
dev,5,G,2024-09-09,15:00,NIFTY,2024-09-12,CE,24800,ATM,3,False,24925.9100,190.6500,149.8000,179.2000,0.0000,0.0000,1.7410,0.8810,179.2000,1,,,0.1381,0.1299,0.6677,-19.0338,,,,,2.8062,6.6454,5.9009,-5.9009,5.9009,-5.9009,0.0616,session_end
dev,5,G,2024-09-09,12:15,NIFTY,2024-09-12,PE,24800,ATM,3,False,24850.6700,98.8500,75.2500,93.6000,0.0000,0.0000,1.8170,2.1290,93.6000,1,,,-0.2242,0.1335,-0.4318,-21.0424,45.8472,19.7722,,10.0000,1.7704,-2.8435,11.0268,-8.2954,11.0268,-45.9282,-0.0251,failed_base
dev,5,G,2024-09-10,14:40,NIFTY,2024-09-12,PE,24800,OTM2,2,False,25066.4400,15.9500,12.4000,14.3000,0.0000,0.0000,1.2610,1.0730,14.3000,1,,,-0.1544,0.1285,-0.1315,-11.6219,86.2903,,,15.0000,6.5831,3.7962,44.8276,-2.8213,44.8276,-10.9718,-0.1357,session_end
dev,5,G,2024-09-11,13:40,NIFTY,2024-09-12,PE,24800,OTM2,1,False,25022.5500,12.1000,7.8500,11.5000,0.0000,0.0000,2.1720,2.6060,11.5000,1,,,-0.1647,0.1434,-0.1247,-12.0999,143.9490,36.0313,240.4082,15.0000,90.0826,58.7486,140.9091,-1.6529,301.2397,-1.6529,-0.2666,next_wave
dev,5,G,2024-09-09,13:20,NIFTY,2024-09-12,CE,24900,OTM1,3,False,24891.0000,111.8500,90.9500,106.7000,0.0000,0.0000,1.3980,0.9620,106.7000,1,,,0.1623,0.1273,0.4898,-20.6207,58.7686,28.3241,,20.0000,1.8775,4.0112,29.1015,-1.1623,29.1015,-12.7850,0.0175,failed_base
dev,5,G,2024-09-09,15:00,NIFTY,2024-09-12,CE,24900,OTM1,3,False,24925.9100,128.6000,97.5500,120.2000,0.0000,0.0000,1.8190,1.1960,120.2000,1,,,0.1381,0.1275,0.5378,-20.8529,,,,,3.1882,9.2598,6.2597,-7.5816,6.2597,-7.5816,0.0616,session_end
dev,5,G,2024-09-11,12:05,NIFTY,2024-09-12,CE,24900,ITM1,1,False,25077.6000,198.1500,135.4500,180.5500,0.0000,0.0000,1.5880,1.2750,180.5500,1,,,0.2455,0.1432,0.8134,-20.4228,61.0188,23.7276,,35.0000,4.8196,3.2234,10.0681,-8.6551,10.0681,-73.1769,0.0560,failed_base
dev,5,G,2024-09-12,14:10,NIFTY,2024-09-12,CE,24900,ITM1,0,False,25207.9500,310.7000,83.5000,129.2500,0.0000,0.0000,0.8170,2.4330,129.2500,1,,,0.9784,0.5658,0.9612,-2.7500,,,,,10.0418,10.5738,14.6604,-3.1381,68.5227,-3.1381,0.1299,session_end
dev,5,G,2024-09-06,12:55,NIFTY,2024-09-12,PE,24900,OTM2,6,True,24883.4200,163.5000,115.9500,145.2000,0.0000,0.0000,2.6370,1.9350,145.2000,1,,,-0.2244,0.1209,-0.5133,-13.2225,68.7365,19.9336,39.8979,15.0000,18.1957,7.6465,19.6636,-4.6483,34.0367,-4.6483,-0.1866,next_wave
dev,5,G,2024-09-09,12:15,NIFTY,2024-09-12,PE,24900,ITM1,3,False,24850.6700,147.5000,115.4500,140.4500,0.0000,0.0000,1.5250,2.2830,140.4500,1,,,-0.2242,0.1319,-0.5617,-20.8296,39.4543,17.1118,,10.0000,1.5932,-2.6724,9.1525,-7.6271,9.1525,-40.6441,-0.0251,failed_base
dev,5,G,2024-09-10,14:40,NIFTY,2024-09-12,PE,24900,OTM1,2,False,25066.4400,29.9000,22.5500,26.8000,0.0000,0.0000,1.6900,1.1760,26.8000,1,,,-0.1544,0.1204,-0.2279,-17.5281,98.0044,,,15.0000,12.5418,0.2968,50.6689,-0.3344,50.6689,-4.6823,-0.1357,session_end
dev,5,G,2024-09-11,13:40,NIFTY,2024-09-12,PE,24900,OTM1,1,False,25022.5500,27.7000,15.8000,24.2500,0.0000,0.0000,2.1120,2.9890,24.2500,1,,,-0.0891,0.1354,-0.2510,-27.6037,161.7089,31.4389,,15.0000,85.5596,54.6706,122.7437,-2.8881,254.5126,-2.8881,-0.2666,next_wave
dev,5,G,2024-09-09,13:20,NIFTY,2024-09-12,CE,25000,OTM2,3,False,24891.0000,69.1500,55.8000,65.6000,0.0000,0.0000,1.7850,0.9190,65.6000,1,,,0.1623,0.1262,0.3554,-18.8165,68.6380,32.5186,,20.0000,1.8077,4.7029,36.0810,-1.5184,36.0810,-13.5213,0.0175,failed_base
dev,5,G,2024-09-09,15:00,NIFTY,2024-09-12,CE,25000,OTM2,3,False,24925.9100,81.2000,59.8000,75.3500,0.0000,0.0000,2.1950,1.4870,75.3500,1,,,0.1381,0.1264,0.4002,-19.9949,,,,,2.4015,10.6100,6.4039,-9.2980,6.4039,-9.2980,0.0616,session_end
dev,5,G,2024-09-10,11:20,NIFTY,2024-09-12,CE,25000,ATM,2,False,24974.3500,78.4000,50.4000,64.9000,0.0000,0.0000,2.4240,1.5430,64.9000,1,,,0.3111,0.1179,0.4567,-23.8210,115.0794,21.9096,97.5192,50.0000,2.5510,4.4247,7.3980,-13.4566,113.2653,-13.4566,0.0374,next_wave
dev,5,G,2024-09-11,12:05,NIFTY,2024-09-12,CE,25000,ATM,1,False,25077.6000,119.6500,74.2500,106.0500,0.0000,0.0000,1.5410,1.0620,106.0500,1,,,0.2455,0.1334,0.6623,-38.1737,84.2424,30.8845,,35.0000,6.6026,5.2024,14.3335,-11.4501,14.3335,-79.8579,0.0560,failed_base
dev,5,G,2024-09-12,14:10,NIFTY,2024-09-12,CE,25000,ATM,0,False,25207.9500,215.0500,40.0500,69.3000,0.0000,0.0000,0.8210,3.2890,69.3000,1,,,0.8948,0.5131,0.9052,-7.0999,,,,,12.8807,15.8881,19.9721,-5.3476,97.2565,-5.3476,0.1299,session_end
dev,5,G,2024-09-06,12:55,NIFTY,2024-09-12,PE,25000,OTM1,6,True,24883.4200,218.4500,161.9000,197.0000,0.0000,0.0000,2.2390,1.9340,197.0000,1,,,-0.2244,0.1192,-0.6155,-12.4258,58.1532,17.2427,32.0906,15.0000,15.9075,6.4391,17.2122,-3.8453,28.1300,-3.8453,-0.1866,next_wave
dev,5,G,2024-09-10,14:40,NIFTY,2024-09-12,PE,25000,ATM,2,False,25066.4400,56.4000,41.5000,51.1000,0.0000,0.0000,1.8620,1.2480,51.1000,1,,,-0.1544,0.1148,-0.3766,-22.9384,95.9036,,,15.0000,17.3759,3.4616,49.0248,-0.5319,49.0248,-0.5319,-0.1357,session_end
dev,5,G,2024-09-10,11:20,NIFTY,2024-09-12,CE,25100,OTM1,2,False,24974.3500,41.6000,26.5500,35.2500,0.0000,0.0000,2.5530,1.0790,35.2500,1,,,0.3479,0.1180,0.2923,-19.6232,65.9134,21.5664,77.5687,5.0000,1.4423,4.8462,7.8125,-16.9471,144.3510,-16.9471,0.0374,next_wave
dev,5,G,2024-09-11,12:05,NIFTY,2024-09-12,CE,25100,OTM1,1,False,25077.6000,63.2000,36.0000,53.7000,0.0000,0.0000,2.2330,1.2390,53.7000,1,,,0.2455,0.1319,0.4532,-46.8067,106.3889,32.5034,,35.0000,6.9620,6.2431,17.5633,-15.3481,17.5633,-82.8323,0.0560,failed_base
dev,5,G,2024-09-12,14:10,NIFTY,2024-09-12,CE,25100,OTM1,0,False,25207.9500,121.5000,17.4000,32.6500,0.0000,0.0000,2.0670,5.9600,32.6500,1,,,0.8948,0.4044,0.8058,-13.5499,,,,,18.9300,32.2681,31.5638,-8.8889,166.9136,-8.8889,0.1299,session_end
dev,5,G,2024-09-06,12:55,NIFTY,2024-09-12,PE,25100,ATM,6,True,24883.4200,284.6500,219.4000,258.7000,0.0000,0.0000,2.2170,2.0620,258.7000,1,,,-0.2244,0.1185,-0.7106,-10.9197,47.9034,14.5455,26.5777,15.0000,12.6120,4.5139,13.9996,-3.6360,23.3093,-3.6360,-0.1866,next_wave
dev,5,G,2024-09-10,14:40,NIFTY,2024-09-12,PE,25100,ITM1,2,False,25066.4400,101.1500,75.7000,92.3000,0.0000,0.0000,1.9600,1.7250,92.3000,1,,,-0.1544,0.1115,-0.5620,-23.4557,81.2417,,,15.0000,17.9931,16.3849,43.3515,-0.6426,43.3515,-0.6426,-0.1357,session_end
dev,5,G,2024-09-10,11:20,NIFTY,2024-09-12,CE,25200,OTM2,2,False,24974.3500,20.1000,13.8000,17.5500,0.0000,0.0000,2.7660,1.2880,17.5500,1,,,0.3479,0.1193,0.1654,-12.8450,59.7826,25.8503,88.0734,5.0000,0.9950,5.7879,7.2139,-18.6567,167.4129,-18.6567,0.0374,next_wave
dev,5,G,2024-09-11,12:05,NIFTY,2024-09-12,CE,25200,OTM2,1,False,25077.6000,28.4500,15.9000,23.2500,0.0000,0.0000,2.3390,1.2060,23.2500,1,,,0.2455,0.1321,0.2562,-27.6583,109.1195,36.8421,,10.0000,5.9754,6.2978,18.9807,-19.3322,18.9807,-84.1828,0.0560,failed_base
dev,5,G,2024-09-12,14:10,NIFTY,2024-09-12,CE,25200,OTM2,0,False,25207.9500,42.8000,5.1000,11.2000,0.0000,0.0000,7.7340,9.4080,11.2000,1,,,0.8948,0.3119,0.5334,-33.3855,,,,,18.9252,66.4603,54.9065,-26.1682,421.6121,-26.1682,0.1299,session_end
dev,5,G,2024-09-06,12:55,NIFTY,2024-09-12,PE,25200,ITM1,6,True,24883.4200,361.4500,286.4000,332.2500,0.0000,0.0000,2.1320,2.0200,332.2500,1,,,-0.2244,0.1197,-0.7898,-9.1163,40.9567,12.5464,21.7391,15.0000,11.2187,6.2420,11.6890,-3.2370,18.9099,-3.2370,-0.1866,next_wave
dev,5,G,2024-09-13,13:25,NIFTY,2024-09-19,PE,25100,OTM2,6,True,25358.3100,50.6500,42.7000,48.6500,0.0000,0.0000,2.2790,2.9860,48.6500,1,,,-0.0487,0.1113,-0.2356,-9.3864,27.8689,13.7363,,25.0000,-1.6782,0.3483,7.7986,-5.3307,14.1165,-16.8806,-0.0440,failed_base
dev,5,G,2024-09-13,11:10,NIFTY,2024-09-19,CE,25200,ITM1,6,True,25383.2400,252.1000,195.5000,244.5000,0.0000,0.0000,0.5980,1.0770,244.5000,1,,,0.2777,0.1085,0.6979,-10.3606,36.7775,12.7524,,10.0000,-7.6160,-11.6630,6.0690,-12.5149,6.0690,-20.1309,-0.0962,failed_base
dev,5,G,2024-09-13,12:35,NIFTY,2024-09-19,CE,25200,ITM1,6,True,25381.3700,248.8000,220.5500,246.4500,0.0000,0.0000,0.8080,1.0430,246.4500,1,,,0.1322,0.1072,0.6989,-10.2784,17.3883,12.0317,,25.0000,0.3617,2.6278,4.0595,-4.9437,4.0595,-19.0715,0.0107,failed_base
dev,5,G,2024-09-13,13:25,NIFTY,2024-09-19,PE,25200,OTM1,6,True,25358.3100,73.7000,62.5000,71.7000,0.0000,0.0000,2.1130,2.1100,71.7000,1,,,-0.0487,0.1066,-0.3217,-10.6158,28.7200,13.4866,,20.0000,0.5427,1.0528,9.1588,-3.3921,16.0787,-15.1967,-0.0440,failed_base
dev,5,G,2024-09-16,10:50,NIFTY,2024-09-19,PE,25200,OTM2,3,False,25413.0100,43.2000,36.1000,42.8000,0.0000,0.0000,0.6690,1.1600,42.8000,1,,,-0.1219,0.1282,-0.2394,-15.3904,60.8033,23.8587,52.4887,30.0000,8.7963,15.8302,34.3750,-3.3565,56.0185,-20.6019,-0.0850,next_wave
dev,5,G,2024-09-17,14:50,NIFTY,2024-09-19,PE,25200,OTM2,2,False,25416.0900,35.3000,30.1500,33.4000,0.0000,0.0000,1.4250,0.6900,33.4000,1,,,-0.0439,0.1483,-0.2183,-21.2146,20.3980,9.9174,,15.0000,-1.2748,-2.5426,2.8329,-9.6317,2.8329,-9.6317,0.0057,failed_base
dev,5,G,2024-09-18,13:05,NIFTY,2024-09-19,PE,25200,OTM2,1,False,25375.9100,48.5500,25.7500,31.7000,0.0000,0.0000,8.5110,2.7870,31.7000,1,,,-0.3181,0.2092,-0.2705,-47.8081,253.0097,,,45.0000,16.4779,9.7728,22.6571,-19.4645,87.2297,-29.2482,-0.0932,session_end
dev,5,G,2024-09-13,11:10,NIFTY,2024-09-19,CE,25300,ATM,6,True,25383.2400,184.5500,137.5500,179.0000,0.0000,0.0000,0.7630,0.9910,179.0000,1,,,0.2777,0.1058,0.5963,-11.3534,43.8386,14.7587,,10.0000,-8.8594,-15.2478,7.2067,-14.0612,7.2067,-23.7334,-0.0962,failed_base
dev,5,G,2024-09-13,12:35,NIFTY,2024-09-19,CE,25300,ATM,6,True,25381.3700,180.7500,158.6000,178.9000,0.0000,0.0000,0.9200,0.9920,178.9000,1,,,0.1322,0.1042,0.5960,-11.2416,19.1677,13.9153,,25.0000,0.8852,3.2589,4.5643,-5.4219,4.5643,-22.1300,0.0107,failed_base
dev,5,G,2024-09-16,12:45,NIFTY,2024-09-19,CE,25300,ITM1,3,False,25388.0400,165.9000,140.9000,158.0500,0.0000,0.0000,1.4960,1.0810,158.0500,1,,,0.1024,0.1250,0.6201,-19.4117,42.6544,,,70.0000,-0.7233,2.6665,1.7179,-6.3291,21.1573,-6.3291,0.0055,session_end
dev,5,G,2024-09-17,13:45,NIFTY,2024-09-19,CE,25300,ITM1,2,False,25438.9500,189.3500,169.1500,183.6000,0.0000,0.0000,1.7490,1.5710,183.6000,1,,,0.0784,0.1386,0.7015,-24.4855,16.8194,11.1589,,10.0000,-4.4098,-3.3887,4.3570,-7.2881,4.3570,-12.3317,-0.0439,failed_base
dev,5,G,2024-09-18,12:30,NIFTY,2024-09-19,CE,25300,ITM1,1,False,25481.1000,219.0500,192.9000,213.0500,0.0000,0.0000,2.5700,0.9640,213.0500,1,,,0.1282,0.1859,0.7567,-37.3503,18.1441,16.0597,,5.0000,-18.3291,-17.5185,3.0587,-19.6530,3.0587,-50.3766,-0.2248,failed_base
dev,5,G,2024-09-13,13:25,NIFTY,2024-09-19,PE,25300,ATM,6,True,25358.3100,108.8500,93.2000,106.4000,0.0000,0.0000,3.0080,2.3110,106.4000,1,,,-0.0487,0.1043,-0.4290,-11.4697,27.4678,12.1212,,25.0000,1.5158,2.4395,9.1410,-2.0671,15.0666,-13.5508,-0.0440,failed_base
dev,5,G,2024-09-16,10:50,NIFTY,2024-09-19,PE,25300,OTM1,3,False,25413.0100,69.2500,57.6500,69.2000,0.0000,0.0000,0.6300,1.0190,69.2000,1,,,-0.1219,0.1239,-0.3479,-18.3348,58.8031,21.2998,44.5524,30.0000,9.8917,15.0651,32.2022,-1.9495,50.3971,-19.7112,-0.0850,next_wave
dev,5,G,2024-09-17,14:55,NIFTY,2024-09-19,PE,25300,OTM1,2,False,25408.8700,58.0500,48.8000,54.8500,0.0000,0.0000,1.3000,1.2380,54.8500,1,,,-0.0723,0.1374,-0.3354,-26.3989,19.9795,10.7600,,10.0000,-1.2920,-3.1365,0.8613,-9.9914,0.8613,-9.9914,0.0206,failed_base
dev,5,G,2024-09-18,13:05,NIFTY,2024-09-19,PE,25300,OTM1,1,False,25375.9100,76.3000,40.8500,50.7500,0.0000,0.0000,9.4530,3.5550,50.7500,1,,,-0.2943,0.1984,-0.3895,-68.0541,227.2950,,,45.0000,14.6789,6.5466,19.5937,-18.0210,75.2294,-25.3604,-0.0932,session_end
dev,5,G,2024-09-19,11:35,NIFTY,2024-09-19,PE,25300,OTM2,0,False,25442.1000,11.7000,3.3000,6.3500,0.0000,0.0000,3.2220,2.8660,6.3500,1,,,-0.3819,0.2638,-0.1570,-11.7000,465.1515,68.0965,,30.0000,-6.4103,19.8380,59.4017,-39.3162,59.4017,-99.5726,0.0232,failed_base
dev,5,G,2024-09-13,11:15,NIFTY,2024-09-19,CE,25400,OTM1,6,True,25390.1500,131.2000,91.8000,127.6500,0.0000,0.0000,3.0970,1.1450,127.6500,1,,,0.3051,0.1034,0.4906,-11.4728,51.9608,17.5986,,5.0000,-14.8628,-23.0848,0.2668,-18.1021,0.2668,-30.4116,-0.1589,failed_base
dev,5,G,2024-09-13,12:35,NIFTY,2024-09-19,CE,25400,OTM1,6,True,25381.3700,125.1500,107.4500,123.5000,0.0000,0.0000,1.2420,1.2410,123.5000,1,,,0.1322,0.1025,0.4801,-11.4144,21.9172,15.9160,,25.0000,0.0400,2.1478,4.6744,-6.9517,4.6744,-27.0475,0.0107,failed_base
dev,5,G,2024-09-16,12:45,NIFTY,2024-09-19,CE,25400,ATM,3,False,25388.0400,107.7500,91.1000,102.9000,0.0000,0.0000,1.2110,0.7660,102.9000,1,,,0.1024,0.1215,0.4852,-19.9640,46.9265,,,75.0000,-0.7889,2.1179,2.4594,-6.8677,24.2227,-6.8677,0.0055,session_end
dev,5,G,2024-09-18,12:35,NIFTY,2024-09-19,CE,25400,ATM,1,False,25481.0300,144.1000,125.1000,140.5500,0.0000,0.0000,0.9830,2.2460,140.5500,1,,,0.1081,0.1748,0.6305,-56.2944,21.1031,19.5380,,0.0000,-34.7675,-36.6207,4.3373,-36.0167,4.3373,-54.1985,-0.4125,failed_base
dev,5,G,2024-09-13,13:25,NIFTY,2024-09-19,PE,25400,ITM1,6,True,25358.3100,154.5000,134.9500,152.6500,0.0000,0.0000,2.0160,2.2150,152.6500,1,,,-0.0487,0.1016,-0.5466,-11.2614,25.2316,10.4438,,20.0000,3.0097,5.5601,9.3851,-1.1003,14.7896,-10.9385,-0.0440,failed_base
dev,5,G,2024-09-16,10:50,NIFTY,2024-09-19,PE,25400,ATM,3,False,25413.0100,107.9500,90.8500,107.5000,0.0000,0.0000,0.6950,1.3130,107.5000,1,,,-0.1219,0.1206,-0.4794,-19.5303,52.3390,18.6055,36.8842,30.0000,9.4488,13.8145,28.2075,-2.0843,42.8439,-18.5734,-0.0850,next_wave
dev,5,G,2024-09-17,14:55,NIFTY,2024-09-19,PE,25400,ATM,2,False,25408.8700,93.2500,78.8000,88.7000,0.0000,0.0000,1.3210,1.3010,88.7000,1,,,-0.0723,0.1294,-0.4835,-28.1408,19.7335,,,10.0000,-0.6971,-0.5535,1.1796,-8.4718,1.1796,-8.4718,0.0206,session_end
dev,5,G,2024-09-18,13:05,NIFTY,2024-09-19,PE,25400,ATM,1,False,25375.9100,118.5000,68.6000,82.0000,0.0000,0.0000,11.2230,4.5070,82.0000,1,,,-0.2851,0.1907,-0.5339,-72.9549,179.0087,,,45.0000,12.4895,2.9139,17.6793,-14.8523,61.5190,-20.8439,-0.0932,session_end
dev,5,G,2024-09-19,11:30,NIFTY,2024-09-19,PE,25400,OTM1,0,False,25446.4500,30.2000,6.4000,14.2000,0.0000,0.0000,2.9410,2.8660,14.2000,1,,,-0.3649,0.2309,-0.3546,-30.2000,611.7188,70.6915,,35.0000,40.7285,53.5744,50.8278,-37.0861,50.8278,-99.8344,-0.1501,failed_base
dev,5,G,2024-09-13,12:35,NIFTY,2024-09-19,CE,25500,OTM2,6,True,25381.3700,81.0000,68.7500,79.6500,0.0000,0.0000,1.0730,1.0340,79.6500,1,,,0.1322,0.1004,0.3620,-10.4746,24.1455,18.1019,,25.0000,0.0000,2.5922,5.3704,-7.9012,5.3704,-32.0988,0.0107,failed_base
dev,5,G,2024-09-16,12:45,NIFTY,2024-09-19,CE,25500,OTM1,3,False,25388.0400,64.3000,54.0500,61.6000,0.0000,0.0000,1.1940,0.7390,61.6000,1,,,0.1024,0.1189,0.3462,-17.7860,49.5837,,,75.0000,-1.1664,1.6936,2.3328,-7.8538,25.7387,-7.8538,0.0055,session_end
dev,5,G,2024-09-18,12:35,NIFTY,2024-09-19,CE,25500,OTM1,1,False,25481.0300,87.1000,73.7000,84.5000,0.0000,0.0000,1.4080,3.0710,84.5000,1,,,0.1081,0.1708,0.4705,-63.9856,24.9661,23.8871,,0.0000,-37.8875,-46.0427,4.6498,-39.2652,4.6498,-56.4868,-0.4125,failed_base
dev,5,G,2024-09-16,11:05,NIFTY,2024-09-19,PE,25500,ITM1,3,False,25397.7000,170.6500,143.3500,165.0000,0.0000,0.0000,1.9160,1.2930,165.0000,1,,,-0.1186,0.1184,-0.6395,-17.7689,38.6118,15.6769,29.6926,15.0000,14.0346,14.1604,16.4372,-1.8166,27.3367,-21.0079,-0.1308,next_wave
dev,5,G,2024-09-17,15:00,NIFTY,2024-09-19,PE,25500,ITM1,2,False,25414.5200,142.6500,130.3500,142.5000,0.0000,0.0000,1.5230,1.3540,142.5000,1,,,-0.0741,0.1242,-0.6399,-24.7072,12.4281,8.1542,,5.0000,0.1402,-3.1386,1.1917,-5.6432,1.1917,-5.6432,0.0005,failed_base
dev,5,G,2024-09-18,13:05,NIFTY,2024-09-19,PE,25500,ITM1,1,False,25375.9100,177.9000,112.8500,130.8000,0.0000,0.0000,5.3660,3.7090,130.8000,1,,,-0.2851,0.1873,-0.6804,-51.8356,134.3376,,,45.0000,10.8207,0.9310,13.8842,-11.8606,48.6509,-16.3575,-0.0932,session_end
dev,5,G,2024-09-19,11:30,NIFTY,2024-09-19,PE,25500,ATM,0,False,25446.4500,72.2000,16.5000,40.5000,0.0000,0.0000,1.6790,2.4760,40.5000,1,,,-0.3649,0.1834,-0.7034,-18.6514,549.3939,58.5161,,35.0000,43.2825,44.3817,48.4072,-25.8310,75.5540,-38.4349,-0.1501,stalled
dev,5,G,2024-09-16,13:25,NIFTY,2024-09-19,CE,25600,OTM2,3,False,25412.2000,38.2000,30.6000,36.3000,0.0000,0.0000,2.7840,0.9210,36.3000,1,,,0.2311,0.1142,0.2432,-14.0909,43.3007,21.5507,,35.0000,9.0314,11.5580,14.7906,-4.7120,14.7906,-16.6230,0.0945,failed_base
dev,5,G,2024-09-17,11:30,NIFTY,2024-09-19,CE,25600,OTM2,2,False,25420.5200,31.4000,23.9500,30.0500,0.0000,0.0000,2.8760,3.1550,30.0500,1,,,0.1642,0.1218,0.2280,-17.3640,51.5658,22.3140,,5.0000,-8.7580,-4.3676,1.9108,-17.5159,17.3567,-20.2229,-0.0323,failed_base
dev,5,G,2024-09-18,12:35,NIFTY,2024-09-19,CE,25600,OTM2,1,False,25481.0300,48.0000,40.0500,46.8000,0.0000,0.0000,1.2320,2.6380,46.8000,1,,,0.1081,0.1700,0.3121,-45.6893,28.5893,26.6019,,0.0000,-37.8125,-47.7458,6.2500,-40.7292,6.2500,-56.2500,-0.4125,failed_base
dev,5,G,2024-09-19,11:30,NIFTY,2024-09-19,PE,25600,ITM1,0,False,25446.4500,158.8000,72.4000,117.7000,0.0000,0.0000,0.9750,1.6980,117.7000,1,,,-0.3649,0.2153,-0.9041,-5.2514,176.3812,35.8821,,35.0000,22.5126,26.5750,26.0076,-13.4131,42.9156,-19.2065,-0.1501,stalled
dev,5,G,2024-09-20,13:40,NIFTY,2024-09-26,PE,25300,OTM2,6,True,25575.4700,65.9000,45.6000,55.0000,0.0000,0.0000,10.9250,6.1320,55.0000,1,,,-0.4471,0.1292,-0.2551,-11.5310,72.3684,35.7506,,5.0000,-18.6646,-17.0808,11.6844,-27.6176,11.6844,-44.0819,0.2793,failed_base
dev,5,G,2024-09-20,12:55,NIFTY,2024-09-26,CE,25400,ITM1,6,True,25770.2100,431.8000,340.9500,388.9000,0.0000,0.0000,1.4720,2.3880,388.9000,1,,,0.2310,0.1464,0.7795,-11.9323,32.8054,33.0499,,35.0000,0.7874,0.6652,4.8634,-7.9898,4.8634,-44.9861,0.0243,failed_base
dev,5,G,2024-09-20,13:40,NIFTY,2024-09-26,PE,25400,OTM1,6,True,25575.4700,88.2000,57.8000,71.3000,0.0000,0.0000,11.5140,6.8690,71.3000,1,,,-0.4471,0.1228,-0.3287,-12.4608,76.3841,33.7420,,5.0000,-20.5215,-19.8628,10.8277,-30.2721,10.8277,-50.2268,0.2793,failed_base
dev,5,G,2024-09-20,12:55,NIFTY,2024-09-26,CE,25500,ATM,6,True,25770.2100,349.1500,263.9000,307.7500,0.0000,0.0000,1.3800,2.3050,307.7500,1,,,0.2310,0.1388,0.7236,-12.9375,39.9204,38.2668,,35.0000,0.8163,0.5949,5.7568,-9.4945,5.7568,-50.7661,0.0243,failed_base
dev,5,G,2024-09-20,13:40,NIFTY,2024-09-26,PE,25500,ATM,6,True,25575.4700,117.4000,75.0500,94.0500,0.0000,0.0000,11.6550,6.9480,94.0500,1,,,-0.4815,0.1159,-0.4183,-12.7849,79.5470,31.6141,,5.0000,-19.9319,-19.7403,12.1806,-31.4736,12.1806,-51.2777,0.2793,failed_base
dev,5,G,2024-09-20,12:55,NIFTY,2024-09-26,CE,25600,OTM1,6,True,25770.2100,272.0000,194.8000,234.6000,0.0000,0.0000,2.4040,2.9830,234.6000,1,,,0.2310,0.1314,0.6542,-13.6414,49.8717,44.7166,,35.0000,0.7537,1.8912,7.3346,-10.9559,7.3346,-57.2426,0.0243,failed_base
dev,5,G,2024-09-20,13:40,NIFTY,2024-09-26,PE,25600,ITM1,6,True,25575.4700,160.0000,107.6500,125.0000,0.0000,0.0000,14.5540,9.2920,125.0000,1,,,-0.5265,0.1121,-0.5230,-12.6187,65.7222,36.8274,,5.0000,-21.0937,-22.1056,9.3750,-33.3125,9.3750,-53.7187,0.2793,failed_base
dev,5,G,2024-09-20,12:55,NIFTY,2024-09-26,CE,25700,OTM2,6,True,25770.2100,204.2500,136.5000,170.4000,0.0000,0.0000,1.4920,2.8890,170.4000,1,,,0.2310,0.1258,0.5692,-14.0169,61.2821,50.7381,,35.0000,1.1016,0.6379,7.7846,-13.5618,7.7846,-64.2595,0.0243,failed_base
dev,5,G,2024-09-25,11:55,NIFTY,2024-09-26,PE,25700,OTM2,1,False,25892.8800,24.8000,15.8500,21.3000,0.0000,0.0000,2.7610,5.6920,21.3000,1,,,-0.1205,0.1564,-0.1958,-24.5527,76.0252,26.1649,,0.0000,-6.8548,-17.2873,4.0323,-23.1855,4.0323,-76.2097,0.0238,failed_base
dev,5,G,2024-09-23,13:25,NIFTY,2024-09-26,CE,25800,ITM1,3,False,25898.4000,184.7000,161.5000,178.6000,0.0000,0.0000,1.0130,0.8270,178.6000,1,,,0.0849,0.1368,0.6210,-21.7688,38.6997,,,65.0000,6.4158,6.6884,7.7152,-2.8695,21.2777,-2.8695,0.0740,session_end
dev,5,G,2024-09-24,12:40,NIFTY,2024-09-26,CE,25800,ITM1,2,False,25962.8400,210.0000,185.3000,208.6000,0.0000,0.0000,1.2220,0.8920,208.6000,1,,,0.0952,0.1399,0.7241,-23.6491,24.9056,14.9276,,95.0000,-2.0476,-3.7167,1.6667,-3.5952,10.2143,-17.4048,-0.0193,failed_base
dev,5,G,2024-09-25,13:35,NIFTY,2024-09-26,CE,25800,ITM1,1,False,25922.8500,153.4500,132.3000,148.8500,0.0000,0.0000,1.2060,2.7930,148.8500,1,,,0.1082,0.1371,0.7390,-30.4277,24.9055,12.8593,26.5972,0.0000,9.2538,7.7938,12.5774,-6.1584,54.2196,-6.1584,0.0794,next_wave
dev,5,G,2024-09-25,11:55,NIFTY,2024-09-26,PE,25800,OTM1,1,False,25892.8800,45.5500,29.1000,39.7000,0.0000,0.0000,2.8900,5.7540,39.7000,1,,,-0.1205,0.1451,-0.3279,-41.5047,75.2577,26.1765,,0.0000,-6.1471,-16.2432,4.2810,-23.3809,4.2810,-78.7047,0.0238,failed_base
dev,5,G,2024-09-23,13:25,NIFTY,2024-09-26,CE,25900,ATM,3,False,25898.4000,125.1000,107.3000,120.7000,0.0000,0.0000,0.9940,0.9920,120.7000,1,,,0.0849,0.1326,0.5001,-22.3633,47.4371,,,65.0000,7.6739,8.9819,9.1926,-2.9976,26.4588,-3.5971,0.0740,session_end
dev,5,G,2024-09-24,12:40,NIFTY,2024-09-26,CE,25900,ATM,2,False,25962.8400,141.2000,122.5500,140.4000,0.0000,0.0000,1.0630,0.8850,140.4000,1,,,0.0952,0.1357,0.5945,-28.1192,28.8046,13.2404,,95.0000,-2.6204,-3.9260,2.1955,-4.2493,11.7918,-22.9816,-0.0193,failed_base
dev,5,G,2024-09-25,13:35,NIFTY,2024-09-26,CE,25900,ATM,1,False,25922.8500,86.5000,72.9000,83.5000,0.0000,0.0000,1.3460,2.9980,83.5000,1,,,0.1082,0.1326,0.5500,-52.7876,32.4417,18.0218,36.9551,0.0000,11.9075,12.6519,16.3584,-8.4971,74.8555,-8.4971,0.0794,next_wave
dev,5,G,2024-09-26,12:55,NIFTY,2024-09-26,CE,25900,ITM1,0,False,26109.0000,221.2000,185.2500,221.1500,0.0000,0.0000,0.8260,0.5180,221.1500,1,,,0.1010,0.4168,0.8700,-12.1998,23.4818,10.6230,,20.0000,0.7911,8.1748,3.4132,-7.5723,63.4268,-28.0063,-0.0113,failed_base
dev,5,G,2024-09-25,11:55,NIFTY,2024-09-26,PE,25900,ATM,1,False,25892.8800,85.1500,58.4500,76.9500,0.0000,0.0000,2.6380,5.2210,76.9500,1,,,-0.1205,0.1407,-0.5122,-52.0571,61.1634,22.8238,,0.0000,-5.9307,-5.8675,3.1709,-20.0822,3.1709,-73.3412,0.0238,failed_base
dev,5,G,2024-09-23,13:30,NIFTY,2024-09-26,CE,26000,OTM1,3,False,25898.3500,79.1000,66.7000,76.3500,0.0000,0.0000,1.5130,1.0630,76.3500,1,,,0.0847,0.1297,0.3732,-20.5409,30.8096,12.2063,35.9661,30.0000,7.6485,7.5528,10.3034,-1.5171,31.6688,-5.6258,0.0719,next_wave
dev,5,G,2024-09-25,13:35,NIFTY,2024-09-26,CE,26000,OTM1,1,False,25922.8500,40.1000,33.2500,38.6500,0.0000,0.0000,1.7350,3.8170,38.6500,1,,,0.1082,0.1282,0.3362,-38.8638,41.0526,23.8806,50.9804,0.0000,14.7132,14.1234,20.3242,-10.9726,107.6060,-10.9726,0.0794,next_wave
dev,5,G,2024-09-26,12:55,NIFTY,2024-09-26,CE,26000,ATM,0,False,26109.0000,134.7000,102.3000,134.1500,0.0000,0.0000,0.7340,0.4930,134.1500,1,,,0.1010,0.3724,0.7445,-25.6998,54.5455,16.9513,,40.0000,2.6355,25.2655,6.6073,-6.5702,94.1722,-31.3660,-0.0113,failed_base
dev,5,G,2024-09-24,15:00,NIFTY,2024-09-26,PE,26000,ITM1,2,False,25949.9800,122.4500,103.9500,119.5000,0.0000,0.0000,2.6560,3.7210,119.5000,1,,,-0.0828,0.1237,-0.5808,-26.7343,,,,,-2.0008,-2.1818,10.0041,-5.2675,10.0041,-5.2675,0.0039,session_end
dev,5,G,2024-09-25,11:50,NIFTY,2024-09-26,PE,26000,ITM1,1,False,25903.3000,136.0000,107.6000,129.8500,0.0000,0.0000,4.8630,2.8400,129.8500,1,,,-0.0744,0.1347,-0.6872,-36.3921,44.8420,18.1264,,5.0000,-1.4706,3.4922,8.7132,-10.7721,8.7132,-58.3088,0.0026,failed_base
dev,5,G,2024-09-26,13:25,NIFTY,2024-09-26,PE,26000,ATM,0,False,26106.0500,32.6500,21.8000,32.1000,0.0000,0.0000,1.0030,1.1960,32.1000,1,,,0.0023,0.4609,-0.2822,-32.6500,57.5688,28.9665,,0.0000,39.8162,41.6901,76.4165,-25.4211,133.2312,-99.6937,-0.1132,failed_base
dev,5,G,2024-09-23,13:30,NIFTY,2024-09-26,CE,26100,OTM2,3,False,25898.3500,46.3000,38.0500,44.2500,0.0000,0.0000,1.3490,0.9890,44.2500,1,,,0.0847,0.1274,0.2556,-16.5453,34.8226,15.0097,47.0183,30.0000,7.5594,10.1987,10.7991,-2.0518,38.4449,-7.4514,0.0719,next_wave
dev,5,G,2024-09-25,13:35,NIFTY,2024-09-26,CE,26100,OTM2,1,False,25922.8500,14.9500,12.5500,14.7000,0.0000,0.0000,1.4000,3.1260,14.7000,1,,,0.1082,0.1258,0.1605,-14.9485,45.4183,29.3151,,0.0000,17.3913,19.9249,24.4147,-13.7124,157.8595,-13.7124,0.0794,failed_base
dev,5,G,2024-09-26,12:30,NIFTY,2024-09-26,CE,26100,OTM1,0,False,26108.4500,59.3000,34.7500,57.4500,0.0000,0.0000,0.8950,2.3280,57.4500,1,,,0.0989,0.2852,0.5255,-49.6639,106.0432,28.0726,,0.0000,-8.7690,3.3429,8.2631,-17.3693,170.2361,-32.7993,-0.0138,failed_base
dev,5,G,2024-09-26,14:35,NIFTY,2024-09-26,CE,26100,OTM1,0,False,26131.3000,76.1500,49.0000,68.1500,0.0000,0.0000,1.4680,1.2610,68.1500,1,,,0.0875,0.5554,0.5847,-44.3439,,,,,84.4386,53.5673,110.4399,-2.4294,110.4399,-2.4294,0.4114,session_end
dev,5,G,2024-09-26,13:45,NIFTY,2024-09-26,PE,26100,ITM1,0,False,26091.0500,71.9500,45.3500,58.1000,0.0000,0.0000,1.8330,1.6290,58.1000,1,,,-0.0552,0.4579,-0.5198,-59.9520,108.5998,45.8245,,15.0000,-7.1577,-9.7404,65.1147,-14.3850,65.1147,-99.8610,-0.0347,failed_base
dev,5,G,2024-09-26,12:30,NIFTY,2024-09-26,CE,26200,OTM2,0,False,26108.4500,19.0000,7.9000,16.1500,0.0000,0.0000,0.9310,2.5910,16.1500,1,,,0.0865,0.2723,0.2444,-19.0000,218.9873,44.8413,,0.0000,-20.0000,-10.7888,5.5263,-28.4211,229.4737,-31.8421,-0.0138,failed_base
dev,5,G,2024-09-26,14:40,NIFTY,2024-09-26,CE,26200,OTM2,0,False,26179.8000,41.7000,14.1500,27.2500,0.0000,0.0000,3.2030,1.3970,27.2500,1,,,0.3004,0.5021,0.4384,-40.4886,284.0989,60.2576,,5.0000,-44.4844,-9.7229,50.1199,-48.2014,50.1199,-67.6259,0.1505,failed_base
dev,5,G,2024-10-03,11:25,NIFTY,2024-10-03,PE,25300,OTM2,0,False,25412.9000,19.4500,5.7000,10.5000,0.0000,0.0000,3.2710,3.1190,10.5000,1,,,-0.3666,0.2732,-0.2243,-19.4500,372.8070,75.5102,,20.0000,10.5398,36.4835,38.5604,-18.7661,353.4704,-66.0668,-0.0903,failed_base
dev,5,G,2024-10-03,11:25,NIFTY,2024-10-03,PE,25400,OTM1,0,False,25412.9000,55.7500,16.8500,29.0500,0.0000,0.0000,2.8850,2.7870,29.0500,1,,,-0.3666,0.2833,-0.4657,-55.2976,326.1128,44.2897,357.6250,35.0000,15.8744,34.1419,28.7892,-13.5426,228.3408,-28.2511,-0.0903,next_wave
dev,5,G,2024-10-03,11:25,NIFTY,2024-10-03,PE,25500,ATM,0,False,25412.9000,117.8500,43.5500,67.9500,0.0000,0.0000,1.2950,2.0170,67.9500,1,,,-0.3666,0.2977,-0.7016,-30.7504,545.5798,,,160.0000,14.5524,22.0031,23.1226,-9.2915,138.5660,-9.2915,-0.0903,session_end
dev,5,G,2024-10-03,11:25,NIFTY,2024-10-03,PE,25600,ITM1,0,False,25412.9000,201.9000,99.8000,139.5000,0.0000,0.0000,0.6710,1.0610,139.5000,1,,,-0.3666,0.3338,-0.8447,-14.8004,282.0140,,,160.0000,9.8316,15.6485,15.7999,-6.1169,88.8311,-6.1169,-0.0903,session_end
dev,5,G,2024-10-01,11:55,NIFTY,2024-10-03,CE,25800,ITM1,2,False,25831.8500,108.8500,71.2500,99.8000,0.0000,0.0000,1.1590,3.0450,99.8000,1,,,0.2853,0.1165,0.5564,-24.4046,96.9825,40.5771,,15.0000,9.1870,9.5198,28.9389,-0.7809,28.9389,-40.9279,0.0673,failed_base
dev,5,G,2024-10-01,11:55,NIFTY,2024-10-03,CE,25900,ATM,2,False,25831.8500,59.7000,38.3500,56.6000,0.0000,0.0000,1.2910,3.4510,56.6000,1,,,0.2690,0.1133,0.3824,-22.6275,116.2973,47.0766,,15.0000,10.5528,11.9379,38.9447,-1.0050,38.9447,-51.7588,0.0673,failed_base
dev,5,G,2024-09-30,11:30,NIFTY,2024-10-03,PE,25900,OTM2,3,False,25933.6800,111.1500,70.3000,95.5500,0.0000,0.0000,2.3700,1.3040,95.5500,1,,,-0.3103,0.1322,-0.4553,-21.8326,132.5036,20.9544,41.6409,130.0000,-7.5124,-6.1224,7.5124,-10.3464,64.6424,-12.9555,0.0388,next_wave
dev,5,G,2024-10-01,14:30,NIFTY,2024-10-03,PE,25900,ATM,2,False,25789.2800,148.7000,119.9500,147.0000,0.0000,0.0000,1.6890,2.4790,147.0000,1,,,-0.1406,0.1060,-0.7039,-19.0232,32.0967,18.4285,,20.0000,-11.2979,-11.8426,6.5568,-13.9206,6.5568,-27.8413,0.0557,failed_base
dev,5,G,2024-10-01,11:55,NIFTY,2024-10-03,CE,26000,OTM1,2,False,25831.8500,31.1000,21.4000,30.5500,0.0000,0.0000,1.3420,3.8050,30.5500,1,,,0.2690,0.1156,0.2335,-17.1157,108.4112,49.7758,,15.0000,11.8971,14.6552,43.4084,-1.1254,43.4084,-57.2347,0.0673,failed_base
dev,5,G,2024-09-27,11:25,NIFTY,2024-10-03,PE,26000,OTM2,6,True,26246.8400,56.0000,44.2000,53.4000,0.0000,0.0000,1.9270,2.2180,53.4000,1,,,-0.1382,0.1091,-0.2502,-9.7996,32.5792,14.8464,,5.0000,-2.5893,1.0083,0.8036,-10.8929,17.5893,-24.8214,0.0189,failed_base
dev,5,G,2024-09-30,11:30,NIFTY,2024-10-03,PE,26000,OTM1,3,False,25933.6800,160.2000,105.2000,140.2000,0.0000,0.0000,1.3960,0.7750,140.2000,1,,,-0.3103,0.1288,-0.5816,-20.8697,117.0627,17.6702,34.0957,130.0000,-5.6180,-3.0381,7.3034,-8.5830,57.3658,-10.2996,0.0388,next_wave
dev,5,G,2024-10-01,14:30,NIFTY,2024-10-03,PE,26000,ITM1,2,False,25789.2800,229.6000,191.4500,225.0000,0.0000,0.0000,1.1100,2.9250,225.0000,1,,,-0.1406,0.1118,-0.8335,-12.7724,26.7694,14.4211,,20.0000,-8.1228,-8.6325,5.7056,-9.5383,5.7056,-20.5357,0.0557,failed_base
dev,5,G,2024-09-27,10:40,NIFTY,2024-10-03,CE,26100,ITM1,6,True,26298.1000,265.5000,224.0000,263.0000,0.0000,0.0000,0.3530,1.1390,263.0000,1,,,0.1781,0.1071,0.7077,-10.4003,20.2232,9.0234,,0.0000,-10.9981,-11.2788,1.4124,-11.1676,1.4124,-23.9548,-0.1517,failed_base
dev,5,G,2024-09-27,14:00,NIFTY,2024-10-03,CE,26100,ITM1,6,True,26276.5200,246.3000,222.6000,246.2000,0.0000,0.0000,1.7450,2.4560,246.2000,1,,,0.0942,0.1048,0.6928,-10.5568,16.7116,12.1247,,5.0000,-6.9631,-7.4566,1.2586,-14.9817,1.2586,-18.0268,-0.0789,failed_base
dev,5,G,2024-10-01,12:05,NIFTY,2024-10-03,CE,26100,OTM2,2,False,25867.5900,21.4000,12.3000,17.7500,0.0000,0.0000,2.6350,0.8070,17.7500,1,,,0.4077,0.1209,0.1682,-13.7691,93.9024,31.2369,,5.0000,-33.6449,-45.0653,0.9346,-42.0561,0.9346,-70.0935,-0.2251,failed_base
dev,5,G,2024-09-27,11:25,NIFTY,2024-10-03,PE,26100,OTM1,6,True,26246.8400,82.5000,65.1000,78.1000,0.0000,0.0000,1.6420,2.5530,78.1000,1,,,-0.0918,0.1063,-0.3395,-11.1320,32.3349,14.0453,,5.0000,-2.7879,-1.1634,0.8485,-10.2424,14.7879,-24.4848,0.0189,failed_base
dev,5,G,2024-09-30,11:30,NIFTY,2024-10-03,PE,26100,ATM,3,False,25933.6800,225.9500,155.6500,201.7500,0.0000,0.0000,1.3760,0.7560,201.7500,1,,,-0.3103,0.1301,-0.6985,-18.3345,97.6550,15.0333,27.7735,130.0000,-4.5143,-1.4721,6.0854,-7.4574,47.8203,-8.2319,0.0388,next_wave
dev,5,G,2024-09-27,11:25,NIFTY,2024-10-03,PE,26200,ATM,6,True,26246.8400,119.4500,95.4500,113.0000,0.0000,0.0000,2.2020,3.0990,113.0000,1,,,-0.0918,0.1042,-0.4444,-11.8504,29.8586,12.6664,,5.0000,-2.1766,-0.0109,0.5860,-9.3763,11.8878,-23.1478,0.0189,failed_base
dev,5,G,2024-09-30,11:30,NIFTY,2024-10-03,PE,26200,ITM1,3,False,25933.6800,302.9500,219.9000,275.0500,0.0000,0.0000,1.0870,0.5920,275.0500,1,,,-0.3103,0.1325,-0.7940,-14.6096,78.5584,12.6448,22.7405,130.0000,-3.6970,-0.3826,5.4464,-6.0076,38.9668,-6.6183,0.0388,next_wave
dev,5,G,2024-09-27,11:25,NIFTY,2024-10-03,PE,26300,ITM1,6,True,26246.8400,165.7000,135.2000,157.4000,0.0000,0.0000,1.1850,1.8600,157.4000,1,,,-0.0918,0.1010,-0.5580,-11.4590,27.2189,11.5988,,5.0000,-1.9010,1.1243,0.5130,-8.2378,11.0441,-20.6699,0.0189,failed_base
dev,5,G,2024-10-08,15:00,NIFTY,2024-10-10,PE,24600,OTM2,2,False,24937.1000,43.9000,28.5000,42.1000,0.0000,0.0000,2.2880,2.9360,42.1000,1,,,-0.2139,0.2158,-0.1960,-27.8056,87.8947,40.6162,,0.0000,-30.5239,-47.9651,-0.1139,-30.5239,-0.1139,-30.5239,0.2674,failed_base
dev,5,G,2024-10-08,11:35,NIFTY,2024-10-10,CE,24700,ITM1,2,False,24986.4300,341.7000,265.8500,338.7000,0.0000,0.0000,0.5670,0.5530,338.7000,1,,,0.3685,0.2088,0.7656,-29.9062,34.9633,20.7915,,5.0000,-12.6134,-13.1774,-0.1317,-16.8276,15.3058,-28.5192,-0.2574,failed_base
dev,5,G,2024-10-08,14:50,NIFTY,2024-10-10,PE,24700,OTM1,2,False,24956.3300,54.8000,38.9000,52.1000,0.0000,0.0000,1.9080,1.0770,52.1000,1,,,-0.2016,0.2022,-0.2442,-30.9725,91.5167,39.5302,,10.0000,-7.7555,-19.5914,35.9489,-17.8832,35.9489,-21.2591,0.0705,failed_base
dev,5,G,2024-10-08,11:35,NIFTY,2024-10-10,CE,24800,ATM,2,False,24986.4300,264.7500,200.7500,263.8500,0.0000,0.0000,0.7150,0.6080,263.8500,1,,,0.3685,0.2015,0.6879,-34.9981,39.4770,23.6071,,5.0000,-14.7686,-15.2287,0.0755,-19.2068,17.0538,-32.4079,-0.2574,failed_base
dev,5,G,2024-10-08,14:50,NIFTY,2024-10-10,PE,24800,ATM,2,False,24956.3300,77.3500,54.0000,74.5000,0.0000,0.0000,2.1700,1.4990,74.5000,1,,,-0.2016,0.1921,-0.3276,-35.7372,93.7037,38.0497,,10.0000,-6.9166,-19.7270,35.2295,-16.5482,35.2295,-20.3620,0.0705,failed_base
dev,5,G,2024-10-07,10:40,NIFTY,2024-10-10,PE,24900,OTM2,3,False,25014.9700,131.3500,83.4000,114.5500,0.0000,0.0000,1.9540,1.6560,114.5500,1,,,-0.4352,0.1965,-0.3974,-30.0872,175.7794,49.7391,,35.0000,48.8770,33.2186,75.1047,-8.6410,122.1165,-11.9909,-0.5072,stalled
dev,5,G,2024-10-08,14:50,NIFTY,2024-10-10,PE,24900,ITM1,2,False,24956.3300,109.3000,76.8000,105.5000,0.0000,0.0000,1.9700,1.3240,105.5000,1,,,-0.2016,0.1830,-0.4314,-38.3033,89.2578,35.9133,,10.0000,-6.1299,-18.2132,32.9826,-15.2333,32.9826,-19.2589,0.0705,failed_base
dev,5,G,2024-10-09,11:25,NIFTY,2024-10-10,CE,25000,ITM1,1,False,25225.6800,256.0000,180.9500,250.1500,0.0000,0.0000,0.3140,0.4700,250.1500,1,,,0.2978,0.1897,0.8000,-29.8197,45.3716,24.6911,,0.0000,-31.9336,-39.3222,1.4648,-34.9609,1.4648,-77.8711,-0.4235,failed_base
dev,5,G,2024-10-04,12:45,NIFTY,2024-10-10,PE,25000,OTM2,6,True,25259.6000,113.1000,62.5000,88.9000,0.0000,0.0000,4.1480,3.0020,88.9000,1,,,-0.3963,0.1688,-0.3139,-16.5167,210.4800,,,150.0000,24.4916,18.5496,38.3731,-23.7401,71.5738,-23.7401,-0.3172,session_end
dev,5,G,2024-10-07,10:45,NIFTY,2024-10-10,PE,25000,OTM1,3,False,25018.2200,169.1000,110.4000,149.2000,0.0000,0.0000,1.7690,1.9800,149.2000,1,,,-0.4223,0.1908,-0.4799,-30.3857,158.1522,46.7193,134.8699,30.0000,36.8125,26.0503,68.5393,-0.8870,110.9107,-10.2011,-0.4196,next_wave
dev,5,G,2024-10-04,12:00,NIFTY,2024-10-10,CE,25100,ITM1,6,True,25460.1500,436.9000,334.3500,393.7000,0.0000,0.0000,0.9910,1.5660,393.7000,1,,,0.3224,0.1605,0.7555,-13.7243,45.8352,31.7268,,35.0000,6.1227,2.2012,11.6045,-3.6393,11.6045,-68.8830,0.1036,failed_base
dev,5,G,2024-10-09,11:25,NIFTY,2024-10-10,CE,25100,ATM,1,False,25225.6800,177.7500,118.2500,175.0000,0.0000,0.0000,0.4230,0.8170,175.0000,1,,,0.2978,0.1812,0.6885,-47.3710,55.8140,29.8236,,0.0000,-37.0745,-46.7527,1.8284,-40.0000,1.8284,-83.4318,-0.4235,failed_base
dev,5,G,2024-10-04,12:45,NIFTY,2024-10-10,PE,25100,OTM1,6,True,25259.6000,139.7000,78.1000,112.0000,0.0000,0.0000,5.4140,3.5540,112.0000,1,,,-0.3963,0.1616,-0.3765,-17.0248,212.4200,,,150.0000,24.9463,18.7335,38.5111,-20.7946,74.6600,-20.7946,-0.3172,session_end
dev,5,G,2024-10-07,10:40,NIFTY,2024-10-10,PE,25100,ATM,3,False,25014.9700,218.5500,146.0000,192.1500,0.0000,0.0000,1.2110,1.6680,192.1500,1,,,-0.4352,0.1846,-0.5741,-28.7860,140.0685,43.0100,116.5207,35.0000,40.4713,28.4103,60.3752,-7.3210,97.8952,-8.6022,-0.5072,next_wave
dev,5,G,2024-10-04,12:00,NIFTY,2024-10-10,CE,25200,ATM,6,True,25460.1500,355.5000,261.8000,316.3500,0.0000,0.0000,0.7860,0.8320,316.3500,1,,,0.3224,0.1521,0.7013,-14.5344,54.6600,35.1815,,35.0000,7.4543,2.8624,13.8959,-3.3896,13.8959,-72.9536,0.1036,failed_base
dev,5,G,2024-10-04,12:45,NIFTY,2024-10-10,PE,25200,ATM,6,True,25259.6000,178.3500,99.4000,141.0000,0.0000,0.0000,5.3150,2.7920,141.0000,1,,,-0.3963,0.1589,-0.4497,-17.5048,205.2314,,,150.0000,21.5027,17.1760,33.5296,-20.2691,70.1149,-20.2691,-0.3172,session_end
dev,5,G,2024-10-07,10:45,NIFTY,2024-10-10,PE,25200,ITM1,3,False,25018.2200,275.4000,192.4000,247.9500,0.0000,0.0000,0.8680,1.0790,247.9500,1,,,-0.4223,0.1806,-0.6623,-25.8682,120.2443,39.3392,99.9027,30.0000,30.3014,21.1187,53.8671,-0.4902,86.5832,-6.6630,-0.4196,next_wave
dev,5,G,2024-10-09,13:30,NIFTY,2024-10-10,PE,25200,ITM1,1,False,25056.0600,188.8500,116.0000,168.4500,0.0000,0.0000,0.9420,2.0720,168.4500,1,,,-0.1875,0.1850,-0.7133,-44.3912,74.8707,27.1136,,0.0000,-13.7411,-24.1250,1.1385,-21.7104,55.8909,-29.2295,0.1277,failed_base
dev,5,G,2024-10-04,12:00,NIFTY,2024-10-10,CE,25300,OTM1,6,True,25460.1500,283.8000,197.7500,247.3500,0.0000,0.0000,1.5680,2.1320,247.3500,1,,,0.3224,0.1473,0.6322,-15.4330,65.0316,39.1451,,35.0000,8.1395,2.9438,14.9930,-4.6688,14.9930,-76.8147,0.1036,failed_base
dev,5,G,2024-10-04,12:45,NIFTY,2024-10-10,PE,25300,ITM1,6,True,25259.6000,218.7500,138.6500,178.2000,0.0000,0.0000,4.2630,3.0770,178.2000,1,,,-0.5033,0.1518,-0.5279,-16.8085,169.6358,,,150.0000,21.8514,15.8601,33.4400,-17.2343,70.9029,-17.2343,-0.3172,session_end
dev,5,G,2024-10-04,12:00,NIFTY,2024-10-10,CE,25400,OTM2,6,True,25460.1500,219.2000,143.5500,185.5000,0.0000,0.0000,3.4300,2.8300,185.5000,1,,,0.3224,0.1427,0.5539,-15.7640,78.3002,42.7427,,35.0000,8.6907,0.9730,16.7655,-5.7482,16.7655,-79.8814,0.1036,failed_base
dev,5,G,2024-10-16,11:15,NIFTY,2024-10-17,PE,24800,OTM2,1,False,25017.6200,16.7000,11.0500,16.3000,0.0000,0.0000,1.0450,1.1110,16.3000,1,,,-0.2798,0.1496,-0.1509,-16.5980,317.6471,65.6555,,40.0000,122.4551,69.7693,145.8084,-0.8982,176.3473,-46.7066,-0.3647,failed_base
dev,5,G,2024-10-17,13:35,NIFTY,2024-10-17,PE,24800,OTM2,0,False,24759.4000,48.8500,25.0500,47.7500,0.0000,0.0000,0.9360,1.8540,47.7500,1,,,-0.1206,0.1579,-0.7581,-8.2509,124.9501,34.2502,,0.0000,1.9447,31.9641,9.7236,-15.8649,16.5814,-24.1556,-0.0216,failed_base
dev,5,G,2024-10-11,12:35,NIFTY,2024-10-17,CE,24900,ITM1,6,True,24974.3700,189.5500,166.0500,186.4000,0.0000,0.0000,1.2400,1.2110,186.4000,1,,,0.1516,0.1161,0.5809,-12.4502,22.1620,9.8842,,55.0000,-2.0839,0.1608,0.4484,-5.1174,7.0166,-10.8678,-0.0345,failed_base
dev,5,G,2024-10-16,14:10,NIFTY,2024-10-17,CE,24900,ITM1,1,False,25037.6600,165.0500,102.6000,124.7000,0.0000,0.0000,2.8960,3.4380,124.7000,1,,,0.3359,0.1448,0.7615,-27.3817,102.4854,45.8965,,30.0000,4.9379,8.7106,25.8709,-9.6334,25.8709,-37.0191,0.0511,failed_base
dev,5,G,2024-10-14,13:10,NIFTY,2024-10-17,PE,24900,OTM2,3,False,25127.5100,42.0000,35.3000,41.9000,0.0000,0.0000,1.1200,1.8140,41.9000,1,,,-0.1082,0.1349,-0.2300,-15.8484,29.7450,18.4498,,25.0000,-5.9524,-2.7323,9.0476,-11.0714,9.0476,-23.8095,0.0269,failed_base
dev,5,G,2024-10-16,10:50,NIFTY,2024-10-17,PE,24900,OTM1,1,False,25032.1300,32.0500,21.6500,31.7500,0.0000,0.0000,1.0150,1.4720,31.7500,1,,,-0.2218,0.1434,-0.2580,-30.1278,291.4550,67.6696,,65.0000,68.4867,57.9983,95.1638,-11.2324,164.4306,-42.9017,-0.2521,failed_base
dev,5,G,2024-10-17,11:20,NIFTY,2024-10-17,PE,24900,OTM1,0,False,24798.8500,109.1000,61.0000,103.2000,0.0000,0.0000,0.7390,1.0790,103.2000,1,,,-0.1573,0.1830,-0.8457,-7.9468,147.0492,12.2760,,135.0000,7.7452,26.8681,20.1192,-8.6159,43.9047,-8.6159,-0.0448,next_wave
dev,5,G,2024-10-11,12:40,NIFTY,2024-10-17,CE,25000,ATM,6,True,24974.0200,133.8000,117.9500,131.7000,0.0000,0.0000,0.9960,1.2130,131.7000,1,,,0.1686,0.1136,0.4742,-12.4429,22.1704,11.2422,,50.0000,-1.7937,0.5675,0.1121,-5.7175,7.6981,-12.9671,-0.0158,failed_base
dev,5,G,2024-10-14,11:55,NIFTY,2024-10-17,CE,25000,ITM1,3,False,25163.0800,219.3500,177.2500,215.9000,0.0000,0.0000,0.8960,1.2960,215.9000,1,,,0.1813,0.1300,0.7065,-17.5862,30.8604,12.8476,,25.0000,-5.1744,-3.1027,5.7442,-5.4707,5.7442,-17.3695,-0.0646,failed_base
dev,5,G,2024-10-16,14:10,NIFTY,2024-10-17,CE,25000,ATM,1,False,25037.6600,94.9500,48.9500,65.0000,0.0000,0.0000,5.8360,4.5280,65.0000,1,,,0.4057,0.1390,0.5811,-52.8017,162.0020,57.0370,,30.0000,4.3707,9.3494,35.0711,-13.0595,35.0711,-49.2364,0.0511,failed_base
dev,5,G,2024-10-14,13:10,NIFTY,2024-10-17,PE,25000,OTM1,3,False,25127.5100,66.0500,54.9000,65.8000,0.0000,0.0000,1.3090,1.3190,65.8000,1,,,-0.1082,0.1294,-0.3324,-18.8727,31.2386,17.2797,,25.0000,-4.3149,-0.5896,9.0840,-9.7653,9.0840,-21.8774,0.0269,failed_base
dev,5,G,2024-10-15,13:10,NIFTY,2024-10-17,PE,25000,OTM2,2,False,24999.5500,105.4500,64.8500,84.9000,0.0000,0.0000,3.9300,2.9060,84.9000,1,,,-0.3049,0.1392,-0.4984,-29.1007,79.4140,35.0666,,5.0000,-23.7553,-22.7665,3.4614,-28.3547,3.4614,-36.2731,0.1587,failed_base
dev,5,G,2024-10-17,11:20,NIFTY,2024-10-17,PE,25000,ATM,0,False,24798.8500,205.2500,147.7500,197.4000,0.0000,0.0000,0.7180,0.9080,197.4000,1,,,-0.1573,0.2494,-0.9309,-4.0968,69.2047,7.7200,,175.0000,4.5311,18.4368,11.0110,-5.2375,25.1888,-5.2375,-0.0448,next_wave
dev,5,G,2024-10-11,12:40,NIFTY,2024-10-17,CE,25100,OTM1,6,True,24974.0200,89.3000,79.0500,88.6500,0.0000,0.0000,0.8410,1.2100,88.6500,1,,,0.1686,0.1111,0.3656,-11.4463,22.8336,11.8950,,50.0000,-2.0157,0.0716,0.5599,-6.1030,8.7346,-14.4457,-0.0158,failed_base
dev,5,G,2024-10-14,11:55,NIFTY,2024-10-17,CE,25100,ATM,3,False,25163.0800,152.2500,118.6000,149.6000,0.0000,0.0000,0.8280,1.5670,149.6000,1,,,0.1813,0.1268,0.5863,-19.9486,37.6054,15.5944,,25.0000,-6.5681,-4.5692,7.1921,-7.1264,7.1921,-20.4926,-0.0646,failed_base
dev,5,G,2024-10-16,14:10,NIFTY,2024-10-17,CE,25100,OTM1,1,False,25037.6600,48.7000,26.0500,35.0500,0.0000,0.0000,6.8330,5.0750,35.0500,1,,,0.3595,0.1410,0.3728,-47.2019,167.9463,50.6447,,30.0000,0.8214,7.1382,43.3265,-16.2218,43.3265,-59.8563,0.0511,failed_base
dev,5,G,2024-10-14,13:10,NIFTY,2024-10-17,PE,25100,ATM,3,False,25127.5100,103.4500,85.9000,102.8500,0.0000,0.0000,1.3850,1.6070,102.8500,1,,,-0.1082,0.1265,-0.4600,-20.5412,29.8021,16.0090,,25.0000,-4.3983,-2.1676,7.7815,-9.4732,7.7815,-19.4780,0.0269,failed_base
dev,5,G,2024-10-15,13:10,NIFTY,2024-10-17,PE,25100,OTM1,2,False,24999.5500,163.3000,108.5000,136.3500,0.0000,0.0000,2.8470,2.6820,136.3500,1,,,-0.3049,0.1394,-0.6456,-26.4271,62.2120,28.8068,,5.0000,-19.1978,-17.5410,2.6026,-23.2701,2.6026,-28.7201,0.1587,failed_base
dev,5,G,2024-10-17,11:15,NIFTY,2024-10-17,PE,25100,ITM1,0,False,24793.8500,308.3000,243.4500,294.3000,0.0000,0.0000,0.9780,0.8570,294.3000,1,,,-0.1478,0.3031,-0.9667,-2.1466,43.6640,5.6040,,180.0000,2.2867,8.8469,6.3250,-4.8978,15.5368,-4.8978,-0.0317,next_wave
dev,5,G,2024-10-11,13:25,NIFTY,2024-10-17,CE,25200,OTM2,6,True,24984.9400,58.4000,52.5500,57.5000,0.0000,0.0000,1.9450,1.5250,57.5000,1,,,0.1290,0.1088,0.2729,-9.8248,18.5538,13.3226,,5.0000,-1.5411,-2.5788,5.3082,-9.4178,5.3082,-19.0925,-0.0032,failed_base
dev,5,G,2024-10-16,14:10,NIFTY,2024-10-17,CE,25200,OTM2,1,False,25037.6600,22.9500,13.4000,17.3500,0.0000,0.0000,6.3800,3.8440,17.3500,1,,,0.3413,0.1465,0.2071,-22.9480,74.2537,20.9850,78.0488,10.0000,-5.6645,-1.1730,43.1373,-19.6078,43.1373,-64.0523,0.0511,next_wave
dev,5,G,2024-10-14,13:10,NIFTY,2024-10-17,PE,25200,ITM1,3,False,25127.5100,154.1000,129.1000,153.5000,0.0000,0.0000,1.1140,1.2770,153.5000,1,,,-0.1082,0.1236,-0.5973,-19.4381,27.8079,13.9394,,25.0000,-3.0824,-2.0562,7.0733,-7.8520,7.0733,-16.5152,0.0269,failed_base
dev,5,G,2024-10-15,13:10,NIFTY,2024-10-17,PE,25200,ATM,2,False,24999.5500,237.4500,168.8000,204.0000,0.0000,0.0000,2.3120,2.3850,204.0000,1,,,-0.3049,0.1440,-0.7659,-20.8914,48.1339,23.2154,,5.0000,-15.7507,-13.2476,1.4529,-19.1409,1.4529,-22.9943,0.1587,failed_base
dev,5,G,2024-10-15,13:10,NIFTY,2024-10-17,PE,25300,ITM1,2,False,24999.5500,319.4500,243.6500,283.8000,0.0000,0.0000,3.4720,2.5030,283.8000,1,,,-0.3049,0.1442,-0.8613,-13.3810,37.4102,18.7575,,5.0000,-12.0207,-12.8078,1.8000,-14.8537,1.8000,-17.8275,0.1587,failed_base
dev,5,G,2024-10-23,14:20,NIFTY,2024-10-24,PE,24300,OTM2,1,False,24463.0200,33.0000,17.2500,26.6500,0.0000,0.0000,4.7940,3.6240,26.6500,1,,,-0.3298,0.1776,-0.2396,-32.9927,177.9710,,,25.0000,10.7576,14.1723,45.3030,-1.9697,45.3030,-17.2727,-0.1134,session_end
dev,5,G,2024-10-23,12:20,NIFTY,2024-10-24,PE,24400,OTM1,1,False,24523.6200,55.8500,33.8000,51.5500,0.0000,0.0000,3.0870,2.4640,51.5500,1,,,-0.2353,0.1959,-0.3196,-52.1807,95.8580,38.3686,,5.0000,-37.7798,-41.3421,3.7601,-42.2560,53.0886,-42.6141,0.2181,failed_base
dev,5,G,2024-10-23,14:20,NIFTY,2024-10-24,PE,24400,OTM1,1,False,24463.0200,60.3500,32.0500,48.3500,0.0000,0.0000,4.5110,3.4750,48.3500,1,,,-0.3298,0.1691,-0.3861,-58.2805,166.7707,,,25.0000,13.9188,16.6151,41.6736,-1.7399,41.6736,-11.5990,-0.1134,session_end
dev,5,G,2024-10-18,11:45,NIFTY,2024-10-24,CE,24500,ITM1,6,True,24840.3900,390.7500,309.7500,367.6500,0.0000,0.0000,1.2920,1.7310,367.6500,1,,,0.2961,0.1324,0.7904,-10.0207,46.8927,12.1758,,60.0000,-2.6743,-6.4521,4.5937,-5.8221,21.3052,-5.8221,-0.0391,stalled
dev,5,G,2024-10-23,12:20,NIFTY,2024-10-24,PE,24500,ATM,1,False,24523.6200,89.9500,53.6000,80.4000,0.0000,0.0000,2.9390,2.2900,80.4000,1,,,-0.2353,0.1861,-0.4608,-65.8872,94.0299,33.3173,,5.0000,-33.3519,-35.9587,4.7804,-37.5208,55.4197,-37.5208,0.2181,failed_base
dev,5,G,2024-10-23,14:20,NIFTY,2024-10-24,PE,24500,ATM,1,False,24463.0200,102.6000,57.4500,83.5500,0.0000,0.0000,3.8110,3.6530,83.5500,1,,,-0.3298,0.1582,-0.5689,-60.5047,143.3420,,,25.0000,13.4016,14.9144,36.2573,-1.2671,36.2573,-6.1891,-0.1134,session_end
dev,5,G,2024-10-24,14:25,NIFTY,2024-10-24,PE,24500,ITM1,0,False,24380.2000,120.8500,96.2000,107.7000,0.0000,0.0000,3.1030,1.7120,107.7000,1,,,-0.1039,0.2495,-0.9613,-1.0507,31.7048,19.6527,,5.0000,-16.4253,4.8388,1.5722,-18.3285,1.5722,-23.0451,0.0792,failed_base
dev,5,G,2024-10-18,11:45,NIFTY,2024-10-24,CE,24600,ATM,6,True,24840.3900,309.5500,237.8500,288.9500,0.0000,0.0000,1.4400,1.7170,288.9500,1,,,0.2961,0.1266,0.7249,-11.2928,54.9506,13.6752,,60.0000,-3.3274,-7.7111,5.0719,-6.5579,25.2786,-6.5579,-0.0391,stalled
dev,5,G,2024-10-22,12:55,NIFTY,2024-10-24,PE,24600,OTM2,2,False,24618.6900,111.1000,68.0000,105.9500,0.0000,0.0000,2.0120,1.5860,105.9500,1,,,-0.1638,0.1612,-0.4727,-32.9642,94.0441,31.0345,,40.0000,7.5608,11.1297,16.6517,-12.4212,79.2079,-18.0918,-0.0896,failed_base
dev,5,G,2024-10-22,15:00,NIFTY,2024-10-24,PE,24600,OTM2,2,False,24534.9500,149.2000,91.0000,135.2500,0.0000,0.0000,1.0150,1.0370,135.2500,1,,,-0.2958,0.1560,-0.5877,-31.6976,,,,,20.6434,7.2206,33.4450,-1.7761,33.4450,-1.7761,-0.2109,session_end
dev,5,G,2024-10-23,12:20,NIFTY,2024-10-24,PE,24600,ITM1,1,False,24523.6200,140.1000,85.2000,121.8500,0.0000,0.0000,1.5920,2.1320,121.8500,1,,,-0.2353,0.1781,-0.6210,-55.6460,85.9742,29.1259,,5.0000,-28.5867,-29.9759,3.7116,-32.4054,52.3198,-32.4054,0.2181,failed_base
dev,5,G,2024-10-23,14:20,NIFTY,2024-10-24,PE,24600,ITM1,1,False,24463.0200,165.3500,99.0000,135.7500,0.0000,0.0000,1.9810,2.1900,135.7500,1,,,-0.3298,0.1499,-0.7550,-28.3684,,,,,12.7003,12.9723,29.0596,-0.6653,29.0596,-1.9050,-0.1134,session_end
dev,5,G,2024-10-18,11:45,NIFTY,2024-10-24,CE,24700,OTM1,6,True,24840.3900,235.3500,174.9500,219.4000,0.0000,0.0000,1.6330,2.0700,219.4000,1,,,0.2961,0.1211,0.6429,-12.2264,64.2755,16.3187,,60.0000,-3.8453,-8.8026,5.9273,-7.6482,30.4015,-7.6482,-0.0391,stalled
dev,5,G,2024-10-21,11:40,NIFTY,2024-10-24,PE,24700,OTM2,3,False,24747.5700,106.8000,74.1000,104.9500,0.0000,0.0000,1.6070,2.1420,104.9500,1,,,-0.0771,0.1408,-0.4388,-22.0755,95.8839,41.0265,,45.0000,9.5037,6.9003,24.3446,-4.4007,35.9082,-44.1011,-0.0885,failed_base
dev,5,G,2024-10-22,12:55,NIFTY,2024-10-24,PE,24700,OTM1,2,False,24618.6900,162.4500,106.1500,156.0500,0.0000,0.0000,1.1370,0.9980,156.0500,1,,,-0.1638,0.1571,-0.6063,-30.6041,78.6623,25.4152,,40.0000,7.7562,12.1633,16.0357,-9.6953,69.1597,-12.9271,-0.0896,failed_base
dev,5,G,2024-10-22,15:00,NIFTY,2024-10-24,PE,24700,OTM1,2,False,24534.9500,214.2000,141.4500,202.8000,0.0000,0.0000,1.2890,1.1830,202.8000,1,,,-0.3501,0.1548,-0.7176,-25.7632,,,,,19.8179,6.5616,28.2913,-1.2605,28.2913,-1.2605,-0.2109,session_end
dev,5,G,2024-10-18,11:45,NIFTY,2024-10-24,CE,24800,OTM2,6,True,24840.3900,170.8500,121.9500,159.1500,0.0000,0.0000,2.7420,2.3120,159.1500,1,,,0.2961,0.1166,0.5452,-12.5979,76.0148,19.4503,,60.0000,-4.5069,-10.0349,6.5847,-8.8967,36.1428,-8.8967,-0.0391,stalled
dev,5,G,2024-10-21,13:25,NIFTY,2024-10-24,CE,24800,ITM1,3,False,24766.9400,105.7500,74.5500,92.6000,0.0000,0.0000,3.3710,3.2280,92.6000,1,,,0.2529,0.1338,0.4590,-21.4418,60.8317,24.6455,,5.0000,4.2080,5.9997,9.8818,-17.8723,53.9007,-24.2080,0.0557,failed_base
dev,5,G,2024-10-21,11:40,NIFTY,2024-10-24,PE,24800,OTM1,3,False,24747.5700,154.7000,111.7000,149.7500,0.0000,0.0000,1.2170,2.0160,149.7500,1,,,-0.0771,0.1379,-0.5626,-21.5825,81.7368,36.1084,,45.0000,8.5003,4.8219,20.3297,-4.2340,31.2217,-40.4654,-0.0885,failed_base
dev,5,G,2024-10-22,12:55,NIFTY,2024-10-24,PE,24800,ATM,2,False,24618.6900,229.3500,160.9500,221.1500,0.0000,0.0000,1.0820,0.9500,221.1500,1,,,-0.1638,0.1564,-0.7293,-24.7524,63.4358,21.1177,,40.0000,7.5867,10.0406,13.9961,-8.2843,56.9653,-9.5269,-0.0896,failed_base
dev,5,G,2024-10-22,15:00,NIFTY,2024-10-24,PE,24800,ATM,2,False,24534.9500,293.1500,207.5000,279.7000,0.0000,0.0000,1.2080,1.0610,279.7000,1,,,-0.2656,0.1576,-0.8184,-18.5665,,,,,14.9582,1.3803,22.8040,-0.6822,22.8040,-0.6822,-0.2109,session_end
dev,5,G,2024-10-21,13:25,NIFTY,2024-10-24,CE,24900,ATM,3,False,24766.9400,66.0500,45.8500,57.5000,0.0000,0.0000,3.3920,2.9400,57.5000,1,,,0.2529,0.1330,0.3327,-19.1520,66.4122,27.4574,,5.0000,4.3149,5.8126,10.9008,-19.6064,64.9508,-26.7222,0.0557,failed_base
dev,5,G,2024-10-21,11:40,NIFTY,2024-10-24,PE,24900,ATM,3,False,24747.5700,216.5500,163.8500,210.4000,0.0000,0.0000,0.9260,1.6690,210.4000,1,,,-0.0771,0.1368,-0.6826,-18.9306,67.6839,31.6833,,45.0000,7.4810,4.9036,17.7557,-3.6250,26.8760,-36.5274,-0.0885,failed_base
dev,5,G,2024-10-22,12:55,NIFTY,2024-10-24,PE,24900,ITM1,2,False,24618.6900,309.9000,228.3000,298.9000,0.0000,0.0000,1.0570,1.7020,298.9000,1,,,-0.1638,0.1607,-0.8220,-18.3157,51.4455,16.9053,,40.0000,5.3404,6.8169,11.0035,-6.9861,46.0310,-7.2927,-0.0896,failed_base
dev,5,G,2024-10-22,15:00,NIFTY,2024-10-24,PE,24900,ITM1,2,False,24534.9500,380.6500,287.3000,366.0000,0.0000,0.0000,1.2510,1.1680,366.0000,1,,,-0.3501,0.1616,-0.8889,-12.0579,,,,,12.0715,11.2359,18.8887,-0.7750,18.8887,-0.7750,-0.2109,session_end
dev,5,G,2024-10-21,13:25,NIFTY,2024-10-24,CE,25000,OTM1,3,False,24766.9400,39.0000,27.8000,34.6000,0.0000,0.0000,2.9490,2.6950,34.6000,1,,,0.2529,0.1333,0.2241,-15.1615,67.2662,29.8925,,5.0000,5.1282,7.1521,12.4359,-20.2564,75.5128,-28.2051,0.0557,failed_base
dev,5,G,2024-10-21,11:40,NIFTY,2024-10-24,PE,25000,ITM1,3,False,24747.5700,291.1000,229.0000,281.0000,0.0000,0.0000,1.0700,1.7410,281.0000,1,,,-0.0771,0.1377,-0.7836,-15.0237,54.3668,26.6761,,45.0000,6.3552,4.2091,14.2219,-3.1261,21.4359,-32.4802,-0.0885,failed_base
dev,5,G,2024-10-21,13:25,NIFTY,2024-10-24,CE,25100,OTM2,3,False,24766.9400,22.1000,16.5000,20.2000,0.0000,0.0000,3.7870,2.5140,20.2000,1,,,0.2529,0.1347,0.1417,-10.8255,62.1212,31.2150,,5.0000,5.6561,8.4133,11.5385,-20.5882,79.8643,-28.9593,0.0557,failed_base
dev,5,G,2024-10-28,12:20,NIFTY,2024-10-31,CE,24100,ITM1,3,False,24447.9800,378.4500,290.5500,359.6500,0.0000,0.0000,2.4030,2.6930,359.6500,1,,,0.2363,0.1578,0.8379,-13.7870,44.1232,15.8090,,20.0000,-5.4829,-2.2465,10.6487,-6.8437,10.6487,-30.9288,-0.1001,failed_base
dev,5,G,2024-10-31,12:50,NIFTY,2024-10-31,PE,24100,OTM2,0,False,24194.8000,5.1500,2.5000,4.1500,0.0000,0.0000,2.2520,2.7440,4.1500,1,,,-0.1896,0.1960,-0.1251,-5.1500,128.0000,45.6140,,10.0000,-57.2816,-45.1999,10.6796,-60.1942,10.6796,-99.0291,0.0440,failed_base
dev,5,G,2024-10-28,12:20,NIFTY,2024-10-31,CE,24200,ATM,3,False,24447.9800,291.6500,216.8500,276.7000,0.0000,0.0000,1.3520,1.8980,276.7000,1,,,0.2363,0.1474,0.7740,-16.4917,52.5709,18.9512,,20.0000,-6.2404,-3.5337,13.4408,-8.0576,13.4408,-35.9335,-0.1001,failed_base
dev,5,G,2024-10-29,11:45,NIFTY,2024-10-31,CE,24200,ITM1,2,False,24260.9500,151.9000,106.1500,133.9000,0.0000,0.0000,1.6560,1.4260,133.9000,1,,,0.2127,0.1602,0.5831,-30.9330,106.2647,29.4588,,90.0000,23.9302,22.1855,24.5885,-8.5583,108.5583,-8.5583,0.2512,next_wave
dev,5,G,2024-10-30,13:30,NIFTY,2024-10-31,PE,24200,OTM2,1,False,24399.9700,21.9500,14.1000,20.0000,0.0000,0.0000,3.4130,4.0230,20.0000,1,,,-0.3427,0.1668,-0.1814,-21.9411,99.2908,42.3488,,5.0000,3.6446,-1.9005,26.6515,-26.1959,75.3986,-26.1959,-0.0490,failed_base
dev,5,G,2024-10-31,12:30,NIFTY,2024-10-31,PE,24200,OTM1,0,False,24212.5500,16.3500,8.5000,13.4500,0.0000,0.0000,2.9410,2.5370,13.4500,1,,,-0.1444,0.1234,-0.4098,-16.3487,228.8235,58.4973,,30.0000,25.3823,49.4741,70.9480,-10.0917,70.9480,-99.6942,-0.0479,failed_base
dev,5,G,2024-10-28,12:20,NIFTY,2024-10-31,CE,24300,OTM1,3,False,24447.9800,214.1500,148.7000,200.3000,0.0000,0.0000,1.2800,1.8810,200.3000,1,,,0.2363,0.1407,0.6812,-19.4042,67.6530,22.8841,,20.0000,-7.9384,-5.4043,16.4137,-10.2265,16.4137,-42.0733,-0.1001,failed_base
dev,5,G,2024-10-29,11:45,NIFTY,2024-10-31,CE,24300,ATM,2,False,24260.9500,95.7500,65.0000,82.6500,0.0000,0.0000,2.1970,1.3080,82.6500,1,,,0.2127,0.1535,0.4479,-30.1786,127.6923,35.1689,,90.0000,29.1384,27.4771,30.6527,-9.8172,137.4413,-9.8172,0.2512,next_wave
dev,5,G,2024-10-30,11:00,NIFTY,2024-10-31,CE,24300,ITM1,1,False,24465.7100,198.6500,148.1500,191.0000,0.0000,0.0000,0.8380,1.0640,191.0000,1,,,0.1378,0.1683,0.7619,-31.5531,44.4819,20.1121,,35.0000,0.2265,0.0855,7.7523,-10.4455,18.4999,-53.0078,0.0152,failed_base
dev,5,G,2024-10-25,14:30,NIFTY,2024-10-31,PE,24300,OTM1,6,True,24081.4800,286.7000,244.2500,286.3500,0.0000,0.0000,1.0940,2.3300,286.3500,1,,,-0.1326,0.1238,-0.7113,-11.0840,22.9069,16.9221,,0.0000,-13.7600,-13.0318,2.9822,-20.9104,2.9822,-35.9609,0.2375,failed_base
dev,5,G,2024-10-30,13:25,NIFTY,2024-10-31,PE,24300,OTM1,1,False,24387.7300,49.0000,26.3500,37.8500,0.0000,0.0000,3.7440,6.4770,37.8500,1,,,-0.3927,0.1620,-0.3400,-46.9720,104.9336,38.0556,,10.0000,-8.1633,-15.6658,11.4286,-31.7347,51.2245,-31.7347,0.0254,failed_base
dev,5,G,2024-10-31,12:25,NIFTY,2024-10-31,PE,24300,ATM,0,False,24215.2000,90.3500,62.5500,79.3000,0.0000,0.0000,1.3660,1.0560,79.3000,1,,,-0.0813,0.1720,-0.8603,-5.5480,81.4548,,,35.0000,16.8235,31.7372,25.6226,-2.4903,28.3896,-10.4040,-0.0677,session_end
dev,5,G,2024-10-28,12:20,NIFTY,2024-10-31,CE,24400,OTM2,3,False,24447.9800,148.9000,96.4500,136.6000,0.0000,0.0000,1.3110,2.4090,136.6000,1,,,0.2363,0.1368,0.5638,-21.2611,83.9295,26.2683,,20.0000,-10.2754,-5.5911,19.1404,-12.1558,19.1404,-49.1605,-0.1001,failed_base
dev,5,G,2024-10-29,11:45,NIFTY,2024-10-31,CE,24400,OTM1,2,False,24260.9500,55.2500,36.5000,46.7500,0.0000,0.0000,2.0680,1.1840,46.7500,1,,,0.2127,0.1491,0.3109,-25.1288,148.7671,40.6938,,90.0000,33.8462,32.5663,35.3846,-13.3032,168.9593,-13.3032,0.2512,next_wave
dev,5,G,2024-10-30,11:00,NIFTY,2024-10-31,CE,24400,ATM,1,False,24465.7100,127.6500,89.2000,121.7000,0.0000,0.0000,0.9710,1.2210,121.7000,1,,,0.1378,0.1638,0.6149,-49.5056,55.8296,25.4317,,30.0000,-0.5092,0.0451,8.8915,-13.6310,21.4649,-62.1622,0.0152,failed_base
dev,5,G,2024-10-25,12:30,NIFTY,2024-10-31,PE,24400,ATM,6,True,24123.0300,337.0000,266.5000,336.9000,0.0000,0.0000,1.1880,0.6430,336.9000,1,,,-0.3009,0.1298,-0.7479,-10.7180,35.1970,12.9892,,80.0000,-5.6528,-6.5882,2.7300,-7.7151,11.6024,-27.7596,0.0857,failed_base
dev,5,G,2024-10-25,14:30,NIFTY,2024-10-31,PE,24400,ATM,6,True,24081.4800,362.0000,313.5000,361.3000,0.0000,0.0000,1.1260,1.8250,361.3000,1,,,-0.1326,0.1232,-0.7933,-9.0308,19.9681,14.5839,,0.0000,-12.1271,-10.4436,2.4724,-18.6602,2.4724,-32.7486,0.2375,failed_base
dev,5,G,2024-10-30,13:25,NIFTY,2024-10-31,PE,24400,ATM,1,False,24387.7300,91.5000,48.6000,70.7000,0.0000,0.0000,3.3480,5.7080,70.7000,1,,,-0.3339,0.1605,-0.5211,-60.7781,102.4691,31.9614,,10.0000,-7.9781,-17.1695,10.0546,-26.8306,40.6011,-26.8306,0.0254,failed_base
dev,5,G,2024-10-31,12:25,NIFTY,2024-10-31,PE,24400,ITM1,0,False,24215.2000,188.0000,155.1500,175.0000,0.0000,0.0000,1.6030,1.2520,175.0000,1,,,-0.0813,0.2630,-0.9380,-3.1980,35.9330,15.8843,,35.0000,8.4309,18.9447,12.1809,-1.5957,14.8404,-5.6383,-0.0677,session_end
dev,5,G,2024-10-29,11:45,NIFTY,2024-10-31,CE,24500,OTM2,2,False,24260.9500,29.1500,19.7500,24.9000,0.0000,0.0000,1.9630,1.3520,24.9000,1,,,0.2127,0.1467,0.1937,-17.5770,151.8987,44.8241,188.5246,90.0000,35.1630,34.9289,38.0789,-15.2659,198.6278,-15.2659,0.2512,next_wave
dev,5,G,2024-10-30,11:00,NIFTY,2024-10-31,CE,24500,OTM1,1,False,24465.7100,72.5500,47.9000,69.7500,0.0000,0.0000,1.2100,1.2510,69.7500,1,,,0.1378,0.1591,0.4404,-51.8430,68.7891,30.9833,,30.0000,-0.9649,0.4560,11.4404,-16.4025,23.3632,-70.1585,0.0152,failed_base
dev,5,G,2024-10-25,14:30,NIFTY,2024-10-31,PE,24500,ITM1,6,True,24081.4800,445.2000,391.1500,443.7500,0.0000,0.0000,1.2360,1.9840,443.7500,1,,,-0.1326,0.1233,-0.8586,-6.8872,17.6019,12.6413,,0.0000,-11.0624,-9.0536,2.3360,-16.2287,2.3360,-29.2116,0.2375,failed_base
dev,5,G,2024-10-30,13:25,NIFTY,2024-10-31,PE,24500,ITM1,1,False,24387.7300,151.7000,91.2000,122.0500,0.0000,0.0000,1.7360,4.8750,122.0500,1,,,-0.3637,0.1577,-0.7016,-38.7531,121.7654,,,60.0000,-4.9440,-14.4137,8.9651,-20.8965,33.3223,-20.8965,0.0254,session_end
dev,5,G,2024-10-30,11:00,NIFTY,2024-10-31,CE,24600,OTM2,1,False,24465.7100,36.4500,22.7500,34.2500,0.0000,0.0000,1.6730,1.1830,34.2500,1,,,0.1378,0.1572,0.2722,-34.0958,79.3407,30.0245,,30.0000,-3.7037,-1.0157,11.9342,-19.6159,21.5364,-78.4636,0.0152,failed_base
dev,5,G,2024-11-05,11:30,NIFTY,2024-11-07,PE,23800,OTM2,2,False,23932.1500,134.4000,87.6000,120.1000,0.0000,0.0000,1.9930,0.9030,120.1000,1,,,-0.1808,0.2636,-0.3885,-48.9040,92.3516,34.3027,,30.0000,18.8616,7.4530,25.3720,-6.2128,25.3720,-67.6339,-0.2564,failed_base
dev,5,G,2024-11-05,12:55,NIFTY,2024-11-07,CE,23900,ITM1,2,False,23936.8800,203.3000,170.1500,200.3000,0.0000,0.0000,1.2970,1.6780,200.3000,1,,,0.2436,0.2542,0.5354,-50.4387,,,,,9.4442,4.9506,9.4688,-9.3950,79.0949,-9.3950,0.1567,session_end
dev,5,G,2024-11-05,11:30,NIFTY,2024-11-07,PE,23900,OTM1,2,False,23932.1500,174.5500,118.7000,157.7000,0.0000,0.0000,2.2120,0.9190,157.7000,1,,,-0.2050,0.2588,-0.4690,-50.4483,80.7498,31.3913,,30.0000,17.3876,7.0438,22.9161,-5.8150,22.9161,-64.7379,-0.2564,failed_base
dev,5,G,2024-11-04,12:10,NIFTY,2024-11-07,CE,24000,ITM1,3,False,23903.1000,161.8000,131.0500,159.8000,0.0000,0.0000,1.3920,2.1120,159.8000,1,,,0.3126,0.2333,0.4298,-35.2805,34.9866,17.8067,,0.0000,-8.9308,-5.9626,4.7590,-11.2794,29.0791,-16.1928,-0.1812,failed_base
dev,5,G,2024-11-04,14:40,NIFTY,2024-11-07,CE,24000,ITM1,3,False,23958.5200,179.8000,139.3000,165.5000,0.0000,0.0000,1.9300,1.7720,165.5000,1,,,0.3333,0.2292,0.4709,-36.0282,,,,,11.7909,16.1598,14.9611,-4.8943,16.1568,-4.8943,0.2278,session_end
dev,5,G,2024-11-05,12:55,NIFTY,2024-11-07,CE,24000,ATM,2,False,23936.8800,152.0000,126.3000,149.3000,0.0000,0.0000,1.2510,1.3430,149.3000,1,,,0.2436,0.2503,0.4485,-49.3331,,,,,9.9013,6.4040,10.2632,-10.5263,90.0987,-10.5263,0.1567,session_end
dev,5,G,2024-11-05,11:30,NIFTY,2024-11-07,PE,24000,ATM,2,False,23932.1500,221.9000,156.5500,204.0500,0.0000,0.0000,1.6610,0.9180,204.0500,1,,,-0.1808,0.2526,-0.5538,-48.7794,72.3092,29.0454,,65.0000,16.4263,6.0598,21.2934,-4.9797,21.5638,-61.2663,-0.2564,failed_base
dev,5,G,2024-11-04,12:10,NIFTY,2024-11-07,CE,24100,ATM,3,False,23903.1000,120.4500,96.7500,119.5500,0.0000,0.0000,1.1410,1.8440,119.5500,1,,,0.3126,0.2298,0.3539,-32.5167,37.6744,19.3694,,0.0000,-9.5890,-7.1706,5.1889,-11.9137,30.4276,-17.3931,-0.1812,failed_base
dev,5,G,2024-11-04,14:40,NIFTY,2024-11-07,CE,24100,ATM,3,False,23958.5200,133.5000,102.2500,122.9500,0.0000,0.0000,1.6170,1.2740,122.9500,1,,,0.3333,0.2245,0.3905,-33.7673,,,,,13.3333,18.2257,16.3296,-5.3184,17.6779,-5.3184,0.2278,session_end
dev,5,G,2024-11-05,12:55,NIFTY,2024-11-07,CE,24100,OTM1,2,False,23936.8800,108.9500,89.3500,106.8500,0.0000,0.0000,1.1640,1.3570,106.8500,1,,,0.2436,0.2456,0.3613,-44.8765,,,,,10.2799,7.9909,10.9224,-11.7944,103.3961,-11.7944,0.1567,session_end
dev,5,G,2024-11-05,11:30,NIFTY,2024-11-07,PE,24100,ITM1,2,False,23932.1500,278.2500,203.3000,259.0000,0.0000,0.0000,1.5570,0.7530,259.0000,1,,,-0.2050,0.2469,-0.6395,-44.2035,63.8465,26.3284,,65.0000,15.5436,4.7400,19.2992,-4.6361,19.7125,-57.2686,-0.2564,failed_base
dev,5,G,2024-11-04,12:10,NIFTY,2024-11-07,CE,24200,OTM1,3,False,23903.1000,86.5000,69.1500,85.8500,0.0000,0.0000,1.5040,1.9870,85.8500,1,,,0.3126,0.2260,0.2813,-28.4233,39.3348,20.8095,,0.0000,-10.0578,-7.7334,5.2601,-13.1792,30.9249,-18.2659,-0.1812,failed_base
dev,5,G,2024-11-04,14:55,NIFTY,2024-11-07,CE,24200,OTM1,3,False,23984.3000,102.9000,73.9000,92.4500,0.0000,0.0000,1.3950,2.2740,92.4500,1,,,0.4875,0.2193,0.3303,-30.8214,,,,,4.4218,9.9457,10.0583,-6.8999,10.0583,-6.8999,0.1078,session_end
dev,5,G,2024-11-05,12:55,NIFTY,2024-11-07,CE,24200,OTM2,2,False,23936.8800,74.9000,60.8000,72.8000,0.0000,0.0000,1.6950,1.2720,72.8000,1,,,0.2436,0.2414,0.2785,-37.9277,30.5921,16.7506,,5.0000,9.9466,7.7258,11.0147,-13.2176,118.5581,-13.2176,0.1567,failed_base
dev,5,G,2024-11-06,12:00,NIFTY,2024-11-07,CE,24200,ITM1,1,False,24431.0600,257.9000,155.4000,218.9500,0.0000,0.0000,1.4690,1.8840,218.9500,1,,,0.3647,0.1915,0.8134,-26.6528,71.8147,22.7715,,10.0000,-10.0814,-11.4801,3.5285,-20.0465,36.4870,-20.0465,-0.1019,failed_base
dev,5,G,2024-11-06,14:00,NIFTY,2024-11-07,CE,24200,ITM1,1,False,24480.1700,292.0000,223.9500,278.8500,0.0000,0.0000,0.7280,0.7490,278.8500,1,,,0.2173,0.1730,0.8920,-11.8379,57.1779,28.5937,,30.0000,11.5240,12.2936,20.5479,-4.5205,20.5479,-16.1815,0.1468,failed_base
dev,5,G,2024-11-04,14:55,NIFTY,2024-11-07,CE,24300,OTM2,3,False,23984.3000,70.6500,50.8000,64.4000,0.0000,0.0000,1.3720,2.7070,64.4000,1,,,0.5219,0.2142,0.2542,-25.9422,,,,,5.3079,11.8820,10.5449,-7.3602,10.5449,-7.3602,0.1078,session_end
dev,5,G,2024-11-06,12:00,NIFTY,2024-11-07,CE,24300,ATM,1,False,24431.0600,179.4500,101.7500,149.6500,0.0000,0.0000,1.2660,1.5830,149.6500,1,,,0.3647,0.1849,0.6999,-45.4801,83.6855,28.2236,,10.0000,-12.5104,-13.7959,4.1516,-25.2438,44.9150,-25.2438,-0.1019,failed_base
dev,5,G,2024-11-06,14:00,NIFTY,2024-11-07,CE,24300,ATM,1,False,24480.1700,203.5000,148.6500,193.7000,0.0000,0.0000,0.7360,0.8470,193.7000,1,,,0.2173,0.1612,0.8031,-23.3338,74.9411,35.7816,,30.0000,15.0614,13.7171,27.7887,-6.2408,27.7887,-19.0418,0.1468,failed_base
dev,5,G,2024-11-07,13:50,NIFTY,2024-11-07,PE,24300,OTM2,0,False,24199.9500,102.4000,78.1000,100.8000,0.0000,0.0000,1.7090,1.8840,100.8000,1,,,-0.0941,0.2081,-0.9244,-2.3500,43.5339,17.9750,,0.0000,-4.9805,8.2510,0.8301,-10.6445,8.4473,-10.6445,0.0186,failed_base
dev,5,G,2024-11-06,12:00,NIFTY,2024-11-07,CE,24400,OTM1,1,False,24431.0600,118.3500,63.1000,96.3500,0.0000,0.0000,2.2580,2.1940,96.3500,1,,,0.3647,0.1871,0.5503,-64.3132,94.6117,24.9593,,5.0000,-15.5049,-18.3528,2.9151,-29.7000,51.0351,-29.7000,-0.1019,failed_base
dev,5,G,2024-11-06,14:00,NIFTY,2024-11-07,CE,24400,OTM1,1,False,24480.1700,131.0000,93.0000,125.6500,0.0000,0.0000,0.8840,0.9350,125.6500,1,,,0.2173,0.1616,0.6481,-49.4902,92.2043,31.0769,,30.0000,19.2366,16.7538,36.4504,-7.0611,36.4504,-22.9008,0.1468,failed_base
dev,5,G,2024-11-07,13:50,NIFTY,2024-11-07,PE,24400,OTM1,0,False,24199.9500,201.3000,173.3000,199.7000,0.0000,0.0000,1.4040,2.1380,199.7000,1,,,-0.0941,0.3181,-0.9695,-1.2500,22.1004,10.1134,,0.0000,-2.2106,-13.6856,0.3477,-5.9116,5.2658,-5.9116,0.0186,failed_base
dev,5,G,2024-11-06,12:00,NIFTY,2024-11-07,CE,24500,OTM2,1,False,24431.0600,72.6000,36.9000,58.3000,0.0000,0.0000,2.5060,2.0540,58.3000,1,,,0.3647,0.1892,0.3971,-60.3658,106.3686,30.6632,,5.0000,-17.9752,-21.8495,2.2727,-35.1240,57.6446,-35.1240,-0.1019,failed_base
dev,5,G,2024-11-06,14:00,NIFTY,2024-11-07,CE,24500,OTM2,1,False,24480.1700,77.8500,53.9500,76.2000,0.0000,0.0000,1.6230,1.5340,76.2000,1,,,0.3041,0.1658,0.4656,-65.1044,112.1409,36.6536,,30.0000,23.3141,25.3099,47.0135,-9.3770,47.0135,-27.4245,0.1468,failed_base
dev,5,G,2024-11-07,13:50,NIFTY,2024-11-07,PE,24500,ATM,0,False,24199.9500,301.1500,271.8500,299.8000,0.0000,0.0000,1.5720,1.9120,299.8000,1,,,-0.0941,0.4369,-0.9794,-1.1000,14.4749,6.9569,,0.0000,-1.5773,-0.1927,0.1826,-4.0013,3.3538,-4.0013,0.0186,failed_base
dev,5,G,2024-11-07,13:50,NIFTY,2024-11-07,PE,24600,ITM1,0,False,24199.9500,401.9500,371.2000,398.7500,0.0000,0.0000,1.0620,2.3550,398.7500,1,,,-0.0941,0.6053,-0.9750,-1.9000,10.8432,5.4563,,5.0000,-1.4678,0.3138,0.0000,-3.2218,2.1893,-3.2218,0.0186,failed_base
dev,5,G,2024-11-14,11:20,NIFTY,2024-11-14,PE,23400,OTM2,0,False,23493.6500,11.6000,5.1500,10.4500,0.0000,0.0000,2.1940,2.5860,10.4500,1,,,-0.5419,0.2118,-0.1930,-11.6000,233.0097,59.1837,,0.0000,-39.6552,-24.0466,18.9655,-51.2931,18.9655,-99.5690,0.0353,failed_base
dev,5,G,2024-11-13,13:00,NIFTY,2024-11-14,PE,23600,OTM2,1,False,23660.0700,68.9500,41.8000,66.2000,0.0000,0.0000,1.9190,1.4260,66.2000,1,,,-0.2650,0.1852,-0.3994,-60.2582,92.5837,33.5404,,20.0000,3.4083,9.9705,16.7513,-22.3350,104.7136,-37.9260,-0.0688,failed_base
dev,5,G,2024-11-13,13:00,NIFTY,2024-11-14,PE,23700,OTM1,1,False,23660.0700,117.1000,76.6000,110.6000,0.0000,0.0000,1.5670,1.2540,110.6000,1,,,-0.2650,0.1845,-0.5639,-63.4930,73.3029,28.2486,,20.0000,3.6294,9.6720,13.3646,-17.7626,82.3655,-33.9880,-0.0688,failed_base
dev,5,G,2024-11-13,14:30,NIFTY,2024-11-14,PE,23700,OTM1,1,False,23599.7200,151.8000,93.4000,132.7500,0.0000,0.0000,0.8640,1.2190,132.7500,1,,,-0.3255,0.1850,-0.6642,-51.2529,128.6403,,,45.0000,18.9723,20.9556,24.5718,-6.3241,40.6785,-15.9750,-0.1840,session_end
dev,5,G,2024-11-13,13:00,NIFTY,2024-11-14,PE,23800,ATM,1,False,23660.0700,181.5000,127.0000,168.8000,0.0000,0.0000,1.3330,1.1110,168.8000,1,,,-0.2650,0.1839,-0.7182,-40.7564,60.0787,24.4958,,20.0000,4.2424,8.7705,12.0110,-12.9201,64.7383,-29.1460,-0.0688,failed_base
dev,5,G,2024-11-13,14:30,NIFTY,2024-11-14,PE,23800,ATM,1,False,23599.7200,225.1000,150.9500,203.3000,0.0000,0.0000,0.9680,1.0550,203.3000,1,,,-0.3255,0.1831,-0.8047,-24.8200,98.0788,,,45.0000,15.7263,15.3573,19.4358,-4.9311,32.8299,-11.0618,-0.1840,session_end
dev,5,G,2024-11-08,11:35,NIFTY,2024-11-14,PE,23900,OTM2,6,True,24151.8100,70.4000,52.9000,67.0500,0.0000,0.0000,0.9920,1.2820,67.0500,1,,,-0.2134,0.1341,-0.2706,-11.5924,54.8204,19.9023,,35.0000,7.7415,11.0881,16.3352,-5.3977,16.3352,-30.1847,-0.1376,failed_base
dev,5,G,2024-11-08,14:25,NIFTY,2024-11-14,PE,23900,OTM2,6,True,24146.2900,60.2500,49.7000,59.2000,0.0000,0.0000,1.1260,1.2890,59.2000,1,,,-0.1343,0.1240,-0.2574,-10.5284,27.9678,22.7201,,20.0000,-10.2075,-4.2367,5.5602,-18.4232,17.7593,-18.4232,0.0892,failed_base
dev,5,G,2024-11-11,12:15,NIFTY,2024-11-14,PE,23900,OTM2,3,False,24258.9800,24.2500,15.7500,23.9000,0.0000,0.0000,2.1120,0.7510,23.9000,1,,,-0.1250,0.1500,-0.1402,-11.6554,88.8889,27.2269,155.8891,5.0000,1.8557,2.0924,44.1237,-5.9794,128.4536,-10.7216,-0.0421,next_wave
dev,5,G,2024-11-13,12:55,NIFTY,2024-11-14,PE,23900,ITM1,1,False,23664.8100,258.8000,195.9000,244.8000,0.0000,0.0000,0.7610,1.7100,244.8000,1,,,-0.2450,0.1919,-0.8236,-23.5874,46.7586,20.4696,,25.0000,1.3138,7.2160,11.0896,-8.1144,52.4343,-23.2419,-0.0370,failed_base
dev,5,G,2024-11-13,14:30,NIFTY,2024-11-14,PE,23900,ITM1,1,False,23599.7200,312.9000,228.6500,287.5000,0.0000,0.0000,1.1820,1.4600,287.5000,1,,,-0.3255,0.1916,-0.8905,-12.6208,72.5344,,,45.0000,12.5919,10.5004,15.6600,-3.9789,26.0786,-7.9578,-0.1840,session_end
dev,5,G,2024-11-08,13:20,NIFTY,2024-11-14,CE,24000,ITM1,6,True,24178.7700,260.3000,213.1500,255.9000,0.0000,0.0000,0.9740,1.4820,255.9000,1,,,0.0880,0.1249,0.6793,-11.7924,29.9554,10.8123,,15.0000,-4.3796,-4.7176,6.4157,-6.2620,6.4157,-14.7906,-0.0416,failed_base
dev,5,G,2024-11-08,11:30,NIFTY,2024-11-14,PE,24000,OTM1,6,True,24157.5000,95.2000,74.9500,93.0000,0.0000,0.0000,1.4470,0.6600,93.0000,1,,,-0.2972,0.1298,-0.3456,-12.6070,52.1681,20.0789,,40.0000,16.5966,17.0191,18.1197,-2.2059,19.8004,-23.3718,-0.1925,failed_base
dev,5,G,2024-11-08,14:25,NIFTY,2024-11-14,PE,24000,OTM1,6,True,24146.2900,87.5500,73.0000,86.3000,0.0000,0.0000,1.3460,1.7430,86.3000,1,,,-0.1343,0.1210,-0.3449,-11.8674,26.3699,20.9214,,20.0000,-9.1947,-3.5989,5.3684,-16.6762,15.3626,-16.6762,0.0892,failed_base
dev,5,G,2024-11-12,12:50,NIFTY,2024-11-14,PE,24000,OTM2,2,False,23999.1900,120.7000,48.9500,69.7500,0.0000,0.0000,6.1430,4.7550,69.7500,1,,,-0.5083,0.1653,-0.4984,-33.0073,220.9397,32.6225,,60.0000,10.8534,16.1710,20.1326,-22.9495,59.9006,-22.9495,-0.1344,next_wave
dev,5,G,2024-11-08,13:20,NIFTY,2024-11-14,CE,24100,ATM,6,True,24178.7700,194.8000,155.0500,191.4500,0.0000,0.0000,1.2300,1.7430,191.4500,1,,,0.0880,0.1225,0.5841,-12.7253,35.8272,13.3428,,15.0000,-5.5185,-6.8918,8.1109,-7.5975,8.1109,-17.5565,-0.0416,failed_base
dev,5,G,2024-11-08,11:30,NIFTY,2024-11-14,PE,24100,ATM,6,True,24157.5000,130.4500,104.6500,126.9500,0.0000,0.0000,1.5870,0.8720,126.9500,1,,,-0.2972,0.1260,-0.4385,-13.1608,48.6861,20.7262,,40.0000,15.9065,16.9512,17.6696,-1.8398,19.2794,-19.7010,-0.1925,failed_base
dev,5,G,2024-11-08,14:25,NIFTY,2024-11-14,PE,24100,ATM,6,True,24146.2900,124.0000,104.7500,122.8000,0.0000,0.0000,1.2440,1.7990,122.8000,1,,,-0.1343,0.1180,-0.4462,-12.4877,24.5823,19.0038,,20.0000,-7.6613,-1.4402,5.2419,-14.7581,13.1855,-14.7581,0.0892,failed_base
dev,5,G,2024-11-12,12:50,NIFTY,2024-11-14,PE,24100,OTM1,2,False,23999.1900,179.0000,82.6500,114.9500,0.0000,0.0000,2.6960,3.6420,114.9500,1,,,-0.5083,0.1673,-0.6264,-31.0679,175.9831,27.3564,,60.0000,8.8827,14.0472,17.6536,-19.8045,52.1788,-19.8045,-0.1344,next_wave
dev,5,G,2024-11-08,13:20,NIFTY,2024-11-14,CE,24200,OTM1,6,True,24178.7700,139.8000,108.4500,135.9000,0.0000,0.0000,1.3660,2.0140,135.9000,1,,,0.1116,0.1206,0.4801,-12.8356,39.9723,14.7563,,15.0000,-6.9742,-9.8337,8.5837,-9.2632,8.5837,-20.7439,-0.0416,failed_base
dev,5,G,2024-11-08,11:30,NIFTY,2024-11-14,PE,24200,ITM1,6,True,24157.5000,176.0000,143.3000,172.2500,0.0000,0.0000,1.0120,0.8330,172.2500,1,,,-0.2972,0.1228,-0.5401,-12.9100,44.6615,18.1621,,50.0000,14.9432,16.9704,16.4205,-1.4773,17.7841,-16.5341,-0.1925,failed_base
dev,5,G,2024-11-08,14:25,NIFTY,2024-11-14,PE,24200,ITM1,6,True,24146.2900,171.4500,146.9000,169.8000,0.0000,0.0000,1.0620,1.6250,169.8000,1,,,-0.1343,0.1154,-0.5559,-12.1851,21.9877,17.1317,,20.0000,-6.7658,-1.1039,4.5203,-13.3858,11.1111,-13.3858,0.0892,failed_base
dev,5,G,2024-11-12,12:50,NIFTY,2024-11-14,PE,24200,ATM,2,False,23999.1900,248.3000,133.9500,171.8000,0.0000,0.0000,2.0320,2.8790,171.8000,1,,,-0.5083,0.1679,-0.7407,-25.1066,131.4296,22.2581,,60.0000,9.2429,14.4325,15.7672,-15.3645,44.5832,-15.3645,-0.1344,next_wave
dev,5,G,2024-11-08,13:20,NIFTY,2024-11-14,CE,24300,OTM2,6,True,24178.7700,95.6000,72.0000,92.3000,0.0000,0.0000,1.2800,2.4820,92.3000,1,,,0.1116,0.1189,0.3748,-11.9931,47.5694,18.1176,,15.0000,-8.5774,-11.0723,11.1402,-11.0879,11.1402,-25.4707,-0.0416,failed_base
dev,5,G,2024-11-12,12:50,NIFTY,2024-11-14,PE,24300,ITM1,2,False,23999.1900,328.6500,197.3000,244.9500,0.0000,0.0000,2.9470,2.9560,244.9500,1,,,-0.5083,0.1702,-0.8301,-18.1443,102.4835,18.8986,,60.0000,8.5045,12.9903,14.1031,-12.1101,37.1368,-12.1101,-0.1344,next_wave
dev,5,G,2024-11-18,14:35,NIFTY,2024-11-21,PE,23300,OTM2,3,False,23411.4000,78.1000,48.5500,66.3000,0.0000,0.0000,2.6400,1.7130,66.3000,1,,,-0.2294,0.1483,-0.3595,-21.1278,70.3399,34.5224,,5.0000,-21.6389,-14.5004,2.6248,-32.1383,2.6248,-35.2113,0.1562,failed_base
dev,5,G,2024-11-18,12:05,NIFTY,2024-11-21,CE,23400,ITM1,3,False,23470.9300,168.0000,114.8000,160.0000,0.0000,0.0000,1.3060,1.1470,160.0000,1,,,0.2287,0.1493,0.5888,-21.9005,119.4251,38.1302,,35.0000,32.5893,29.3199,49.9405,-1.4583,49.9405,-26.0119,0.3530,failed_base
dev,5,G,2024-11-18,14:35,NIFTY,2024-11-21,PE,23400,OTM1,3,False,23411.4000,117.7500,76.3500,102.6500,0.0000,0.0000,2.8880,1.9110,102.6500,1,,,-0.2294,0.1449,-0.4824,-22.2859,61.5586,29.5906,,5.0000,-17.5796,-9.8213,3.1423,-27.9830,3.1423,-31.0403,0.1562,failed_base
dev,5,G,2024-11-19,14:15,NIFTY,2024-11-21,PE,23400,OTM2,2,False,23695.8600,16.5000,9.9000,12.5500,0.0000,0.0000,9.3120,6.8680,12.5500,1,,,-0.2692,0.1472,-0.1262,-12.0773,74.2424,28.4058,557.0850,5.0000,0.6061,-10.9421,13.9394,-25.1515,467.5758,-25.1515,-0.0491,next_wave
dev,5,G,2024-11-21,13:05,NIFTY,2024-11-21,PE,23400,ATM,0,False,23317.3000,86.6500,60.8000,85.0000,0.0000,0.0000,1.8870,2.8130,85.0000,1,,,-0.0514,0.1788,-0.8831,-3.9522,62.8289,22.2222,,5.0000,-25.4472,-21.1921,1.2118,-29.2556,1.2118,-43.7969,0.1089,failed_base
dev,5,G,2024-11-18,12:05,NIFTY,2024-11-21,CE,23500,ATM,3,False,23470.9300,114.0000,73.7000,107.0500,0.0000,0.0000,2.0260,1.2710,107.0500,1,,,0.2287,0.1473,0.4664,-22.1849,146.6079,43.3287,,35.0000,38.5088,35.7433,59.4298,-2.5877,59.4298,-31.7105,0.3530,failed_base
dev,5,G,2024-11-19,10:35,NIFTY,2024-11-21,CE,23500,ITM1,2,False,23727.3000,257.3500,182.5500,247.9500,0.0000,0.0000,0.4310,0.8100,247.9500,1,,,0.2559,0.1472,0.8013,-17.4128,68.0362,25.5094,,80.0000,1.4960,-0.6174,7.4024,-11.5407,19.1956,-67.7676,0.0264,failed_base
dev,5,G,2024-11-18,14:35,NIFTY,2024-11-21,PE,23500,ATM,3,False,23411.4000,171.4000,114.8500,149.8500,0.0000,0.0000,1.7870,1.3630,149.8500,1,,,-0.2294,0.1430,-0.6111,-20.9558,55.8119,26.0967,,5.0000,-15.3734,-9.3776,2.2754,-24.6208,2.2754,-27.7130,0.1562,failed_base
dev,5,G,2024-11-19,14:15,NIFTY,2024-11-21,PE,23500,OTM1,2,False,23695.8600,31.4500,17.6000,22.1000,0.0000,0.0000,9.0850,6.8920,22.1000,1,,,-0.2692,0.1423,-0.2167,-18.7463,87.5000,27.4242,50.9395,5.0000,2.8617,-8.6972,14.9444,-23.8474,353.7361,-23.8474,-0.0491,next_wave
dev,5,G,2024-11-21,13:05,NIFTY,2024-11-21,PE,23500,ITM1,0,False,23317.3000,184.7500,153.3000,181.7000,0.0000,0.0000,1.7080,2.7210,181.7000,1,,,-0.0641,0.2788,-0.9538,-2.0522,29.0933,12.1526,,5.0000,-13.0176,-12.3763,0.4330,-15.3992,0.4330,-19.6752,0.1089,failed_base
dev,5,G,2024-11-18,12:05,NIFTY,2024-11-21,CE,23600,OTM1,3,False,23470.9300,70.2000,44.1500,65.7500,0.0000,0.0000,1.6560,1.0540,65.7500,1,,,0.2287,0.1426,0.3415,-19.5007,183.0125,49.7799,,35.0000,48.7179,43.5451,77.9915,-1.5670,77.9915,-34.7578,0.3530,failed_base
dev,5,G,2024-11-19,10:35,NIFTY,2024-11-21,CE,23600,ATM,2,False,23727.3000,178.5000,118.6000,172.1500,0.0000,0.0000,0.8960,2.0330,172.1500,1,,,0.2559,0.1398,0.6913,-22.6426,87.0152,31.0866,,80.0000,1.8487,1.1363,9.6639,-13.5854,24.2577,-73.4174,0.0264,failed_base
dev,5,G,2024-11-18,14:35,NIFTY,2024-11-21,PE,23600,ITM1,3,False,23411.4000,236.2500,166.7000,210.9000,0.0000,0.0000,1.7710,1.2390,210.9000,1,,,-0.2294,0.1392,-0.7338,-16.8419,46.7307,21.7294,,5.0000,-12.3386,-13.4376,2.3280,-20.9524,2.3280,-23.8095,0.1562,failed_base
dev,5,G,2024-11-19,14:15,NIFTY,2024-11-21,PE,23600,ATM,2,False,23695.8600,57.6000,32.8500,40.9000,0.0000,0.0000,7.2730,5.3630,40.9000,1,,,-0.2692,0.1388,-0.3464,-25.0735,80.8219,24.4949,,5.0000,1.9965,-10.5827,12.4132,-22.1354,261.7188,-22.1354,-0.0491,next_wave
dev,5,G,2024-11-18,12:05,NIFTY,2024-11-21,CE,23700,OTM2,3,False,23470.9300,40.9000,25.2000,37.8000,0.0000,0.0000,1.9400,1.2060,37.8000,1,,,0.2287,0.1409,0.2306,-15.3421,213.0952,55.8302,,35.0000,56.8460,50.2608,92.9095,-2.8117,92.9095,-39.1198,0.3530,failed_base
dev,5,G,2024-11-19,10:35,NIFTY,2024-11-21,CE,23700,OTM1,2,False,23727.3000,112.4000,68.6500,109.7500,0.0000,0.0000,1.0850,2.2840,109.7500,1,,,0.2559,0.1335,0.5460,-25.3677,113.1100,26.7259,,80.0000,2.3132,2.2695,11.9217,-16.9929,30.1601,-77.7580,0.0264,failed_base
dev,5,G,2024-11-19,14:10,NIFTY,2024-11-21,PE,23700,ITM1,2,False,23705.4400,92.5500,60.1500,72.9500,0.0000,0.0000,4.9660,1.7290,72.9500,1,,,-0.2073,0.1343,-0.4887,-26.9706,67.3317,22.0070,,10.0000,5.4565,-6.5745,17.3960,-15.1810,211.1831,-15.1810,-0.0647,next_wave
dev,5,G,2024-11-22,11:45,NIFTY,2024-11-28,CE,23300,ITM1,6,True,23581.2800,377.0000,301.3500,376.0000,0.0000,0.0000,1.1390,1.4850,376.0000,1,,,0.0076,0.1705,0.7091,-14.8807,123.2288,14.4567,,165.0000,19.6286,14.4692,27.1618,-0.0796,88.2891,-0.0796,0.3549,session_end
dev,5,G,2024-11-22,11:45,NIFTY,2024-11-28,CE,23400,ATM,6,True,23581.2800,305.5500,237.7000,303.1500,0.0000,0.0000,1.0710,1.2720,303.1500,1,,,0.0076,0.1664,0.6429,-15.9462,146.5923,15.7212,,165.0000,22.6968,17.2734,31.2878,-0.6873,103.7801,-0.6873,0.3549,session_end
dev,5,G,2024-11-22,11:45,NIFTY,2024-11-28,CE,23500,OTM1,6,True,23581.2800,240.1000,181.5500,237.6500,0.0000,0.0000,0.9650,1.5010,237.6500,1,,,0.0076,0.1616,0.5689,-16.4100,177.6646,18.1611,,165.0000,26.5306,18.6500,37.4427,-0.6039,123.5527,-0.6039,0.3549,session_end
dev,5,G,2024-11-22,11:45,NIFTY,2024-11-28,CE,23600,OTM2,6,True,23581.2800,182.4000,133.7500,180.4500,0.0000,0.0000,1.1470,1.3400,180.4500,1,,,0.0076,0.1569,0.4880,-16.2074,217.6075,19.8917,,165.0000,31.8805,22.2493,44.6272,-0.2193,149.7259,-0.2193,0.3549,session_end
dev,5,G,2024-11-27,12:25,NIFTY,2024-11-28,CE,24100,ITM1,1,False,24277.4200,204.1500,129.3000,156.9500,0.0000,0.0000,2.8540,1.6580,156.9500,1,,,0.2690,0.1652,0.7889,-26.5131,131.9412,,,95.0000,16.5809,13.8579,28.1166,-6.0495,46.9018,-6.0495,0.1686,session_end
dev,5,G,2024-11-25,11:55,NIFTY,2024-11-28,PE,24100,OTM2,3,False,24295.9900,73.6500,58.6500,73.1500,0.0000,0.0000,1.5370,1.9640,73.1500,1,,,-0.1286,0.1695,-0.3006,-22.5022,41.9437,20.2402,,15.0000,-1.8330,4.7173,13.0346,-11.8805,102.6477,-11.8805,-0.0125,failed_base
dev,5,G,2024-11-26,12:30,NIFTY,2024-11-28,PE,24100,OTM2,2,False,24159.3500,97.9500,63.4500,86.6500,0.0000,0.0000,2.8290,4.6610,86.6500,1,,,-0.1609,0.1708,-0.4224,-33.3165,69.1095,25.2563,,0.0000,-18.1215,-14.1262,9.0863,-26.2379,9.0863,-52.0163,0.1232,failed_base
dev,5,G,2024-11-28,14:20,NIFTY,2024-11-28,PE,24100,OTM2,0,False,23918.6000,191.8000,96.7000,153.8000,0.0000,0.0000,0.9120,3.4120,153.8000,1,,,-0.2642,0.5798,-0.8699,-10.4011,182.8852,69.9141,,0.0000,-2.9197,18.5703,9.5673,-48.0709,15.8759,-48.0709,-0.0134,failed_base
dev,5,G,2024-11-25,11:10,NIFTY,2024-11-28,CE,24200,ITM1,3,False,24349.1300,241.1000,188.8000,238.1000,0.0000,0.0000,0.8820,1.3150,238.1000,1,,,0.2688,0.1719,0.6517,-24.4169,34.7458,14.8192,,5.0000,-12.9614,-11.6715,3.7744,-14.9730,3.7744,-50.0622,-0.1643,failed_base
dev,5,G,2024-11-25,14:45,NIFTY,2024-11-28,CE,24200,ITM1,3,False,24269.5300,182.9000,131.6500,165.6000,0.0000,0.0000,1.6920,1.8670,165.6000,1,,,0.3122,0.1653,0.5782,-25.7908,48.3479,27.3682,,10.0000,-4.4013,0.5127,6.7797,-22.4440,6.7797,-22.4440,-0.0153,failed_base
dev,5,G,2024-11-26,14:05,NIFTY,2024-11-28,CE,24200,ITM1,2,False,24214.8700,125.4500,98.2500,120.5500,0.0000,0.0000,1.8220,2.2970,120.5500,1,,,0.2272,0.1626,0.5223,-33.2614,57.2519,25.9547,,60.0000,-2.3515,3.6154,3.4277,-12.9135,23.1566,-15.5042,0.0178,failed_base
dev,5,G,2024-11-27,12:25,NIFTY,2024-11-28,CE,24200,ATM,1,False,24277.4200,132.0500,72.6500,92.0500,0.0000,0.0000,3.6260,1.7910,92.0500,1,,,0.2690,0.1637,0.6388,-48.8942,192.5671,,,95.0000,18.6293,15.8920,34.0401,-8.9739,60.9618,-8.9739,0.1686,session_end
dev,5,G,2024-11-25,11:55,NIFTY,2024-11-28,PE,24200,OTM1,3,False,24295.9900,106.2000,84.3500,104.3500,0.0000,0.0000,1.6050,1.8360,104.3500,1,,,-0.1286,0.1662,-0.3956,-24.9319,41.1381,19.1096,,15.0000,-1.8832,0.0296,12.0998,-11.6290,87.5706,-11.6290,-0.0125,failed_base
dev,5,G,2024-11-26,12:30,NIFTY,2024-11-28,PE,24200,OTM1,2,False,24159.3500,142.7000,98.7500,130.7000,0.0000,0.0000,1.4460,3.0990,130.7000,1,,,-0.1609,0.1649,-0.5505,-32.6182,58.9873,22.0064,,0.0000,-14.7512,-19.8235,8.5494,-21.6538,8.5494,-46.4611,0.1232,failed_base
dev,5,G,2024-11-28,14:20,NIFTY,2024-11-28,PE,24200,OTM1,0,False,23918.6000,286.3000,166.2000,244.8000,0.0000,0.0000,1.1840,3.1520,244.8000,1,,,-0.2642,0.6587,-0.9376,-4.9011,121.9916,56.2407,,0.0000,-0.2620,34.4946,6.4094,-34.2822,12.1551,-34.2822,-0.0134,failed_base
dev,5,G,2024-11-25,11:10,NIFTY,2024-11-28,CE,24300,ATM,3,False,24349.1300,178.9000,136.5000,177.0000,0.0000,0.0000,1.2940,1.6500,177.0000,1,,,0.2688,0.1691,0.5537,-26.0458,39.5971,16.9772,,5.0000,-14.6171,-12.8794,4.1084,-16.9648,4.1084,-54.7513,-0.1643,failed_base
dev,5,G,2024-11-25,14:45,NIFTY,2024-11-28,CE,24300,ATM,3,False,24269.5300,128.0500,88.1000,114.9500,0.0000,0.0000,1.7000,1.5560,114.9500,1,,,0.3122,0.1618,0.4688,-25.7641,57.2077,31.0469,,10.0000,-6.4428,-0.9503,8.1609,-25.4198,8.1609,-25.4198,-0.0153,failed_base
dev,5,G,2024-11-26,14:05,NIFTY,2024-11-28,CE,24300,ATM,2,False,24214.8700,76.5000,58.1500,74.1000,0.0000,0.0000,1.5120,2.0670,74.1000,1,,,0.2272,0.1569,0.3851,-30.3129,69.3895,30.3046,,60.0000,-2.8758,4.2867,4.3137,-13.7908,28.7582,-18.1046,0.0178,failed_base
dev,5,G,2024-11-27,12:25,NIFTY,2024-11-28,CE,24300,OTM1,1,False,24277.4200,75.9500,36.3000,48.1000,0.0000,0.0000,7.7540,2.2670,48.1000,1,,,0.2690,0.1611,0.4603,-56.5834,276.7218,,,95.0000,21.7907,19.2261,42.7913,-10.9941,80.0527,-11.9157,0.1686,session_end
dev,5,G,2024-11-25,11:55,NIFTY,2024-11-28,PE,24300,ATM,3,False,24295.9900,149.4000,119.3500,146.2000,0.0000,0.0000,1.6680,2.3980,146.2000,1,,,-0.1286,0.1638,-0.5010,-25.6040,39.0029,16.8776,,15.0000,-0.9705,-0.6564,11.0442,-9.8728,72.9585,-10.3079,-0.0125,failed_base
dev,5,G,2024-11-25,13:00,NIFTY,2024-11-28,PE,24300,ATM,3,False,24153.2700,233.2000,134.6500,165.9000,0.0000,0.0000,4.0260,3.6170,165.9000,1,,,-0.6498,0.1667,-0.6500,-23.8402,91.9049,39.4737,,5.0000,-19.9614,-26.8645,10.6346,-23.2204,10.6346,-42.5386,0.2939,failed_base
dev,5,G,2024-11-26,12:30,NIFTY,2024-11-28,PE,24300,ATM,2,False,24159.3500,203.1000,147.8500,188.0000,0.0000,0.0000,1.6230,2.5120,188.0000,1,,,-0.1609,0.1626,-0.6775,-28.0837,47.2100,17.9876,,0.0000,-12.3831,-16.2871,6.8193,-18.8823,7.4348,-40.9158,0.1232,failed_base
dev,5,G,2024-11-28,14:20,NIFTY,2024-11-28,PE,24300,ATM,0,False,23918.6000,383.9500,271.1000,341.8000,0.0000,0.0000,0.9900,3.2220,341.8000,1,,,-0.3242,0.7391,-0.9679,-2.5511,70.6013,45.2108,,0.0000,0.4037,28.9289,5.1309,-25.8497,10.0013,-25.8497,-0.0134,failed_base
dev,5,G,2024-11-25,14:45,NIFTY,2024-11-28,CE,24400,OTM1,3,False,24269.5300,84.0500,56.8500,75.4000,0.0000,0.0000,2.2120,1.9160,75.4000,1,,,0.3122,0.1580,0.3573,-23.2684,62.7968,34.1977,,10.0000,-7.4360,-2.1082,10.1130,-27.5431,10.1130,-27.5431,-0.0153,failed_base
dev,5,G,2024-11-26,14:05,NIFTY,2024-11-28,CE,24400,OTM1,2,False,24214.8700,43.2000,31.4500,40.5000,0.0000,0.0000,1.3800,1.8200,40.5000,1,,,0.2272,0.1542,0.2572,-23.5343,81.7170,35.2581,,60.0000,-5.4398,5.7709,2.1991,-16.8981,32.2917,-22.5694,0.0178,failed_base
dev,5,G,2024-11-27,12:25,NIFTY,2024-11-28,CE,24400,OTM2,1,False,24277.4200,39.1500,16.7000,22.9500,0.0000,0.0000,6.2270,2.0300,22.9500,1,,,0.2690,0.1613,0.2886,-37.6832,359.8802,,,95.0000,21.2005,19.7218,47.6373,-14.5594,96.1686,-26.6922,0.1686,session_end
dev,5,G,2024-11-25,11:55,NIFTY,2024-11-28,PE,24400,ITM1,3,False,24295.9900,204.9500,165.9500,199.7000,0.0000,0.0000,1.5530,2.7510,199.7000,1,,,-0.1286,0.1632,-0.6077,-24.3575,35.4022,15.1758,,15.0000,-0.9271,0.0958,9.6365,-8.9046,61.2344,-8.9046,-0.0125,failed_base
dev,5,G,2024-11-25,13:00,NIFTY,2024-11-28,PE,24400,ITM1,3,False,24153.2700,306.0000,186.7000,224.7000,0.0000,0.0000,3.3640,3.4970,224.7000,1,,,-0.6498,0.1702,-0.7384,-20.7640,76.9952,35.7543,,10.0000,-18.8399,-25.1277,7.9902,-21.8954,7.9902,-38.5784,0.2939,failed_base
dev,5,G,2024-11-26,12:30,NIFTY,2024-11-28,PE,24400,ITM1,2,False,24159.3500,273.8500,211.0500,259.0000,0.0000,0.0000,1.1040,2.1570,259.0000,1,,,-0.1609,0.1570,-0.7940,-19.7639,38.7349,15.3005,,0.0000,-9.6221,-12.1372,6.1895,-14.8256,7.6684,-34.6905,0.1232,failed_base
dev,5,G,2024-11-28,12:45,NIFTY,2024-11-28,PE,24400,ITM1,0,False,24029.5500,374.9000,291.8500,374.0500,0.0000,0.0000,0.5430,1.4160,374.0500,1,,,-0.1158,0.5192,-0.9514,-4.4486,51.1050,21.8254,,40.0000,13.6970,15.1477,17.1646,-2.0539,50.7602,-15.1774,-0.2191,failed_base
dev,5,G,2024-11-25,14:45,NIFTY,2024-11-28,CE,24500,OTM2,3,False,24269.5300,52.6500,34.7000,47.0000,0.0000,0.0000,2.0460,2.1350,47.0000,1,,,0.3122,0.1562,0.2555,-19.1791,68.7320,26.9855,,10.0000,-10.1614,-4.0054,11.2061,-30.1994,11.2061,-30.1994,-0.0153,failed_base
dev,5,G,2024-11-26,14:05,NIFTY,2024-11-28,CE,24500,OTM2,2,False,24214.8700,22.2000,16.4000,21.1500,0.0000,0.0000,1.4180,1.7980,21.1500,1,,,0.2272,0.1523,0.1544,-15.2943,88.4146,38.1877,,60.0000,-5.6306,6.6565,2.9279,-16.2162,39.1892,-22.0721,0.0178,failed_base
dev,5,G,2024-11-29,13:25,NIFTY,2024-12-05,CE,23900,ITM1,6,True,24201.1600,368.3000,308.1500,339.7000,0.0000,0.0000,1.7320,0.6780,339.7000,1,,,0.1969,0.1447,0.7507,-11.9631,24.1279,16.2745,,45.0000,-2.5115,-2.7829,1.7241,-5.9734,9.0687,-13.7252,-0.0327,failed_base
dev,5,G,2024-12-02,12:35,NIFTY,2024-12-05,CE,23900,ITM1,3,False,24219.1600,380.5500,322.8000,364.0000,0.0000,0.0000,1.6770,2.2860,364.0000,1,,,0.1702,0.1998,0.7660,-22.7173,22.1964,10.7491,,5.0000,-2.5095,0.8509,1.8394,-6.1884,27.9989,-10.7345,-0.0609,failed_base
dev,5,G,2024-12-02,14:05,NIFTY,2024-12-05,CE,23900,ITM1,3,False,24304.1600,451.2500,339.7000,387.5500,0.0000,0.0000,3.5390,3.1060,387.5500,1,,,0.3369,0.2073,0.8136,-20.3046,43.3912,,,50.0000,5.5402,8.0632,6.5042,-3.1801,7.9446,-4.0443,0.1206,session_end
dev,5,G,2024-11-29,10:40,NIFTY,2024-12-05,CE,24000,ATM,6,True,24152.9100,287.3500,205.8500,268.8500,0.0000,0.0000,0.8520,1.8260,268.8500,1,,,0.2245,0.1614,0.6219,-16.1164,47.6803,20.4934,,10.0000,-1.5486,-0.2950,5.7943,-7.3604,12.4065,-17.5570,0.0352,failed_base
dev,5,G,2024-11-29,13:25,NIFTY,2024-12-05,CE,24000,ATM,6,True,24201.1600,292.7000,240.4500,268.0500,0.0000,0.0000,1.9550,1.1900,268.0500,1,,,0.1969,0.1404,0.6799,-13.2560,27.6773,17.8664,,45.0000,-3.0065,-4.2679,2.0499,-6.7475,10.3519,-15.5791,-0.0327,failed_base
dev,5,G,2024-12-02,12:35,NIFTY,2024-12-05,CE,24000,ATM,3,False,24219.1600,304.5000,251.5500,287.9500,0.0000,0.0000,1.6540,2.0690,287.9500,1,,,0.1702,0.1951,0.6956,-26.0602,26.1181,12.2143,,5.0000,-3.8424,-1.0083,2.2824,-6.7980,32.4631,-12.2660,-0.0609,failed_base
dev,5,G,2024-11-29,13:25,NIFTY,2024-12-05,CE,24100,OTM1,6,True,24201.1600,225.2000,180.9000,205.6000,0.0000,0.0000,2.6220,1.0320,205.6000,1,,,0.1969,0.1367,0.5965,-14.1035,29.0768,19.1435,,45.0000,-3.7744,-6.4518,2.7975,-8.0595,11.0124,-17.5178,-0.0327,failed_base
dev,5,G,2024-12-02,12:35,NIFTY,2024-12-05,CE,24100,OTM1,3,False,24219.1600,235.1500,188.0000,218.9000,0.0000,0.0000,1.2660,1.9360,218.9000,1,,,0.1702,0.1897,0.6137,-28.2442,31.3830,14.0486,,5.0000,-4.0187,-1.2348,2.7004,-8.1650,37.3591,-14.0761,-0.0609,failed_base
dev,5,G,2024-12-03,12:30,NIFTY,2024-12-05,PE,24100,OTM2,2,False,24409.1900,48.0000,37.5000,46.5000,0.0000,0.0000,1.9790,1.8830,46.5000,1,,,-0.1511,0.2117,-0.2126,-27.8307,38.0000,14.7826,,5.0000,-12.5000,-16.1988,0.7292,-17.5000,1.2500,-33.1250,0.1108,failed_base
dev,5,G,2024-11-29,13:25,NIFTY,2024-12-05,CE,24200,OTM2,6,True,24201.1600,167.6000,130.5000,150.8500,0.0000,0.0000,2.6150,1.0370,150.8500,1,,,0.1969,0.1341,0.5040,-14.3074,32.7203,21.5358,,45.0000,-4.9224,-7.1523,2.4761,-9.7852,10.9785,-20.7041,-0.0327,failed_base
dev,5,G,2024-12-02,12:35,NIFTY,2024-12-05,CE,24200,OTM2,3,False,24219.1600,175.3000,134.6500,160.8000,0.0000,0.0000,2.2780,2.8810,160.8000,1,,,0.1702,0.1855,0.5215,-29.0059,37.3932,15.8378,,5.0000,-4.8774,-4.5840,3.0234,-9.4410,42.4701,-16.2293,-0.0609,failed_base
dev,5,G,2024-12-02,14:05,NIFTY,2024-12-05,CE,24200,OTM2,3,False,24304.1600,224.9000,146.8500,180.6000,0.0000,0.0000,2.9470,3.0260,180.6000,1,,,0.3369,0.1895,0.6008,-28.9811,70.0715,,,50.0000,8.0258,14.4302,9.7821,-4.6910,11.0494,-8.7594,0.1206,session_end
dev,5,G,2024-12-03,10:30,NIFTY,2024-12-05,CE,24200,ITM1,2,False,24410.0500,279.3000,210.0000,253.9500,0.0000,0.0000,0.9290,1.0100,253.9500,1,,,0.3988,0.2013,0.7119,-32.1281,47.0000,12.7308,23.5709,60.0000,3.1149,5.1181,6.3373,-3.0612,19.1908,-3.5446,0.0561,next_wave
dev,5,G,2024-12-03,12:30,NIFTY,2024-12-05,PE,24200,OTM1,2,False,24409.1900,68.0000,53.3000,65.8500,0.0000,0.0000,1.5110,1.6510,65.8500,1,,,-0.1511,0.2027,-0.2862,-33.0310,35.8349,17.4033,,5.0000,-11.7647,-16.3802,0.5882,-17.1324,1.2500,-31.4706,0.1108,failed_base
dev,5,G,2024-12-03,10:30,NIFTY,2024-12-05,CE,24300,ATM,2,False,24410.0500,207.4000,152.3000,188.0000,0.0000,0.0000,1.1850,1.3320,188.0000,1,,,0.3988,0.1930,0.6209,-35.6779,52.2324,14.6647,28.7339,60.0000,3.1823,5.0018,7.2324,-3.9055,22.8062,-4.6046,0.0561,next_wave
dev,5,G,2024-12-03,12:30,NIFTY,2024-12-05,PE,24300,ATM,2,False,24409.1900,95.2500,76.0500,92.9000,0.0000,0.0000,1.9680,1.9230,92.9000,1,,,-0.1511,0.1933,-0.3776,-36.6135,31.8212,15.2120,,5.0000,-11.4436,-15.2205,0.4724,-16.4829,0.9449,-29.9213,0.1108,failed_base
dev,5,G,2024-12-04,12:05,NIFTY,2024-12-05,PE,24300,OTM2,1,False,24387.9700,93.2000,39.0000,48.9500,0.0000,0.0000,6.0690,11.3830,48.9500,1,,,-0.5537,0.2440,-0.3929,-77.8061,207.0513,63.2568,,0.0000,-36.8026,-39.2717,4.3455,-40.5579,4.3455,-60.3541,0.3203,failed_base
dev,5,G,2024-12-05,11:25,NIFTY,2024-12-05,PE,24300,OTM2,0,False,24331.8500,126.7500,81.4000,114.0500,0.0000,0.0000,0.9210,0.8880,114.0500,1,,,-0.3330,0.6785,-0.4615,-125.9146,70.4545,30.3063,,25.0000,-3.2347,23.1747,9.4675,-9.0730,9.4675,-99.9606,0.0469,failed_base
dev,5,G,2024-12-03,10:30,NIFTY,2024-12-05,CE,24400,OTM1,2,False,24410.0500,145.8500,105.2500,128.7500,0.0000,0.0000,2.6410,2.6070,128.7500,1,,,0.3988,0.1860,0.5140,-36.6006,55.8195,16.4939,34.9398,60.0000,3.2568,6.3648,8.3305,-5.0051,26.7055,-6.1022,0.0561,next_wave
dev,5,G,2024-12-04,13:40,NIFTY,2024-12-05,CE,24400,ITM1,1,False,24511.9300,185.5500,129.5000,162.8500,0.0000,0.0000,0.9520,2.3160,162.8500,1,,,0.1874,0.2293,0.6456,-70.5069,51.9691,26.2195,,35.0000,-1.0240,-3.0361,6.0631,-7.9763,6.0631,-32.5249,0.0293,failed_base
dev,5,G,2024-12-05,12:10,NIFTY,2024-12-05,CE,24400,ITM1,0,False,24519.5000,213.0000,101.8000,126.7000,0.0000,0.0000,4.4210,2.5380,126.7000,1,,,0.6436,0.7645,0.6312,-93.4995,211.4931,27.4992,109.5259,15.0000,24.6948,31.8924,48.8732,-0.1408,126.1502,-68.4038,0.3487,next_wave
dev,5,G,2024-12-03,12:30,NIFTY,2024-12-05,PE,24400,ITM1,2,False,24409.1900,133.2000,108.1500,130.4000,0.0000,0.0000,1.7250,1.8680,130.4000,1,,,-0.1511,0.1855,-0.4864,-37.4852,29.3111,13.9793,,5.0000,-10.2853,-12.8737,0.4129,-15.4655,0.7132,-27.6652,0.1108,failed_base
dev,5,G,2024-12-04,12:05,NIFTY,2024-12-05,PE,24400,OTM1,1,False,24387.9700,135.7000,62.3000,76.7500,0.0000,0.0000,5.5160,10.5390,76.7500,1,,,-0.5537,0.2381,-0.5120,-83.6746,171.3483,59.9527,,0.0000,-32.9035,-33.7969,4.2373,-36.4407,4.2373,-56.1901,0.3203,failed_base
dev,5,G,2024-12-05,11:15,NIFTY,2024-12-05,PE,24400,OTM1,0,False,24356.8000,161.5000,118.9000,160.5000,0.0000,0.0000,0.4910,0.6930,160.5000,1,,,-0.2308,0.6481,-0.5465,-118.1077,62.2372,26.1275,,35.0000,9.6285,22.7009,19.4427,-0.5263,19.4427,-99.9381,-0.0747,failed_base
dev,5,G,2024-12-03,10:30,NIFTY,2024-12-05,CE,24500,OTM2,2,False,24410.0500,95.0000,67.3500,82.7500,0.0000,0.0000,1.9360,1.9330,82.7500,1,,,0.3988,0.1783,0.3979,-33.5531,59.6140,18.6047,43.4857,60.0000,3.0526,8.0973,9.7895,-5.7368,32.1579,-7.8947,0.0561,next_wave
dev,5,G,2024-12-04,13:40,NIFTY,2024-12-05,CE,24500,ATM,1,False,24511.9300,123.2500,81.2000,105.6000,0.0000,0.0000,1.1470,2.6040,105.6000,1,,,0.1874,0.2208,0.5185,-85.6970,62.5000,30.7313,,0.0000,-2.0284,-3.0330,6.1663,-10.0609,6.1663,-36.6329,0.0293,failed_base
dev,5,G,2024-12-05,12:10,NIFTY,2024-12-05,CE,24500,ATM,0,False,24519.5000,152.4000,66.8500,84.8000,0.0000,0.0000,7.2270,2.3430,84.8000,1,,,0.6436,0.7468,0.5247,-129.7141,264.9215,33.7159,137.6623,15.0000,27.1982,38.0105,60.0722,-1.3451,152.1654,-72.5066,0.3487,next_wave
dev,5,G,2024-12-04,12:05,NIFTY,2024-12-05,PE,24500,ATM,1,False,24387.9700,191.6500,96.4000,115.5000,0.0000,0.0000,1.5180,5.8630,115.5000,1,,,-0.5537,0.2345,-0.6340,-69.9989,138.1224,55.5652,,0.0000,-29.1678,-29.8700,3.3133,-32.4289,3.3133,-51.3697,0.3203,failed_base
dev,5,G,2024-12-05,11:25,NIFTY,2024-12-05,PE,24500,ATM,0,False,24331.8500,242.9000,170.9500,222.3000,0.0000,0.0000,0.3570,0.5350,222.3000,1,,,-0.3330,0.6820,-0.6773,-74.7510,49.8976,23.1220,,25.0000,-2.6142,5.7678,5.4961,-7.4310,5.4961,-99.9588,0.0469,failed_base
dev,5,G,2024-12-04,13:40,NIFTY,2024-12-05,CE,24600,OTM1,1,False,24511.9300,74.8000,46.3500,62.1000,0.0000,0.0000,1.5300,2.9660,62.1000,1,,,0.1874,0.2133,0.3805,-70.2122,74.9730,35.4501,,0.0000,-4.4786,-2.2028,5.3476,-12.1658,5.3476,-41.7112,0.0293,failed_base
dev,5,G,2024-12-05,12:10,NIFTY,2024-12-05,CE,24600,OTM1,0,False,24519.5000,98.5500,39.9000,51.7500,0.0000,0.0000,7.7200,2.5880,51.7500,1,,,0.6436,0.7063,0.4086,-98.5476,336.0902,40.7471,176.3337,15.0000,32.8260,40.9074,76.5601,0.2537,189.0918,-86.8595,0.3487,next_wave
dev,5,G,2024-12-04,12:05,NIFTY,2024-12-05,PE,24600,ITM1,1,False,24387.9700,258.8000,144.0500,167.4000,0.0000,0.0000,1.1380,4.5350,167.4000,1,,,-0.5537,0.2293,-0.7479,-45.5849,111.3849,49.9015,,0.0000,-25.3284,-25.5143,3.4003,-28.0526,3.4003,-45.3439,0.3203,failed_base
dev,5,G,2024-12-05,11:25,NIFTY,2024-12-05,PE,24600,ITM1,0,False,24331.8500,312.7500,229.8000,288.7500,0.0000,0.0000,0.3620,0.4920,288.7500,1,,,-0.3330,0.6624,-0.7761,-44.6010,42.5587,20.8028,,25.0000,-2.1743,4.0724,4.7482,-6.8585,4.7482,-99.9680,0.0469,failed_base
dev,5,G,2024-12-04,13:40,NIFTY,2024-12-05,CE,24700,OTM2,1,False,24511.9300,39.8500,22.8500,31.8000,0.0000,0.0000,1.3600,3.0050,31.8000,1,,,0.1874,0.2046,0.2474,-39.7373,92.1225,41.3440,,0.0000,-8.1556,-4.1540,3.8896,-15.0565,3.8896,-46.8005,0.0293,failed_base
dev,5,G,2024-12-05,12:10,NIFTY,2024-12-05,CE,24700,OTM2,0,False,24519.5000,55.8500,20.9000,27.0500,0.0000,0.0000,7.1500,2.9610,27.0500,1,,,0.6436,0.6583,0.2861,-55.8500,453.1100,49.6972,238.7790,15.0000,41.7189,46.3930,106.9830,-0.3581,252.7305,-92.8380,0.3487,next_wave
dev,5,G,2024-12-10,12:20,NIFTY,2024-12-12,PE,24400,OTM2,2,False,24579.3500,59.4000,35.9500,43.2500,0.0000,0.0000,8.2170,1.4550,43.2500,1,,,-0.2608,0.1739,-0.2885,-28.6182,97.4965,37.3239,85.3933,5.0000,22.5589,26.2094,38.8889,-12.1212,42.8451,-31.9865,-0.1640,next_wave
dev,5,G,2024-12-11,14:55,NIFTY,2024-12-12,PE,24400,OTM2,1,False,24626.3900,13.2000,9.6500,12.2000,0.0000,0.0000,3.0650,3.1330,12.2000,1,,,-0.1014,0.1552,-0.1298,-13.2000,59.0674,25.7329,,5.0000,4.1667,8.0371,7.1970,-13.6364,7.1970,-13.6364,0.0561,failed_base
dev,5,G,2024-12-11,11:45,NIFTY,2024-12-12,CE,24500,ITM1,1,False,24690.6500,210.7000,180.0000,201.4500,0.0000,0.0000,0.6240,1.7580,201.4500,1,,,0.1325,0.1498,0.8220,-19.9050,20.2500,12.3123,,0.0000,-8.3294,-7.1282,1.0916,-9.9193,1.0916,-32.3683,-0.0801,failed_base
dev,5,G,2024-12-09,12:40,NIFTY,2024-12-12,PE,24500,OTM2,3,False,24621.5600,100.5000,80.4000,95.8500,0.0000,0.0000,1.8420,2.3960,95.8500,1,,,-0.1954,0.1698,-0.3730,-25.4206,31.2189,14.8815,,5.0000,-8.3085,-8.4202,4.3781,-11.0448,10.3980,-15.9204,0.0819,failed_base
dev,5,G,2024-12-09,14:20,NIFTY,2024-12-12,PE,24500,OTM2,3,False,24610.0600,102.5500,84.5000,99.7500,0.0000,0.0000,1.2490,1.5290,99.7500,1,,,-0.0603,0.1690,-0.3827,-25.8811,31.3018,15.8179,,15.0000,-9.8001,-9.6698,8.1911,-12.7255,8.1911,-12.7255,0.0664,failed_base
dev,5,G,2024-12-10,12:20,NIFTY,2024-12-12,PE,24500,OTM1,2,False,24579.3500,93.6500,60.7000,72.3000,0.0000,0.0000,6.1230,1.6220,72.3000,1,,,-0.2608,0.1731,-0.4007,-33.7075,81.2191,33.0909,69.7690,5.0000,19.4341,23.2965,33.4223,-10.1442,36.5723,-26.5350,-0.1640,next_wave
dev,5,G,2024-12-11,14:55,NIFTY,2024-12-12,PE,24500,OTM1,1,False,24626.3900,25.2500,18.4000,24.3500,0.0000,0.0000,2.9510,2.5870,24.3500,1,,,-0.1014,0.1374,-0.2387,-25.2500,59.2391,23.0375,,5.0000,-9.9010,-6.9799,4.9505,-19.0099,4.9505,-20.7921,0.0561,failed_base
dev,5,G,2024-12-11,11:45,NIFTY,2024-12-12,CE,24600,ATM,1,False,24690.6500,133.4500,110.2000,127.7500,0.0000,0.0000,0.6410,1.5320,127.7500,1,,,0.1325,0.1448,0.6754,-38.8922,24.8639,16.3517,,0.0000,-11.0528,-11.8605,1.1615,-13.7505,1.1615,-44.3237,-0.0801,failed_base
dev,5,G,2024-12-09,12:40,NIFTY,2024-12-12,PE,24600,OTM1,3,False,24621.5600,142.4000,115.4000,134.9000,0.0000,0.0000,1.9180,2.4310,134.9000,1,,,-0.1954,0.1686,-0.4742,-26.8149,28.8128,12.9499,,5.0000,-7.2683,-8.3083,3.7219,-9.4803,10.5337,-14.2556,0.0819,failed_base
dev,5,G,2024-12-09,14:20,NIFTY,2024-12-12,PE,24600,OTM1,3,False,24610.0600,146.4000,122.1000,145.7500,0.0000,0.0000,1.1660,1.5440,145.7500,1,,,-0.1285,0.1688,-0.4861,-27.2526,28.9107,14.0724,,15.0000,-8.2650,-8.7567,7.5137,-11.0997,7.5137,-11.0997,0.0664,failed_base
dev,5,G,2024-12-10,12:20,NIFTY,2024-12-12,PE,24600,ATM,2,False,24579.3500,140.2500,97.2000,114.3500,0.0000,0.0000,4.9260,1.5560,114.3500,1,,,-0.2608,0.1730,-0.5225,-35.0684,63.1173,26.9316,53.6470,5.0000,16.2210,20.6245,26.9162,-8.3422,31.5865,-20.6417,-0.1640,next_wave
dev,5,G,2024-12-11,14:55,NIFTY,2024-12-12,PE,24600,ATM,1,False,24626.3900,54.7000,40.9500,53.4500,0.0000,0.0000,3.1380,2.4700,53.4500,1,,,-0.1014,0.1290,-0.4362,-52.6180,51.4042,21.2903,,5.0000,-16.2706,-17.0065,2.6508,-20.4753,2.6508,-21.8464,0.0561,failed_base
dev,5,G,2024-12-12,12:15,NIFTY,2024-12-12,PE,24600,OTM1,0,False,24560.8500,61.5500,38.3500,58.3500,0.0000,0.0000,1.4640,1.6410,58.3500,1,,,-0.0974,0.2058,-0.6553,-22.3966,99.4785,38.8235,,70.0000,-10.5605,15.6936,10.1543,-13.4037,24.2892,-46.0601,0.0171,failed_base
dev,5,G,2024-12-11,11:45,NIFTY,2024-12-12,CE,24700,OTM1,1,False,24690.6500,76.0500,61.3500,74.5500,0.0000,0.0000,1.3760,2.6160,74.5500,1,,,0.1325,0.1455,0.4831,-50.8427,31.7848,19.4805,,0.0000,-15.1216,-16.9271,1.7751,-17.4227,1.7751,-55.0296,-0.0801,failed_base
dev,5,G,2024-12-09,12:40,NIFTY,2024-12-12,PE,24700,ATM,3,False,24621.5600,195.5000,161.0000,185.0000,0.0000,0.0000,1.4510,2.2850,185.0000,1,,,-0.1954,0.1685,-0.5776,-26.2170,26.2112,11.8848,,5.0000,-6.6752,-7.6056,3.0691,-8.4143,9.9488,-12.8900,0.0819,failed_base
dev,5,G,2024-12-09,14:20,NIFTY,2024-12-12,PE,24700,ATM,3,False,24610.0600,201.0000,170.3000,195.7500,0.0000,0.0000,0.8770,1.2620,195.7500,1,,,-0.0603,0.1690,-0.5900,-26.4229,26.2184,11.8865,,15.0000,-6.4925,-5.8187,6.9403,-9.0299,6.9403,-9.0299,0.0664,failed_base
dev,5,G,2024-12-10,12:20,NIFTY,2024-12-12,PE,24700,ITM1,2,False,24579.3500,200.4500,147.3000,169.7000,0.0000,0.0000,4.2780,1.3620,169.7000,1,,,-0.2608,0.1750,-0.6401,-32.5070,48.9477,20.9435,40.2133,5.0000,13.2452,17.2667,21.3270,-6.8097,26.2410,-15.1409,-0.1640,next_wave
dev,5,G,2024-12-11,12:45,NIFTY,2024-12-12,PE,24700,ITM1,1,False,24632.9800,114.4000,92.7000,113.6500,0.0000,0.0000,2.2250,2.7170,113.6500,1,,,-0.1014,0.1403,-0.6355,-43.1162,32.2546,21.0440,,0.0000,-11.7133,-8.7653,4.2832,-12.8497,5.9003,-22.7710,0.0706,failed_base
dev,5,G,2024-12-12,12:10,NIFTY,2024-12-12,PE,24700,ATM,0,False,24563.3000,144.5500,114.2500,137.6000,0.0000,0.0000,1.9030,1.8620,137.6000,1,,,-0.0891,0.2521,-0.8699,-7.8466,46.6958,24.0155,,85.0000,0.1730,6.8130,8.0249,-3.8741,15.9460,-11.8990,-0.0018,failed_base
dev,5,G,2024-12-09,12:40,NIFTY,2024-12-12,PE,24800,ITM1,3,False,24621.5600,258.3500,216.7500,245.9500,0.0000,0.0000,1.4860,2.4540,245.9500,1,,,-0.1954,0.1679,-0.6760,-23.5373,23.4602,11.4910,,5.0000,-5.1674,-6.4092,3.3288,-7.0060,9.9090,-10.8380,0.0819,failed_base
dev,5,G,2024-12-09,14:20,NIFTY,2024-12-12,PE,24800,ITM1,3,False,24610.0600,266.5500,230.3500,260.5000,0.0000,0.0000,0.6860,1.9480,260.5000,1,,,-0.0603,0.1703,-0.6862,-23.7700,23.2689,13.3298,,15.0000,-5.1022,-5.5057,6.5279,-7.6721,6.5279,-7.6721,0.0664,failed_base
dev,5,G,2024-12-12,12:10,NIFTY,2024-12-12,PE,24800,ITM1,0,False,24563.3000,241.0000,208.2500,230.3500,0.0000,0.0000,2.0190,2.2880,230.3500,1,,,-0.0891,0.3225,-0.9359,-4.2966,28.7395,,,85.0000,0.2490,2.5597,5.2490,-2.0954,11.2448,-6.2241,-0.0018,session_end
dev,5,G,2024-12-09,11:35,NIFTY,2024-12-12,CE,24900,OTM2,3,False,24669.7800,71.2000,54.4000,70.7000,0.0000,0.0000,1.3200,1.5850,70.7000,1,,,0.2470,0.1747,0.2866,-22.8299,39.5221,18.1159,,15.0000,-6.1798,-2.3102,6.6011,-8.2163,6.6011,-38.2725,-0.0123,failed_base
dev,5,G,2024-12-19,12:15,NIFTY,2024-12-19,CE,23900,ATM,0,False,23978.3500,85.1000,48.9500,75.4500,0.0000,0.0000,0.6810,0.7900,75.4500,1,,,0.1244,0.1719,0.8389,-6.7505,87.4362,35.0954,,10.0000,-10.9871,2.3140,7.8143,-13.3373,7.8143,-42.8907,-0.0463,failed_base
dev,5,G,2024-12-19,13:25,NIFTY,2024-12-19,PE,24000,ITM1,0,False,23955.6500,53.0500,39.2500,51.3500,0.0000,0.0000,1.4990,1.5840,51.3500,1,,,-0.0776,0.1683,-0.7616,-8.7009,55.0318,25.0616,,5.0000,-8.3883,-7.1910,-0.1885,-14.0434,-0.1885,-27.8040,0.0108,failed_base
dev,5,G,2024-12-18,12:45,NIFTY,2024-12-19,PE,24100,OTM2,1,False,24180.4200,53.9500,28.6000,41.4000,0.0000,0.0000,2.1690,4.1620,41.4000,1,,,-0.3249,0.1661,-0.3566,-49.3723,116.4336,40.6300,,0.0000,-31.9741,-31.9091,10.7507,-44.0222,10.7507,-44.0222,0.1774,failed_base
dev,5,G,2024-12-18,12:45,NIFTY,2024-12-19,PE,24200,OTM1,1,False,24180.4200,96.6500,52.3000,76.9000,0.0000,0.0000,1.3990,3.3350,76.9000,1,,,-0.3249,0.1622,-0.5341,-58.0234,101.4340,33.6497,,0.0000,-26.6943,-24.9462,9.0016,-39.4206,9.0016,-39.4206,0.1774,failed_base
dev,5,G,2024-12-18,12:45,NIFTY,2024-12-19,PE,24300,ATM,1,False,24180.4200,161.4500,95.3000,137.9500,0.0000,0.0000,0.7000,1.9290,137.9500,1,,,-0.3249,0.1670,-0.7018,-40.4493,82.0567,23.6888,,15.0000,-19.4487,-17.0121,7.4636,-34.4689,7.4636,-34.4689,0.1774,failed_base
dev,5,G,2024-12-18,12:45,NIFTY,2024-12-19,PE,24400,ITM1,1,False,24180.4200,245.3500,165.4500,222.3000,0.0000,0.0000,0.7640,2.0420,222.3000,1,,,-0.3249,0.1854,-0.8096,-25.6992,56.4823,17.3233,,15.0000,-14.0004,-11.3900,5.5227,-25.3719,5.5227,-25.3719,0.1774,failed_base
dev,5,G,2024-12-13,11:25,NIFTY,2024-12-19,CE,24700,OTM2,6,True,24307.6000,50.5000,38.4000,47.9000,0.0000,0.0000,1.0540,1.6450,47.9000,1,,,-0.2032,0.1447,0.1997,-10.4542,279.4271,36.1702,119.0860,45.0000,39.3069,27.7276,39.3069,-3.9604,305.9406,-3.9604,0.4512,next_wave
dev,5,G,2024-12-23,12:10,NIFTY,2024-12-26,PE,23600,OTM2,3,False,23796.8000,39.0000,24.1500,35.3500,0.0000,0.0000,2.3070,2.8330,35.3500,1,,,-0.4058,0.1263,-0.2371,-14.2387,244.0994,,,90.0000,51.4103,37.5990,55.6410,-10.7692,113.0769,-12.3077,-0.3057,session_end
dev,5,G,2024-12-24,12:10,NIFTY,2024-12-26,PE,23600,OTM2,2,False,23816.4600,22.4500,17.0000,21.7000,0.0000,0.0000,1.2360,2.1220,21.7000,1,,,-0.2161,0.1290,-0.1762,-14.1198,70.8824,29.2599,,15.0000,-15.1448,-19.2680,29.3987,-18.4855,41.8708,-30.5122,0.0214,failed_base
dev,5,G,2024-12-24,13:50,NIFTY,2024-12-26,PE,23600,OTM2,2,False,23753.4700,29.2500,15.6000,21.8500,0.0000,0.0000,2.9450,2.5470,21.8500,1,,,-0.3044,0.1192,-0.2337,-16.6233,100.3205,,,5.0000,1.0256,5.3762,8.8889,-28.5470,8.8889,-28.5470,-0.0634,session_end
dev,5,G,2024-12-26,13:40,NIFTY,2024-12-26,PE,23600,OTM2,0,False,23699.2000,12.0000,2.3000,4.4500,0.0000,0.0000,12.4190,7.5280,4.4500,1,,,-0.1700,0.3323,-0.1908,-12.0000,1958.6957,91.3411,,5.0000,-85.0000,-159.6740,15.8333,-85.8333,15.8333,-99.5833,0.2171,failed_base
dev,5,G,2024-12-23,14:25,NIFTY,2024-12-26,CE,23700,ITM1,3,False,23752.1200,130.5000,91.6500,120.5000,0.0000,0.0000,1.8640,2.5450,120.5000,1,,,0.2667,0.1184,0.5823,-17.9933,,,,,3.4100,6.0242,18.3142,-7.5096,18.3142,-7.5096,0.0467,session_end
dev,5,G,2024-12-20,12:25,NIFTY,2024-12-26,PE,23700,OTM2,6,True,23892.0800,104.6000,69.7500,96.9000,0.0000,0.0000,2.2510,4.8130,96.9000,1,,,-0.2402,0.1505,-0.3355,-14.3328,260.0000,,,175.0000,39.8662,24.4810,48.5182,-7.2658,140.0574,-7.2658,-0.4032,session_end
dev,5,G,2024-12-23,12:10,NIFTY,2024-12-26,PE,23700,OTM1,3,False,23796.8000,64.7000,39.0000,58.0000,0.0000,0.0000,2.3760,2.7900,58.0000,1,,,-0.4058,0.1209,-0.3558,-17.0883,229.6154,,,90.0000,47.2179,34.2518,49.0726,-8.2689,98.6862,-9.5827,-0.3057,session_end
dev,5,G,2024-12-24,12:10,NIFTY,2024-12-26,PE,23700,OTM1,2,False,23816.4600,38.6000,28.1500,36.7000,0.0000,0.0000,1.8380,2.2930,36.7000,1,,,-0.2161,0.1163,-0.2893,-18.5272,74.2451,34.9643,,15.0000,-13.7306,-18.6334,27.0725,-17.3575,51.1658,-31.8653,0.0214,failed_base
dev,5,G,2024-12-24,13:50,NIFTY,2024-12-26,PE,23700,OTM1,2,False,23753.4700,52.4000,26.3000,37.4500,0.0000,0.0000,3.5960,2.9300,37.4500,1,,,-0.3044,0.1069,-0.3881,-20.2696,107.0342,,,5.0000,3.2443,6.9684,11.3550,-28.4351,11.3550,-28.4351,-0.0634,session_end
dev,5,G,2024-12-26,13:40,NIFTY,2024-12-26,PE,23700,OTM1,0,False,23699.2000,37.6500,9.5000,19.2500,0.0000,0.0000,7.0610,5.7560,19.2500,1,,,-0.2305,0.2723,-0.5026,-33.6834,844.2105,85.0613,,5.0000,-88.0478,-187.1393,6.7729,-88.5790,6.7729,-99.8672,0.2171,failed_base
dev,5,G,2024-12-23,14:25,NIFTY,2024-12-26,CE,23800,ATM,3,False,23752.1200,78.2500,53.8000,72.6500,0.0000,0.0000,2.6170,2.7150,72.6500,1,,,0.2667,0.1159,0.4264,-17.7079,,,,,2.8115,6.6506,20.3834,-9.5208,20.3834,-9.5208,0.0467,session_end
dev,5,G,2024-12-26,13:40,NIFTY,2024-12-26,CE,23800,ATM,0,False,23699.2000,7.7000,5.7000,7.3000,0.0000,0.0000,4.8170,2.9880,7.3000,1,,,-0.1700,0.2849,0.1520,-7.7000,233.3333,68.1579,,10.0000,-40.9091,-40.8811,146.7532,-48.0519,146.7532,-99.3506,0.2171,failed_base
dev,5,G,2024-12-20,12:25,NIFTY,2024-12-26,PE,23800,OTM1,6,True,23892.0800,141.0000,97.8000,130.6500,0.0000,0.0000,2.5040,3.6170,130.6500,1,,,-0.2402,0.1489,-0.4165,-15.2618,224.5399,,,175.0000,35.9574,22.3940,41.9504,-5.8511,125.1064,-5.8511,-0.4032,session_end
dev,5,G,2024-12-23,12:10,NIFTY,2024-12-26,PE,23800,ATM,3,False,23796.8000,104.9000,63.8000,93.2000,0.0000,0.0000,2.5570,3.3440,93.2000,1,,,-0.4058,0.1174,-0.5025,-18.0093,197.8056,,,90.0000,40.7531,29.5853,42.4690,-5.9581,81.1249,-6.0534,-0.3057,session_end
dev,5,G,2024-12-24,12:10,NIFTY,2024-12-26,PE,23800,ATM,2,False,23816.4600,70.0500,50.3000,65.0000,0.0000,0.0000,1.7690,2.3420,65.0000,1,,,-0.2161,0.1073,-0.4647,-20.9720,73.7575,29.8055,,25.0000,-9.4932,-13.0420,24.7680,-12.4197,53.4618,-26.9094,0.0214,failed_base
dev,5,G,2024-12-26,13:40,NIFTY,2024-12-26,PE,23800,ATM,0,False,23699.2000,108.5000,51.9000,70.8000,0.0000,0.0000,4.0070,3.5620,70.8000,1,,,-0.1700,0.2849,-0.8480,-7.6986,233.3333,65.2312,,5.0000,-50.3226,-61.7878,5.4839,-51.1521,5.4839,-56.5899,0.2171,failed_base
dev,5,G,2024-12-23,14:25,NIFTY,2024-12-26,CE,23900,OTM1,3,False,23752.1200,44.6000,31.4000,42.2500,0.0000,0.0000,2.8200,2.5910,42.2500,1,,,0.2667,0.1174,0.2831,-14.9920,73.4076,25.9871,,25.0000,1.5695,7.6787,22.0852,-9.8655,22.0852,-9.8655,0.0467,failed_base
dev,5,G,2024-12-20,12:25,NIFTY,2024-12-26,PE,23900,ATM,6,True,23892.0800,188.0000,133.1000,171.8500,0.0000,0.0000,2.0170,3.2700,171.8500,1,,,-0.2402,0.1491,-0.5024,-15.6479,194.7784,,,175.0000,30.9574,19.6063,36.8617,-6.0638,108.6968,-6.0638,-0.4032,session_end
dev,5,G,2024-12-23,12:10,NIFTY,2024-12-26,PE,23900,ITM1,3,False,23796.8000,163.4500,104.6500,147.9000,0.0000,0.0000,1.4030,2.3820,147.9000,1,,,-0.4058,0.1177,-0.6517,-16.4506,157.1906,,,90.0000,33.2518,24.4539,34.1389,-4.7109,64.6681,-4.7109,-0.3057,session_end
dev,5,G,2024-12-24,12:10,NIFTY,2024-12-26,PE,23900,ITM1,2,False,23816.4600,125.3000,91.9000,113.8000,0.0000,0.0000,1.3010,1.7480,113.8000,1,,,-0.2161,0.1049,-0.6669,-18.1113,65.4516,32.3907,71.0117,25.0000,-4.3097,-6.4255,21.3488,-6.1053,48.8428,-17.9569,0.0214,next_wave
dev,5,G,2024-12-26,13:40,NIFTY,2024-12-26,PE,23900,ITM1,0,False,23699.2000,202.4500,147.7000,167.2000,0.0000,0.0000,5.4250,3.9750,167.2000,1,,,-0.1700,0.3262,-0.9629,-1.6486,79.7901,44.4361,,5.0000,-25.5372,-31.8006,2.3216,-28.7972,2.3216,-28.7972,0.2171,failed_base
dev,5,G,2024-12-23,14:25,NIFTY,2024-12-26,CE,24000,OTM2,3,False,23752.1200,25.9500,19.1500,25.4000,0.0000,0.0000,3.1330,2.6140,25.4000,1,,,0.2667,0.1233,0.1798,-11.5473,63.7076,26.4753,,5.0000,0.1927,8.4294,21.0019,-11.1753,21.0019,-11.1753,0.0467,failed_base
dev,5,G,2024-12-20,12:25,NIFTY,2024-12-26,PE,24000,ITM1,6,True,23892.0800,242.1500,178.8000,222.0500,0.0000,0.0000,1.2150,2.3300,222.0500,1,,,-0.2402,0.1482,-0.5884,-15.1101,164.7371,,,175.0000,28.0405,20.3268,32.6038,-4.6046,95.4780,-4.6046,-0.4032,session_end
dev,5,I,2024-01-10,15:00,NIFTY,2024-01-11,CE,21500,ITM1,1,False,21627.1000,147.8000,58.2000,78.5500,2.0000,0.0000,1.9330,1.3360,114.9000,2,97.4227,33.6815,0.6282,0.1442,0.7812,-20.6955,,,,,19.6888,21.8632,35.3518,-1.0825,35.3518,-1.0825,0.1806,session_end
dev,5,I,2024-01-12,14:45,NIFTY,2024-01-18,CE,21700,ATM,6,True,21955.5500,311.6000,214.4500,247.7500,2.0000,0.0000,1.2840,2.2010,299.7000,2,39.7529,9.7764,0.4311,0.1349,0.7522,-10.1302,22.8550,11.0024,,5.0000,-13.9281,-13.1440,1.3158,-20.6033,1.3158,-20.6033,-0.2179,failed_base
dev,5,I,2024-01-12,14:45,NIFTY,2024-01-18,CE,21800,OTM1,6,True,21955.5500,235.1500,151.9500,180.3500,2.0000,0.0000,1.2390,1.9560,225.8500,2,48.6344,11.9770,0.4311,0.1288,0.6685,-11.2674,27.8421,13.3189,,5.0000,-16.6489,-14.7014,1.5947,-24.4737,1.5947,-24.4737,-0.2179,failed_base
dev,5,I,2024-01-24,12:40,NIFTY,2024-01-25,PE,21200,ITM1,1,False,21217.5300,99.4500,31.8500,55.3500,6.0000,0.0000,1.3060,1.3610,91.0000,2,185.7143,48.9560,-0.9213,0.2307,-0.4715,-72.4249,114.7470,45.3634,,5.0000,-46.3047,-58.4917,0.2011,-57.9186,0.2011,-90.4977,0.5417,failed_base
dev,5,I,2024-02-02,13:30,NIFTY,2024-02-08,PE,21700,OTM2,6,True,21900.2000,88.0000,41.1000,48.0000,3.0000,1.0000,1.8910,1.5230,86.1500,2,109.6107,29.4254,-0.8763,0.1512,-0.3152,-12.8876,73.4375,29.2556,,5.0000,-13.9205,-11.4117,14.6023,-15.2273,14.6023,-29.2614,0.1255,failed_base
dev,5,I,2024-02-14,14:20,NIFTY,2024-02-15,CE,21500,ITM1,1,False,21744.2400,261.1000,125.2500,168.2000,0.0000,0.0000,1.7210,1.9330,238.0000,2,90.0200,28.4244,0.6903,0.1981,0.8574,-16.8626,151.2181,,,50.0000,36.6335,35.1039,37.8399,-4.2512,63.9027,-4.2512,0.4677,session_end
dev,5,I,2024-02-14,14:20,NIFTY,2024-02-15,CE,21600,ATM,1,False,21744.2400,175.5500,71.2500,101.3500,0.0000,0.0000,1.6260,1.8280,159.1500,2,123.3684,35.8781,0.6903,0.1826,0.7532,-31.3018,225.7717,,,50.0000,49.9288,45.5705,52.5206,-5.5540,89.3762,-5.5540,0.4677,session_end
dev,5,I,2024-02-14,14:20,NIFTY,2024-02-15,CE,21700,OTM1,1,False,21744.2400,104.8500,34.7500,51.9500,0.0000,0.0000,2.5360,2.4630,95.0000,2,173.3813,45.5263,0.6903,0.1740,0.5881,-57.0729,367.8261,,,50.0000,70.8155,59.8616,73.7721,-7.3438,130.9013,-7.3438,0.4677,session_end
dev,5,I,2024-02-14,14:20,NIFTY,2024-02-15,CE,21800,OTM2,1,False,21744.2400,52.0500,15.1500,22.1000,0.0000,0.0000,3.0780,2.7520,47.4000,2,212.8713,56.0127,0.6903,0.1648,0.3876,-50.3429,664.9880,,,50.0000,105.4755,76.6739,109.7022,-9.3180,206.4361,-9.3180,0.4677,session_end
dev,5,I,2024-02-21,14:30,NIFTY,2024-02-22,PE,22000,OTM2,1,False,22055.5100,58.8000,15.4000,21.7500,2.0000,0.0000,4.4580,4.1200,49.6000,2,222.0779,38.9113,-0.7281,0.1782,-0.3937,-56.9848,225.5776,54.5869,,35.0000,43.5374,40.0975,67.7721,-5.3571,67.7721,-23.8095,-0.2908,failed_base
dev,5,I,2024-02-21,14:30,NIFTY,2024-02-22,PE,22100,OTM1,1,False,22055.5100,106.2500,34.0000,47.6500,2.0000,0.0000,2.8500,4.2490,87.4000,2,157.0588,34.8970,-0.7063,0.1745,-0.5836,-58.8266,188.9279,,,35.0000,37.1294,35.1590,54.7294,-3.9059,54.7294,-14.0706,-0.2908,session_end
dev,5,I,2024-03-18,14:30,NIFTY,2024-03-21,CE,21900,ITM1,3,False,22136.8700,281.4000,165.4000,210.3500,0.0000,0.0000,1.6230,3.1610,275.5500,2,66.5961,16.8028,0.5615,0.1625,0.7677,-17.0316,29.2475,13.1286,,10.0000,-6.6986,-4.2625,5.2950,-11.1585,5.2950,-24.4670,-0.1040,failed_base
dev,5,I,2024-03-18,14:30,NIFTY,2024-03-21,CE,22000,ATM,3,False,22136.8700,207.0500,113.4500,148.8000,0.0000,0.0000,1.5700,3.7600,205.0000,2,80.6963,20.2927,0.5615,0.1583,0.6684,-20.4960,34.2105,15.4127,,10.0000,-8.4279,-4.9265,5.9164,-13.6923,5.9164,-28.4955,-0.1040,failed_base
dev,5,I,2024-03-28,14:15,NIFTY,2024-03-28,CE,22100,ITM1,0,False,22504.2500,407.3500,238.5000,284.6500,3.0000,0.0000,1.3030,1.6710,368.3500,2,54.4444,24.9355,0.5963,0.8381,0.9653,-3.1000,56.0940,17.6552,,25.0000,1.6448,8.5729,5.9531,-2.4917,5.9531,-57.6531,0.0296,failed_base
dev,5,I,2024-03-28,14:15,NIFTY,2024-03-28,CE,22200,ATM,0,False,22504.2500,306.5500,144.0500,188.0000,3.0000,0.0000,1.8270,1.7870,272.3500,2,89.0663,34.6796,0.5963,0.6278,0.9655,-2.3000,85.6661,22.4039,,25.0000,2.1367,5.8861,7.7475,-2.9848,7.7475,-74.6208,0.0296,failed_base
dev,5,I,2024-03-28,14:20,NIFTY,2024-03-28,CE,22300,OTM1,0,False,22518.3500,221.3000,62.8500,99.5000,3.0000,0.0000,1.3590,1.5570,182.0500,2,189.6579,52.3757,0.6593,0.5199,0.9481,-2.9499,166.7820,32.0147,,20.0000,-9.2860,5.1857,4.5188,-13.1722,4.5188,-97.1080,-0.0882,failed_base
dev,5,I,2024-03-28,14:20,NIFTY,2024-03-28,CE,22400,OTM2,0,False,22518.3500,124.9500,14.4000,39.6500,1.0000,0.0000,0.9020,1.3480,98.4500,2,583.6806,77.2981,0.6638,0.4010,0.8731,-6.5998,499.7763,52.7788,,20.0000,-17.4470,29.9548,7.2829,-24.5698,7.2829,-99.9600,-0.0882,failed_base
dev,5,I,2024-04-09,14:15,NIFTY,2024-04-10,PE,22600,OTM1,1,False,22638.0400,52.2000,21.1000,28.9500,9.0000,0.0000,1.9660,1.3870,44.7000,2,111.8483,38.7025,-0.5548,0.1436,-0.4121,-48.8431,106.0219,49.8671,,10.0000,-21.6475,-20.8117,8.1418,-45.7854,8.1418,-45.7854,0.0929,failed_base
dev,5,I,2024-04-09,14:15,NIFTY,2024-04-10,PE,22700,ATM,1,False,22638.0400,99.4500,40.3500,53.4000,8.0000,0.0000,1.3230,0.9400,82.5500,2,104.5849,33.8583,-0.5626,0.1313,-0.6495,-36.9032,94.9634,42.6961,,10.0000,-16.4404,-15.6232,7.0387,-38.6626,7.0387,-38.6626,0.0929,failed_base
dev,5,I,2024-04-09,13:50,NIFTY,2024-04-10,PE,22800,ITM1,1,False,22673.7300,144.2000,78.9500,98.7500,5.0000,0.0000,1.0570,0.9890,143.9000,2,82.2673,26.4420,-0.3252,0.1254,-0.7923,-17.9205,71.8942,33.1959,,35.0000,5.2705,1.0010,26.1789,-5.9639,26.1789,-15.7074,-0.0503,failed_base
dev,5,I,2024-04-16,12:35,NIFTY,2024-04-18,PE,22100,ATM,2,False,22134.5600,66.9000,40.9000,51.9000,1.0000,0.0000,2.7720,2.6540,63.6000,2,55.5012,19.2610,-0.2603,0.1235,-0.4321,-22.2284,92.5998,40.7482,,50.0000,6.7265,12.1020,14.2750,-8.5949,47.8326,-32.7354,-0.0599,failed_base
dev,5,I,2024-04-15,14:35,NIFTY,2024-04-18,PE,22200,OTM1,3,False,22322.8100,58.4000,32.7000,44.0000,1.0000,0.0000,1.6380,2.0980,58.1500,2,77.8287,25.1935,-0.4165,0.1345,-0.3242,-17.4205,49.4253,21.7692,,40.0000,5.7363,5.4478,10.9589,-18.2363,11.3014,-18.2363,-0.0482,failed_base
dev,5,I,2024-04-16,12:35,NIFTY,2024-04-18,PE,22200,ITM1,2,False,22134.5600,115.6000,76.1500,94.0000,0.0000,0.0000,1.8230,1.8930,111.6500,2,46.6185,16.5249,-0.2603,0.1166,-0.6281,-19.8709,72.0494,34.7053,,50.0000,6.6609,11.2767,12.3702,-7.3962,38.7111,-30.0606,-0.0599,failed_base
dev,5,I,2024-04-15,14:35,NIFTY,2024-04-18,PE,22300,ATM,3,False,22322.8100,94.9000,54.1000,70.9000,1.0000,0.0000,1.6500,2.5830,92.1000,2,70.2403,21.7698,-0.4165,0.1305,-0.4632,-19.0633,44.9688,,,40.0000,5.3741,12.5492,9.1149,-16.5437,10.0632,-16.5437,-0.0482,session_end
dev,5,I,2024-04-15,14:35,NIFTY,2024-04-18,PE,22400,ITM1,3,False,22322.8100,144.5000,85.6500,109.9000,1.0000,0.0000,1.1290,1.8830,139.2000,2,62.5219,20.0431,-0.4165,0.1245,-0.6169,-17.2995,42.7673,,,40.0000,5.3633,4.9557,8.2007,-13.9446,9.9654,-13.9446,-0.0482,session_end
dev,5,I,2024-04-12,14:20,NIFTY,2024-04-18,PE,22800,ITM1,6,True,22573.6200,264.0000,168.3000,202.3000,10.0000,0.0000,1.5910,2.4890,258.4500,2,53.5651,13.4455,-0.3895,0.1014,-0.7749,-7.3635,,,,,0.6250,3.2931,4.1667,-7.4811,7.1591,-7.4811,-0.0158,session_end
dev,5,I,2024-04-25,13:55,NIFTY,2024-04-25,CE,22500,OTM2,0,False,22527.0000,72.4000,19.4500,29.6500,1.0000,0.0000,1.4540,3.4290,62.5000,2,221.3368,62.9600,0.5118,0.4795,0.5750,-45.1952,573.2181,,,50.0000,68.3011,59.3604,99.8619,-23.8950,115.2624,-23.8950,0.3660,session_end
dev,5,I,2024-04-29,13:30,NIFTY,2024-05-02,CE,22400,ITM1,3,False,22657.3800,291.6500,228.6500,246.3500,9.0000,0.0000,2.4310,2.6910,265.2500,2,16.0070,10.5749,0.2927,0.1482,0.8007,-14.1641,29.4266,9.3974,,60.0000,1.1486,3.0199,3.1545,-4.7146,7.3204,-4.7146,0.0166,session_end
dev,5,I,2024-04-29,13:30,NIFTY,2024-05-02,CE,22500,ATM,3,False,22657.3800,210.2000,155.6000,170.7500,9.0000,0.0000,2.0180,2.5340,186.5500,2,19.8907,12.9992,0.2927,0.1388,0.7094,-17.0129,38.0160,,,60.0000,1.8078,3.3799,3.8773,-5.9943,8.7774,-5.9943,0.0166,session_end
dev,5,I,2024-04-29,13:30,NIFTY,2024-05-02,CE,22700,OTM2,3,False,22657.3800,81.1000,50.8000,58.9000,6.0000,0.0000,3.9220,3.4380,67.9500,2,33.7598,20.7506,0.2927,0.1215,0.4351,-17.6553,66.5738,,,60.0000,3.1443,10.5461,5.8570,-10.5425,10.6042,-11.0358,0.0166,session_end
dev,5,I,2024-05-09,14:50,NIFTY,2024-05-09,PE,22200,OTM1,0,False,21987.6000,213.2000,68.0000,110.8500,3.0000,0.0000,0.6350,1.2750,189.3500,2,178.4559,37.1534,-0.5725,0.5409,-0.9791,-0.7994,,,,,14.6811,48.4554,18.5038,-10.2486,18.5038,-10.2486,-0.1460,session_end
dev,5,I,2024-05-09,14:50,NIFTY,2024-05-09,PE,22300,ATM,0,False,21987.6000,312.6000,125.5500,180.0000,2.0000,0.0000,0.8020,1.5380,288.7000,2,129.9482,25.8919,-0.7171,0.6311,-0.9948,-0.1994,,,,,10.2367,74.6021,12.6200,-7.1177,12.6200,-7.1177,-0.1460,session_end
dev,5,I,2024-05-09,14:50,NIFTY,2024-05-09,PE,22400,ITM1,0,False,21987.6000,413.3000,220.5500,276.4000,2.0000,0.0000,0.7180,1.8080,388.8000,2,76.2866,19.2901,-0.7171,0.9661,-0.9861,-0.8994,,,,,7.6216,75.9462,9.6056,-5.2262,9.6056,-5.2262,-0.1460,session_end
dev,5,I,2024-05-23,14:15,NIFTY,2024-05-23,CE,22500,ITM1,0,False,22910.1000,411.6000,214.7500,251.2000,5.0000,0.0000,1.3990,0.7890,364.7000,2,69.8254,16.7261,0.8653,0.7391,0.9798,-1.5000,51.2018,16.6594,,20.0000,2.8426,9.7444,11.5646,-7.0214,15.9257,-7.0214,0.0528,next_wave
dev,5,I,2024-05-23,14:15,NIFTY,2024-05-23,CE,22600,ATM,0,False,22910.1000,312.4500,128.8500,159.8000,5.0000,0.0000,1.0340,0.6920,267.5500,2,107.6445,22.0333,0.8653,0.6288,0.9655,-2.3499,72.5791,21.2361,,20.0000,3.3285,7.0462,15.2184,-9.2495,21.0114,-9.2495,0.0528,next_wave
dev,5,I,2024-05-21,13:05,NIFTY,2024-05-23,CE,22700,OTM2,2,False,22585.9300,51.5500,26.5000,35.2500,4.0000,0.0000,2.6190,2.5570,50.3000,2,89.8113,28.2306,0.5390,0.1434,0.3235,-23.3892,69.5291,34.9673,,5.0000,-7.3715,-3.2441,3.8797,-22.7934,3.8797,-41.7071,-0.0415,failed_base
dev,5,I,2024-05-23,14:20,NIFTY,2024-05-23,CE,22700,OTM1,0,False,22926.1000,229.9000,63.5000,87.8500,6.0000,1.0000,1.0020,1.2020,176.9000,2,178.5827,31.4867,0.9358,0.5538,0.9399,-3.8007,114.8102,27.9624,,15.0000,-6.6333,8.0680,13.2449,-18.4211,20.5742,-18.4211,-0.0611,next_wave
dev,5,I,2024-05-23,14:20,NIFTY,2024-05-23,CE,22800,OTM2,0,False,22926.1000,134.6000,27.0000,41.5000,1.0000,0.0000,0.9540,1.3240,103.7000,2,284.0741,49.4696,0.9358,0.4454,0.8590,-8.5007,210.1145,40.9231,,15.0000,-12.0357,36.3039,20.7281,-28.6776,32.1694,-28.6776,-0.0611,next_wave
dev,5,I,2024-06-05,14:45,NIFTY,2024-06-06,CE,21900,ITM1,1,False,22517.6500,639.8500,374.3000,514.9500,2.0000,0.0000,0.7310,0.6330,636.9000,2,70.1576,20.0188,1.0259,0.4059,0.9030,-22.2002,45.2689,17.6014,,35.0000,8.7442,12.2736,15.6521,-2.3209,15.6521,-5.5247,0.2923,failed_base
dev,5,I,2024-06-05,14:45,NIFTY,2024-06-06,CE,22000,ATM,1,False,22517.6500,548.0000,303.7500,428.7500,2.0000,0.0000,0.9770,0.7710,543.0000,2,78.7654,22.3112,1.0259,0.3905,0.8708,-30.3496,52.5187,19.3426,,35.0000,10.0274,14.6274,17.4088,-2.3723,17.4088,-6.2500,0.2923,failed_base
dev,5,I,2024-06-05,14:45,NIFTY,2024-06-06,CE,22100,OTM1,1,False,22517.6500,458.8000,241.3000,349.7000,2.0000,0.0000,0.6250,0.4240,454.9500,2,88.5412,24.9698,1.0259,0.3740,0.8292,-41.1491,61.1689,21.4669,,35.0000,11.4538,17.1642,19.9106,-2.8662,19.9106,-6.3426,0.2923,failed_base
dev,5,I,2024-06-05,14:45,NIFTY,2024-06-06,CE,22200,OTM2,1,False,22517.6500,380.0000,188.1500,279.0000,2.0000,0.0000,0.6330,0.6520,372.7000,2,98.0866,27.1130,1.0259,0.3753,0.7648,-62.3481,69.2251,23.0585,,35.0000,11.7105,15.7324,20.9737,-2.8421,20.9737,-8.1842,0.2923,failed_base
dev,5,I,2024-06-03,14:05,NIFTY,2024-06-06,CE,23000,ITM1,3,False,23262.4800,462.0000,364.4500,405.0000,2.0000,0.0000,2.2580,1.1450,448.7000,2,23.1170,11.3773,0.4996,0.3713,0.6368,-52.5287,18.5842,8.7371,,10.0000,-3.4632,0.6676,2.0671,-6.8506,14.5022,-6.8506,-0.0940,failed_base
dev,5,I,2024-06-03,14:10,NIFTY,2024-06-06,CE,23100,ATM,3,False,23272.4300,409.0000,308.4500,346.1500,3.0000,0.0000,1.6310,1.9070,387.0000,2,25.4660,12.6873,0.5757,0.3728,0.5926,-55.0166,21.2045,9.8645,,5.0000,-2.3961,1.7469,0.0611,-9.7433,14.9144,-9.7433,-0.0526,failed_base
dev,5,I,2024-06-03,14:10,NIFTY,2024-06-06,CE,23200,OTM1,3,False,23272.4300,350.4000,256.1500,291.3000,3.0000,0.0000,1.5900,2.0660,330.0000,2,28.8308,13.8636,0.5426,0.3691,0.5432,-55.9063,23.7115,8.0478,,5.0000,-2.6113,3.4754,0.2568,-10.5023,18.4075,-10.5023,-0.0526,failed_base
dev,5,I,2024-06-03,14:10,NIFTY,2024-06-06,CE,23300,OTM2,3,False,23272.4300,299.4000,209.5500,241.8500,3.0000,0.0000,2.5530,2.4640,280.2000,2,33.7151,15.0607,0.5757,0.3684,0.4924,-56.1847,26.0504,8.6000,,5.0000,-2.8056,5.3912,0.2004,-11.4896,24.9165,-11.4896,-0.0526,failed_base
dev,5,I,2024-06-07,14:25,NIFTY,2024-06-13,CE,22700,ITM1,6,True,23272.4100,631.9500,346.3000,407.3000,8.0000,1.0000,1.7040,2.0360,623.2000,2,79.9596,15.9178,1.4809,0.2103,0.8239,-13.3788,,,,,5.0716,7.6573,6.4958,-4.5019,6.4958,-4.5019,0.1622,session_end
dev,5,I,2024-06-07,14:25,NIFTY,2024-06-13,CE,22800,ATM,6,True,23272.4100,545.7500,284.1000,338.1500,7.0000,1.0000,1.2090,2.4510,542.0000,2,90.7779,17.7491,1.4809,0.2026,0.7872,-14.6552,,,,,5.8085,9.7866,7.3752,-4.8557,7.4118,-4.8557,0.1622,session_end
dev,5,I,2024-07-01,13:45,NIFTY,2024-07-04,CE,23900,ITM1,3,False,24162.8200,306.8000,244.7000,275.3000,7.0000,1.0000,1.6240,2.3820,302.8000,2,23.7434,10.0727,0.2784,0.1562,0.7790,-17.1698,16.3790,8.3307,,5.0000,-2.1675,-1.7214,2.6402,-5.3129,2.6402,-8.8168,-0.0310,failed_base
dev,5,I,2024-07-01,13:45,NIFTY,2024-07-04,CE,24000,ATM,3,False,24162.8200,229.0500,176.5000,203.4000,6.0000,1.0000,1.2980,1.9670,226.2000,2,28.1586,12.1132,0.2784,0.1499,0.6906,-20.3278,19.9698,10.3564,,5.0000,-3.0124,-2.3902,2.9906,-6.6579,2.9906,-10.6745,-0.0310,failed_base
dev,5,I,2024-07-10,13:00,NIFTY,2024-07-11,CE,24300,ITM1,1,False,24290.5500,77.0000,43.6500,57.7000,0.0000,0.0000,3.0550,2.7120,76.4500,2,75.1432,32.5049,0.4047,0.1532,0.4832,-56.3635,61.8217,23.9521,,5.0000,-13.8312,-16.3698,3.5714,-17.5325,15.0649,-51.2987,-0.0674,failed_base
dev,5,I,2024-07-18,13:20,NIFTY,2024-07-18,CE,24700,OTM1,0,False,24718.2000,56.6500,5.7000,14.8500,0.0000,0.0000,1.9200,3.6240,39.9500,2,600.8772,55.0688,0.7438,0.3031,0.5623,-38.2874,,,,,4.7661,18.7339,39.8941,-20.3001,165.6664,-20.3001,0.0876,session_end
dev,5,I,2024-07-18,13:20,NIFTY,2024-07-18,CE,24800,OTM2,0,False,24718.2000,13.9000,1.4000,3.4000,1.0000,0.0000,2.4190,3.9590,11.7000,2,735.7143,67.5214,0.7438,0.2766,0.2245,-13.9000,609.2105,69.3878,,5.0000,-15.4676,-9.5016,78.0576,-48.5612,346.4029,-92.0863,0.0876,failed_base
dev,5,I,2024-07-25,14:10,NIFTY,2024-07-25,CE,24100,ITM1,0,False,24415.1000,316.0500,183.5000,227.5500,1.0000,0.0000,0.9380,2.6010,299.0000,2,62.9428,10.6020,0.4871,0.5001,0.9825,-0.9509,20.7819,12.7923,,25.0000,-5.0467,1.2699,2.1516,-7.0084,2.1516,-10.9160,-0.0608,failed_base
dev,5,I,2024-07-25,14:10,NIFTY,2024-07-25,CE,24200,ATM,0,False,24415.1000,216.2500,93.4000,133.4500,1.0000,0.0000,0.9530,2.3020,198.8000,2,112.8480,15.5181,0.4871,0.3724,0.9731,-1.1509,32.7181,17.9453,,25.0000,-7.0058,-20.5894,3.0751,-10.4277,3.0751,-15.4220,-0.0608,failed_base
dev,5,I,2024-07-25,14:10,NIFTY,2024-07-25,CE,24300,OTM1,0,False,24415.1000,117.0000,27.0500,57.7000,1.0000,0.0000,0.8770,1.8780,101.2500,2,274.3068,27.8025,0.4435,0.2461,0.9404,-1.9009,66.4159,30.7028,,25.0000,-13.4188,-22.0561,3.9744,-19.1026,3.9744,-27.9487,-0.0608,failed_base
dev,5,I,2024-07-29,14:20,NIFTY,2024-08-01,PE,24700,OTM2,3,False,24786.7400,87.1500,27.8000,37.5500,3.0000,1.0000,3.7890,1.8560,78.3000,2,181.6547,48.7867,-0.6833,0.1395,-0.3890,-21.6373,126.9327,36.7582,,10.0000,-32.5875,-29.5501,4.4177,-36.4888,4.4177,-42.3982,0.3149,failed_base
dev,5,I,2024-07-29,14:20,NIFTY,2024-08-01,PE,24800,OTM1,3,False,24786.7400,131.4000,42.9500,58.6500,3.0000,1.0000,3.8340,1.6570,115.6000,2,169.1502,45.3287,-0.6833,0.1380,-0.5141,-22.4264,114.7943,33.3702,,10.0000,-29.9848,-26.1333,3.3105,-33.5616,3.3105,-38.4703,0.3149,failed_base
dev,5,I,2024-07-29,14:20,NIFTY,2024-08-01,PE,24900,ATM,3,False,24786.7400,187.9500,67.1500,91.7500,3.0000,1.0000,1.7330,1.2370,164.8000,2,145.4207,40.5643,-0.6744,0.1360,-0.6404,-20.4235,97.2945,28.9263,,10.0000,-26.1772,-23.0357,2.8199,-30.0878,2.8199,-33.1471,0.3149,failed_base
dev,5,I,2024-08-06,14:50,NIFTY,2024-08-08,PE,24300,ATM,2,False,23984.2400,351.0000,184.1500,242.1500,2.0000,0.0000,0.9200,0.7660,350.2500,2,90.1982,22.1271,-0.7971,0.1953,-0.8134,-22.9728,36.0403,22.8675,,5.0000,-11.1538,-11.6804,2.7066,-18.4615,2.7066,-18.4615,0.1843,failed_base
dev,5,I,2024-08-13,13:50,NIFTY,2024-08-14,PE,24100,OTM2,1,False,24189.9000,55.1500,19.5000,29.5000,0.0000,0.0000,2.5930,2.4930,47.9500,2,145.8974,31.8040,-0.4927,0.1789,-0.3485,-53.4369,192.8135,,,30.0000,42.0671,29.6327,73.6174,-4.8957,73.6174,-4.8957,-0.2357,session_end
dev,5,I,2024-08-13,13:50,NIFTY,2024-08-14,PE,24200,OTM1,1,False,24189.9000,99.8500,37.7000,54.4500,0.0000,0.0000,3.1060,2.7840,86.9500,2,130.6366,26.7970,-0.4927,0.1813,-0.5149,-70.3237,145.5617,,,30.0000,31.9980,20.6117,56.5348,-4.5068,56.5348,-4.5068,-0.2357,session_end
dev,5,I,2024-08-16,13:10,NIFTY,2024-08-22,CE,24300,ATM,6,True,24462.9000,241.1500,119.6000,144.0500,6.0000,0.0000,0.4090,0.7910,238.7000,2,99.5819,16.9041,0.8953,0.1159,0.6742,-11.1432,57.9279,13.8069,,70.0000,4.3749,3.3214,5.8885,-4.2919,38.8762,-4.2919,0.0497,next_wave
dev,5,I,2024-08-16,13:10,NIFTY,2024-08-22,CE,24400,OTM1,6,True,24462.9000,174.5500,79.5500,97.4500,5.0000,0.0000,0.6540,1.5130,173.3000,2,117.8504,20.1673,0.8953,0.1120,0.5728,-11.8361,71.9552,16.4145,,70.0000,5.0988,5.2190,7.0753,-5.3566,46.2332,-5.3566,0.0497,next_wave
dev,5,I,2024-08-16,13:10,NIFTY,2024-08-22,CE,24500,OTM2,6,True,24462.9000,118.4500,49.9000,61.6000,5.0000,0.0000,0.9280,1.6280,118.3000,2,137.0741,24.2604,0.8953,0.1080,0.4590,-11.5728,91.9643,20.0291,,70.0000,6.2896,7.2975,8.4424,-6.2051,55.1287,-6.2051,0.0497,next_wave
dev,5,I,2024-08-28,11:40,NIFTY,2024-08-29,CE,25200,OTM2,1,False,25114.8800,30.9500,10.4000,13.9000,0.0000,0.0000,3.6920,4.8760,27.6500,2,165.8654,33.0922,0.3677,0.1146,0.3012,-28.7952,141.0811,41.2556,,15.0000,-3.8772,-5.9890,44.1034,-7.1082,44.1034,-70.4362,-0.0066,failed_base
dev,5,I,2024-09-11,14:10,NIFTY,2024-09-12,PE,24800,OTM2,1,False,24955.8400,23.0000,7.8500,11.5000,0.0000,0.0000,4.4220,6.8710,19.1500,2,143.9490,36.0313,-0.4308,0.1445,-0.2090,-22.9975,240.4082,44.8441,,15.0000,20.0000,22.1871,81.3043,-3.4783,111.0870,-3.4783,-0.1250,session_end
dev,5,I,2024-09-06,14:30,NIFTY,2024-09-12,PE,24900,OTM2,6,True,24831.5900,198.2500,115.9500,145.2000,3.0000,0.0000,1.2650,1.5690,195.6500,2,68.7365,19.9336,-0.4322,0.1269,-0.5631,-13.7460,39.8979,18.8684,,35.0000,3.6570,10.1219,10.5422,-3.7074,10.5422,-18.7390,-0.0208,failed_base
dev,5,I,2024-09-11,14:10,NIFTY,2024-09-12,PE,24900,OTM1,1,False,24955.8400,51.4000,15.8000,24.2500,1.0000,0.0000,3.6970,5.4920,41.3500,2,161.7089,31.4389,-0.3554,0.1423,-0.3833,-49.3046,,,,,19.3580,21.2792,59.3385,-3.2101,91.0506,-3.2101,-0.1250,session_end
dev,5,I,2024-09-10,12:50,NIFTY,2024-09-12,CE,25000,ATM,2,False,25053.6800,117.3500,50.4000,64.9000,3.0000,0.0000,1.1650,2.0430,108.4000,2,115.0794,21.9096,0.6297,0.1158,0.5977,-23.1551,97.5192,44.2584,,65.0000,13.5066,12.3634,26.6297,-0.3409,42.4798,-30.4218,0.0908,failed_base
dev,5,I,2024-09-06,14:30,NIFTY,2024-09-12,PE,25000,OTM1,6,True,24831.5900,258.2000,161.9000,197.0000,3.0000,0.0000,1.2350,1.5240,256.0500,2,58.1532,17.2427,-0.4322,0.1254,-0.6587,-12.5473,32.0906,16.4344,,35.0000,2.7692,8.7779,8.4043,-3.2920,8.4043,-16.1503,-0.0208,failed_base
dev,5,I,2024-09-10,12:00,NIFTY,2024-09-12,CE,25100,OTM1,2,False,25009.4700,52.5000,26.5500,35.2500,2.0000,0.0000,2.8630,2.5940,44.0500,2,65.9134,21.5664,0.4890,0.1183,0.3468,-21.8978,77.5687,27.3839,128.1706,10.0000,7.5238,10.6685,16.8571,-15.1429,93.6190,-21.1429,0.0608,next_wave
dev,5,I,2024-09-06,14:30,NIFTY,2024-09-12,PE,25100,ATM,6,True,24831.5900,328.2500,219.4000,258.7000,3.0000,0.0000,1.0780,1.3230,324.5000,2,47.9034,14.5455,-0.4322,0.1247,-0.7452,-10.7443,26.5777,14.7578,,35.0000,2.1478,8.6554,6.9307,-3.5796,6.9307,-14.2727,-0.0208,failed_base
dev,5,I,2024-09-10,12:05,NIFTY,2024-09-12,CE,25200,OTM2,2,False,25009.4400,24.9500,13.8000,17.5500,3.0000,0.0000,4.7970,3.5360,22.0500,2,59.7826,25.8503,0.4889,0.1171,0.2000,-14.9064,88.0734,30.7317,152.3474,5.0000,8.8176,4.3999,19.2385,-14.6293,115.4309,-24.4489,0.0609,next_wave
dev,5,I,2024-09-06,14:30,NIFTY,2024-09-12,PE,25200,ITM1,6,True,24831.5900,406.1000,286.4000,332.2500,3.0000,0.0000,1.4200,1.5020,403.7000,2,40.9567,12.5464,-0.4322,0.1237,-0.8197,-8.5154,21.7391,12.5291,,35.0000,1.8468,4.5000,5.8360,-3.1396,5.8360,-12.0537,-0.0208,failed_base
dev,5,I,2024-09-16,11:50,NIFTY,2024-09-19,PE,25200,OTM2,3,False,25353.0200,60.3000,36.1000,42.8000,2.0000,0.0000,2.1960,1.4220,58.0500,2,60.8033,23.8587,-0.3576,0.1300,-0.3059,-18.1679,52.4887,20.1039,,5.0000,0.4975,2.1834,9.6186,-10.6965,9.6186,-43.1177,0.0023,failed_base
dev,5,I,2024-09-16,11:50,NIFTY,2024-09-19,PE,25300,OTM1,3,False,25353.0200,95.2000,57.6500,69.2000,2.0000,0.0000,2.3060,1.7300,91.5500,2,58.8031,21.2998,-0.3576,0.1277,-0.4274,-20.4105,44.5524,17.4268,,5.0000,-0.1050,2.6387,8.2458,-9.6639,8.2458,-41.5966,0.0023,failed_base
dev,5,I,2024-09-16,11:50,NIFTY,2024-09-19,PE,25400,ATM,3,False,25353.0200,143.0500,90.8500,107.5000,2.0000,0.0000,1.2680,0.8850,138.4000,2,52.3390,18.6055,-0.3576,0.1256,-0.5604,-20.1774,36.8842,16.6667,,5.0000,-0.0350,3.1123,6.5711,-8.1440,6.5711,-38.5530,0.0023,failed_base
dev,5,I,2024-09-16,11:50,NIFTY,2024-09-19,PE,25500,ITM1,3,False,25353.0200,204.6000,143.3500,165.0000,2.0000,0.0000,1.2280,0.8840,198.7000,2,38.6118,15.6769,-0.2943,0.1239,-0.6897,-17.3773,29.6926,13.8518,,5.0000,-0.4399,2.9436,5.5718,-6.8426,5.5718,-34.1153,0.0023,failed_base
dev,5,I,2024-09-25,14:10,NIFTY,2024-09-26,CE,25800,ITM1,1,False,25956.1200,178.1500,132.3000,148.8500,3.0000,0.0000,2.3490,1.6540,165.2500,2,24.9055,12.8593,0.2367,0.1367,0.7949,-22.0268,26.5972,13.7959,,10.0000,-0.2526,3.6378,2.3295,-11.7878,32.8375,-11.7878,0.0077,failed_base
dev,5,I,2024-09-25,14:10,NIFTY,2024-09-26,CE,25900,ATM,1,False,25956.1200,105.3000,72.9000,83.5000,2.0000,0.0000,2.6730,1.9020,96.5500,2,32.4417,18.0218,0.2367,0.1328,0.6203,-47.3270,36.9551,18.7269,,10.0000,-2.3267,2.7173,2.9440,-16.3818,43.6372,-16.3818,0.0077,failed_base
dev,5,I,2024-09-23,14:25,NIFTY,2024-09-26,CE,26000,OTM1,3,False,25949.9800,102.7000,66.7000,76.3500,0.0000,0.0000,4.0590,2.9390,87.2500,2,30.8096,12.2063,0.2842,0.1333,0.4393,-22.4038,35.9661,26.9803,,5.0000,-13.2911,-8.6425,-0.5355,-17.2833,-0.5355,-27.3126,-0.1006,failed_base
dev,5,I,2024-09-25,14:15,NIFTY,2024-09-26,CE,26000,OTM1,1,False,25950.0600,48.8000,33.2500,38.6500,2.0000,0.0000,2.2300,3.6210,46.9000,2,41.0526,23.8806,0.2133,0.1276,0.3907,-46.8430,50.9804,24.6753,,0.0000,1.2295,7.5422,7.5820,-16.8033,70.5943,-16.8033,0.0274,failed_base
dev,5,I,2024-09-23,14:25,NIFTY,2024-09-26,CE,26100,OTM2,3,False,25949.9800,61.8000,38.0500,44.2500,0.0000,0.0000,5.4140,4.1510,51.3000,2,34.8226,15.0097,0.2842,0.1292,0.3145,-19.0990,47.0183,32.4493,,5.0000,-14.6440,-9.1237,0.1618,-19.7411,0.1618,-30.6634,-0.1006,failed_base
dev,5,I,2024-10-03,13:25,NIFTY,2024-10-03,PE,25400,OTM1,0,False,25322.9000,88.7500,16.8500,29.0500,1.0000,0.0000,1.4390,1.2210,71.8000,2,326.1128,44.2897,-0.7194,0.2470,-0.7870,-11.6504,357.6250,,,40.0000,74.6479,81.0464,83.6620,-6.1972,106.2535,-6.1972,-0.2908,session_end
dev,5,I,2024-09-30,14:30,NIFTY,2024-10-03,PE,25900,OTM2,3,False,25819.1600,171.2000,70.3000,95.5500,2.0000,0.0000,0.9810,1.3590,163.4500,2,132.5036,20.9544,-0.7505,0.1346,-0.5977,-21.9870,41.6409,20.2459,,15.0000,-14.8657,-15.4496,6.8925,-20.4439,6.8925,-24.2991,0.1283,failed_base
dev,5,I,2024-09-30,14:30,NIFTY,2024-10-03,PE,26000,OTM1,3,False,25819.1600,238.4000,105.2000,140.2000,2.0000,0.0000,1.1640,1.3150,228.3500,2,117.0627,17.6702,-0.7505,0.1360,-0.7105,-19.0813,34.0957,16.9377,,15.0000,-12.3951,-13.3634,5.7466,-16.9673,5.7466,-20.5537,0.1283,failed_base
dev,5,I,2024-09-30,14:30,NIFTY,2024-10-03,PE,26100,ATM,3,False,25819.1600,318.7000,155.6500,201.7500,2.0000,0.0000,0.7150,1.1730,307.6500,2,97.6550,15.0333,-0.7505,0.1420,-0.7958,-15.8111,27.7735,13.9521,,25.0000,-9.3348,-15.5083,4.8008,-13.9316,4.8008,-16.4889,0.1283,failed_base
dev,5,I,2024-09-30,14:30,NIFTY,2024-10-03,PE,26200,ITM1,3,False,25819.1600,405.0000,219.9000,275.0500,2.0000,0.0000,1.1510,1.3360,392.6500,2,78.5584,12.6448,-0.7505,0.1470,-0.8604,-12.1344,22.7405,11.6033,,15.0000,-8.0247,-13.2268,3.9506,-11.5802,3.9506,-13.2346,0.1283,failed_base
dev,5,I,2024-10-07,13:15,NIFTY,2024-10-10,PE,25000,OTM1,3,False,24830.3200,285.9500,110.4000,149.2000,3.0000,0.0000,0.6520,0.5830,285.0000,2,158.1522,46.7193,-1.1702,0.2069,-0.6358,-30.9962,134.8699,25.6694,,40.0000,14.6354,17.9622,22.3640,-10.9285,24.7246,-23.5531,-0.2466,failed_base
dev,5,I,2024-10-07,13:15,NIFTY,2024-10-10,PE,25100,ATM,3,False,24830.3200,352.8000,146.0000,192.1500,4.0000,0.0000,0.7340,0.9020,350.5000,2,140.0685,43.0100,-1.1702,0.2053,-0.7126,-27.2991,116.5207,24.0694,,40.0000,13.5913,16.1689,20.4649,-9.4246,22.5907,-20.6066,-0.2466,failed_base
dev,5,I,2024-10-07,13:15,NIFTY,2024-10-10,PE,25200,ITM1,3,False,24830.3200,426.7500,192.4000,247.9500,4.0000,0.0000,0.5090,0.6270,423.7500,2,120.2443,39.3392,-1.1702,0.2033,-0.7820,-22.6072,99.9027,21.4168,,40.0000,13.7786,16.8003,18.3948,-8.5647,20.4101,-17.9613,-0.2466,failed_base
dev,5,I,2024-10-17,14:50,NIFTY,2024-10-17,PE,24900,OTM1,0,False,24749.7000,151.1000,61.0000,103.2000,1.0000,0.0000,0.9030,1.4130,150.7000,2,147.0492,12.2760,-0.3551,0.3600,-0.9730,-0.8003,,,,,-1.5553,19.9159,2.1178,-5.1291,2.1178,-5.1291,0.0067,session_end
dev,5,I,2024-10-17,14:50,NIFTY,2024-10-17,PE,25000,ATM,0,False,24749.7000,250.5500,147.7500,197.4000,1.0000,0.0000,1.4580,2.0980,250.0000,2,69.2047,7.7200,-0.3551,0.4737,-0.9925,-0.2503,,,,,-0.6386,23.8000,1.2772,-2.9535,1.2772,-2.9535,0.0067,session_end
dev,5,I,2024-10-17,14:50,NIFTY,2024-10-17,PE,25100,ITM1,0,False,24749.7000,350.8000,243.4500,294.3000,1.0000,0.0000,1.0020,2.8740,349.7500,2,43.6640,5.6040,-0.3256,0.6911,-0.9900,-0.5003,,,,,-0.7982,4.1232,0.6556,-2.2377,0.6556,-2.2377,0.0067,session_end
dev,5,I,2024-10-16,14:35,NIFTY,2024-10-17,CE,25200,OTM2,1,False,25075.7800,28.3500,13.4000,17.3500,0.0000,0.0000,4.5180,7.8650,23.3500,2,74.2537,20.9850,0.4941,0.1394,0.2543,-28.3476,78.0488,35.4642,,5.0000,-51.6755,-68.0648,-0.3527,-58.3774,-0.3527,-70.8995,-0.2523,failed_base
dev,5,I,2024-10-29,14:10,NIFTY,2024-10-31,CE,24200,ITM1,2,False,24442.8300,272.0500,106.1500,133.9000,0.0000,0.0000,1.8370,2.7900,218.9500,2,106.2647,29.4588,0.9640,0.1524,0.8100,-18.5104,,,,,4.0250,6.7545,8.4359,-11.2112,16.4492,-11.2112,0.0600,session_end
dev,5,I,2024-10-29,14:10,NIFTY,2024-10-31,CE,24300,ATM,2,False,24442.8300,192.5500,65.0000,82.6500,0.0000,0.0000,1.9800,2.9250,148.0000,2,127.6923,35.1689,0.9640,0.1457,0.7057,-24.6283,,,,,2.8045,8.3554,9.0626,-15.4246,18.0732,-15.4246,0.0600,session_end
dev,5,I,2024-10-29,14:10,NIFTY,2024-10-31,CE,24400,OTM1,2,False,24442.8300,123.5500,36.5000,46.7500,0.0000,0.0000,4.6790,3.8940,90.8000,2,148.7671,40.6938,0.9640,0.1378,0.5692,-27.9539,,,,,3.2376,10.8447,10.8053,-20.0324,20.2752,-20.0324,0.0600,session_end
dev,5,I,2024-10-29,14:10,NIFTY,2024-10-31,CE,24500,OTM2,2,False,24442.8300,70.7000,19.7500,24.9000,0.0000,0.0000,4.1670,3.6220,49.7500,2,151.8987,44.8241,0.9640,0.1319,0.4085,-26.3247,188.5246,33.3965,,20.0000,1.9802,13.0406,12.0226,-25.3890,23.1259,-25.3890,0.0600,session_end
dev,5,I,2024-11-11,13:25,NIFTY,2024-11-14,PE,23900,OTM2,3,False,24212.7600,30.2500,15.7500,23.9000,8.0000,0.0000,1.8940,1.3640,29.7500,2,88.8889,27.2269,-0.3153,0.1490,-0.1696,-13.5451,155.8891,48.0144,,65.0000,40.3306,38.7410,47.7686,-11.7355,83.1405,-14.0496,-0.3004,failed_base
dev,5,I,2024-11-19,15:00,NIFTY,2024-11-21,PE,23400,OTM2,2,False,23546.7200,46.8500,9.9000,12.5500,4.0000,0.0000,7.6930,6.8170,17.2500,2,74.2424,28.4058,-0.8970,0.1496,-0.2852,-24.1530,557.0850,41.7129,,10.0000,86.1259,50.5790,99.8933,0.9605,99.8933,0.9605,-0.3751,session_end
dev,5,I,2024-11-19,14:35,NIFTY,2024-11-21,PE,23500,OTM1,2,False,23683.1300,33.8500,17.6000,22.1000,0.0000,0.0000,3.3830,3.1480,33.0000,2,87.5000,27.4242,-0.3228,0.1419,-0.2304,-19.6806,50.9395,25.0346,,0.0000,197.0458,97.3529,274.8892,-19.9409,321.5657,-19.9409,-0.7336,next_wave
dev,5,I,2024-11-19,14:35,NIFTY,2024-11-21,PE,23600,ATM,2,False,23683.1300,60.4000,32.8500,40.9000,0.0000,0.0000,3.9220,3.7140,59.4000,2,80.8219,24.4949,-0.3228,0.1367,-0.3633,-25.3706,,,,,155.7119,81.3286,212.5828,-17.2185,244.9503,-17.2185,-0.7336,session_end
dev,5,I,2024-11-19,14:35,NIFTY,2024-11-21,PE,23700,ITM1,2,False,23683.1300,102.2000,60.1500,72.9500,0.0000,0.0000,3.3010,3.7730,100.6500,2,67.3317,22.0070,-0.3012,0.1325,-0.5265,-26.6660,,,,,120.9883,67.4066,158.5127,-15.9980,181.8004,-15.9980,-0.7336,session_end
dev,5,I,2024-12-03,13:40,NIFTY,2024-12-05,CE,24200,ITM1,2,False,24464.6400,319.5500,210.0000,253.9500,3.0000,0.0000,1.8030,3.1970,308.7000,2,47.0000,12.7308,0.6233,0.2078,0.7583,-30.4816,23.5709,8.9066,,10.0000,0.8449,1.9627,4.1777,-3.5362,4.1777,-11.4693,0.0298,failed_base
dev,5,I,2024-12-03,13:40,NIFTY,2024-12-05,CE,24300,ATM,2,False,24464.6400,242.1000,152.3000,188.0000,2.0000,0.0000,1.5350,3.0800,231.8500,2,52.2324,14.6647,0.6233,0.1980,0.6768,-35.2559,28.7339,11.0522,,10.0000,0.9913,4.9737,5.2045,-3.7381,5.2045,-13.6720,0.0298,failed_base
dev,5,I,2024-12-03,13:40,NIFTY,2024-12-05,CE,24400,OTM1,2,False,24464.6400,173.7000,105.2500,128.7500,4.0000,0.0000,1.6160,3.1560,164.0000,2,55.8195,16.4939,0.6233,0.1892,0.5761,-37.9808,34.9398,13.7987,,10.0000,0.6908,4.6360,6.3903,-5.3541,6.3903,-16.7242,0.0298,failed_base
dev,5,I,2024-12-05,14:20,NIFTY,2024-12-05,CE,24400,ITM1,0,False,24775.5000,388.0000,101.8000,126.7000,5.0000,0.0000,1.2420,1.7730,317.1000,2,211.4931,27.4992,1.6944,1.0045,0.9071,-12.5003,109.5259,55.9477,,25.0000,3.5567,4.4996,24.1495,-6.1469,24.1495,-82.6546,0.0840,failed_base
dev,5,I,2024-12-03,13:40,NIFTY,2024-12-05,CE,24500,OTM2,2,False,24464.6400,116.2500,67.3500,82.7500,3.0000,0.0000,2.2360,3.4760,107.5000,2,59.6140,18.6047,0.6233,0.1809,0.4604,-36.9869,43.4857,17.0848,,10.0000,0.8602,5.2697,8.0000,-5.6774,8.0000,-18.7957,0.0298,failed_base
dev,5,I,2024-12-05,14:20,NIFTY,2024-12-05,CE,24500,ATM,0,False,24775.5000,293.4000,66.8500,84.8000,2.0000,0.0000,0.9280,1.8800,243.9500,2,264.9215,33.7159,1.6944,0.8924,0.8624,-17.9003,137.6623,64.6760,,25.0000,3.1868,6.9090,30.9816,-7.8391,30.9816,-85.7192,0.0840,failed_base
dev,5,I,2024-12-05,14:20,NIFTY,2024-12-05,CE,24600,OTM1,0,False,24775.5000,206.3000,39.9000,51.7500,0.0000,0.0000,0.7760,1.6180,174.0000,2,336.0902,40.7471,1.6944,0.8226,0.7744,-30.8002,176.3337,71.7620,,20.0000,-0.7029,14.2263,38.0999,-10.1794,38.0999,-93.7227,0.0840,failed_base
dev,5,I,2024-12-05,14:25,NIFTY,2024-12-05,CE,24700,OTM2,0,False,24764.6000,120.1000,20.9000,27.0500,1.0000,0.0000,0.9930,1.8810,115.6000,2,453.1100,49.6972,1.6496,0.7644,0.6223,-55.4443,238.7790,80.7107,,10.0000,-66.4446,-60.0696,64.0300,-68.3597,64.0300,-96.6694,-0.7309,failed_base
dev,5,I,2024-12-10,12:45,NIFTY,2024-12-12,PE,24400,OTM2,2,False,24534.3600,75.3000,35.9500,43.2500,0.0000,0.0000,4.0680,5.7660,71.0000,2,97.4965,37.3239,-0.4433,0.1773,-0.3395,-32.1969,85.3933,23.1515,,5.0000,-8.3665,-2.8702,1.1952,-18.9243,12.6826,-46.3479,0.0355,failed_base
dev,5,I,2024-12-10,12:50,NIFTY,2024-12-12,PE,24500,OTM1,2,False,24539.0500,111.8500,60.7000,72.3000,1.0000,0.0000,2.0030,3.5940,110.0000,2,81.2191,33.0909,-0.4243,0.1754,-0.4497,-35.4450,69.7690,19.9280,,0.0000,4.0232,9.4815,6.3478,-13.7684,14.3496,-38.4890,-0.0545,failed_base
dev,5,I,2024-12-10,12:45,NIFTY,2024-12-12,PE,24600,ATM,2,False,24534.3600,165.9000,97.2000,114.3500,0.0000,0.0000,1.9630,3.7310,158.5500,2,63.1173,26.9316,-0.4433,0.1750,-0.5767,-34.7486,53.6470,16.2079,,5.0000,-3.8577,1.6580,0.9644,-12.4774,11.2417,-32.9114,0.0355,failed_base
dev,5,I,2024-12-10,12:45,NIFTY,2024-12-12,PE,24700,ITM1,2,False,24534.3600,231.0000,147.3000,169.7000,0.0000,0.0000,1.3980,2.3010,219.4000,2,48.9477,20.9435,-0.4433,0.1767,-0.6889,-30.4246,40.2133,12.9317,,5.0000,-3.3766,1.3933,0.6277,-10.0000,9.5455,-26.3636,0.0355,failed_base
dev,5,I,2024-12-13,13:05,NIFTY,2024-12-19,CE,24700,OTM2,6,True,24680.4800,168.4000,38.4000,47.9000,3.0000,0.0000,3.4010,1.2760,145.7000,2,279.4271,36.1702,1.3276,0.1399,0.4856,-15.1957,119.0860,23.3865,,90.0000,-7.6900,-5.3679,2.1378,-26.3658,21.7340,-26.3658,-0.0288,session_end
dev,5,I,2024-12-24,13:50,NIFTY,2024-12-26,PE,23900,ITM1,2,False,23753.4700,170.1500,91.9000,113.8000,0.0000,0.0000,1.3960,1.9260,152.0500,2,65.4516,32.3907,-0.4800,0.1053,-0.7796,-13.9461,71.0117,19.7099,,25.0000,6.6706,8.7515,9.6092,-17.0438,9.6092,-17.0438,-0.0634,failed_base
dev,5,I3,2024-09-10,12:50,NIFTY,2024-09-12,CE,25100,OTM1,2,False,25053.6800,66.3000,26.5500,35.2500,2.0000,0.0000,2.3280,3.5150,61.3500,3,77.5687,27.3839,0.6667,0.1151,0.4180,-23.2891,128.1706,41.4658,,65.0000,16.3650,11.7627,34.7662,-0.7541,53.3183,-37.5566,0.0908,failed_base
dev,5,I3,2024-09-10,12:50,NIFTY,2024-09-12,CE,25200,OTM2,2,False,25053.6800,32.9500,13.8000,17.5500,2.0000,0.0000,1.9340,2.9790,30.7500,3,88.0734,30.7317,0.6667,0.1145,0.2532,-17.6308,152.3474,48.2791,,65.0000,18.8164,13.1905,41.1229,-1.3657,63.1259,-42.7921,0.0908,failed_base
dev,5,I3,2024-11-19,15:00,NIFTY,2024-11-21,PE,23500,OTM1,2,False,23546.7200,80.7000,17.6000,22.1000,0.0000,0.0000,6.6240,6.3400,36.1500,3,50.9395,25.0346,-0.8970,0.1466,-0.4255,-28.9170,,,,,60.8426,36.0069,76.8278,0.7435,76.8278,0.7435,-0.3751,session_end
