period,tf_min,control,date,time,symbol,expiry,CE_PE,strike,moneyness_0920,DTE,strike_set_hindsight,spot,option_price,base_low,base_high,number_of_resistance_tests,higher_low_count,volume_ratio,volume_ratio_breakout_bar,breakout_price,wave_number,prev_expansion_pct_known,prev_retracement_pct_known,nifty_move_since_start_pct_known,IV,delta,theta_per_day,OUTCOME_expansion_size_pct,OUTCOME_retracement_size_pct,OUTCOME_next_expansion_size_pct,OUTCOME_expansion_duration_min,OUTCOME_r30_pct,OUTCOME_excess30_vs_matched_pct,OUTCOME_MFE30_pct,OUTCOME_MAE30_pct,OUTCOME_MFE_session_pct,OUTCOME_MAE_session_pct,OUTCOME_NIFTY_move_30m_pct,outcome
blind,5,G,2025-12-31,12:15,NIFTY,2026-01-06,CE,26100,OTM1,6,True,26131.1700,115.8500,89.3500,105.6000,0.0000,0.0000,1.8900,1.9310,105.6000,1,,,0.1408,0.0737,0.5510,-8.3790,82.4287,,,50.0000,14.4584,12.5863,14.6310,-2.9348,45.7920,-2.9348,0.0968,session_end
blind,5,G,2026-01-02,11:30,NIFTY,2026-01-06,CE,26100,ITM1,4,True,26296.3000,214.0000,191.0000,206.9500,0.0000,0.0000,1.4550,1.2010,206.9500,1,,,0.0769,0.0723,0.8342,-6.0024,25.4450,13.4599,,70.0000,2.4766,3.5869,6.6121,-0.7710,22.1495,-3.1075,0.0219,stalled
blind,5,G,2026-01-05,11:30,NIFTY,2026-01-06,PE,26100,OTM2,1,False,26329.2900,9.1000,7.2500,9.0500,0.0000,0.0000,1.7780,1.6620,9.0500,1,,,-0.1846,0.1231,-0.1038,-9.0920,46.8966,27.2300,,5.0000,-8.7912,3.8520,11.5385,-16.4835,161.5385,-30.7692,0.0053,failed_base
blind,5,G,2026-01-05,13:20,NIFTY,2026-01-06,PE,26100,OTM2,1,False,26298.7000,9.2000,6.3000,8.9000,0.0000,0.0000,3.7030,2.1960,8.9000,1,,,-0.1332,0.1153,-0.1138,-9.1999,62.6984,23.9024,,15.0000,17.3913,13.7543,17.3913,-15.2174,158.6957,-15.2174,-0.1289,failed_base
blind,5,G,2026-01-06,11:25,NIFTY,2026-01-06,PE,26100,OTM1,0,False,26155.7500,10.3000,2.7500,5.7500,0.0000,0.0000,4.8830,4.8680,5.7500,1,,,-0.3072,0.1350,-0.2316,-10.3000,427.2727,63.1034,,5.0000,-64.0777,-90.8436,14.0777,-69.9029,14.0777,-99.5146,0.1277,failed_base
blind,5,G,2025-12-31,12:15,NIFTY,2026-01-06,CE,26200,OTM2,6,True,26131.1700,66.7500,48.5000,59.2000,0.0000,0.0000,2.0450,2.2420,59.2000,1,,,0.1408,0.0720,0.3904,-7.9182,114.1237,,,50.0000,19.1760,17.9012,19.3258,-3.3708,60.2247,-3.3708,0.0968,session_end
blind,5,G,2026-01-02,11:35,NIFTY,2026-01-06,CE,26200,ATM,4,True,26303.0500,138.2000,114.4500,129.9000,0.0000,0.0000,1.8330,1.4110,129.9000,1,,,0.1183,0.0679,0.7067,-8.2044,34.8187,17.0447,,65.0000,0.3980,-8.9656,4.9204,-3.3647,25.7236,-9.5152,0.0040,failed_base
blind,5,G,2026-01-01,12:15,NIFTY,2026-01-06,PE,26200,ATM,5,True,26154.2700,106.9500,81.4500,105.3500,0.0000,0.0000,0.7090,1.1890,105.3500,1,,,-0.1331,0.0663,-0.5858,-8.1788,39.1037,15.5340,,10.0000,-3.8336,-3.8686,5.9374,-10.5189,5.9374,-24.6844,0.0216,failed_base
blind,5,G,2026-01-05,11:30,NIFTY,2026-01-06,PE,26200,OTM1,1,False,26329.2900,19.8500,14.3000,19.1000,0.0000,0.0000,2.0160,1.6590,19.1000,1,,,-0.1846,0.1098,-0.2130,-19.4485,64.6853,29.7240,,5.0000,-7.8086,-4.8852,12.8463,-17.8841,187.9093,-34.0050,0.0053,failed_base
blind,5,G,2026-01-05,13:35,NIFTY,2026-01-06,PE,26200,OTM1,1,False,26285.7700,23.6500,15.3000,21.9000,0.0000,0.0000,1.8940,1.9610,21.9000,1,,,-0.1409,0.0992,-0.2714,-23.4762,273.5294,,,40.0000,103.3827,61.3814,116.7019,-18.6047,141.6490,-18.6047,-0.2747,session_end
blind,5,G,2026-01-02,11:35,NIFTY,2026-01-06,CE,26300,OTM1,4,True,26303.0500,73.5000,57.5000,68.0000,0.0000,0.0000,2.2480,1.5150,68.0000,1,,,0.1183,0.0643,0.5077,-9.2226,35.8261,12.2919,23.9416,25.0000,-0.5442,-9.2493,6.2585,-5.6463,34.4218,-15.2381,0.0040,next_wave
blind,5,G,2026-01-01,12:15,NIFTY,2026-01-06,PE,26300,ITM1,5,True,26154.2700,173.3500,138.2500,171.1500,0.0000,0.0000,0.7450,1.3440,171.1500,1,,,-0.1331,0.0649,-0.7630,-6.1458,31.3201,12.6136,,10.0000,-3.3170,-3.5308,4.7303,-8.4800,4.7303,-19.7866,0.0216,failed_base
blind,5,G,2026-01-02,14:45,NIFTY,2026-01-06,PE,26300,ITM1,4,True,26297.9000,67.9000,60.6500,66.1500,0.0000,0.0000,2.2720,2.2340,66.1500,1,,,-0.0721,0.0607,-0.5034,-8.8694,17.7246,12.6751,,10.0000,-17.0839,-13.0816,5.1546,-24.3004,5.1546,-30.1915,0.1013,failed_base
blind,5,G,2026-01-05,11:30,NIFTY,2026-01-06,PE,26300,ATM,1,False,26329.2900,45.1500,31.1500,42.5500,0.0000,0.0000,1.9030,1.7730,42.5500,1,,,-0.1846,0.0988,-0.4199,-34.6185,68.0578,27.8892,,5.0000,-5.6478,3.8028,12.8461,-16.3898,172.6467,-30.8970,0.0053,failed_base
blind,5,G,2026-01-05,13:20,NIFTY,2026-01-06,PE,26300,ATM,1,False,26298.7000,53.2500,31.2000,47.2500,0.0000,0.0000,2.8610,1.9630,47.2500,1,,,-0.1332,0.0917,-0.5028,-37.4531,294.5513,,,55.0000,30.6103,15.1796,30.6103,-12.1127,131.1737,-12.1127,-0.1289,session_end
blind,5,G,2026-01-06,14:00,NIFTY,2026-01-06,PE,26300,ITM1,0,False,26153.9000,146.3500,105.5000,145.8500,0.0000,0.0000,1.0310,1.7220,145.8500,1,,,-0.0506,0.1871,-0.9885,-0.2507,61.8009,21.5876,,20.0000,3.5531,-6.6124,16.6382,-9.1220,16.6382,-19.0297,-0.0170,failed_base
blind,5,G,2026-01-02,11:35,NIFTY,2026-01-06,CE,26400,OTM2,4,True,26303.0500,32.6000,23.9500,29.4500,0.0000,0.0000,2.0740,1.3870,29.4500,1,,,0.1183,0.0630,0.2933,-7.6453,46.3466,17.6890,33.9688,25.0000,-2.4540,3.2810,7.5153,-9.3558,40.9509,-25.3067,0.0040,next_wave
blind,5,G,2026-01-05,11:30,NIFTY,2026-01-06,PE,26400,ITM1,1,False,26329.2900,98.7000,69.8000,92.7000,0.0000,0.0000,1.6630,2.0470,92.7000,1,,,-0.1846,0.0949,-0.6903,-25.6641,58.9542,23.4340,,40.0000,-2.5329,6.0337,10.6890,-12.2087,114.3870,-21.4286,0.0053,failed_base
blind,5,G,2026-01-05,13:20,NIFTY,2026-01-06,PE,26400,ITM1,1,False,26298.7000,118.4500,77.5500,105.2000,0.0000,0.0000,2.0260,1.5660,105.2000,1,,,-0.1332,0.0925,-0.7755,-17.1023,172.8562,,,55.0000,22.8366,11.2938,22.8366,-7.6826,78.6408,-7.6826,-0.1289,session_end
blind,5,G,2026-01-12,11:25,NIFTY,2026-01-13,PE,25400,OTM2,1,False,25526.7100,31.7000,20.0000,28.6500,0.0000,0.0000,1.8130,2.8730,28.6500,1,,,-0.2860,0.1382,-0.2611,-30.1952,117.7500,53.5017,,15.0000,20.8202,31.1174,37.3817,-6.9401,37.3817,-84.5426,-0.0846,failed_base
blind,5,G,2026-01-12,15:00,NIFTY,2026-01-13,CE,25500,ITM1,1,False,25826.6900,334.5500,235.1000,297.2000,0.0000,0.0000,0.9850,1.7270,297.2000,1,,,0.2649,0.1687,0.9236,-7.8599,,,,,-5.9333,-4.1971,-1.4796,-9.8341,-1.4796,-9.8341,-0.0711,session_end
blind,5,G,2026-01-12,11:25,NIFTY,2026-01-13,PE,25500,OTM1,1,False,25526.7100,63.0000,38.6500,55.0000,0.0000,0.0000,1.6760,3.2660,55.0000,1,,,-0.2860,0.1312,-0.4424,-45.5734,111.5136,51.1315,,15.0000,16.6667,25.4928,29.7619,-6.1905,29.7619,-88.6508,-0.0846,failed_base
blind,5,G,2026-01-12,15:00,NIFTY,2026-01-13,CE,25600,ATM,1,False,25826.6900,240.8000,150.0000,205.8000,0.0000,0.0000,1.2510,1.6210,205.8000,1,,,0.2649,0.1516,0.8650,-14.1095,,,,,-8.4302,-6.4109,-0.2907,-13.2267,-0.2907,-13.2267,-0.0711,session_end
blind,5,G,2026-01-12,11:25,NIFTY,2026-01-13,PE,25600,ATM,1,False,25526.7100,116.8000,72.4000,101.6500,0.0000,0.0000,0.7360,1.9730,101.6500,1,,,-0.2860,0.1290,-0.6511,-37.8961,96.8232,45.4035,,15.0000,13.0993,21.9260,22.0034,-4.8373,22.0034,-89.8545,-0.0846,failed_base
blind,5,G,2026-01-13,12:55,NIFTY,2026-01-13,PE,25600,OTM2,0,False,25662.6500,15.0000,2.5000,7.6000,0.0000,0.0000,4.0120,2.3930,7.6000,1,,,-0.5067,0.2192,-0.2574,-15.0000,890.0000,78.1818,,15.0000,-32.6667,-38.5539,65.0000,-40.0000,65.0000,-99.6667,0.0240,failed_base
blind,5,G,2026-01-12,12:20,NIFTY,2026-01-13,CE,25700,OTM1,1,False,25618.7700,45.2500,15.1000,25.5000,0.0000,0.0000,6.3750,2.7200,25.5000,1,,,0.2615,0.1392,0.3428,-41.4106,721.1921,40.0403,,35.0000,130.6077,73.3559,174.0331,-1.4365,251.3812,-1.4365,0.4341,next_wave
blind,5,G,2026-01-09,11:05,NIFTY,2026-01-13,PE,25700,OTM2,4,True,25848.5100,37.4000,23.3500,32.7000,0.0000,0.0000,1.1570,1.9630,32.7000,1,,,-0.3271,0.0849,-0.2615,-9.4739,326.7666,36.1766,,110.0000,9.6257,0.0333,10.4278,-10.5615,213.9037,-10.5615,-0.0744,stalled
blind,5,G,2026-01-12,11:25,NIFTY,2026-01-13,PE,25700,ITM1,1,False,25526.7100,192.3000,129.2000,173.0500,0.0000,0.0000,0.6390,1.5240,173.0500,1,,,-0.2860,0.1320,-0.8162,-18.7960,74.1486,38.2222,,25.0000,9.8804,18.0215,17.0047,-3.0941,17.0047,-87.4935,-0.0846,failed_base
blind,5,G,2026-01-13,12:10,NIFTY,2026-01-13,PE,25700,OTM1,0,False,25740.0000,22.6000,8.3000,22.1000,0.0000,0.0000,1.6150,1.6030,22.1000,1,,,-0.1486,0.1969,-0.3421,-22.6000,910.8434,63.4088,216.6124,60.0000,32.0796,25.3120,92.2566,-12.6106,330.0885,-99.7788,-0.1028,next_wave
blind,5,G,2026-01-12,12:20,NIFTY,2026-01-13,CE,25800,OTM2,1,False,25618.7700,20.6500,7.3500,11.4500,0.0000,0.0000,6.6690,3.1280,11.4500,1,,,0.2615,0.1418,0.1870,-20.5533,878.9116,48.5059,,35.0000,185.9564,95.7379,248.4262,-1.2107,333.1719,-1.2107,0.4341,next_wave
blind,5,G,2026-01-09,11:00,NIFTY,2026-01-13,PE,25800,OTM1,4,True,25859.6700,64.2000,42.2500,58.2500,0.0000,0.0000,1.9850,1.0970,58.2500,1,,,-0.2439,0.0824,-0.3948,-11.1398,276.9231,30.8634,,115.0000,5.8411,8.3346,16.0436,-4.1277,187.6168,-4.1277,-0.0550,stalled
blind,5,G,2026-01-13,12:10,NIFTY,2026-01-13,PE,25800,ATM,0,False,25740.0000,76.9500,33.2000,69.7000,0.0000,0.0000,0.7430,1.0710,69.7000,1,,,-0.1486,0.1994,-0.7246,-16.9510,426.2048,37.3497,78.5747,60.0000,24.4314,16.3846,45.9389,-7.5374,153.9961,-39.0513,-0.1028,next_wave
blind,5,G,2026-01-20,13:45,NIFTY,2026-01-20,PE,25400,OTM2,0,False,25380.2500,40.9000,15.5000,30.0000,0.0000,0.0000,1.7040,3.1650,30.0000,1,,,-0.2072,0.2095,-0.6030,-21.1417,251.9355,57.1952,,25.0000,5.5012,22.9205,33.3741,-21.8826,330.1956,-44.9878,-0.0282,failed_base
blind,5,G,2026-01-14,13:30,NIFTY,2026-01-20,PE,25500,OTM2,6,True,25731.0300,44.4000,35.4500,41.7000,0.0000,0.0000,2.0250,2.3600,41.7000,1,,,-0.2144,0.0972,-0.2339,-8.2822,90.1269,18.8427,36.0146,45.0000,45.1577,35.6659,51.6892,-2.5901,67.5676,-2.5901,-0.2952,next_wave
blind,5,G,2026-01-16,12:45,NIFTY,2026-01-20,PE,25500,OTM2,4,True,25787.3400,23.0000,15.9000,21.6000,0.0000,0.0000,0.7580,1.3580,21.6000,1,,,-0.2183,0.1041,-0.1540,-8.1455,172.6415,,,50.0000,13.4783,7.0300,21.7391,-12.1739,88.4783,-12.1739,-0.1577,session_end
blind,5,G,2026-01-20,12:15,NIFTY,2026-01-20,PE,25500,OTM1,0,False,25436.1500,79.7500,40.3000,76.7500,0.0000,0.0000,0.9470,1.5730,76.7500,1,,,-0.1082,0.2043,-0.7374,-15.8984,137.3449,33.1939,124.1002,35.0000,12.6646,8.6830,19.9373,-14.6708,245.9561,-19.8746,-0.0592,next_wave
blind,5,G,2026-01-14,11:25,NIFTY,2026-01-20,CE,25600,ITM1,6,True,25761.2600,229.8000,177.0000,229.7500,0.0000,0.0000,0.7730,0.9530,229.7500,1,,,0.2198,0.1008,0.6856,-9.9755,51.1017,17.6482,,30.0000,11.5970,11.4577,16.3838,-2.1976,16.3838,-38.7728,0.1518,failed_base
blind,5,G,2026-01-14,13:30,NIFTY,2026-01-20,PE,25600,OTM1,6,True,25731.0300,68.3000,53.6500,63.8500,0.0000,0.0000,2.1710,2.1460,63.8500,1,,,-0.2144,0.0930,-0.3328,-9.5431,108.3877,,,65.0000,44.2167,33.5793,50.1464,-2.1230,63.6896,-2.1230,-0.2952,session_end
blind,5,G,2026-01-16,12:35,NIFTY,2026-01-20,PE,25600,OTM1,4,True,25797.4700,37.3000,26.2000,34.8500,0.0000,0.0000,3.5090,3.4270,34.8500,1,,,-0.2723,0.0998,-0.2325,-10.4192,88.3588,27.7609,101.9635,5.0000,25.4692,18.9064,32.3056,-4.1555,93.0295,-4.1555,-0.1679,next_wave
blind,5,G,2026-01-20,12:15,NIFTY,2026-01-20,PE,25600,ATM,0,False,25436.1500,168.7500,112.7000,159.5500,0.0000,0.0000,0.7300,1.2770,159.5500,1,,,-0.0617,0.2462,-0.9118,-4.8984,68.5892,18.0789,56.4407,35.0000,8.4444,7.2760,12.5926,-6.2815,122.6370,-7.7630,-0.0592,next_wave
blind,5,G,2026-01-14,11:25,NIFTY,2026-01-20,CE,25700,ATM,6,True,25761.2600,163.7000,120.7000,163.1500,0.0000,0.0000,0.7160,1.1580,163.1500,1,,,0.2198,0.0981,0.5759,-10.8347,61.8476,17.9678,,30.0000,13.1949,12.0550,19.3341,-2.9933,19.3341,-43.7996,0.1518,failed_base
blind,5,G,2026-01-14,13:30,NIFTY,2026-01-20,PE,25700,ATM,6,True,25731.0300,104.8000,82.0000,97.5000,0.0000,0.0000,2.4070,2.5860,97.5000,1,,,-0.2144,0.0904,-0.4560,-10.1993,99.9390,,,65.0000,40.0286,30.7706,45.0382,-2.0515,56.4408,-2.0515,-0.2952,session_end
blind,5,G,2026-01-16,12:35,NIFTY,2026-01-20,PE,25700,ATM,4,True,25797.4700,64.3000,44.0500,58.6000,0.0000,0.0000,3.2820,3.5720,58.6000,1,,,-0.2723,0.0971,-0.3547,-12.7141,161.0670,,,60.0000,23.7170,16.5425,30.0156,-3.1104,78.8491,-3.1104,-0.1679,session_end
blind,5,G,2026-01-20,11:10,NIFTY,2026-01-20,PE,25700,ITM1,0,False,25451.8500,250.4000,195.5500,246.6000,0.0000,0.0000,0.4070,0.6900,246.6000,1,,,-0.1017,0.2485,-0.9602,-2.2452,30.8105,20.0938,,15.0000,-8.5463,-7.8423,2.1565,-10.3235,90.2756,-18.3706,0.0867,failed_base
blind,5,G,2026-01-20,12:15,NIFTY,2026-01-20,PE,25700,ITM1,0,False,25436.1500,266.3000,204.4000,255.8000,0.0000,0.0000,1.0590,1.3960,255.8000,1,,,-0.0617,0.3065,-0.9595,-2.4485,40.8513,11.8270,35.1192,35.0000,5.8768,1.2302,8.1112,-3.9992,78.9148,-4.6752,-0.0592,next_wave
blind,5,G,2026-01-14,11:35,NIFTY,2026-01-20,CE,25800,OTM1,6,True,25792.9900,124.5000,78.5000,109.9000,0.0000,0.0000,1.8550,1.9920,109.9000,1,,,0.3433,0.0958,0.4932,-10.8178,70.5096,20.9189,,20.0000,3.2129,6.4859,7.5100,-6.2651,7.5100,-53.4538,0.0556,failed_base
blind,5,G,2026-01-14,13:30,NIFTY,2026-01-20,PE,25800,ITM1,6,True,25731.0300,155.8000,122.9500,144.9000,0.0000,0.0000,1.3990,1.6960,144.9000,1,,,-0.2144,0.0891,-0.5891,-9.8261,86.4172,,,65.0000,33.6970,25.2322,38.5109,-1.9576,47.1117,-1.9576,-0.2952,session_end
blind,5,G,2026-01-16,12:35,NIFTY,2026-01-20,PE,25800,ITM1,4,True,25797.4700,105.7000,72.4000,96.7000,0.0000,0.0000,1.8170,2.7900,96.7000,1,,,-0.2723,0.0956,-0.5015,-13.5306,140.1934,,,60.0000,21.1447,15.7478,26.1116,-2.5071,64.5222,-2.5071,-0.1679,session_end
blind,5,G,2026-01-21,14:00,NIFTY,2026-01-27,PE,25000,OTM2,6,True,25181.6400,100.7000,65.9000,96.0000,0.0000,0.0000,0.9910,1.2230,96.0000,1,,,-0.5753,0.1372,-0.3375,-13.8878,59.7876,28.7274,,10.0000,5.3128,8.2508,5.7597,-25.4717,5.7597,-25.4717,-0.1602,failed_base
blind,5,G,2026-01-21,14:00,NIFTY,2026-01-27,PE,25100,OTM1,6,True,25181.6400,132.9500,84.6500,124.4000,0.0000,0.0000,0.9040,1.0320,124.4000,1,,,-0.3522,0.1322,-0.4206,-14.3955,63.9693,26.8012,,10.0000,6.8071,8.8685,7.0703,-23.5803,7.0703,-23.5803,-0.1602,failed_base
blind,5,G,2026-01-23,11:45,NIFTY,2026-01-27,PE,25100,OTM2,4,True,25239.8500,55.8000,34.2500,46.5500,0.0000,0.0000,2.9460,1.9280,46.5500,1,,,-0.3667,0.1047,-0.3073,-12.4966,103.9416,42.8776,,10.0000,14.6953,4.5541,25.1792,-5.8244,150.6272,-32.2581,-0.0954,failed_base
blind,5,G,2026-01-27,13:45,NIFTY,2026-01-27,PE,25100,ITM1,0,False,25054.4000,77.1500,39.2500,77.0000,0.0000,0.0000,1.4610,2.8100,77.0000,1,,,-0.2381,0.3617,-0.6380,-31.5503,182.9299,51.9586,,30.0000,-10.2398,-12.3975,43.9404,-26.7012,43.9404,-99.9352,-0.0188,failed_base
blind,5,G,2026-01-22,14:40,NIFTY,2026-01-27,CE,25200,ITM1,5,True,25331.3000,204.6500,138.8000,177.5000,0.0000,0.0000,1.7650,2.3320,177.5000,1,,,0.3660,0.1087,0.6598,-12.2473,62.4280,23.5307,,15.0000,0.7574,-5.1419,10.1637,-15.7586,21.1336,-15.7586,0.0225,next_wave
blind,5,G,2026-01-23,11:45,NIFTY,2026-01-27,PE,25200,OTM1,4,True,25239.8500,89.6000,55.0500,74.2500,0.0000,0.0000,3.4480,2.2280,74.2500,1,,,-0.3667,0.1010,-0.4393,-13.7456,96.6394,40.6005,,10.0000,13.2254,3.9176,20.8147,-4.7991,126.7299,-28.2366,-0.0954,failed_base
blind,5,G,2026-02-02,11:10,NIFTY,2026-02-03,PE,24600,OTM2,1,False,24716.8700,85.3500,43.0000,76.9500,0.0000,0.0000,2.3050,1.9900,76.9500,1,,,-0.3371,0.2429,-0.3631,-71.4094,123.9535,51.5057,,5.0000,-53.5442,-74.4630,10.8963,-56.9420,10.8963,-91.5641,0.5534,failed_base
blind,5,G,2026-02-02,13:05,NIFTY,2026-02-03,CE,24700,ITM1,1,False,24956.0800,296.4000,214.0000,273.5500,0.0000,0.0000,0.7310,0.9950,273.5500,1,,,0.3267,0.2396,0.7853,-40.1757,42.9206,23.8189,,15.0000,-24.2240,-28.6003,3.1883,-30.9211,34.2611,-30.9211,-0.3205,failed_base
blind,5,G,2026-02-02,15:00,NIFTY,2026-02-03,CE,24700,ITM1,1,False,25031.2100,347.8000,250.7000,321.5500,0.0000,0.0000,0.7290,1.3200,321.5500,1,,,0.2590,0.2144,0.8809,-16.5955,,,,,9.7182,11.1941,14.4192,-0.0144,14.4192,-0.0144,0.1558,session_end
blind,5,G,2026-02-02,11:10,NIFTY,2026-02-03,PE,24700,OTM1,1,False,24716.8700,124.6500,64.1500,109.6500,0.0000,0.0000,2.3260,1.9230,109.6500,1,,,-0.3371,0.2371,-0.4770,-80.6622,117.3032,47.8121,,5.0000,-49.7794,-65.6293,11.1111,-53.1488,11.1111,-91.4561,0.5534,failed_base
blind,5,G,2026-02-02,13:05,NIFTY,2026-02-03,CE,24800,ATM,1,False,24956.0800,217.6500,147.4000,198.9500,0.0000,0.0000,0.7720,1.2220,198.9500,1,,,0.3267,0.2282,0.6937,-59.6496,52.3406,28.4124,,15.0000,-29.4510,-34.4555,3.1702,-36.7333,39.8576,-36.7333,-0.3205,failed_base
blind,5,G,2026-02-02,15:00,NIFTY,2026-02-03,CE,24800,ATM,1,False,25031.2100,260.0000,175.0000,239.2500,0.0000,0.0000,0.6710,1.2220,239.2500,1,,,0.2590,0.2035,0.8071,-28.7952,,,,,11.2885,13.0915,17.0769,0.1538,17.0769,0.1538,0.1558,session_end
blind,5,G,2026-02-02,11:05,NIFTY,2026-02-03,PE,24800,ATM,1,False,24737.6900,162.8000,95.5000,149.8000,0.0000,0.0000,1.5330,2.1930,149.8000,1,,,-0.4423,0.2297,-0.5735,-74.7281,104.2932,43.6955,,30.0000,-30.9582,-35.2650,19.8403,-32.5246,19.8403,-89.3735,0.3468,failed_base
blind,5,G,2026-02-02,13:05,NIFTY,2026-02-03,CE,24900,OTM1,1,False,24956.0800,148.9500,92.7500,135.7000,0.0000,0.0000,1.1550,1.7080,135.7000,1,,,0.3267,0.2176,0.5769,-78.2201,66.5768,34.2071,,10.0000,-35.6160,-43.0248,3.7261,-43.3703,46.7942,-43.3703,-0.3205,failed_base
blind,5,G,2026-02-02,15:00,NIFTY,2026-02-03,CE,24900,OTM1,1,False,25031.2100,179.4500,112.0000,166.2000,0.0000,0.0000,0.5660,1.0270,166.2000,1,,,0.2590,0.1909,0.7003,-48.2436,,,,,14.4887,17.1558,21.8445,1.9225,21.8445,1.9225,0.1558,session_end
blind,5,G,2026-02-02,11:05,NIFTY,2026-02-03,PE,24900,ITM1,1,False,24737.6900,225.0000,133.6500,203.1500,0.0000,0.0000,0.8710,1.5700,203.1500,1,,,-0.4423,0.2267,-0.6913,-56.7535,97.5309,39.1288,,30.0000,-27.3333,-30.2101,17.3333,-28.5778,17.3333,-86.1556,0.3468,failed_base
blind,5,G,2026-02-02,13:05,NIFTY,2026-02-03,CE,25000,OTM2,1,False,24956.0800,94.4500,53.7500,86.1500,0.0000,0.0000,1.6440,1.6890,86.1500,1,,,0.3267,0.2103,0.4417,-77.2789,83.3488,40.7915,,10.0000,-41.8211,-50.4656,4.3409,-50.0794,51.9322,-50.0794,-0.3205,failed_base
blind,5,G,2026-02-02,15:00,NIFTY,2026-02-03,CE,25000,OTM2,1,False,25031.2100,113.7500,64.4500,105.6000,0.0000,0.0000,1.1800,1.9030,105.6000,1,,,0.2590,0.1845,0.5527,-79.0101,,,,,15.9121,19.9091,26.1538,0.2198,26.1538,0.2198,0.1558,session_end
blind,5,G,2026-02-04,13:35,NIFTY,2026-02-10,CE,25600,ITM1,6,True,25787.0400,270.2500,234.7000,268.7000,0.0000,0.0000,1.0200,1.3370,268.7000,1,,,0.1382,0.1209,0.6816,-12.1408,35.4069,17.3851,,55.0000,0.0740,5.1314,6.9750,-2.7197,17.5948,-2.8862,0.0045,failed_base
blind,5,G,2026-02-06,13:45,NIFTY,2026-02-10,CE,25600,ATM,4,True,25593.5000,98.2000,79.4500,92.8500,0.0000,0.0000,1.5230,1.6420,92.8500,1,,,0.1437,0.0941,0.4914,-13.3054,60.7930,18.3953,,25.0000,14.9185,8.5165,30.0916,-1.3747,54.1242,-1.3747,0.0968,next_wave
blind,5,G,2026-02-05,12:20,NIFTY,2026-02-10,PE,25600,OTM1,5,True,25637.1000,123.7500,98.2000,114.9000,0.0000,0.0000,1.5570,1.0200,114.9000,1,,,-0.1909,0.1169,-0.4552,-14.4258,32.0774,17.3863,,20.0000,-6.9495,-6.6021,4.8081,-8.7273,10.3838,-22.9091,0.0567,failed_base
blind,5,G,2026-02-05,14:15,NIFTY,2026-02-10,PE,25600,OTM1,5,True,25618.2900,129.1000,103.2500,125.8500,0.0000,0.0000,3.1190,2.3370,125.8500,1,,,-0.1873,0.1150,-0.4758,-14.3715,32.3002,14.9341,,5.0000,-11.4640,-16.2663,3.0209,-16.0341,3.0209,-26.1038,0.1086,failed_base
blind,5,G,2026-02-04,13:35,NIFTY,2026-02-10,CE,25700,ATM,6,True,25787.0400,203.4000,174.0500,202.6500,0.0000,0.0000,1.0620,1.0690,202.6500,1,,,0.1382,0.1179,0.5902,-13.0215,26.8888,10.8445,24.7842,30.0000,0.3441,4.6407,8.5792,-2.9499,20.7965,-3.1957,0.0045,next_wave
blind,5,G,2026-02-06,11:20,NIFTY,2026-02-10,CE,25700,OTM1,4,True,25575.3300,60.8500,44.9500,58.2000,0.0000,0.0000,1.4360,1.4180,58.2000,1,,,0.1823,0.1028,0.3308,-12.8410,114.5717,40.8502,,50.0000,42.2350,26.5274,53.1635,-0.5752,58.5045,-22.5144,0.2607,failed_base
blind,5,G,2026-02-06,13:45,NIFTY,2026-02-10,CE,25700,OTM1,4,True,25593.5000,58.8500,47.1500,55.8500,0.0000,0.0000,1.3140,1.2200,55.8500,1,,,0.1437,0.0958,0.3424,-12.3319,68.6108,21.2579,,25.0000,16.6525,10.3187,35.0892,-1.7842,60.9176,-1.7842,0.0968,next_wave
blind,5,G,2026-02-09,10:45,NIFTY,2026-02-10,CE,25700,ITM1,1,False,25864.8100,190.9000,147.4500,177.6500,0.0000,0.0000,0.8230,1.4070,177.6500,1,,,0.2451,0.1426,0.7840,-25.2040,38.6911,16.7726,,20.0000,1.1001,2.0219,7.1241,-4.4002,7.1241,-17.8628,0.0083,failed_base
blind,5,G,2026-02-09,14:30,NIFTY,2026-02-10,CE,25700,ITM1,1,False,25865.3200,186.5500,166.5500,186.1500,0.0000,0.0000,0.7900,1.5390,186.1500,1,,,0.0611,0.1409,0.8038,-21.2262,15.2807,12.3438,,0.0000,-1.6081,1.0024,1.1525,-9.7829,5.2533,-9.7829,-0.0172,failed_base
blind,5,G,2026-02-05,12:20,NIFTY,2026-02-10,PE,25700,ATM,5,True,25637.1000,174.5000,140.6000,163.4000,0.0000,0.0000,1.1680,0.9060,163.4000,1,,,-0.1909,0.1161,-0.5674,-14.1843,29.4452,15.6593,,20.0000,-6.2751,-11.7911,4.2980,-7.5645,9.6848,-20.6877,0.0567,failed_base
blind,5,G,2026-02-05,14:15,NIFTY,2026-02-10,PE,25700,ATM,5,True,25618.2900,182.2500,148.8500,177.5000,0.0000,0.0000,2.3910,2.1640,177.5000,1,,,-0.1873,0.1144,-0.5904,-13.8950,28.5858,13.0878,,5.0000,-10.2881,-13.6343,2.6337,-14.3484,2.6337,-24.0604,0.1086,failed_base
blind,5,G,2026-02-09,12:00,NIFTY,2026-02-10,PE,25700,OTM1,1,False,25843.7100,27.5000,23.3500,27.4500,0.0000,0.0000,1.1690,1.3140,27.4500,1,,,-0.1093,0.1381,-0.2343,-26.9278,20.3426,18.8612,,0.0000,-10.7273,-4.1251,-0.3636,-19.2727,11.2727,-27.6364,0.0565,failed_base
blind,5,G,2026-02-04,13:35,NIFTY,2026-02-10,CE,25800,OTM1,6,True,25787.0400,147.4500,124.0000,146.9500,0.0000,0.0000,1.8570,1.7090,146.9500,1,,,0.1382,0.1160,0.4891,-13.1872,30.9274,12.3807,29.5255,30.0000,0.7799,3.6841,10.1051,-3.2214,24.9576,-3.5266,0.0045,next_wave
blind,5,G,2026-02-06,11:20,NIFTY,2026-02-10,CE,25800,OTM2,4,True,25575.3300,36.6500,28.3000,35.2000,0.0000,0.0000,1.2140,1.2540,35.2000,1,,,0.1823,0.1059,0.2214,-10.5363,110.7774,44.0067,,50.0000,44.6112,31.8420,58.9359,-0.6821,62.7558,-23.6016,0.2607,failed_base
blind,5,G,2026-02-06,13:45,NIFTY,2026-02-10,CE,25800,OTM2,4,True,25593.5000,34.5500,28.0000,33.2500,0.0000,0.0000,1.0710,1.0700,33.2500,1,,,0.1437,0.0995,0.2238,-10.1111,70.1786,22.8751,,25.0000,17.5109,19.6333,37.9161,-1.7366,64.9783,-1.7366,0.0968,next_wave
blind,5,G,2026-02-09,10:45,NIFTY,2026-02-10,CE,25800,ATM,1,False,25864.8100,115.9000,87.0500,107.1500,0.0000,0.0000,0.9900,1.5340,107.1500,1,,,0.2451,0.1344,0.6291,-41.4017,46.5250,23.1282,,20.0000,1.5962,2.0808,10.0518,-5.6946,10.0518,-24.1588,0.0083,failed_base
blind,5,G,2026-02-10,12:55,NIFTY,2026-02-10,CE,25800,ITM1,0,False,25980.9000,183.2500,145.1000,170.8500,0.0000,0.0000,1.8500,3.7010,170.8500,1,,,0.1422,0.2486,0.9494,-2.3504,32.9773,13.5527,,5.0000,-25.5116,-26.7545,3.1378,-27.5853,3.1378,-45.8117,-0.1857,failed_base
blind,5,G,2026-02-05,12:20,NIFTY,2026-02-10,PE,25800,ITM1,5,True,25637.1000,237.8000,196.5500,224.8500,0.0000,0.0000,0.9750,0.6720,224.8500,1,,,-0.1909,0.1167,-0.6734,-12.9195,25.3116,13.5201,,20.0000,-5.1514,-9.6407,3.5744,-6.6442,8.4945,-17.9773,0.0567,failed_base
blind,5,G,2026-02-05,14:15,NIFTY,2026-02-10,PE,25800,ITM1,5,True,25618.2900,247.9500,207.6000,241.7000,0.0000,0.0000,2.2630,2.1760,241.7000,1,,,-0.1873,0.1150,-0.6963,-12.3941,24.2775,13.5078,,5.0000,-8.7518,-10.0564,2.2787,-12.2807,2.2787,-21.3349,0.1086,failed_base
blind,5,G,2026-02-09,12:00,NIFTY,2026-02-10,PE,25800,ATM,1,False,25843.7100,55.7000,45.1500,54.0500,0.0000,0.0000,1.2910,1.7670,54.0500,1,,,-0.1093,0.1309,-0.4072,-45.1465,25.9136,19.9648,,5.0000,-12.3878,-11.4441,-0.2693,-20.4668,11.1311,-28.6355,0.0565,failed_base
blind,5,G,2026-02-04,13:35,NIFTY,2026-02-10,CE,25900,OTM2,6,True,25787.0400,102.9500,85.3000,102.6000,0.0000,0.0000,1.3470,1.6340,102.6000,1,,,0.1382,0.1149,0.3866,-12.5039,34.4666,13.7751,34.8837,30.0000,0.9228,4.7677,11.4133,-3.9339,29.5775,-3.9339,0.0045,next_wave
blind,5,G,2026-02-09,10:45,NIFTY,2026-02-10,CE,25900,OTM1,1,False,25864.8100,62.0000,44.7500,56.8500,0.0000,0.0000,1.5050,2.0090,56.8500,1,,,0.2451,0.1325,0.4303,-44.7014,57.0950,25.9602,,20.0000,0.9677,3.7063,13.3871,-6.8548,13.3871,-30.4032,0.0083,failed_base
blind,5,G,2026-02-10,12:55,NIFTY,2026-02-10,CE,25900,ATM,0,False,25980.9000,87.3000,58.2000,76.4000,0.0000,0.0000,2.0530,2.9650,76.4000,1,,,0.1422,0.1784,0.8459,-6.4004,65.2921,26.8191,,5.0000,-45.3608,-57.4257,5.6128,-48.3963,5.6128,-77.8923,-0.1857,failed_base
blind,5,G,2026-02-09,12:00,NIFTY,2026-02-10,PE,25900,ITM1,1,False,25843.7100,106.8500,87.1500,103.3000,0.0000,0.0000,1.1940,1.6490,103.3000,1,,,-0.1093,0.1304,-0.6156,-42.9398,24.6127,17.1271,,5.0000,-10.1544,-8.9892,-0.7487,-17.3140,9.7801,-21.4319,0.0565,failed_base
blind,5,G,2026-02-09,10:45,NIFTY,2026-02-10,CE,26000,OTM2,1,False,25864.8100,30.2500,22.1500,28.2500,0.0000,0.0000,1.6130,1.8330,28.2500,1,,,0.2451,0.1357,0.2524,-28.5593,59.5937,28.2885,,20.0000,-0.8264,0.2289,16.8595,-7.4380,16.8595,-33.2231,0.0083,failed_base
blind,5,G,2026-02-10,12:55,NIFTY,2026-02-10,CE,26000,OTM1,0,False,25980.9000,20.2500,11.7500,18.4000,0.0000,0.0000,3.2430,3.7280,18.4000,1,,,0.1144,0.1617,0.3962,-20.2492,116.1702,54.5276,,5.0000,-67.6543,-106.1360,13.3333,-68.3951,13.3333,-99.7531,-0.1857,failed_base
blind,5,G,2026-02-16,12:25,NIFTY,2026-02-17,CE,25400,ITM1,1,False,25567.3100,195.8000,152.0500,194.3500,0.0000,0.0000,1.0650,1.8140,194.3500,1,,,0.0864,0.1557,0.7770,-28.1727,43.7685,13.9982,,15.0000,3.1665,7.5165,11.6445,-2.2217,64.4280,-3.9837,0.0295,failed_base
blind,5,G,2026-02-16,14:35,NIFTY,2026-02-17,CE,25400,ITM1,1,False,25662.4100,282.3500,191.1500,221.5500,0.0000,0.0000,2.2350,2.9400,221.5500,1,,,0.2851,0.1869,0.8497,-19.9402,,,,,9.4386,10.6298,10.0407,-6.0032,14.0251,-6.0032,0.1081,session_end
blind,5,G,2026-02-13,13:50,NIFTY,2026-02-17,PE,25400,OTM2,4,True,25536.6000,54.1500,32.7500,41.2500,0.0000,0.0000,3.9460,0.6790,41.2500,1,,,-0.1656,0.1018,-0.3067,-12.4219,81.8321,25.4408,,10.0000,-13.2041,-19.2597,9.9723,-18.0055,87.4423,-18.0055,0.0517,next_wave
blind,5,G,2026-02-13,12:20,NIFTY,2026-02-17,CE,25500,ITM1,4,True,25589.0200,153.5500,130.3500,150.7000,0.0000,0.0000,0.9290,0.7330,150.7000,1,,,0.0878,0.0951,0.6362,-12.4256,35.6348,18.5520,,20.0000,0.8792,-2.4507,15.1416,-1.3025,15.1416,-37.1866,0.0079,failed_base
blind,5,G,2026-02-16,12:25,NIFTY,2026-02-17,CE,25500,ATM,1,False,25567.3100,120.5000,86.7500,120.0000,0.0000,0.0000,0.9230,1.8820,120.0000,1,,,0.0864,0.1457,0.6290,-46.9656,60.4611,19.3247,,15.0000,2.9461,9.6255,15.5187,-3.6929,89.1701,-6.8050,0.0295,failed_base
blind,5,G,2026-02-16,14:35,NIFTY,2026-02-17,CE,25500,ATM,1,False,25662.4100,196.0500,114.5500,139.6000,0.0000,0.0000,1.8910,2.8160,139.6000,1,,,0.2851,0.1713,0.7578,-33.6379,,,,,11.6042,13.3748,11.6807,-8.7733,16.2714,-8.7733,0.1081,session_end
blind,5,G,2026-02-13,12:30,NIFTY,2026-02-17,CE,25600,ATM,4,True,25601.5200,101.1500,78.8000,95.0000,0.0000,0.0000,2.7490,1.2860,95.0000,1,,,0.1617,0.0925,0.5040,-12.9952,43.0203,22.5821,,10.0000,-16.2135,-15.2297,11.4187,-17.3505,11.4187,-38.8532,-0.1160,failed_base
blind,5,G,2026-02-16,12:35,NIFTY,2026-02-17,CE,25600,OTM1,1,False,25586.8200,73.2500,43.1000,65.0000,0.0000,0.0000,3.0290,2.2690,65.0000,1,,,0.1628,0.1408,0.4751,-53.0864,78.1903,25.6510,,5.0000,-10.2389,-21.0007,3.5495,-22.0478,96.7918,-22.0478,-0.0330,failed_base
blind,5,G,2026-02-16,14:35,NIFTY,2026-02-17,CE,25600,OTM1,1,False,25662.4100,120.0000,58.2000,75.2500,0.0000,0.0000,2.8520,3.7670,75.2500,1,,,0.2851,0.1562,0.6164,-56.4513,,,,,13.2917,16.1048,15.2083,-12.1667,20.1250,-12.1667,0.1081,session_end
blind,5,G,2026-02-17,11:55,NIFTY,2026-02-17,CE,25600,ATM,0,False,25743.6600,149.9500,68.1000,134.2000,0.0000,0.0000,0.3550,0.5090,134.2000,1,,,0.1993,0.2264,0.8896,-6.2934,146.3289,27.7198,,65.0000,7.9693,18.5131,10.7703,-13.6379,11.8706,-49.7166,0.0530,failed_base
blind,5,G,2026-02-13,12:35,NIFTY,2026-02-17,CE,25700,OTM1,4,True,25615.0300,64.2000,45.7500,54.7000,0.0000,0.0000,2.5040,3.2260,54.7000,1,,,0.2145,0.0929,0.3703,-12.2772,45.6831,25.5814,,5.0000,-26.4798,-30.9594,0.5452,-28.5826,0.5452,-37.6947,-0.1901,failed_base
blind,5,G,2026-02-16,12:35,NIFTY,2026-02-17,CE,25700,OTM2,1,False,25586.8200,35.3000,20.3500,32.4500,0.0000,0.0000,2.7670,2.2390,32.4500,1,,,0.1599,0.1400,0.2860,-34.1806,85.2580,25.9947,,5.0000,-13.5977,-23.9446,4.3909,-25.9207,126.6289,-25.9207,-0.0330,failed_base
blind,5,G,2026-02-16,14:35,NIFTY,2026-02-17,CE,25700,OTM2,1,False,25662.4100,64.7500,26.5500,35.6000,0.0000,0.0000,5.1670,4.5120,35.6000,1,,,0.2851,0.1504,0.4291,-61.1402,,,,,15.6757,19.7049,19.3822,-15.9073,23.5521,-15.9073,0.1081,session_end
blind,5,G,2026-02-12,11:30,NIFTY,2026-02-17,PE,25700,OTM2,5,True,25868.0500,49.8000,40.8500,49.3500,0.0000,0.0000,0.6540,1.4050,49.3500,1,,,-0.1416,0.0938,-0.2776,-9.6709,44.6756,19.1201,,30.0000,8.8353,10.4506,18.6747,-0.6024,59.8394,-20.3815,-0.0441,failed_base
blind,5,G,2026-02-20,12:25,NIFTY,2026-02-24,CE,25500,ATM,4,True,25673.5600,242.2500,182.1000,224.2500,0.0000,0.0000,1.3840,2.0470,224.2500,1,,,0.2724,0.1278,0.6930,-15.5175,40.7743,18.2953,,10.0000,-11.7234,-9.7189,5.8204,-16.3261,5.8204,-38.2250,-0.1494,failed_base
blind,5,G,2026-02-20,13:20,NIFTY,2026-02-24,PE,25500,ATM,4,True,25562.0500,109.2000,78.5000,103.6500,0.0000,0.0000,2.3290,4.0010,103.6500,1,,,-0.1631,0.1281,-0.4259,-17.7012,51.1465,22.8824,,0.0000,-13.2784,-15.9554,7.6007,-22.8480,7.6007,-40.4762,0.1146,failed_base
blind,5,G,2026-02-23,10:50,NIFTY,2026-02-24,PE,25500,OTM2,1,False,25654.8200,51.7000,30.8500,40.1000,0.0000,0.0000,2.4610,2.1010,40.1000,1,,,-0.3411,0.1929,-0.2897,-47.1390,82.6580,36.8234,,5.0000,-22.5338,-17.0582,-0.2901,-35.7834,7.9304,-52.6112,0.0899,failed_base
blind,5,G,2026-02-24,13:35,NIFTY,2026-02-24,PE,25500,OTM1,0,False,25345.6500,158.6500,77.3000,118.0500,0.0000,0.0000,1.3130,1.1190,118.0500,1,,,-0.3254,0.2977,-0.9157,-4.2962,115.7180,45.3073,,5.0000,-26.2528,-21.7416,4.3807,-42.5150,4.3807,-72.1084,0.1608,failed_base
blind,5,G,2026-02-18,13:05,NIFTY,2026-02-24,CE,25600,ITM1,6,True,25755.1400,225.1500,192.2000,223.9000,0.0000,0.0000,2.0140,0.7240,223.9000,1,,,0.1396,0.1010,0.6798,-10.1377,22.4766,10.8751,,25.0000,-1.3547,3.6936,4.5525,-4.9745,34.2660,-7.9947,-0.0205,failed_base
blind,5,G,2026-02-18,14:20,NIFTY,2026-02-24,CE,25600,ITM1,6,True,25802.8500,263.7500,207.1500,235.4000,0.0000,0.0000,1.7410,1.7400,235.4000,1,,,0.1872,0.1059,0.7201,-10.0014,,,,,2.1422,-0.1846,8.7204,-1.0237,14.6161,-1.0237,0.0200,session_end
blind,5,G,2026-02-20,12:25,NIFTY,2026-02-24,CE,25600,OTM1,4,True,25673.5600,172.2500,124.8000,158.9500,0.0000,0.0000,1.6120,2.2630,158.9500,1,,,0.2724,0.1217,0.5898,-16.6225,47.7564,21.4208,,10.0000,-13.6430,-14.8665,7.0537,-19.1292,7.0537,-45.0218,-0.1494,failed_base
blind,5,G,2026-02-23,14:40,NIFTY,2026-02-24,CE,25600,ITM1,1,False,25691.2300,144.7000,107.1500,136.5500,0.0000,0.0000,1.3390,2.8250,136.5500,1,,,0.2210,0.1689,0.6553,-53.2391,52.4032,23.7906,,5.0000,0.8293,2.7454,15.5840,-13.9945,15.5840,-13.9945,0.0253,failed_base
blind,5,G,2026-02-20,13:20,NIFTY,2026-02-24,PE,25600,ITM1,4,True,25562.0500,152.9500,112.1000,145.8000,0.0000,0.0000,1.0790,2.6300,145.8000,1,,,-0.1631,0.1233,-0.5423,-17.2591,47.0116,20.7524,,0.0000,-11.9320,-14.0151,6.5054,-20.6930,6.5054,-38.7708,0.1146,failed_base
blind,5,G,2026-02-23,10:45,NIFTY,2026-02-24,PE,25600,OTM1,1,False,25658.6400,78.7000,45.0000,61.1500,0.0000,0.0000,2.2050,1.0890,61.1500,1,,,-0.3032,0.1800,-0.4101,-58.9274,95.2222,35.9704,,10.0000,-27.0648,-22.4814,11.6264,-28.5260,17.0902,-49.7459,0.1744,failed_base
blind,5,G,2026-02-24,12:10,NIFTY,2026-02-24,PE,25600,ATM,0,False,25460.4500,146.4500,90.6500,144.4500,0.0000,0.0000,0.7680,1.1740,144.4500,1,,,-0.1036,0.2374,-0.8806,-6.8965,192.2780,,,90.0000,20.6214,8.0965,29.1567,-7.1014,80.9150,-7.1014,-0.1269,session_end
blind,5,G,2026-02-18,13:05,NIFTY,2026-02-24,CE,25700,ATM,6,True,25755.1400,158.4000,133.2000,157.8000,0.0000,0.0000,1.6910,0.8040,157.8000,1,,,0.1396,0.0973,0.5695,-10.8444,25.1877,12.6537,,25.0000,-1.5783,2.4593,5.2715,-5.7765,41.5088,-9.4066,-0.0205,failed_base
blind,5,G,2026-02-18,14:20,NIFTY,2026-02-24,CE,25700,ATM,6,True,25802.8500,191.8500,143.5000,166.7500,0.0000,0.0000,2.3550,2.3960,166.7500,1,,,0.1872,0.1016,0.6217,-10.9919,,,,,2.3977,5.2897,10.5030,-1.3031,16.8361,-1.3031,0.0200,session_end
blind,5,G,2026-02-20,12:25,NIFTY,2026-02-24,CE,25700,OTM2,4,True,25673.5600,115.4000,81.5000,106.1000,0.0000,0.0000,2.0160,2.4200,106.1000,1,,,0.2724,0.1177,0.4694,-16.5163,53.2515,24.9400,,10.0000,-15.9445,-17.1452,8.2322,-21.8804,8.2322,-51.1698,-0.1494,failed_base
blind,5,G,2026-02-23,14:40,NIFTY,2026-02-24,CE,25700,ATM,1,False,25691.2300,83.2500,60.0000,79.2000,0.0000,0.0000,2.1550,4.4760,79.2000,1,,,0.2210,0.1605,0.4857,-71.2116,62.2500,29.9435,,5.0000,-0.9610,0.9526,19.9399,-18.0781,19.9399,-18.0781,0.0253,failed_base
blind,5,G,2026-02-19,14:05,NIFTY,2026-02-24,PE,25700,OTM2,5,True,25561.4300,218.0500,169.0000,209.9000,0.0000,0.0000,1.3350,0.9730,209.9000,1,,,-0.1956,0.1147,-0.6525,-13.1117,34.4970,17.6419,,10.0000,-4.9301,-10.5626,4.2421,-16.2577,59.7111,-16.2577,0.0529,failed_base
blind,5,G,2026-02-19,14:50,NIFTY,2026-02-24,PE,25700,OTM2,5,True,25524.5700,244.2000,178.0000,227.3000,0.0000,0.0000,1.6600,1.7220,227.3000,1,,,-0.3521,0.1163,-0.6890,-12.6697,,,,,35.9541,34.4388,38.5340,-6.9206,42.6085,-6.9206,-0.4105,session_end
blind,5,G,2026-02-23,10:45,NIFTY,2026-02-24,PE,25700,ATM,1,False,25658.6400,123.4000,71.1000,98.9500,0.0000,0.0000,1.9050,1.1590,98.9500,1,,,-0.3032,0.1728,-0.5626,-58.2447,89.5921,31.0460,,10.0000,-23.6224,-19.4469,9.2382,-24.6759,19.7731,-41.9773,0.1744,failed_base
blind,5,G,2026-02-24,10:55,NIFTY,2026-02-24,PE,25700,ITM1,0,False,25459.8500,244.0500,173.7000,234.9500,0.0000,0.0000,0.8180,0.7080,234.9500,1,,,-0.2527,0.2627,-0.9405,-3.8952,44.3581,25.6431,,5.0000,-19.8320,-22.1795,0.9424,-26.0807,49.4161,-28.3344,0.1954,failed_base
blind,5,G,2026-02-24,12:10,NIFTY,2026-02-24,PE,25700,ITM1,0,False,25460.4500,241.2000,174.9000,237.4500,0.0000,0.0000,0.8890,1.0870,237.4500,1,,,-0.1036,0.2602,-0.9673,-1.6465,108.4906,,,90.0000,13.5987,9.7449,18.7811,-4.1045,51.1816,-4.1045,-0.1269,session_end
blind,5,G,2026-02-18,14:20,NIFTY,2026-02-24,CE,25800,OTM1,6,True,25802.8500,132.1500,94.0000,111.7000,0.0000,0.0000,3.9830,3.2160,111.7000,1,,,0.1872,0.0988,0.5055,-11.2719,,,,,2.7998,3.9386,12.7507,-1.8918,19.9016,-1.8918,0.0200,session_end
blind,5,G,2026-02-23,14:40,NIFTY,2026-02-24,CE,25800,OTM1,1,False,25691.2300,42.7500,30.3500,41.8500,0.0000,0.0000,2.5590,5.1520,41.8500,1,,,0.2210,0.1581,0.3093,-42.7130,72.4876,35.6256,,0.0000,-0.5848,1.6269,22.6901,-21.1696,22.6901,-21.1696,0.0253,failed_base
blind,5,G,2026-02-19,14:05,NIFTY,2026-02-24,PE,25800,OTM1,5,True,25561.4300,290.9000,231.5000,280.0000,0.0000,0.0000,1.1880,1.0230,280.0000,1,,,-0.1956,0.1168,-0.7475,-11.3290,29.7840,15.1606,,10.0000,-4.3658,-8.5542,3.2829,-14.1458,48.5046,-14.1458,0.0529,failed_base
blind,5,G,2026-02-19,14:50,NIFTY,2026-02-24,PE,25800,OTM1,5,True,25524.5700,321.3500,242.3000,300.4500,0.0000,0.0000,1.6150,1.6300,300.4500,1,,,-0.3521,0.1198,-0.7747,-10.8414,,,,,29.2516,21.5688,31.7878,-5.6947,34.4329,-5.6947,-0.4105,session_end
blind,5,G,2026-02-23,10:45,NIFTY,2026-02-24,PE,25800,ITM1,1,False,25658.6400,186.7500,112.7500,155.3000,0.0000,0.0000,1.5280,0.9660,155.3000,1,,,-0.3032,0.1713,-0.7104,-41.4424,76.9401,25.4887,,10.0000,-19.6787,-15.0288,6.8273,-20.4016,20.0803,-33.3333,0.1744,failed_base
blind,5,G,2026-02-18,14:20,NIFTY,2026-02-24,CE,25900,OTM2,6,True,25802.8500,85.8500,58.4500,70.4500,0.0000,0.0000,3.1040,2.4970,70.4500,1,,,0.1872,0.0970,0.3836,-10.5584,70.2310,,,10.0000,2.9121,3.6224,15.8998,-2.3296,23.4712,-2.3296,0.0200,session_end
blind,5,G,2026-02-19,14:05,NIFTY,2026-02-24,PE,25900,ATM,5,True,25561.4300,372.9500,305.4000,359.7000,0.0000,0.0000,1.6410,1.3430,359.7000,1,,,-0.1956,0.1203,-0.8209,-9.2983,24.9836,12.6277,,10.0000,-4.0086,-6.8688,2.3462,-12.1196,40.1394,-12.1196,0.0529,failed_base
blind,5,G,2026-02-19,14:50,NIFTY,2026-02-24,PE,25900,ATM,5,True,25524.5700,406.1000,317.9000,381.7000,0.0000,0.0000,2.1080,2.0790,381.7000,1,,,-0.3521,0.1241,-0.8395,-8.8674,,,,,24.5383,19.1666,26.4221,-4.4817,28.6998,-4.4817,-0.4105,session_end
blind,5,G,2026-03-02,12:20,NIFTY,2026-03-02,PE,24700,OTM2,0,False,24710.0500,51.1000,15.8500,29.5500,0.0000,0.0000,3.7910,1.8710,29.5500,1,,,-0.5292,0.2987,-0.4703,-50.2303,704.4164,83.9608,,105.0000,37.3777,32.7540,53.6204,-20.9393,149.5108,-99.9022,-0.1548,failed_base
blind,5,G,2026-03-02,12:05,NIFTY,2026-03-02,PE,24800,OTM1,0,False,24761.5000,72.6500,42.0000,66.5500,0.0000,0.0000,1.7570,1.3020,66.5500,1,,,-0.3447,0.2618,-0.6171,-34.1516,423.3333,81.2102,,120.0000,40.9498,31.8119,55.6091,-6.2629,202.5465,-99.9312,-0.1708,failed_base
blind,5,G,2026-03-02,10:50,NIFTY,2026-03-02,PE,24900,ATM,0,False,24804.2500,122.5000,55.3000,109.9500,0.0000,0.0000,0.6740,0.9610,109.9500,1,,,-0.6146,0.2773,-0.7253,-26.7466,474.9548,65.5449,,195.0000,-10.3673,-7.4747,-0.5714,-29.5510,159.5510,-85.2653,0.0464,failed_base
blind,5,G,2026-03-02,12:05,NIFTY,2026-03-02,PE,25000,ITM1,0,False,24761.5000,241.0000,155.5000,224.4000,0.0000,0.0000,0.9650,0.6180,224.4000,1,,,-0.3447,0.2843,-0.9559,-2.5016,168.8103,52.1411,,120.0000,16.9917,16.4731,22.9046,-2.3444,73.4440,-56.9710,-0.1708,failed_base
blind,5,G,2026-03-09,13:05,NIFTY,2026-03-10,CE,23700,ITM1,1,False,23911.6200,344.7500,284.9000,335.8500,0.0000,0.0000,0.8920,1.2990,335.8500,1,,,0.0709,0.4280,0.6516,-124.5771,36.5391,15.7584,,35.0000,4.0754,0.4354,12.8354,-10.3988,40.2030,-10.3988,0.0680,failed_base
blind,5,G,2026-03-09,14:50,NIFTY,2026-03-10,CE,23700,ITM1,1,False,24000.2500,406.1500,314.2000,369.4500,0.0000,0.0000,2.2490,1.4010,369.4500,1,,,0.2979,0.4455,0.7068,-105.8866,53.8351,,,25.0000,8.5313,10.1064,19.0078,-5.8845,19.0078,-5.8845,0.2395,session_end
blind,5,G,2026-03-09,13:05,NIFTY,2026-03-10,CE,23800,ATM,1,False,23911.6200,278.0000,221.0000,267.5500,0.0000,0.0000,1.1220,1.3310,267.5500,1,,,0.0709,0.4166,0.5854,-141.8344,43.9593,17.9161,,35.0000,4.2626,1.4045,14.4424,-11.9065,44.0288,-11.9065,0.0680,failed_base
blind,5,G,2026-03-09,14:50,NIFTY,2026-03-10,CE,23800,ATM,1,False,24000.2500,332.2500,249.6000,301.1000,0.0000,0.0000,2.1680,1.3910,301.1000,1,,,0.2979,0.4303,0.6473,-131.6011,60.4167,,,25.0000,8.3973,9.9815,20.5117,-7.1633,20.5117,-7.1633,0.2395,session_end
blind,5,G,2026-03-09,13:05,NIFTY,2026-03-10,CE,23900,OTM1,1,False,23911.6200,217.3000,166.5000,206.5500,0.0000,0.0000,1.4380,1.6490,206.5500,1,,,0.0709,0.4038,0.5131,-147.3564,52.6426,20.1456,,35.0000,5.2462,4.5604,16.9581,-13.3456,50.7593,-13.3456,0.0680,failed_base
blind,5,G,2026-03-09,14:50,NIFTY,2026-03-10,CE,23900,OTM1,1,False,24000.2500,266.5500,191.9000,237.8500,0.0000,0.0000,2.0810,1.5660,237.8500,1,,,0.2979,0.4196,0.5788,-160.7856,70.7139,,,25.0000,8.0848,11.3998,22.9038,-8.7976,22.9038,-9.8481,0.2395,session_end
blind,5,G,2026-03-10,12:30,NIFTY,2026-03-10,PE,23900,OTM2,0,False,24159.1500,5.7000,3.1500,4.8000,0.0000,0.0000,1.6620,2.3380,4.8000,1,,,-0.2980,0.3992,-0.0717,-5.7000,150.7937,55.0633,,0.0000,-51.7544,-71.8889,20.1754,-53.5088,20.1754,-99.1228,0.2966,failed_base
blind,5,G,2026-03-09,13:05,NIFTY,2026-03-10,CE,24000,OTM2,1,False,23911.6200,163.5500,121.8000,155.1500,0.0000,0.0000,1.3200,1.4010,155.1500,1,,,0.0709,0.3901,0.4358,-136.0376,62.1511,26.0759,,35.0000,6.5729,5.9421,20.7582,-13.8490,57.6582,-13.8490,0.0680,failed_base
blind,5,G,2026-03-09,14:50,NIFTY,2026-03-10,CE,24000,OTM2,1,False,24000.2500,206.3000,143.6000,182.5000,0.0000,0.0000,3.7960,1.9090,182.5000,1,,,0.2979,0.4059,0.5044,-172.2732,79.5613,,,25.0000,7.7557,12.6125,24.9879,-10.7368,24.9879,-13.1362,0.2395,session_end
blind,5,G,2026-03-10,14:15,NIFTY,2026-03-10,CE,24000,ITM1,0,False,24288.8500,291.0000,209.4000,279.2500,0.0000,0.0000,0.9660,1.6800,279.2500,1,,,0.2839,0.5501,0.9659,-2.1462,50.5014,27.9232,,0.0000,-20.9278,6.5284,4.4502,-29.2096,4.4502,-29.2096,-0.2380,failed_base
blind,5,G,2026-03-10,12:30,NIFTY,2026-03-10,PE,24000,OTM1,0,False,24159.1500,12.8500,6.2500,10.3000,0.0000,0.0000,1.8800,2.5650,10.3000,1,,,-0.2980,0.3533,-0.1553,-12.8500,185.6000,58.2633,,0.0000,-60.7004,-95.9070,19.4553,-61.0895,19.4553,-99.6109,0.2966,failed_base
blind,5,G,2026-03-16,14:25,NIFTY,2026-03-17,CE,23100,ITM1,1,False,23333.1700,320.0000,172.7000,215.4000,0.0000,0.0000,2.0540,1.9200,215.4000,1,,,0.7494,0.3631,0.7007,-86.6317,154.0533,,,35.0000,24.0781,23.1846,37.1094,-9.3437,37.1094,-9.3437,0.4357,session_end
blind,5,G,2026-03-16,14:25,NIFTY,2026-03-17,CE,23200,ATM,1,False,23333.1700,248.3500,122.3000,158.4000,0.0000,0.0000,3.6750,2.5820,158.4000,1,,,0.7494,0.3498,0.6236,-112.3455,190.5969,,,35.0000,28.3270,27.3371,43.1045,-10.1268,43.1045,-10.1268,0.4357,session_end
blind,5,G,2026-03-16,14:25,NIFTY,2026-03-17,CE,23300,OTM1,1,False,23333.1700,187.7500,83.1500,112.5500,0.0000,0.0000,5.8240,2.5590,112.5500,1,,,0.7494,0.3429,0.5345,-133.2500,234.5159,,,35.0000,31.4248,30.9517,48.1491,-11.8775,48.1491,-11.8775,0.4357,session_end
blind,5,G,2026-03-17,12:55,NIFTY,2026-03-17,CE,23300,ITM1,0,False,23460.3000,169.8500,102.0500,163.5500,0.0000,0.0000,0.6950,1.0370,163.5500,1,,,0.3340,0.3578,0.8684,-9.5468,186.1342,32.0719,,45.0000,37.0621,24.4150,52.6641,-4.9161,104.9455,-4.9161,0.2939,next_wave
blind,5,G,2026-03-13,12:30,NIFTY,2026-03-17,PE,23300,OTM2,4,True,23288.2600,248.2000,186.0000,233.4000,0.0000,0.0000,1.5530,3.2780,233.4000,1,,,-0.2971,0.2454,-0.5021,-31.3570,95.5108,,,95.0000,13.2353,6.8157,25.0604,-0.8864,46.5149,-0.8864,-0.2082,session_end
blind,5,G,2026-03-13,11:35,NIFTY,2026-03-17,CE,23400,ITM1,4,True,23409.8600,243.8500,206.2000,234.9500,0.0000,0.0000,2.5450,1.5750,234.9500,1,,,0.1713,0.2397,0.5113,-30.6142,24.1271,14.0457,,10.0000,-12.0566,-9.3708,4.9621,-13.5329,4.9621,-50.2563,-0.2138,failed_base
blind,5,G,2026-03-16,14:25,NIFTY,2026-03-17,CE,23400,OTM2,1,False,23333.1700,134.9500,54.5500,76.3000,0.0000,0.0000,5.5910,2.5690,76.3000,1,,,0.7494,0.3333,0.4397,-124.0075,289.1842,,,35.0000,37.0878,36.6881,57.3175,-13.4124,57.3175,-15.9689,0.4357,session_end
blind,5,G,2026-03-17,15:00,NIFTY,2026-03-17,CE,23400,ATM,0,False,23646.3000,248.1000,118.7500,214.8500,0.0000,0.0000,0.6210,0.9090,214.8500,1,,,0.4450,0.7587,0.9663,-1.7985,,,,,-26.9851,13.1485,-0.0605,-28.5772,-0.0605,-28.5772,-0.2768,session_end
blind,5,G,2026-03-13,12:30,NIFTY,2026-03-17,PE,23400,OTM1,4,True,23288.2600,298.4500,235.2000,281.9000,0.0000,0.0000,0.8520,2.1690,281.9000,1,,,-0.2486,0.2411,-0.5686,-30.2469,81.9303,,,95.0000,11.9115,7.4713,22.6336,-0.5864,43.3741,-0.5864,-0.2082,session_end
blind,5,G,2026-03-23,10:30,NIFTY,2026-03-24,PE,22500,OTM2,1,False,22535.4400,216.7000,133.0000,214.0000,0.0000,0.0000,1.0610,1.6190,214.0000,1,,,-0.6864,0.4528,-0.4706,-136.2134,74.3233,18.3524,,40.0000,-1.8689,6.5881,5.7453,-11.0983,17.7665,-32.3950,-0.0211,failed_base
blind,5,G,2026-03-23,12:30,NIFTY,2026-03-24,PE,22500,OTM2,1,False,22499.9800,230.6000,194.9000,224.9500,0.0000,0.0000,2.1360,1.3820,224.9500,1,,,-0.2073,0.4628,-0.4948,-153.7111,30.9389,18.6912,,5.0000,1.0624,8.9062,6.2446,-10.1041,8.2827,-36.4701,-0.0141,failed_base
blind,5,G,2026-03-23,13:50,NIFTY,2026-03-24,CE,22600,ITM1,1,False,22598.4000,216.9500,170.6000,201.9000,0.0000,0.0000,3.0890,2.2810,201.9000,1,,,0.3076,0.4463,0.5036,-162.2477,41.3247,38.0340,,25.0000,5.2316,1.5402,11.1316,-5.0242,11.1316,-37.4971,0.1216,failed_base
blind,5,G,2026-03-23,12:30,NIFTY,2026-03-24,PE,22600,OTM1,1,False,22499.9800,282.0500,240.6000,276.2000,0.0000,0.0000,1.7190,1.2980,276.2000,1,,,-0.2073,0.4578,-0.5642,-145.6196,28.0549,17.4619,,5.0000,0.6736,9.6123,5.4068,-10.2287,7.3214,-33.8947,-0.0141,failed_base
blind,5,G,2026-03-23,13:50,NIFTY,2026-03-24,CE,22700,ATM,1,False,22598.4000,167.8500,131.4000,155.4000,0.0000,0.0000,2.5310,2.3560,155.4000,1,,,0.3076,0.4393,0.4298,-149.5422,41.7428,18.7919,,25.0000,4.4683,1.6016,10.9622,-5.6896,10.9622,-41.2273,0.1216,failed_base
blind,5,G,2026-03-23,12:30,NIFTY,2026-03-24,PE,22700,ATM,1,False,22499.9800,340.1500,293.5000,334.0000,0.0000,0.0000,1.6130,1.1450,334.0000,1,,,-0.2073,0.4521,-0.6330,-126.0436,25.5366,16.3794,,5.0000,0.5292,8.7701,4.9390,-10.2161,6.7911,-30.8393,-0.0141,failed_base
blind,5,G,2026-03-23,13:50,NIFTY,2026-03-24,CE,22800,OTM1,1,False,22598.4000,126.0000,99.6000,117.2000,0.0000,0.0000,2.4920,2.8140,117.2000,1,,,0.3076,0.4320,0.3563,-121.9510,41.2651,20.7889,,25.0000,4.3651,3.7197,11.6667,-5.5952,11.6667,-43.6111,0.1216,failed_base
blind,5,G,2026-03-23,12:30,NIFTY,2026-03-24,PE,22800,ITM1,1,False,22499.9800,405.9000,354.0000,401.0000,0.0000,0.0000,1.9370,1.2160,401.0000,1,,,-0.2073,0.4482,-0.6983,-101.4885,23.1638,15.0688,,5.0000,0.3080,7.2870,4.6686,-9.4481,6.3932,-28.3321,-0.0141,failed_base
blind,5,G,2026-03-23,13:50,NIFTY,2026-03-24,CE,22900,OTM2,1,False,22598.4000,93.4500,73.7500,86.1000,0.0000,0.0000,2.9730,2.6740,86.1000,1,,,0.3076,0.4292,0.2880,-92.8621,40.0678,22.9913,,25.0000,2.6217,2.1642,10.5404,-6.9021,10.5404,-45.0508,0.1216,failed_base
blind,5,G,2026-03-30,12:10,NIFTY,2026-03-30,CE,22400,ITM1,0,False,22559.8000,182.9500,99.7000,165.9500,0.0000,0.0000,1.4860,2.4700,165.9500,1,,,0.3443,0.4487,0.7929,-23.1510,125.0752,32.2415,,5.0000,2.7876,-4.3619,20.3334,-30.6914,20.3334,-99.9727,0.0483,failed_base
blind,5,G,2026-03-30,12:10,NIFTY,2026-03-30,CE,22500,ATM,0,False,22559.8000,113.3500,58.3000,108.3000,0.0000,0.0000,1.9770,2.8670,108.3000,1,,,0.3240,0.4558,0.6190,-53.5510,156.0892,40.8908,,5.0000,0.9704,3.9820,27.3930,-39.9206,27.3930,-99.9559,0.0483,failed_base
blind,5,G,2026-03-30,14:00,NIFTY,2026-03-30,PE,22500,ATM,0,False,22429.8500,95.5000,52.9000,90.0000,0.0000,0.0000,0.7840,1.4340,90.0000,1,,,-0.3003,0.4539,-0.6994,-25.3504,100.8507,50.2588,,0.0000,30.2094,24.0370,34.1361,-44.6597,122.4084,-44.6597,-0.2020,failed_base
blind,5,G,2026-03-30,14:00,NIFTY,2026-03-30,PE,22600,ITM1,0,False,22429.8500,176.5500,107.8500,163.6500,0.0000,0.0000,0.7010,1.0460,163.6500,1,,,-0.3003,0.4529,-0.8983,-6.4004,74.2698,36.5789,,0.0000,23.3362,10.8705,26.5930,-32.4837,77.1453,-32.4837,-0.2020,failed_base
blind,5,G,2026-03-30,14:30,NIFTY,2026-03-30,PE,22600,ITM1,0,False,22384.5500,217.7500,116.8500,190.6000,0.0000,0.0000,0.5230,0.9630,190.6000,1,,,-0.4629,0.5267,-0.9554,-2.2999,,,,,13.0884,54.8377,21.6992,-16.6705,43.6280,-16.6705,-0.1322,session_end
blind,5,G,2026-03-30,12:10,NIFTY,2026-03-30,CE,22700,OTM2,0,False,22559.8000,32.6500,11.1000,27.7500,0.0000,0.0000,3.1040,2.6390,27.7500,1,,,0.3443,0.4826,0.2567,-32.6500,339.6396,57.2746,,5.0000,-9.0352,9.3049,43.1853,-56.6616,43.1853,-99.8469,0.0483,failed_base
blind,5,G,2026-04-06,12:30,NIFTY,2026-04-07,CE,22600,ITM1,1,False,22718.0800,263.5000,176.4000,239.6000,0.0000,0.0000,0.5790,1.4380,239.6000,1,,,0.3381,0.3965,0.5977,-122.0789,60.7426,21.3014,,0.0000,24.4782,17.4275,26.0152,-16.5085,76.9260,-16.5085,0.4099,failed_base
blind,5,G,2026-04-06,12:55,NIFTY,2026-04-07,CE,22600,ITM1,1,False,22784.7500,310.0000,213.3000,283.5500,0.0000,0.0000,1.0410,1.1880,283.5500,1,,,0.6081,0.4102,0.6448,-115.4460,,,,,26.3871,16.1671,32.3871,-4.1129,50.3871,-4.1129,0.5066,session_end
blind,5,G,2026-04-06,12:30,NIFTY,2026-04-07,CE,22700,ATM,1,False,22718.0800,206.4500,133.2000,185.9500,0.0000,0.0000,1.3320,2.8390,185.9500,1,,,0.3381,0.3923,0.5188,-131.2409,68.6562,23.9706,,0.0000,26.8588,21.4807,28.8205,-18.1884,86.1952,-18.1884,0.4099,failed_base
blind,5,G,2026-04-06,12:55,NIFTY,2026-04-07,CE,22700,ATM,1,False,22784.7500,246.0000,163.6000,224.6500,0.0000,0.0000,1.9570,2.2410,224.6500,1,,,0.6081,0.4018,0.5711,-132.1069,,,,,30.4268,17.0931,36.8902,-4.7561,56.2602,-4.7561,0.5066,session_end
blind,5,G,2026-04-07,13:40,NIFTY,2026-04-07,CE,22700,ITM1,0,False,23041.1500,343.6000,207.4000,279.7000,0.0000,0.0000,0.5970,1.8150,279.7000,1,,,0.4676,0.5629,0.9668,-2.4480,81.2922,29.7739,,15.0000,-7.3196,-3.0923,9.4296,-23.1519,25.6694,-23.1519,-0.1024,next_wave
blind,5,G,2026-04-01,13:35,NIFTY,2026-04-07,PE,22700,OTM2,6,True,22806.7700,249.7500,201.0000,229.2500,0.0000,0.0000,3.2030,2.3600,229.2500,1,,,-0.3337,0.2564,-0.4366,-25.4607,60.1493,,,15.0000,11.0911,10.5684,28.8889,-0.0400,33.5936,-0.0400,-0.2397,session_end
blind,5,G,2026-04-01,12:10,NIFTY,2026-04-07,CE,22800,ITM1,6,True,22883.0300,348.0000,294.2000,336.6500,0.0000,0.0000,1.2480,2.4730,336.6500,1,,,0.4474,0.2582,0.5493,-25.6966,27.3283,15.5766,,75.0000,0.5603,1.8049,3.8218,-4.1667,7.6437,-30.8333,0.0420,failed_base
blind,5,G,2026-04-06,12:30,NIFTY,2026-04-07,CE,22800,OTM1,1,False,22718.0800,157.4500,99.0000,141.3000,0.0000,0.0000,1.4620,2.7990,141.3000,1,,,0.3381,0.3883,0.4379,-125.1506,73.4848,25.3566,,0.0000,29.1204,15.3586,31.4703,-19.3077,96.7926,-19.3077,0.4099,failed_base
blind,5,G,2026-04-06,12:55,NIFTY,2026-04-07,CE,22800,OTM1,1,False,22784.7500,190.3000,122.7000,171.7500,0.0000,0.0000,3.3300,2.2340,171.7500,1,,,0.6081,0.3950,0.4920,-135.9434,,,,,34.4456,19.4001,41.8287,-5.3862,62.8219,-5.3862,0.5066,session_end
blind,5,G,2026-04-07,13:40,NIFTY,2026-04-07,CE,22800,ATM,0,False,23041.1500,242.8500,123.7500,186.2000,0.0000,0.0000,0.7900,2.3120,186.2000,1,,,0.4676,0.3957,0.9672,-1.6980,123.9596,39.5634,,15.0000,-9.5326,4.4805,14.1239,-31.0274,36.6893,-31.0274,-0.1024,failed_base
blind,5,G,2026-04-07,15:00,NIFTY,2026-04-07,CE,22800,ATM,0,False,23100.2500,300.4000,167.5000,267.5000,0.0000,0.0000,0.8810,0.5760,267.5000,1,,,0.2689,0.6573,0.9958,-0.1483,,,,,7.4234,51.7600,10.5027,-7.8063,10.5027,-7.8063,0.0987,session_end
blind,5,G,2026-04-01,13:30,NIFTY,2026-04-07,PE,22800,OTM1,6,True,22838.0500,276.7000,237.5000,268.9000,0.0000,0.0000,2.1650,2.2580,268.9000,1,,,-0.1970,0.2516,-0.4725,-25.2782,56.9053,,,20.0000,20.1843,16.6744,34.6765,-0.1626,39.3567,-0.1626,-0.4397,session_end
blind,5,G,2026-04-01,12:10,NIFTY,2026-04-07,CE,22900,ATM,6,True,22883.0300,291.7500,244.8000,282.1500,0.0000,0.0000,1.4550,2.2940,282.1500,1,,,0.4474,0.2537,0.4970,-25.4760,28.8603,16.6112,,75.0000,0.7027,0.3928,4.1474,-4.4559,8.1234,-31.9280,0.0420,failed_base
blind,5,G,2026-04-06,12:30,NIFTY,2026-04-07,CE,22900,OTM2,1,False,22718.0800,117.8500,72.1000,105.0000,0.0000,0.0000,1.1570,2.6390,105.0000,1,,,0.3381,0.3870,0.3592,-106.9377,81.3454,28.3748,,0.0000,30.5473,17.3276,33.3899,-21.2134,104.7518,-21.2134,0.4099,failed_base
blind,5,G,2026-04-06,13:00,NIFTY,2026-04-07,CE,22900,OTM2,1,False,22811.2000,153.8500,92.8500,132.7000,0.0000,0.0000,1.7960,2.4650,132.7000,1,,,0.6312,0.3890,0.4321,-128.1550,,,,,21.5470,10.1841,37.1466,-12.7397,56.8411,-12.7397,0.3288,session_end
blind,5,G,2026-04-07,13:40,NIFTY,2026-04-07,CE,22900,OTM1,0,False,23041.1500,150.6500,59.5500,102.3500,0.0000,0.0000,0.6810,2.3750,102.3500,1,,,0.4676,0.3956,0.8591,-9.4980,201.9312,51.5295,,10.0000,-16.4952,-12.0349,19.3495,-42.1507,53.8334,-42.1507,-0.1024,failed_base
blind,5,G,2026-04-07,15:00,NIFTY,2026-04-07,CE,22900,OTM1,0,False,23100.2500,201.2500,87.1500,167.8000,0.0000,0.0000,0.6470,0.5500,167.8000,1,,,0.2689,0.5913,0.9745,-0.9983,,,,,10.8571,48.4722,15.1553,-12.2981,15.1553,-12.2981,0.0987,session_end
blind,5,G,2026-04-01,13:30,NIFTY,2026-04-07,PE,22900,ATM,6,True,22838.0500,323.7500,274.2500,314.0000,0.0000,0.0000,2.0060,2.6760,314.0000,1,,,-0.1804,0.2480,-0.5268,-24.9035,56.4266,,,20.0000,18.8571,15.0729,32.5097,-0.2162,36.8340,-0.2162,-0.4397,session_end
blind,5,G,2026-04-13,11:55,NIFTY,2026-04-13,CE,23500,ITM1,0,False,23800.5000,304.4500,222.3000,267.7000,0.0000,0.0000,1.1460,0.7730,267.7000,1,,,0.3299,0.3847,0.9491,-3.9473,55.8480,21.3018,48.9089,50.0000,1.5602,3.1607,5.7645,-5.7152,33.3552,-10.4451,0.0231,next_wave
blind,5,G,2026-04-13,11:55,NIFTY,2026-04-13,CE,23600,ATM,0,False,23800.5000,210.9500,140.3500,176.4000,0.0000,0.0000,1.2140,0.6780,176.4000,1,,,0.3299,0.3599,0.8781,-10.4473,77.3424,28.1840,71.7483,50.0000,1.6592,12.4909,6.9448,-8.2958,45.5321,-15.2643,0.0231,next_wave
blind,5,G,2026-04-13,11:55,NIFTY,2026-04-13,CE,23700,OTM1,0,False,23800.5000,126.2500,74.2000,98.4500,0.0000,0.0000,1.3230,0.6820,98.4500,1,,,0.3299,0.3329,0.7362,-25.7473,110.2426,38.4295,116.5539,45.0000,1.5446,18.1687,9.3069,-11.5248,64.7525,-23.9208,0.0231,next_wave
blind,5,G,2026-04-08,12:40,NIFTY,2026-04-13,PE,23700,OTM2,5,True,23927.7200,129.4500,105.1000,123.8500,0.0000,0.0000,1.5220,3.0400,123.8500,1,,,-0.2159,0.2003,-0.3388,-21.1623,29.7336,14.7415,,0.0000,-11.8965,-9.9877,2.0085,-18.0379,2.0085,-31.4407,0.1715,failed_base
blind,5,G,2026-04-09,12:55,NIFTY,2026-04-13,PE,23700,OTM2,4,True,23840.9800,140.3000,110.1500,134.3500,0.0000,0.0000,1.6990,2.8770,134.3500,1,,,-0.2501,0.2019,-0.3866,-25.2713,67.7712,17.4784,36.9180,60.0000,16.6429,9.7806,22.3806,-3.9558,48.8239,-3.9558,-0.1912,next_wave
blind,5,G,2026-04-08,11:00,NIFTY,2026-04-13,CE,23800,ITM1,5,True,23990.2300,330.3500,270.0000,322.0000,0.0000,0.0000,0.7740,0.7720,322.0000,1,,,0.2734,0.1960,0.6371,-21.1268,28.4630,11.7774,,30.0000,-0.6660,6.9627,4.9947,-2.0736,9.8835,-15.5441,-0.0002,failed_base
blind,5,G,2026-04-08,13:30,NIFTY,2026-04-13,CE,23800,ITM1,5,True,23997.3800,332.2000,279.0000,319.9000,0.0000,0.0000,1.1010,0.3820,319.9000,1,,,0.2063,0.1954,0.6436,-21.1583,27.2043,11.4962,,15.0000,-0.7977,4.2566,6.8332,-5.4485,9.2715,-6.9687,-0.0142,failed_base
blind,5,G,2026-04-09,11:55,NIFTY,2026-04-13,CE,23800,ITM1,4,True,23899.2700,254.6000,219.5000,249.8000,0.0000,0.0000,1.3380,1.2440,249.8000,1,,,0.2542,0.1984,0.5817,-25.2925,21.8679,13.8879,,10.0000,-3.2797,-2.1942,5.0668,-5.3810,5.0668,-40.3771,-0.0530,failed_base
blind,5,G,2026-04-13,11:55,NIFTY,2026-04-13,CE,23800,OTM2,0,False,23800.5000,62.4000,31.0000,45.6500,0.0000,0.0000,3.2030,1.3440,45.6500,1,,,0.3299,0.3236,0.5026,-57.9053,166.1290,52.5455,,45.0000,0.1603,11.5219,12.3397,-16.5865,83.8942,-58.3333,0.0231,failed_base
blind,5,G,2026-04-08,12:40,NIFTY,2026-04-13,PE,23800,OTM1,5,True,23927.7200,162.1500,132.3000,156.7000,0.0000,0.0000,1.9300,2.9120,156.7000,1,,,-0.2159,0.1954,-0.4037,-21.9769,29.8942,14.3148,,0.0000,-11.0083,-11.0621,2.4977,-17.2371,2.4977,-29.6947,0.1715,failed_base
blind,5,G,2026-04-09,12:55,NIFTY,2026-04-13,PE,23800,OTM1,4,True,23840.9800,179.6000,143.3000,171.8500,0.0000,0.0000,2.0770,3.1850,171.8500,1,,,-0.2501,0.1979,-0.4628,-25.8345,61.6539,16.2746,33.7200,60.0000,14.8385,10.0531,20.4065,-3.8697,44.4042,-3.8697,-0.1912,next_wave
blind,5,G,2026-04-10,14:25,NIFTY,2026-04-13,PE,23800,OTM2,3,True,23954.8800,86.5000,62.6500,72.7500,0.0000,0.0000,5.7100,8.4660,72.7500,1,,,-0.2357,0.1742,-0.3387,-24.6941,45.7302,29.5181,,10.0000,-16.2428,-6.6220,5.5491,-25.6069,5.5491,-38.2659,0.1679,failed_base
blind,5,G,2026-04-15,15:00,NIFTY,2026-04-21,CE,24100,ITM1,6,True,24263.2600,317.3500,287.0000,311.0000,0.0000,0.0000,1.0320,2.8960,311.0000,1,,,0.2089,0.1830,0.6169,-18.7433,12.1254,9.8819,,0.0000,-10.4459,-9.0147,0.8350,-10.4459,0.8350,-10.4459,-0.2222,failed_base
blind,5,G,2026-04-17,13:40,NIFTY,2026-04-21,CE,24100,ITM1,4,True,24306.3300,292.0000,260.0000,285.7500,0.0000,0.0000,1.0570,1.7450,285.7500,1,,,0.1541,0.1661,0.6890,-19.3560,16.7692,7.3123,,10.0000,0.2226,3.6013,3.9726,-3.6301,17.4658,-3.6301,0.0221,next_wave
blind,5,G,2026-04-15,11:15,NIFTY,2026-04-21,PE,24100,OTM1,6,True,24200.1100,188.8500,151.0000,177.4000,0.0000,0.0000,1.4920,1.5480,177.4000,1,,,-0.2187,0.1881,-0.4275,-19.5611,28.5099,11.3631,,10.0000,-8.7106,-6.0121,2.7535,-8.9224,2.7535,-19.4334,0.1327,failed_base
blind,5,G,2026-04-15,13:30,NIFTY,2026-04-21,PE,24100,OTM1,6,True,24202.4600,182.5000,161.0000,181.5000,0.0000,0.0000,1.8500,2.2680,181.5000,1,,,-0.1334,0.1852,-0.4244,-19.3902,15.3416,10.8239,,10.0000,-8.7671,-10.8868,1.7534,-9.4521,1.7534,-16.6301,0.1284,failed_base
blind,5,G,2026-04-20,13:15,NIFTY,2026-04-21,PE,24100,OTM2,1,False,24400.3300,43.2500,30.9000,40.1500,0.0000,0.0000,4.0310,2.7350,40.1500,1,,,-0.2183,0.2779,-0.2056,-43.1623,77.1845,32.6027,,20.0000,10.4046,7.6182,26.5896,-4.3931,52.9480,-15.1445,-0.1131,failed_base
blind,5,G,2026-04-15,15:00,NIFTY,2026-04-21,CE,24200,ATM,6,True,24263.2600,254.4000,228.0500,248.0000,0.0000,0.0000,1.1720,2.2120,248.0000,1,,,0.2089,0.1785,0.5493,-19.0392,13.1331,10.8333,,0.0000,-11.0063,-10.2750,0.7862,-11.2814,0.7862,-11.2814,-0.2222,failed_base
blind,5,G,2026-04-17,13:40,NIFTY,2026-04-21,CE,24200,ATM,4,True,24306.3300,223.2500,196.4500,218.6000,0.0000,0.0000,1.4140,1.1570,218.6000,1,,,0.1541,0.1612,0.6044,-20.7758,19.0888,8.3992,,10.0000,0.5823,1.8972,4.7928,-4.0090,20.0448,-4.0090,0.0221,failed_base
blind,5,G,2026-04-17,14:50,NIFTY,2026-04-21,CE,24200,ATM,4,True,24349.2600,249.4000,214.3000,237.4500,0.0000,0.0000,2.1290,1.9430,237.4500,1,,,0.1919,0.1615,0.6442,-20.1952,21.0686,9.3467,,5.0000,1.1628,-0.6691,3.2478,-5.6937,7.4579,-5.6937,0.0260,session_end
blind,5,G,2026-04-20,11:30,NIFTY,2026-04-21,CE,24200,ITM1,1,False,24457.5100,307.5000,236.3000,295.0000,0.0000,0.0000,0.8270,0.7310,295.0000,1,,,0.2797,0.2616,0.7650,-48.4673,33.0300,11.5635,,5.0000,-0.7805,1.6063,2.0976,-4.3902,6.1138,-40.3740,-0.0079,failed_base
blind,5,G,2026-04-15,11:15,NIFTY,2026-04-21,PE,24200,ATM,6,True,24200.1100,230.5500,186.4500,217.9500,0.0000,0.0000,1.4410,1.5570,217.9500,1,,,-0.2187,0.1838,-0.4946,-19.4514,27.3532,10.6970,,10.0000,-7.7207,-6.1873,2.9928,-8.0243,2.9928,-18.1739,0.1327,failed_base
blind,5,G,2026-04-15,13:30,NIFTY,2026-04-21,PE,24200,ATM,6,True,24202.4600,223.3500,199.3500,222.7000,0.0000,0.0000,1.7630,2.5540,222.7000,1,,,-0.1334,0.1804,-0.4931,-19.2492,14.2463,10.0549,,10.0000,-7.8128,-10.3373,1.9700,-8.4173,1.9700,-15.5362,0.1284,failed_base
blind,5,G,2026-04-16,11:50,NIFTY,2026-04-21,PE,24200,OTM2,5,True,24225.5200,180.5500,135.8000,163.3500,0.0000,0.0000,6.3030,2.5390,163.3500,1,,,-0.3123,0.1683,-0.4746,-19.6805,85.1988,,,105.0000,18.2498,17.0425,28.6347,-0.3600,39.2966,-8.3910,-0.2390,session_end
blind,5,G,2026-04-20,13:15,NIFTY,2026-04-21,PE,24200,OTM1,1,False,24400.3300,64.4000,46.1500,59.5000,0.0000,0.0000,4.0580,3.4610,59.5000,1,,,-0.2373,0.2690,-0.2853,-63.2772,76.8147,31.4951,,20.0000,10.7143,9.4861,26.7081,-4.3478,51.6304,-13.1988,-0.1131,failed_base
blind,5,G,2026-04-15,14:55,NIFTY,2026-04-21,CE,24300,OTM1,6,True,24259.2500,197.5000,176.5000,192.0000,0.0000,0.0000,3.0420,1.2880,192.0000,1,,,0.1578,0.1748,0.4742,-18.7584,14.3343,11.7939,,5.0000,-7.1139,-6.4743,1.5696,-9.8734,1.5696,-11.3924,-0.1539,failed_base
blind,5,G,2026-04-17,13:40,NIFTY,2026-04-21,CE,24300,OTM1,4,True,24306.3300,164.4500,142.3500,160.2500,0.0000,0.0000,1.2940,1.1080,160.2500,1,,,0.1541,0.1575,0.5092,-21.1415,22.1286,9.4909,25.1033,10.0000,0.6385,4.1107,5.7160,-4.3174,21.6175,-4.3174,0.0221,next_wave
blind,5,G,2026-04-20,11:30,NIFTY,2026-04-21,CE,24300,ATM,1,False,24457.5100,233.7500,170.3000,222.0000,0.0000,0.0000,0.7670,0.6960,222.0000,1,,,0.2797,0.2570,0.6742,-68.3656,39.7534,13.5504,,5.0000,-1.7112,-0.2560,1.3476,-5.7968,6.0749,-46.4599,-0.0079,failed_base
blind,5,G,2026-04-15,11:15,NIFTY,2026-04-21,PE,24300,ITM1,6,True,24200.1100,279.9500,228.9000,265.7500,0.0000,0.0000,0.9090,1.0950,265.7500,1,,,-0.2187,0.1802,-0.5645,-18.7816,25.3823,9.8258,,10.0000,-7.4120,-4.8704,2.5183,-7.5549,2.5183,-17.0209,0.1327,failed_base
blind,5,G,2026-04-15,13:30,NIFTY,2026-04-21,PE,24300,ITM1,6,True,24202.4600,272.0000,244.8000,271.3000,0.0000,0.0000,1.1700,2.3470,271.3000,1,,,-0.1334,0.1762,-0.5651,-18.5152,13.2557,9.5041,,10.0000,-7.2794,-8.5641,1.9301,-7.7574,1.9301,-14.5956,0.1284,failed_base
blind,5,G,2026-04-16,11:50,NIFTY,2026-04-21,PE,24300,OTM1,5,True,24225.5200,228.5000,176.4000,209.2000,0.0000,0.0000,2.8680,1.7880,209.2000,1,,,-0.3123,0.1645,-0.5580,-19.0232,77.0692,,,105.0000,16.8928,18.7102,26.4770,0.1094,36.6958,-6.6083,-0.2390,session_end
blind,5,G,2026-04-20,13:15,NIFTY,2026-04-21,PE,24300,ATM,1,False,24400.3300,94.3500,68.4500,87.2500,0.0000,0.0000,3.7020,3.2400,87.2500,1,,,-0.2373,0.2610,-0.3837,-85.6175,72.6808,29.4416,,20.0000,9.8039,10.8607,25.2782,-4.1865,48.0657,-11.6057,-0.1131,failed_base
blind,5,G,2026-04-15,14:55,NIFTY,2026-04-21,CE,24400,OTM2,6,True,24259.2500,149.7000,133.0000,144.5500,0.0000,0.0000,2.7380,1.4460,144.5500,1,,,0.1578,0.1707,0.3998,-17.7356,15.0000,9.7417,,5.0000,-8.1162,-4.3580,1.2358,-11.0220,1.2358,-12.2912,-0.1539,failed_base
blind,5,G,2026-04-17,13:40,NIFTY,2026-04-21,CE,24400,OTM2,4,True,24306.3300,115.7500,98.3000,112.1500,0.0000,0.0000,1.3610,1.2250,112.1500,1,,,0.1541,0.1542,0.4095,-20.0900,25.5849,11.0571,29.9636,10.0000,0.9935,-3.7547,6.6523,-5.1404,24.2333,-5.1404,0.0221,next_wave
blind,5,G,2026-04-20,11:30,NIFTY,2026-04-21,CE,24400,OTM1,1,False,24457.5100,167.8500,117.0000,159.7500,0.0000,0.0000,0.9740,1.0550,159.7500,1,,,0.2797,0.2490,0.5690,-82.2398,47.0085,16.1628,,5.0000,-1.8767,-2.7182,1.5788,-7.0301,6.7918,-52.5469,-0.0079,failed_base
blind,5,G,2026-04-21,11:00,NIFTY,2026-04-21,CE,24400,ITM1,0,False,24556.1600,165.0000,109.6500,152.9000,0.0000,0.0000,0.9360,0.6450,152.9000,1,,,0.2290,0.2484,0.8720,-8.8447,56.4523,22.7630,,5.0000,-11.0909,-5.0033,3.0000,-15.1515,17.5758,-27.8788,-0.0843,failed_base
blind,5,G,2026-04-21,12:20,NIFTY,2026-04-21,CE,24400,ITM1,0,False,24563.3600,167.9000,127.3000,165.9000,0.0000,0.0000,0.9370,1.4800,165.9000,1,,,0.0365,0.2545,0.9164,-4.5437,44.4226,16.7800,,10.0000,-14.7409,-8.1145,9.4997,-20.4884,15.5450,-29.1245,-0.1107,failed_base
blind,5,G,2026-04-16,11:50,NIFTY,2026-04-21,PE,24400,ATM,5,True,24225.5200,285.3000,225.6000,264.2500,0.0000,0.0000,2.4570,1.3960,264.2500,1,,,-0.3123,0.1609,-0.6422,-17.4652,69.3262,,,105.0000,15.9657,16.6601,24.1675,0.2454,33.8941,-5.1174,-0.2390,session_end
blind,5,G,2026-04-20,13:15,NIFTY,2026-04-21,PE,24400,ITM1,1,False,24400.3300,135.0500,101.0000,125.4500,0.0000,0.0000,3.5030,2.6390,125.4500,1,,,-0.2373,0.2538,-0.4967,-95.6208,64.2574,26.4014,,20.0000,9.6261,11.0352,22.8434,-3.6283,43.7986,-9.5890,-0.1131,failed_base
blind,5,G,2026-04-20,11:30,NIFTY,2026-04-21,CE,24500,OTM2,1,False,24457.5100,114.0000,75.5500,109.6500,0.0000,0.0000,1.5690,1.1950,109.6500,1,,,0.2797,0.2431,0.4524,-81.7162,55.4600,18.8591,,5.0000,-2.6316,3.4400,1.7544,-8.1579,7.4123,-58.1579,-0.0079,failed_base
blind,5,G,2026-04-21,11:05,NIFTY,2026-04-21,CE,24500,ATM,0,False,24554.5500,80.8000,46.5000,75.0000,0.0000,0.0000,0.5690,1.1330,75.0000,1,,,0.2136,0.2219,0.6732,-26.2482,87.6344,33.6963,,0.0000,-27.1658,-35.8209,6.4356,-28.4035,15.2847,-55.7550,-0.1368,failed_base
blind,5,G,2026-04-16,11:50,NIFTY,2026-04-21,PE,24500,ITM1,5,True,24225.5200,350.6500,284.0000,327.4000,0.0000,0.0000,2.5810,1.6430,327.4000,1,,,-0.3123,0.1573,-0.7228,-15.1061,61.7782,,,105.0000,14.4589,16.3352,21.7738,0.3422,31.0281,-3.8500,-0.2390,session_end
blind,5,G,2026-04-27,13:20,NIFTY,2026-04-28,CE,23900,ITM1,1,False,24110.7000,239.6000,188.2000,239.0000,0.0000,0.0000,1.3780,1.0600,239.0000,1,,,0.2460,0.1935,0.7980,-28.8595,39.2667,16.8638,,60.0000,1.0017,0.4991,8.7646,-3.0467,9.3907,-9.0568,0.0082,failed_base
blind,5,G,2026-04-24,10:50,NIFTY,2026-04-28,PE,23900,OTM2,4,True,23939.4000,154.1500,117.0000,150.4000,0.0000,0.0000,1.5510,1.0570,150.4000,1,,,-0.2817,0.1694,-0.4599,-21.9127,41.0256,14.5455,,75.0000,-1.2326,-1.8380,4.1518,-9.1794,38.8258,-11.5796,0.0001,failed_base
blind,5,G,2026-04-24,13:20,NIFTY,2026-04-28,PE,23900,OTM2,4,True,23891.0900,173.6500,140.8000,170.9500,0.0000,0.0000,0.8810,2.1910,170.9500,1,,,-0.1251,0.1678,-0.5045,-22.0925,51.9886,22.6636,,55.0000,6.4498,2.4305,18.0536,-3.0233,23.2364,-14.4256,-0.0707,failed_base
blind,5,G,2026-04-28,11:35,NIFTY,2026-04-28,PE,23900,OTM2,0,False,24056.1500,6.1000,2.1000,4.2000,0.0000,0.0000,4.2960,6.7140,4.2000,1,,,-0.4393,0.2440,-0.1030,-6.1000,371.4286,59.0909,,5.0000,-1.6393,11.8471,28.6885,-52.4590,151.6393,-99.1803,-0.0921,failed_base
blind,5,G,2026-04-24,14:35,NIFTY,2026-04-28,CE,24000,ITM1,4,True,23927.5200,139.6000,108.4500,126.5000,0.0000,0.0000,3.0640,2.0540,126.5000,1,,,0.1293,0.1726,0.4371,-22.6099,41.4477,20.4694,,20.0000,-11.8195,-8.3164,9.8854,-12.6074,9.8854,-14.7206,-0.1559,failed_base
blind,5,G,2026-04-27,13:30,NIFTY,2026-04-28,CE,24000,ATM,1,False,24111.6700,164.5000,122.7500,164.0500,0.0000,0.0000,0.6190,0.6890,164.0500,1,,,0.2500,0.1890,0.6757,-51.3267,49.0835,21.3661,,50.0000,3.2827,1.9568,9.4833,-3.9514,11.2462,-12.5228,0.0351,failed_base
blind,5,G,2026-04-24,10:50,NIFTY,2026-04-28,PE,24000,OTM1,4,True,23939.4000,204.3000,159.0000,199.4500,0.0000,0.0000,0.8590,0.7850,199.4500,1,,,-0.2817,0.1682,-0.5518,-21.6612,37.3899,13.0236,,75.0000,-0.1468,-1.8089,4.5521,-7.8316,34.8018,-10.0343,0.0001,failed_base
blind,5,G,2026-04-24,13:20,NIFTY,2026-04-28,PE,24000,OTM1,4,True,23891.0900,230.2500,189.7000,226.0000,0.0000,0.0000,0.7690,1.8770,226.0000,1,,,-0.1251,0.1686,-0.5967,-21.4239,45.1766,20.9877,,55.0000,4.9946,3.5268,15.0271,-2.7579,19.6091,-13.9414,-0.0707,failed_base
blind,5,G,2026-04-23,13:25,NIFTY,2026-04-28,CE,24100,ITM1,5,True,24268.9400,285.1000,223.2500,254.3000,0.0000,0.0000,2.4840,1.8190,254.3000,1,,,0.3935,0.1659,0.6424,-18.1863,31.1310,17.3356,,10.0000,-10.3472,-9.3133,2.6833,-17.1168,2.6833,-27.3939,-0.1676,failed_base
blind,5,G,2026-04-24,14:35,NIFTY,2026-04-28,CE,24100,ATM,4,True,23927.5200,100.8500,76.5000,89.0000,0.0000,0.0000,4.6200,2.2830,89.0000,1,,,0.1667,0.1724,0.3491,-21.0144,45.5556,21.7333,,20.0000,-12.3946,-12.9739,10.4115,-13.5845,10.4115,-15.5677,-0.1559,failed_base
blind,5,G,2026-04-27,13:40,NIFTY,2026-04-28,CE,24100,OTM1,1,False,24116.6200,106.3500,73.9000,104.4000,0.0000,0.0000,0.7960,1.1070,104.4000,1,,,0.2706,0.1873,0.5289,-71.1372,59.4046,25.7640,,40.0000,-1.8336,-0.3566,7.9925,-6.3940,10.7663,-17.7715,-0.0085,failed_base
blind,5,G,2026-04-24,10:50,NIFTY,2026-04-28,PE,24100,ATM,4,True,23939.4000,265.5500,209.1000,258.1000,0.0000,0.0000,0.7540,0.6630,258.1000,1,,,-0.2817,0.1692,-0.6400,-20.4062,34.2898,11.3604,,75.0000,-0.3954,2.5408,4.0482,-7.0420,29.8437,-9.0755,0.0001,failed_base
blind,5,G,2026-04-24,13:15,NIFTY,2026-04-28,PE,24100,ATM,4,True,23887.9200,298.8000,248.8000,290.7000,0.0000,0.0000,2.0430,1.2060,290.7000,1,,,-0.1464,0.1703,-0.6843,-19.5873,38.5852,18.5905,,60.0000,11.3788,14.4905,11.7303,-3.4806,15.3949,-13.9726,-0.1784,failed_base
blind,5,G,2026-04-27,11:45,NIFTY,2026-04-28,PE,24100,ITM1,1,False,24004.3300,160.2500,101.5000,152.6500,0.0000,0.0000,0.4540,1.2100,152.6500,1,,,-0.1134,0.1956,-0.6389,-56.2070,74.5320,27.5755,,0.0000,-21.0296,-21.8912,6.3339,-23.9314,6.3339,-53.3853,0.1967,failed_base
blind,5,G,2026-04-23,13:25,NIFTY,2026-04-28,CE,24200,ATM,5,True,24268.9400,222.8000,171.0000,196.9000,0.0000,0.0000,3.4410,1.8560,196.9000,1,,,0.3935,0.1634,0.5619,-19.0473,34.4152,18.9036,,10.0000,-11.5126,-8.1808,3.1643,-18.7837,3.1643,-29.4210,-0.1676,failed_base
blind,5,G,2026-04-24,14:35,NIFTY,2026-04-28,CE,24200,OTM1,4,True,23927.5200,71.9000,54.7000,62.9500,0.0000,0.0000,3.1330,2.5530,62.9500,1,,,0.1667,0.1739,0.2707,-18.6471,44.4241,22.3418,,20.0000,-13.3519,-13.7737,9.8748,-14.6732,9.8748,-16.5508,-0.1559,failed_base
blind,5,G,2026-04-27,12:40,NIFTY,2026-04-28,CE,24200,OTM2,1,False,24087.1000,54.2000,33.7000,48.5000,0.0000,0.0000,1.8800,1.4040,48.5000,1,,,0.2616,0.1890,0.3293,-51.0258,81.4540,23.3034,47.7612,5.0000,5.1661,-4.2919,5.9041,-13.4686,27.8598,-13.4686,0.0740,next_wave
blind,5,G,2026-04-24,10:50,NIFTY,2026-04-28,PE,24200,ITM1,4,True,23939.4000,334.5500,268.8000,326.7500,0.0000,0.0000,0.6700,0.4500,326.7500,1,,,-0.2817,0.1694,-0.7209,-18.0451,32.0313,10.5382,,75.0000,-0.4633,2.9193,4.0502,-6.1127,26.6029,-7.6521,0.0001,failed_base
blind,5,G,2026-04-24,13:15,NIFTY,2026-04-28,PE,24200,ITM1,4,True,23887.9200,373.3500,317.2500,363.9000,0.0000,0.0000,2.5790,0.8610,363.9000,1,,,-0.1757,0.1724,-0.7581,-17.0348,33.5067,16.7395,,60.0000,9.8165,11.8643,10.2451,-2.7722,13.4458,-12.9503,-0.1784,failed_base
blind,5,G,2026-04-29,12:40,NIFTY,2026-05-05,CE,24000,ITM1,6,True,24371.9900,441.7000,388.0500,436.7000,0.0000,0.0000,0.8900,1.7250,436.7000,1,,,0.1813,0.1638,0.7683,-13.0126,15.7067,7.1938,,5.0000,-3.4186,-2.2323,1.6074,-4.0072,1.6074,-36.1558,-0.0662,failed_base
blind,5,G,2026-04-30,12:15,NIFTY,2026-05-05,CE,24000,OTM1,5,True,23908.4200,141.2000,109.6000,125.5000,0.0000,0.0000,2.2990,2.1070,125.5000,1,,,0.3577,0.1619,0.4245,-18.3814,36.5876,11.7568,67.1461,10.0000,3.0807,7.0580,8.3215,-6.4448,69.7946,-6.4448,0.0501,next_wave
blind,5,G,2026-04-29,13:45,NIFTY,2026-05-05,PE,24000,OTM1,6,True,24301.0400,84.2000,67.2500,76.1000,0.0000,0.0000,3.0720,3.2670,76.1000,1,,,-0.2911,0.1607,-0.2701,-14.0751,,,,,15.6770,11.5278,27.6722,-4.2162,45.6651,-4.2162,-0.2617,session_end
blind,5,G,2026-05-04,12:20,NIFTY,2026-05-05,PE,24000,OTM2,1,False,24173.8200,53.6500,26.9500,41.6000,0.0000,0.0000,3.8850,4.3850,41.6000,1,,,-0.3785,0.2266,-0.2815,-51.6328,312.9870,,,80.0000,26.5610,24.5583,39.6086,-9.0401,107.4557,-31.4073,-0.2070,session_end
blind,5,G,2026-05-05,11:55,NIFTY,2026-05-05,PE,24000,OTM1,0,False,23896.5400,116.1500,65.8000,102.4000,0.0000,0.0000,0.8570,1.1900,102.4000,1,,,-0.2075,0.2461,-0.8066,-12.6918,103.0395,46.3698,,10.0000,-49.7202,-57.2192,15.0237,-54.7568,15.0237,-99.9570,0.3220,failed_base
blind,5,G,2026-04-29,12:40,NIFTY,2026-05-05,CE,24100,ATM,6,True,24371.9900,363.5500,315.0000,359.9500,0.0000,0.0000,0.8040,1.1090,359.9500,1,,,0.1813,0.1591,0.7099,-14.3713,17.9206,8.0899,,5.0000,-3.6721,-4.0487,1.8154,-4.4423,1.8154,-39.3894,-0.0662,failed_base
blind,5,G,2026-04-30,12:15,NIFTY,2026-05-05,CE,24100,OTM2,5,True,23908.4200,102.7500,80.2500,92.0000,0.0000,0.0000,3.4430,3.0620,92.0000,1,,,0.3577,0.1610,0.3412,-16.9990,37.1340,12.2217,73.1366,10.0000,3.6010,7.6658,10.5109,-5.9854,78.8321,-5.9854,0.0501,next_wave
blind,5,G,2026-05-05,13:05,NIFTY,2026-05-05,CE,24100,ATM,0,False,24025.5000,13.4500,4.5000,11.8000,0.0000,0.0000,3.1440,2.0100,11.8000,1,,,0.3966,0.2520,0.2304,-13.4500,735.5556,74.3351,,20.0000,-12.2677,1.4107,179.5539,-28.2528,179.5539,-99.6283,0.0321,failed_base
blind,5,G,2026-04-29,13:45,NIFTY,2026-05-05,PE,24100,ATM,6,True,24301.0400,111.8000,89.3000,100.5500,0.0000,0.0000,2.8680,2.8000,100.5500,1,,,-0.2911,0.1576,-0.3373,-15.3784,,,,,15.6977,11.6840,26.2075,-4.2039,44.4544,-4.2039,-0.2617,session_end
blind,5,G,2026-05-04,12:20,NIFTY,2026-05-05,PE,24100,OTM1,1,False,24173.8200,86.6500,44.8000,68.0000,0.0000,0.0000,4.8690,4.8340,68.0000,1,,,-0.3785,0.2238,-0.4006,-72.4445,270.9821,,,80.0000,25.2741,23.5193,35.7761,-8.4824,91.8061,-21.4657,-0.2070,session_end
blind,5,G,2026-05-05,11:50,NIFTY,2026-05-05,PE,24100,ATM,0,False,23907.7400,197.4000,143.6500,188.8000,0.0000,0.0000,1.3100,1.0780,188.8000,1,,,-0.1337,0.2812,-0.9176,-5.1447,58.3710,32.8352,,15.0000,-21.6819,-25.2703,15.2482,-23.8095,15.2482,-77.8369,0.1886,failed_base
blind,5,G,2026-04-29,12:40,NIFTY,2026-05-05,CE,24200,OTM1,6,True,24371.9900,292.8000,249.0000,289.3000,0.0000,0.0000,0.8170,1.2770,289.3000,1,,,0.1813,0.1556,0.6405,-15.5080,20.1004,8.7945,,35.0000,-4.3716,-4.3470,2.1346,-4.9010,2.1346,-42.6059,-0.0662,failed_base
blind,5,G,2026-05-05,13:15,NIFTY,2026-05-05,CE,24200,OTM1,0,False,24077.5500,7.4500,2.3000,4.4500,0.0000,0.0000,5.2330,5.3240,4.4500,1,,,0.5996,0.2855,0.1343,-7.4500,341.3043,61.5764,,5.0000,-62.4161,-91.8677,24.8322,-73.1544,24.8322,-99.3289,-0.0999,failed_base
blind,5,G,2026-04-29,13:45,NIFTY,2026-05-05,PE,24200,ITM1,6,True,24301.0400,146.3000,117.5000,131.8000,0.0000,0.0000,3.3260,3.0050,131.8000,1,,,-0.2911,0.1545,-0.4129,-16.1525,,,,,15.5502,10.6451,25.3247,-3.8278,43.0280,-3.8278,-0.2617,session_end
blind,5,G,2026-05-04,12:20,NIFTY,2026-05-05,PE,24200,ATM,1,False,24173.8200,132.6000,73.7500,106.8000,0.0000,0.0000,1.7270,3.1590,106.8000,1,,,-0.3785,0.2216,-0.5324,-77.5234,215.9322,,,80.0000,22.8884,20.7609,31.7873,-7.0890,75.7164,-13.0845,-0.2070,session_end
blind,5,G,2026-05-05,10:35,NIFTY,2026-05-05,PE,24200,ITM1,0,False,23942.7500,261.8000,154.1500,239.3000,0.0000,0.0000,0.3710,0.6990,239.3000,1,,,-0.2015,0.2942,-0.9369,-4.5479,143.8210,42.1312,,90.0000,-5.7678,-4.7638,8.6898,-5.7678,43.5638,-54.9274,0.0580,failed_base
blind,5,G,2026-04-29,12:40,NIFTY,2026-05-05,CE,24300,OTM2,6,True,24371.9900,229.3000,191.0000,226.5500,0.0000,0.0000,1.0260,1.5000,226.5500,1,,,0.1813,0.1523,0.5629,-16.0843,23.1675,10.3082,,5.0000,-4.6228,-4.3750,2.4858,-5.6258,2.4858,-45.5517,-0.0662,failed_base
blind,5,G,2026-05-04,12:20,NIFTY,2026-05-05,PE,24300,ITM1,1,False,24173.8200,193.2000,117.1000,160.2000,0.0000,0.0000,1.3800,2.6470,160.2000,1,,,-0.3785,0.2223,-0.6605,-61.6407,166.2254,,,80.0000,19.0994,17.6400,25.8540,-5.9006,61.3613,-7.8675,-0.2070,session_end
blind,5,G,2026-05-11,14:50,NIFTY,2026-05-12,PE,23700,OTM2,1,False,23907.6200,28.6500,16.3000,24.4000,0.0000,0.0000,2.3940,1.2960,24.4000,1,,,-0.2689,0.1984,-0.2022,-28.6500,,,,,49.3892,51.2585,67.5393,-12.0419,67.5393,-12.0419,-0.2179,session_end
blind,5,G,2026-05-12,11:10,NIFTY,2026-05-12,PE,23700,ATM,0,False,23604.2000,116.5500,66.8000,109.8000,0.0000,0.0000,0.6750,0.8930,109.8000,1,,,-0.1353,0.2674,-0.7511,-20.7469,185.3293,26.2592,,95.0000,-4.4187,-5.3505,8.1081,-14.1999,190.7765,-15.1437,0.0246,next_wave
blind,5,G,2026-05-11,11:15,NIFTY,2026-05-12,CE,23800,ITM1,1,False,23935.3900,195.9500,152.3500,187.1000,0.0000,0.0000,,,187.1000,1,,,0.1033,0.2144,0.6814,-54.2578,46.4391,21.8064,,35.0000,12.8604,12.5513,13.8556,-2.5262,30.1097,-39.9592,0.1590,failed_base
blind,5,G,2026-05-12,12:15,NIFTY,2026-05-12,PE,23800,ITM1,0,False,23573.9500,232.6500,183.8500,217.7500,0.0000,0.0000,0.8080,1.3950,217.7500,1,,,-0.1282,0.3636,-0.9129,-6.5969,55.8880,18.0565,,30.0000,13.8835,9.9953,23.1893,-8.1238,88.6740,-8.1238,-0.1489,next_wave
blind,5,G,2026-05-06,12:30,NIFTY,2026-05-12,PE,24000,OTM2,6,True,24086.6000,163.4500,121.2000,151.9000,0.0000,0.0000,1.8630,3.2610,151.9000,1,,,-0.1827,0.1642,-0.4281,-17.0798,63.5314,27.7750,,40.0000,10.6455,8.7571,20.3426,-0.1224,21.2603,-69.4096,-0.1239,failed_base
blind,5,G,2026-05-08,13:05,NIFTY,2026-05-12,PE,24000,OTM2,4,True,24172.0300,87.9000,69.5500,85.0500,0.0000,0.0000,0.6290,0.7120,85.0500,1,,,-0.1740,0.1565,-0.3302,-18.6683,27.0309,23.2598,,5.0000,-14.7895,-19.8244,0.1706,-23.7770,13.4243,-38.8510,0.1519,failed_base
blind,5,G,2026-05-06,13:25,NIFTY,2026-05-12,CE,24100,ITM1,6,True,24125.1300,213.2000,176.6000,204.2500,0.0000,0.0000,1.8380,2.4130,204.2500,1,,,0.0770,0.1615,0.5235,-17.1410,,,,,9.7561,10.9184,10.6942,-1.0084,97.8893,-1.0084,0.1965,session_end
blind,5,G,2026-05-11,11:20,NIFTY,2026-05-12,CE,24100,OTM2,1,False,23939.3600,53.2000,38.8500,51.3500,0.0000,0.0000,,,51.3500,1,,,0.1507,0.2141,0.2928,-49.3748,59.5882,19.2742,,30.0000,-4.2293,1.7854,16.5414,-7.1429,35.6203,-66.4474,0.0135,failed_base
blind,5,G,2026-05-06,12:30,NIFTY,2026-05-12,PE,24100,OTM1,6,True,24086.6000,209.8000,160.0000,197.0000,0.0000,0.0000,1.1780,2.5960,197.0000,1,,,-0.1827,0.1632,-0.5057,-17.2713,55.9688,25.8666,,40.0000,9.4137,8.0208,18.0648,-0.3337,18.9466,-66.6111,-0.1239,failed_base
blind,5,G,2026-05-08,13:05,NIFTY,2026-05-12,PE,24100,OTM1,4,True,24172.0300,125.4500,101.0500,121.7000,0.0000,0.0000,0.5620,0.6990,121.7000,1,,,-0.1740,0.1558,-0.4247,-20.3151,24.6907,21.2698,,5.0000,-13.1128,-15.4030,0.0000,-22.0008,10.9207,-34.9940,0.1519,failed_base
blind,5,G,2026-05-13,11:50,NIFTY,2026-05-19,CE,23300,ITM1,6,True,23528.3200,370.0000,300.0000,363.3000,0.0000,0.0000,0.8480,1.5320,363.3000,1,,,0.1093,0.1972,0.6524,-18.6608,30.5000,14.4061,,5.0000,0.1622,1.7737,4.3649,-6.0270,17.2703,-19.5405,0.0247,failed_base
blind,5,G,2026-05-13,11:50,NIFTY,2026-05-19,CE,23400,ATM,6,True,23528.3200,304.6500,242.4000,299.0000,0.0000,0.0000,0.9570,1.5920,299.0000,1,,,0.1093,0.1936,0.5904,-19.3839,33.7665,15.7903,,5.0000,0.0656,1.2834,4.4477,-6.7126,18.8413,-21.5493,0.0247,failed_base
blind,5,G,2026-05-13,11:50,NIFTY,2026-05-19,CE,23500,OTM1,6,True,23528.3200,245.7500,192.6500,240.5000,0.0000,0.0000,1.7770,2.7840,240.5000,1,,,0.1093,0.1901,0.5238,-19.5652,36.5949,16.8535,,5.0000,-0.2645,-0.7649,5.4120,-7.2838,20.7325,-23.6216,0.0247,failed_base
blind,5,G,2026-05-14,13:10,NIFTY,2026-05-19,CE,23500,ITM1,5,True,23743.9300,343.7500,281.3500,335.0000,0.0000,0.0000,0.7920,1.3380,335.0000,1,,,0.3218,0.1785,0.6909,-17.9105,33.4459,13.9433,,65.0000,1.8182,3.4112,7.7236,-6.6182,9.2218,-19.5200,0.0364,failed_base
blind,5,G,2026-05-15,11:15,NIFTY,2026-05-19,PE,23500,OTM2,4,True,23732.7000,81.1500,57.8500,74.1500,0.0000,0.0000,1.6660,2.4040,74.1500,1,,,-0.2254,0.1719,-0.2927,-18.7710,83.4918,34.9505,,25.0000,3.2656,7.3622,30.8071,-1.2323,63.7708,-25.6932,-0.0483,failed_base
blind,5,G,2026-05-15,13:55,NIFTY,2026-05-19,PE,23500,OTM2,4,True,23712.0300,77.8500,60.3000,75.8500,0.0000,0.0000,1.8140,2.7740,75.8500,1,,,-0.2693,0.1634,-0.2980,-18.2594,120.3980,,,65.0000,8.9917,4.7904,18.6898,-2.3764,70.7129,-2.3764,-0.0493,session_end
blind,5,G,2026-05-13,11:50,NIFTY,2026-05-19,CE,23600,OTM2,6,True,23528.3200,194.3000,150.0000,189.9500,0.0000,0.0000,1.6840,2.1380,189.9500,1,,,0.1093,0.1873,0.4545,-19.1790,40.0000,18.5238,,5.0000,-0.0772,-0.6526,5.6613,-7.8744,22.5682,-25.5533,0.0247,failed_base
blind,5,G,2026-05-14,13:10,NIFTY,2026-05-19,CE,23600,ATM,5,True,23743.9300,274.5500,219.8000,266.8000,0.0000,0.0000,0.8500,1.2920,266.8000,1,,,0.3218,0.1742,0.6195,-19.0926,37.2157,15.5172,,65.0000,2.0033,6.0336,8.5412,-7.1936,9.8525,-22.6370,0.0364,failed_base
blind,5,G,2026-05-15,12:55,NIFTY,2026-05-19,CE,23600,ITM1,4,True,23782.5600,271.5000,222.6500,266.3500,0.0000,0.0000,1.1900,1.4670,266.3500,1,,,0.2666,0.1641,0.6736,-19.0860,25.1740,15.8593,,10.0000,-0.8287,-4.1583,2.6519,-5.3407,2.6519,-44.3831,-0.0063,failed_base
blind,5,G,2026-05-14,14:55,NIFTY,2026-05-19,PE,23600,ATM,5,True,23702.4900,132.6500,107.5500,129.6000,0.0000,0.0000,1.6030,2.9870,129.6000,1,,,-0.2071,0.1620,-0.4058,-18.2639,38.3543,13.7433,,20.0000,-2.9401,-5.3178,12.1749,-5.5032,12.1749,-14.6250,0.0061,failed_base
blind,5,G,2026-05-15,11:15,NIFTY,2026-05-19,PE,23600,OTM1,4,True,23732.7000,111.2500,79.7500,101.3000,0.0000,0.0000,1.8000,2.6040,101.3000,1,,,-0.2254,0.1678,-0.3737,-20.4620,81.1285,34.5102,,25.0000,4.5393,6.6597,29.8427,-1.6629,59.7303,-23.5506,-0.0483,failed_base
blind,5,G,2026-05-15,13:55,NIFTY,2026-05-19,PE,23600,OTM1,4,True,23712.0300,110.6500,85.0500,106.1000,0.0000,0.0000,1.8250,2.7770,106.1000,1,,,-0.2693,0.1612,-0.3868,-20.1829,108.9359,,,65.0000,6.3263,4.7872,15.1378,-3.2987,60.5965,-3.2987,-0.0493,session_end
blind,5,G,2026-05-22,11:50,NIFTY,2026-05-26,CE,23800,OTM1,4,True,23824.5900,163.0500,125.2000,158.1500,0.0000,0.0000,2.8980,2.2310,158.1500,1,,,0.0633,0.1486,0.5287,-19.2860,41.5335,16.8736,,5.0000,-10.0583,-6.0370,0.8586,-11.1929,5.6118,-43.8822,-0.1038,failed_base
blind,5,G,2026-05-21,12:35,NIFTY,2026-05-26,PE,23800,ATM,5,True,23634.1700,269.3500,204.7000,247.8000,0.0000,0.0000,0.8270,2.0070,247.8000,1,,,-0.3912,0.1555,-0.6439,-16.4918,63.6297,27.9295,,35.0000,15.1847,14.1771,24.3549,0.3341,24.3549,-12.7344,-0.2260,failed_base
blind,5,G,2026-05-22,14:10,NIFTY,2026-05-26,PE,23800,ITM1,4,True,23784.6200,149.5500,125.3500,146.8000,0.0000,0.0000,2.6130,1.7490,146.8000,1,,,-0.1938,0.1418,-0.5139,-18.6647,37.5349,15.6032,41.9931,5.0000,24.0722,27.2219,29.8228,-0.5684,38.1478,-0.7021,-0.2692,next_wave
blind,5,G,2026-05-22,11:50,NIFTY,2026-05-26,CE,23900,OTM2,4,True,23824.5900,112.6500,83.5000,108.6000,0.0000,0.0000,3.3330,2.3630,108.6000,1,,,0.0633,0.1451,0.4218,-18.4858,49.5210,19.5034,,5.0000,-11.2295,-6.6398,1.5091,-12.6498,6.7909,-46.6045,-0.1038,failed_base
blind,5,G,2026-05-25,14:45,NIFTY,2026-05-26,CE,23900,ITM1,1,False,24025.8700,164.7000,121.3500,146.5000,0.0000,0.0000,2.0660,2.6630,146.5000,1,,,0.2000,0.1728,0.7177,-38.8223,,,,,13.5398,14.3087,13.7826,-1.2750,43.0480,-1.2750,0.1302,session_end
blind,5,G,2026-05-21,12:35,NIFTY,2026-05-26,PE,23900,ITM1,5,True,23634.1700,340.3000,264.9000,312.9000,0.0000,0.0000,0.7330,1.8740,312.9000,1,,,-0.3912,0.1574,-0.7219,-14.8205,54.2091,24.7491,,35.0000,13.0473,12.1061,20.0411,-0.4261,20.0411,-11.8425,-0.2260,failed_base
blind,5,G,2026-05-25,12:55,NIFTY,2026-05-26,PE,23900,OTM1,1,False,23954.7600,68.8000,54.0000,67.9500,0.0000,0.0000,2.3400,2.6480,67.9500,1,,,-0.1033,0.1781,-0.4058,-59.1718,46.2963,39.6203,,5.0000,-22.4564,-24.4470,5.0145,-30.6686,5.0145,-70.6395,0.1384,failed_base
blind,5,G,2026-05-26,14:10,NIFTY,2026-05-26,PE,23900,OTM1,0,False,23921.7500,17.7500,6.2500,17.1500,0.0000,0.0000,2.2350,3.4450,17.1500,1,,,-0.2132,0.2316,-0.3746,-17.7450,344.8000,58.4532,,5.0000,3.3803,66.5839,27.3239,-38.0282,69.0141,-99.7183,-0.0826,failed_base
blind,5,G,2026-05-25,12:50,NIFTY,2026-05-26,PE,24000,ATM,1,False,23943.2400,124.0500,94.1000,114.4000,0.0000,0.0000,2.1490,0.7320,114.4000,1,,,-0.1513,0.1762,-0.5942,-57.9620,37.7790,32.7806,,10.0000,-22.9343,-17.8089,4.5143,-29.7461,4.5143,-69.0447,0.1834,failed_base
blind,5,G,2026-05-26,12:35,NIFTY,2026-05-26,PE,24000,ATM,0,False,24014.6000,28.5500,16.1500,25.9000,0.0000,0.0000,1.6530,1.5920,25.9000,1,,,-0.2018,0.2024,-0.4339,-28.5151,672.4458,,,145.0000,70.9282,48.1335,102.1016,-16.8126,336.9527,-16.8126,-0.1738,session_end
blind,5,G,2026-05-25,12:50,NIFTY,2026-05-26,PE,24100,ITM1,1,False,23943.2400,192.5000,151.0000,178.3000,0.0000,0.0000,2.5400,1.1440,178.3000,1,,,-0.1513,0.1780,-0.7451,-35.2612,32.4503,27.3000,,10.0000,-18.3896,-13.3418,3.8961,-24.4675,3.8961,-61.4286,0.1834,failed_base
blind,5,G,2026-05-26,12:10,NIFTY,2026-05-26,PE,24100,ITM1,0,False,24027.9500,83.8000,53.6000,79.0000,0.0000,0.0000,0.9190,1.6820,79.0000,1,,,-0.1463,0.1986,-0.7796,-11.7507,319.5896,,,170.0000,9.6659,10.0066,24.9403,-11.6945,168.3771,-11.6945,-0.0466,session_end
blind,5,G,2026-06-01,12:05,NIFTY,2026-06-02,PE,23400,OTM2,1,False,23527.3100,52.1000,22.8000,38.8000,0.0000,0.0000,2.5000,2.2870,38.8000,1,,,-0.3237,0.1977,-0.3099,-48.6602,147.5877,32.7724,76.0211,5.0000,-11.0365,-10.6915,1.6315,-22.3608,80.9021,-27.1593,0.0522,next_wave
blind,5,G,2026-06-01,14:20,NIFTY,2026-06-02,PE,23400,OTM2,1,False,23456.4400,70.3000,47.0000,69.5000,0.0000,0.0000,2.7540,2.0400,69.5000,1,,,-0.1217,0.1914,-0.4051,-66.6810,85.4255,25.6454,,20.0000,5.4765,15.2104,23.9687,-7.8236,34.0683,-9.8862,-0.0382,failed_base
blind,5,G,2026-06-01,11:15,NIFTY,2026-06-02,CE,23500,ITM1,1,False,23639.9300,188.5000,131.9500,183.7500,0.0000,0.0000,0.7380,1.2420,183.7500,1,,,0.1787,0.1946,0.7062,-44.7438,55.2103,25.5127,,10.0000,-20.5305,-20.5899,8.6472,-23.9257,8.6472,-74.7745,-0.2301,failed_base
blind,5,G,2026-06-01,12:05,NIFTY,2026-06-02,PE,23500,OTM1,1,False,23527.3100,90.8000,42.2500,70.5500,0.0000,0.0000,2.1470,2.4200,70.5500,1,,,-0.3237,0.1980,-0.4560,-66.1688,129.3491,28.4830,64.3579,5.0000,-8.5903,-7.9959,1.5969,-19.0529,71.4207,-23.6784,0.0522,next_wave
blind,5,G,2026-06-01,14:15,NIFTY,2026-06-02,PE,23500,OTM1,1,False,23447.6100,124.5500,85.1500,117.7500,0.0000,0.0000,0.9130,0.8350,117.7500,1,,,-0.2390,0.1912,-0.5840,-67.4975,68.4674,21.6800,,25.0000,-3.8940,4.4107,15.1746,-6.8647,24.9699,-9.9558,0.0323,failed_base
blind,5,G,2026-06-01,11:15,NIFTY,2026-06-02,CE,23600,ATM,1,False,23639.9300,123.7000,81.4000,120.0500,0.0000,0.0000,0.8950,1.2140,120.0500,1,,,0.1787,0.1916,0.5638,-60.8219,67.8747,30.0037,,10.0000,-24.4543,-23.3063,10.4689,-27.9709,10.4689,-79.3856,-0.2301,failed_base
blind,5,G,2026-06-01,12:05,NIFTY,2026-06-02,PE,23600,ATM,1,False,23527.3100,146.3000,74.2000,117.7500,0.0000,0.0000,1.0320,1.7580,117.7500,1,,,-0.3237,0.2016,-0.6055,-61.8167,105.8625,23.6989,85.1995,5.0000,-7.4846,-7.6292,0.3418,-16.1654,59.0226,-20.3349,0.0522,next_wave
blind,5,G,2026-06-01,11:15,NIFTY,2026-06-02,CE,23700,OTM1,1,False,23639.9300,74.5500,47.9500,72.8500,0.0000,0.0000,0.9190,1.0530,72.8500,1,,,0.1787,0.1898,0.4089,-58.0457,74.3483,33.4330,,10.0000,-27.4983,-25.5948,12.1395,-31.1201,12.1395,-80.4158,-0.2301,failed_base
blind,5,G,2026-06-01,12:05,NIFTY,2026-06-02,PE,23700,ITM1,1,False,23527.3100,215.3000,121.2500,182.0000,0.0000,0.0000,0.9890,1.7490,182.0000,1,,,-0.3237,0.2043,-0.7368,-41.2918,84.2474,18.9346,40.5853,5.0000,-5.5272,-5.5246,0.9057,-12.6103,49.9768,-15.8848,0.0522,next_wave
blind,5,G,2026-06-01,14:15,NIFTY,2026-06-02,PE,23700,ITM1,1,False,23447.6100,275.4000,210.0000,264.4000,0.0000,0.0000,0.8180,0.8280,264.4000,1,,,-0.2390,0.2060,-0.8320,-23.0112,43.3810,,,25.0000,-2.5781,6.7589,9.3319,-4.4844,17.2476,-6.6086,0.0323,session_end
blind,5,G,2026-06-01,11:15,NIFTY,2026-06-02,CE,23800,OTM2,1,False,23639.9300,42.5500,28.1000,41.8500,0.0000,0.0000,1.0500,0.9640,41.8500,1,,,0.1787,0.1926,0.2704,-40.1602,72.0641,35.0569,,10.0000,-27.4971,-26.0475,13.6310,-31.1398,13.6310,-77.5558,-0.2301,failed_base
blind,5,G,2026-05-29,12:20,NIFTY,2026-06-02,PE,23800,OTM2,4,True,23892.7700,95.7500,61.4500,82.4000,0.0000,0.0000,3.5650,3.7240,82.4000,1,,,-0.2427,0.1356,-0.3907,-17.0035,72.6607,20.1697,81.5821,5.0000,-6.7885,-11.5962,2.2977,-11.5405,127.7285,-11.5405,0.0442,next_wave
blind,5,G,2026-06-08,12:50,NIFTY,2026-06-09,CE,23000,ITM1,1,False,23264.1800,294.4000,245.1000,279.2000,0.0000,0.0000,2.5670,1.6390,279.2000,1,,,0.2214,0.2323,0.8151,-30.1553,32.2113,16.3709,,10.0000,-6.7425,-11.4492,10.0713,-7.9484,10.0713,-45.5503,-0.1033,failed_base
blind,5,G,2026-06-08,12:50,NIFTY,2026-06-09,CE,23100,ATM,1,False,23264.1800,217.0000,174.2000,203.0000,0.0000,0.0000,1.4080,2.1760,203.0000,1,,,0.2214,0.2295,0.7141,-51.3882,40.4133,20.1758,,10.0000,-8.5023,-11.1953,12.7189,-10.0230,12.7189,-54.3779,-0.1033,failed_base
blind,5,G,2026-06-09,14:45,NIFTY,2026-06-09,CE,23100,ITM1,0,False,23255.3500,155.1000,90.2500,135.7000,0.0000,0.0000,1.1650,1.4570,135.7000,1,,,0.2969,,,,,,,,-6.1573,26.3703,18.3752,-11.5732,18.3752,-11.5732,-0.0436,session_end
blind,5,G,2026-06-08,12:50,NIFTY,2026-06-09,CE,23200,OTM1,1,False,23264.1800,149.4500,115.9500,138.3000,0.0000,0.0000,1.5660,2.1670,138.3000,1,,,0.2214,0.2240,0.5907,-72.4483,49.2454,24.0393,,10.0000,-10.5386,-13.1006,15.7912,-12.0442,15.7912,-63.1984,-0.1033,failed_base
blind,5,G,2026-06-08,12:50,NIFTY,2026-06-09,CE,23300,OTM2,1,False,23264.1800,95.4000,71.7000,87.7500,0.0000,0.0000,2.6730,2.7390,87.7500,1,,,0.2214,0.2194,0.4517,-74.9248,60.4603,28.8136,,10.0000,-12.6310,-19.9685,20.5975,-14.1509,20.5975,-70.0734,-0.1033,failed_base
blind,5,G,2026-06-05,13:15,NIFTY,2026-06-09,PE,23300,OTM2,4,True,23377.6800,115.7000,68.1000,103.5000,0.0000,0.0000,1.7390,1.5290,103.5000,1,,,-0.4028,0.1536,-0.4155,-19.2903,121.2922,32.8135,,35.0000,20.0086,13.1406,30.2506,-9.1616,30.2506,-43.6906,-0.1889,failed_base
blind,5,G,2026-06-15,12:15,NIFTY,2026-06-16,PE,23700,OTM2,1,False,23935.1300,23.2000,18.4000,21.8000,0.0000,0.0000,2.0500,2.0540,21.8000,1,,,-0.1686,0.1879,-0.1718,-23.1164,74.1848,43.8378,,25.0000,9.6983,17.1057,38.1466,-0.8621,73.0603,-35.7759,-0.0497,failed_base
blind,5,G,2026-06-15,10:55,NIFTY,2026-06-16,CE,23800,ITM1,1,False,23991.7500,226.0000,166.4000,205.9000,0.0000,0.0000,1.2710,1.0890,205.9000,1,,,0.1656,0.1892,0.7726,-32.9733,43.5096,15.3266,,5.0000,-10.3097,-9.9529,3.5841,-11.4602,3.5841,-53.4956,-0.1133,failed_base
blind,5,G,2026-06-16,10:45,NIFTY,2026-06-16,CE,23800,ITM1,0,False,23956.5000,162.2500,108.3500,154.4000,0.0000,0.0000,0.5350,1.2220,154.4000,1,,,0.1080,0.2194,0.9007,-5.7516,66.2206,25.7912,,10.0000,-11.4022,-5.3540,11.0015,-17.6271,23.2049,-34.5763,-0.0734,failed_base
blind,5,G,2026-06-16,13:30,NIFTY,2026-06-16,CE,23800,ITM1,0,False,23967.2000,168.4000,106.1500,141.9500,0.0000,0.0000,0.9630,1.3580,141.9500,1,,,0.1783,0.2530,0.9666,-1.2005,86.5285,,,70.0000,-0.8907,-0.9164,6.0570,-9.7387,18.7055,-9.7387,-0.0035,session_end
blind,5,G,2026-06-15,12:15,NIFTY,2026-06-16,PE,23800,OTM1,1,False,23935.1300,43.9000,33.8000,40.6000,0.0000,0.0000,2.1420,2.3310,40.6000,1,,,-0.1686,0.1824,-0.2871,-42.0052,73.5207,43.0520,,25.0000,8.6560,17.2426,33.5991,-1.1390,69.1344,-33.5991,-0.0497,failed_base
blind,5,G,2026-06-15,10:55,NIFTY,2026-06-16,CE,23900,ATM,1,False,23991.7500,154.4500,106.2000,136.8500,0.0000,0.0000,1.5960,1.3940,136.8500,1,,,0.1656,0.1871,0.6419,-52.3180,55.2260,18.3803,,5.0000,-12.6902,-12.0033,4.8883,-14.1470,4.8883,-61.9942,-0.1133,failed_base
blind,5,G,2026-06-16,13:30,NIFTY,2026-06-16,CE,23900,ATM,0,False,23967.2000,74.4500,33.7500,56.3500,0.0000,0.0000,1.2950,1.4480,56.3500,1,,,0.2283,0.2039,0.8194,-7.2505,193.3333,,,70.0000,-5.1041,9.2597,11.4842,-22.2297,34.1840,-23.1028,-0.0035,session_end
blind,5,G,2026-06-15,12:15,NIFTY,2026-06-16,PE,23900,ATM,1,False,23935.1300,80.7000,62.5000,74.4500,0.0000,0.0000,2.0510,2.4720,74.4500,1,,,-0.1686,0.1828,-0.4406,-61.7898,65.4400,37.0406,,25.0000,7.1252,15.1251,28.1289,-0.6196,57.7447,-25.3408,-0.0497,failed_base
blind,5,G,2026-06-15,10:55,NIFTY,2026-06-16,CE,24000,OTM1,1,False,23991.7500,99.1000,62.8000,84.9500,0.0000,0.0000,2.5990,1.9030,84.9500,1,,,0.1656,0.1887,0.4893,-61.7731,71.0191,22.3929,,5.0000,-15.2371,-13.7880,6.4581,-17.1544,6.4581,-69.5257,-0.1133,failed_base
blind,5,G,2026-06-15,12:15,NIFTY,2026-06-16,PE,24000,ITM1,1,False,23935.1300,134.2500,108.1500,126.1000,0.0000,0.0000,1.5070,2.0190,126.1000,1,,,-0.1686,0.1846,-0.6016,-58.4129,52.0111,30.9002,,25.0000,6.4432,13.2237,22.4581,-0.0745,48.2309,-18.3613,-0.0497,failed_base
blind,5,G,2026-06-15,10:55,NIFTY,2026-06-16,CE,24100,OTM2,1,False,23991.7500,59.5500,34.4500,48.6000,0.0000,0.0000,3.3360,1.9260,48.6000,1,,,0.1656,0.1915,0.3423,-51.2314,90.5660,26.3519,,5.0000,-18.3039,-16.1773,8.1444,-20.4870,8.1444,-74.5592,-0.1133,failed_base
blind,5,G,2026-06-19,11:00,NIFTY,2026-06-23,PE,23900,OTM1,4,True,23963.4700,96.0500,69.8000,93.4000,0.0000,0.0000,0.8260,1.4630,93.4000,1,,,-0.1266,0.1225,-0.4171,-15.5855,41.3324,18.7025,,15.0000,-7.6523,-9.6229,2.7069,-11.7126,10.7236,-61.2702,0.0355,failed_base
blind,5,G,2026-06-19,13:10,NIFTY,2026-06-23,PE,23900,OTM1,4,True,23939.8600,103.0000,73.1500,94.7000,0.0000,0.0000,2.7810,2.8440,94.7000,1,,,-0.1426,0.1206,-0.4453,-15.7417,45.3862,19.0409,,5.0000,-14.2718,-16.7459,2.9126,-16.4078,2.9126,-63.8835,0.1023,failed_base
blind,5,G,2026-06-23,11:55,NIFTY,2026-06-23,PE,23900,OTM2,0,False,24024.7500,6.1000,1.4500,2.3500,0.0000,0.0000,10.0770,16.6710,2.3500,1,,,-0.4290,0.2173,-0.1177,-6.1000,3051.7241,60.7221,245.4039,35.0000,526.2295,196.9547,649.1803,-5.7377,1209.8361,-49.1803,-0.4031,next_wave
blind,5,G,2026-06-19,11:00,NIFTY,2026-06-23,PE,24000,ATM,4,True,23963.4700,144.9000,111.2000,141.7500,0.0000,0.0000,0.5440,1.1410,141.7500,1,,,-0.1266,0.1229,-0.5431,-15.8992,33.8129,15.4570,,15.0000,-5.7281,-2.9617,2.6915,-9.5583,10.4900,-51.7943,0.0355,failed_base
blind,5,G,2026-06-19,13:05,NIFTY,2026-06-23,PE,24000,ATM,4,True,23939.3300,154.7000,117.1000,143.9500,0.0000,0.0000,2.0270,1.8100,143.9500,1,,,-0.1448,0.1205,-0.5757,-15.5328,36.7208,16.0837,,10.0000,-13.1545,-10.3902,3.4906,-13.1545,3.4906,-54.8481,0.1202,failed_base
blind,5,G,2026-06-22,12:10,NIFTY,2026-06-23,PE,24000,OTM1,1,False,24132.1600,27.3000,22.9500,27.1000,0.0000,0.0000,1.1820,1.4950,27.1000,1,,,-0.0677,0.1412,-0.2419,-26.7269,21.5686,13.6201,,5.0000,-5.8608,-5.3047,2.3810,-11.7216,10.4396,-34.7985,-0.0052,failed_base
blind,5,G,2026-06-23,11:55,NIFTY,2026-06-23,PE,24000,OTM1,0,False,24024.7500,26.4000,4.6000,6.9500,0.0000,0.0000,5.2090,10.2370,6.9500,1,,,-0.4213,0.1935,-0.3953,-26.3999,3080.4348,57.8606,,110.0000,262.3106,140.2707,305.8712,-2.6515,586.3636,-2.6515,-0.4031,next_wave
blind,5,G,2026-06-19,14:05,NIFTY,2026-06-23,CE,24100,OTM1,4,True,24007.1300,73.0000,58.3000,68.9500,0.0000,0.0000,2.3580,1.2490,68.9500,1,,,0.2176,0.1122,0.3740,-14.0557,36.7067,19.2597,,20.0000,-7.2603,-6.9795,9.1781,-11.8493,12.0548,-34.7260,-0.0228,failed_base
blind,5,G,2026-06-19,11:00,NIFTY,2026-06-23,PE,24100,ITM1,4,True,23963.4700,206.5000,165.9000,202.8000,0.0000,0.0000,0.4750,1.0380,202.8000,1,,,-0.1266,0.1236,-0.6632,-14.5147,26.9741,13.1735,,15.0000,-4.4310,-1.1485,2.0097,-7.8692,9.3220,-41.8886,0.0355,failed_base
blind,5,G,2026-06-19,13:05,NIFTY,2026-06-23,PE,24100,ITM1,4,True,23939.3300,220.0000,175.0000,206.1000,0.0000,0.0000,2.1320,2.0590,206.1000,1,,,-0.1448,0.1217,-0.6953,-13.7613,29.0000,13.2004,,10.0000,-10.8636,-8.4851,2.6136,-10.9318,2.6136,-45.4545,0.1202,failed_base
blind,5,G,2026-06-22,12:10,NIFTY,2026-06-23,PE,24100,ATM,1,False,24132.1600,58.3000,49.0500,56.8500,0.0000,0.0000,1.4340,2.1910,56.8500,1,,,-0.0677,0.1363,-0.4289,-45.6413,33.5372,21.4504,,70.0000,-2.6587,-1.7122,3.2590,-9.6055,12.3499,-29.0738,-0.0052,failed_base
blind,5,G,2026-06-23,11:50,NIFTY,2026-06-23,PE,24100,ATM,0,False,24032.0500,83.5500,22.0000,31.9500,0.0000,0.0000,3.7460,1.8440,31.9500,1,,,-0.4024,0.2083,-0.7455,-15.6009,1004.0909,35.0762,,115.0000,66.5470,51.5295,77.7977,-5.6254,235.8468,-5.6254,-0.2586,next_wave
blind,5,G,2026-06-19,14:05,NIFTY,2026-06-23,CE,24200,OTM2,4,True,24007.1300,45.0000,35.6500,41.8500,0.0000,0.0000,2.1310,1.1710,41.8500,1,,,0.2176,0.1154,0.2572,-12.0232,32.8191,20.4857,,20.0000,-12.5556,-13.8861,5.2222,-16.3333,5.2222,-38.6667,-0.0228,failed_base
blind,5,G,2026-06-22,12:10,NIFTY,2026-06-23,PE,24200,ITM1,1,False,24132.1600,112.3500,97.3000,109.2000,0.0000,0.0000,1.1400,1.9890,109.2000,1,,,-0.0677,0.1365,-0.6421,-39.6763,28.3659,16.4131,,70.0000,-0.6676,0.6231,3.4713,-7.0761,11.1704,-20.9613,-0.0052,failed_base
blind,5,G,2026-06-23,11:05,NIFTY,2026-06-23,PE,24200,ITM1,0,False,24098.7500,106.9000,80.8000,104.5000,0.0000,0.0000,1.4670,0.9530,104.5000,1,,,-0.1260,0.1640,-0.8721,-5.6500,45.4208,24.0000,,5.0000,-8.0449,-7.2955,1.4500,-24.2283,256.4079,-24.2283,0.0311,failed_base
blind,5,G,2026-06-23,13:40,NIFTY,2026-06-23,PE,24200,ITM1,0,False,23880.3500,324.0000,238.9500,298.6500,0.0000,0.0000,0.5810,1.2410,298.6500,1,,,-0.2471,0.5668,-0.9471,-4.3469,42.9797,19.2156,,5.0000,-2.6080,-12.7465,4.8765,-6.8981,17.5926,-20.6790,0.0205,failed_base
blind,5,G,2026-06-29,11:50,NIFTY,2026-06-30,PE,23900,OTM2,1,False,24034.7100,36.5000,21.1500,33.6500,0.0000,0.0000,1.1080,0.8170,33.6500,1,,,-0.3401,0.1636,-0.2690,-34.9551,270.6856,55.4847,,60.0000,46.7123,50.5344,46.7123,-0.5479,114.7945,-4.3836,-0.2194,stalled
blind,5,G,2026-06-30,14:20,NIFTY,2026-06-30,PE,23900,ATM,0,False,23880.1000,37.5500,15.2000,31.3000,0.0000,0.0000,2.6280,1.2020,31.3000,1,,,-0.3401,0.2402,-0.6176,-17.6328,237.5000,82.9435,,5.0000,-84.8202,-159.4521,14.5140,-90.2796,92.2770,-90.2796,0.2655,failed_base
blind,5,G,2026-06-29,11:50,NIFTY,2026-06-30,PE,24000,OTM1,1,False,24034.7100,68.5500,39.1500,61.9500,0.0000,0.0000,1.2640,0.9820,61.9500,1,,,-0.3401,0.1575,-0.4333,-51.9821,236.7816,45.2029,,60.0000,39.9708,43.7041,39.9708,-0.3647,92.3414,-0.3647,-0.2194,stalled
blind,5,G,2026-06-30,14:10,NIFTY,2026-06-30,PE,24000,ITM1,0,False,23901.4500,103.6500,54.7000,95.5000,0.0000,0.0000,1.0400,1.9620,95.5000,1,,,-0.2177,0.2863,-0.8776,-5.0990,155.7587,61.9014,,15.0000,-41.1963,-10.5589,34.9735,-65.4124,64.3029,-65.4124,0.1822,failed_base
blind,5,G,2026-06-29,11:40,NIFTY,2026-06-30,PE,24100,ATM,1,False,24050.5400,109.6500,71.3000,108.5500,0.0000,0.0000,0.8280,1.8080,108.5500,1,,,-0.2745,0.1526,-0.5926,-48.1285,182.0477,36.1512,,70.0000,15.8231,24.3057,29.6854,-1.5504,83.4017,-1.5504,-0.1071,stalled
blind,5,G,2026-06-29,11:40,NIFTY,2026-06-30,PE,24200,ITM1,1,False,24050.5400,178.4500,124.2500,175.6500,0.0000,0.0000,0.7200,1.7600,175.6500,1,,,-0.2745,0.1535,-0.7615,-28.2007,129.0543,26.8271,,70.0000,12.4124,20.2997,22.6114,-1.1488,59.4844,-1.1488,-0.1071,stalled
blind,5,G,2026-07-02,12:25,NIFTY,2026-07-07,CE,24200,OTM1,5,True,24138.5900,88.0000,67.9000,84.9000,0.0000,0.0000,1.4810,2.2480,84.9000,1,,,0.0869,0.1017,0.4185,-11.6273,43.5935,16.5128,,20.0000,-1.5341,-2.4638,10.7955,-4.7159,42.5568,-8.2386,-0.0004,failed_base
blind,5,G,2026-07-02,14:45,NIFTY,2026-07-07,CE,24200,OTM1,5,True,24198.9100,114.9000,83.7500,96.8000,0.0000,0.0000,4.4560,3.7970,96.8000,1,,,0.1645,0.1019,0.5004,-12.0891,49.7910,,,20.0000,-5.7441,-2.6804,9.1819,-7.3107,9.1819,-13.8816,-0.0161,session_end
blind,5,G,2026-07-03,12:15,NIFTY,2026-07-07,CE,24200,ITM1,4,True,24373.2300,211.9000,182.0000,209.8000,0.0000,0.0000,1.2480,1.8840,209.8000,1,,,0.1155,0.1000,0.7498,-10.2564,18.4066,10.2784,,5.0000,-8.4946,-12.2033,1.0618,-10.1227,1.0618,-39.4054,-0.0919,failed_base
blind,5,G,2026-07-03,13:10,NIFTY,2026-07-07,PE,24200,OTM1,4,True,24320.4600,51.3000,38.6000,43.4000,0.0000,0.0000,4.2320,1.5390,43.4000,1,,,-0.1929,0.0978,-0.3138,-11.4557,81.4767,,,35.0000,20.6628,14.8783,36.5497,-7.6998,40.0585,-7.6998,-0.1095,session_end
blind,5,G,2026-07-02,12:25,NIFTY,2026-07-07,CE,24300,OTM2,5,True,24138.5900,50.6000,38.7000,49.9000,0.0000,0.0000,1.1130,1.7370,49.9000,1,,,0.1248,0.0992,0.2871,-9.7420,46.5116,13.6684,,20.0000,-2.1739,-1.8399,12.0553,-5.4348,49.0119,-10.0791,-0.0004,failed_base
blind,5,G,2026-07-02,14:45,NIFTY,2026-07-07,CE,24300,OTM2,5,True,24198.9100,68.0000,47.1500,55.7000,0.0000,0.0000,4.1540,4.0710,55.7000,1,,,0.1645,0.0981,0.3605,-10.8370,59.9152,,,20.0000,-6.3971,-5.8589,10.8824,-8.5294,10.8824,-16.9118,-0.0161,session_end
blind,5,G,2026-07-03,12:15,NIFTY,2026-07-07,CE,24300,ATM,4,True,24373.2300,140.2000,116.4000,138.2500,0.0000,0.0000,1.0920,1.5840,138.2500,1,,,0.1155,0.0962,0.6171,-12.1986,22.8522,10.8392,,5.0000,-11.5549,-9.8186,0.9272,-13.2668,0.9272,-46.7190,-0.0919,failed_base
blind,5,G,2026-07-06,12:10,NIFTY,2026-07-07,CE,24300,ITM1,1,False,24419.5700,150.4500,131.4000,146.7500,0.0000,0.0000,0.7120,1.9130,146.7500,1,,,0.0443,0.1404,0.7354,-29.9061,29.9087,18.2484,,35.0000,5.7827,2.7361,13.4596,-2.0273,13.4596,-25.9887,0.0457,failed_base
blind,5,G,2026-07-03,13:10,NIFTY,2026-07-07,PE,24300,ATM,4,True,24320.4600,86.8000,65.8500,74.5500,0.0000,0.0000,4.7750,1.8930,74.5500,1,,,-0.1929,0.0942,-0.4641,-12.5574,71.2225,,,35.0000,17.0507,14.0350,29.8963,-6.9700,34.9654,-6.9700,-0.1095,session_end
blind,5,G,2026-07-03,12:15,NIFTY,2026-07-07,CE,24400,OTM1,4,True,24373.2300,83.2000,66.7000,81.9000,0.0000,0.0000,1.4620,2.2150,81.9000,1,,,0.1155,0.0928,0.4574,-12.3063,27.3613,13.8317,,5.0000,-14.8438,-12.9226,0.9615,-16.9471,0.9615,-55.8894,-0.0919,failed_base
blind,5,G,2026-07-06,12:10,NIFTY,2026-07-07,CE,24400,ATM,1,False,24419.5700,81.7000,68.1500,79.2000,0.0000,0.0000,0.7940,1.8800,79.2000,1,,,0.0443,0.1314,0.5448,-45.7324,41.2326,25.0390,,35.0000,7.7111,3.2736,17.8091,-3.0600,17.8091,-37.6989,0.0457,failed_base
blind,5,G,2026-07-07,11:30,NIFTY,2026-07-07,CE,24400,ITM1,0,False,24508.2500,117.1000,74.2500,108.1000,0.0000,0.0000,0.7480,0.5880,108.1000,1,,,0.1410,0.2058,0.8434,-8.8467,68.1481,19.8638,,5.0000,2.6046,4.1838,4.4833,-9.3937,5.6362,-99.9573,0.0222,failed_base
blind,5,G,2026-07-03,13:10,NIFTY,2026-07-07,PE,24400,ITM1,4,True,24320.4600,139.4500,108.3000,122.0000,0.0000,0.0000,3.5260,1.7030,122.0000,1,,,-0.1929,0.0918,-0.6292,-11.5329,58.6334,12.9802,20.6020,35.0000,13.3023,14.9891,23.1983,-5.7010,29.2937,-5.7010,-0.1095,next_wave
blind,5,G,2026-07-06,14:00,NIFTY,2026-07-07,PE,24400,ATM,1,False,24407.6200,62.4000,52.5000,61.4500,0.0000,0.0000,2.5790,2.1580,61.4500,1,,,-0.0946,0.1259,-0.4802,-49.8789,40.7619,17.9973,,55.0000,-0.3205,2.5190,6.8910,-6.8109,18.4295,-31.9712,-0.0172,failed_base
blind,5,G,2026-07-07,13:15,NIFTY,2026-07-07,PE,24400,OTM1,0,False,24431.7500,14.4000,6.1000,10.2500,0.0000,0.0000,4.2600,2.0050,10.2500,1,,,-0.2977,0.1755,-0.3214,-14.4000,232.7869,56.8966,,10.0000,-33.3333,-31.8355,40.9722,-39.2361,40.9722,-96.1806,0.0225,failed_base
blind,5,G,2026-07-03,12:15,NIFTY,2026-07-07,CE,24500,OTM2,4,True,24373.2300,42.9000,33.7500,42.3000,0.0000,0.0000,1.3930,1.8580,42.3000,1,,,0.1155,0.0895,0.2945,-10.1135,31.8519,17.1910,,0.0000,-18.1818,-18.9307,1.6317,-20.3963,1.6317,-61.4219,-0.0919,failed_base
blind,5,G,2026-07-06,12:10,NIFTY,2026-07-07,CE,24500,OTM1,1,False,24419.5700,36.2000,28.8500,34.8500,0.0000,0.0000,0.9780,1.9410,34.8500,1,,,0.0443,0.1268,0.3224,-33.6149,57.5390,26.6227,,35.0000,10.4972,8.0177,25.5525,-3.5912,25.5525,-49.8619,0.0457,failed_base
blind,5,G,2026-07-06,14:00,NIFTY,2026-07-07,PE,24500,ITM1,1,False,24407.6200,121.0500,101.6500,117.3500,0.0000,0.0000,1.9980,1.8990,117.3500,1,,,-0.0896,0.1228,-0.7144,-28.5473,39.2523,22.9601,,55.0000,0.8261,4.1917,6.5262,-4.6262,16.9352,-19.5787,-0.0172,failed_base
blind,5,G,2026-07-07,12:40,NIFTY,2026-07-07,PE,24500,ATM,0,False,24455.7000,55.7500,23.6000,37.3500,0.0000,0.0000,2.1400,3.0960,37.3500,1,,,-0.1696,0.1608,-0.7338,-11.4490,267.7966,62.1544,,45.0000,16.3229,9.6461,25.4709,-18.5650,88.0717,-41.0762,-0.0548,next_wave
blind,5,G,2026-07-06,12:10,NIFTY,2026-07-07,CE,24600,OTM2,1,False,24419.5700,13.2000,10.1500,12.6000,0.0000,0.0000,1.0510,2.2760,12.6000,1,,,0.0443,0.1261,0.1489,-13.1763,72.4138,32.8571,,35.0000,13.6364,6.3179,32.5758,-4.9242,32.5758,-56.4394,0.0457,failed_base
blind,5,G,2026-07-07,12:25,NIFTY,2026-07-07,PE,24600,ITM1,0,False,24487.0000,116.0000,90.1500,112.0000,0.0000,0.0000,1.3070,2.5480,112.0000,1,,,-0.0418,0.1759,-0.9182,-2.9997,103.7160,30.9012,,60.0000,23.2759,17.9201,35.4310,-4.3103,76.7241,-4.3103,-0.1168,next_wave
blind,5,G,2026-07-09,12:45,NIFTY,2026-07-14,PE,23800,OTM2,5,True,24030.9400,59.8500,46.6500,55.3500,0.0000,0.0000,2.8040,1.4380,55.3500,1,,,-0.1237,0.1306,-0.2633,-12.2128,32.1543,16.7883,,5.0000,-14.7870,-13.3235,2.7569,-15.7059,52.8822,-23.8095,0.1227,failed_base
blind,5,G,2026-07-13,12:20,NIFTY,2026-07-14,CE,23900,ITM1,1,False,24174.4400,295.6000,229.6000,271.4500,0.0000,0.0000,2.1040,2.4670,271.4500,1,,,0.1999,0.1999,0.8487,-21.1273,64.6559,26.9938,,40.0000,7.7470,2.9930,10.4533,-3.8227,27.8924,-6.6306,0.0957,stalled
blind,5,G,2026-07-09,12:45,NIFTY,2026-07-14,PE,23900,OTM1,5,True,24030.9400,87.1500,69.0000,81.2500,0.0000,0.0000,2.4400,1.2870,81.2500,1,,,-0.1237,0.1266,-0.3546,-13.6878,30.0725,15.9889,,5.0000,-13.8267,-14.2803,2.0080,-14.5726,51.9793,-22.5473,0.1227,failed_base
blind,5,G,2026-07-13,12:20,NIFTY,2026-07-14,CE,24000,ATM,1,False,24174.4400,212.2500,153.1000,190.1000,0.0000,0.0000,1.4900,2.3720,190.1000,1,,,0.1999,0.1911,0.7534,-37.0527,87.9164,32.9510,,40.0000,9.1402,-0.7249,12.7915,-5.5830,35.5477,-9.1166,0.0957,stalled
blind,5,G,2026-07-09,12:45,NIFTY,2026-07-14,PE,24000,ATM,5,True,24030.9400,124.1500,100.2000,116.5500,0.0000,0.0000,2.6460,1.3900,116.5500,1,,,-0.1237,0.1227,-0.4614,-14.2505,27.3453,14.6552,,5.0000,-11.8002,-12.5162,1.9331,-12.5654,49.0133,-21.0230,0.1227,failed_base
blind,5,G,2026-07-10,11:15,NIFTY,2026-07-14,PE,24000,OTM2,4,True,24176.9800,49.6000,43.6000,48.9500,0.0000,0.0000,1.7040,1.4430,48.9500,1,,,-0.1327,0.1143,-0.2718,-12.2071,17.3165,12.8055,,10.0000,-1.0081,1.8617,3.1250,-4.5363,3.1250,-42.5403,-0.0236,failed_base
blind,5,G,2026-07-13,12:20,NIFTY,2026-07-14,CE,24100,OTM1,1,False,24174.4400,139.0000,91.2500,121.0500,0.0000,0.0000,1.4210,2.1570,121.0500,1,,,0.1999,0.1815,0.6217,-56.1003,124.7123,41.0388,,40.0000,10.9353,0.1788,15.6835,-7.6619,47.5180,-13.0216,0.0957,stalled
blind,5,G,2026-07-08,12:15,NIFTY,2026-07-14,PE,24100,OTM2,6,True,24204.7600,95.6500,72.3000,91.5000,0.0000,0.0000,1.2210,1.4630,91.5000,1,,,-0.2545,0.1137,-0.3810,-11.5027,52.9046,17.9557,,25.0000,4.3387,2.8883,15.5776,-5.6979,291.9498,-14.3231,-0.0612,failed_base
blind,5,G,2026-07-09,12:45,NIFTY,2026-07-14,PE,24100,ITM1,5,True,24030.9400,174.2000,143.0000,163.5000,0.0000,0.0000,2.6240,1.7460,163.5000,1,,,-0.1237,0.1206,-0.5763,-13.7718,24.3706,13.1853,,5.0000,-10.5913,-11.3527,1.4064,-11.3662,43.3984,-19.6326,0.1227,failed_base
blind,5,G,2026-07-10,11:15,NIFTY,2026-07-14,PE,24100,OTM1,4,True,24176.9800,79.5000,69.7000,77.8500,0.0000,0.0000,2.1170,1.6660,77.8500,1,,,-0.1327,0.1106,-0.3912,-13.9532,18.5079,11.3801,,20.0000,0.0629,2.1766,3.8994,-3.8365,4.7799,-39.6855,-0.0236,failed_base
blind,5,G,2026-07-14,12:30,NIFTY,2026-07-14,PE,24100,ATM,0,False,24049.1000,67.1000,28.9000,52.3500,0.0000,0.0000,1.6460,1.0800,52.3500,1,,,-0.2958,0.2030,-0.7125,-16.1988,152.7682,35.1814,,5.0000,-21.3860,-29.5359,4.3964,-39.9404,37.2578,-60.5812,0.0667,failed_base
blind,5,G,2026-07-14,13:45,NIFTY,2026-07-14,PE,24100,ATM,0,False,24041.6500,66.1500,37.6500,62.9500,0.0000,0.0000,1.0390,2.0990,62.9500,1,,,-0.0825,0.2044,-0.7988,-7.8019,117.5299,38.5226,,0.0000,-14.9660,-16.6855,8.7680,-26.1527,39.2290,-60.0151,0.0408,failed_base
blind,5,G,2026-07-14,14:55,NIFTY,2026-07-14,PE,24100,ATM,0,False,24023.2000,77.8500,44.8500,76.9500,0.0000,0.0000,0.8480,1.6870,76.9500,1,,,-0.1214,0.2414,-0.9473,-1.0496,105.3512,60.2606,,0.0000,-39.8202,-21.7147,9.5055,-66.0244,9.5055,-66.0244,0.1249,failed_base
blind,5,G,2026-07-13,12:20,NIFTY,2026-07-14,CE,24200,OTM2,1,False,24174.4400,81.3500,48.5000,69.1000,0.0000,0.0000,3.0790,2.9940,69.1000,1,,,0.1999,0.1742,0.4585,-60.5624,177.7320,50.2970,,40.0000,12.6613,2.5926,19.7910,-10.5716,65.5808,-17.7013,0.0957,stalled
blind,5,G,2026-07-08,12:15,NIFTY,2026-07-14,PE,24200,OTM1,6,True,24204.7600,138.7500,107.2500,132.9000,0.0000,0.0000,1.4700,1.7210,132.9000,1,,,-0.2545,0.1129,-0.4912,-11.9874,47.3193,20.0000,,25.0000,4.5766,5.0756,13.8739,-5.1892,224.9730,-12.1802,-0.0612,failed_base
blind,5,G,2026-07-10,11:15,NIFTY,2026-07-14,PE,24200,ATM,4,True,24176.9800,122.7000,108.2000,120.4000,0.0000,0.0000,2.1190,1.8320,120.4000,1,,,-0.1327,0.1074,-0.5303,-14.0962,18.2994,9.5703,,20.0000,0.9780,2.8246,4.3195,-2.5265,5.8680,-33.2518,-0.0236,failed_base
blind,5,G,2026-07-14,12:25,NIFTY,2026-07-14,PE,24200,ITM1,0,False,24067.4500,137.2000,84.1500,127.5000,0.0000,0.0000,0.6770,1.3080,127.5000,1,,,-0.2137,0.2254,-0.9027,-4.6516,91.0873,26.8035,,10.0000,-2.0773,-1.3193,17.2012,-6.3411,39.2128,-14.2128,0.0106,failed_base
blind,5,G,2026-07-14,13:45,NIFTY,2026-07-14,PE,24200,ITM1,0,False,24041.6500,160.0000,117.7000,151.4500,0.0000,0.0000,1.0550,1.8820,151.4500,1,,,-0.0825,0.2717,-0.9562,-1.6519,50.1274,23.4295,41.1678,0.0000,-6.5625,-8.3824,4.6875,-13.3437,19.3750,-21.4687,0.0408,next_wave
blind,5,G,2026-07-15,12:55,NIFTY,2026-07-21,PE,24000,OTM1,6,True,24113.2600,105.5500,78.2500,92.2500,0.0000,0.0000,2.9450,1.2350,92.2500,1,,,-0.2522,0.1255,-0.3824,-12.6936,141.7891,44.7146,,10.0000,31.8333,28.2375,79.2515,-0.9000,79.2515,-0.9000,-0.2658,stalled
blind,5,G,2026-07-16,12:50,NIFTY,2026-07-21,PE,24000,OTM2,5,True,24134.3300,75.6000,64.9000,75.5000,0.0000,0.0000,0.9490,2.1310,75.5000,1,,,-0.1051,0.1163,-0.3397,-12.4098,83.4361,,,60.0000,8.4656,4.1116,12.4339,-2.2487,57.4735,-2.2487,-0.0821,session_end
blind,5,G,2026-07-17,13:55,NIFTY,2026-07-21,PE,24000,OTM2,4,True,24184.5100,56.3500,51.4500,55.3500,0.0000,0.0000,4.3520,2.3360,55.3500,1,,,-0.1792,0.1262,-0.2803,-13.9199,18.4645,16.1608,,5.0000,-22.3602,-22.0450,1.9521,-43.2121,1.9521,-43.2121,0.3282,failed_base
blind,5,G,2026-07-20,11:55,NIFTY,2026-07-21,PE,24000,OTM2,1,False,24155.3200,30.2500,20.8500,27.2500,0.0000,0.0000,1.7560,1.5540,27.2500,1,,,-0.2200,0.1608,-0.2359,-29.5557,49.6403,25.0000,,5.0000,-9.7521,1.9431,3.1405,-23.9669,30.4132,-63.3058,0.0241,failed_base
blind,5,G,2026-07-16,10:55,NIFTY,2026-07-21,CE,24100,ITM1,5,True,24165.5100,168.5500,140.0500,162.8000,0.0000,0.0000,1.3850,1.8820,162.8000,1,,,0.1703,0.1162,0.5798,-13.2097,40.4141,18.3321,,15.0000,-2.2545,2.4126,16.6716,-3.4411,16.6716,-38.7125,-0.0186,failed_base
blind,5,G,2026-07-17,12:00,NIFTY,2026-07-21,CE,24100,ITM1,4,True,24233.4500,212.3500,185.0000,211.0500,0.0000,0.0000,0.8760,1.0140,211.0500,1,,,0.0686,0.1318,0.6550,-15.9333,26.8108,12.9369,,55.0000,-0.3532,0.1020,3.7674,-6.2162,44.1959,-24.1818,-0.0100,failed_base
blind,5,G,2026-07-20,13:20,NIFTY,2026-07-21,CE,24100,ITM1,1,False,24211.8800,150.6500,104.5500,131.0000,0.0000,0.0000,2.9290,3.3640,131.0000,1,,,0.1791,0.1576,0.7059,-38.0507,88.1396,,,55.0000,22.4029,19.7172,25.9542,-0.6306,30.5675,-0.6306,0.1884,session_end
blind,5,G,2026-07-15,12:55,NIFTY,2026-07-21,PE,24100,ATM,6,True,24113.2600,146.2000,110.0500,129.4500,0.0000,0.0000,3.5630,1.1610,129.4500,1,,,-0.2522,0.1229,-0.4825,-13.0292,122.9896,40.8720,,10.0000,28.3174,24.9741,67.8523,-0.7524,67.8523,-0.7524,-0.2658,stalled
blind,5,G,2026-07-16,12:50,NIFTY,2026-07-21,PE,24100,OTM1,5,True,24134.3300,112.0000,96.9000,111.4500,0.0000,0.0000,0.9260,2.0400,111.4500,1,,,-0.1051,0.1129,-0.4545,-13.1448,74.9742,,,60.0000,8.3482,3.3308,11.8750,-1.9643,51.3839,-1.9643,-0.0821,session_end
blind,5,G,2026-07-17,13:50,NIFTY,2026-07-21,PE,24100,OTM1,4,True,24186.5400,87.2500,76.6500,82.3000,0.0000,0.0000,3.4490,2.8960,82.3000,1,,,-0.1708,0.1238,-0.3891,-15.8290,21.1350,15.9935,,10.0000,-29.7994,-36.7284,6.4183,-44.8138,6.4183,-44.8138,0.4033,failed_base
blind,5,G,2026-07-20,11:50,NIFTY,2026-07-21,PE,24100,OTM1,1,False,24168.5900,54.1500,41.3000,53.0500,0.0000,0.0000,1.6050,0.8660,53.0500,1,,,-0.1085,0.1553,-0.3706,-46.3689,47.6998,21.3115,,10.0000,-5.4478,-2.3567,12.6500,-11.3573,38.3195,-59.3721,0.0185,failed_base
blind,5,G,2026-07-15,14:45,NIFTY,2026-07-21,CE,24200,OTM1,6,True,24082.5400,103.1000,87.6500,102.3500,0.0000,0.0000,1.3660,1.7240,102.3500,1,,,0.1799,0.1251,0.3838,-12.7378,19.6805,13.8227,,5.0000,-9.8933,-9.2403,0.7274,-16.1009,0.7274,-16.1009,-0.0954,failed_base
blind,5,G,2026-07-16,10:55,NIFTY,2026-07-21,CE,24200,ATM,5,True,24165.5100,113.8000,91.7500,109.5000,0.0000,0.0000,1.5530,1.5900,109.5000,1,,,0.1703,0.1134,0.4602,-13.1221,48.0109,20.3608,,15.0000,-3.8225,3.7182,19.3322,-4.9649,19.3322,-41.6520,-0.0186,failed_base
blind,5,G,2026-07-17,12:00,NIFTY,2026-07-21,CE,24200,ATM,4,True,24233.4500,148.7500,126.0000,147.8500,0.0000,0.0000,0.8170,1.1020,147.8500,1,,,0.0686,0.1277,0.5427,-16.8106,32.3016,15.2669,,55.0000,-0.3361,-3.3458,4.7059,-7.4622,53.8487,-29.4454,-0.0100,failed_base
blind,5,G,2026-07-20,13:20,NIFTY,2026-07-21,CE,24200,ATM,1,False,24211.8800,85.9500,54.8500,73.4000,0.0000,0.0000,3.2080,3.0930,73.4000,1,,,0.1791,0.1514,0.5252,-56.5348,120.1459,,,50.0000,30.0756,25.0214,34.4968,-0.2909,40.4887,-0.2909,0.1884,session_end
blind,5,G,2026-07-15,12:45,NIFTY,2026-07-21,PE,24200,ITM1,6,True,24146.8900,177.2500,151.9500,176.5500,0.0000,0.0000,1.2150,2.2780,176.5500,1,,,-0.1130,0.1197,-0.5527,-12.5780,102.0731,35.8736,,20.0000,49.1678,41.8847,73.2299,-0.7052,73.2299,-0.7052,-0.5010,stalled
blind,5,G,2026-07-16,12:50,NIFTY,2026-07-21,PE,24200,ATM,5,True,24134.3300,161.0000,140.6000,159.6500,0.0000,0.0000,0.6350,1.7330,159.6500,1,,,-0.1051,0.1101,-0.5795,-12.6055,65.0071,,,60.0000,7.7640,2.1668,10.9627,-1.6460,44.0994,-1.6460,-0.0821,session_end
blind,5,G,2026-07-17,13:50,NIFTY,2026-07-21,PE,24200,ATM,4,True,24186.5400,128.7000,104.1500,120.5500,0.0000,0.0000,3.1530,2.5390,120.5500,1,,,-0.2130,0.1197,-0.5147,-15.9879,31.6851,14.8742,,10.0000,-28.9044,-30.4008,6.5657,-44.0171,6.5657,-44.0171,0.4033,failed_base
blind,5,G,2026-07-20,11:55,NIFTY,2026-07-21,PE,24200,ATM,1,False,24155.3200,107.8500,78.0000,98.8500,0.0000,0.0000,1.4420,1.6060,98.8500,1,,,-0.2200,0.1545,-0.5826,-50.2440,40.8974,18.1984,46.8298,5.0000,-5.0997,4.3821,1.9008,-16.6435,22.3922,-58.0436,0.0241,next_wave
blind,5,G,2026-07-21,13:05,NIFTY,2026-07-21,PE,24200,OTM1,0,False,24143.7500,66.1500,35.7000,57.4500,0.0000,0.0000,2.4230,1.9530,57.4500,1,,,-0.1109,0.1873,-0.7722,-9.9008,122.1289,40.6053,,5.0000,-48.6017,-57.8454,4.9131,-48.6017,4.9131,-87.7551,0.1696,failed_base
blind,5,G,2026-07-15,14:45,NIFTY,2026-07-21,CE,24300,OTM2,6,True,24082.5400,68.7000,58.1000,68.0000,0.0000,0.0000,3.7530,1.6630,68.0000,1,,,0.1799,0.1238,0.2886,-11.1597,21.0843,12.7221,,5.0000,-10.7715,-7.5264,0.9461,-17.1033,0.9461,-17.1033,-0.0954,failed_base
blind,5,G,2026-07-16,11:00,NIFTY,2026-07-21,CE,24300,OTM1,5,True,24189.0500,80.8500,55.9500,69.0500,0.0000,0.0000,1.7280,1.3610,69.0500,1,,,0.2396,0.1118,0.3678,-12.2308,56.3896,23.8286,,10.0000,-18.6147,-16.1302,8.2251,-19.3568,8.2251,-49.8454,-0.1308,failed_base
blind,5,G,2026-07-17,12:00,NIFTY,2026-07-21,CE,24300,OTM1,4,True,24233.4500,96.8000,79.8500,96.7000,0.0000,0.0000,0.9960,1.2750,96.7000,1,,,0.0686,0.1235,0.4197,-15.9914,39.4490,18.1410,,55.0000,-0.0517,-3.0395,6.1983,-8.6260,69.5764,-34.6591,-0.0100,failed_base
blind,5,G,2026-07-20,13:20,NIFTY,2026-07-21,CE,24300,OTM1,1,False,24211.8800,43.2000,25.6000,35.9000,0.0000,0.0000,5.1230,2.7670,35.9000,1,,,0.1791,0.1506,0.3309,-41.6434,148.2422,,,55.0000,34.2593,30.4659,40.7407,-0.9259,47.1065,-7.2917,0.1884,session_end
blind,5,G,2026-07-16,12:50,NIFTY,2026-07-21,PE,24300,ITM1,5,True,24134.3300,223.0000,196.6000,220.7500,0.0000,0.0000,0.5700,1.7230,220.7500,1,,,-0.1051,0.1076,-0.7016,-10.7570,55.6205,,,60.0000,6.6816,2.1160,9.5516,-1.4574,37.1973,-1.4574,-0.0821,session_end
blind,5,G,2026-07-17,13:50,NIFTY,2026-07-21,PE,24300,ITM1,4,True,24186.5400,184.3500,149.0000,171.2500,0.0000,0.0000,2.2340,2.4250,171.2500,1,,,-0.1936,0.1168,-0.6451,-14.3965,30.8725,22.6410,,10.0000,-27.6105,-29.8107,5.7771,-42.1210,5.7771,-42.1210,0.4033,failed_base
blind,5,G,2026-07-20,11:55,NIFTY,2026-07-21,PE,24300,ITM1,1,False,24155.3200,175.2000,133.6500,164.0000,0.0000,0.0000,1.3020,1.4140,164.0000,1,,,-0.2200,0.1544,-0.7531,-29.7131,53.5354,21.7836,,60.0000,-2.8539,-1.1768,1.9121,-12.5571,17.1233,-48.7443,0.0241,failed_base
blind,5,G,2026-07-21,13:05,NIFTY,2026-07-21,PE,24300,ATM,0,False,24143.7500,158.8000,112.9000,146.4000,0.0000,0.0000,1.9570,1.8070,146.4000,1,,,-0.1109,0.2489,-0.9404,-2.5508,52.0372,20.9147,,5.0000,-25.5982,-31.9295,2.2985,-25.5982,2.2985,-39.0428,0.1696,failed_base
blind,5,G,2026-07-16,11:00,NIFTY,2026-07-21,CE,24400,OTM2,5,True,24189.0500,47.4000,32.0500,39.9000,0.0000,0.0000,2.2990,1.8480,39.9000,1,,,0.2396,0.1088,0.2535,-9.9391,62.7145,27.4209,,10.0000,-21.3080,-18.7726,10.0211,-22.1519,10.0211,-51.0549,-0.1308,failed_base
blind,5,G,2026-07-20,13:20,NIFTY,2026-07-21,CE,24400,OTM2,1,False,24211.8800,19.2000,11.3500,16.1500,0.0000,0.0000,5.8750,3.0680,16.1500,1,,,0.1791,0.1522,0.1771,-19.1905,140.0881,40.1835,,5.0000,33.8542,32.8572,44.2708,-0.7813,49.4792,-15.1042,0.1884,stalled
blind,5,G,2026-07-21,13:05,NIFTY,2026-07-21,PE,24400,ITM1,0,False,24143.7500,257.4000,208.6000,245.0000,0.0000,0.0000,2.4770,1.7820,245.0000,1,,,-0.1109,0.3209,-0.9760,-1.1508,29.8658,13.8612,,5.0000,-16.0451,-19.0837,1.3792,-16.0451,1.3792,-23.4266,0.1696,failed_base
blind,5,G,2026-07-24,11:55,NIFTY,2026-07-28,CE,23700,ITM1,4,True,23717.9900,133.6500,102.6000,126.8000,0.0000,0.0000,2.1030,2.3150,126.8000,1,,,0.1774,0.1235,0.5252,-15.9777,101.1696,26.3566,,45.0000,18.0322,20.0556,19.7157,-5.2001,59.8204,-5.2001,0.2015,stalled
blind,5,G,2026-07-23,11:30,NIFTY,2026-07-28,PE,23700,OTM2,5,True,23942.4000,47.1000,36.7500,45.3500,0.0000,0.0000,1.0310,1.1300,45.3500,1,,,-0.0906,0.1195,-0.2347,-10.3488,34.4218,16.8016,,30.0000,-6.5817,-4.8243,4.8832,-7.2187,92.0382,-12.7389,0.0391,failed_base
blind,5,G,2026-07-23,12:35,NIFTY,2026-07-28,PE,23700,OTM2,5,True,23883.5900,59.9500,41.1000,49.4000,0.0000,0.0000,5.3010,2.2960,49.4000,1,,,-0.2827,0.1174,-0.2868,-11.4233,120.0730,,,50.0000,28.1068,23.4104,32.2769,0.0000,50.8757,-10.4254,-0.1945,session_end
blind,5,G,2026-07-24,11:55,NIFTY,2026-07-28,CE,23800,ATM,4,True,23717.9900,86.6500,64.8000,81.9000,0.0000,0.0000,2.3640,1.9550,81.9000,1,,,0.1774,0.1221,0.3977,-15.2420,122.9938,31.4533,,45.0000,20.7155,9.4639,22.5620,-5.6549,71.5522,-5.6549,0.2015,stalled
blind,5,G,2026-07-27,11:25,NIFTY,2026-07-28,CE,23800,ITM1,1,False,23965.0700,186.9000,145.3000,183.2000,0.0000,0.0000,1.1110,0.7560,183.2000,1,,,0.1108,0.1450,0.8011,-21.4765,42.2230,15.5335,,15.0000,4.2269,6.5298,10.5671,-1.5249,34.3499,-14.6870,0.0424,failed_base
blind,5,G,2026-07-27,14:10,NIFTY,2026-07-28,CE,23800,ITM1,1,False,24006.5500,219.7500,171.1500,200.7500,0.0000,0.0000,1.4620,2.2960,200.7500,1,,,0.1511,0.1473,0.8630,-13.2008,,,,,3.1399,5.0112,10.4664,-3.8225,14.2662,-3.8225,0.0362,session_end
blind,5,G,2026-07-23,11:30,NIFTY,2026-07-28,PE,23800,OTM1,5,True,23942.4000,73.8000,58.1500,70.8000,0.0000,0.0000,1.3400,1.1900,70.8000,1,,,-0.0906,0.1175,-0.3319,-12.2443,32.9321,15.9120,,30.0000,-6.1653,-3.2621,4.7425,-6.9106,80.8943,-11.9241,0.0391,failed_base
blind,5,G,2026-07-23,12:30,NIFTY,2026-07-28,PE,23800,OTM1,5,True,23907.1200,83.8500,65.0000,77.3000,0.0000,0.0000,1.8760,1.4720,77.3000,1,,,-0.1845,0.1158,-0.3688,-12.6247,105.3846,,,55.0000,32.4985,28.7408,42.3971,0.0000,59.2129,0.0000,-0.2538,session_end
blind,5,G,2026-07-24,11:55,NIFTY,2026-07-28,CE,23900,OTM1,4,True,23717.9900,54.0500,39.9000,50.7000,0.0000,0.0000,2.1600,1.8510,50.7000,1,,,0.1774,0.1229,0.2819,-13.1760,141.8546,36.5285,,45.0000,22.0167,11.1951,22.7567,-6.9380,81.6836,-6.9380,0.2015,stalled
blind,5,G,2026-07-27,11:30,NIFTY,2026-07-28,CE,23900,ATM,1,False,23975.8700,116.9000,81.4500,107.6500,0.0000,0.0000,1.8320,1.1640,107.6500,1,,,0.1989,0.1348,0.6625,-36.3058,55.6783,18.7697,,10.0000,-1.5825,3.1417,8.4688,-8.2549,36.8691,-25.5774,-0.0047,failed_base
blind,5,G,2026-07-27,14:10,NIFTY,2026-07-28,CE,23900,ATM,1,False,24006.5500,134.0000,96.0000,119.5500,0.0000,0.0000,1.4990,2.4380,119.5500,1,,,0.1511,0.1320,0.7355,-27.4124,,,,,5.1119,6.9037,15.4104,-5.0746,19.4030,-5.0746,0.0362,session_end
blind,5,G,2026-07-22,12:10,NIFTY,2026-07-28,PE,23900,OTM2,6,True,23981.4900,120.7000,96.7000,116.2000,0.0000,0.0000,1.4840,2.6160,116.2000,1,,,-0.1003,0.1278,-0.4149,-13.1209,46.3806,19.4631,,35.0000,14.4988,9.5247,17.2742,-3.1897,17.2742,-11.2262,-0.1277,failed_base
blind,5,G,2026-07-23,11:35,NIFTY,2026-07-28,PE,23900,ATM,5,True,23948.7900,107.8500,89.2500,106.7500,0.0000,0.0000,1.1810,1.3660,106.7500,1,,,-0.1148,0.1153,-0.4378,-13.1654,30.8123,14.6039,,25.0000,-0.0464,2.8299,8.2522,-7.5568,75.7070,-7.5568,-0.0207,failed_base
blind,5,G,2026-07-23,12:30,NIFTY,2026-07-28,PE,23900,ATM,5,True,23907.1200,126.5000,99.7000,116.7500,0.0000,0.0000,2.2200,1.6790,116.7500,1,,,-0.1845,0.1152,-0.4881,-13.3490,90.0702,,,55.0000,28.3794,25.0224,36.0079,-0.0395,49.8024,-0.0395,-0.2538,session_end
blind,5,G,2026-07-22,11:30,NIFTY,2026-07-28,CE,24000,ITM1,6,True,24025.9700,167.7500,146.4000,164.8000,0.0000,0.0000,0.8450,1.2490,164.8000,1,,,0.1173,0.1242,0.5293,-13.0153,18.4426,9.6309,,10.0000,-6.1699,-4.7567,3.3681,-6.5872,3.3681,-19.6125,-0.0998,failed_base
blind,5,G,2026-07-24,11:55,NIFTY,2026-07-28,CE,24000,OTM2,4,True,23717.9900,32.8000,24.4000,31.3500,0.0000,0.0000,2.6970,2.1200,31.3500,1,,,0.1467,0.1252,0.1896,-10.4244,52.0492,18.0593,103.7829,15.0000,23.0183,15.6704,24.8476,-7.3171,88.8720,-7.3171,0.2015,next_wave
blind,5,G,2026-07-27,11:30,NIFTY,2026-07-28,CE,24000,OTM1,1,False,23975.8700,59.2000,39.0000,52.8000,0.0000,0.0000,2.6150,1.2900,52.8000,1,,,0.1989,0.1305,0.4471,-42.8563,69.7436,24.6979,,10.0000,-2.9561,3.5606,11.8243,-11.0642,43.5811,-32.4324,-0.0047,failed_base
blind,5,G,2026-07-27,14:10,NIFTY,2026-07-28,CE,24000,OTM1,1,False,24006.5500,68.8000,44.8000,59.2500,0.0000,0.0000,2.1430,2.8000,59.2500,1,,,0.1511,0.1272,0.5172,-50.2744,,,,,4.7965,8.3103,23.1831,-7.7762,23.5465,-7.7762,0.0362,session_end
blind,5,G,2026-07-22,12:10,NIFTY,2026-07-28,PE,24000,OTM1,6,True,23981.4900,166.3500,136.0500,160.3000,0.0000,0.0000,1.3200,2.6320,160.3000,1,,,-0.1003,0.1266,-0.5149,-13.3059,40.4631,17.2946,,35.0000,12.7142,7.2813,14.8783,-2.7653,14.8783,-9.6183,-0.1277,failed_base
blind,5,G,2026-07-23,11:30,NIFTY,2026-07-28,PE,24000,ITM1,5,True,23942.4000,161.5500,132.5500,155.4000,0.0000,0.0000,1.4180,1.4990,155.4000,1,,,-0.0906,0.1150,-0.5665,-13.0810,27.9894,13.0563,,30.0000,-3.8688,-1.1149,5.0139,-4.8592,59.4243,-8.6970,0.0391,failed_base
blind,5,G,2026-07-23,12:30,NIFTY,2026-07-28,PE,24000,ITM1,5,True,23907.1200,181.5000,147.5000,169.6500,0.0000,0.0000,1.3700,1.1980,169.6500,1,,,-0.1845,0.1148,-0.6090,-12.7342,74.6102,,,55.0000,24.7107,21.9252,30.9917,0.1928,41.9008,0.1928,-0.2538,session_end
blind,5,G,2026-07-28,13:20,NIFTY,2026-07-28,PE,24000,ATM,0,False,23975.6000,38.4000,15.5500,28.6000,0.0000,0.0000,2.4180,2.3370,28.6000,1,,,-0.2181,0.1613,-0.6553,-13.9996,224.4373,58.6720,,5.0000,-16.6667,-20.5926,10.6771,-27.9948,44.6615,-82.2917,0.0296,failed_base
blind,5,G,2026-07-22,11:30,NIFTY,2026-07-28,CE,24100,ATM,6,True,24025.9700,119.4500,103.4000,117.4000,0.0000,0.0000,0.8720,0.9530,117.4000,1,,,0.1173,0.1232,0.4265,-12.7259,19.3907,10.4496,,10.0000,-7.2834,-6.3444,3.3487,-7.4508,3.3487,-21.3060,-0.0998,failed_base
blind,5,G,2026-07-27,11:30,NIFTY,2026-07-28,CE,24100,OTM2,1,False,23975.8700,25.8500,16.8500,22.3500,0.0000,0.0000,2.6620,1.3680,22.3500,1,,,0.1989,0.1317,0.2451,-24.9659,76.2611,29.7980,,10.0000,-6.1896,-0.2826,14.8936,-14.5068,53.9652,-36.5571,-0.0047,failed_base
blind,5,G,2026-07-27,14:10,NIFTY,2026-07-28,CE,24100,OTM2,1,False,24006.5500,30.0000,18.3000,25.0000,0.0000,0.0000,2.4100,3.5010,25.0000,1,,,0.1511,0.1290,0.2888,-29.9082,117.4863,,,25.0000,2.5000,7.6122,32.6667,-10.8333,32.6667,-10.8333,0.0362,session_end
blind,5,G,2026-07-22,12:10,NIFTY,2026-07-28,PE,24100,ATM,6,True,23981.4900,222.4500,186.0500,214.8500,0.0000,0.0000,1.1440,2.7380,214.8500,1,,,-0.1003,0.1257,-0.6150,-12.5998,34.9100,15.1793,,35.0000,11.1935,5.2997,12.8343,-2.4949,12.8343,-8.2940,-0.1277,failed_base
blind,5,G,2026-07-28,13:20,NIFTY,2026-07-28,PE,24100,ITM1,0,False,23975.6000,126.5000,77.4500,108.0000,0.0000,0.0000,1.5930,1.8910,108.0000,1,,,-0.2181,0.2124,-0.9391,-2.0996,81.9238,27.0759,,5.0000,-5.5336,-15.7964,3.7549,-11.3043,22.4506,-22.6482,0.0296,failed_base
blind,5,G,2026-07-30,11:35,NIFTY,2026-08-04,CE,24300,ATM,5,True,24258.9200,93.4000,70.2000,88.0000,0.0000,0.0000,0.7260,1.2270,88.0000,1,,,0.1400,0.0979,0.4442,-11.3550,34.3305,15.1644,,0.0000,-8.4582,-9.1765,0.2677,-14.3469,48.5546,-18.6296,-0.0594,failed_base
blind,5,G,2026-07-30,12:40,NIFTY,2026-08-04,CE,24300,ATM,5,True,24307.1700,117.5000,80.0000,93.6500,0.0000,0.0000,4.1930,9.0130,93.6500,1,,,0.1989,0.0993,0.5119,-11.7068,73.4375,40.8288,,0.0000,-14.3404,-13.9363,5.0213,-16.4255,5.0213,-35.3191,-0.1153,failed_base
blind,5,G,2026-07-31,11:25,NIFTY,2026-08-04,CE,24300,ITM1,4,True,24364.7000,131.3500,115.4500,130.0000,0.0000,0.0000,1.3250,1.5010,130.0000,1,,,0.0710,0.0922,0.6078,-11.7203,45.7774,27.0351,,130.0000,-1.5988,-1.1559,2.2459,-4.8344,28.1309,-6.5093,-0.0133,failed_base
blind,5,G,2026-07-30,14:30,NIFTY,2026-08-04,PE,24300,ATM,5,True,24234.2100,144.1500,114.0000,136.5000,0.0000,0.0000,1.0150,1.8710,136.5000,1,,,-0.0947,0.0951,-0.5931,-10.9254,31.0526,14.4913,,10.0000,-17.0309,-21.0039,3.6420,-19.2161,3.6420,-26.6389,0.1759,failed_base
blind,5,G,2026-08-03,12:55,NIFTY,2026-08-04,PE,24300,OTM2,1,False,24579.2500,7.7000,7.0500,7.6500,0.0000,0.0000,1.9670,5.8990,7.6500,1,,,-0.0640,0.1501,-0.0828,-7.6999,26.2411,19.6629,,0.0000,0.0000,-1.6416,9.7403,-3.2468,16.8831,-23.3766,-0.0050,failed_base
blind,5,G,2026-07-29,13:20,NIFTY,2026-08-04,CE,24400,OTM2,6,True,24243.8300,64.9000,55.8500,64.7500,0.0000,0.0000,2.0900,5.5660,64.7500,1,,,0.0643,0.1023,0.3155,-9.6447,24.2614,12.8963,,0.0000,-5.1618,-1.4506,-0.3082,-12.4807,12.2496,-14.0986,-0.0293,failed_base
blind,5,G,2026-07-30,12:40,NIFTY,2026-08-04,CE,24400,OTM1,5,True,24307.1700,69.8000,43.8500,52.7500,0.0000,0.0000,6.9530,10.4460,52.7500,1,,,0.1989,0.0957,0.3701,-10.6278,97.6055,47.7207,,0.0000,-17.7650,-15.5352,6.0172,-20.2006,6.0172,-40.4011,-0.1153,failed_base
blind,5,G,2026-07-31,12:20,NIFTY,2026-08-04,CE,24400,ATM,4,True,24373.0000,78.4500,66.1500,77.7500,0.0000,0.0000,2.4420,2.2740,77.7500,1,,,0.0629,0.0883,0.4546,-11.7070,56.9917,29.4656,,75.0000,25.1753,25.4147,27.7247,-2.0395,32.3773,-15.6150,0.1448,failed_base
blind,5,G,2026-08-03,12:25,NIFTY,2026-08-04,CE,24400,ITM1,1,False,24601.8200,214.9000,198.0000,211.7500,0.0000,0.0000,1.1920,1.9460,211.7500,1,,,0.0474,0.1365,0.8618,-13.0732,10.0505,8.2148,,0.0000,-9.9581,-6.0905,0.3955,-17.7292,0.3955,-19.1252,-0.0918,failed_base
blind,5,G,2026-07-30,14:30,NIFTY,2026-08-04,PE,24400,ITM1,5,True,24234.2100,209.2000,168.3500,198.2000,0.0000,0.0000,1.0570,1.8810,198.2000,1,,,-0.0947,0.0935,-0.7300,-8.9560,28.3041,12.8009,,10.0000,-15.2247,-17.4143,3.2505,-17.4474,3.2505,-24.2591,0.1759,failed_base
blind,5,G,2026-08-03,12:55,NIFTY,2026-08-04,PE,24400,OTM1,1,False,24579.2500,14.2000,12.2000,13.7000,0.0000,0.0000,2.4000,5.5880,13.7000,1,,,-0.0640,0.1306,-0.1536,-14.1920,40.9836,26.7442,,0.0000,-4.9296,-4.3204,12.6761,-6.3380,12.6761,-41.9014,-0.0050,failed_base
blind,5,G,2026-08-04,14:00,NIFTY,2026-08-04,PE,24400,OTM2,0,False,24456.8000,18.9000,9.3500,16.7000,0.0000,0.0000,3.1570,1.8690,16.7000,1,,,-0.1712,0.3233,-0.2905,-18.9000,202.1390,55.3982,,5.0000,-19.8413,-4.5509,24.0741,-40.7407,29.3651,-99.2063,0.0734,failed_base
blind,5,G,2026-07-30,12:40,NIFTY,2026-08-04,CE,24500,OTM2,5,True,24307.1700,36.7000,21.9000,26.9000,0.0000,0.0000,5.7510,11.6860,26.9000,1,,,0.1989,0.0924,0.2365,-8.1918,123.2877,53.8855,,0.0000,-20.8447,-19.2477,7.9019,-23.7057,7.9019,-43.8692,-0.1153,failed_base
blind,5,G,2026-07-31,12:20,NIFTY,2026-08-04,CE,24500,OTM1,4,True,24373.0000,38.6500,32.4000,38.6000,0.0000,0.0000,2.4820,1.9780,38.6000,1,,,0.0629,0.0848,0.2837,-9.3975,41.3580,15.8297,45.7847,15.0000,36.4812,31.5120,39.8448,-2.1992,45.4075,-22.1216,0.1448,next_wave
blind,5,G,2026-08-03,12:25,NIFTY,2026-08-04,CE,24500,ATM,1,False,24601.8200,129.0000,115.6000,126.9500,0.0000,0.0000,1.0130,1.5520,126.9500,1,,,0.0474,0.1212,0.7319,-26.4323,13.7543,11.3688,,0.0000,-13.3333,-7.5881,0.6589,-23.4884,0.6589,-27.9845,-0.0918,failed_base
blind,5,G,2026-07-31,14:40,NIFTY,2026-08-04,PE,24500,ITM1,4,True,24386.3900,155.4000,138.4500,154.4500,0.0000,0.0000,1.5620,1.8950,154.4500,1,,,-0.0476,0.0850,-0.6964,-9.8703,19.8267,9.9759,,10.0000,-3.9575,-0.3924,6.7568,-6.6924,6.7568,-6.6924,0.0162,failed_base
blind,5,G,2026-08-03,12:55,NIFTY,2026-08-04,PE,24500,ATM,1,False,24579.2500,32.3500,27.7500,32.2500,0.0000,0.0000,2.7470,6.2450,32.2500,1,,,-0.0444,0.1194,-0.3104,-31.1119,39.4595,27.1318,,0.0000,-6.1824,1.8605,12.0556,-7.2643,12.0556,-39.2581,-0.0050,failed_base
blind,5,G,2026-08-04,14:00,NIFTY,2026-08-04,PE,24500,OTM1,0,False,24456.8000,66.2500,37.4000,64.7500,0.0000,0.0000,1.1150,1.0900,64.7500,1,,,-0.1712,0.3215,-0.6618,-23.0482,124.1979,40.2504,,5.0000,-15.0943,-7.6519,14.7925,-30.6415,14.7925,-99.6981,0.0734,failed_base
blind,5,G,2026-07-31,12:40,NIFTY,2026-08-04,CE,24600,OTM2,4,True,24391.1900,19.7000,14.5500,17.9500,0.0000,0.0000,2.6090,3.0440,17.9500,1,,,0.1087,0.0839,0.1703,-6.6758,79.7251,33.6520,,35.0000,24.3655,22.0295,32.7411,-0.7614,32.7411,-43.9086,0.0787,failed_base
blind,5,G,2026-08-03,12:25,NIFTY,2026-08-04,CE,24600,OTM1,1,False,24601.8200,62.9500,54.7500,62.5000,0.0000,0.0000,1.2330,1.9110,62.5000,1,,,0.0474,0.1137,0.5058,-41.0919,19.1781,16.3218,,0.0000,-18.4273,-13.1910,1.2708,-31.0564,1.2708,-41.7792,-0.0918,failed_base
blind,5,G,2026-08-03,12:55,NIFTY,2026-08-04,PE,24600,ITM1,1,False,24579.2500,72.1000,62.5500,71.4000,0.0000,0.0000,2.4720,4.9560,71.4000,1,,,-0.0444,0.1132,-0.5525,-40.8827,33.8929,23.5821,,0.0000,-2.9126,-1.6630,10.8183,-3.6755,10.8183,-24.7573,-0.0050,failed_base
blind,5,G,2026-08-04,11:55,NIFTY,2026-08-04,PE,24600,ATM,0,False,24533.4000,83.9000,37.6000,65.2500,0.0000,0.0000,0.7670,1.9490,65.2500,1,,,-0.2247,0.2148,-0.7330,-17.3009,351.9947,99.3233,,130.0000,16.2694,15.5927,40.6436,-4.5292,102.5626,-98.6293,-0.0628,failed_base
blind,5,G,2026-08-04,11:50,NIFTY,2026-08-04,PE,24700,ITM1,0,False,24530.8500,175.0000,110.4000,142.3000,0.0000,0.0000,1.7250,1.1650,142.3000,1,,,-0.2152,0.2576,-0.9034,-5.8509,142.3913,68.1988,,135.0000,5.4857,6.6324,19.1143,-6.1429,52.9143,-51.3714,-0.0446,failed_base
blind,5,G,2026-08-07,10:30,NIFTY,2026-08-11,PE,24400,OTM2,4,True,24592.4700,55.7000,47.0000,54.2500,0.0000,0.0000,1.3240,1.5060,54.2500,1,,,-0.1525,0.1238,-0.2748,-13.4782,29.5745,16.0920,,40.0000,0.3591,-9.2367,5.3860,-6.9120,14.3627,-40.3052,0.0030,failed_base
blind,5,G,2026-08-07,12:20,NIFTY,2026-08-11,PE,24400,OTM2,4,True,24563.9500,62.2000,51.1000,60.9000,0.0000,0.0000,1.5910,1.4240,60.9000,1,,,-0.1174,0.1230,-0.3020,-14.2137,24.6575,12.0094,,5.0000,-15.9164,-19.2070,1.2058,-16.8006,1.2058,-46.5434,0.1146,failed_base
blind,5,G,2026-08-10,14:45,NIFTY,2026-08-11,PE,24400,OTM2,1,False,24594.6200,19.7000,15.2000,18.5000,0.0000,0.0000,1.3080,1.6820,18.5000,1,,,-0.1316,0.1602,-0.1742,-19.7000,43.0921,25.9770,,10.0000,-11.9289,-1.5826,10.4061,-18.2741,10.4061,-31.7259,0.0551,failed_base
blind,5,G,2026-08-06,11:20,NIFTY,2026-08-11,CE,24500,ITM1,5,True,24696.6500,262.0000,226.2000,248.5500,0.0000,0.0000,1.0840,1.3250,248.5500,1,,,0.1362,0.1223,0.7103,-12.2487,19.3634,14.2407,,20.0000,-8.5496,-8.4521,3.0534,-11.9084,3.0534,-15.9733,-0.1247,failed_base
blind,5,G,2026-08-05,12:40,NIFTY,2026-08-11,PE,24500,OTM1,6,True,24570.6700,119.3500,80.0500,107.8000,0.0000,0.0000,2.4420,2.6880,107.8000,1,,,-0.1972,0.1201,-0.4230,-12.7196,83.5728,32.9023,,35.0000,8.1274,6.8382,23.1253,-2.1785,27.1889,-33.7662,-0.0387,failed_base
blind,5,G,2026-08-07,10:25,NIFTY,2026-08-11,PE,24500,OTM1,4,True,24597.7000,86.2000,70.8500,82.5000,0.0000,0.0000,2.0480,2.9000,82.5000,1,,,-0.0841,0.1229,-0.3787,-15.5309,34.2272,14.6688,22.7973,45.0000,-1.0441,-2.7115,6.7865,-4.5824,15.6032,-30.3944,0.0057,next_wave
blind,5,G,2026-08-10,14:45,NIFTY,2026-08-11,PE,24500,OTM1,1,False,24594.6200,41.5000,32.5000,39.1000,0.0000,0.0000,1.4470,1.8890,39.1000,1,,,-0.1316,0.1538,-0.3172,-41.4639,38.1538,20.1559,,10.0000,-11.2048,-3.5012,8.1928,-15.9036,8.1928,-25.0602,0.0551,failed_base
blind,5,G,2026-08-06,11:20,NIFTY,2026-08-11,CE,24600,ATM,5,True,24696.6500,193.4500,164.7500,182.7000,0.0000,0.0000,1.4700,1.4920,182.7000,1,,,0.1362,0.1196,0.6107,-13.6244,22.0030,16.2935,,20.0000,-9.7183,-9.2734,3.9028,-13.3885,3.9028,-18.1442,-0.1247,failed_base
blind,5,G,2026-08-05,12:40,NIFTY,2026-08-11,PE,24600,ATM,6,True,24570.6700,166.0000,117.7000,152.1500,0.0000,0.0000,1.3750,2.2750,152.1500,1,,,-0.1972,0.1190,-0.5272,-12.8123,68.0119,28.2933,,35.0000,6.3855,3.7980,19.1265,-1.8373,22.5904,-28.5542,-0.0387,failed_base
blind,5,G,2026-08-07,10:25,NIFTY,2026-08-11,PE,24600,ATM,4,True,24597.7000,129.3000,111.8000,124.0000,0.0000,0.0000,1.6750,3.0810,124.0000,1,,,-0.0841,0.1217,-0.4999,-16.2213,26.0733,13.2671,20.6544,45.0000,-0.5414,1.1814,6.1485,-3.8670,14.6172,-23.7046,0.0057,next_wave
blind,5,G,2026-08-07,14:20,NIFTY,2026-08-11,PE,24600,ATM,4,True,24556.9000,141.0000,125.3000,140.9000,0.0000,0.0000,1.2890,1.8050,140.9000,1,,,-0.1431,0.1146,-0.5550,-15.4218,18.2761,18.1511,,5.0000,-12.3050,-8.0400,0.8511,-13.9716,0.8511,-30.0355,0.1092,failed_base
blind,5,G,2026-08-10,14:45,NIFTY,2026-08-11,PE,24600,ATM,1,False,24594.6200,80.0000,65.1000,76.1000,0.0000,0.0000,1.2120,1.7990,76.1000,1,,,-0.1316,0.1482,-0.5094,-63.6827,30.4916,14.5380,,15.0000,-9.3750,-2.3896,6.1875,-12.8750,6.1875,-17.8125,0.0551,failed_base
blind,5,G,2026-08-11,11:10,NIFTY,2026-08-11,PE,24600,ITM1,0,False,24456.3500,153.0500,122.7000,140.8500,0.0000,0.0000,1.1020,1.7210,140.8500,1,,,-0.1527,0.2431,-0.8600,-9.4019,33.1703,15.9119,,60.0000,-3.0709,-2.0276,2.8422,-7.1219,6.7625,-30.0882,0.0139,failed_base
blind,5,G,2026-08-06,11:20,NIFTY,2026-08-11,CE,24700,OTM1,5,True,24696.6500,136.9000,113.9000,127.5000,0.0000,0.0000,2.1840,1.7580,127.5000,1,,,0.1362,0.1182,0.4985,-14.0871,25.5048,18.8527,,20.0000,-11.3221,-7.5833,4.4193,-15.3397,4.4193,-21.1103,-0.1247,failed_base
blind,5,G,2026-08-05,12:40,NIFTY,2026-08-11,PE,24700,ITM1,6,True,24570.6700,224.0000,167.0000,207.3000,0.0000,0.0000,1.0630,2.1510,207.3000,1,,,-0.1972,0.1185,-0.6303,-12.0281,54.9701,23.8215,,35.0000,4.8214,0.9692,15.5357,-1.6518,18.6830,-24.0625,-0.0387,failed_base
blind,5,G,2026-08-07,10:25,NIFTY,2026-08-11,PE,24700,ITM1,4,True,24597.7000,186.5000,162.0000,179.5500,0.0000,0.0000,1.3060,2.7480,179.5500,1,,,-0.0841,0.1222,-0.6211,-15.4096,24.0741,11.9900,18.3720,45.0000,-0.6702,0.6180,5.0938,-3.3244,13.8606,-17.6139,0.0057,next_wave
blind,5,G,2026-08-07,14:20,NIFTY,2026-08-11,PE,24700,ITM1,4,True,24556.9000,203.4500,182.5500,202.4500,0.0000,0.0000,1.3900,1.8500,202.4500,1,,,-0.1431,0.1146,-0.6823,-13.6749,16.3243,14.8340,,5.0000,-9.6830,-6.8162,0.9339,-11.1084,0.9339,-24.4778,0.1092,failed_base
blind,5,G,2026-08-10,13:15,NIFTY,2026-08-11,PE,24700,ITM1,1,False,24604.9500,136.7000,116.4500,135.5000,0.0000,0.0000,1.6240,1.3500,135.5000,1,,,-0.0510,0.1494,-0.6798,-40.3142,19.0210,13.3478,,5.0000,-12.8749,-10.4135,0.8047,-13.3504,7.2421,-14.0819,0.0988,failed_base
blind,5,G,2026-08-10,14:40,NIFTY,2026-08-11,PE,24700,ITM1,1,False,24594.1500,140.2500,117.4500,134.4000,0.0000,0.0000,1.8410,1.2320,134.4000,1,,,-0.1335,0.1450,-0.7096,-34.3879,24.8191,11.0846,,20.0000,-4.8485,4.4009,4.5276,-10.3387,4.5276,-12.2282,0.0380,failed_base
blind,5,G,2026-08-06,11:20,NIFTY,2026-08-11,CE,24800,OTM2,5,True,24696.6500,90.6500,74.4000,83.7000,0.0000,0.0000,1.9590,1.6250,83.7000,1,,,0.1362,0.1159,0.3833,-13.1548,28.9651,21.4174,,20.0000,-12.7413,-7.7280,5.8467,-16.9333,5.8467,-23.4970,-0.1247,failed_base
blind,5,G,2026-08-13,11:45,NIFTY,2026-08-18,CE,24200,ITM1,5,True,24400.7900,237.6500,208.9500,236.0000,0.0000,0.0000,1.5240,2.1120,236.0000,1,,,0.1215,0.0949,0.7690,-8.2449,44.4604,17.8400,,25.0000,17.1681,17.4557,27.0145,-1.1992,27.0145,-1.1992,0.2053,stalled
blind,5,G,2026-08-14,12:20,NIFTY,2026-08-18,CE,24200,ITM1,4,True,24381.1900,207.3000,177.0500,196.4000,0.0000,0.0000,1.6920,0.9600,196.4000,1,,,0.1302,0.0863,0.7923,-7.8502,17.7633,8.2734,,10.0000,-2.4120,0.4369,0.5789,-7.7424,28.1959,-9.0690,-0.0228,failed_base
blind,5,G,2026-08-14,13:50,NIFTY,2026-08-18,CE,24200,ITM1,4,True,24431.9700,249.6000,188.5000,208.9500,0.0000,0.0000,4.8660,2.9420,208.9500,1,,,0.2770,0.0879,0.8485,-6.4000,40.9814,,,20.0000,-3.9463,4.1606,6.4704,-4.5673,6.4704,-6.8309,-0.0431,session_end
blind,5,G,2026-08-17,11:55,NIFTY,2026-08-18,CE,24200,ITM1,1,False,24287.2500,115.5500,99.1000,111.1500,0.0000,0.0000,2.5080,1.3330,111.1500,1,,,0.0871,0.1152,0.7122,-26.8129,111.4531,,,90.0000,13.2410,12.8879,16.6162,-4.1973,81.3501,-4.1973,0.0918,session_end
blind,5,G,2026-08-18,12:10,NIFTY,2026-08-18,CE,24200,ATM,0,False,24222.5000,44.3500,27.3000,42.5500,0.0000,0.0000,1.3580,1.4250,42.5500,1,,,0.0814,0.1690,0.6116,-21.8494,71.9780,31.7359,,5.0000,-14.8816,-1.9184,3.2694,-21.1950,22.7734,-99.6618,-0.0310,failed_base
blind,5,G,2026-08-12,14:40,NIFTY,2026-08-18,CE,24300,ITM1,6,True,24388.3900,178.2000,153.0500,168.1500,0.0000,0.0000,1.9720,6.2720,168.1500,1,,,0.1711,0.1036,0.6093,-10.7208,50.6697,,,25.0000,12.1493,13.4841,29.4052,-0.8979,29.4052,-0.8979,0.1628,session_end
blind,5,G,2026-08-13,11:45,NIFTY,2026-08-18,CE,24300,ATM,5,True,24400.7900,165.4000,142.1000,164.4000,0.0000,0.0000,1.3970,1.7780,164.4000,1,,,0.1215,0.0933,0.6470,-10.1511,56.2280,21.9144,,25.0000,20.9190,20.2129,34.2201,-1.5115,34.2201,-1.5115,0.2053,stalled
blind,5,G,2026-08-14,12:20,NIFTY,2026-08-18,CE,24300,ATM,4,True,24381.1900,134.1000,110.1500,124.9500,0.0000,0.0000,1.3080,1.1750,124.9500,1,,,0.1302,0.0849,0.6453,-10.4608,22.4694,10.7858,,10.0000,-3.4303,-1.7331,0.5966,-10.2535,36.2416,-12.1178,-0.0228,failed_base
blind,5,G,2026-08-14,13:50,NIFTY,2026-08-18,CE,24300,ATM,4,True,24431.9700,170.0500,117.8500,134.5000,0.0000,0.0000,4.7080,2.4160,134.5000,1,,,0.2770,0.0868,0.7238,-9.5441,55.0276,,,20.0000,-6.5569,1.7420,7.4390,-7.0567,7.4390,-9.7912,-0.0431,session_end
blind,5,G,2026-08-17,11:55,NIFTY,2026-08-18,CE,24300,ATM,1,False,24287.2500,54.7500,45.9000,51.9500,0.0000,0.0000,2.8210,1.3660,51.9500,1,,,0.0871,0.1120,0.4679,-38.5807,27.3420,11.6339,142.0136,15.0000,17.5342,17.0272,22.8311,-5.6621,128.3105,-5.6621,0.0918,next_wave
blind,5,G,2026-08-18,11:35,NIFTY,2026-08-18,PE,24300,ITM1,0,False,24200.2000,107.5000,73.1000,101.3000,0.0000,0.0000,1.6400,0.8700,101.3000,1,,,-0.1508,0.1896,-0.8472,-7.6971,78.2490,23.7145,,5.0000,-18.7442,-19.4649,2.9302,-19.6744,57.6279,-47.1163,0.0940,failed_base
blind,5,G,2026-08-12,14:40,NIFTY,2026-08-18,CE,24400,ATM,6,True,24388.3900,121.4000,103.4500,114.3000,0.0000,0.0000,2.7870,6.7220,114.3000,1,,,0.2034,0.1017,0.4876,-10.9809,59.3040,,,25.0000,14.1680,14.6355,35.7496,-0.9885,35.7496,-0.9885,0.1628,session_end
blind,5,G,2026-08-13,11:45,NIFTY,2026-08-18,CE,24400,OTM1,5,True,24400.7900,106.8000,89.3500,105.9500,0.0000,0.0000,1.7060,1.9630,105.9500,1,,,0.1215,0.0921,0.5029,-10.8563,70.5092,26.6163,,25.0000,24.5318,21.4391,42.6498,-2.0599,42.6498,-2.0599,0.2053,stalled
blind,5,G,2026-08-14,12:20,NIFTY,2026-08-18,CE,24400,OTM1,4,True,24381.1900,77.4000,61.3000,71.0000,0.0000,0.0000,1.4270,1.1870,71.0000,1,,,0.1302,0.0836,0.4669,-11.1278,27.2431,13.5897,,10.0000,-4.6512,-4.3525,0.7752,-12.9199,48.5142,-15.1163,-0.0228,failed_base
blind,5,G,2026-08-14,13:50,NIFTY,2026-08-18,CE,24400,OTM1,4,True,24431.9700,103.7000,65.8500,77.7000,0.0000,0.0000,7.8030,2.7360,77.7000,1,,,0.2593,0.0844,0.5597,-11.2569,74.5634,,,20.0000,-8.4860,1.0171,10.8486,-9.2093,10.8486,-12.8255,-0.0431,session_end
blind,5,G,2026-08-17,11:55,NIFTY,2026-08-18,CE,24400,OTM1,1,False,24287.2500,22.5000,18.9500,21.7000,0.0000,0.0000,2.3810,1.1450,21.7000,1,,,0.0871,0.1167,0.2407,-21.9602,27.7045,12.3967,,15.0000,19.3333,20.1068,25.5556,-6.2222,174.0000,-6.2222,0.0918,failed_base
blind,5,G,2026-08-12,14:40,NIFTY,2026-08-18,CE,24500,OTM1,6,True,24388.3900,77.9000,66.3500,73.2500,0.0000,0.0000,2.4040,6.1350,73.2500,1,,,0.2067,0.1005,0.3639,-10.1683,68.5757,,,25.0000,17.2657,16.8326,43.5815,-1.0270,43.5815,-1.0270,0.1628,session_end
blind,5,G,2026-08-13,11:45,NIFTY,2026-08-18,CE,24500,OTM2,5,True,24400.7900,63.6000,52.2500,63.2500,0.0000,0.0000,1.6620,2.1380,63.2500,1,,,0.1215,0.0914,0.3561,-9.9995,85.5502,31.7174,,25.0000,28.6164,24.5910,52.4371,-2.0440,52.4371,-2.0440,0.2053,stalled
blind,5,G,2026-08-14,12:20,NIFTY,2026-08-18,CE,24500,OTM2,4,True,24381.1900,40.5500,31.3500,36.9000,0.0000,0.0000,1.6850,1.3930,36.9000,1,,,0.1302,0.0843,0.2952,-9.5451,30.6220,13.6752,,5.0000,-5.4254,-4.4417,0.7398,-15.4131,60.7891,-17.2626,-0.0228,failed_base
blind,5,G,2026-08-14,13:50,NIFTY,2026-08-18,CE,24500,OTM2,4,True,24431.9700,57.0500,33.7000,40.6000,0.0000,0.0000,8.7870,2.5230,40.6000,1,,,0.2593,0.0843,0.3788,-10.7888,91.5430,,,5.0000,-11.3935,-0.1427,14.2857,-12.0070,14.2857,-16.9150,-0.0431,session_end
blind,5,G,2026-08-17,12:25,NIFTY,2026-08-18,CE,24500,OTM2,1,False,24309.5500,10.6500,8.2000,9.9000,0.0000,0.0000,1.4090,2.2710,9.9000,1,,,0.1830,0.1233,0.1283,-10.6445,198.7805,49.3878,,30.0000,97.1831,58.5673,130.0469,-3.7559,150.7042,-3.7559,0.2548,stalled
blind,5,G,2026-08-19,11:55,NIFTY,2026-08-25,CE,24100,ATM,6,True,24133.5700,138.6000,118.5000,132.5500,0.0000,0.0000,2.2620,1.4210,132.5500,1,,,0.1073,0.0971,0.5459,-10.1916,18.2700,10.4888,,5.0000,-5.8081,-4.7658,0.8297,-12.2655,7.5036,-18.1457,-0.0628,failed_base
blind,5,G,2026-08-20,12:20,NIFTY,2026-08-25,CE,24100,ITM1,5,True,24286.2300,219.3000,194.2000,217.2000,0.0000,0.0000,1.2310,0.6860,217.2000,1,,,0.0457,0.0874,0.7721,-7.5062,43.6406,16.7951,,40.0000,14.6375,14.9066,18.1943,-3.9216,27.2002,-3.9216,0.1570,stalled
blind,5,G,2026-08-25,12:05,NIFTY,2026-08-25,CE,24100,ITM1,0,False,24190.9000,96.8000,65.0000,84.8000,0.0000,0.0000,1.2300,3.2290,84.8000,1,,,0.1511,0.1755,0.8616,-5.9002,70.7692,34.5495,,0.0000,-4.9587,-12.1973,4.2872,-14.1529,142.7686,-51.7045,-0.0167,failed_base
blind,5,G,2026-08-21,12:00,NIFTY,2026-08-25,PE,24100,OTM1,4,True,24287.7900,24.6000,22.0000,23.9500,0.0000,0.0000,1.7810,0.8400,23.9500,1,,,-0.0746,0.0861,-0.1975,-7.5723,23.4091,14.3646,,25.0000,-0.4065,1.7064,10.3659,-4.2683,10.3659,-14.2276,0.0031,failed_base
blind,5,G,2026-08-24,11:05,NIFTY,2026-08-25,PE,24100,OTM2,1,False,24253.3200,19.3000,8.8500,10.5000,0.0000,0.0000,5.5710,2.9550,10.5000,1,,,-0.2644,0.1296,-0.1941,-18.9354,286.4407,33.7719,,40.0000,56.9948,57.3084,69.1710,-2.3316,78.4974,-2.3316,-0.2220,stalled
blind,5,G,2026-08-25,13:10,NIFTY,2026-08-25,PE,24100,OTM1,0,False,24152.6500,9.1000,4.7000,7.8000,0.0000,0.0000,2.0150,3.7490,7.8000,1,,,-0.1581,0.1774,-0.2250,-9.1000,220.2128,50.1661,,25.0000,-14.2857,-6.7040,65.3846,-17.5824,65.3846,-99.4505,-0.0099,failed_base
blind,5,G,2026-08-19,11:55,NIFTY,2026-08-25,CE,24200,OTM1,6,True,24133.5700,90.2000,76.1500,85.8000,0.0000,0.0000,2.0890,1.0920,85.8000,1,,,0.1073,0.0964,0.4150,-9.9501,19.9606,12.1511,,5.0000,-6.3193,-7.0279,0.7761,-13.5255,7.1508,-20.1220,-0.0628,failed_base
blind,5,G,2026-08-20,12:50,NIFTY,2026-08-25,CE,24200,ATM,5,True,24324.3600,174.1000,138.0000,148.5000,0.0000,0.0000,5.6910,2.3470,148.5000,1,,,0.1863,0.0873,0.6913,-8.9566,43.4783,20.9848,,10.0000,-1.9242,-1.1989,13.7277,-3.5037,13.7277,-17.1740,-0.0224,stalled
blind,5,G,2026-08-21,13:15,NIFTY,2026-08-25,CE,24200,ATM,4,True,24296.6700,140.6000,128.3500,140.5000,0.0000,0.0000,1.3000,2.6500,140.5000,1,,,0.0485,0.0816,0.6787,-9.6402,13.5956,10.4938,,5.0000,-6.1878,-9.1907,0.2489,-9.4950,1.2802,-9.6728,-0.0508,failed_base
blind,5,G,2026-08-24,14:40,NIFTY,2026-08-25,CE,24200,ITM1,1,False,24208.7700,63.5000,51.3500,59.5500,0.0000,0.0000,1.7130,3.0760,59.5500,1,,,0.0882,0.1148,0.5248,-47.7417,,,,,-2.5984,-0.7132,3.7795,-9.7638,3.7795,-9.7638,-0.0237,session_end
blind,5,G,2026-08-25,12:05,NIFTY,2026-08-25,CE,24200,ATM,0,False,24190.9000,26.1500,14.2500,21.5000,0.0000,0.0000,2.5080,5.5790,21.5000,1,,,0.1511,0.1599,0.4532,-26.0536,150.5263,49.5798,,0.0000,-15.4876,-13.8109,8.6042,-31.1663,417.2084,-73.0402,-0.0167,failed_base
blind,5,G,2026-08-19,11:10,NIFTY,2026-08-25,PE,24200,ITM1,6,True,24101.3000,179.0000,148.2000,173.9500,0.0000,0.0000,1.2870,0.4910,173.9500,1,,,-0.0986,0.0986,-0.6218,-9.8387,28.3738,11.6951,,5.0000,-1.6760,1.1405,1.3128,-6.1453,3.2123,-22.6536,0.0182,failed_base
blind,5,G,2026-08-20,14:50,NIFTY,2026-08-25,PE,24200,ATM,5,True,24311.5700,53.5000,48.1000,52.9500,0.0000,0.0000,1.0040,0.8120,52.9500,1,,,-0.0302,0.0877,-0.3252,-9.3276,,,,,3.9252,1.5165,7.8505,-3.8318,8.4112,-3.8318,-0.0585,session_end
blind,5,G,2026-08-21,12:00,NIFTY,2026-08-25,PE,24200,ATM,4,True,24287.7900,47.6500,42.0500,46.0000,0.0000,0.0000,2.0790,0.8960,46.0000,1,,,-0.0746,0.0819,-0.3373,-9.8449,23.5434,12.9933,,25.0000,-0.7345,1.1141,9.0241,-4.3022,9.0241,-13.2214,0.0031,failed_base
blind,5,G,2026-08-24,13:10,NIFTY,2026-08-25,PE,24200,OTM1,1,False,24182.9500,71.2500,54.5000,64.4500,0.0000,0.0000,2.8730,2.2480,64.4500,1,,,-0.0969,0.1179,-0.5420,-42.9263,42.2018,18.1290,,5.0000,-8.2105,-18.1778,4.2105,-16.9825,4.2105,-26.0351,0.0293,failed_base
blind,5,G,2026-08-19,11:55,NIFTY,2026-08-25,CE,24300,OTM2,6,True,24133.5700,55.7500,46.9000,52.7500,0.0000,0.0000,1.7150,1.1010,52.7500,1,,,0.1073,0.0967,0.2939,-8.7265,20.2559,12.9433,,5.0000,-6.7265,-7.5388,0.4484,-14.2601,5.8296,-22.4215,-0.0628,failed_base
blind,5,G,2026-08-20,12:55,NIFTY,2026-08-25,CE,24300,OTM1,5,True,24332.5300,114.2500,81.2500,91.8000,0.0000,0.0000,7.6320,8.4520,91.8000,1,,,0.2164,0.0847,0.5546,-9.9086,58.4615,26.8350,,5.0000,-1.6630,2.3468,0.5252,-9.1466,0.5252,-25.2954,-0.0123,stalled
blind,5,G,2026-08-24,14:40,NIFTY,2026-08-25,CE,24300,ATM,1,False,24208.7700,25.4500,20.6500,24.3000,0.0000,0.0000,1.9270,3.7900,24.3000,1,,,0.0882,0.1173,0.2745,-25.4463,,,,,1.9646,3.8638,8.6444,-6.2868,9.6267,-6.2868,-0.0237,session_end
blind,5,G,2026-08-21,12:00,NIFTY,2026-08-25,PE,24300,ITM1,4,True,24287.7900,87.8000,77.7000,84.7000,0.0000,0.0000,1.6580,1.1240,84.7000,1,,,-0.0746,0.0790,-0.5217,-10.4781,20.7851,10.7619,,25.0000,-0.8542,2.2034,6.8907,-4.0433,7.0615,-11.4465,0.0031,failed_base
blind,5,G,2026-08-24,11:05,NIFTY,2026-08-25,PE,24300,ATM,1,False,24253.3200,89.8000,47.7500,57.2500,0.0000,0.0000,3.2350,2.3860,57.2500,1,,,-0.2307,0.1156,-0.6135,-34.7194,189.0052,17.4638,,40.0000,44.2094,46.2260,48.1626,-0.6125,63.8641,-0.6125,-0.2220,stalled
blind,5,G,2026-08-20,12:55,NIFTY,2026-08-25,CE,24400,OTM2,5,True,24332.5300,63.8000,42.5500,48.8000,0.0000,0.0000,8.7780,7.9450,48.8000,1,,,0.2164,0.0815,0.3885,-9.2246,75.4407,32.8198,,5.0000,-2.0376,2.0695,0.7837,-11.5987,0.7837,-29.9373,-0.0123,stalled
blind,5,G,2026-08-24,11:05,NIFTY,2026-08-25,PE,24400,ITM1,1,False,24253.3200,161.7500,105.1000,118.7500,0.0000,0.0000,3.4820,2.5280,118.7500,1,,,-0.2307,0.1142,-0.8221,-14.8782,122.5024,15.8435,,130.0000,31.0046,35.6055,33.6012,-0.4019,44.5750,-0.4019,-0.2220,stalled
blind,5,G,2026-09-01,11:00,NIFTY,2026-09-01,CE,23900,ITM1,0,False,24086.6000,189.9000,131.0000,179.4500,0.0000,0.0000,0.5110,1.4830,179.4500,1,,,0.2383,0.2238,0.9377,-3.2971,100.0382,39.6489,,40.0000,28.3044,31.6757,29.0679,-4.7920,37.9937,-61.5324,0.2246,failed_base
blind,5,G,2026-08-28,11:35,NIFTY,2026-09-01,PE,23900,OTM2,4,True,24179.8100,18.9000,11.4500,14.6000,0.0000,0.0000,4.8590,2.9070,14.6000,1,,,-0.3049,0.1016,-0.1405,-6.9118,131.4410,42.4528,,30.0000,16.4021,6.0312,40.2116,-0.5291,40.2116,-56.0847,-0.1057,stalled
blind,5,G,2026-08-31,14:05,NIFTY,2026-09-01,PE,23900,OTM2,1,False,24092.6000,18.6000,14.0000,15.5500,0.0000,0.0000,4.2560,2.3550,15.5500,1,,,-0.1181,0.1570,-0.1701,-18.5997,45.0000,28.0788,,10.0000,-2.6882,8.3951,9.4086,-9.9462,9.4086,-52.1505,-0.0093,failed_base
blind,5,G,2026-08-28,14:55,NIFTY,2026-09-01,CE,24000,ITM1,4,True,24208.4100,234.5500,198.2000,220.6000,0.0000,0.0000,2.8650,0.9510,220.6000,1,,,0.1720,0.0959,0.8054,-8.3904,20.2573,14.3277,,5.0000,10.5948,14.3323,15.7109,-12.9397,15.7109,-12.9397,0.1379,failed_base
blind,5,G,2026-08-31,11:40,NIFTY,2026-09-01,CE,24000,ITM1,1,False,24058.2100,107.4500,94.7000,105.5000,0.0000,0.0000,2.0570,1.6590,105.5000,1,,,0.0470,0.1384,0.6233,-41.4044,88.2260,30.6031,,25.0000,45.8353,38.1838,65.8911,-0.2327,97.4407,-0.2327,0.2669,stalled
blind,5,G,2026-08-28,11:30,NIFTY,2026-09-01,PE,24000,OTM1,4,True,24190.9200,31.8500,20.6500,26.0000,0.0000,0.0000,3.0060,1.6150,26.0000,1,,,-0.2525,0.0969,-0.2204,-9.1140,130.5085,39.0756,,35.0000,36.5777,22.6689,49.4505,-5.9655,49.4505,-50.5495,-0.1775,stalled
blind,5,G,2026-08-31,14:05,NIFTY,2026-09-01,PE,24000,OTM1,1,False,24092.6000,39.2000,29.7000,33.1000,0.0000,0.0000,4.4100,2.5100,33.1000,1,,,-0.1181,0.1486,-0.3137,-38.8515,46.1279,48.9631,,35.0000,0.1276,8.7844,10.7143,-8.4184,10.7143,-50.2551,-0.0093,failed_base
blind,5,G,2026-09-01,13:15,NIFTY,2026-09-01,PE,24000,ATM,0,False,24054.9000,13.3500,5.5500,8.6000,0.0000,0.0000,4.5650,2.8420,8.6000,1,,,-0.3179,0.2212,-0.2590,-13.3500,189.1892,49.8442,682.6087,10.0000,11.6105,8.6241,56.5543,-39.7004,371.9101,-99.6255,-0.0611,next_wave
blind,5,G,2026-08-28,14:55,NIFTY,2026-09-01,CE,24100,ATM,4,True,24208.4100,156.4500,128.0000,145.1000,0.0000,0.0000,2.8230,1.2180,145.1000,1,,,0.1720,0.0913,0.6813,-10.8088,24.9609,17.4742,,5.0000,13.5826,12.9949,18.6322,-15.6280,18.6322,-15.6280,0.1379,failed_base
blind,5,G,2026-08-31,11:40,NIFTY,2026-09-01,CE,24100,ATM,1,False,24058.2100,54.7500,47.4000,53.4000,0.0000,0.0000,2.0220,1.5860,53.4000,1,,,0.0470,0.1363,0.4120,-43.3396,125.3165,39.0449,,25.0000,62.7397,49.5695,95.0685,-0.7306,145.3881,-0.7306,0.2669,stalled
blind,5,G,2026-09-01,11:00,NIFTY,2026-09-01,CE,24100,OTM1,0,False,24086.6000,32.0500,15.0000,28.3500,0.0000,0.0000,1.3560,2.4070,28.3500,1,,,0.2383,0.1762,0.4454,-32.0278,438.6667,68.3168,,40.0000,104.6802,101.0436,108.7363,-15.4446,152.1061,-99.8440,0.2246,failed_base
blind,5,G,2026-08-26,12:00,NIFTY,2026-09-01,PE,24100,OTM2,6,True,24360.9200,31.4000,22.5000,29.7000,0.0000,0.0000,1.1220,1.4050,29.7000,1,,,-0.1386,0.0949,-0.1892,-6.6553,75.7778,27.4336,,85.0000,7.9618,9.6447,21.4968,-2.5478,25.9554,-24.5223,-0.0524,failed_base
blind,5,G,2026-08-27,10:50,NIFTY,2026-09-01,PE,24100,OTM2,5,True,24225.9700,53.3000,38.4500,52.4000,0.0000,0.0000,1.2230,1.3010,52.4000,1,,,-0.1739,0.0909,-0.3130,-9.2977,91.4174,38.7228,,45.0000,20.9193,12.1572,20.9193,-0.4690,38.0863,-28.7054,-0.1014,failed_base
blind,5,G,2026-08-27,13:55,NIFTY,2026-09-01,PE,24100,OTM2,5,True,24211.1600,56.5500,38.0000,48.8000,0.0000,0.0000,1.9510,2.8420,48.8000,1,,,-0.1634,0.0905,-0.3308,-9.6257,62.7632,27.5667,,20.0000,-9.3722,-6.7666,9.3722,-11.7595,25.9947,-22.5464,0.0434,failed_base
blind,5,G,2026-08-28,11:30,NIFTY,2026-09-01,PE,24100,ATM,4,True,24190.9200,57.7000,37.9000,47.4500,0.0000,0.0000,3.4360,1.6530,47.4500,1,,,-0.2525,0.0937,-0.3513,-11.3884,116.7546,42.8484,,35.0000,31.4558,21.1592,42.3744,-5.4593,42.3744,-44.7140,-0.1775,stalled
blind,5,G,2026-08-31,14:05,NIFTY,2026-09-01,PE,24100,ATM,1,False,24092.6000,77.8500,60.1000,66.9500,0.0000,0.0000,3.4370,2.2580,66.9500,1,,,-0.1181,0.1431,-0.5143,-56.4055,43.4276,47.7378,,30.0000,1.2203,7.8988,10.7258,-6.2299,10.7258,-45.1509,-0.0093,failed_base
blind,5,G,2026-09-01,13:00,NIFTY,2026-09-01,PE,24100,ITM1,0,False,24099.2000,32.4500,20.8000,30.9000,0.0000,0.0000,1.6360,1.4390,30.9000,1,,,-0.1343,0.1973,-0.5033,-29.4128,614.4231,81.3594,,75.0000,83.6672,57.7902,107.7042,-0.7704,357.9353,-26.6564,-0.1855,failed_base
blind,5,G,2026-08-26,14:20,NIFTY,2026-09-01,CE,24200,ITM1,6,True,24358.7700,209.3000,186.8000,202.7000,0.0000,0.0000,2.1020,2.6910,202.7000,1,,,0.0765,0.0905,0.7140,-8.1575,20.9850,15.4425,,40.0000,6.3067,8.1338,7.4773,-3.2967,7.9790,-8.6957,0.0818,failed_base
blind,5,G,2026-08-27,12:35,NIFTY,2026-09-01,CE,24200,ITM1,5,True,24224.6700,117.9500,104.0000,117.9000,0.0000,0.0000,0.9320,1.3080,117.9000,1,,,0.1187,0.0920,0.5389,-10.7522,34.3750,23.1485,,50.0000,10.7673,11.2088,16.5324,-1.3565,18.4824,-26.3671,0.1271,failed_base
blind,5,G,2026-08-28,14:55,NIFTY,2026-09-01,CE,24200,OTM1,4,True,24208.4100,95.0000,74.6000,86.7000,0.0000,0.0000,3.3410,1.3090,86.7000,1,,,0.1720,0.0896,0.5162,-12.0532,31.0992,21.3701,,5.0000,15.4211,14.8994,22.6842,-19.0526,22.6842,-19.0526,0.1379,failed_base
blind,5,G,2026-08-31,11:40,NIFTY,2026-09-01,CE,24200,OTM1,1,False,24058.2100,25.5500,21.7500,24.4500,0.0000,0.0000,1.9740,1.5640,24.4500,1,,,0.0470,0.1408,0.2308,-24.9374,165.5172,47.5325,,25.0000,73.9726,54.5491,126.0274,-2.9354,195.4990,-2.9354,0.2669,stalled
blind,5,G,2026-09-01,11:00,NIFTY,2026-09-01,CE,24200,OTM2,0,False,24086.6000,7.9000,4.9000,7.5500,0.0000,0.0000,1.6600,2.6860,7.5500,1,,,0.2383,0.1952,0.1447,-7.9000,106.1224,36.6337,,0.0000,153.1646,122.9522,158.8608,-18.9873,243.0380,-99.3671,0.2246,failed_base
blind,5,G,2026-08-26,12:10,NIFTY,2026-09-01,PE,24200,OTM1,6,True,24340.3100,60.6500,38.0000,52.8500,0.0000,0.0000,1.4460,2.5130,52.8500,1,,,-0.2239,0.0938,-0.3148,-8.8405,73.5526,25.8529,,75.0000,-3.2152,-4.2438,3.4625,-14.8392,8.7387,-31.5746,0.0170,failed_base
blind,5,G,2026-08-27,10:50,NIFTY,2026-09-01,PE,24200,OTM1,5,True,24225.9700,90.9500,68.0000,89.2000,0.0000,0.0000,1.0750,1.0790,89.2000,1,,,-0.1739,0.0898,-0.4576,-10.4125,73.8971,34.0381,,45.0000,16.7125,9.9317,16.7125,-0.7147,30.3463,-24.9038,-0.1014,failed_base
blind,5,G,2026-08-27,13:55,NIFTY,2026-09-01,PE,24200,OTM1,5,True,24211.1600,96.0000,68.3000,83.8000,0.0000,0.0000,1.3770,3.1630,83.8000,1,,,-0.1634,0.0893,-0.4800,-10.5390,51.9034,22.7470,,20.0000,-7.3958,-5.4005,8.0729,-9.4792,23.4896,-18.9583,0.0434,failed_base
blind,5,G,2026-08-28,11:30,NIFTY,2026-09-01,PE,24200,ITM1,4,True,24190.9200,98.8000,68.0500,82.9500,0.0000,0.0000,2.5810,1.6150,82.9500,1,,,-0.2525,0.0914,-0.5130,-12.0516,95.2976,45.8239,,35.0000,26.7713,20.5644,34.5142,-4.3016,34.5142,-37.7530,-0.1775,failed_base
blind,5,G,2026-08-31,14:05,NIFTY,2026-09-01,PE,24200,ITM1,1,False,24092.6000,140.0500,113.0500,123.9000,0.0000,0.0000,3.5940,2.3300,123.9000,1,,,-0.1181,0.1433,-0.7163,-32.5439,35.0287,21.4216,,35.0000,1.2853,10.6479,8.9968,-4.8911,8.9968,-38.9504,-0.0093,failed_base
blind,5,G,2026-08-26,14:20,NIFTY,2026-09-01,CE,24300,ATM,6,True,24358.7700,142.1000,125.4500,137.8000,0.0000,0.0000,2.0530,2.0470,137.8000,1,,,0.0765,0.0883,0.5857,-9.2706,23.9139,16.0502,,40.0000,7.4947,8.6126,9.0077,-3.5890,9.3948,-10.8023,0.0818,failed_base
blind,5,G,2026-08-27,12:45,NIFTY,2026-09-01,CE,24300,ATM,5,True,24247.4300,77.7500,65.1000,73.5000,0.0000,0.0000,2.0970,2.7360,73.5000,1,,,0.1566,0.0889,0.4202,-10.2422,32.6421,25.6514,,40.0000,7.6527,8.1181,10.3537,-4.0514,11.0611,-34.8553,0.0721,failed_base
blind,5,G,2026-08-28,14:55,NIFTY,2026-09-01,CE,24300,OTM2,4,True,24208.4100,52.0000,39.8500,46.9000,0.0000,0.0000,3.5570,1.3240,46.9000,1,,,0.1720,0.0891,0.3448,-10.9586,36.0100,24.7232,,5.0000,16.2500,18.0770,26.4423,-21.5385,26.4423,-21.5385,0.1379,failed_base
blind,5,G,2026-08-31,11:40,NIFTY,2026-09-01,CE,24300,OTM2,1,False,24058.2100,11.7000,10.2500,11.4000,0.0000,0.0000,1.8010,1.4320,11.4000,1,,,0.0470,0.1493,0.1182,-11.6861,23.4146,11.4625,150.8929,10.0000,71.7949,53.2272,140.1709,-4.2735,223.5043,-16.6667,0.2669,next_wave
blind,5,G,2026-08-31,14:55,NIFTY,2026-09-01,CE,24300,OTM2,1,False,24167.8800,29.9000,13.3000,21.3500,0.0000,0.0000,3.4850,7.9620,21.3500,1,,,0.1786,0.1543,0.2536,-29.9000,184.5865,49.5376,,0.0000,-55.8528,-76.6213,3.8462,-59.3645,3.8462,-67.3913,-0.2470,failed_base
blind,5,G,2026-08-26,12:10,NIFTY,2026-09-01,PE,24300,ATM,6,True,24340.3100,97.0000,63.7500,85.9000,0.0000,0.0000,1.2560,2.4630,85.9000,1,,,-0.2239,0.0923,-0.4421,-9.7512,65.0980,23.1354,,75.0000,-3.1443,-5.5867,2.7835,-12.9897,8.5052,-27.4227,0.0170,failed_base
blind,5,G,2026-08-27,10:50,NIFTY,2026-09-01,PE,24300,ATM,5,True,24225.9700,145.2000,113.0000,142.7000,0.0000,0.0000,0.6000,0.8890,142.7000,1,,,-0.1739,0.0902,-0.6090,-10.0664,58.0088,28.3114,,45.0000,13.0854,11.5831,13.3953,-0.8264,25.6198,-20.6612,-0.1014,failed_base
blind,5,G,2026-08-27,13:55,NIFTY,2026-09-01,PE,24300,ATM,5,True,24211.1600,152.8000,115.2000,135.8000,0.0000,0.0000,1.5920,3.0690,135.8000,1,,,-0.1634,0.0899,-0.6327,-9.9430,41.7101,18.8668,,20.0000,-5.3992,-8.4475,6.8390,-7.2317,19.3717,-15.2487,0.0434,failed_base
blind,5,G,2026-09-02,12:40,NIFTY,2026-09-08,CE,23700,ITM1,6,True,23907.6500,267.8000,236.0000,263.9500,0.0000,0.0000,1.0770,2.5820,263.9500,1,,,0.1463,0.1143,0.7239,-9.8654,21.9703,9.1714,13.9032,40.0000,1.5310,2.7655,7.0015,-0.6721,16.7662,-3.6781,0.0277,next_wave
blind,5,G,2026-09-02,11:10,NIFTY,2026-09-08,PE,23700,OTM1,6,True,23875.4800,72.2500,54.6000,70.2500,0.0000,0.0000,1.2630,1.2940,70.2500,1,,,-0.0699,0.1160,-0.3096,-10.6025,37.9121,17.5299,,35.0000,-2.6990,-2.9458,4.2215,-8.0969,7.9585,-39.0311,0.0100,failed_base
blind,5,G,2026-09-04,12:25,NIFTY,2026-09-08,PE,23700,OTM2,4,True,23968.6500,21.0000,16.8000,20.2000,0.0000,0.0000,1.9480,1.8950,20.2000,1,,,-0.1393,0.1037,-0.1520,-7.4584,26.7857,15.7277,,10.0000,-10.7143,-16.9470,1.4286,-14.5238,1.4286,-36.9048,0.0306,failed_base
blind,5,G,2026-09-07,11:10,NIFTY,2026-09-08,PE,23700,OTM2,1,False,23810.4500,33.7500,21.1500,30.1500,0.0000,0.0000,2.2380,1.9410,30.1500,1,,,-0.1377,0.1422,-0.2813,-31.3920,69.5035,22.1757,,40.0000,-1.1852,11.0118,2.3704,-11.4074,10.5185,-42.8148,0.0050,failed_base
blind,5,G,2026-09-08,12:10,NIFTY,2026-09-08,PE,23700,ATM,0,False,23662.4000,63.2500,42.6500,59.2500,0.0000,0.0000,1.3100,1.5550,59.2500,1,,,-0.0743,0.2267,-0.6394,-25.6465,61.7819,26.3043,,5.0000,-24.9012,-34.1104,2.2925,-30.4348,127.9051,-40.0791,0.0940,failed_base
blind,5,G,2026-09-08,13:40,NIFTY,2026-09-08,PE,23700,ATM,0,False,23655.7500,62.6500,44.0000,59.0000,0.0000,0.0000,1.3780,1.4280,59.0000,1,,,-0.1054,0.2658,-0.6859,-18.3980,74.0909,25.7833,,20.0000,-7.6616,-10.3314,22.2666,-9.2578,130.0878,-39.5052,0.0313,failed_base
blind,5,G,2026-09-02,12:40,NIFTY,2026-09-08,CE,23800,ATM,6,True,23907.6500,198.2000,172.5000,194.7000,0.0000,0.0000,1.1930,2.6360,194.7000,1,,,0.1463,0.1120,0.6243,-11.1243,24.8986,10.6521,22.5714,40.0000,1.3875,1.0705,7.9465,-1.0091,19.0464,-5.8022,0.0277,next_wave
blind,5,G,2026-09-04,11:40,NIFTY,2026-09-08,CE,23800,ITM1,4,True,24026.3900,255.1500,225.5500,243.4500,0.0000,0.0000,1.2200,1.2830,243.4500,1,,,0.1123,0.1038,0.8044,-8.8947,14.6752,12.2173,,10.0000,-9.6610,-9.0196,1.3717,-11.1307,1.3717,-28.6694,-0.1257,failed_base
blind,5,G,2026-09-04,14:35,NIFTY,2026-09-08,CE,23800,ITM1,4,True,23995.4700,223.0000,201.8000,221.4000,0.0000,0.0000,1.8270,1.7810,221.4000,1,,,0.0782,0.0949,0.7946,-8.5263,14.8167,12.3867,,5.0000,-9.6637,-7.0594,0.8969,-10.8296,0.8969,-18.3857,-0.1119,failed_base
blind,5,G,2026-09-07,12:15,NIFTY,2026-09-08,CE,23800,ITM1,1,False,23834.4400,90.6000,77.6500,89.1000,0.0000,0.0000,1.4980,1.8310,89.1000,1,,,0.1007,0.1360,0.5769,-44.7878,18.4804,11.0870,,5.0000,-11.8653,-17.0990,1.0486,-17.2185,2.0419,-37.1965,-0.0838,failed_base
blind,5,G,2026-09-02,11:10,NIFTY,2026-09-08,PE,23800,ATM,6,True,23875.4800,106.7000,82.0000,103.7000,0.0000,0.0000,1.2940,1.1340,103.7000,1,,,-0.0699,0.1142,-0.4123,-11.6183,39.6951,18.0707,,60.0000,-2.2493,-0.4167,3.9363,-7.1228,7.3571,-36.5979,0.0100,failed_base
blind,5,G,2026-09-03,10:45,NIFTY,2026-09-08,PE,23800,OTM2,5,True,24001.2000,41.1500,30.4500,36.5500,0.0000,0.0000,1.3050,1.5720,36.5500,1,,,-0.2002,0.1009,-0.2402,-8.8519,93.2677,34.8343,,40.0000,34.8724,23.0778,39.6112,-3.6452,52.0049,-6.8044,-0.1775,stalled
blind,5,G,2026-09-04,12:25,NIFTY,2026-09-08,PE,23800,OTM1,4,True,23968.6500,38.1500,29.3500,35.6500,0.0000,0.0000,1.8610,1.8430,35.6500,1,,,-0.1064,0.0995,-0.2505,-10.1044,32.0273,13.4194,,20.0000,-8.1258,-12.2576,1.5727,-12.0577,2.2280,-33.4207,0.0306,failed_base
blind,5,G,2026-09-07,11:10,NIFTY,2026-09-08,PE,23800,OTM1,1,False,23810.4500,70.9500,50.2500,64.4500,0.0000,0.0000,1.6250,1.6710,64.4500,1,,,-0.1377,0.1409,-0.4764,-46.1332,47.7612,18.1818,,40.0000,-1.1276,8.9438,2.8894,-8.6681,9.9366,-35.0951,0.0050,failed_base
blind,5,G,2026-09-08,12:10,NIFTY,2026-09-08,PE,23800,ITM1,0,False,23662.4000,146.0000,115.6500,140.6000,0.0000,0.0000,1.1910,1.3450,140.6000,1,,,-0.0743,0.2684,-0.8654,-8.3965,31.9066,15.1754,,5.0000,-14.3493,-18.4946,1.1644,-18.3562,67.7740,-18.3562,0.0940,failed_base
blind,5,G,2026-09-08,13:40,NIFTY,2026-09-08,PE,23800,ITM1,0,False,23655.7500,149.4000,119.2000,143.4500,0.0000,0.0000,1.3380,1.5200,143.4500,1,,,-0.1054,0.3249,-0.9016,-5.1480,39.7651,15.3962,,20.0000,-4.5515,-6.2531,11.5127,-5.6560,63.9558,-18.2396,0.0313,failed_base
blind,5,G,2026-09-02,10:30,NIFTY,2026-09-08,CE,23900,OTM1,6,True,23922.8800,148.6500,121.0500,139.8000,0.0000,0.0000,1.3520,2.9840,139.8000,1,,,0.2343,0.1102,0.5288,-11.4587,27.5506,16.4508,,10.0000,-7.0972,0.3300,3.8681,-13.2190,14.2281,-19.4753,-0.0879,failed_base
blind,5,G,2026-09-02,12:40,NIFTY,2026-09-08,CE,23900,OTM1,6,True,23907.6500,138.7000,119.7000,136.5000,0.0000,0.0000,1.5050,2.8240,136.5000,1,,,0.1463,0.1093,0.5113,-11.4856,27.7360,12.4591,26.8584,40.0000,1.9106,2.0156,9.4088,-0.9733,22.4225,-8.5797,0.0277,next_wave
blind,5,G,2026-09-04,11:40,NIFTY,2026-09-08,CE,23900,ATM,4,True,24026.3900,177.9500,151.4500,166.4000,0.0000,0.0000,1.0960,1.1180,166.4000,1,,,0.1123,0.1007,0.6896,-11.4584,18.9501,15.2928,,10.0000,-12.9531,-13.0974,1.2363,-14.2456,1.2363,-36.3585,-0.1257,failed_base
blind,5,G,2026-09-07,12:15,NIFTY,2026-09-08,CE,23900,ATM,1,False,23834.4400,45.2500,38.6000,45.0500,0.0000,0.0000,1.3330,1.3480,45.0500,1,,,0.1007,0.1383,0.3622,-40.2633,19.9482,13.3909,,5.0000,-13.9227,-17.3021,0.6630,-18.8950,0.6630,-42.9834,-0.0838,failed_base
blind,5,G,2026-09-02,11:10,NIFTY,2026-09-08,PE,23900,ITM1,6,True,23875.4800,151.1000,119.8000,147.5500,0.0000,0.0000,1.3670,1.3150,147.5500,1,,,-0.0699,0.1118,-0.5246,-11.6427,35.2254,15.6173,,60.0000,-0.9927,0.2239,3.9047,-5.5923,7.2138,-32.7267,0.0100,failed_base
blind,5,G,2026-09-03,10:45,NIFTY,2026-09-08,PE,23900,OTM1,5,True,24001.2000,68.3000,49.2500,60.7000,0.0000,0.0000,1.7900,1.9090,60.7000,1,,,-0.2002,0.0980,-0.3564,-10.5099,90.8629,32.3404,,40.0000,30.3807,21.0062,34.9927,-4.0996,50.3660,-6.8814,-0.1775,stalled
blind,5,G,2026-09-04,12:20,NIFTY,2026-09-08,PE,23900,ATM,4,True,23981.7400,63.5500,50.5500,61.3500,0.0000,0.0000,2.2880,1.8770,61.3500,1,,,-0.0887,0.0976,-0.3689,-12.0374,37.8833,14.7776,,45.0000,1.0228,2.6359,7.0024,-2.0456,9.6774,-25.0983,-0.0365,failed_base
blind,5,G,2026-09-07,11:10,NIFTY,2026-09-08,PE,23900,ATM,1,False,23810.4500,130.5000,101.7000,121.5500,0.0000,0.0000,1.0820,1.1470,121.5500,1,,,-0.1377,0.1435,-0.6756,-36.4680,32.4975,13.4694,,40.0000,-0.8046,0.9730,2.5670,-6.2835,8.9272,-24.8276,0.0050,failed_base
blind,5,G,2026-09-07,13:00,NIFTY,2026-09-08,PE,23900,ATM,1,False,23800.9300,134.8000,116.6000,134.7500,0.0000,0.0000,1.0790,2.3350,134.7500,1,,,-0.0400,0.1436,-0.6991,-34.7069,21.9125,11.5371,,0.0000,-9.4585,-1.6938,1.5579,-12.7596,3.8205,-27.2255,0.0614,failed_base
blind,5,G,2026-09-02,10:30,NIFTY,2026-09-08,CE,24000,OTM2,6,True,23922.8800,99.5500,81.0000,93.3500,0.0000,0.0000,1.0420,2.6830,93.3500,1,,,0.2343,0.1081,0.4120,-10.9804,28.5802,17.8589,,10.0000,-7.2828,0.7648,4.6208,-14.0633,15.7710,-20.4420,-0.0879,failed_base
blind,5,G,2026-09-02,12:40,NIFTY,2026-09-08,CE,24000,OTM2,6,True,23907.6500,92.8500,79.2000,91.0000,0.0000,0.0000,1.2320,2.7490,91.0000,1,,,0.1463,0.1084,0.3940,-10.9583,28.3460,13.1333,30.5210,30.0000,0.9693,0.7836,9.4777,-2.2079,24.1249,-12.2240,0.0277,next_wave
blind,5,G,2026-09-04,11:40,NIFTY,2026-09-08,CE,24000,OTM1,4,True,24026.3900,113.1500,92.1500,103.1500,0.0000,0.0000,1.5850,1.3520,103.1500,1,,,0.1123,0.0973,0.5438,-12.6690,24.7965,18.8696,,10.0000,-16.0407,-26.1874,1.6350,-17.7198,1.6350,-45.7357,-0.1257,failed_base
blind,5,G,2026-09-07,14:00,NIFTY,2026-09-08,CE,24000,OTM1,1,False,23835.8300,18.8500,16.2500,18.6500,0.0000,0.0000,1.4430,3.1950,18.6500,1,,,0.1664,0.1429,0.1877,-18.8487,23.6923,14.6766,,10.0000,-1.3263,-1.8879,6.6313,-14.5889,6.6313,-41.3793,0.0208,failed_base
blind,5,G,2026-09-03,10:40,NIFTY,2026-09-08,PE,24000,ATM,5,True,24010.6600,102.8000,79.5500,97.8000,0.0000,0.0000,2.2430,1.4040,97.8000,1,,,-0.0923,0.0946,-0.4816,-10.9138,79.0698,27.9045,43.8169,45.0000,30.5934,25.9776,31.0311,0.0486,54.6693,-0.0973,-0.2103,next_wave
blind,5,G,2026-09-04,12:20,NIFTY,2026-09-08,PE,24000,ITM1,4,True,23981.7400,105.7500,85.1000,102.0000,0.0000,0.0000,1.9140,1.9750,102.0000,1,,,-0.0910,0.0947,-0.5277,-12.4080,37.4853,12.9060,,45.0000,2.3641,4.3204,7.6596,-1.1820,10.6383,-19.6217,-0.0365,failed_base
blind,5,G,2026-09-07,11:10,NIFTY,2026-09-08,PE,24000,ITM1,1,False,23810.4500,208.2500,175.6000,198.7000,0.0000,0.0000,1.0530,1.0760,198.7000,1,,,-0.1377,0.1481,-0.8254,-18.4982,21.9248,9.9253,,40.0000,-0.1200,1.5985,2.5930,-4.0336,7.8031,-16.6146,0.0050,failed_base
blind,5,G,2026-09-07,13:00,NIFTY,2026-09-08,PE,24000,ITM1,1,False,23800.9300,216.0000,192.8500,214.1000,0.0000,0.0000,0.8970,2.2470,214.1000,1,,,-0.0400,0.1526,-0.8382,-16.9239,16.4117,8.4855,,0.0000,-6.6667,-5.6064,0.9722,-9.3981,3.6574,-19.6065,0.0614,failed_base
blind,5,G,2026-09-04,11:40,NIFTY,2026-09-08,CE,24100,OTM2,4,True,24026.3900,64.1500,50.4500,57.8000,0.0000,0.0000,1.9220,1.4650,57.8000,1,,,0.1123,0.0942,0.3822,-11.7456,30.7235,22.5929,,10.0000,-19.0959,-26.2364,2.8059,-20.8885,2.8059,-53.0008,-0.1257,failed_base
blind,5,G,2026-09-03,10:40,NIFTY,2026-09-08,PE,24100,ITM1,5,True,24010.6600,156.6500,123.2500,149.3500,0.0000,0.0000,2.2920,1.1860,149.3500,1,,,-0.0923,0.0927,-0.6287,-10.0646,67.0183,23.5123,35.0270,45.0000,25.0878,25.1188,25.4389,0.5107,46.8241,0.5107,-0.2103,next_wave
blind,5,G,2026-09-11,14:05,NIFTY,2026-09-15,CE,23300,ATM,4,True,23458.3900,212.4500,114.5000,145.0000,0.0000,0.0000,3.0900,2.8220,145.0000,1,,,0.4328,0.1187,0.7075,-12.9561,98.5590,,,5.0000,-6.4486,-5.3417,1.2238,-13.4855,1.6710,-18.2396,-0.0556,session_end
blind,5,G,2026-09-09,12:05,NIFTY,2026-09-15,PE,23300,OTM2,6,True,23535.4000,45.6500,35.6500,41.2000,0.0000,0.0000,2.5230,2.3280,41.2000,1,,,-0.2089,0.1082,-0.2345,-8.4093,33.2398,19.2632,,10.0000,-27.0537,-28.8666,4.0526,-30.8872,13.6911,-32.9682,0.2689,failed_base
blind,5,G,2026-09-09,14:40,NIFTY,2026-09-15,PE,23300,OTM2,6,True,23555.6000,39.2000,30.6000,34.1000,0.0000,0.0000,3.8670,3.3170,34.1000,1,,,-0.1750,0.1070,-0.2117,-7.8824,39.7059,11.3450,36.9393,15.0000,13.2653,6.9494,32.3980,-3.3163,32.3980,-3.3163,-0.0933,next_wave
blind,5,G,2026-09-10,13:10,NIFTY,2026-09-15,PE,23300,OTM2,5,True,23473.8200,44.9000,38.3000,44.5000,0.0000,0.0000,2.3960,1.9680,44.5000,1,,,-0.1104,0.1005,-0.2636,-9.2032,28.1984,15.7841,,5.0000,-1.0022,3.9587,6.9042,-7.9065,34.7439,-7.9065,0.0028,failed_base
blind,5,G,2026-09-10,14:20,NIFTY,2026-09-15,PE,23300,OTM2,5,True,23448.0900,50.5000,41.3500,49.1000,0.0000,0.0000,1.8650,1.0410,49.1000,1,,,-0.1115,0.0994,-0.2916,-9.6462,31.8017,17.2477,,30.0000,-10.6931,-16.8160,7.9208,-10.6931,19.8020,-12.6733,0.0785,failed_base
blind,5,G,2026-09-15,13:20,NIFTY,2026-09-15,PE,23300,OTM2,0,False,23293.6500,48.5500,30.1500,46.3000,0.0000,0.0000,2.2960,2.6480,46.3000,1,,,-0.2140,0.3099,-0.5213,-40.6190,394.6932,53.6373,,95.0000,23.6869,38.8236,46.6529,-5.8702,321.5242,-5.8702,-0.0829,next_wave
blind,5,G,2026-09-09,12:45,NIFTY,2026-09-15,CE,23400,ITM1,6,True,23614.5700,264.7000,221.4500,252.1500,0.0000,0.0000,1.7660,2.4040,252.1500,1,,,0.1267,0.1076,0.7453,-8.7681,24.1590,10.8020,,5.0000,-5.5535,-4.4675,3.6645,-7.7446,3.6645,-33.0752,-0.0717,failed_base
blind,5,G,2026-09-10,12:20,NIFTY,2026-09-15,CE,23400,ITM1,5,True,23505.8600,173.4000,145.0000,172.6500,0.0000,0.0000,0.9260,1.7990,172.6500,1,,,0.0394,0.1017,0.6476,-10.6770,25.3448,13.7001,,10.0000,-5.5363,-4.4494,4.8155,-9.5444,4.8155,-34.1984,-0.0411,failed_base
blind,5,G,2026-09-11,14:05,NIFTY,2026-09-15,CE,23400,OTM1,4,True,23458.3900,142.0000,71.2500,92.4500,0.0000,0.0000,5.8410,4.1210,92.4500,1,,,0.4152,0.1121,0.5854,-14.1656,118.5263,,,5.0000,-8.8028,-8.1187,1.6197,-17.2535,1.6197,-22.8169,-0.0556,session_end
blind,5,G,2026-09-09,12:05,NIFTY,2026-09-15,PE,23400,OTM1,6,True,23535.4000,71.7500,56.0500,64.5000,0.0000,0.0000,3.0050,2.4280,64.5000,1,,,-0.2089,0.1057,-0.3340,-9.8809,32.3818,18.3288,,10.0000,-27.1777,-31.1141,3.4146,-30.9408,11.4286,-33.5192,0.2689,failed_base
blind,5,G,2026-09-09,14:40,NIFTY,2026-09-15,PE,23400,OTM1,6,True,23555.6000,61.6500,47.7000,53.8000,0.0000,0.0000,3.9040,2.8260,53.8000,1,,,-0.1750,0.1032,-0.3061,-9.3752,67.0860,,,35.0000,12.2466,7.4625,29.2782,-3.1630,29.6837,-3.1630,-0.0933,session_end
blind,5,G,2026-09-10,13:10,NIFTY,2026-09-15,PE,23400,OTM1,5,True,23473.8200,74.3500,62.8000,74.1000,0.0000,0.0000,2.4580,2.0260,74.1000,1,,,-0.1104,0.0971,-0.3893,-10.6229,28.1847,14.9068,,5.0000,-1.2777,0.8364,6.7249,-7.8682,31.2038,-7.8682,0.0028,failed_base
blind,5,G,2026-09-10,14:20,NIFTY,2026-09-15,PE,23400,OTM1,5,True,23448.0900,83.6500,68.5000,80.5000,0.0000,0.0000,1.8010,1.1290,80.5000,1,,,-0.1115,0.0965,-0.4256,-10.8574,30.0000,16.2830,,30.0000,-10.8787,-15.6074,6.4555,-10.8787,16.6169,-12.6121,0.0785,failed_base
blind,5,G,2026-09-15,13:05,NIFTY,2026-09-15,PE,23400,OTM1,0,False,23312.3000,105.6500,79.0500,104.0500,0.0000,0.0000,1.5740,1.5100,104.0500,1,,,-0.1315,0.3234,-0.7569,-17.9484,209.1714,36.3339,,110.0000,27.9697,33.3734,38.9967,-4.8746,187.3166,-4.8746,-0.1587,next_wave
blind,5,G,2026-09-09,12:45,NIFTY,2026-09-15,CE,23500,ATM,6,True,23614.5700,192.2500,156.0000,181.8000,0.0000,0.0000,1.8040,2.5610,181.8000,1,,,0.1267,0.1044,0.6423,-10.0671,28.6218,13.2320,,5.0000,-7.2302,-7.8123,4.2913,-9.8309,4.2913,-38.3875,-0.0717,failed_base
blind,5,G,2026-09-10,12:20,NIFTY,2026-09-15,CE,23500,ATM,5,True,23505.8600,111.8500,91.5000,111.7500,0.0000,0.0000,1.2080,2.2350,111.7500,1,,,0.0394,0.0980,0.5104,-11.1630,29.8907,16.4072,,10.0000,-6.3478,-6.8656,6.2584,-11.1757,6.2584,-39.4278,-0.0411,failed_base
blind,5,G,2026-09-11,14:05,NIFTY,2026-09-15,CE,23500,OTM2,4,True,23458.3900,86.5000,38.6000,52.8000,0.0000,0.0000,8.0790,4.2000,52.8000,1,,,0.4152,0.1074,0.4397,-13.7694,152.2021,,,5.0000,-11.3873,-9.0697,1.9075,-21.8497,1.9075,-30.0578,-0.0556,session_end
blind,5,G,2026-09-09,12:05,NIFTY,2026-09-15,PE,23500,ATM,6,True,23535.4000,109.3000,85.8500,98.4500,0.0000,0.0000,2.3480,2.3120,98.4500,1,,,-0.2089,0.1038,-0.4523,-10.6376,31.2172,16.4225,,10.0000,-25.7548,-29.7393,3.0650,-29.1400,11.2077,-32.1592,0.2689,failed_base
blind,5,G,2026-09-09,14:40,NIFTY,2026-09-15,PE,23500,ATM,6,True,23555.6000,95.5000,74.1500,84.0000,0.0000,0.0000,4.5400,3.9300,84.0000,1,,,-0.1750,0.1006,-0.4245,-10.2954,61.2947,,,35.0000,10.8377,7.5120,25.2356,-3.0890,27.2775,-3.0890,-0.0933,session_end
blind,5,G,2026-09-10,13:10,NIFTY,2026-09-15,PE,23500,ATM,5,True,23473.8200,118.7000,100.3000,118.2000,0.0000,0.0000,1.9230,1.5640,118.2000,1,,,-0.1104,0.0950,-0.5368,-10.7932,27.3679,13.2681,,5.0000,-1.1794,-0.5926,5.8130,-6.8660,28.3909,-6.8660,0.0028,failed_base
blind,5,G,2026-09-10,14:20,NIFTY,2026-09-15,PE,23500,ATM,5,True,23448.0900,132.3000,110.5500,127.7500,0.0000,0.0000,1.1210,0.7570,127.7500,1,,,-0.1115,0.0948,-0.5759,-10.6431,26.4134,14.4902,,30.0000,-9.6750,-12.9533,5.6311,-9.6750,15.1927,-11.3379,0.0785,failed_base
blind,5,G,2026-09-15,13:05,NIFTY,2026-09-15,PE,23500,ATM,0,False,23312.3000,193.9500,155.0000,190.4000,0.0000,0.0000,1.2210,1.3080,190.4000,1,,,-0.1315,0.3665,-0.9056,-6.2484,120.6452,26.3889,,110.0000,17.6334,15.7667,23.6659,-3.1967,108.7909,-3.1967,-0.1587,next_wave
blind,5,G,2026-09-09,12:45,NIFTY,2026-09-15,CE,23600,OTM1,6,True,23614.5700,131.5500,102.7500,123.7000,0.0000,0.0000,3.2770,4.0920,123.7000,1,,,0.1267,0.1020,0.5207,-10.5696,35.2798,14.2806,,5.0000,-9.0460,-9.3586,5.3212,-12.1627,5.3212,-42.9875,-0.0717,failed_base
blind,5,G,2026-09-09,12:05,NIFTY,2026-09-15,PE,23600,ITM1,6,True,23535.4000,159.2500,127.0500,145.3000,0.0000,0.0000,2.0150,2.2520,145.3000,1,,,-0.2089,0.1020,-0.5788,-10.2985,28.9256,14.1026,,10.0000,-23.0769,-26.3940,2.8571,-26.5306,11.2088,-29.4819,0.2689,failed_base
blind,5,G,2026-09-09,14:40,NIFTY,2026-09-15,PE,23600,ITM1,6,True,23555.6000,142.9000,112.3000,127.0500,0.0000,0.0000,2.7920,3.0830,127.0500,1,,,-0.1750,0.0988,-0.5558,-10.1947,,,,,9.2372,6.3400,21.0637,-2.7292,23.9328,-2.7292,-0.0933,session_end
blind,5,G,2026-09-10,13:05,NIFTY,2026-09-15,PE,23600,ITM1,5,True,23474.2800,180.0000,153.2000,177.0000,0.0000,0.0000,1.7710,1.4660,177.0000,1,,,-0.0979,0.0951,-0.6800,-9.5877,24.7063,12.0126,,10.0000,2.2222,1.1918,6.1389,-6.6111,22.7222,-6.6111,-0.0305,failed_base
blind,5,G,2026-09-10,14:10,NIFTY,2026-09-15,PE,23600,ITM1,5,True,23454.7600,191.9500,168.1000,191.0500,0.0000,0.0000,1.3240,1.6540,191.0500,1,,,-0.0831,0.0939,-0.7093,-9.0528,23.5872,12.2744,,40.0000,4.6366,3.6346,5.2357,-2.5267,15.0821,-6.6945,-0.0519,failed_base
blind,5,G,2026-09-15,13:05,NIFTY,2026-09-15,PE,23600,ITM1,0,False,23312.3000,289.9500,245.8500,286.8500,0.0000,0.0000,1.7390,1.4080,286.8500,1,,,-0.1315,0.4093,-0.9641,-2.2484,80.2929,21.6356,,110.0000,12.5711,10.2468,16.5546,-2.0521,72.8746,-2.0521,-0.1587,next_wave
blind,5,G,2026-09-09,12:45,NIFTY,2026-09-15,CE,23700,OTM2,6,True,23614.5700,84.4000,63.5000,78.6500,0.0000,0.0000,3.3020,4.5200,78.6500,1,,,0.1267,0.1003,0.3925,-10.0059,43.1496,17.3267,,5.0000,-11.4336,-11.7838,6.3981,-15.1066,6.3981,-47.2749,-0.0717,failed_base
blind,5,G,2026-09-16,12:50,NIFTY,2026-09-22,CE,23200,ATM,6,True,23273.0800,200.2500,171.6000,198.6500,0.0000,0.0000,0.7390,0.8720,198.6500,1,,,0.1376,0.1345,0.5745,-13.4942,33.9744,14.7455,,25.0000,6.8914,6.3569,14.8065,-2.7965,14.8065,-15.3308,0.1088,failed_base
blind,5,G,2026-09-18,12:00,NIFTY,2026-09-22,CE,23200,ITM1,4,True,23329.8700,183.0000,162.0000,182.3000,0.0000,0.0000,2.1620,2.2300,182.3000,1,,,0.0573,0.1069,0.6894,-11.8399,19.1049,9.2511,,10.0000,0.8197,1.2721,5.4372,-4.3169,21.2842,-10.7923,0.0198,failed_base
blind,5,G,2026-09-18,14:35,NIFTY,2026-09-22,CE,23200,ITM1,4,True,23376.6300,212.8000,175.7000,198.0000,0.0000,0.0000,2.2350,1.7780,198.0000,1,,,0.1543,0.1034,0.7584,-10.0770,24.3882,11.5992,,5.0000,-4.2528,-0.0839,4.2998,-9.3045,4.2998,-13.4398,-0.0338,failed_base
blind,5,G,2026-09-16,11:35,NIFTY,2026-09-22,PE,23200,ATM,6,True,23241.1000,144.5500,120.6000,144.4500,0.0000,0.0000,0.9430,1.5220,144.4500,1,,,-0.0679,0.1366,-0.4563,-13.8163,27.3217,13.2530,,35.0000,2.0408,4.8965,6.2262,-7.5752,6.2262,-24.2477,-0.0457,failed_base
blind,5,G,2026-09-17,11:10,NIFTY,2026-09-22,PE,23200,OTM1,5,True,23228.1300,118.2000,76.1500,95.6500,0.0000,0.0000,3.0500,2.0760,95.6500,1,,,-0.3378,0.1195,-0.4628,-13.3266,62.6395,30.7630,,10.0000,-17.6396,-17.7127,4.7800,-18.9086,4.7800,-49.5347,0.1670,failed_base
blind,5,G,2026-09-17,13:30,NIFTY,2026-09-22,PE,23200,OTM1,5,True,23278.4800,91.5000,59.6500,70.0000,0.0000,0.0000,5.3780,0.9200,70.0000,1,,,-0.4071,0.1161,-0.3996,-12.7084,67.6446,,,15.0000,-2.0219,0.2405,9.2896,-8.0874,9.2896,-24.4809,-0.0114,session_end
blind,5,G,2026-09-22,14:00,NIFTY,2026-09-22,PE,23200,OTM2,0,False,23296.6000,12.2500,4.7500,8.1000,0.0000,0.0000,3.7410,4.6620,8.1000,1,,,-0.1541,0.3706,-0.1951,-12.2500,261.0526,77.8426,,10.0000,-72.2449,-110.6098,40.0000,-78.3673,40.0000,-99.5918,0.3837,failed_base
blind,5,G,2026-09-16,12:50,NIFTY,2026-09-22,CE,23300,OTM1,6,True,23273.0800,143.3500,120.3500,142.2000,0.0000,0.0000,0.9220,1.1010,142.2000,1,,,0.1376,0.1303,0.4755,-13.3122,38.9281,16.6567,,25.0000,7.6735,7.5163,16.6376,-3.4182,16.6376,-18.8001,0.1088,failed_base
blind,5,G,2026-09-17,12:05,NIFTY,2026-09-22,CE,23300,ATM,5,True,23321.8200,136.1000,92.3000,123.2000,0.0000,0.0000,1.8220,2.1850,123.2000,1,,,0.1670,0.1133,0.5299,-12.7432,89.1658,37.2566,,25.0000,18.5158,18.5302,28.2880,-0.4776,28.2880,-25.7899,0.1898,failed_base
blind,5,G,2026-09-18,12:45,NIFTY,2026-09-22,CE,23300,ATM,4,True,23340.6300,120.5000,101.1500,117.0500,0.0000,0.0000,1.1330,1.6350,117.0500,1,,,0.1034,0.1002,0.5667,-12.6345,26.5447,12.0703,,25.0000,-1.9917,0.4484,6.2241,-5.1037,21.2863,-17.5104,0.0029,failed_base
blind,5,G,2026-09-18,14:35,NIFTY,2026-09-22,CE,23300,ATM,4,True,23376.6300,138.6000,111.5500,128.0000,0.0000,0.0000,2.4420,1.8430,128.0000,1,,,0.1880,0.0975,0.6270,-11.9113,29.3590,15.1421,,5.0000,-6.0606,-5.9931,5.4473,-11.6883,5.4473,-17.7489,-0.0338,failed_base
blind,5,G,2026-09-21,12:00,NIFTY,2026-09-22,CE,23300,ITM1,1,False,23416.4700,146.1500,119.0000,136.6000,0.0000,0.0000,2.2910,1.6110,136.6000,1,,,0.1331,0.1413,0.7367,-28.6524,26.7647,12.5290,,5.0000,-0.7869,1.5999,3.1475,-4.7896,27.3007,-12.9661,-0.0028,failed_base
blind,5,G,2026-09-21,13:35,NIFTY,2026-09-22,CE,23300,ITM1,1,False,23429.1900,153.0000,129.0000,147.2500,0.0000,0.0000,1.5430,1.2650,147.2500,1,,,0.0627,0.1388,0.7691,-23.7635,44.2248,,,30.0000,13.6928,9.2738,21.6013,-5.9477,21.6013,-5.9477,0.0978,session_end
blind,5,G,2026-09-16,11:35,NIFTY,2026-09-22,PE,23300,ITM1,6,True,23241.1000,190.1000,160.0000,189.2000,0.0000,0.0000,0.9490,1.6450,189.2000,1,,,-0.0679,0.1319,-0.5547,-13.2742,26.1875,12.1100,,35.0000,2.4724,6.6230,6.2073,-7.0752,6.2073,-22.4356,-0.0457,failed_base
blind,5,G,2026-09-17,11:10,NIFTY,2026-09-22,PE,23300,ATM,5,True,23228.1300,167.0000,110.6000,138.2500,0.0000,0.0000,1.5850,1.8060,138.2500,1,,,-0.3378,0.1158,-0.5854,-12.6198,57.4593,27.5050,,10.0000,-15.2395,-12.5230,4.2814,-16.4970,4.2814,-47.1557,0.1670,failed_base
blind,5,G,2026-09-17,13:30,NIFTY,2026-09-22,PE,23300,ATM,5,True,23278.4800,132.6000,88.2500,104.6500,0.0000,0.0000,4.1520,1.0840,104.6500,1,,,-0.4071,0.1110,-0.5250,-12.5530,64.4759,,,15.0000,0.0377,4.1036,9.4646,-5.8069,9.4646,-20.7391,-0.0114,session_end
blind,5,G,2026-09-18,13:50,NIFTY,2026-09-22,PE,23300,ATM,4,True,23320.0600,84.3000,71.2500,82.6000,0.0000,0.0000,2.5200,1.9920,82.6000,1,,,-0.0881,0.0958,-0.4637,-12.2961,23.5088,13.9205,,5.0000,-17.6750,-11.4009,-0.1186,-20.4033,-0.1186,-34.9348,0.1456,failed_base
blind,5,G,2026-09-22,13:55,NIFTY,2026-09-22,PE,23300,OTM1,0,False,23299.4000,42.0000,20.6000,29.7000,0.0000,0.0000,3.2750,2.5700,29.7000,1,,,-0.1750,0.3337,-0.5014,-37.4144,169.6602,71.2871,,15.0000,-63.6905,-92.5980,32.2619,-75.3571,32.2619,-99.8810,0.3408,failed_base
blind,5,G,2026-09-16,12:50,NIFTY,2026-09-22,CE,23400,OTM2,6,True,23273.0800,97.0000,80.2000,96.5500,0.0000,0.0000,0.7410,0.8540,96.5500,1,,,0.1376,0.1264,0.3724,-12.2182,43.7656,18.9939,,25.0000,8.0412,7.5532,18.8660,-3.7629,18.8660,-22.3711,0.1088,failed_base
blind,5,G,2026-09-17,12:05,NIFTY,2026-09-22,CE,23400,OTM1,5,True,23321.8200,86.0000,55.8500,76.7000,0.0000,0.0000,1.5730,1.6960,76.7000,1,,,0.1670,0.1095,0.4006,-11.9444,105.8192,42.7577,,25.0000,21.1047,23.1723,33.6628,-0.5814,33.6628,-30.0000,0.1898,failed_base
blind,5,G,2026-09-21,12:00,NIFTY,2026-09-22,CE,23400,ATM,1,False,23416.4700,78.2500,59.4500,70.7500,0.0000,0.0000,2.5320,1.7270,70.7500,1,,,0.1331,0.1332,0.5389,-44.2780,37.4264,18.7271,,5.0000,-2.1725,-0.7264,4.0895,-7.4121,37.7636,-19.2332,-0.0028,failed_base
blind,5,G,2026-09-21,13:40,NIFTY,2026-09-22,CE,23400,ATM,1,False,23424.5200,78.4000,64.4500,78.3000,0.0000,0.0000,1.1250,1.2940,78.3000,1,,,0.0428,0.1290,0.5607,-46.0338,67.2614,,,25.0000,20.7908,16.1192,37.5000,-5.3571,37.5000,-5.3571,0.1094,session_end
blind,5,G,2026-09-17,11:10,NIFTY,2026-09-22,PE,23400,ITM1,5,True,23228.1300,231.4000,157.5000,194.8000,0.0000,0.0000,1.6240,1.6580,194.8000,1,,,-0.3378,0.1152,-0.7013,-11.0106,51.1111,24.1807,,10.0000,-13.9369,-8.9161,2.8522,-14.8660,2.8522,-44.2740,0.1670,failed_base
blind,5,G,2026-09-17,13:20,NIFTY,2026-09-22,PE,23400,ITM1,5,True,23338.2300,150.4000,128.9500,149.8000,0.0000,0.0000,0.9340,0.7350,149.8000,1,,,-0.0958,0.1063,-0.5804,-11.7960,58.6274,,,25.0000,25.3989,21.6269,36.0040,-2.5598,36.0040,-2.5598,-0.2616,session_end
blind,5,G,2026-09-18,13:50,NIFTY,2026-09-22,PE,23400,ITM1,4,True,23320.0600,136.6500,117.7000,132.9500,0.0000,0.0000,2.4200,1.9390,132.9500,1,,,-0.0881,0.0927,-0.6343,-11.1578,20.3908,11.7149,,5.0000,-15.1116,-8.3992,-0.1098,-18.0388,-0.1098,-30.5891,0.1456,failed_base
blind,5,G,2026-09-22,13:00,NIFTY,2026-09-22,PE,23400,ATM,0,False,23330.9500,83.6000,60.6500,81.8500,0.0000,0.0000,0.8410,1.1220,81.8500,1,,,-0.0786,0.2536,-0.7541,-14.5506,50.3710,21.3816,81.6597,10.0000,-2.3325,-13.0123,9.0909,-10.1077,55.8014,-57.1770,0.0111,next_wave
blind,5,G,2026-09-17,12:05,NIFTY,2026-09-22,CE,23500,OTM2,5,True,23321.8200,50.1500,31.7000,46.0000,0.0000,0.0000,2.1340,2.4740,46.0000,1,,,0.1896,0.1070,0.2763,-9.9343,118.9274,47.1182,,25.0000,23.6291,25.3398,38.3848,-0.9970,38.3848,-33.3001,0.1898,failed_base
blind,5,G,2026-09-21,12:00,NIFTY,2026-09-22,CE,23500,OTM1,1,False,23416.4700,33.6500,24.3500,29.8500,0.0000,0.0000,3.5090,2.0010,29.8500,1,,,0.1331,0.1284,0.3116,-31.3782,46.6119,21.0084,,5.0000,-3.5661,2.9300,6.0921,-9.9554,48.8856,-24.6657,-0.0028,failed_base
blind,5,G,2026-09-21,14:00,NIFTY,2026-09-22,CE,23500,OTM1,1,False,23458.2700,45.7000,26.0000,33.7500,0.0000,0.0000,5.4420,1.9940,33.7500,1,,,0.1869,0.1275,0.3993,-42.8220,92.6923,,,5.0000,-10.6127,-10.2135,4.3764,-14.4420,4.3764,-28.6652,-0.0419,session_end
blind,5,G,2026-09-21,10:40,NIFTY,2026-09-22,PE,23500,ITM1,1,False,23362.4400,159.4000,129.6500,156.1000,0.0000,0.0000,0.6020,0.7270,156.1000,1,,,-0.1383,0.1310,-0.7814,-21.0665,23.1778,13.3062,,0.0000,-15.1192,-12.7788,-0.0314,-15.6211,-0.0314,-46.3927,0.1270,failed_base
blind,5,G,2026-09-21,13:10,NIFTY,2026-09-22,PE,23500,ITM1,1,False,23396.0200,130.2000,113.2000,125.0000,0.0000,0.0000,1.6720,1.3000,125.0000,1,,,-0.0853,0.1278,-0.7354,-25.9270,16.6078,14.8485,,10.0000,-16.7435,-14.9553,1.3825,-20.1229,1.3825,-34.3702,0.1218,failed_base
blind,5,G,2026-09-22,11:55,NIFTY,2026-09-22,PE,23500,ITM1,0,False,23349.3000,157.5000,112.1500,146.2500,0.0000,0.0000,0.6430,0.9290,146.2500,1,,,-0.1140,0.2624,-0.8867,-6.8014,62.9068,14.2583,43.4727,75.0000,-5.2063,-4.2553,6.3492,-10.6984,42.6984,-33.4603,0.0343,next_wave
blind,5,G,2026-09-21,12:00,NIFTY,2026-09-22,CE,23600,OTM2,1,False,23416.4700,12.0000,8.5000,10.5000,0.0000,0.0000,2.5630,1.5520,10.5000,1,,,0.1331,0.1286,0.1400,-11.9798,55.2941,21.9697,,5.0000,-5.8333,-3.3443,7.9167,-14.1667,58.3333,-29.5833,-0.0028,failed_base
blind,5,I,2026-01-02,12:40,NIFTY,2026-01-06,CE,26300,OTM1,4,True,26316.2900,79.7000,57.5000,68.0000,1.0000,0.0000,1.2990,2.0970,78.1000,2,35.8261,12.2919,0.1686,0.0640,0.5372,-9.1973,23.9416,17.2556,,0.0000,-6.0226,-5.8013,0.9410,-11.8570,23.9649,-21.8319,-0.0276,failed_base
blind,5,I,2026-01-02,12:40,NIFTY,2026-01-06,CE,26400,OTM2,4,True,26316.2900,35.2500,23.9500,29.4500,0.0000,0.0000,1.4820,1.8190,35.0500,2,46.3466,17.6890,0.1686,0.0620,0.3157,-7.8539,33.9688,22.5097,,0.0000,-8.3688,-9.5831,1.8440,-15.0355,30.3546,-30.9220,-0.0276,failed_base
blind,5,I,2026-01-12,15:00,NIFTY,2026-01-13,CE,25700,OTM1,1,False,25826.6900,155.5500,15.1000,25.5000,11.0000,1.0000,1.0590,1.6360,124.0000,2,721.1921,40.0403,1.0752,0.1399,0.7480,-28.8591,,,,,-14.1434,-11.6239,-1.7679,-18.1935,-1.7679,-18.1935,-0.0711,session_end
blind,5,I,2026-01-13,14:30,NIFTY,2026-01-13,PE,25700,OTM1,0,False,25612.3000,90.0000,8.3000,22.1000,2.0000,0.0000,0.5760,0.9310,83.9000,2,910.8434,63.4088,-0.6439,0.2286,-0.9190,-2.3001,216.6124,68.6728,,10.0000,-95.5556,-248.0920,8.0000,-97.5556,8.0000,-99.9444,0.3926,failed_base
blind,5,I,2026-01-12,15:00,NIFTY,2026-01-13,CE,25800,OTM2,1,False,25826.6900,87.7500,7.3500,11.4500,3.0000,0.0000,2.1480,2.5470,71.9500,2,878.9116,48.5059,1.0752,0.1352,0.5588,-58.9113,,,,,-22.0513,-19.7690,-2.0513,-24.9003,-2.0513,-24.9003,-0.0711,session_end
blind,5,I,2026-01-13,14:30,NIFTY,2026-01-13,PE,25800,ATM,0,False,25612.3000,188.2000,33.2000,69.7000,3.0000,0.0000,0.6870,1.2790,174.7000,2,426.2048,37.3497,-0.6439,0.3188,-0.9839,-0.5001,78.5747,38.2195,,10.0000,-53.4538,-47.4038,3.8523,-63.7885,3.8523,-75.0797,0.3926,failed_base
blind,5,I,2026-01-14,14:30,NIFTY,2026-01-20,PE,25500,OTM2,6,True,25644.0400,69.4000,35.4500,41.7000,0.0000,0.0000,1.9990,1.8560,67.4000,2,90.1269,18.8427,-0.5517,0.0982,-0.3252,-9.9787,36.0146,22.9839,,5.0000,-25.1441,-25.2364,6.1239,-34.5101,6.1239,-34.5101,0.2092,failed_base
blind,5,I,2026-01-20,13:40,NIFTY,2026-01-20,PE,25500,OTM1,0,False,25387.7500,116.1500,40.3000,76.7500,0.0000,0.0000,1.6840,1.1190,95.6500,2,137.3449,33.1939,-0.2983,0.2341,-0.9034,-3.8984,124.1002,32.2975,,40.0000,16.9608,24.3779,22.9445,-1.3345,137.5377,-16.5303,-0.0831,next_wave
blind,5,I,2026-01-16,13:30,NIFTY,2026-01-20,PE,25600,OTM1,4,True,25729.8400,54.1500,26.2000,34.8500,4.0000,0.0000,3.3170,2.0580,49.3500,2,88.3588,27.7609,-0.5337,0.0986,-0.3117,-12.2054,101.9635,,,5.0000,13.2964,8.5791,20.5910,-10.7110,23.3610,-13.2041,-0.0729,session_end
blind,5,I,2026-01-20,13:40,NIFTY,2026-01-20,PE,25600,ATM,0,False,25387.7500,213.7500,112.7000,159.5500,0.0000,0.0000,2.0010,1.3200,190.0000,2,68.5892,18.0789,-0.2518,0.3133,-0.9667,-1.4984,56.4407,20.1643,,40.0000,10.0117,9.0681,13.5673,-0.8187,75.7661,-9.0526,-0.0831,next_wave
blind,5,I,2026-01-20,13:40,NIFTY,2026-01-20,PE,25700,ITM1,0,False,25387.7500,313.2000,204.4000,255.8000,0.0000,0.0000,1.5960,0.8300,287.9000,2,40.8513,11.8270,-0.2518,0.4018,-0.9821,-0.9484,35.1192,14.3878,,30.0000,6.7050,4.8951,9.5147,-0.5268,52.1232,-6.2420,-0.0831,next_wave
blind,5,I,2026-02-06,14:50,NIFTY,2026-02-10,CE,25600,ATM,4,True,25642.9100,128.6000,79.4500,92.8500,2.0000,0.0000,1.0750,1.6620,127.7500,2,60.7930,18.3953,0.3370,0.0986,0.5659,-13.8356,,,,,8.7092,9.6748,17.6905,0.1944,17.6905,0.1944,0.0963,session_end
blind,5,I,2026-02-04,14:20,NIFTY,2026-02-10,CE,25700,ATM,6,True,25835.6000,236.3500,174.0500,202.6500,0.0000,0.0000,1.8010,1.4740,220.8500,2,26.8888,10.8445,0.3268,0.1207,0.6348,-12.9068,24.7842,12.7391,,10.0000,-5.9657,-4.3751,3.9560,-9.2871,3.9560,-16.0990,-0.0831,failed_base
blind,5,I,2026-02-06,14:50,NIFTY,2026-02-10,CE,25700,OTM1,4,True,25642.9100,79.7000,47.1500,55.8500,2.0000,0.0000,2.3980,2.3810,79.5000,2,68.6108,21.2579,0.3370,0.0984,0.4165,-13.6850,,,,,7.4028,8.2375,18.8206,0.1882,18.8206,0.1882,0.0963,session_end
blind,5,I,2026-02-04,14:20,NIFTY,2026-02-10,CE,25800,OTM1,6,True,25835.6000,175.6500,124.0000,146.9500,0.0000,0.0000,3.7360,2.4670,162.3500,2,30.9274,12.3807,0.3268,0.1187,0.5384,-13.4947,29.5255,14.5183,,5.0000,-6.6040,-3.5969,4.8961,-10.3330,4.8961,-17.3641,-0.0831,failed_base
blind,5,I,2026-02-06,15:00,NIFTY,2026-02-10,CE,25800,OTM2,4,True,25671.5800,54.0000,28.0000,33.2500,3.0000,0.0000,2.0690,1.0840,47.6500,2,70.1786,22.8751,0.4492,0.0985,0.3162,-12.3433,,,,,1.0185,0.5439,4.2593,-8.6111,4.2593,-8.6111,0.0051,session_end
blind,5,I,2026-02-04,14:20,NIFTY,2026-02-10,CE,25900,OTM2,6,True,25835.6000,125.9000,85.3000,102.6000,0.0000,0.0000,3.1510,1.7920,114.7000,2,34.4666,13.7751,0.3268,0.1175,0.4372,-13.2558,34.8837,16.7916,,5.0000,-7.6251,-7.1795,5.4805,-11.3185,5.4805,-18.4670,-0.0831,failed_base
blind,5,I,2026-03-17,14:55,NIFTY,2026-03-17,CE,23300,ITM1,0,False,23620.6500,321.6500,102.0500,163.5500,8.0000,1.0000,0.6850,0.6420,292.0000,2,186.1342,32.0719,1.0198,0.7990,0.9821,-0.9980,,,,,-12.6224,16.5162,8.2232,-13.8660,8.2232,-13.8660,-0.1677,session_end
blind,5,I,2026-04-13,14:00,NIFTY,2026-04-13,CE,23500,ITM1,0,False,23892.8000,394.2500,222.3000,267.7000,6.0000,0.0000,1.1250,2.1580,346.4500,2,55.8480,21.3018,0.7189,0.6200,0.9797,-1.4490,48.9089,18.5099,,5.0000,-5.9987,-1.6772,2.1560,-16.0812,2.1560,-17.5650,-0.0981,failed_base
blind,5,I,2026-04-13,14:00,NIFTY,2026-04-13,CE,23600,ATM,0,False,23892.8000,294.3000,140.3500,176.4000,7.0000,0.0000,0.9140,1.2240,248.9000,2,77.3424,28.1840,0.7189,0.4857,0.9740,-1.4989,71.7483,25.3420,,5.0000,-8.3078,5.8253,2.7863,-20.9990,2.7863,-23.3945,-0.0981,failed_base
blind,5,I,2026-04-13,14:00,NIFTY,2026-04-13,CE,23700,OTM1,0,False,23892.8000,195.8000,74.2000,98.4500,6.0000,0.0000,0.9590,1.4860,156.0000,2,110.2426,38.4295,0.7189,0.3927,0.9429,-2.9989,116.5539,34.2308,,5.0000,-12.6149,-7.4928,3.5240,-30.1328,3.5240,-35.9551,-0.0981,failed_base
blind,5,I,2026-04-09,14:35,NIFTY,2026-04-13,PE,23700,OTM2,4,True,23709.6300,198.5500,110.1500,134.3500,1.0000,0.0000,3.6720,2.4850,184.8000,2,67.7712,17.4784,-0.7996,0.2046,-0.4878,-26.9264,36.9180,18.2950,,5.0000,-20.8512,-12.2812,-0.0252,-28.3304,-0.0252,-30.3702,0.3229,failed_base
blind,5,I,2026-04-09,14:35,NIFTY,2026-04-13,PE,23800,OTM1,4,True,23709.6300,248.3000,143.3000,171.8500,1.0000,0.0000,1.3490,1.1430,231.6500,2,61.6539,16.2746,-0.7996,0.2007,-0.5669,-25.9786,33.7200,16.9269,,5.0000,-19.4120,-17.6930,-0.1208,-26.5606,-0.1208,-28.2924,0.3229,failed_base
blind,5,I,2026-04-17,14:45,NIFTY,2026-04-21,CE,24100,ITM1,4,True,24345.6500,319.7500,260.0000,285.7500,4.0000,0.0000,1.9120,2.0310,303.6000,2,16.7692,7.3123,0.3162,0.1670,0.7207,-18.5213,,,,,2.0328,5.1161,3.5184,-4.3159,7.2713,-4.3159,0.0518,session_end
blind,5,I,2026-04-17,14:50,NIFTY,2026-04-21,CE,24300,OTM1,4,True,24349.2600,187.1500,142.3500,160.2500,5.0000,0.0000,2.3190,2.1520,173.8500,2,22.1286,9.4909,0.3310,0.1584,0.5513,-21.2427,25.1033,11.5570,,5.0000,0.1870,0.7446,3.6067,-6.9730,6.8662,-6.9730,0.0260,session_end
blind,5,I,2026-04-17,14:50,NIFTY,2026-04-21,CE,24400,OTM2,4,True,24349.2600,134.9000,98.3000,112.1500,5.0000,0.0000,3.6440,2.8550,123.4500,2,25.5849,11.0571,0.3310,0.1557,0.4523,-20.9220,29.9636,13.7351,,5.0000,-0.2965,-0.7664,3.8176,-8.7472,6.5975,-8.7472,0.0260,session_end
blind,5,I,2026-04-27,14:00,NIFTY,2026-04-28,CE,24200,OTM2,1,False,24120.1200,61.3500,33.7000,48.5000,6.0000,0.0000,0.8990,1.0970,61.1500,2,81.4540,23.3034,0.3990,0.1847,0.3719,-59.0518,47.7612,30.2309,,20.0000,-4.8085,-0.4953,12.9584,-8.4760,12.9584,-21.1899,-0.0344,failed_base
blind,5,I,2026-04-30,12:55,NIFTY,2026-05-05,CE,24000,OTM1,5,True,23941.6600,155.0000,109.6000,125.5000,3.0000,0.0000,1.3210,2.3130,149.7000,2,36.5876,11.7568,0.4973,0.1616,0.4527,-18.6601,67.1461,17.9121,32.2759,70.0000,9.7419,13.3199,12.8387,-7.4839,54.6774,-7.4839,0.1546,next_wave
blind,5,I,2026-04-30,13:00,NIFTY,2026-05-05,CE,24100,OTM2,5,True,23946.6200,116.3000,80.2500,92.0000,4.0000,0.0000,1.6870,1.4070,110.0500,2,37.1340,12.2217,0.5181,0.1614,0.3723,-17.7217,73.1366,19.1330,35.8595,55.0000,8.3405,12.1391,16.2081,-9.5013,57.9966,-9.5013,0.1458,next_wave
blind,5,I,2026-05-12,14:00,NIFTY,2026-05-12,PE,23700,ATM,0,False,23500.8000,200.7500,66.8000,109.8000,3.0000,0.0000,0.7070,0.7340,190.6000,2,185.3293,26.2592,-0.5728,0.3571,-0.9644,-1.5465,,,,,12.9016,11.6611,21.5442,1.2204,68.8169,1.2204,-0.1117,session_end
blind,5,I,2026-05-12,14:00,NIFTY,2026-05-12,PE,23800,ITM1,0,False,23500.8000,300.0500,183.8500,217.7500,3.0000,0.0000,0.8710,0.9050,286.6000,2,55.8880,18.0565,-0.4381,0.4550,-0.9831,-0.8465,,,,,8.6819,6.7308,14.5476,0.7832,46.2923,0.7832,-0.1117,session_end
blind,5,I,2026-05-22,14:35,NIFTY,2026-05-26,PE,23800,ITM1,4,True,23741.4400,173.5500,125.3500,146.8000,1.0000,0.0000,2.0060,1.3760,172.4000,2,37.5349,15.6032,-0.3750,0.1428,-0.5618,-18.5627,41.9931,21.6118,,35.0000,6.1366,13.7128,19.0435,-1.7574,19.0435,-14.4339,-0.0830,failed_base
blind,5,I,2026-06-01,13:20,NIFTY,2026-06-02,PE,23400,OTM2,1,False,23494.5000,57.3000,22.8000,38.8000,1.0000,0.0000,1.2990,2.9130,56.4500,2,147.5877,32.7724,-0.4626,0.1904,-0.3473,-54.4019,76.0211,29.6407,,0.0000,-3.1414,-9.2918,6.4572,-17.9756,64.4852,-17.9756,0.0162,failed_base
blind,5,I,2026-06-01,13:15,NIFTY,2026-06-02,PE,23500,OTM1,1,False,23485.0300,107.6000,42.2500,70.5500,1.0000,0.0000,1.9790,1.5830,96.9000,2,129.3491,28.4830,-0.5028,0.1948,-0.5216,-70.2426,64.3579,25.2414,,5.0000,-12.5929,-23.0699,0.5112,-20.8643,44.6561,-20.8643,0.0958,failed_base
blind,5,I,2026-06-01,13:15,NIFTY,2026-06-02,PE,23600,ATM,1,False,23485.0300,169.1000,74.2000,117.7500,1.0000,0.0000,1.3920,1.1150,152.7500,2,105.8625,23.6989,-0.5028,0.1973,-0.6723,-52.1584,85.1995,,,85.0000,-10.0532,-22.1204,0.5322,-17.2679,37.5813,-17.2679,0.0958,session_end
blind,5,I,2026-06-01,13:15,NIFTY,2026-06-02,PE,23700,ITM1,1,False,23485.0300,245.5500,121.2500,182.0000,2.0000,0.0000,1.3480,1.0620,223.4000,2,84.2474,18.9346,-0.5028,0.2036,-0.7915,-30.5212,40.5853,17.0267,,5.0000,-8.1450,-17.7706,0.6109,-13.9686,31.5007,-13.9686,0.0958,failed_base
blind,5,I,2026-05-29,13:15,NIFTY,2026-06-02,PE,23800,OTM2,4,True,23820.2600,131.4500,61.4500,82.4000,2.0000,0.0000,3.7620,2.6830,106.1000,2,72.6607,20.1697,-0.5454,0.1406,-0.4739,-18.4149,81.5821,27.2107,94.7745,60.0000,1.7497,-3.3641,4.5264,-8.7486,65.8806,-14.8345,-0.0128,next_wave
blind,5,I,2026-06-23,13:40,NIFTY,2026-06-23,PE,23900,OTM2,0,False,23880.3500,46.5000,1.4500,2.3500,0.0000,0.0000,0.9970,2.2780,45.7000,2,3051.7241,60.7221,-1.0275,0.2598,-0.5859,-26.8151,245.4039,54.1129,,5.0000,-24.1935,-10.1334,14.3011,-38.8172,71.8280,-93.3333,0.0205,failed_base
blind,5,I,2026-07-03,15:00,NIFTY,2026-07-07,PE,24400,ITM1,4,True,24264.7000,174.6000,108.3000,122.0000,6.0000,0.0000,0.7960,0.8570,171.8000,2,58.6334,12.9802,-0.4218,0.0899,-0.7200,-9.9567,20.6020,16.5835,,5.0000,-11.7698,-6.8695,-0.4009,-14.1753,-0.4009,-14.1753,0.0688,failed_base
blind,5,I,2026-07-14,14:55,NIFTY,2026-07-14,PE,24200,ITM1,0,False,24023.2000,177.4500,117.7000,151.4500,0.0000,0.0000,0.8060,1.5410,176.7000,2,50.1274,23.4295,-0.1592,0.4394,-0.9795,-0.6496,41.1678,30.2356,,0.0000,-17.4134,-14.6551,3.9730,-29.1913,3.9730,-29.1913,0.1249,failed_base
blind,5,I,2026-07-20,12:50,NIFTY,2026-07-21,PE,24200,ATM,1,False,24132.8400,119.1500,78.0000,98.8500,3.0000,0.0000,2.4620,0.9320,109.9000,2,40.8974,18.1984,-0.3128,0.1527,-0.6276,-47.0530,46.8298,18.9015,,5.0000,-37.3898,-38.5820,2.3500,-48.0067,2.3500,-62.0227,0.3275,failed_base
blind,5,I,2026-07-24,12:30,NIFTY,2026-07-28,CE,24000,OTM2,4,True,23810.9300,55.9500,24.4000,31.3500,1.0000,0.0000,6.8410,1.9660,37.1000,2,52.0492,18.0593,0.5392,0.1273,0.2816,-13.7367,103.7829,41.1622,,10.0000,-1.8767,-1.6704,10.7239,-19.6604,10.7239,-34.8525,0.0694,stalled
blind,5,I,2026-07-31,12:50,NIFTY,2026-08-04,CE,24500,OTM1,4,True,24408.3100,52.7500,32.4000,38.6000,1.0000,0.0000,3.6720,3.6750,45.8000,2,41.3580,15.8297,0.2078,0.0883,0.3460,-10.8304,45.7847,21.4413,,45.0000,1.4218,1.2133,6.3507,-10.4265,6.5403,-42.9384,0.0116,failed_base
blind,5,I,2026-08-07,12:20,NIFTY,2026-08-11,PE,24500,OTM1,4,True,24563.9500,97.7500,70.8500,82.5000,4.0000,0.0000,1.7760,1.2800,95.1000,2,34.2272,14.6688,-0.2212,0.1222,-0.4177,-16.0608,22.7973,11.0386,,5.0000,-14.3734,-14.4308,1.0230,-15.4476,1.0230,-38.6189,0.1146,failed_base
blind,5,I,2026-08-07,12:20,NIFTY,2026-08-11,PE,24600,ATM,4,True,24563.9500,144.4500,111.8000,124.0000,4.0000,0.0000,1.1920,0.9730,140.9500,2,26.0733,13.2671,-0.2212,0.1205,-0.5426,-16.1073,20.6544,9.8305,,5.0000,-12.5303,-11.0869,1.0730,-13.2572,2.5961,-31.7065,0.1146,failed_base
blind,5,I,2026-08-07,12:20,NIFTY,2026-08-11,PE,24700,ITM1,4,True,24563.9500,205.6500,162.0000,179.5500,4.0000,0.0000,1.2710,1.0470,201.0000,2,24.0741,11.9900,-0.2212,0.1208,-0.6635,-14.6501,18.3720,8.3095,,5.0000,-10.6735,-12.6273,1.0455,-11.2327,3.2580,-25.2857,0.1146,failed_base
blind,5,I,2026-08-17,12:25,NIFTY,2026-08-18,CE,24300,ATM,1,False,24309.5500,64.3500,45.9000,51.9500,0.0000,0.0000,1.9100,3.1960,58.4500,2,27.3420,11.6339,0.1790,0.1103,0.5267,-39.1497,142.0136,,,60.0000,63.7918,39.8714,67.9876,-2.7972,94.2502,-2.7972,0.2548,session_end
blind,5,I,2026-08-25,15:00,NIFTY,2026-08-25,CE,24300,OTM1,0,False,24261.9500,10.9000,1.6000,2.6500,1.0000,0.0000,2.7310,5.4720,8.7500,2,446.8750,75.4286,0.3663,0.3490,0.2766,-10.8982,551.1628,72.1429,,0.0000,216.5138,153.3846,260.0917,-64.2202,260.0917,-64.2202,0.2990,failed_base
blind,5,I,2026-09-01,13:55,NIFTY,2026-09-01,PE,24000,ATM,0,False,23996.6000,36.2000,5.5500,8.6000,2.0000,0.0000,4.8280,2.7130,16.0500,2,189.1892,49.8442,-0.5595,0.2678,-0.5150,-30.7054,682.6087,98.6508,,20.0000,52.9006,40.1014,74.0331,-27.7624,74.0331,-99.8619,-0.1221,failed_base
blind,5,I,2026-08-31,12:00,NIFTY,2026-09-01,CE,24300,OTM2,1,False,24118.3800,19.9000,10.2500,11.4000,0.0000,0.0000,16.3930,8.4890,12.6500,2,23.4146,11.4625,0.2972,0.1478,0.1835,-19.7735,150.8929,52.4911,,5.0000,-1.5075,4.5878,23.6181,-11.8090,90.2010,-51.0050,0.0203,stalled
blind,5,I,2026-09-02,14:15,NIFTY,2026-09-08,CE,23700,ITM1,6,True,23939.1800,289.3000,236.0000,263.9500,1.0000,0.0000,1.0060,1.6610,287.8500,2,21.9703,9.1714,0.2784,0.1131,0.7563,-9.1497,13.9032,8.5292,,0.0000,-2.2641,-1.9451,8.0885,-6.1873,8.0885,-10.8365,-0.0363,failed_base
blind,5,I,2026-09-02,14:40,NIFTY,2026-09-08,CE,23800,ATM,6,True,23952.8600,224.7000,172.5000,194.7000,5.0000,0.0000,1.1930,2.6180,215.4500,2,24.8986,10.6521,0.3357,0.1102,0.6761,-10.4034,22.5714,11.9729,,0.0000,-12.4166,-11.8724,0.4005,-16.3106,0.4005,-16.9114,-0.1565,failed_base
blind,5,I,2026-09-02,14:40,NIFTY,2026-09-08,CE,23900,OTM1,6,True,23952.8600,160.2000,119.7000,136.5000,5.0000,0.0000,1.6830,3.2670,152.9000,2,27.7360,12.4591,0.3357,0.1078,0.5655,-11.2577,26.8584,14.2226,,0.0000,-14.8876,-14.9425,0.4994,-19.2572,0.4994,-20.8489,-0.1565,failed_base
blind,5,I,2026-09-02,14:35,NIFTY,2026-09-08,CE,24000,OTM2,6,True,23956.7100,109.4000,79.2000,91.0000,10.0000,0.0000,3.7590,1.3370,101.6500,2,28.3460,13.1333,0.3518,0.1057,0.4494,-11.1154,30.5210,16.5727,,5.0000,-22.1207,-20.8943,4.9360,-22.7605,4.9360,-25.5027,-0.2175,failed_base
blind,5,I,2026-09-03,12:30,NIFTY,2026-09-08,PE,24000,ATM,5,True,23945.8500,142.8500,79.5500,97.8000,1.0000,0.0000,0.6690,1.0550,142.4500,2,79.0698,27.9045,-0.3619,0.1005,-0.5724,-11.4442,43.8169,15.3351,,0.0000,-6.4403,-9.0490,1.4351,-10.4655,11.3056,-17.2909,0.0533,failed_base
blind,5,I,2026-09-03,12:30,NIFTY,2026-09-08,PE,24100,ITM1,5,True,23945.8500,206.8000,123.2500,149.3500,1.0000,0.0000,0.5430,1.0370,205.8500,2,67.0183,23.5123,-0.3619,0.1001,-0.7031,-9.8880,35.0270,12.4412,,0.0000,-5.1015,-5.3938,1.2573,-8.6074,11.2186,-13.9023,0.0533,failed_base
blind,5,I,2026-09-22,13:55,NIFTY,2026-09-22,PE,23400,ATM,0,False,23299.4000,111.0500,60.6500,81.8500,0.0000,0.0000,1.8860,1.6590,91.2000,2,50.3710,21.3816,-0.2137,0.3467,-0.8217,-10.4488,81.6597,57.9655,,15.0000,-51.4633,-74.6454,17.2895,-64.2503,17.2895,-67.7623,0.3408,failed_base
blind,5,I,2026-09-22,14:00,NIFTY,2026-09-22,PE,23500,ITM1,0,False,23296.6000,206.7000,112.1500,146.2500,1.0000,0.0000,0.9580,2.0020,182.7000,2,62.9068,14.2583,-0.3394,0.4251,-0.9406,-3.3000,43.4727,41.8910,,10.0000,-40.4209,-53.3812,8.7325,-49.2985,8.7325,-49.2985,0.3837,failed_base
blind,5,I3,2026-01-20,14:50,NIFTY,2026-01-20,PE,25500,OTM1,0,False,25352.5500,148.3500,40.3000,76.7500,0.0000,0.0000,0.3720,1.2290,143.2000,3,124.1002,32.2975,-0.4365,0.3527,-0.9702,-0.8992,,,,,82.4402,157.9485,85.9791,-1.5841,85.9791,-1.5841,-0.4854,session_end
blind,5,I3,2026-01-20,14:50,NIFTY,2026-01-20,PE,25600,ATM,0,False,25352.5500,247.9500,112.7000,159.5500,0.0000,0.0000,0.4720,1.3200,243.5000,3,56.4407,20.1643,-0.3901,0.4996,-0.9870,-0.4992,,,,,49.6269,72.5699,51.5225,-0.9478,51.5225,-0.9478,-0.4854,session_end
blind,5,I3,2026-01-20,14:50,NIFTY,2026-01-20,PE,25700,ITM1,0,False,25352.5500,347.7000,204.4000,255.8000,0.0000,0.0000,0.3850,1.8820,343.0000,3,35.1192,14.3878,-0.3901,0.6168,-0.9942,-0.2492,,,,,35.9362,40.9322,37.0290,-0.3164,37.0290,-0.3164,-0.4854,session_end
blind,5,I3,2026-04-30,14:45,NIFTY,2026-05-05,CE,24000,OTM1,5,True,24093.5800,234.3000,109.6000,125.5000,0.0000,0.0000,1.4250,1.4840,220.8000,3,67.1461,17.9121,1.1350,0.1633,0.5836,-18.7970,32.2759,17.5808,,5.0000,-14.4686,-14.4514,1.2164,-19.1208,1.2164,-19.1208,-0.2382,failed_base
blind,5,I3,2026-04-30,14:45,NIFTY,2026-05-05,CE,24100,OTM2,5,True,24093.5800,178.6000,80.2500,92.0000,0.0000,0.0000,2.4210,1.5660,167.2500,3,73.1366,19.1330,1.1350,0.1612,0.4977,-19.0346,35.8595,19.4014,,5.0000,-15.6495,-13.1484,1.2038,-20.2688,1.2038,-20.2688,-0.2382,failed_base
