i,dir,time,entry_time,entry,open_print,swing,avwap,dist_av,atr,bars_since_flip,break_size,day_ret,to_flip_bars,move_to_flip,move_5,mfe_5,mae_5,cut_5,move_10,mfe_10,mae_10,cut_10,move_15,mfe_15,mae_15,cut_15,move_30,mfe_30,mae_30,cut_30,move_60,mfe_60,mae_60,cut_60,move_120,mfe_120,mae_120,cut_120,move_240,mfe_240,mae_240,cut_240,move_eod,move_next,bucket_n,ctl_move_5,ctl_move_10,ctl_move_15,ctl_move_30,ctl_move_60,ctl_move_120,ctl_move_240,ctl_move_eod,month_regime,year_regime
10066,1,2021-04-22 09:40:00,2021-04-22 09:45:00,14246.9,False,14153.95,14123.39,30.56,32.92,8432,8.35,0.196,16329,1490.45,4.85,7.2,-13.2,False,10.65,13.7,-13.2,False,11.75,24.2,-13.2,False,-2.2,24.2,-23.25,False,20.9,41.15,-23.25,False,55.9,55.9,-23.25,False,115.55,124.7,-23.25,False,151.8,84.35,247,0.852,0.661,0.47,-0.728,-3.363,-6.848,-4.773,-8.086,flat,bullish
26368,1,2022-03-07 11:55:00,2022-03-07 12:00:00,15935.3,False,15882.3,15853.55,28.75,36.86,24734,8.35,0.429,27,-197.95,-10.55,8.25,-13.4,False,-18.0,8.25,-23.1,False,-44.45,8.25,-44.75,False,-31.45,8.25,-47.15,False,-19.3,8.25,-47.15,False,-118.15,8.25,-146.6,False,-54.25,8.25,-221.6,True,-54.25,79.35,247,0.07,0.896,0.714,1.862,1.356,0.135,-0.848,-0.848,bullish,flat
26375,1,2022-03-07 12:30:00,2022-03-07 12:35:00,15922.0,False,15888.15,15853.56,34.59,30.94,24741,8.35,0.342,20,-184.65,-4.55,0.45,-12.4,False,-9.3,0.45,-12.65,False,13.7,13.75,-12.65,False,3.35,18.0,-22.6,False,-82.85,18.0,-92.9,False,-128.2,18.0,-208.3,False,-40.95,18.0,-208.3,True,-40.95,92.65,247,1.375,0.802,-0.55,-0.441,0.601,-1.415,-2.823,-2.823,bullish,flat
26440,-1,2022-03-08 11:40:00,2022-03-08 11:45:00,15758.1,False,15788.0,15826.93,-38.93,30.7,44,5.05,0.061,28,-140.85,24.55,27.2,0.0,False,44.0,47.25,0.0,False,59.95,61.5,0.0,False,30.9,61.5,0.0,False,47.4,86.45,-10.75,False,-22.15,86.45,-22.15,False,-256.55,86.45,-269.8,True,-256.55,-608.8,247,-0.282,0.053,-0.123,-0.827,-2.891,-2.42,0.734,0.734,bullish,flat
26450,-1,2022-03-08 12:30:00,2022-03-08 12:35:00,15723.8,False,15768.85,15813.43,-44.58,30.56,54,5.05,-0.159,18,-175.15,21.4,35.3,-5.7,False,13.1,52.15,-5.7,False,6.45,52.15,-6.2,False,33.75,52.15,-6.2,False,-5.4,52.15,-19.95,False,-199.35,52.15,-200.7,False,-290.85,52.15,-304.1,True,-290.85,-643.1,247,-1.375,-0.802,0.55,0.441,-0.601,1.415,2.823,2.823,bullish,flat
26849,1,2022-03-15 14:30:00,2022-03-15 14:35:00,16610.95,False,16555.7,16559.53,-3.83,30.56,380,4.0,-1.715,1521,543.1,-28.05,0.55,-42.1,False,-6.15,0.55,-47.35,False,17.45,24.05,-47.35,False,46.4,97.25,-47.35,False,34.05,97.25,-47.35,True,34.05,97.25,-47.35,True,34.05,97.25,-47.35,True,34.05,355.4,247,-0.81,-1.161,-1.096,-0.046,-1.308,-1.308,-1.308,-1.308,bullish,flat
28379,-1,2022-04-18 10:45:00,2022-04-18 10:50:00,17148.95,False,17170.95,17178.18,-7.23,27.64,8,17.5,-0.2,46,-34.65,6.85,12.5,-6.0,False,6.8,14.45,-6.0,False,5.6,14.45,-6.0,False,-4.2,14.45,-18.25,False,-10.35,14.45,-26.85,False,41.65,56.25,-29.45,False,-32.8,80.45,-45.2,False,-36.85,279.8,247,-0.091,-0.754,-0.549,-1.283,-3.153,-4.41,-2.349,-2.137,flat,flat
28388,-1,2022-04-18 11:30:00,2022-04-18 11:35:00,17158.55,False,17175.8,17169.81,5.99,22.72,17,17.5,-0.145,37,-25.05,-0.2,5.7,-4.9,False,1.05,5.7,-4.9,False,-0.75,5.7,-4.9,False,11.75,21.4,-19.85,False,46.65,53.7,-19.85,False,31.4,90.05,-19.85,False,-27.25,90.05,-41.2,True,-27.25,289.4,247,-0.172,0.147,-0.126,-0.027,-1.954,-2.534,0.89,0.89,flat,flat
28394,-1,2022-04-18 12:00:00,2022-04-18 12:05:00,17146.6,False,17178.4,17167.93,10.47,20.13,23,17.5,-0.213,31,-37.0,4.65,5.2,-5.95,False,4.5,9.7,-5.95,False,-0.0,11.55,-5.95,False,34.7,41.75,-5.95,False,73.8,78.1,-5.95,False,5.45,78.1,-14.5,False,-39.2,78.1,-53.15,True,-39.2,277.45,247,-0.902,-0.719,-2.421,-2.003,-1.54,0.045,0.842,0.842,flat,flat
28432,1,2022-04-18 15:10:00,2022-04-18 15:15:00,17179.3,False,17138.1,17140.36,-2.26,20.34,6,5.2,-0.023,71,-45.5,8.4,20.45,0.0,False,7.65,20.45,0.0,False,6.5,20.45,0.0,False,6.5,20.45,0.0,True,6.5,20.45,0.0,True,6.5,20.45,0.0,True,6.5,20.45,0.0,True,6.5,-310.15,247,0.28,0.127,-0.77,-0.77,-0.77,-0.77,-0.77,-0.77,flat,flat
28445,1,2022-04-19 10:00:00,2022-04-19 10:05:00,17203.15,False,17153.1,17156.17,-3.07,24.55,19,5.2,-0.324,58,-69.35,-20.8,3.85,-21.3,False,-9.05,3.85,-21.4,False,-20.65,3.85,-21.4,False,-27.8,3.85,-36.3,False,-21.35,3.85,-40.2,False,19.5,38.8,-40.2,False,59.6,64.35,-40.2,False,-334.0,-53.55,247,-0.782,-1.154,-2.253,-3.256,-2.699,-0.193,-0.314,-1.111,flat,flat
28452,1,2022-04-19 10:35:00,2022-04-19 10:40:00,17182.45,False,17166.85,17160.11,6.74,20.89,26,5.2,-0.443,51,-48.65,10.3,11.6,-0.5,False,5.3,13.3,-3.4,False,-2.3,13.3,-7.45,False,2.25,13.3,-19.5,False,37.55,37.9,-19.5,False,43.05,72.95,-19.5,False,45.05,86.8,-19.5,False,-313.3,-32.85,247,-0.023,0.231,0.33,0.299,3.437,6.573,2.873,2.375,flat,flat
28458,1,2022-04-19 11:05:00,2022-04-19 11:10:00,17185.0,False,17162.95,17162.56,0.39,18.73,32,5.2,-0.43,45,-51.2,9.0,9.05,-1.85,False,18.05,25.75,-1.85,False,29.25,34.1,-1.85,False,35.0,35.35,-1.85,False,48.35,56.95,-1.85,False,-9.55,70.4,-10.65,False,-203.5,84.25,-255.55,False,-315.85,-35.4,247,1.2,1.192,2.564,3.108,3.79,3.981,4.089,2.046,flat,flat
28471,1,2022-04-19 12:10:00,2022-04-19 12:15:00,17238.5,False,17216.5,17173.58,42.92,15.93,45,5.2,-0.12,32,-104.7,8.65,9.8,-4.6,False,4.25,16.9,-4.6,False,-5.75,16.9,-6.4,False,-28.2,16.9,-32.05,False,-56.6,16.9,-68.2,False,6.9,30.75,-68.2,False,-369.35,30.75,-412.45,True,-369.35,-88.9,247,1.718,1.568,1.166,2.081,0.314,-1.717,-1.544,-1.544,flat,flat
28484,1,2022-04-19 13:15:00,2022-04-19 13:20:00,17208.25,False,17170.3,17180.29,-9.99,17.17,58,5.2,-0.291,19,-74.45,18.7,20.8,0.0,False,24.4,30.95,0.0,False,32.35,32.45,0.0,False,44.05,44.05,0.0,False,30.65,61.0,0.0,False,-299.15,61.0,-300.95,False,-339.1,61.0,-382.2,True,-339.1,-58.65,247,-0.457,-0.838,0.723,0.4,-3.045,-1.65,-2.701,-2.701,flat,flat
28490,1,2022-04-19 13:45:00,2022-04-19 13:50:00,17252.55,False,17224.55,17184.2,40.35,17.89,64,5.2,-0.039,13,-118.75,-1.0,0.55,-8.0,False,-12.95,0.55,-15.7,False,10.2,14.95,-15.7,False,-13.65,16.7,-19.3,False,-59.85,16.7,-59.95,False,-383.4,16.7,-426.5,True,-383.4,16.7,-426.5,True,-383.4,-102.95,247,-0.799,-1.988,-2.174,-3.315,-2.759,-2.97,-2.97,-2.97,flat,flat
28517,-1,2022-04-20 09:45:00,2022-04-20 09:50:00,17100.2,False,17131.55,17108.23,23.32,45.35,13,36.5,0.319,33,-57.25,-18.4,0.25,-27.05,False,-15.6,0.25,-27.05,False,-14.25,24.05,-27.05,False,-16.85,24.05,-36.85,False,4.05,24.05,-36.85,False,17.15,37.0,-36.85,False,-17.1,37.2,-86.3,False,-49.4,-299.9,247,-0.209,0.26,-0.469,1.795,2.797,-0.363,-2.448,0.653,flat,flat
28526,-1,2022-04-20 10:30:00,2022-04-20 10:35:00,17085.05,False,17137.05,17109.84,27.21,35.9,22,36.5,0.228,24,-72.4,-0.7,7.75,-15.15,False,-2.05,7.75,-16.85,False,-11.1,7.75,-18.2,False,-15.95,10.5,-23.25,False,4.85,10.5,-45.95,False,-34.5,22.05,-45.95,False,14.9,23.25,-101.45,False,-64.55,-315.05,247,0.163,0.254,-0.001,-0.557,-3.078,-4.989,-3.552,-2.145,flat,flat
28537,-1,2022-04-20 11:25:00,2022-04-20 11:30:00,17082.4,False,17131.0,17107.9,23.1,27.28,33,36.5,0.226,13,-75.05,2.2,3.45,-15.35,False,15.3,19.2,-15.35,False,1.55,19.2,-15.35,False,16.4,19.2,-15.35,False,-41.4,19.4,-41.55,False,-68.0,19.4,-104.1,False,-67.2,20.6,-104.1,False,-67.2,-317.7,247,-1.056,-1.185,-0.866,-0.98,-2.833,-1.986,-0.123,-0.123,flat,flat
28560,1,2022-04-20 13:20:00,2022-04-20 13:25:00,17143.45,False,17106.1,17133.04,-26.94,24.66,9,26.45,0.583,5,-62.25,6.95,21.7,-5.45,False,-22.85,21.7,-31.3,False,-14.85,21.7,-31.3,False,-62.25,21.7,-64.5,False,-48.0,21.7,-81.65,False,5.95,21.7,-81.65,False,6.15,21.7,-81.65,True,6.15,256.65,247,-0.338,1.223,2.493,-0.03,-1.908,-1.304,-2.201,-2.201,flat,flat
28571,-1,2022-04-20 14:15:00,2022-04-20 14:20:00,17074.7,False,17120.55,17110.15,10.4,27.32,5,24.9,0.173,4,-58.65,-20.75,10.3,-33.2,False,-16.3,10.3,-33.2,False,4.55,10.3,-33.5,False,-76.45,10.3,-79.9,False,-71.35,10.3,-89.75,False,-74.9,10.3,-89.75,True,-74.9,10.3,-89.75,True,-74.9,-325.4,247,-0.729,-2.188,-1.844,-0.649,-1.488,-0.437,-0.437,-0.437,flat,flat
28581,1,2022-04-20 15:05:00,2022-04-20 15:10:00,17139.7,False,17092.2,17105.04,-12.84,32.36,5,12.8,0.558,124,133.55,-12.45,3.65,-14.6,False,6.35,9.05,-16.35,False,9.7,12.6,-16.35,False,9.9,12.9,-16.35,True,9.9,12.9,-16.35,True,9.9,12.9,-16.35,True,9.9,12.9,-16.35,True,9.9,260.4,247,-1.43,-1.097,-1.251,-2.148,-2.148,-2.148,-2.148,-2.148,flat,flat
28694,1,2022-04-22 12:00:00,2022-04-22 12:05:00,17307.25,False,17275.3,17278.61,-3.31,16.98,118,12.8,0.376,11,-34.0,-12.3,7.8,-12.3,False,-17.45,7.8,-18.5,False,-11.85,7.8,-21.15,False,-12.6,7.8,-42.05,False,-34.0,7.8,-42.05,False,-107.1,7.8,-116.75,False,-135.15,7.8,-157.5,True,-135.15,-324.05,247,0.902,0.719,2.421,2.003,1.54,-0.045,-0.842,-0.842,flat,flat
28698,1,2022-04-22 12:20:00,2022-04-22 12:25:00,17297.8,False,17286.1,17279.13,6.97,15.4,122,12.8,0.323,7,-24.55,-14.15,1.85,-15.65,False,-3.15,1.85,-32.6,False,4.3,10.9,-32.6,False,-6.15,11.45,-32.6,False,-31.05,11.45,-39.95,False,-77.0,11.45,-107.3,False,-125.7,11.45,-148.05,True,-125.7,-314.6,247,-0.358,-0.224,1.13,-1.148,-0.824,-2.776,-3.068,-3.068,flat,flat
28715,-1,2022-04-22 13:45:00,2022-04-22 13:50:00,17269.55,False,17307.55,17283.88,23.67,16.76,9,2.05,0.153,164,93.3,-9.35,2.6,-12.6,False,1.15,2.6,-12.6,False,69.4,79.05,-12.6,False,47.35,79.05,-12.6,False,92.8,112.05,-12.6,False,97.45,119.8,-12.6,True,97.45,119.8,-12.6,True,97.45,286.35,247,0.799,1.988,2.174,3.315,2.759,2.97,2.97,2.97,flat,flat
28732,-1,2022-04-22 15:10:00,2022-04-22 15:15:00,17174.15,False,17200.25,17239.98,-39.73,22.28,26,2.05,-0.402,147,-2.1,7.0,11.7,-2.85,False,4.65,11.7,-2.85,False,2.05,12.95,-2.85,False,2.05,12.95,-2.85,True,2.05,12.95,-2.85,True,2.05,12.95,-2.85,True,2.05,12.95,-2.85,True,2.05,190.95,247,-0.28,-0.127,0.77,0.77,0.77,0.77,0.77,0.77,flat,flat
28898,-1,2022-04-27 10:15:00,2022-04-27 10:20:00,17056.3,False,17091.3,17100.26,-8.96,25.43,12,25.15,-0.097,52,-23.85,4.65,12.2,-0.75,False,10.85,12.2,-0.75,False,12.95,24.6,-0.75,False,0.25,24.6,-3.8,False,0.55,24.6,-11.05,False,23.55,39.55,-11.05,False,15.85,97.65,-23.1,False,18.65,-175.05,247,0.353,1.139,0.971,0.969,-0.321,-4.437,-0.83,-1.174,flat,flat
28905,-1,2022-04-27 10:50:00,2022-04-27 10:55:00,17047.9,False,17060.1,17084.79,-24.69,20.5,19,25.15,-0.147,45,-32.25,-1.05,3.7,-5.5,False,-1.0,3.7,-5.5,False,-9.5,3.7,-10.45,False,-8.65,3.7,-19.45,False,1.1,31.15,-19.45,False,59.85,65.1,-19.45,False,-32.15,89.25,-43.65,False,10.25,-183.45,247,-0.638,-0.432,0.056,-2.539,-2.701,-3.941,-2.936,-2.02,flat,flat
28912,-1,2022-04-27 11:25:00,2022-04-27 11:30:00,17047.7,False,17067.35,17077.68,-10.33,16.55,26,25.15,-0.153,38,-32.45,22.75,25.8,0.0,False,17.95,30.95,0.0,False,21.05,30.95,0.0,False,7.8,30.95,-4.85,False,14.0,30.95,-4.85,False,14.6,89.05,-4.85,False,10.05,89.05,-43.85,False,10.05,-183.65,247,-1.056,-1.185,-0.866,-0.98,-2.833,-1.986,-0.123,-0.123,flat,flat
28920,-1,2022-04-27 12:05:00,2022-04-27 12:10:00,17037.3,False,17052.55,17068.87,-16.32,15.44,34,25.15,-0.211,30,-42.85,8.2,8.7,0.0,False,4.55,12.2,0.0,False,0.3,12.2,-8.65,False,1.75,12.2,-8.65,False,58.85,78.65,-8.65,False,-16.8,78.65,-42.1,False,-0.35,78.65,-54.25,True,-0.35,-194.05,247,0.135,-1.566,-1.415,-2.501,-0.239,0.721,1.697,1.697,flat,flat
28925,-1,2022-04-27 12:30:00,2022-04-27 12:35:00,17030.3,False,17045.95,17064.79,-18.84,13.56,39,25.15,-0.254,25,-49.85,-5.25,2.7,-10.1,False,0.2,2.7,-10.6,False,29.05,32.75,-10.6,False,52.45,71.65,-10.6,False,-12.75,71.65,-23.75,False,-19.7,71.65,-49.1,False,-7.35,71.65,-61.25,True,-7.35,-201.05,247,-1.375,-0.802,0.55,0.441,-0.601,1.415,2.823,2.823,flat,flat
28943,-1,2022-04-27 14:00:00,2022-04-27 14:05:00,17042.1,False,17079.4,17051.89,27.51,19.04,57,25.15,-0.179,7,-38.05,-12.0,6.95,-15.95,False,-19.75,6.95,-20.0,False,1.65,6.95,-20.0,False,-7.9,23.1,-20.0,False,-1.85,23.1,-49.45,False,4.45,23.1,-49.45,True,4.45,23.1,-49.45,True,4.45,-189.25,247,-0.207,0.942,1.113,-0.638,-0.493,0.769,0.769,0.769,flat,flat
28946,-1,2022-04-27 14:15:00,2022-04-27 14:20:00,17040.4,False,17062.1,17051.87,10.23,19.05,60,25.15,-0.193,4,-39.75,1.7,21.4,-4.2,False,0.95,21.4,-4.95,False,-9.6,21.4,-13.1,False,-41.1,21.4,-51.15,False,7.7,21.4,-51.15,False,2.75,21.4,-51.15,True,2.75,21.4,-51.15,True,2.75,-190.95,247,-0.729,-2.188,-1.844,-0.649,-1.488,-0.437,-0.437,-0.437,flat,flat
28950,-1,2022-04-27 14:35:00,2022-04-27 14:40:00,17039.45,False,17053.5,17051.21,2.29,18.29,64,25.15,-0.2,0,-40.7,-40.7,0.6,-52.1,False,-42.05,0.6,-52.1,False,-40.6,0.6,-52.1,False,-2.75,18.2,-52.1,False,1.8,18.2,-52.1,True,1.8,18.2,-52.1,True,1.8,18.2,-52.1,True,1.8,-191.9,247,0.284,0.218,-0.485,-1.613,0.43,0.43,0.43,0.43,flat,flat
28970,1,2022-04-28 10:00:00,2022-04-28 10:05:00,17108.1,False,17088.45,17080.38,8.07,24.11,9,31.2,-0.475,134,30.65,6.35,8.9,-3.05,False,-2.6,8.9,-8.85,False,-1.2,8.9,-8.85,False,-16.95,8.9,-16.95,False,-1.45,8.9,-36.9,False,69.1,70.75,-36.9,False,175.0,184.45,-36.9,False,123.25,3.5,247,-0.782,-1.154,-2.253,-3.256,-2.699,-0.193,-0.314,-1.111,flat,flat
28980,1,2022-04-28 10:50:00,2022-04-28 10:55:00,17101.25,False,17071.2,17086.64,-15.44,19.2,19,31.2,-0.514,124,37.5,8.15,14.55,0.0,False,5.4,14.55,-2.05,False,8.55,14.55,-2.05,False,16.1,16.1,-2.5,False,62.05,69.15,-2.5,False,112.15,113.3,-2.5,False,212.15,221.25,-2.5,False,130.1,10.35,247,0.638,0.432,-0.056,2.539,2.701,3.941,2.936,2.02,flat,flat
28985,1,2022-04-28 11:15:00,2022-04-28 11:20:00,17114.9,False,17098.75,17089.51,9.24,17.02,24,31.2,-0.434,119,23.85,2.45,2.45,-3.3,False,21.65,22.2,-3.3,False,29.95,32.9,-3.3,False,48.7,49.45,-3.3,False,70.45,71.95,-3.3,False,128.6,137.1,-3.3,False,132.2,207.6,-3.3,False,116.45,-3.3,247,1.354,0.701,1.769,1.852,4.098,3.61,1.886,0.835,flat,flat
29036,1,2022-04-29 09:15:00,2022-04-29 09:20:00,17317.2,False,17217.0,17172.64,44.36,24.3,75,31.2,-0.066,68,-178.45,24.6,30.75,-1.25,False,7.7,30.75,-1.25,False,0.0,30.75,-1.25,False,-61.85,30.75,-64.1,False,-30.35,30.75,-75.3,False,16.7,30.75,-75.3,False,38.6,60.1,-75.3,False,-205.6,-252.5,247,2.385,-0.037,-0.957,-1.107,-2.874,-2.586,1.043,-1.732,flat,flat
29099,1,2022-04-29 14:30:00,2022-04-29 14:35:00,17272.8,False,17190.55,17236.63,-46.08,26.07,138,31.2,-0.321,5,-134.05,-42.6,3.5,-45.05,False,-16.65,3.5,-45.05,False,-9.35,3.5,-45.05,False,-134.05,15.7,-143.7,False,-161.2,15.7,-218.8,True,-161.2,15.7,-218.8,True,-161.2,15.7,-218.8,True,-161.2,-208.1,247,-0.81,-1.161,-1.096,-0.046,-1.308,-1.308,-1.308,-1.308,flat,flat
29274,-1,2022-05-05 10:20:00,2022-05-05 10:25:00,16912.2,False,16944.4,16987.41,-43.01,35.6,169,51.8,0.342,666,526.65,-17.6,0.45,-19.2,False,-2.9,0.45,-21.75,False,8.45,9.5,-21.75,False,0.85,29.45,-21.75,False,12.9,29.45,-21.75,False,61.25,85.95,-21.75,False,229.8,259.4,-21.75,False,243.0,473.95,247,1.062,0.894,1.056,0.794,-1.77,-4.364,-1.544,-1.252,bearish,flat
29939,-1,2022-05-18 09:30:00,2022-05-18 09:35:00,16338.75,False,16375.55,16364.54,11.01,25.15,834,51.8,0.132,1,-46.8,-18.8,12.55,-21.2,False,-46.8,12.55,-53.4,False,-55.7,12.55,-58.2,False,-7.0,12.55,-60.8,False,-9.35,36.3,-60.8,False,-24.15,36.3,-60.8,False,19.3,126.95,-60.8,False,82.3,510.3,247,3.308,2.064,0.097,-0.4,2.867,-0.212,-2.702,0.722,bearish,flat
29951,1,2022-05-18 10:30:00,2022-05-18 10:35:00,16348.85,False,16302.45,16334.25,-31.8,27.36,10,10.0,0.184,20,-50.8,15.45,23.65,-0.8,False,19.05,24.2,-0.8,False,13.75,24.2,-0.8,False,-0.5,24.2,-18.8,False,14.05,24.2,-40.35,False,-118.1,24.2,-122.3,False,-92.75,24.2,-137.05,False,-92.4,-520.4,247,-0.163,-0.254,0.001,0.557,3.078,4.989,3.552,2.145,bearish,flat
29960,1,2022-05-18 11:15:00,2022-05-18 11:20:00,16337.35,False,16308.5,16338.12,-29.62,24.45,19,10.0,0.122,11,-39.3,-8.7,4.3,-11.95,False,11.65,17.65,-11.95,False,25.55,27.6,-11.95,False,12.45,28.0,-11.95,False,-39.3,28.0,-40.05,False,-80.65,28.0,-125.55,False,-96.1,28.0,-125.55,False,-80.9,-508.9,247,1.354,0.701,1.769,1.852,4.098,3.61,1.886,0.835,bearish,flat
29982,-1,2022-05-18 13:05:00,2022-05-18 13:10:00,16238.05,False,16271.85,16294.32,-22.47,25.84,10,10.45,-0.499,149,34.6,-19.15,4.15,-20.15,False,-18.65,4.15,-29.5,False,6.7,7.2,-29.5,False,-102.8,10.65,-105.3,False,-26.4,10.65,-116.65,False,-7.3,11.2,-116.65,False,-18.4,11.2,-116.65,True,-18.4,409.6,247,-0.016,-0.932,-0.401,-2.852,0.867,-0.201,1.843,1.843,bearish,flat
29985,-1,2022-05-18 13:20:00,2022-05-18 13:25:00,16231.35,False,16267.55,16288.22,-20.67,25.01,13,10.45,-0.532,146,27.9,-26.45,3.95,-35.05,False,-88.1,3.95,-90.85,False,-109.5,3.95,-112.0,False,-71.85,3.95,-123.35,False,-28.55,3.95,-123.35,False,-13.8,4.5,-123.35,False,-25.1,4.5,-123.35,True,-25.1,402.9,247,0.338,-1.223,-2.493,0.03,1.908,1.304,2.201,2.201,bearish,flat
29994,-1,2022-05-18 14:05:00,2022-05-18 14:10:00,16265.0,False,16334.4,16294.67,39.73,29.81,22,10.45,-0.329,137,61.55,2.1,13.2,-7.9,False,10.9,27.8,-10.95,False,5.1,27.8,-19.25,False,-5.9,27.8,-19.25,False,19.65,38.15,-30.15,False,8.55,38.15,-30.15,True,8.55,38.15,-30.15,True,8.55,436.55,247,1.231,1.402,0.766,0.56,-0.985,1.058,1.058,1.058,bearish,flat
30166,1,2022-05-23 09:40:00,2022-05-23 09:45:00,16272.9,False,16207.75,16224.53,-16.78,33.34,34,16.5,-0.11,67,-68.75,30.9,32.0,-0.15,False,49.25,49.25,-0.15,False,38.6,49.45,-0.15,False,61.3,67.95,-0.15,False,58.15,67.95,-0.15,False,92.85,108.95,-0.15,False,99.4,141.45,-0.15,False,-81.25,-133.4,247,2.109,2.346,1.877,1.44,-0.915,2.227,4.638,1.484,bearish,flat
30211,1,2022-05-23 13:25:00,2022-05-23 13:30:00,16383.35,False,16338.8,16293.78,45.02,18.33,79,16.5,0.563,22,-179.2,12.35,28.15,-0.9,False,17.3,28.15,-0.9,False,-11.05,31.0,-14.75,False,-47.3,31.0,-48.6,False,-114.6,31.0,-129.5,False,-191.7,31.0,-195.9,False,-191.7,31.0,-195.9,True,-191.7,-243.85,247,1.557,2.827,1.287,-0.884,-0.116,-1.867,-1.867,-1.867,bearish,flat
30238,-1,2022-05-24 09:25:00,2022-05-24 09:30:00,16187.55,False,16261.7,16265.52,-3.82,30.4,4,3.6,-0.226,42,-59.2,-19.1,31.95,-23.2,False,7.6,31.95,-23.2,False,21.1,31.95,-23.2,False,45.0,45.0,-23.2,False,35.15,69.95,-23.2,False,21.55,69.95,-23.2,False,-1.5,69.95,-73.15,False,48.05,149.75,247,0.974,4.335,3.091,1.356,4.062,1.883,-0.114,1.749,bearish,flat
30253,-1,2022-05-24 10:40:00,2022-05-24 10:45:00,16157.8,False,16186.15,16225.79,-39.64,27.07,19,3.6,-0.417,27,-88.95,-10.9,7.85,-12.0,False,-9.2,7.85,-19.65,False,-4.75,7.85,-19.65,False,4.2,7.85,-19.65,False,-60.2,12.95,-61.5,False,-63.35,12.95,-84.7,False,51.25,76.1,-102.9,False,18.3,120.0,247,-0.256,-0.355,-1.018,-1.554,-3.144,-6.025,-2.547,-2.4,bearish,flat
30269,-1,2022-05-24 12:00:00,2022-05-24 12:05:00,16205.8,False,16242.5,16213.39,29.11,21.38,35,3.6,-0.121,11,-40.95,20.25,27.2,-0.7,False,5.95,34.7,-0.7,False,0.6,34.7,-6.0,False,-31.6,34.7,-32.25,False,-40.95,34.7,-54.9,False,49.45,59.6,-54.9,False,66.3,126.7,-54.9,True,66.3,168.0,247,-0.902,-0.719,-2.421,-2.003,-1.54,0.045,0.842,0.842,bearish,flat
30276,-1,2022-05-24 12:35:00,2022-05-24 12:40:00,16205.3,False,16238.05,16212.95,25.1,22.7,42,3.6,-0.126,4,-41.45,-15.85,8.45,-23.9,False,-15.9,8.45,-23.9,False,-27.15,8.45,-29.15,False,42.5,52.8,-55.4,False,21.55,59.1,-55.4,False,96.45,123.6,-55.4,False,65.8,126.2,-55.4,True,65.8,167.5,247,0.53,1.882,2.235,2.22,-0.539,3.657,4.155,4.155,bearish,flat
30290,-1,2022-05-24 13:45:00,2022-05-24 13:50:00,16169.95,False,16197.85,16197.11,0.74,25.22,8,34.05,-0.348,20,-35.35,3.6,7.2,-6.05,False,1.35,13.25,-6.05,False,13.6,17.95,-14.65,False,13.2,29.1,-14.65,False,76.75,88.25,-14.65,False,30.45,90.85,-14.65,True,30.45,90.85,-14.65,True,30.45,132.15,247,0.799,1.988,2.174,3.315,2.759,2.97,2.97,2.97,bearish,flat
30326,1,2022-05-25 10:30:00,2022-05-25 10:35:00,16143.1,False,16115.3,16146.83,-31.53,22.78,15,7.45,-0.328,9,-12.6,-3.3,13.75,-4.0,False,-2.4,13.75,-13.85,False,5.7,13.75,-13.85,False,-5.05,13.75,-13.85,False,-35.8,24.4,-35.8,False,-76.5,24.4,-90.15,False,-84.4,24.4,-133.75,False,-105.3,58.45,247,-0.163,-0.254,0.001,0.557,3.078,4.989,3.552,2.145,bearish,flat
30334,1,2022-05-25 11:10:00,2022-05-25 11:15:00,16164.2,False,16131.2,16145.98,-14.78,19.17,23,7.45,-0.201,1,-33.7,-16.3,3.3,-20.9,False,-33.7,3.3,-34.4,False,-34.7,3.3,-41.65,False,-66.65,3.3,-74.0,False,-88.05,3.3,-111.25,False,-94.6,3.3,-128.0,False,-136.5,3.3,-156.95,False,-126.4,37.35,247,0.033,1.405,0.753,1.63,2.448,2.746,1.605,0.887,bearish,flat
30446,1,2022-05-26 14:15:00,2022-05-26 14:20:00,16098.8,False,16063.8,16063.47,0.33,27.81,12,20.1,-0.038,298,367.65,33.25,42.45,0.0,False,36.6,48.95,0.0,False,19.85,48.95,0.0,False,53.6,66.35,-2.65,False,88.3,88.4,-2.65,False,102.75,104.6,-2.65,True,102.75,104.6,-2.65,True,102.75,257.3,247,0.729,2.188,1.844,0.649,1.488,0.437,0.437,0.437,bearish,flat
30451,1,2022-05-26 14:40:00,2022-05-26 14:45:00,16143.65,False,16096.15,16074.73,21.42,28.5,17,20.1,0.241,293,322.8,8.75,21.5,-0.5,False,31.85,34.25,-0.5,False,38.8,42.5,-0.5,False,28.6,42.5,-11.95,False,57.9,59.75,-11.95,True,57.9,59.75,-11.95,True,57.9,59.75,-11.95,True,57.9,212.45,247,0.17,0.873,0.339,0.676,-0.042,-0.042,-0.042,-0.042,bearish,flat
30457,1,2022-05-26 15:10:00,2022-05-26 15:15:00,16173.0,False,16131.7,16090.02,41.68,28.36,23,20.1,0.418,287,293.45,14.1,14.2,-0.3,False,24.2,29.35,-0.3,False,28.55,30.4,-0.3,False,28.55,30.4,-0.3,True,28.55,30.4,-0.3,True,28.55,30.4,-0.3,True,28.55,30.4,-0.3,True,28.55,183.1,247,0.28,0.127,-0.77,-0.77,-0.77,-0.77,-0.77,-0.77,bearish,flat
30497,1,2022-05-27 12:15:00,2022-05-27 12:20:00,16267.15,False,16223.95,16185.22,38.73,22.97,63,20.1,-0.182,247,199.3,15.9,20.4,0.0,False,17.25,23.3,0.0,False,28.35,33.95,0.0,False,15.15,36.05,0.0,False,73.55,81.75,0.0,False,65.5,103.3,0.0,False,88.95,103.3,0.0,True,88.95,401.05,247,-0.103,-0.505,-0.371,-0.942,-0.441,-3.56,-3.215,-3.215,bearish,flat
30742,1,2022-06-01 13:55:00,2022-06-01 14:00:00,16501.65,False,16477.9,16484.47,-6.57,19.91,308,20.1,-0.559,2,-35.2,9.95,15.35,-4.2,False,-10.6,20.0,-17.8,False,-35.2,20.0,-38.85,False,-45.4,20.0,-45.4,False,-44.15,20.0,-62.6,False,39.15,48.15,-62.6,True,39.15,48.15,-62.6,True,39.15,135.75,247,-0.21,-0.03,-1.179,0.745,-0.625,-1.006,-1.006,-1.006,bearish,flat
30761,-1,2022-06-02 09:15:00,2022-06-02 09:20:00,16460.85,False,16549.8,16510.84,38.96,26.49,16,11.45,-0.133,10,-75.15,-20.55,4.7,-32.65,False,-60.65,4.7,-63.0,False,-53.75,4.7,-67.3,False,-51.1,4.7,-67.3,False,-81.7,4.7,-88.75,False,-55.55,4.7,-124.3,False,-94.75,4.7,-137.45,False,-176.55,-122.75,247,-2.385,0.037,0.957,1.107,2.874,2.586,-1.043,1.732,bearish,flat
30765,-1,2022-06-02 09:35:00,2022-06-02 09:40:00,16494.6,False,16528.15,16509.71,18.44,28.33,20,11.45,0.084,6,-41.4,6.65,11.2,-3.25,False,-17.35,11.2,-19.95,False,-19.15,11.2,-20.3,False,-33.6,11.2,-40.0,False,-79.0,11.2,-90.55,False,-61.4,11.2,-90.55,False,-80.2,11.2,-103.7,False,-142.8,-89.0,247,-1.241,-3.208,-3.446,-2.912,-0.276,-3.645,-7.277,-2.583,bearish,flat
30770,-1,2022-06-02 10:00:00,2022-06-02 10:05:00,16510.95,False,16534.6,16509.66,24.94,25.29,25,11.45,0.181,1,-25.05,-17.25,0.45,-21.1,False,-25.05,0.45,-32.95,False,-31.6,0.45,-38.65,False,-58.65,0.45,-68.75,False,5.85,8.7,-74.2,False,-30.8,16.7,-74.2,False,-115.5,16.7,-118.55,False,-126.45,-72.65,247,0.782,1.154,2.253,3.256,2.699,0.193,0.314,1.111,bearish,flat
30791,-1,2022-06-02 11:45:00,2022-06-02 11:50:00,16539.25,False,16562.2,16532.61,29.59,22.34,9,3.9,0.352,6,-29.45,-17.2,1.2,-17.2,False,-13.1,1.2,-26.4,False,-2.5,1.2,-26.4,False,-21.55,1.2,-26.4,False,-33.7,1.2,-59.05,False,-78.25,1.2,-82.15,False,-98.15,1.2,-106.5,True,-98.15,-44.35,247,0.221,0.045,-0.016,-2.361,-1.371,-2.199,0.902,0.902,bearish,flat
30794,-1,2022-06-02 12:00:00,2022-06-02 12:05:00,16541.05,False,16565.65,16535.55,30.1,21.22,12,3.9,0.365,3,-27.65,-10.2,0.5,-11.65,False,-9.0,0.5,-15.05,False,-19.75,0.5,-19.85,False,-46.15,0.5,-50.2,False,-34.5,0.5,-57.25,False,-85.4,0.5,-88.45,False,-96.35,0.5,-104.7,True,-96.35,-42.55,247,-0.902,-0.719,-2.421,-2.003,-1.54,0.045,0.842,0.842,bearish,flat
30811,1,2022-06-02 13:25:00,2022-06-02 13:30:00,16570.15,False,16546.2,16567.62,-21.42,19.01,13,3.05,0.544,85,85.75,15.1,15.1,-13.9,False,4.65,17.9,-13.9,False,34.35,37.2,-13.9,False,40.15,51.25,-13.9,False,41.15,67.45,-13.9,False,67.25,75.6,-13.9,False,67.25,75.6,-13.9,True,67.25,13.45,247,1.557,2.827,1.287,-0.884,-0.116,-1.867,-1.867,-1.867,bearish,flat
30877,1,2022-06-03 12:40:00,2022-06-03 12:45:00,16729.75,False,16700.2,16671.56,28.64,17.08,79,3.05,-0.186,19,-73.85,-13.25,6.15,-13.8,False,-15.45,6.15,-17.4,False,-20.9,6.15,-33.0,False,-11.3,6.15,-33.0,False,-53.7,6.15,-57.9,False,-74.5,6.15,-101.0,False,-146.15,6.15,-161.25,True,-146.15,-166.1,247,-1.307,-1.66,-1.376,-1.722,-0.426,-3.434,-3.581,-3.581,bearish,flat
30883,1,2022-06-03 13:10:00,2022-06-03 13:15:00,16717.65,False,16696.75,16674.41,22.34,16.41,85,3.05,-0.258,13,-61.75,-6.75,0.95,-12.75,False,-8.05,6.3,-16.5,False,-24.95,6.3,-25.85,False,-41.6,6.3,-45.8,False,-4.8,6.3,-58.25,False,-140.5,6.3,-149.15,False,-134.05,6.3,-149.15,True,-134.05,-154.0,247,0.991,0.46,0.079,1.37,-1.957,-1.066,-1.784,-1.784,bearish,flat
30891,1,2022-06-03 13:50:00,2022-06-03 13:55:00,16691.2,False,16659.4,16675.67,-16.27,17.43,93,3.05,-0.416,5,-35.3,-1.15,9.05,-3.5,False,2.1,9.05,-8.15,False,14.75,28.8,-8.15,False,-35.3,28.8,-41.55,False,-70.05,28.8,-84.3,False,-107.6,28.8,-122.7,True,-107.6,28.8,-122.7,True,-107.6,-127.55,247,-1.167,-1.353,-1.174,-1.857,-1.234,-2.15,-2.15,-2.15,bearish,flat
30948,-1,2022-06-06 12:20:00,2022-06-06 12:25:00,16538.05,False,16565.3,16573.27,-7.97,18.66,51,3.5,0.05,15,-52.65,-10.95,3.6,-11.75,False,-16.55,3.6,-18.0,False,-15.85,3.6,-24.35,False,-44.2,3.6,-46.9,False,-35.35,3.6,-48.45,False,-36.1,3.6,-72.8,False,-25.6,3.6,-72.8,True,-25.6,133.6,247,0.358,0.224,-1.13,1.148,0.824,2.776,3.068,3.068,bearish,flat
30956,-1,2022-06-06 13:00:00,2022-06-06 13:05:00,16568.45,False,16584.95,16572.08,12.87,18.06,59,3.5,0.227,7,-22.25,0.9,6.5,-4.3,False,6.95,14.15,-8.2,False,2.15,17.3,-8.2,False,-0.4,17.3,-23.2,False,-23.8,17.3,-39.85,False,8.2,17.3,-42.4,False,4.8,17.3,-42.4,True,4.8,164.0,247,0.381,0.458,-0.458,-1.107,1.52,1.055,2.317,2.317,bearish,flat
30978,1,2022-06-06 14:50:00,2022-06-06 14:55:00,16596.1,False,16554.25,16583.75,-29.5,19.03,14,5.75,0.402,7,-185.15,-1.65,7.9,-3.35,False,-35.85,7.9,-39.35,False,-33.2,7.9,-39.35,False,-33.35,7.9,-39.35,False,-32.45,7.9,-39.35,True,-32.45,7.9,-39.35,True,-32.45,7.9,-39.35,True,-32.45,-191.65,247,-0.5,0.38,1.162,0.015,-0.882,-0.882,-0.882,-0.882,bearish,flat
31002,-1,2022-06-07 10:35:00,2022-06-07 10:40:00,16413.2,False,16444.1,16467.06,-22.96,21.11,16,143.3,-0.342,74,-52.5,-2.0,5.9,-4.15,False,4.35,5.9,-11.1,False,16.75,17.6,-11.1,False,34.9,36.55,-11.1,False,41.4,65.4,-11.1,False,8.0,65.4,-11.1,False,24.2,65.4,-12.75,False,8.75,77.8,247,0.023,-0.231,-0.33,-0.299,-3.437,-6.573,-2.873,-2.375,bearish,flat
31021,-1,2022-06-07 12:10:00,2022-06-07 12:15:00,16382.2,False,16399.5,16430.42,-30.92,15.63,35,143.3,-0.529,55,-83.5,-11.2,3.45,-11.9,False,-32.1,3.45,-34.7,False,-20.9,3.45,-34.7,False,-31.2,3.45,-34.7,False,-14.2,3.45,-34.7,False,1.35,7.35,-34.7,False,-22.25,7.35,-45.1,True,-22.25,46.8,247,-1.718,-1.568,-1.166,-2.081,-0.314,1.717,1.544,1.544,bearish,flat
31031,-1,2022-06-07 13:00:00,2022-06-07 13:05:00,16387.35,False,16416.9,16424.6,-7.7,15.73,45,143.3,-0.491,45,-78.35,0.75,6.15,-4.0,False,-9.05,6.15,-10.35,False,-17.1,6.15,-21.1,False,-23.45,6.15,-25.55,False,2.4,12.5,-27.65,False,-34.3,12.5,-38.6,False,-17.1,12.5,-39.95,True,-17.1,51.95,247,0.381,0.458,-0.458,-1.107,1.52,1.055,2.317,2.317,bearish,flat
31039,-1,2022-06-07 13:40:00,2022-06-07 13:45:00,16396.2,False,16415.0,16421.32,-6.32,15.38,53,143.3,-0.447,37,-69.5,1.35,6.5,-3.95,False,2.15,9.05,-3.95,False,18.5,21.35,-9.5,False,15.35,21.35,-9.5,False,7.25,21.35,-29.75,False,-8.25,21.35,-31.1,True,-8.25,21.35,-31.1,True,-8.25,60.8,247,-0.016,0.914,2.103,3.258,2.939,3.085,3.085,3.085,bearish,flat
31050,-1,2022-06-07 14:35:00,2022-06-07 14:40:00,16389.6,False,16425.95,16416.9,9.05,16.54,64,143.3,-0.489,26,-76.1,0.65,5.35,-5.65,False,11.2,14.1,-5.65,False,4.5,14.1,-5.65,False,-27.0,14.1,-35.3,False,-14.85,14.1,-37.7,True,-14.85,14.1,-37.7,True,-14.85,14.1,-37.7,True,-14.85,54.2,247,0.284,0.218,-0.485,-1.613,0.43,0.43,0.43,0.43,bearish,flat
31060,-1,2022-06-07 15:25:00,2022-06-08 09:15:00,16474.95,True,16427.3,16415.3,12.0,15.69,74,143.3,-0.396,16,9.25,64.2,69.1,-9.5,False,75.4,78.4,-9.5,False,89.45,89.45,-9.5,False,110.0,124.95,-9.5,False,99.8,180.7,-9.5,False,44.5,180.7,-38.5,False,73.75,180.7,-38.5,False,139.55,-6.85,0,,,,,,,,,bearish,flat
31086,1,2022-06-08 11:20:00,2022-06-08 11:25:00,16443.85,False,16424.0,16423.61,0.39,25.0,9,38.4,-0.185,25,-100.65,8.8,8.8,-12.05,False,-2.85,14.65,-12.05,False,-2.9,14.65,-12.05,False,14.9,18.05,-12.05,False,27.5,40.8,-12.05,False,-62.6,40.8,-66.15,False,-90.15,40.8,-133.65,False,-108.45,37.95,247,-0.606,0.462,0.59,0.21,2.64,1.772,0.426,-0.471,bearish,flat
31091,1,2022-06-08 11:45:00,2022-06-08 11:50:00,16450.05,False,16432.65,16428.24,4.41,22.15,14,38.4,-0.15,20,-106.85,8.7,11.85,-5.0,False,14.7,18.9,-5.0,False,22.3,24.8,-5.0,False,29.5,34.6,-5.0,False,8.9,34.6,-5.0,False,-90.4,34.6,-122.75,False,-114.65,34.6,-139.85,True,-114.65,31.75,247,-0.221,-0.045,0.016,2.361,1.371,2.199,-0.902,-0.902,bearish,flat
31147,-1,2022-06-09 10:10:00,2022-06-09 10:15:00,16306.35,False,16336.7,16371.55,-34.85,22.01,35,18.45,0.263,28,-102.1,-18.05,9.5,-19.55,False,-43.1,9.5,-50.7,False,-59.05,9.5,-61.45,False,-70.9,9.5,-71.85,False,-59.5,9.5,-87.1,False,-62.55,9.5,-87.1,False,-83.25,9.5,-113.65,False,-175.45,114.9,247,1.101,1.486,2.272,2.358,0.805,-1.602,0.132,-0.041,bearish,flat
31158,-1,2022-06-09 11:05:00,2022-06-09 11:10:00,16371.65,False,16393.45,16370.07,23.38,19.75,46,18.45,0.66,17,-36.8,5.8,13.85,-0.95,False,7.6,18.85,-0.95,False,17.5,18.85,-0.95,False,11.1,34.8,-0.95,False,5.55,34.8,-0.95,False,26.9,39.2,-48.35,False,-106.55,39.2,-107.2,False,-110.15,180.2,247,-1.2,-1.192,-2.564,-3.108,-3.79,-3.981,-4.089,-2.046,bearish,flat
31166,-1,2022-06-09 11:45:00,2022-06-09 11:50:00,16350.2,False,16361.1,16368.41,-7.31,16.64,54,18.45,0.532,9,-58.25,4.4,4.45,-4.2,False,3.75,10.9,-4.2,False,-1.3,10.9,-4.8,False,-13.1,10.9,-22.15,False,-36.1,10.9,-69.8,False,-23.2,17.75,-69.8,False,-131.6,17.75,-142.3,True,-131.6,158.75,247,0.221,0.045,-0.016,-2.361,-1.371,-2.199,0.902,0.902,bearish,flat
31184,1,2022-06-09 13:15:00,2022-06-09 13:20:00,16357.2,False,16332.45,16368.15,-35.7,17.03,8,15.0,0.57,26,-48.25,6.25,9.9,-1.05,False,11.65,18.1,-1.05,False,8.95,18.1,-1.05,False,16.2,22.9,-5.95,False,37.4,39.95,-5.95,False,123.5,128.75,-5.95,False,124.6,135.3,-5.95,True,124.6,-165.75,247,-0.457,-0.838,0.723,0.4,-3.045,-1.65,-2.701,-2.701,bearish,flat
31789,-1,2022-06-21 13:40:00,2022-06-21 13:45:00,15671.3,False,15693.2,15703.22,-10.02,17.73,578,23.5,1.395,172,-42.5,0.35,21.55,-0.6,False,-34.15,21.55,-34.15,False,-30.4,21.55,-35.95,False,-17.65,21.55,-35.95,False,25.25,33.3,-35.95,False,37.15,51.35,-35.95,True,37.15,51.35,-35.95,True,37.15,270.2,247,-0.016,0.914,2.103,3.258,2.939,3.085,3.085,3.085,bearish,flat
31793,-1,2022-06-21 14:00:00,2022-06-21 14:05:00,15687.6,False,15707.25,15703.12,4.13,18.97,582,23.5,1.501,168,-26.2,6.45,9.8,-11.3,False,-1.35,12.1,-11.3,False,8.4,12.1,-18.2,False,-12.25,12.85,-18.2,False,55.9,67.65,-18.2,False,53.45,67.65,-18.2,True,53.45,67.65,-18.2,True,53.45,286.5,247,-0.207,0.942,1.113,-0.638,-0.493,0.769,0.769,0.769,bearish,flat
31801,-1,2022-06-21 14:40:00,2022-06-21 14:45:00,15645.95,False,15703.75,15702.89,0.86,20.94,590,23.5,1.23,160,-67.85,-9.7,15.6,-11.85,False,-14.05,15.6,-19.3,False,8.55,19.15,-19.3,False,7.95,26.0,-19.3,False,11.8,26.0,-19.3,True,11.8,26.0,-19.3,True,11.8,26.0,-19.3,True,11.8,244.85,247,-0.17,-0.873,-0.339,-0.676,0.042,0.042,0.042,0.042,bearish,flat
31804,-1,2022-06-21 14:55:00,2022-06-21 15:00:00,15639.25,False,15665.25,15702.63,-37.38,22.44,593,23.5,1.174,157,-74.55,7.55,19.3,-6.15,False,-0.95,19.3,-7.9,False,1.25,19.3,-7.9,False,5.1,19.3,-13.8,False,5.1,19.3,-13.8,True,5.1,19.3,-13.8,True,5.1,19.3,-13.8,True,5.1,238.15,247,-0.834,-1.616,-0.29,0.427,0.427,0.427,0.427,0.427,bearish,flat
31809,-1,2022-06-21 15:20:00,2022-06-21 15:25:00,15629.4,False,15653.05,15702.12,-49.07,21.8,598,23.5,1.119,152,-84.4,-4.75,4.7,-6.45,False,-4.75,4.7,-6.45,True,-4.75,4.7,-6.45,True,-4.75,4.7,-6.45,True,-4.75,4.7,-6.45,True,-4.75,4.7,-6.45,True,-4.75,4.7,-6.45,True,-4.75,228.3,247,0.884,0.884,0.884,0.884,0.884,0.884,0.884,0.884,bearish,flat
31909,-1,2022-06-23 11:10:00,2022-06-23 11:15:00,15612.95,False,15627.6,15672.21,-44.61,18.12,698,23.5,1.049,52,-100.85,-3.95,0.6,-9.15,False,-1.15,0.6,-9.15,False,-7.65,3.05,-15.3,False,30.4,31.0,-15.3,False,79.15,105.6,-15.3,False,226.7,244.5,-15.3,False,51.95,244.5,-15.3,False,35.4,-86.0,247,-0.033,-1.405,-0.753,-1.63,-2.448,-2.746,-1.605,-0.887,bearish,flat
31914,-1,2022-06-23 11:35:00,2022-06-23 11:40:00,15602.65,False,15628.25,15671.82,-43.57,17.18,703,23.5,0.977,47,-111.15,20.1,20.7,-1.9,False,45.55,45.55,-1.9,False,73.75,79.3,-1.9,False,72.2,95.3,-1.9,False,136.9,145.25,-1.9,False,95.55,234.2,-1.9,False,25.1,234.2,-1.9,True,25.1,-96.3,247,0.283,0.01,0.346,-0.718,-3.171,-3.668,1.027,1.027,bearish,flat
31968,1,2022-06-24 09:50:00,2022-06-24 09:55:00,15701.55,False,15673.5,15639.18,34.32,33.05,6,10.05,0.282,23,-66.5,8.1,16.2,-2.2,False,17.1,18.55,-2.2,False,-17.1,27.1,-24.35,False,-40.1,27.1,-44.95,False,-32.35,27.1,-54.65,False,-66.5,27.1,-68.0,False,-35.45,27.1,-81.75,False,-2.6,134.55,247,-0.42,0.309,-0.484,-2.34,-2.859,-0.132,1.358,-0.813,bearish,flat
31981,1,2022-06-24 10:55:00,2022-06-24 11:00:00,15691.0,False,15646.9,15659.12,-12.22,26.45,19,10.05,0.218,10,-55.95,-12.25,1.65,-13.9,False,-14.15,1.65,-19.1,False,-9.6,1.65,-19.1,False,-23.25,4.25,-23.85,False,-62.8,4.25,-68.15,False,-31.8,4.25,-71.2,False,2.1,26.05,-71.2,False,7.95,145.1,247,-0.27,-0.759,0.471,1.183,2.175,3.522,1.699,1.318,bearish,flat
31998,-1,2022-06-24 12:20:00,2022-06-24 12:25:00,15627.85,False,15658.05,15652.43,5.62,20.23,6,11.85,-0.189,3,-40.3,-12.4,3.45,-17.1,False,-8.55,6.3,-17.1,False,-29.4,6.3,-29.9,False,-28.9,6.3,-44.05,False,-31.5,6.3,-64.7,False,-74.7,6.3,-85.65,False,-71.1,6.3,-89.2,True,-71.1,-208.25,247,0.358,0.224,-1.13,1.148,0.824,2.776,3.068,3.068,bearish,flat
32015,1,2022-06-24 13:45:00,2022-06-24 13:50:00,15679.25,False,15637.15,15662.75,-25.6,20.55,13,10.1,0.143,133,99.0,-13.15,6.5,-13.6,False,3.8,6.5,-16.75,False,2.65,10.3,-16.75,False,9.15,34.25,-16.75,False,14.3,37.8,-16.75,False,19.7,37.8,-16.75,True,19.7,37.8,-16.75,True,19.7,156.85,247,-0.799,-1.988,-2.174,-3.315,-2.759,-2.97,-2.97,-2.97,bearish,flat
32023,1,2022-06-24 14:25:00,2022-06-24 14:30:00,15715.9,False,15686.15,15672.44,13.71,20.95,21,10.1,0.378,125,62.35,-20.75,1.15,-21.8,False,-17.3,1.15,-39.4,False,-12.2,1.15,-39.4,False,-22.8,1.15,-39.4,False,-16.95,1.15,-39.8,False,-16.95,1.15,-39.8,True,-16.95,1.15,-39.8,True,-16.95,120.2,247,-0.244,-1.153,-1.505,-1.27,-1.651,-1.651,-1.651,-1.651,bearish,flat
32032,1,2022-06-24 15:10:00,2022-06-24 15:15:00,15710.3,False,15676.1,15679.18,-3.08,18.97,30,10.1,0.334,116,67.95,-8.1,1.7,-12.3,False,-10.9,1.7,-14.55,False,-11.35,1.7,-14.6,False,-11.35,1.7,-14.6,True,-11.35,1.7,-14.6,True,-11.35,1.7,-14.6,True,-11.35,1.7,-14.6,True,-11.35,125.8,247,0.28,0.127,-0.77,-0.77,-0.77,-0.77,-0.77,-0.77,bearish,flat
32099,1,2022-06-27 14:30:00,2022-06-27 14:35:00,15870.5,False,15845.7,15806.8,38.9,17.43,97,10.1,-0.351,49,-92.25,-26.6,0.0,-27.3,False,-29.15,0.0,-30.35,False,-16.95,0.0,-36.95,False,-51.45,0.0,-54.25,False,-34.4,0.0,-54.25,True,-34.4,0.0,-54.25,True,-34.4,0.0,-54.25,True,-34.4,12.5,247,-0.81,-1.161,-1.096,-0.046,-1.308,-1.308,-1.308,-1.308,bearish,flat
32104,1,2022-06-27 14:55:00,2022-06-27 15:00:00,15863.25,False,15833.55,15808.99,24.56,18.57,102,10.1,-0.39,44,-85.0,-44.2,0.55,-47.0,False,-39.9,0.55,-47.0,False,-27.65,0.55,-47.0,False,-27.15,0.55,-47.0,False,-27.15,0.55,-47.0,True,-27.15,0.55,-47.0,True,-27.15,0.55,-47.0,True,-27.15,19.75,247,0.834,1.616,0.29,-0.427,-0.427,-0.427,-0.427,-0.427,bearish,flat
32146,1,2022-06-28 12:10:00,2022-06-28 12:15:00,15797.1,False,15781.4,15796.02,-14.62,14.76,144,10.1,0.253,2,-18.85,-8.15,1.1,-13.05,False,-6.55,1.1,-20.95,False,-18.85,1.1,-20.95,False,30.95,40.2,-20.95,False,-35.05,40.2,-37.8,False,-3.4,40.2,-38.1,False,85.9,90.65,-38.1,True,85.9,-13.75,247,1.718,1.568,1.166,2.081,0.314,-1.717,-1.544,-1.544,bearish,flat
32167,-1,2022-06-28 13:55:00,2022-06-28 14:00:00,15798.3,False,15815.0,15796.17,18.83,16.34,10,12.8,0.26,5,-18.55,16.1,16.45,-2.05,False,3.05,17.75,-2.05,False,4.6,17.75,-2.05,False,-18.55,17.75,-19.1,False,-24.5,17.75,-43.5,False,-84.7,17.75,-89.45,True,-84.7,17.75,-89.45,True,-84.7,14.95,247,0.21,0.03,1.179,-0.745,0.625,1.006,1.006,1.006,bearish,flat
32180,1,2022-06-28 15:00:00,2022-06-28 15:05:00,15847.95,False,15814.85,15816.88,-2.03,17.28,7,1.85,0.564,5,-149.75,5.55,5.9,-7.75,False,-5.35,6.8,-10.45,False,9.75,13.3,-10.45,False,35.05,39.8,-10.45,True,35.05,39.8,-10.45,True,35.05,39.8,-10.45,True,35.05,39.8,-10.45,True,35.05,-64.6,247,0.425,-0.901,-0.568,-1.619,-1.619,-1.619,-1.619,-1.619,bearish,flat
32200,-1,2022-06-29 10:25:00,2022-06-29 10:30:00,15768.35,False,15787.45,15782.69,4.76,22.42,14,116.65,0.42,12,-28.8,-13.0,2.3,-16.05,False,-4.7,2.3,-16.05,False,3.7,8.8,-16.05,False,19.3,20.35,-16.05,False,-18.7,25.0,-19.25,False,-18.85,25.0,-54.45,False,-87.65,25.0,-92.95,False,-15.0,32.45,247,-0.204,-0.042,0.049,-0.967,-2.215,-5.059,-4.1,-2.349,bearish,flat
32262,1,2022-06-30 09:20:00,2022-06-30 09:25:00,15863.0,False,15774.5,15816.94,-42.44,22.08,1,7.55,0.567,21,-87.75,-10.05,1.3,-18.55,False,-12.2,1.3,-20.7,False,13.75,16.1,-20.7,False,14.7,26.65,-20.7,False,-45.8,26.65,-77.15,False,-79.9,26.65,-96.9,False,-63.45,26.65,-127.45,False,-127.1,-99.0,247,-2.434,-3.354,-6.715,-3.267,-5.656,-3.611,-1.885,-4.129,bearish,flat
32278,1,2022-06-30 10:40:00,2022-06-30 10:45:00,15830.0,False,15785.85,15831.7,-45.85,21.51,17,7.55,0.353,5,-54.75,3.4,15.0,-5.3,False,-21.8,15.0,-22.45,False,-25.0,15.0,-43.3,False,-54.75,15.0,-60.05,False,-41.4,15.0,-63.9,False,-61.65,15.0,-94.45,False,-27.75,22.4,-94.45,False,-94.1,-66.0,247,0.256,0.355,1.018,1.554,3.144,6.025,2.547,2.4,bearish,flat
32296,-1,2022-06-30 12:10:00,2022-06-30 12:15:00,15755.85,False,15812.75,15792.06,20.69,20.83,12,10.6,-0.129,12,-61.5,-4.7,7.0,-10.0,False,-0.55,7.0,-10.75,False,3.65,7.0,-10.75,False,-12.5,20.3,-64.25,False,-48.5,20.3,-64.25,False,-90.15,20.3,-90.8,False,19.95,23.8,-96.55,True,19.95,-8.15,247,-1.718,-1.568,-1.166,-2.081,-0.314,1.717,1.544,1.544,bearish,flat
32320,1,2022-06-30 14:10:00,2022-06-30 14:15:00,15845.15,False,15796.15,15802.15,-6.0,23.04,11,4.6,0.453,10,-56.55,-5.4,2.8,-13.8,False,-2.35,7.25,-13.8,False,-6.75,7.25,-13.8,False,-42.9,7.25,-51.55,False,-66.75,7.25,-66.9,False,-109.25,7.25,-113.1,True,-109.25,7.25,-113.1,True,-109.25,-81.15,247,-0.133,0.504,1.962,0.357,0.929,0.211,0.211,0.211,bearish,flat
32327,1,2022-06-30 14:45:00,2022-06-30 14:50:00,15815.3,False,15793.6,15808.11,-14.51,20.56,18,4.6,0.254,3,-26.7,2.8,5.8,-7.35,False,13.0,19.45,-7.35,False,-9.75,19.45,-22.55,False,-45.45,19.45,-52.6,False,-79.4,19.45,-83.25,True,-79.4,19.45,-83.25,True,-79.4,19.45,-83.25,True,-79.4,-51.3,247,0.699,0.165,1.045,0.834,-0.216,-0.216,-0.216,-0.216,bearish,flat
32340,-1,2022-07-01 09:35:00,2022-07-01 09:40:00,15663.2,False,15719.45,15744.91,-25.46,27.12,9,5.0,-0.257,40,-7.65,25.45,33.75,0.0,False,23.3,36.15,0.0,False,45.0,45.75,0.0,False,116.0,135.45,0.0,False,49.95,151.35,0.0,False,51.35,151.35,0.0,False,-5.6,151.35,-38.85,False,-100.8,-165.95,247,-1.241,-3.208,-3.446,-2.912,-0.276,-3.645,-7.277,-2.583,bullish,flat
32363,-1,2022-07-01 11:30:00,2022-07-01 11:35:00,15617.55,False,15648.6,15655.7,-7.1,24.37,32,5.0,-0.542,17,-53.3,5.7,8.5,-0.7,False,3.4,8.5,-11.25,False,19.3,23.6,-11.25,False,-21.55,26.95,-22.15,False,-16.05,26.95,-45.35,False,-48.65,26.95,-84.5,False,-146.45,26.95,-174.15,True,-146.45,-211.6,247,-0.172,0.147,-0.126,-0.027,-1.954,-2.534,0.89,0.89,bullish,flat
32371,-1,2022-07-01 12:10:00,2022-07-01 12:15:00,15631.8,False,15645.25,15649.11,-3.86,20.84,40,5.0,-0.46,9,-39.05,-24.75,0.0,-27.6,False,-24.8,0.0,-31.1,False,-9.4,0.0,-31.1,False,-8.6,4.4,-31.1,False,-51.5,4.4,-66.1,False,-16.7,4.4,-70.25,False,-132.2,4.4,-159.9,True,-132.2,-197.35,247,-1.718,-1.568,-1.166,-2.081,-0.314,1.717,1.544,1.544,bullish,flat
32374,-1,2022-07-01 12:25:00,2022-07-01 12:30:00,15641.1,False,15662.9,15649.21,13.69,20.39,43,5.0,-0.398,6,-29.75,7.5,13.7,-3.15,False,-14.25,13.7,-17.15,False,0.7,13.7,-17.15,False,-17.25,13.7,-25.1,False,-30.15,13.7,-60.95,False,-7.35,13.7,-60.95,False,-122.9,13.7,-150.6,True,-122.9,-188.05,247,-0.137,-1.49,-0.917,0.503,0.844,0.956,2.707,2.707,bullish,flat
32389,1,2022-07-01 13:40:00,2022-07-01 13:45:00,15690.4,False,15647.45,15664.43,-16.98,20.39,8,7.95,-0.086,7,-46.0,-6.8,0.7,-12.6,False,-6.35,5.1,-12.85,False,-24.1,5.1,-24.1,False,-41.9,5.1,-45.0,False,17.15,18.45,-56.4,False,73.6,101.3,-56.4,True,73.6,101.3,-56.4,True,73.6,138.75,247,0.016,-0.914,-2.103,-3.258,-2.939,-3.085,-3.085,-3.085,bullish,flat
32428,1,2022-07-04 10:40:00,2022-07-04 10:45:00,15703.45,False,15685.8,15710.54,-24.74,24.74,27,12.05,-0.048,124,126.8,19.05,19.75,-0.4,False,28.2,32.85,-0.4,False,29.2,32.85,-0.4,False,30.6,44.65,-0.4,False,59.9,60.7,-0.4,False,62.2,74.75,-0.4,False,85.6,92.3,-0.4,False,125.7,96.5,247,0.256,0.355,1.018,1.554,3.144,6.025,2.547,2.4,bullish,flat
32464,1,2022-07-04 13:40:00,2022-07-04 13:45:00,15759.7,False,15744.2,15735.76,8.44,13.37,63,12.05,0.314,88,70.55,-14.5,10.3,-16.85,False,-8.55,10.3,-24.5,False,-9.45,10.3,-24.5,False,15.05,15.55,-24.5,False,29.35,36.05,-24.5,False,69.45,92.6,-24.5,True,69.45,92.6,-24.5,True,69.45,40.25,247,0.016,-0.914,-2.103,-3.258,-2.939,-3.085,-3.085,-3.085,bullish,flat
32476,1,2022-07-04 14:40:00,2022-07-04 14:45:00,15789.2,False,15769.65,15740.96,28.69,14.78,75,12.05,0.5,76,41.05,27.8,28.6,-2.75,False,20.4,31.1,-2.75,False,31.0,36.95,-2.75,False,51.9,63.1,-2.75,False,39.95,63.1,-2.75,True,39.95,63.1,-2.75,True,39.95,63.1,-2.75,True,39.95,10.75,247,0.17,0.873,0.339,0.676,-0.042,-0.042,-0.042,-0.042,bullish,flat
32548,1,2022-07-05 14:25:00,2022-07-05 14:30:00,15870.6,False,15839.35,15841.76,-2.41,20.62,147,12.05,-0.241,4,-40.35,5.1,5.5,-7.1,False,-13.55,11.75,-15.3,False,-5.05,11.75,-30.1,False,-51.7,11.75,-53.85,False,-70.65,11.75,-84.9,False,-70.65,11.75,-84.9,True,-70.65,11.75,-84.9,True,-70.65,137.25,247,-0.244,-1.153,-1.505,-1.27,-1.651,-1.651,-1.651,-1.651,bullish,flat
32568,1,2022-07-06 09:50:00,2022-07-06 09:55:00,15897.55,False,15801.5,15844.99,-43.49,30.77,6,12.2,0.497,360,179.5,-25.85,1.75,-30.7,False,-23.15,1.75,-37.25,False,-13.7,1.75,-37.25,False,-18.35,1.75,-37.25,False,19.25,29.3,-37.25,False,-25.9,29.3,-46.7,False,69.9,103.5,-46.7,False,110.3,239.3,247,-0.42,0.309,-0.484,-2.34,-2.859,-0.132,1.358,-0.813,bullish,flat
32585,1,2022-07-06 11:15:00,2022-07-06 11:20:00,15903.85,False,15881.25,15870.44,10.81,20.18,23,12.2,0.543,343,173.2,-11.2,5.65,-12.25,False,-11.3,5.65,-19.05,False,-38.9,5.65,-38.9,False,-33.4,5.65,-53.0,False,-13.45,5.65,-53.0,False,78.1,97.2,-53.0,False,97.6,99.4,-53.0,False,104.0,233.0,247,1.354,0.701,1.769,1.852,4.098,3.61,1.886,0.835,bullish,flat
32592,1,2022-07-06 11:50:00,2022-07-06 11:55:00,15871.45,False,15850.85,15871.41,-20.56,19.26,30,12.2,0.338,336,205.6,6.25,11.3,-1.35,False,-1.2,14.35,-8.5,False,-6.4,14.35,-9.45,False,19.45,23.65,-9.45,False,80.3,90.15,-9.45,False,96.0,129.6,-9.45,False,136.4,139.35,-9.45,True,136.4,265.4,247,0.186,0.246,1.073,2.441,1.249,1.5,-0.671,-0.671,bullish,flat
32791,1,2022-07-11 09:40:00,2022-07-11 09:45:00,16153.9,False,16115.65,16070.06,45.59,21.67,229,12.2,0.117,137,-76.85,3.9,12.6,-6.65,False,-7.8,12.6,-10.95,False,-9.25,12.6,-17.85,False,13.6,21.1,-17.85,False,-1.9,21.1,-17.85,False,-20.0,21.1,-25.6,False,37.45,43.1,-36.7,False,45.15,-116.15,247,2.109,2.346,1.877,1.44,-0.915,2.227,4.638,1.484,bullish,flat
32826,1,2022-07-11 12:35:00,2022-07-11 12:40:00,16140.55,False,16117.2,16080.24,36.96,11.95,264,12.2,0.024,102,-63.5,-3.7,4.25,-4.4,False,4.0,4.45,-6.3,False,6.0,9.9,-6.3,False,22.6,26.85,-6.3,False,41.55,43.95,-6.3,False,98.95,107.85,-6.3,False,58.5,107.85,-6.3,True,58.5,-102.8,247,-0.53,-1.882,-2.235,-2.22,0.539,-3.657,-4.155,-4.155,bullish,flat
32862,1,2022-07-12 09:20:00,2022-07-12 09:25:00,16144.05,False,16104.4,16093.44,10.96,21.76,300,12.2,0.124,66,-67.0,-3.55,4.75,-12.9,False,0.4,5.8,-12.9,False,-4.05,8.3,-12.9,False,-8.35,8.3,-14.25,False,-2.6,12.65,-15.45,False,-8.05,14.6,-15.45,False,-54.65,14.6,-73.8,False,-106.3,-168.3,247,-2.434,-3.354,-6.715,-3.267,-5.656,-3.611,-1.885,-4.129,bullish,flat
32871,1,2022-07-12 10:05:00,2022-07-12 10:10:00,16153.15,False,16128.6,16094.81,33.79,17.75,309,12.2,0.17,57,-76.1,-10.95,1.3,-11.85,False,-15.95,1.3,-18.9,False,-11.7,1.3,-20.55,False,-0.4,5.5,-20.55,False,-6.9,5.5,-20.55,False,-30.6,5.5,-45.75,False,-30.35,5.5,-82.9,False,-115.4,-177.4,247,-0.365,-1.464,-1.849,-2.629,-2.398,1.422,0.654,-0.322,bullish,flat
32875,1,2022-07-12 10:25:00,2022-07-12 10:30:00,16154.8,False,16132.6,16095.41,37.19,16.25,313,12.2,0.178,53,-77.75,-1.7,3.4,-3.25,False,-2.05,3.85,-4.7,False,-10.05,3.85,-11.0,False,1.3,3.85,-14.6,False,-25.3,3.85,-25.5,False,-64.55,3.85,-68.25,False,-24.9,3.85,-84.55,False,-117.05,-179.05,247,0.204,0.042,-0.049,0.967,2.215,5.059,4.1,2.349,bullish,flat
32880,1,2022-07-12 10:50:00,2022-07-12 10:55:00,16154.7,False,16140.2,16096.26,43.94,13.96,318,12.2,0.181,48,-77.65,1.4,2.85,-3.05,False,-4.75,2.85,-5.4,False,-8.45,2.85,-10.2,False,-18.7,2.85,-21.15,False,-29.45,2.85,-47.3,False,-77.2,2.85,-82.85,False,-50.5,2.85,-84.45,False,-116.95,-178.95,247,0.638,0.432,-0.056,2.539,2.701,3.941,2.936,2.02,bullish,flat
32909,1,2022-07-12 13:15:00,2022-07-12 13:20:00,16091.85,False,16070.25,16097.67,-27.42,12.59,347,12.2,-0.21,19,-14.8,-2.45,4.15,-3.05,False,2.75,4.15,-6.7,False,11.2,11.2,-6.7,False,16.15,17.6,-6.7,False,41.1,44.95,-6.7,False,-50.5,52.7,-51.3,False,-54.1,52.7,-59.6,True,-54.1,-116.1,247,-0.457,-0.838,0.723,0.4,-3.045,-1.65,-2.701,-2.701,bullish,flat
32919,1,2022-07-12 14:05:00,2022-07-12 14:10:00,16122.1,False,16092.3,16097.81,-5.51,13.37,357,12.2,-0.021,9,-45.05,12.85,12.85,-1.05,False,10.85,14.7,-1.05,False,0.4,14.7,-1.2,False,5.4,22.45,-4.0,False,-45.8,22.45,-65.45,False,-84.35,22.45,-89.85,True,-84.35,22.45,-89.85,True,-84.35,-146.35,247,-1.231,-1.402,-0.766,-0.56,0.985,-1.058,-1.058,-1.058,bullish,flat
32924,1,2022-07-12 14:30:00,2022-07-12 14:35:00,16139.95,False,16118.1,16098.25,19.85,13.14,362,12.2,0.085,4,-62.9,-12.45,1.95,-12.45,False,-21.25,1.95,-22.25,False,-26.85,1.95,-29.3,False,-53.85,1.95,-83.3,False,-102.2,1.95,-107.7,True,-102.2,1.95,-107.7,True,-102.2,1.95,-107.7,True,-102.2,-164.2,247,-0.81,-1.161,-1.096,-0.046,-1.308,-1.308,-1.308,-1.308,bullish,flat
32948,-1,2022-07-13 10:15:00,2022-07-13 10:20:00,16107.45,False,16139.85,16104.72,35.13,17.41,19,15.25,-0.127,206,63.95,21.6,22.45,0.0,False,17.15,23.55,0.0,False,25.85,30.95,0.0,False,33.75,42.9,0.0,False,20.35,50.65,0.0,False,22.4,50.65,0.0,False,114.6,138.95,0.0,False,131.7,159.5,247,0.353,1.139,0.971,0.969,-0.321,-4.437,-0.83,-1.174,bullish,flat
32957,-1,2022-07-13 11:00:00,2022-07-13 11:05:00,16069.75,False,16081.6,16097.71,-16.11,15.3,28,15.25,-0.362,197,26.25,-2.2,4.45,-3.05,False,-7.75,4.45,-8.75,False,-17.35,4.45,-18.05,False,-25.55,4.45,-32.95,False,1.6,4.45,-32.95,False,52.85,64.45,-32.95,False,113.15,119.2,-32.95,False,94.0,121.8,247,0.471,-0.76,-0.752,-2.54,-2.523,-3.988,-2.868,-1.606,bullish,flat
32965,-1,2022-07-13 11:40:00,2022-07-13 11:45:00,16084.5,False,16102.7,16095.52,7.18,13.08,36,15.25,-0.271,189,41.0,-0.7,8.45,-1.15,False,-3.7,8.45,-10.5,False,1.6,8.45,-10.5,False,-0.45,18.4,-10.5,False,30.65,33.55,-10.5,False,113.45,116.0,-10.5,False,108.75,133.95,-10.5,True,108.75,136.55,247,-0.282,0.053,-0.123,-0.827,-2.891,-2.42,0.734,0.734,bullish,flat
32968,-1,2022-07-13 11:55:00,2022-07-13 12:00:00,16084.45,False,16095.0,16094.81,0.19,12.57,39,15.25,-0.281,186,40.95,16.3,16.3,0.0,False,12.4,18.35,0.0,False,-0.5,18.35,-2.95,False,10.75,18.35,-10.35,False,68.35,79.15,-10.35,False,107.65,115.95,-10.35,False,108.7,133.9,-10.35,True,108.7,136.5,247,-0.07,-0.896,-0.714,-1.862,-1.356,-0.135,0.848,0.848,bullish,flat
32973,-1,2022-07-13 12:20:00,2022-07-13 12:25:00,16080.25,False,16094.8,16093.25,1.55,12.9,44,15.25,-0.299,181,36.75,6.55,6.9,-10.05,False,9.6,15.55,-10.05,False,24.65,24.9,-10.05,False,42.3,49.5,-10.05,False,79.65,90.1,-10.05,False,87.1,111.75,-10.05,False,104.5,129.7,-10.05,True,104.5,132.3,247,0.358,0.224,-1.13,1.148,0.824,2.776,3.068,3.068,bullish,flat
33013,-1,2022-07-14 09:25:00,2022-07-14 09:30:00,16005.5,False,16041.3,16051.79,-10.49,19.29,84,15.25,-0.084,141,-38.0,-35.05,3.55,-41.55,False,-30.05,3.55,-43.8,False,-27.8,3.55,-43.8,False,-60.8,3.55,-65.0,False,-16.8,3.55,-65.0,False,23.55,31.2,-65.0,False,71.25,82.8,-65.0,False,57.55,-47.35,247,0.974,4.335,3.091,1.356,4.062,1.883,-0.114,1.749,bullish,flat
33021,-1,2022-07-14 10:05:00,2022-07-14 10:10:00,16048.5,False,16070.5,16051.46,19.04,18.43,92,15.25,0.192,133,5.0,-0.0,7.15,-1.0,False,2.45,12.1,-4.2,False,14.0,16.45,-4.2,False,26.45,28.65,-4.2,False,34.1,35.65,-4.2,False,104.75,110.7,-4.2,False,140.55,155.25,-4.2,False,100.55,-4.35,247,0.365,1.464,1.849,2.629,2.398,-1.422,-0.654,0.322,bullish,flat
33033,-1,2022-07-14 11:05:00,2022-07-14 11:10:00,16015.0,False,16041.85,16049.19,-7.34,16.19,104,15.25,-0.028,121,-28.5,9.35,11.6,-1.15,False,30.7,37.5,-1.15,False,39.7,40.7,-1.15,False,42.45,58.8,-1.15,False,71.25,77.2,-1.15,False,45.95,77.2,-1.15,False,77.65,155.8,-1.15,False,67.05,-37.85,247,-1.2,-1.192,-2.564,-3.108,-3.79,-3.981,-4.089,-2.046,bullish,flat
33057,-1,2022-07-14 13:05:00,2022-07-14 13:10:00,15969.0,False,16002.15,16034.44,-32.29,18.3,128,15.25,-0.311,97,-74.5,-3.45,10.2,-6.95,False,13.5,13.8,-6.95,False,42.45,46.3,-6.95,False,38.1,49.1,-6.95,False,61.05,75.75,-6.95,False,31.65,109.8,-6.95,False,21.05,109.8,-6.95,True,21.05,-83.85,247,-0.016,-0.932,-0.401,-2.852,0.867,-0.201,1.843,1.843,bullish,flat
33088,-1,2022-07-15 09:25:00,2022-07-15 09:30:00,15986.15,False,16038.15,16014.15,24.0,23.6,159,15.25,-0.152,66,-57.35,2.25,3.05,-15.95,False,8.95,9.4,-15.95,False,5.7,15.1,-15.95,False,9.1,15.6,-15.95,False,11.8,24.0,-16.25,False,27.1,51.1,-16.25,False,12.25,58.7,-16.25,False,-66.7,-295.25,247,0.974,4.335,3.091,1.356,4.062,1.883,-0.114,1.749,bullish,flat
33099,-1,2022-07-15 10:20:00,2022-07-15 10:25:00,15979.15,False,16002.4,16012.15,-9.75,19.46,170,15.25,-0.194,55,-64.35,4.8,5.9,-5.45,False,2.3,5.9,-5.45,False,-6.45,5.9,-9.55,False,9.5,19.45,-9.55,False,22.55,44.1,-9.55,False,36.3,44.1,-9.55,False,-24.2,51.7,-27.2,False,-73.7,-302.25,247,1.062,0.894,1.056,0.794,-1.77,-4.364,-1.544,-1.252,bullish,flat
33104,-1,2022-07-15 10:45:00,2022-07-15 10:50:00,15967.45,False,15988.7,16011.22,-22.52,16.71,175,15.25,-0.27,50,-76.05,-2.2,7.75,-3.0,False,-9.15,7.75,-13.55,False,16.95,16.95,-13.55,False,12.5,32.4,-13.55,False,-13.55,32.4,-17.35,False,-1.35,40.0,-17.35,False,-34.65,40.0,-61.75,False,-85.4,-313.95,247,-0.091,-0.754,-0.549,-1.283,-3.153,-4.41,-2.349,-2.137,bullish,flat
33107,-1,2022-07-15 11:00:00,2022-07-15 11:05:00,15950.5,False,15981.0,16010.5,-29.5,16.9,178,15.25,-0.377,47,-93.0,9.7,9.85,-5.5,False,4.1,15.45,-5.5,False,-4.45,15.45,-7.1,False,-15.95,15.45,-16.65,False,-3.9,15.45,-34.3,False,-13.65,23.05,-34.3,False,-93.0,23.05,-93.35,False,-102.35,-330.9,247,0.471,-0.76,-0.752,-2.54,-2.523,-3.988,-2.868,-1.606,bullish,flat
33115,-1,2022-07-15 11:40:00,2022-07-15 11:45:00,15965.7,False,15974.65,16008.26,-33.61,13.72,186,15.25,-0.284,39,-77.8,-15.3,0.0,-19.1,False,-15.95,0.0,-19.1,False,-9.05,0.0,-19.1,False,16.35,29.8,-19.1,False,19.65,38.25,-19.1,False,14.45,38.25,-20.8,False,-87.15,38.25,-100.75,True,-87.15,-315.7,247,-0.282,0.053,-0.123,-0.827,-2.891,-2.42,0.734,0.734,bullish,flat
33119,-1,2022-07-15 12:00:00,2022-07-15 12:05:00,15954.1,False,15984.8,16007.56,-22.76,14.33,190,15.25,-0.352,35,-89.4,14.0,15.0,-0.8,False,4.75,18.2,-0.8,False,9.35,18.2,-3.55,False,-3.65,26.65,-4.05,False,-10.05,26.65,-25.55,False,-8.25,26.65,-32.4,False,-98.75,26.65,-112.35,True,-98.75,-327.3,247,-0.902,-0.719,-2.421,-2.003,-1.54,0.045,0.842,0.842,bullish,flat
33137,-1,2022-07-15 13:30:00,2022-07-15 13:35:00,15949.45,False,15986.5,16003.51,-17.01,15.4,208,15.25,-0.385,17,-94.05,-11.45,0.55,-12.3,False,-1.8,0.55,-15.8,False,-3.1,4.35,-15.8,False,-12.9,4.35,-27.2,False,-54.0,4.35,-59.95,False,-103.4,4.35,-117.0,True,-103.4,4.35,-117.0,True,-103.4,-331.95,247,-1.263,0.277,0.33,2.635,2.024,3.431,3.431,3.431,bullish,flat
33143,-1,2022-07-15 14:00:00,2022-07-15 14:05:00,15962.75,False,15976.65,16002.34,-25.69,14.96,214,15.25,-0.303,11,-80.75,-8.9,0.1,-11.8,False,-29.5,0.1,-29.5,False,-36.25,0.1,-38.1,False,-40.7,0.1,-46.65,False,-80.75,0.1,-81.1,False,-90.1,0.1,-103.7,True,-90.1,0.1,-103.7,True,-90.1,-318.65,247,-0.207,0.942,1.113,-0.638,-0.493,0.769,0.769,0.769,bullish,flat
33152,-1,2022-07-15 14:45:00,2022-07-15 14:50:00,16002.7,False,16029.2,16002.26,26.94,15.57,223,15.25,-0.054,2,-40.8,-3.35,4.05,-6.9,False,-14.1,4.05,-16.05,False,-40.8,4.05,-41.15,False,-50.25,4.05,-63.75,False,-50.15,4.05,-63.75,True,-50.15,4.05,-63.75,True,-50.15,4.05,-63.75,True,-50.15,-278.7,247,-0.699,-0.165,-1.045,-0.834,0.216,0.216,0.216,0.216,bullish,flat
33161,1,2022-07-18 09:15:00,2022-07-18 09:20:00,16181.15,False,16049.3,16054.79,-5.49,24.11,6,14.3,0.181,520,301.55,-7.25,5.0,-9.8,False,-8.75,5.0,-18.4,False,4.0,9.5,-18.4,False,-17.15,9.5,-20.4,False,-6.8,10.3,-20.55,False,32.8,35.7,-20.55,False,37.25,46.35,-20.55,False,100.25,148.15,247,2.385,-0.037,-0.957,-1.107,-2.874,-2.586,1.043,-1.732,bullish,flat
33194,1,2022-07-18 12:00:00,2022-07-18 12:05:00,16205.65,False,16191.75,16161.77,29.98,11.42,39,14.3,0.336,487,277.05,5.1,5.8,-3.0,False,10.55,13.1,-3.0,False,21.2,21.25,-3.0,False,6.05,21.55,-3.0,False,17.5,21.85,-3.0,False,22.75,32.6,-8.45,False,75.75,81.15,-8.45,True,75.75,123.65,247,0.902,0.719,2.421,2.003,1.54,-0.045,-0.842,-0.842,bullish,flat
33202,1,2022-07-18 12:40:00,2022-07-18 12:45:00,16218.3,False,16210.5,16170.5,40.0,10.4,47,14.3,0.422,479,264.4,-2.7,7.3,-3.65,False,5.95,8.9,-5.05,False,7.85,8.9,-5.05,False,0.65,9.2,-7.7,False,-1.75,9.2,-21.1,False,27.6,28.15,-21.1,False,63.1,68.5,-21.1,True,63.1,111.0,247,-1.307,-1.66,-1.376,-1.722,-0.426,-3.434,-3.581,-3.581,bullish,flat
33213,1,2022-07-18 13:35:00,2022-07-18 13:40:00,16214.4,False,16197.2,16178.72,18.48,10.1,58,14.3,0.393,468,268.3,2.15,4.65,-4.7,False,3.85,6.35,-4.7,False,4.0,8.75,-4.7,False,19.2,23.85,-4.7,False,21.3,32.0,-4.7,False,67.0,72.4,-4.7,True,67.0,72.4,-4.7,True,67.0,114.9,247,-1.484,-1.537,-2.467,-3.662,-4.14,-4.638,-4.638,-4.638,bullish,flat
33226,1,2022-07-18 14:40:00,2022-07-18 14:45:00,16246.55,False,16229.7,16187.89,41.81,10.19,71,14.3,0.585,455,236.15,4.75,5.55,-3.1,False,16.35,16.35,-3.1,False,8.75,16.35,-3.1,False,24.5,37.05,-3.1,False,34.85,40.25,-3.1,True,34.85,40.25,-3.1,True,34.85,40.25,-3.1,True,34.85,82.75,247,0.17,0.873,0.339,0.676,-0.042,-0.042,-0.042,-0.042,bullish,flat
33237,1,2022-07-19 09:20:00,2022-07-19 09:25:00,16251.75,False,16187.05,16197.72,-10.67,17.66,82,14.3,0.399,444,230.95,5.95,7.0,-6.7,False,1.5,14.95,-6.7,False,-9.8,14.95,-11.4,False,32.85,36.85,-11.4,False,39.7,45.85,-11.4,False,62.75,76.3,-11.4,False,28.05,76.3,-11.4,False,77.55,244.05,247,-2.434,-3.354,-6.715,-3.267,-5.656,-3.611,-1.885,-4.129,bullish,flat
33241,1,2022-07-19 09:40:00,2022-07-19 09:45:00,16264.7,False,16240.35,16200.23,40.12,17.7,86,14.3,0.479,440,218.0,5.75,13.85,-0.55,False,19.9,23.9,-0.55,False,12.1,23.9,-0.55,False,30.2,32.9,-0.55,False,39.1,41.15,-0.55,False,3.8,63.35,-0.55,False,32.1,63.35,-9.55,False,64.6,231.1,247,2.109,2.346,1.877,1.44,-0.915,2.227,4.638,1.484,bullish,flat
33268,1,2022-07-19 11:55:00,2022-07-19 12:00:00,16281.0,False,16255.15,16221.66,33.49,15.03,113,14.3,0.584,413,201.7,8.45,9.85,-0.2,False,8.5,14.95,-0.2,False,23.65,25.9,-0.2,False,25.15,30.9,-0.2,False,32.15,41.25,-0.2,False,21.65,41.25,-15.15,False,48.3,78.15,-15.15,True,48.3,214.8,247,0.07,0.896,0.714,1.862,1.356,0.135,-0.848,-0.848,bullish,flat
33623,1,2022-07-26 10:15:00,2022-07-26 10:20:00,16526.9,False,16506.0,16480.24,25.76,16.9,468,14.3,-0.639,58,-44.2,5.85,11.7,-1.3,False,-11.15,11.7,-11.3,False,-20.95,11.7,-27.7,False,-16.45,11.7,-30.9,False,-15.0,11.7,-30.9,False,14.3,20.15,-30.9,False,16.9,46.05,-30.9,False,-60.35,115.85,247,-0.353,-1.139,-0.971,-0.969,0.321,4.437,0.83,1.174,bullish,flat
33629,1,2022-07-26 10:45:00,2022-07-26 10:50:00,16510.05,False,16496.0,16480.65,15.35,15.6,474,14.3,-0.736,52,-27.35,6.2,6.2,-0.7,False,12.85,14.35,-0.7,False,13.4,14.35,-0.7,False,1.85,15.25,-11.4,False,10.1,16.75,-11.4,False,42.45,47.25,-11.4,False,-16.2,62.9,-26.35,False,-43.5,132.7,247,0.091,0.754,0.549,1.283,3.153,4.41,2.349,2.137,bullish,flat
33635,1,2022-07-26 11:15:00,2022-07-26 11:20:00,16512.15,False,16498.65,16481.06,17.59,14.3,480,14.3,-0.727,46,-29.45,7.6,9.2,-1.4,False,10.3,14.65,-1.4,False,10.5,14.65,-1.4,False,8.0,14.65,-5.1,False,29.05,34.9,-5.1,False,41.55,45.15,-5.1,False,-33.7,60.8,-33.7,False,-45.6,130.6,247,1.354,0.701,1.769,1.852,4.098,3.61,1.886,0.835,bullish,flat
33641,1,2022-07-26 11:45:00,2022-07-26 11:50:00,16519.35,False,16507.05,16481.52,25.53,12.68,486,14.3,-0.678,40,-36.65,10.6,11.55,-5.9,False,13.75,19.5,-5.9,False,21.15,23.1,-5.9,False,21.85,27.7,-5.9,False,33.15,37.95,-5.9,False,-0.35,53.6,-5.9,False,-52.8,53.6,-55.8,True,-52.8,123.4,247,-0.221,-0.045,0.016,2.361,1.371,2.199,-0.902,-0.902,bullish,flat
33669,1,2022-07-26 14:05:00,2022-07-26 14:10:00,16518.1,False,16506.0,16484.8,21.2,13.06,514,14.3,-0.688,12,-35.4,20.85,20.85,-2.6,False,25.7,29.25,-2.6,False,10.5,29.25,-2.6,False,-7.1,29.25,-11.8,False,-26.3,29.25,-34.8,False,-51.55,29.25,-54.55,True,-51.55,29.25,-54.55,True,-51.55,124.65,247,-1.231,-1.402,-0.766,-0.56,0.985,-1.058,-1.058,-1.058,bullish,flat
33678,1,2022-07-26 14:50:00,2022-07-26 14:55:00,16505.15,False,16483.7,16485.34,-1.64,15.15,523,14.3,-0.767,3,-22.45,-9.75,5.3,-10.7,False,-16.75,5.3,-21.85,False,-13.35,5.3,-21.85,False,-30.45,5.3,-34.9,False,-38.6,5.3,-41.6,True,-38.6,5.3,-41.6,True,-38.6,5.3,-41.6,True,-38.6,137.6,247,-0.5,0.38,1.162,0.015,-0.882,-0.882,-0.882,-0.882,bullish,flat
33687,-1,2022-07-27 09:20:00,2022-07-27 09:25:00,16451.45,False,16512.1,16484.11,27.99,19.07,5,1.0,-0.14,8,-65.15,5.05,5.05,-10.95,False,3.4,11.75,-10.95,False,-2.1,11.75,-13.5,False,-40.95,11.75,-41.2,False,-73.05,11.75,-89.55,False,-91.35,11.75,-104.55,False,-142.9,11.75,-153.85,False,-191.3,-470.6,247,2.434,3.354,6.715,3.267,5.656,3.611,1.885,4.129,bullish,flat
33713,1,2022-07-27 11:30:00,2022-07-27 11:35:00,16549.25,False,16535.9,16518.79,17.11,12.71,17,4.5,0.454,1547,641.0,7.85,11.6,0.0,False,16.25,19.35,0.0,False,8.7,19.4,0.0,False,10.35,20.45,0.0,False,11.8,23.15,-5.45,False,64.65,65.0,-5.45,False,93.5,103.3,-5.45,True,93.5,372.8,247,0.172,-0.147,0.126,0.027,1.954,2.534,-0.89,-0.89,bullish,flat
33725,1,2022-07-27 12:30:00,2022-07-27 12:35:00,16560.8,False,16543.8,16532.17,11.63,12.58,29,4.5,0.52,1535,629.45,3.1,6.55,0.0,False,-4.45,6.55,-5.05,False,-0.35,6.55,-8.55,False,38.85,44.5,-8.55,False,53.1,53.45,-8.55,False,46.35,56.05,-8.55,False,81.95,91.75,-8.55,True,81.95,361.25,247,1.375,0.802,-0.55,-0.441,0.601,-1.415,-2.823,-2.823,bullish,flat
34985,1,2022-08-23 11:15:00,2022-08-23 11:20:00,17452.1,False,17411.7,17448.3,-36.6,28.87,1289,4.5,0.547,275,-261.85,21.85,22.55,-6.75,False,11.35,36.7,-6.75,False,54.25,56.9,-6.75,False,24.95,56.9,-6.75,False,4.05,56.9,-6.75,False,98.7,108.6,-6.75,False,138.55,141.3,-6.75,False,171.25,155.45,247,1.354,0.701,1.769,1.852,4.098,3.61,1.886,0.835,bullish,flat
35042,1,2022-08-24 09:45:00,2022-08-24 09:50:00,17532.7,False,17499.9,17451.86,48.04,30.12,1346,4.5,0.038,218,-342.45,-6.35,17.0,-11.1,False,3.6,17.0,-18.6,False,30.95,30.95,-18.6,False,42.95,42.95,-18.6,False,56.65,63.55,-18.6,False,83.75,89.05,-18.6,False,42.15,89.05,-18.6,False,74.85,-24.5,247,0.209,-0.26,0.469,-1.795,-2.797,0.363,2.448,-0.653,bullish,flat
35184,1,2022-08-25 15:20:00,2022-08-25 15:25:00,17516.05,False,17488.6,17468.59,20.01,27.14,1488,4.5,-0.921,76,-325.8,-7.85,1.5,-15.2,False,-7.85,1.5,-15.2,True,-7.85,1.5,-15.2,True,-7.85,1.5,-15.2,True,-7.85,1.5,-15.2,True,-7.85,1.5,-15.2,True,-7.85,1.5,-15.2,True,-7.85,66.85,247,-0.884,-0.884,-0.884,-0.884,-0.884,-0.884,-0.884,-0.884,bullish,flat
35302,-1,2022-08-29 12:40:00,2022-08-29 12:45:00,17342.95,False,17369.75,17390.09,-20.34,17.2,41,221.45,0.904,49,-151.6,18.75,18.75,-6.95,False,25.4,30.15,-6.95,False,18.25,30.15,-6.95,False,16.15,30.15,-6.95,False,-2.2,30.15,-11.65,False,6.85,32.05,-36.65,False,3.85,51.2,-36.65,True,3.85,-401.25,247,1.307,1.66,1.376,1.722,0.426,3.434,3.581,3.581,bullish,flat
35318,-1,2022-08-29 14:00:00,2022-08-29 14:05:00,17355.55,False,17379.6,17379.64,-0.04,16.02,57,221.45,0.964,33,-139.0,7.55,20.0,-4.15,False,-2.45,20.0,-4.15,False,-0.05,20.0,-5.95,False,43.3,43.3,-5.95,False,45.7,62.35,-5.95,False,16.45,63.8,-5.95,True,16.45,63.8,-5.95,True,16.45,-388.65,247,-0.207,0.942,1.113,-0.638,-0.493,0.769,0.769,0.769,bullish,flat
35328,-1,2022-08-29 14:50:00,2022-08-29 14:55:00,17312.3,False,17337.2,17374.32,-37.12,17.36,67,221.45,0.722,23,-182.25,7.55,19.1,0.0,False,2.45,19.1,-12.4,False,1.25,19.1,-12.4,False,-8.5,20.55,-12.4,False,-26.8,20.55,-26.95,True,-26.8,20.55,-26.95,True,-26.8,20.55,-26.95,True,-26.8,-431.9,247,0.5,-0.38,-1.162,-0.015,0.882,0.882,0.882,0.882,bullish,flat
35463,-1,2022-09-01 13:35:00,2022-09-01 13:40:00,17550.75,False,17581.2,17582.32,-1.12,21.38,8,17.4,0.373,22,-32.0,0.5,24.1,-1.05,False,15.8,24.1,-1.35,False,39.3,42.55,-1.35,False,62.25,81.75,-1.35,False,0.9,81.75,-20.05,False,-12.5,81.75,-21.3,True,-12.5,81.75,-21.3,True,-12.5,22.9,247,1.484,1.537,2.467,3.662,4.14,4.638,4.638,4.638,bearish,flat
35480,-1,2022-09-01 15:00:00,2022-09-01 15:05:00,17507.95,False,17570.8,17554.39,16.41,25.96,25,17.4,0.13,5,-74.8,-26.55,0.3,-30.35,False,-47.05,0.3,-64.1,False,-36.3,0.3,-64.1,False,-55.3,0.3,-64.1,True,-55.3,0.3,-64.1,True,-55.3,0.3,-64.1,True,-55.3,0.3,-64.1,True,-55.3,-19.9,247,-0.425,0.901,0.568,1.619,1.619,1.619,1.619,1.619,bearish,flat
35492,1,2022-09-02 09:45:00,2022-09-02 09:50:00,17555.0,False,17513.3,17558.23,-44.93,30.95,6,11.95,-0.25,1,-44.95,-35.25,0.75,-40.45,False,-44.95,0.75,-61.1,False,-63.15,0.75,-67.9,False,-54.65,0.75,-77.9,False,-15.45,0.75,-77.9,False,-17.55,0.75,-77.9,False,37.5,42.4,-77.9,False,-27.15,98.9,247,0.209,-0.26,0.469,-1.795,-2.797,0.363,2.448,-0.653,bearish,flat
35502,-1,2022-09-02 10:35:00,2022-09-02 10:40:00,17527.2,False,17546.6,17516.51,30.09,26.88,8,3.25,-0.405,16,-21.6,-13.25,10.45,-15.2,False,-12.35,10.45,-22.35,False,1.15,10.45,-22.35,False,5.4,26.3,-22.35,False,12.9,26.3,-22.35,False,-28.6,26.3,-47.8,False,-41.75,26.3,-96.25,False,-0.65,-126.7,247,0.023,-0.231,-0.33,-0.299,-3.437,-6.573,-2.873,-2.375,bearish,flat
35514,-1,2022-09-02 11:35:00,2022-09-02 11:40:00,17514.9,False,17542.0,17522.22,19.78,20.73,20,3.25,-0.478,4,-33.9,-25.45,0.0,-28.25,False,-22.55,0.0,-28.25,False,-24.2,0.0,-28.25,False,-45.6,0.0,-47.5,False,-40.9,0.0,-60.1,False,-67.8,0.0,-82.5,False,-12.95,0.0,-108.55,True,-12.95,-139.0,247,0.283,0.01,0.346,-0.718,-3.171,-3.668,1.027,1.027,bearish,flat
35529,1,2022-09-02 12:50:00,2022-09-02 12:55:00,17570.65,False,17551.55,17552.75,-1.2,16.07,10,6.8,-0.155,23,-23.35,6.7,14.85,0.0,False,1.0,15.65,0.0,False,7.8,15.65,-3.0,False,14.8,26.75,-3.0,False,18.05,26.75,-3.0,False,-23.35,52.8,-36.65,False,-42.8,52.8,-51.8,True,-42.8,83.25,247,0.388,0.566,0.12,0.428,0.355,-0.9,-1.816,-1.816,bearish,flat
35540,1,2022-09-02 13:45:00,2022-09-02 13:50:00,17591.75,False,17572.15,17565.2,6.95,14.06,21,6.8,-0.034,12,-44.45,-3.05,4.9,-9.2,False,0.55,4.9,-9.2,False,16.65,16.7,-9.2,False,21.75,31.7,-9.2,False,-33.8,31.7,-45.3,False,-63.9,31.7,-72.9,True,-63.9,31.7,-72.9,True,-63.9,62.15,247,-0.799,-1.988,-2.174,-3.315,-2.759,-2.97,-2.97,-2.97,bearish,flat
35560,-1,2022-09-02 15:25:00,2022-09-05 09:15:00,17546.45,True,17560.6,17563.27,-2.67,17.26,7,4.25,-0.401,3,-85.1,-65.55,0.0,-69.55,False,-52.55,0.0,-69.55,False,-48.25,0.0,-69.55,False,-91.35,0.0,-99.65,False,-101.7,0.0,-111.1,False,-86.9,0.0,-111.1,False,-104.0,0.0,-134.75,False,-107.45,-105.15,0,,,,,,,,,bearish,flat
35570,1,2022-09-05 10:00:00,2022-09-05 10:05:00,17638.9,False,17608.85,17611.21,-2.36,22.8,6,8.1,0.525,43,-6.65,13.45,13.5,-2.0,False,9.25,18.65,-2.0,False,3.15,18.65,-2.0,False,14.6,18.65,-2.0,False,-10.1,18.65,-20.2,False,5.05,18.65,-20.2,False,20.55,42.3,-20.2,False,15.0,12.7,247,-0.782,-1.154,-2.253,-3.256,-2.699,-0.193,-0.314,-1.111,bearish,flat
35579,1,2022-09-05 10:45:00,2022-09-05 10:50:00,17647.05,False,17630.35,17627.22,3.13,18.59,15,8.1,0.573,34,-14.8,-5.9,2.85,-5.9,False,-20.3,2.85,-21.8,False,-18.25,2.85,-28.35,False,-22.35,2.85,-28.35,False,-4.8,2.85,-28.35,False,30.6,34.15,-28.35,False,16.7,35.9,-28.35,False,6.85,4.55,247,0.091,0.754,0.549,1.283,3.153,4.41,2.349,2.137,bearish,flat
35583,1,2022-09-05 11:05:00,2022-09-05 11:10:00,17643.0,False,17618.7,17628.53,-9.83,17.43,19,8.1,0.547,30,-10.75,-9.65,0.35,-17.05,False,-18.3,0.35,-19.25,False,-13.25,0.35,-20.5,False,-15.55,0.35,-24.25,False,6.65,6.65,-24.25,False,14.45,38.2,-24.25,False,27.2,39.95,-24.25,False,10.9,8.6,247,1.2,1.192,2.564,3.108,3.79,3.981,4.089,2.046,bearish,flat
35591,1,2022-09-05 11:45:00,2022-09-05 11:50:00,17641.8,False,17618.75,17628.92,-10.17,14.72,27,8.1,0.546,22,-9.55,1.3,3.4,-1.95,False,0.05,4.45,-1.95,False,2.15,7.6,-3.1,False,25.9,26.85,-3.1,False,35.85,39.4,-3.1,False,3.8,39.4,-12.1,False,12.1,41.15,-12.1,True,12.1,9.8,247,-0.221,-0.045,0.016,2.361,1.371,2.199,-0.902,-0.902,bearish,flat
35636,1,2022-09-06 09:15:00,2022-09-06 09:20:00,17737.1,False,17651.2,17666.3,-15.1,20.38,18,3.45,0.23,9,-92.9,5.85,10.35,-10.3,False,-14.6,10.35,-14.6,False,-40.25,10.35,-41.85,False,-57.9,10.35,-78.0,False,-104.05,10.35,-107.25,False,-71.1,10.35,-149.15,False,-45.85,10.35,-149.15,False,-85.5,-107.6,247,2.385,-0.037,-0.957,-1.107,-2.874,-2.586,1.043,-1.732,bearish,flat
35661,-1,2022-09-06 11:20:00,2022-09-06 11:25:00,17655.85,False,17675.15,17656.03,19.12,19.56,15,7.0,-0.225,6,-34.7,1.25,3.4,-8.5,False,4.35,8.05,-8.5,False,-1.2,8.05,-8.5,False,-13.6,8.05,-21.45,False,-44.65,8.05,-46.65,False,-37.8,8.05,-59.85,False,6.0,18.3,-59.85,False,4.25,26.35,247,0.606,-0.462,-0.59,-0.21,-2.64,-1.772,-0.426,0.471,bearish,flat
35672,1,2022-09-06 12:15:00,2022-09-06 12:20:00,17692.3,False,17682.1,17671.95,10.15,15.61,4,15.4,-0.019,17,-13.15,8.2,10.2,-2.2,False,5.8,10.2,-2.2,False,15.4,16.55,-2.2,False,10.5,20.95,-2.2,False,-1.05,23.4,-11.7,False,-3.95,23.4,-20.0,False,-40.7,23.4,-54.75,True,-40.7,-62.8,247,-0.103,-0.505,-0.371,-0.942,-0.441,-3.56,-3.215,-3.215,bearish,flat
35687,1,2022-09-06 13:30:00,2022-09-06 13:35:00,17710.9,False,17680.6,17687.59,-6.99,13.32,19,15.4,0.087,2,-31.75,-18.25,3.25,-28.85,False,-17.2,3.25,-28.85,False,-31.75,3.25,-38.6,False,-24.2,3.25,-38.6,False,-18.75,3.25,-38.6,False,-59.3,3.25,-73.35,True,-59.3,3.25,-73.35,True,-59.3,-81.4,247,1.263,-0.277,-0.33,-2.635,-2.024,-3.431,-3.431,-3.431,bearish,flat
35700,-1,2022-09-06 14:35:00,2022-09-06 14:40:00,17665.25,False,17705.45,17691.79,13.66,15.31,10,1.45,-0.174,60,17.4,24.2,25.8,-3.7,False,3.35,27.7,-3.7,False,3.5,27.7,-3.7,False,-5.85,27.7,-15.35,False,13.65,27.7,-15.35,True,13.65,27.7,-15.35,True,13.65,27.7,-15.35,True,13.65,35.75,247,0.284,0.218,-0.485,-1.613,0.43,0.43,0.43,0.43,bearish,flat
35707,-1,2022-09-06 15:10:00,2022-09-06 15:15:00,17653.0,False,17680.6,17680.52,0.08,18.03,17,1.45,-0.241,53,5.15,1.4,4.05,-4.15,False,3.15,6.2,-4.15,False,1.4,11.5,-4.15,False,1.4,11.5,-4.15,True,1.4,11.5,-4.15,True,1.4,11.5,-4.15,True,1.4,11.5,-4.15,True,1.4,23.5,247,-0.28,-0.127,0.77,0.77,0.77,0.77,0.77,0.77,bearish,flat
35723,-1,2022-09-07 10:15:00,2022-09-07 10:20:00,17572.2,False,17592.8,17640.16,-47.36,22.11,33,1.45,0.313,37,-75.65,4.6,5.0,-3.3,False,-8.9,8.85,-13.55,False,-5.75,8.85,-13.55,False,1.1,10.95,-13.55,False,23.35,38.9,-13.55,False,-58.2,38.9,-61.4,False,-71.95,38.9,-78.5,False,-57.3,-227.9,247,0.353,1.139,0.971,0.969,-0.321,-4.437,-0.83,-1.174,bearish,flat
35749,-1,2022-09-07 12:25:00,2022-09-07 12:30:00,17619.1,False,17636.55,17613.94,22.61,15.06,59,1.45,0.571,11,-28.75,-6.0,3.65,-10.0,False,-5.45,3.65,-11.7,False,3.0,4.1,-11.7,False,-2.3,19.2,-11.7,False,-28.75,19.2,-29.05,False,-15.95,19.2,-31.6,False,-10.4,20.1,-31.6,True,-10.4,-181.0,247,-0.137,-1.49,-0.917,0.503,0.844,0.956,2.707,2.707,bearish,flat
35815,1,2022-09-08 11:40:00,2022-09-08 11:45:00,17743.95,False,17723.15,17719.67,3.48,14.64,29,87.6,-0.022,397,140.95,5.1,6.25,-0.75,False,10.55,12.35,-0.75,False,7.15,12.35,-0.75,False,7.45,12.95,-2.55,False,7.1,17.6,-12.4,False,-1.5,17.6,-51.05,False,56.15,63.0,-51.05,True,56.15,85.35,247,0.282,-0.053,0.123,0.827,2.891,2.42,-0.734,-0.734,bearish,flat
35825,1,2022-09-08 12:30:00,2022-09-08 12:35:00,17747.95,False,17731.55,17725.25,6.3,12.26,39,87.6,0.005,387,136.95,11.75,12.75,-0.6,False,3.1,13.6,-0.6,False,-1.7,13.6,-7.1,False,-36.75,13.6,-55.05,False,-11.35,13.6,-55.05,False,29.05,31.0,-55.05,False,52.15,59.0,-55.05,True,52.15,81.35,247,1.375,0.802,-0.55,-0.441,0.601,-1.415,-2.823,-2.823,bearish,flat
35833,1,2022-09-08 13:10:00,2022-09-08 13:15:00,17722.95,False,17692.9,17726.01,-33.11,14.8,47,87.6,-0.141,379,161.95,11.95,14.6,-0.8,False,14.15,16.65,-0.8,False,18.9,21.05,-0.8,False,19.5,26.75,-0.8,False,23.8,31.95,-4.75,False,73.4,84.0,-4.75,False,77.15,84.0,-4.75,True,77.15,106.35,247,0.991,0.46,0.079,1.37,-1.957,-1.066,-1.784,-1.784,bearish,flat
35843,1,2022-09-08 14:00:00,2022-09-08 14:05:00,17751.0,False,17718.2,17727.55,-9.35,14.62,57,87.6,0.014,369,133.9,1.4,3.9,-2.1,False,-4.25,3.9,-11.2,False,-2.3,3.9,-11.2,False,26.0,27.95,-11.2,False,47.8,55.2,-11.2,False,49.1,55.95,-11.2,True,49.1,55.95,-11.2,True,49.1,78.3,247,0.207,-0.942,-1.113,0.638,0.493,-0.769,-0.769,-0.769,bearish,flat
35847,1,2022-09-08 14:20:00,2022-09-08 14:25:00,17759.6,False,17739.8,17728.8,11.0,13.6,61,87.6,0.062,365,125.3,11.45,12.1,-0.4,False,17.4,19.35,-0.4,False,13.15,20.7,-0.4,False,32.35,41.1,-0.4,False,36.6,47.35,-0.4,False,40.5,47.35,-0.4,True,40.5,47.35,-0.4,True,40.5,69.7,247,1.542,1.199,0.289,0.706,0.688,-0.209,-0.209,-0.209,bearish,flat
35900,1,2022-09-09 12:30:00,2022-09-09 12:35:00,17837.5,False,17816.75,17782.51,34.24,14.52,114,87.6,-0.483,312,47.4,9.1,14.6,-0.9,False,21.6,22.45,-0.9,False,13.05,23.75,-0.9,False,-3.4,23.75,-4.6,False,-20.35,23.75,-51.35,False,4.05,24.45,-51.35,False,-8.2,30.8,-51.35,True,-8.2,94.1,247,1.375,0.802,-0.55,-0.441,0.601,-1.415,-2.823,-2.823,bearish,flat
35912,1,2022-09-09 13:30:00,2022-09-09 13:35:00,17817.1,False,17786.15,17787.07,-0.92,16.09,126,87.6,-0.593,300,67.8,-3.35,9.9,-9.95,False,2.2,9.9,-11.55,False,20.15,21.45,-11.55,False,27.45,38.2,-11.55,False,24.45,44.85,-11.55,False,12.2,51.2,-11.55,True,12.2,51.2,-11.55,True,12.2,114.5,247,1.263,-0.277,-0.33,-2.635,-2.024,-3.431,-3.431,-3.431,bearish,flat
35935,1,2022-09-09 15:25:00,2022-09-12 09:15:00,17890.85,True,17809.7,17795.08,14.62,15.69,149,87.6,-0.525,277,-5.95,29.85,33.9,0.0,False,16.45,33.9,0.0,False,24.4,33.9,0.0,False,46.2,50.85,0.0,False,76.25,76.95,0.0,False,56.05,79.35,0.0,False,61.7,79.9,0.0,False,40.75,175.65,0,,,,,,,,,bearish,flat
36173,1,2022-09-15 10:15:00,2022-09-15 10:20:00,17982.7,False,17941.85,17918.18,23.67,27.97,387,87.6,-0.354,39,-97.8,5.0,14.3,-1.0,False,-9.85,14.3,-25.6,False,-39.45,14.3,-40.05,False,-83.7,14.3,-86.05,False,-84.7,14.3,-117.05,False,-97.65,14.3,-117.05,False,-69.35,14.3,-119.5,False,-110.4,-432.6,247,-0.353,-1.139,-0.971,-0.969,0.321,4.437,0.83,1.174,bearish,flat
36181,1,2022-09-15 10:55:00,2022-09-15 11:00:00,17914.55,False,17885.05,17918.55,-33.5,26.46,395,87.6,-0.729,31,-29.65,-4.7,9.75,-7.0,False,-28.0,9.75,-29.65,False,-27.05,9.75,-38.85,False,5.8,9.75,-48.9,False,-16.8,26.2,-48.9,False,-0.15,26.2,-48.9,False,-1.95,47.85,-51.35,False,-42.25,-364.45,247,-0.27,-0.759,0.471,1.183,2.175,3.522,1.699,1.318,bearish,flat
36199,1,2022-09-15 12:25:00,2022-09-15 12:30:00,17902.05,False,17877.25,17917.9,-40.65,20.21,413,87.6,-0.798,13,-17.15,3.95,5.95,-3.9,False,8.45,12.2,-3.9,False,-1.4,12.2,-3.9,False,12.35,18.7,-3.9,False,8.55,39.1,-3.9,False,28.7,39.1,-38.85,False,-29.75,60.35,-40.1,True,-29.75,-351.95,247,0.137,1.49,0.917,-0.503,-0.844,-0.956,-2.707,-2.707,bearish,flat
36205,1,2022-09-15 12:55:00,2022-09-15 13:00:00,17914.1,False,17898.85,17917.75,-18.9,16.75,419,87.6,-0.731,7,-29.2,2.3,10.3,0.0,False,24.1,24.2,0.0,False,9.15,27.05,0.0,False,-3.5,27.05,-14.3,False,-7.8,27.05,-50.9,False,-1.5,48.3,-50.9,False,-41.8,48.3,-52.15,True,-41.8,-364.0,247,0.225,-0.221,-0.298,-0.294,-1.174,-1.775,-2.157,-2.157,bearish,flat
36235,1,2022-09-15 15:25:00,2022-09-16 09:15:00,17796.8,True,17861.95,17906.07,-44.12,17.49,10,12.7,-0.964,0,-6.15,-6.15,19.0,-79.35,False,-29.2,19.0,-79.35,False,-13.7,19.0,-79.35,False,-50.95,19.0,-79.35,False,-130.45,19.0,-151.35,False,-96.95,19.0,-153.0,False,-196.4,19.0,-196.5,False,-246.7,-164.95,0,,,,,,,,,bearish,flat
36322,-1,2022-09-19 10:10:00,2022-09-19 10:15:00,17625.3,False,17652.1,17661.72,-9.62,37.0,86,71.3,0.483,63,-180.1,-6.25,10.9,-10.7,False,-24.65,10.9,-34.4,False,-19.45,10.9,-34.4,False,-24.4,10.9,-40.65,False,-25.1,10.9,-40.65,False,-8.15,45.95,-40.65,False,-29.45,45.95,-40.65,False,-6.55,-165.95,247,1.101,1.486,2.272,2.358,0.805,-1.602,0.132,-0.041,bearish,flat
36329,-1,2022-09-19 10:45:00,2022-09-19 10:50:00,17635.6,False,17665.95,17660.5,5.45,30.5,93,71.3,0.543,56,-169.8,-10.7,0.15,-15.5,False,-14.0,5.55,-15.5,False,-21.7,5.55,-22.35,False,-14.1,8.25,-29.85,False,20.85,46.25,-29.85,False,-5.95,56.25,-29.85,False,8.65,56.25,-29.85,False,3.75,-155.65,247,-0.091,-0.754,-0.549,-1.283,-3.153,-4.41,-2.349,-2.137,bearish,flat
36338,-1,2022-09-19 11:30:00,2022-09-19 11:35:00,17615.5,False,17665.45,17659.28,6.17,26.26,102,71.3,0.425,47,-189.9,5.1,15.5,-3.15,False,25.35,26.15,-3.15,False,0.75,26.15,-3.15,False,-19.1,36.15,-20.2,False,-9.15,36.15,-39.3,False,14.7,36.15,-39.3,False,-16.35,36.15,-48.75,True,-16.35,-175.75,247,-0.172,0.147,-0.126,-0.027,-1.954,-2.534,0.89,0.89,bearish,flat
36342,-1,2022-09-19 11:50:00,2022-09-19 11:55:00,17580.45,False,17617.9,17657.3,-39.4,26.33,106,71.3,0.224,43,-224.95,-33.3,1.1,-34.8,False,-54.15,1.1,-55.25,False,-56.6,1.1,-69.05,False,-60.5,1.1,-74.35,False,-34.85,1.1,-74.35,False,-67.45,1.1,-75.75,False,-51.4,1.1,-83.8,True,-51.4,-210.8,247,-0.186,-0.246,-1.073,-2.441,-1.249,-1.5,0.671,0.671,bearish,flat
36350,-1,2022-09-19 12:30:00,2022-09-19 12:35:00,17623.65,False,17654.8,17655.79,-0.99,22.54,114,71.3,0.479,35,-181.75,-1.55,12.2,-3.85,False,-7.55,12.2,-7.55,False,-17.9,12.2,-21.9,False,0.65,17.05,-21.9,False,22.85,38.1,-21.9,False,-17.45,38.1,-40.6,False,-8.2,38.1,-40.6,True,-8.2,-167.6,247,-1.375,-0.802,0.55,0.441,-0.601,1.415,2.823,2.823,bearish,flat
36354,-1,2022-09-19 12:50:00,2022-09-19 12:55:00,17615.95,False,17645.55,17654.9,-9.35,22.07,118,71.3,0.426,31,-189.45,-3.25,7.95,-8.1,False,-7.05,9.35,-10.9,False,-8.3,9.35,-21.45,False,11.15,15.3,-21.45,False,-31.95,30.4,-40.25,False,-2.0,30.4,-48.3,False,-15.9,30.4,-48.3,True,-15.9,-175.3,247,-0.388,-0.566,-0.12,-0.428,-0.355,0.9,1.816,1.816,bearish,flat
36369,-1,2022-09-19 14:05:00,2022-09-19 14:10:00,17634.35,False,17664.25,17651.82,12.43,19.07,133,71.3,0.534,16,-171.05,-20.4,3.75,-23.5,False,-23.8,3.75,-29.1,False,4.85,9.3,-29.1,False,13.75,24.1,-29.1,False,18.0,46.9,-29.1,False,2.5,46.9,-29.1,True,2.5,46.9,-29.1,True,2.5,-156.9,247,1.231,1.402,0.766,0.56,-0.985,1.058,1.058,1.058,bearish,flat
36372,-1,2022-09-19 14:20:00,2022-09-19 14:25:00,17629.35,False,17663.45,17651.74,11.71,20.34,136,71.3,0.507,13,-176.05,14.85,17.9,-2.2,False,-11.75,19.1,-12.05,False,8.75,19.1,-14.05,False,11.4,19.1,-14.05,False,-3.3,41.9,-14.05,False,-2.5,41.9,-14.05,True,-2.5,41.9,-14.05,True,-2.5,-161.9,247,-1.542,-1.199,-0.289,-0.706,-0.688,0.209,0.209,0.209,bearish,flat
36414,1,2022-09-20 11:35:00,2022-09-20 11:40:00,17858.8,False,17844.35,17809.87,34.48,15.51,28,141.95,0.499,41,-34.25,9.6,11.1,0.0,False,9.15,14.2,0.0,False,2.45,14.2,-7.7,False,22.45,25.6,-7.7,False,46.15,59.65,-7.7,False,13.75,59.65,-7.7,False,-67.55,59.65,-78.3,True,-67.55,-142.9,247,-0.283,-0.01,-0.346,0.718,3.171,3.668,-1.027,-1.027,bearish,flat
36454,1,2022-09-20 14:55:00,2022-09-20 15:00:00,17866.9,False,17838.9,17849.67,-10.77,16.81,68,141.95,0.527,1,-42.35,-18.5,1.95,-21.8,False,-42.35,1.95,-50.95,False,-62.35,1.95,-64.05,False,-75.65,1.95,-86.4,False,-75.65,1.95,-86.4,True,-75.65,1.95,-86.4,True,-75.65,1.95,-86.4,True,-75.65,-151.0,247,0.834,1.616,0.29,-0.427,-0.427,-0.427,-0.427,-0.427,bearish,flat
36478,-1,2022-09-21 10:40:00,2022-09-21 10:45:00,17795.75,False,17820.3,17822.3,-2.0,21.79,22,14.35,0.169,666,550.15,-11.05,1.7,-12.9,False,-17.0,1.7,-21.2,False,-15.05,1.7,-21.2,False,-9.25,1.7,-21.2,False,46.6,51.2,-21.2,False,78.2,132.05,-21.2,False,45.75,132.05,-21.2,False,79.85,159.8,247,-0.256,-0.355,-1.018,-1.554,-3.144,-6.025,-2.547,-2.4,bearish,flat
36486,-1,2022-09-21 11:20:00,2022-09-21 11:25:00,17799.4,False,17816.95,17819.4,-2.45,17.65,30,14.35,0.185,658,553.8,25.2,26.1,-2.0,False,33.65,39.95,-2.0,False,30.8,39.95,-2.0,False,85.85,86.8,-2.0,False,119.4,132.1,-2.0,False,82.7,135.7,-2.0,False,89.85,135.7,-2.0,False,83.5,163.45,247,0.606,-0.462,-0.59,-0.21,-2.64,-1.772,-0.426,0.471,bearish,flat
36506,-1,2022-09-21 13:00:00,2022-09-21 13:05:00,17722.0,False,17747.05,17787.2,-40.15,21.73,50,14.35,-0.248,638,476.4,8.2,8.2,-6.8,False,9.9,15.65,-6.8,False,-1.1,15.65,-7.55,False,-8.5,15.65,-9.9,False,-48.9,15.65,-56.1,False,3.35,15.65,-71.9,False,6.1,15.65,-71.9,True,6.1,86.05,247,0.381,0.458,-0.458,-1.107,1.52,1.055,2.317,2.317,bearish,flat
36517,-1,2022-09-21 13:55:00,2022-09-21 14:00:00,17757.0,False,17778.1,17779.8,-1.7,18.97,61,14.35,-0.052,627,511.4,-13.9,6.8,-16.6,False,-25.65,6.8,-26.8,False,-28.6,6.8,-36.9,False,-6.8,6.8,-36.9,False,22.25,33.55,-36.9,False,41.1,49.25,-36.9,True,41.1,49.25,-36.9,True,41.1,121.05,247,0.21,0.03,1.179,-0.745,0.625,1.006,1.006,1.006,bearish,flat
36521,-1,2022-09-21 14:15:00,2022-09-21 14:20:00,17778.8,False,17793.9,17779.7,14.2,18.45,65,14.35,0.069,623,533.2,11.7,18.3,-2.25,False,15.0,23.45,-2.25,False,31.65,32.0,-2.25,False,51.2,54.75,-2.25,False,56.5,65.9,-2.25,False,62.9,71.05,-2.25,True,62.9,71.05,-2.25,True,62.9,142.85,247,-0.729,-2.188,-1.844,-0.649,-1.488,-0.437,-0.437,-0.437,bearish,flat
36599,-1,2022-09-22 14:30:00,2022-09-22 14:35:00,17686.05,False,17722.65,17713.77,8.88,22.29,143,14.35,0.433,545,440.45,8.3,19.15,-2.9,False,8.0,19.15,-2.9,False,23.45,23.45,-11.1,False,36.4,51.25,-11.1,False,50.1,73.75,-11.1,True,50.1,73.75,-11.1,True,50.1,73.75,-11.1,True,50.1,353.8,247,0.81,1.161,1.096,0.046,1.308,1.308,1.308,1.308,bearish,flat
37140,-1,2022-10-04 09:35:00,2022-10-04 09:40:00,17195.7,False,17235.7,17209.86,25.84,39.87,684,14.35,0.282,4,-49.9,14.35,17.6,-10.1,False,7.65,19.1,-10.1,False,-6.1,19.1,-14.65,False,-48.6,19.1,-53.0,False,-41.05,19.1,-53.0,False,-14.1,19.1,-61.8,False,-62.45,19.1,-72.2,False,-81.75,-121.3,247,-1.241,-3.208,-3.446,-2.912,-0.276,-3.645,-7.277,-2.583,bullish,flat
37159,1,2022-10-04 11:10:00,2022-10-04 11:15:00,17218.85,False,17191.4,17225.01,-33.61,23.43,14,9.9,0.417,144,41.0,-4.05,4.35,-6.55,False,-10.35,4.35,-13.6,False,-15.65,4.35,-23.8,False,-0.3,6.4,-23.8,False,18.3,25.45,-23.8,False,27.05,43.2,-23.8,False,54.9,65.6,-23.8,False,58.6,98.15,247,0.033,1.405,0.753,1.63,2.448,2.746,1.605,0.887,bullish,flat
37165,1,2022-10-04 11:40:00,2022-10-04 11:45:00,17218.8,False,17195.05,17221.29,-26.24,20.15,20,9.9,0.415,138,41.05,-4.05,2.4,-5.9,False,10.75,10.75,-5.9,False,14.3,19.45,-5.9,False,18.35,25.5,-5.9,False,36.85,43.25,-5.9,False,32.3,49.8,-5.9,False,58.65,65.65,-5.9,True,58.65,98.2,247,0.282,-0.053,0.123,0.827,2.891,2.42,-0.734,-0.734,bullish,flat
37278,1,2022-10-06 14:50:00,2022-10-06 14:55:00,17356.0,False,17328.35,17311.83,16.52,15.93,133,9.9,-0.136,25,-96.15,3.75,8.1,-6.9,False,-7.5,8.1,-9.4,False,-28.95,8.1,-29.85,False,-29.6,8.1,-34.85,False,-39.0,8.1,-39.0,True,-39.0,8.1,-39.0,True,-39.0,8.1,-39.0,True,-39.0,-39.85,247,-0.5,0.38,1.162,0.015,-0.882,-0.882,-0.882,-0.882,bullish,flat
37303,1,2022-10-07 10:40:00,2022-10-07 10:45:00,17277.1,False,17260.85,17309.67,-48.82,19.07,158,9.9,-0.057,0,-17.25,-17.25,0.6,-17.6,False,-9.4,0.6,-22.75,False,-21.65,0.6,-27.35,False,-9.8,0.6,-33.4,False,-17.6,0.6,-33.4,False,2.05,6.5,-59.6,False,27.65,34.5,-59.6,False,39.05,-24.65,247,0.256,0.355,1.018,1.554,3.144,6.025,2.547,2.4,bullish,flat
37318,-1,2022-10-07 11:55:00,2022-10-07 12:00:00,17247.55,False,17273.95,17269.57,4.38,15.92,14,1.0,-0.232,8,-31.6,19.15,20.85,-0.05,False,23.15,25.5,-0.05,False,17.2,30.05,-0.05,False,-1.15,30.05,-1.15,False,-18.75,30.05,-37.2,False,-32.85,30.05,-44.85,False,-68.6,30.05,-89.4,True,-68.6,-4.9,247,-0.07,-0.896,-0.714,-1.862,-1.356,-0.135,0.848,0.848,bullish,flat
37332,1,2022-10-07 13:05:00,2022-10-07 13:10:00,17277.35,False,17261.8,17259.37,2.43,13.97,5,5.2,-0.056,28,-182.25,-12.2,1.35,-13.8,False,-15.5,1.35,-22.5,False,-14.35,1.35,-22.5,False,-14.9,1.35,-28.4,False,13.75,21.3,-28.4,False,35.25,59.6,-28.4,False,38.8,59.6,-28.4,True,38.8,-24.9,247,0.016,0.932,0.401,2.852,-0.867,0.201,-1.843,-1.843,bullish,flat
37339,1,2022-10-07 13:40:00,2022-10-07 13:45:00,17276.9,False,17248.95,17260.84,-11.89,13.37,12,5.2,-0.059,21,-181.8,-4.2,3.15,-5.9,False,14.75,15.5,-5.9,False,3.5,15.5,-5.9,False,7.65,21.75,-5.9,False,27.85,34.7,-5.9,False,39.25,60.05,-5.9,True,39.25,60.05,-5.9,True,39.25,-24.45,247,0.016,-0.914,-2.103,-3.258,-2.939,-3.085,-3.085,-3.085,bullish,flat
37352,1,2022-10-07 14:45:00,2022-10-07 14:50:00,17327.85,False,17288.1,17274.46,13.64,14.98,25,5.2,0.234,8,-232.75,7.75,9.1,-1.15,False,-4.15,9.1,-8.55,False,-16.35,9.1,-17.3,False,-17.5,9.1,-26.8,False,-11.7,9.1,-26.8,True,-11.7,9.1,-26.8,True,-11.7,9.1,-26.8,True,-11.7,-75.4,247,0.699,0.165,1.045,0.834,-0.216,-0.216,-0.216,-0.216,bullish,flat
37359,1,2022-10-07 15:20:00,2022-10-07 15:25:00,17321.5,False,17301.05,17282.18,18.87,13.69,32,5.2,0.2,1,-226.4,-5.35,0.0,-8.55,False,-5.35,0.0,-8.55,True,-5.35,0.0,-8.55,True,-5.35,0.0,-8.55,True,-5.35,0.0,-8.55,True,-5.35,0.0,-8.55,True,-5.35,0.0,-8.55,True,-5.35,-69.05,247,-0.884,-0.884,-0.884,-0.884,-0.884,-0.884,-0.884,-0.884,bullish,flat
37377,-1,2022-10-10 10:35:00,2022-10-10 10:40:00,17091.25,False,17117.7,17166.39,-48.69,21.69,16,153.85,-0.02,22,-166.75,-4.45,7.8,-5.45,False,-7.1,7.8,-9.0,False,-15.1,7.8,-18.3,False,-23.9,7.8,-25.1,False,-54.1,7.8,-57.65,False,-169.75,7.8,-179.3,False,-125.9,7.8,-188.65,False,-161.2,127.1,247,0.023,-0.231,-0.33,-0.299,-3.437,-6.573,-2.873,-2.375,bullish,flat
37382,-1,2022-10-10 11:00:00,2022-10-10 11:05:00,17102.1,False,17113.65,17155.53,-41.88,18.88,21,153.85,0.045,17,-155.9,-13.05,3.85,-14.25,False,-23.4,3.85,-26.8,False,-20.3,3.85,-27.25,False,-39.05,3.85,-39.75,False,-87.2,3.85,-97.6,False,-141.85,3.85,-177.8,False,-120.6,3.85,-177.8,False,-150.35,137.95,247,0.471,-0.76,-0.752,-2.54,-2.523,-3.988,-2.868,-1.606,bullish,flat
37386,-1,2022-10-10 11:20:00,2022-10-10 11:25:00,17121.45,False,17129.35,17151.35,-22.0,17.24,25,153.85,0.156,13,-136.55,-5.2,3.8,-5.55,False,-19.7,3.8,-20.4,False,-23.9,3.8,-27.45,False,-53.7,3.8,-60.1,False,-82.4,3.8,-112.25,False,-96.8,3.8,-158.45,False,-123.55,3.8,-158.45,False,-131.0,157.3,247,0.606,-0.462,-0.59,-0.21,-2.64,-1.772,-0.426,0.471,bullish,flat
37426,-1,2022-10-10 14:40:00,2022-10-10 14:45:00,17197.4,False,17224.0,17187.63,36.37,21.43,9,16.75,0.602,1,-41.0,-25.6,0.85,-25.6,False,-41.0,0.85,-47.95,False,-35.2,0.85,-47.95,False,-55.8,0.85,-64.3,False,-55.05,0.85,-64.3,True,-55.05,0.85,-64.3,True,-55.05,0.85,-64.3,True,-55.05,233.25,247,-0.17,-0.873,-0.339,-0.676,0.042,0.042,0.042,0.042,bullish,flat
37449,-1,2022-10-11 10:20:00,2022-10-11 10:25:00,17157.5,False,17188.2,17201.51,-13.31,22.31,13,3.15,-0.573,211,-155.05,23.15,25.15,-0.05,False,30.5,40.7,-0.05,False,6.15,40.7,-0.05,False,0.35,40.7,-14.6,False,-7.9,40.7,-14.6,False,-19.6,40.7,-55.85,False,50.55,54.95,-55.85,False,193.35,28.45,247,1.062,0.894,1.056,0.794,-1.77,-4.364,-1.544,-1.252,bullish,flat
37473,-1,2022-10-11 12:20:00,2022-10-11 12:25:00,17176.95,False,17213.35,17186.76,26.59,16.88,37,3.15,-0.458,187,-135.6,26.2,26.55,-1.3,False,38.6,50.3,-1.3,False,51.35,61.25,-1.3,False,48.75,73.0,-1.3,False,53.45,73.0,-1.3,False,70.0,74.4,-1.3,False,212.8,226.3,-1.3,True,212.8,47.9,247,0.358,0.224,-1.13,1.148,0.824,2.776,3.068,3.068,bullish,flat
37552,-1,2022-10-12 12:40:00,2022-10-12 12:45:00,17070.9,False,17105.3,17111.27,-5.97,20.03,116,3.15,0.269,108,-241.65,3.6,5.45,-5.1,False,-11.1,5.6,-14.75,False,12.1,16.85,-18.95,False,22.85,27.35,-18.95,False,20.85,35.4,-18.95,False,-48.3,35.4,-54.4,False,-58.15,35.4,-70.75,True,-58.15,53.1,247,1.307,1.66,1.376,1.722,0.426,3.434,3.581,3.581,bullish,flat
37569,-1,2022-10-12 14:05:00,2022-10-12 14:10:00,17085.75,False,17102.05,17105.84,-3.79,18.25,133,3.15,0.35,91,-226.8,-5.85,0.0,-14.5,False,-16.6,0.0,-27.75,False,-19.05,0.0,-27.75,False,-20.0,0.0,-33.75,False,-47.0,0.0,-55.9,False,-43.3,0.0,-55.9,True,-43.3,0.0,-55.9,True,-43.3,67.95,247,1.231,1.402,0.766,0.56,-0.985,1.058,1.058,1.058,bullish,flat
37583,-1,2022-10-12 15:15:00,2022-10-12 15:20:00,17122.45,False,17141.65,17106.44,35.21,17.4,147,3.15,0.568,77,-190.1,-3.2,3.55,-4.15,False,-6.6,3.55,-10.3,False,-6.6,3.55,-10.3,True,-6.6,3.55,-10.3,True,-6.6,3.55,-10.3,True,-6.6,3.55,-10.3,True,-6.6,3.55,-10.3,True,-6.6,104.65,247,0.252,1.149,1.149,1.149,1.149,1.149,1.149,1.149,bullish,flat
37586,-1,2022-10-13 09:15:00,2022-10-13 09:20:00,17086.0,False,17132.75,17106.6,26.15,18.46,150,3.15,0.006,74,-226.55,-13.0,12.25,-16.2,False,-1.6,12.25,-17.6,False,1.3,15.6,-17.6,False,10.55,33.4,-17.6,False,42.2,66.45,-17.6,False,83.05,89.15,-17.6,False,72.95,128.35,-17.6,False,68.2,-114.35,247,-2.385,0.037,0.957,1.107,2.874,2.586,-1.043,1.732,bullish,flat
37594,-1,2022-10-13 09:55:00,2022-10-13 10:00:00,17053.3,False,17076.1,17105.06,-28.96,19.61,158,3.15,-0.199,66,-259.25,-0.85,11.75,-12.25,False,9.45,11.75,-12.25,False,24.25,26.3,-12.25,False,39.3,41.85,-12.25,False,17.95,56.45,-12.25,False,86.55,93.85,-12.25,False,45.1,95.65,-12.25,False,35.5,-147.05,247,-0.63,0.163,0.535,2.805,1.874,-0.366,-0.491,0.491,bullish,flat
37653,-1,2022-10-13 14:50:00,2022-10-13 14:55:00,17048.9,False,17080.25,17082.09,-1.84,17.88,217,3.15,-0.218,7,-263.65,12.05,16.65,-1.25,False,41.9,48.95,-1.25,False,33.0,56.75,-1.25,False,25.2,56.75,-1.25,False,31.1,56.75,-1.25,True,31.1,56.75,-1.25,True,31.1,56.75,-1.25,True,31.1,-151.45,247,0.5,-0.38,-1.162,-0.015,0.882,0.882,0.882,0.882,bullish,flat
37679,1,2022-10-14 10:45:00,2022-10-14 10:50:00,17280.6,False,17252.0,17232.1,19.9,23.34,18,179.8,-0.254,36,-12.3,-4.7,0.4,-6.25,False,5.05,7.7,-12.3,False,5.05,7.7,-12.3,False,20.35,23.15,-12.3,False,28.95,30.0,-12.3,False,18.65,67.05,-12.3,False,-46.7,67.05,-84.4,False,-80.25,39.95,247,0.091,0.754,0.549,1.283,3.153,4.41,2.349,2.137,bullish,flat
37691,1,2022-10-14 11:45:00,2022-10-14 11:50:00,17309.6,False,17297.8,17253.31,44.49,15.79,30,179.8,-0.074,24,-41.3,-11.15,2.05,-15.45,False,-3.15,2.05,-15.45,False,18.0,18.6,-15.45,False,30.95,38.05,-15.45,False,-10.35,38.05,-15.45,False,-15.4,38.05,-41.0,False,-109.25,38.05,-139.5,True,-109.25,10.95,247,-0.221,-0.045,0.016,2.361,1.371,2.199,-0.902,-0.902,bullish,flat
37706,1,2022-10-14 13:00:00,2022-10-14 13:05:00,17286.25,False,17272.35,17271.62,0.73,14.94,45,179.8,-0.21,9,-17.95,-1.85,5.0,-10.25,False,3.2,5.0,-10.25,False,-9.6,5.0,-17.65,False,9.8,20.3,-17.65,False,-32.35,25.15,-50.4,False,-100.85,25.15,-116.15,False,-85.9,25.15,-116.15,True,-85.9,34.3,247,-0.381,-0.458,0.458,1.107,-1.52,-1.055,-2.317,-2.317,bullish,flat
37710,1,2022-10-14 13:20:00,2022-10-14 13:25:00,17293.95,False,17268.6,17272.53,-3.93,15.55,49,179.8,-0.16,5,-25.65,6.95,12.6,0.0,False,2.1,12.6,-3.6,False,7.9,12.6,-3.6,False,-25.65,17.45,-26.2,False,-59.0,17.45,-81.3,False,-99.2,17.45,-123.85,False,-93.6,17.45,-123.85,True,-93.6,26.6,247,-0.338,1.223,2.493,-0.03,-1.908,-1.304,-2.201,-2.201,bullish,flat
37721,-1,2022-10-14 14:15:00,2022-10-14 14:20:00,17232.35,False,17271.7,17268.97,2.73,17.49,5,0.3,-0.514,30,-40.1,-2.6,19.7,-4.85,False,2.05,19.7,-13.0,False,24.45,36.15,-13.0,False,-1.55,36.15,-13.0,False,46.8,62.25,-13.0,False,32.0,62.25,-13.0,True,32.0,62.25,-13.0,True,32.0,-88.2,247,-0.729,-2.188,-1.844,-0.649,-1.488,-0.437,-0.437,-0.437,bullish,flat
37750,-1,2022-10-17 10:25:00,2022-10-17 10:30:00,17217.35,False,17249.45,17206.83,42.62,24.11,34,0.3,0.425,1,-55.1,-20.75,0.6,-25.25,False,-55.1,0.6,-55.45,False,-57.9,0.6,-66.45,False,-32.45,0.6,-66.7,False,-33.45,0.6,-66.7,False,-70.4,0.6,-73.75,False,-83.95,0.6,-110.85,False,-103.2,-273.25,247,-0.204,-0.042,0.049,-0.967,-2.215,-5.059,-4.1,-2.349,bullish,flat
37955,1,2022-10-19 15:00:00,2022-10-19 15:05:00,17502.95,False,17472.9,17433.59,39.31,19.21,203,23.0,-0.367,3026,710.7,3.35,11.55,-3.1,False,6.4,13.75,-3.1,False,10.1,13.75,-3.1,False,15.9,27.9,-3.1,True,15.9,27.9,-3.1,True,15.9,27.9,-3.1,True,15.9,27.9,-3.1,True,15.9,62.3,247,0.425,-0.901,-0.568,-1.619,-1.619,-1.619,-1.619,-1.619,bullish,flat
37962,1,2022-10-20 09:20:00,2022-10-20 09:25:00,17454.9,False,17423.1,17435.53,-12.43,22.43,210,23.0,0.185,3019,758.75,-9.0,14.05,-9.0,False,-20.6,14.05,-23.6,False,-11.15,14.05,-23.6,False,18.8,18.8,-33.4,False,20.6,32.7,-33.4,False,33.55,63.2,-33.4,False,56.35,69.5,-33.4,False,110.35,128.85,247,-2.434,-3.354,-6.715,-3.267,-5.656,-3.611,-1.885,-4.129,bullish,flat
37968,1,2022-10-20 09:50:00,2022-10-20 09:55:00,17473.45,False,17421.5,17435.82,-14.32,23.06,216,23.0,0.29,3013,740.2,-1.5,5.45,-9.4,False,-0.35,5.45,-12.8,False,-3.9,5.45,-12.8,False,2.05,14.15,-14.3,False,22.6,44.65,-14.3,False,7.35,44.65,-14.3,False,7.05,50.95,-14.3,False,91.8,110.3,247,-0.42,0.309,-0.484,-2.34,-2.859,-0.132,1.358,-0.813,bullish,flat
37978,1,2022-10-20 10:40:00,2022-10-20 10:45:00,17498.65,False,17459.3,17437.4,21.9,20.0,226,23.0,0.432,3003,715.0,7.9,18.05,-5.55,False,-2.6,19.45,-5.55,False,-6.6,19.45,-10.2,False,-18.35,19.45,-24.8,False,-9.3,19.45,-28.55,False,6.55,19.45,-33.55,False,31.8,49.9,-33.55,False,66.6,85.1,247,0.256,0.355,1.018,1.554,3.144,6.025,2.547,2.4,bullish,flat
37990,1,2022-10-20 11:40:00,2022-10-20 11:45:00,17493.3,False,17470.1,17439.85,30.25,16.84,238,23.0,0.38,2991,720.35,-12.45,0.75,-13.7,False,-12.5,0.75,-15.95,False,-7.55,0.75,-16.15,False,-17.2,0.75,-28.2,False,11.9,16.4,-28.2,False,-11.65,31.1,-28.2,False,71.95,90.8,-28.2,True,71.95,90.45,247,0.282,-0.053,0.123,0.827,2.891,2.42,-0.734,-0.734,bullish,flat
37996,1,2022-10-20 12:10:00,2022-10-20 12:15:00,17475.9,False,17465.1,17440.75,24.35,15.09,244,23.0,0.304,2985,737.75,14.9,16.6,-0.3,False,25.7,26.75,-0.3,False,28.05,33.8,-0.3,False,29.3,33.8,-0.3,False,30.3,48.5,-0.3,False,30.25,48.5,-7.15,False,89.35,108.2,-7.15,True,89.35,107.85,247,1.718,1.568,1.166,2.081,0.314,-1.717,-1.544,-1.544,bullish,flat
38002,1,2022-10-20 12:40:00,2022-10-20 12:45:00,17505.05,False,17491.8,17442.06,49.74,14.06,250,23.0,0.471,2979,708.6,8.35,8.7,-0.75,False,5.25,14.1,-0.75,False,8.75,14.1,-0.75,False,1.15,19.35,-9.55,False,-23.4,19.35,-26.65,False,25.4,43.5,-36.3,False,60.2,79.05,-36.3,True,60.2,78.7,247,-1.307,-1.66,-1.376,-1.722,-0.426,-3.434,-3.581,-3.581,bullish,flat
38019,1,2022-10-20 14:05:00,2022-10-20 14:10:00,17494.4,False,17468.75,17445.57,23.18,14.48,267,23.0,0.413,2962,719.25,11.75,12.15,-3.05,False,16.65,20.9,-3.05,False,12.8,21.75,-3.05,False,48.0,48.4,-3.05,False,64.45,65.55,-3.05,False,70.85,89.7,-3.05,True,70.85,89.7,-3.05,True,70.85,89.35,247,-1.231,-1.402,-0.766,-0.56,0.985,-1.058,-1.058,-1.058,bullish,flat
38024,1,2022-10-20 14:30:00,2022-10-20 14:35:00,17519.75,False,17495.15,17446.66,48.49,14.64,272,23.0,0.557,2957,693.9,22.65,23.05,-2.55,False,10.7,28.8,-2.55,False,4.55,28.8,-2.55,False,30.6,34.6,-2.55,False,45.5,64.35,-2.55,True,45.5,64.35,-2.55,True,45.5,64.35,-2.55,True,45.5,64.0,247,-0.81,-1.161,-1.096,-0.046,-1.308,-1.308,-1.308,-1.308,bullish,flat
38104,1,2022-10-21 14:55:00,2022-10-21 15:00:00,17550.2,False,17521.25,17483.17,38.08,18.59,352,23.0,-0.409,2877,663.45,11.65,18.7,-5.0,False,27.4,27.75,-5.0,False,20.8,30.75,-5.0,False,33.55,46.55,-5.0,False,33.55,46.55,-5.0,True,33.55,46.55,-5.0,True,33.55,46.55,-5.0,True,33.55,92.45,247,0.834,1.616,0.29,-0.427,-0.427,-0.427,-0.427,-0.427,bullish,flat
40834,1,2022-12-16 11:10:00,2022-12-16 11:15:00,18314.1,False,18271.2,18231.99,39.21,22.07,3082,23.0,-0.025,147,-100.45,3.95,12.35,-3.25,False,10.85,16.5,-3.25,False,20.75,24.65,-3.25,False,16.2,29.7,-3.6,False,14.4,29.7,-13.0,False,62.35,96.7,-13.0,False,-53.75,96.7,-56.35,False,-44.0,112.1,247,0.033,1.405,0.753,1.63,2.448,2.746,1.605,0.887,bearish,flat
40894,1,2022-12-19 09:55:00,2022-12-19 10:00:00,18313.0,False,18244.65,18233.75,10.9,23.34,3142,23.0,0.135,87,-99.35,24.45,26.8,0.0,False,21.05,33.4,0.0,False,20.55,33.4,0.0,False,32.65,40.95,0.0,False,13.55,45.15,0.0,False,52.95,58.95,0.0,False,56.25,70.4,0.0,False,113.2,72.85,247,0.63,-0.163,-0.535,-2.805,-1.874,0.366,0.491,-0.491,bearish,flat
40971,1,2022-12-20 10:05:00,2022-12-20 10:10:00,18241.65,False,18210.85,18236.47,-25.62,23.23,3219,23.0,-0.53,10,-28.0,-9.05,7.4,-10.8,False,-17.75,7.4,-20.9,False,-6.4,7.4,-24.05,False,-8.65,7.4,-24.05,False,-23.75,7.4,-38.45,False,2.95,7.4,-38.45,False,55.85,55.85,-38.45,False,144.2,-34.1,247,-0.365,-1.464,-1.849,-2.629,-2.398,1.422,0.654,-0.322,bearish,flat
40979,1,2022-12-20 10:45:00,2022-12-20 10:50:00,18240.4,False,18217.6,18236.46,-18.86,19.59,3227,23.0,-0.542,2,-26.75,-2.55,3.5,-9.0,False,-12.0,3.5,-14.9,False,-26.75,3.5,-28.7,False,-8.95,3.5,-37.2,False,-34.65,3.5,-37.2,False,23.25,40.95,-37.2,False,78.25,104.0,-37.2,False,145.45,-32.85,247,0.091,0.754,0.549,1.283,3.153,4.41,2.349,2.137,bearish,flat
41006,1,2022-12-20 13:00:00,2022-12-20 13:05:00,18284.3,False,18252.7,18252.12,0.58,14.3,11,7.85,-0.307,68,8.15,-12.0,7.6,-12.0,False,-23.3,7.6,-23.3,False,-23.9,7.6,-31.25,False,-28.85,7.6,-31.25,False,1.65,7.6,-36.95,False,84.25,91.75,-36.95,False,101.55,120.35,-36.95,True,101.55,-76.75,247,-0.381,-0.458,0.458,1.107,-1.52,-1.055,-2.317,-2.317,bearish,flat
41010,1,2022-12-20 13:20:00,2022-12-20 13:25:00,18269.85,False,18253.05,18255.49,-2.44,14.54,15,7.85,-0.378,64,22.6,-7.4,2.8,-8.75,False,-14.4,2.8,-15.2,False,-7.6,2.8,-22.5,False,-5.8,14.2,-22.5,False,57.05,64.0,-22.5,False,118.4,134.8,-22.5,False,116.0,134.8,-22.5,True,116.0,-62.3,247,-0.338,1.223,2.493,-0.03,-1.908,-1.304,-2.201,-2.201,bearish,flat
41014,1,2022-12-20 13:40:00,2022-12-20 13:45:00,18274.85,False,18247.35,18256.92,-9.57,14.77,19,7.85,-0.352,60,17.6,2.5,9.2,-0.3,False,-10.8,9.2,-12.75,False,4.7,9.2,-12.75,False,24.0,34.7,-12.75,False,56.85,69.55,-12.75,False,111.0,129.8,-12.75,True,111.0,129.8,-12.75,True,111.0,-67.3,247,0.016,-0.914,-2.103,-3.258,-2.939,-3.085,-3.085,-3.085,bearish,flat
41017,1,2022-12-20 13:55:00,2022-12-20 14:00:00,18279.65,False,18262.1,18258.86,3.24,14.65,22,7.85,-0.331,57,12.8,6.3,6.35,-1.35,False,17.85,17.85,-1.35,False,19.2,29.9,-1.35,False,48.95,54.2,-1.35,False,56.9,64.75,-1.35,False,106.2,125.0,-1.35,True,106.2,125.0,-1.35,True,106.2,-72.1,247,-0.21,-0.03,-1.179,0.745,-0.625,-1.006,-1.006,-1.006,bearish,flat
41030,1,2022-12-20 15:00:00,2022-12-20 15:05:00,18369.25,False,18313.15,18279.7,33.45,17.3,35,7.85,0.154,44,-76.8,21.4,21.4,0.0,False,30.35,35.4,0.0,False,16.9,35.4,0.0,False,16.6,35.4,0.0,True,16.6,35.4,0.0,True,16.6,35.4,0.0,True,16.6,35.4,0.0,True,16.6,-161.7,247,0.425,-0.901,-0.568,-1.619,-1.619,-1.619,-1.619,-1.619,bearish,flat
41046,1,2022-12-21 10:05:00,2022-12-21 10:10:00,18394.2,False,18364.25,18317.31,46.94,22.99,51,7.85,-0.222,28,-101.75,4.75,6.95,-7.7,False,-21.4,11.3,-21.4,False,-34.05,11.3,-46.7,False,-48.1,11.3,-51.35,False,-36.0,11.3,-55.1,False,-42.6,11.3,-55.1,False,-170.85,11.3,-230.2,False,-186.65,-279.5,247,-0.365,-1.464,-1.849,-2.629,-2.398,1.422,0.654,-0.322,bearish,flat
41059,1,2022-12-21 11:10:00,2022-12-21 11:15:00,18361.2,False,18339.1,18325.24,13.86,17.99,64,7.85,-0.399,15,-68.75,3.3,8.4,-5.1,False,-8.55,8.4,-9.3,False,-0.65,8.4,-9.3,False,17.2,18.6,-9.3,False,-32.15,25.85,-35.5,False,-60.95,25.85,-94.25,False,-154.25,25.85,-197.2,False,-153.65,-246.5,247,0.033,1.405,0.753,1.63,2.448,2.746,1.605,0.887,bearish,flat
41065,1,2022-12-21 11:40:00,2022-12-21 11:45:00,18378.15,False,18351.9,18328.29,23.61,16.12,70,7.85,-0.308,9,-85.7,-4.4,8.05,-5.45,False,1.65,8.9,-5.85,False,-10.5,8.9,-10.6,False,-49.1,8.9,-52.45,False,-83.15,8.9,-89.0,False,-101.35,8.9,-114.8,False,-170.6,8.9,-214.15,True,-170.6,-263.45,247,0.282,-0.053,0.123,0.827,2.891,2.42,-0.734,-0.734,bearish,flat
41074,1,2022-12-21 12:25:00,2022-12-21 12:30:00,18314.65,False,18296.7,18330.12,-33.42,16.97,79,7.85,-0.652,0,-22.2,-22.2,0.0,-23.85,False,-10.85,0.0,-25.5,False,-19.65,0.0,-25.5,False,-44.3,0.0,-46.95,False,-44.05,0.0,-51.3,False,-65.3,0.0,-150.65,False,-107.1,0.0,-150.65,True,-107.1,-199.95,247,0.137,1.49,0.917,-0.503,-0.844,-0.956,-2.707,-2.707,bearish,flat
41120,-1,2022-12-22 10:00:00,2022-12-22 10:05:00,18186.3,False,18258.35,18259.14,-0.79,36.42,45,4.25,-0.557,215,73.5,-15.7,8.1,-18.45,False,27.35,27.35,-19.1,False,24.45,37.15,-19.1,False,62.15,64.25,-19.1,False,75.7,77.15,-19.1,False,100.35,108.15,-19.1,False,20.75,117.35,-19.1,False,71.6,362.2,247,0.782,1.154,2.253,3.256,2.699,0.193,0.314,1.111,bearish,flat
41299,-1,2022-12-26 12:25:00,2022-12-26 12:30:00,17979.8,False,18006.25,18055.95,-49.7,14.18,224,4.25,0.833,36,-133.0,9.5,16.35,-0.2,False,-3.75,16.35,-5.0,False,0.35,16.35,-10.55,False,-2.85,16.35,-10.55,False,-3.75,16.35,-22.35,False,-48.35,16.35,-49.8,False,-29.8,16.35,-103.7,True,-29.8,-156.2,247,-0.137,-1.49,-0.917,0.503,0.844,0.956,2.707,2.707,bearish,flat
41316,-1,2022-12-26 13:50:00,2022-12-26 13:55:00,17991.65,False,18014.55,18051.32,-36.77,14.61,241,4.25,0.898,19,-121.15,4.9,13.15,0.0,False,-13.15,13.15,-15.5,False,-16.85,13.15,-16.85,False,-35.05,13.15,-37.95,False,-79.25,13.15,-84.25,False,-17.95,13.15,-91.85,True,-17.95,13.15,-91.85,True,-17.95,-144.35,247,1.167,1.353,1.174,1.857,1.234,2.15,2.15,2.15,bearish,flat
41330,-1,2022-12-26 15:00:00,2022-12-26 15:05:00,18059.05,False,18083.5,18050.5,33.0,17.17,255,4.25,1.294,5,-53.75,33.75,33.75,0.0,False,64.2,74.5,0.0,False,56.55,74.5,0.0,False,49.45,74.5,0.0,True,49.45,74.5,0.0,True,49.45,74.5,0.0,True,49.45,74.5,0.0,True,49.45,-76.95,247,-0.425,0.901,0.568,1.619,1.619,1.619,1.619,1.619,bearish,flat
41362,-1,2022-12-27 11:25:00,2022-12-27 11:30:00,18044.05,False,18062.55,18029.03,33.52,21.11,20,12.95,-0.252,9,-22.05,4.75,5.65,-3.6,False,9.05,10.45,-3.6,False,2.8,14.85,-3.6,False,-10.5,14.85,-18.65,False,-4.15,14.85,-27.55,False,-19.6,29.2,-31.55,False,-91.95,29.2,-104.55,False,-91.95,-62.85,247,-1.056,-1.185,-0.866,-0.98,-2.833,-1.986,-0.123,-0.123,bearish,flat
41400,1,2022-12-27 14:35:00,2022-12-27 14:40:00,18100.55,False,18073.45,18076.47,-3.02,17.03,10,21.05,0.057,85,-71.3,28.15,31.0,-1.6,False,28.55,35.4,-1.6,False,37.25,40.7,-1.6,False,15.9,40.7,-1.6,False,35.45,48.05,-1.6,True,35.45,48.05,-1.6,True,35.45,48.05,-1.6,True,35.45,6.35,247,-0.284,-0.218,0.485,1.613,-0.43,-0.43,-0.43,-0.43,bearish,flat
41408,1,2022-12-27 15:15:00,2022-12-27 15:20:00,18143.8,False,18106.7,18090.06,16.64,18.18,18,21.05,0.313,77,-114.55,0.25,4.8,-5.75,False,-7.8,4.8,-15.05,False,-7.8,4.8,-15.05,True,-7.8,4.8,-15.05,True,-7.8,4.8,-15.05,True,-7.8,4.8,-15.05,True,-7.8,4.8,-15.05,True,-7.8,-36.9,247,-0.252,-1.149,-1.149,-1.149,-1.149,-1.149,-1.149,-1.149,bearish,flat
41415,1,2022-12-28 09:35:00,2022-12-28 09:40:00,18123.05,False,18071.5,18094.49,-22.99,24.06,25,21.05,0.211,70,-93.8,-6.5,7.75,-16.3,False,-13.1,7.75,-17.9,False,10.8,10.8,-17.9,False,12.2,17.3,-17.9,False,-16.5,23.45,-33.55,False,2.0,23.45,-33.55,False,13.45,29.55,-33.55,False,-16.15,87.35,247,1.241,3.208,3.446,2.912,0.276,3.645,7.277,2.583,bearish,flat
41428,1,2022-12-28 10:40:00,2022-12-28 10:45:00,18115.1,False,18089.5,18101.17,-11.67,19.61,38,21.05,0.167,57,-85.85,1.4,5.7,-0.05,False,9.75,9.95,-0.05,False,12.8,13.35,-0.05,False,24.75,25.95,-0.05,False,10.75,26.65,-0.05,False,19.75,37.5,-0.05,False,42.35,57.95,-0.05,False,-8.2,95.3,247,0.256,0.355,1.018,1.554,3.144,6.025,2.547,2.4,bearish,flat
41441,1,2022-12-28 11:45:00,2022-12-28 11:50:00,18135.9,False,18119.05,18106.86,12.19,14.14,51,21.05,0.284,44,-106.65,2.1,5.15,-0.1,False,10.7,14.7,-0.1,False,4.65,14.7,-0.1,False,10.85,16.7,-0.1,False,11.15,16.7,-11.1,False,16.2,20.3,-20.45,False,-29.0,37.15,-34.05,True,-29.0,74.5,247,-0.221,-0.045,0.016,2.361,1.371,2.199,-0.902,-0.902,bearish,flat
41463,1,2022-12-28 13:35:00,2022-12-28 13:40:00,18136.65,False,18115.45,18114.33,1.12,13.19,73,21.05,0.286,22,-107.4,-0.9,8.35,-4.55,False,15.45,19.55,-4.55,False,21.6,29.0,-4.55,False,34.5,34.95,-4.55,False,20.1,36.4,-4.55,False,-29.75,36.4,-34.8,True,-29.75,36.4,-34.8,True,-29.75,73.75,247,-1.484,-1.537,-2.467,-3.662,-4.14,-4.638,-4.638,-4.638,bearish,flat
41473,1,2022-12-28 14:25:00,2022-12-28 14:30:00,18162.9,False,18146.8,18118.74,28.06,12.88,83,21.05,0.431,12,-133.65,-6.9,2.1,-8.65,False,-6.15,2.1,-12.2,False,-5.45,2.1,-12.2,False,-45.4,2.1,-61.05,False,-56.0,2.1,-61.05,False,-56.0,2.1,-61.05,True,-56.0,2.1,-61.05,True,-56.0,47.5,247,-0.244,-1.153,-1.505,-1.27,-1.651,-1.651,-1.651,-1.651,bearish,flat
41480,1,2022-12-28 15:00:00,2022-12-28 15:05:00,18127.2,False,18101.85,18120.43,-18.58,15.42,90,21.05,0.235,5,-97.95,21.5,21.5,-2.95,False,-1.5,21.8,-5.95,False,-7.85,21.8,-8.45,False,-20.3,21.8,-20.75,True,-20.3,21.8,-20.75,True,-20.3,21.8,-20.75,True,-20.3,21.8,-20.75,True,-20.3,83.2,247,0.425,-0.901,-0.568,-1.619,-1.619,-1.619,-1.619,-1.619,bearish,flat
41490,-1,2022-12-29 09:35:00,2022-12-29 09:40:00,18028.75,False,18060.05,18074.72,-14.67,20.64,4,72.6,-0.093,42,-23.6,17.95,18.7,-0.35,False,16.65,24.45,-0.35,False,8.65,24.45,-0.35,False,31.45,33.45,-0.35,False,2.25,35.85,-0.35,False,15.15,35.85,-0.35,False,-19.05,35.85,-30.0,False,-181.65,-88.3,247,-1.241,-3.208,-3.446,-2.912,-0.276,-3.645,-7.277,-2.583,bearish,flat
41496,-1,2022-12-29 10:05:00,2022-12-29 10:10:00,17997.25,False,18027.7,18050.59,-22.89,19.11,10,72.6,-0.268,36,-55.1,-6.3,0.55,-8.7,False,-5.5,0.55,-12.55,False,-11.15,4.35,-12.55,False,-29.25,4.35,-29.25,False,-17.4,4.35,-31.4,False,-31.55,4.35,-52.9,False,-94.0,4.35,-100.2,False,-213.15,-119.8,247,0.365,1.464,1.849,2.629,2.398,-1.422,-0.654,0.322,bearish,flat
41505,-1,2022-12-29 10:50:00,2022-12-29 10:55:00,18016.5,False,18028.65,18036.32,-7.67,14.87,19,72.6,-0.163,27,-35.85,3.65,5.0,-2.0,False,-1.5,5.0,-2.95,False,1.85,5.0,-5.15,False,-0.5,5.0,-9.6,False,-31.65,8.55,-33.15,False,-2.2,8.55,-33.65,False,-131.6,8.55,-132.1,False,-193.9,-100.55,247,-0.638,-0.432,0.056,-2.539,-2.701,-3.941,-2.936,-2.02,bearish,flat
41511,-1,2022-12-29 11:20:00,2022-12-29 11:25:00,18017.2,False,18026.1,18032.64,-6.54,12.06,25,72.6,-0.159,21,-35.15,-6.1,1.2,-7.1,False,4.25,6.05,-8.25,False,3.6,9.25,-8.25,False,-30.95,9.25,-32.45,False,-6.7,9.25,-32.95,False,-25.1,9.25,-41.55,False,-188.7,9.25,-191.75,False,-193.2,-99.85,247,0.606,-0.462,-0.59,-0.21,-2.64,-1.772,-0.426,0.471,bearish,flat
41520,-1,2022-12-29 12:05:00,2022-12-29 12:10:00,18029.0,False,18050.15,18031.95,18.2,12.9,34,72.6,-0.094,12,-23.35,-2.45,6.75,-5.25,False,3.15,6.75,-5.25,False,5.1,6.75,-5.25,False,7.1,13.05,-5.25,False,-19.25,20.65,-29.75,False,-62.25,20.65,-68.45,False,-181.4,20.65,-181.85,True,-181.4,-88.05,247,0.135,-1.566,-1.415,-2.501,-0.239,0.721,1.697,1.697,bearish,flat
41538,1,2022-12-29 13:35:00,2022-12-29 13:40:00,18047.4,False,18033.85,18035.98,-2.13,11.41,5,2.2,0.012,91,40.65,15.4,15.4,-1.9,False,21.1,33.6,-1.9,False,26.4,39.5,-1.9,False,43.85,50.05,-1.9,False,54.0,55.6,-1.9,False,163.0,163.45,-1.9,True,163.0,163.45,-1.9,True,163.0,69.65,247,-1.484,-1.537,-2.467,-3.662,-4.14,-4.638,-4.638,-4.638,bearish,flat
41550,1,2022-12-29 14:35:00,2022-12-29 14:40:00,18101.3,False,18073.6,18058.8,14.8,14.46,17,2.2,0.309,79,-13.25,25.2,28.3,0.0,False,25.95,36.4,0.0,False,46.8,47.3,0.0,False,87.45,89.4,0.0,False,109.1,109.55,0.0,True,109.1,109.55,0.0,True,109.1,109.55,0.0,True,109.1,15.75,247,-0.284,-0.218,0.485,1.613,-0.43,-0.43,-0.43,-0.43,bearish,flat
41595,1,2022-12-30 12:05:00,2022-12-30 12:10:00,18211.45,False,18185.25,18160.73,24.52,14.75,62,2.2,-0.257,34,-123.4,-5.05,3.1,-5.75,False,4.6,4.85,-6.95,False,1.3,5.6,-6.95,False,17.05,18.0,-9.95,False,-9.15,22.45,-26.5,False,-33.65,22.45,-46.5,False,-94.4,22.45,-130.55,True,-94.4,-4.35,247,-0.135,1.566,1.415,2.501,0.239,-0.721,-1.697,-1.697,bearish,flat
41601,1,2022-12-30 12:35:00,2022-12-30 12:40:00,18227.55,False,18201.5,18164.84,36.66,13.72,68,2.2,-0.168,28,-139.5,4.85,6.1,-4.1,False,-2.1,6.35,-7.8,False,-3.15,6.35,-8.6,False,-25.25,6.35,-42.6,False,-23.05,6.35,-42.6,False,-53.6,6.35,-64.85,False,-110.5,6.35,-146.65,True,-110.5,-20.45,247,-0.53,-1.882,-2.235,-2.22,0.539,-3.657,-4.155,-4.155,bearish,flat
41611,1,2022-12-30 13:25:00,2022-12-30 13:30:00,18215.6,False,18184.95,18170.16,14.79,15.06,78,2.2,-0.231,18,-127.55,-3.95,2.8,-11.9,False,-11.1,2.8,-14.15,False,-17.3,2.8,-21.75,False,-45.25,2.8,-45.4,False,-47.45,2.8,-50.65,False,-98.55,2.8,-134.7,False,-98.55,2.8,-134.7,True,-98.55,-8.5,247,1.557,2.827,1.287,-0.884,-0.116,-1.867,-1.867,-1.867,bearish,flat
41620,1,2022-12-30 14:10:00,2022-12-30 14:15:00,18198.65,False,18164.95,18172.07,-7.12,15.79,87,2.2,-0.327,9,-110.6,-9.3,1.2,-14.05,False,-14.25,1.2,-21.0,False,-30.5,1.2,-31.1,False,-25.45,1.2,-35.95,False,-100.35,8.05,-117.75,False,-81.6,8.05,-117.75,True,-81.6,8.05,-117.75,True,-81.6,8.45,247,-0.133,0.504,1.962,0.357,0.929,0.211,0.211,0.211,bearish,flat
41627,1,2022-12-30 14:45:00,2022-12-30 14:50:00,18187.5,False,18162.7,18172.52,-9.82,15.51,94,2.2,-0.39,2,-99.45,13.9,14.35,-3.6,False,4.35,19.2,-10.6,False,-99.45,19.2,-106.6,False,-106.0,19.2,-106.6,False,-70.45,19.2,-106.6,True,-70.45,19.2,-106.6,True,-70.45,19.2,-106.6,True,-70.45,19.6,247,0.699,0.165,1.045,0.834,-0.216,-0.216,-0.216,-0.216,bearish,flat
41661,-1,2023-01-02 11:20:00,2023-01-02 11:25:00,18184.55,False,18199.3,18159.55,39.75,15.6,31,74.65,0.287,9,-7.5,0.6,7.4,-4.2,False,9.7,10.45,-4.2,False,4.3,12.3,-4.2,False,11.8,13.3,-4.5,False,1.75,14.05,-12.75,False,-2.0,30.5,-12.75,False,-21.85,61.35,-28.0,False,-22.55,-49.75,245,-0.049,0.63,0.18,1.327,3.425,4.195,-3.746,-2.167,bearish,bullish
41667,-1,2023-01-02 11:50:00,2023-01-02 11:55:00,18173.55,False,18189.05,18162.19,26.86,13.67,37,74.65,0.226,3,-18.5,0.45,3.05,-3.0,False,-5.4,3.05,-7.35,False,-8.1,3.05,-12.45,False,-9.25,3.05,-23.75,False,11.35,13.5,-23.75,False,5.8,19.5,-23.75,False,-33.55,50.35,-41.55,True,-33.55,-60.75,245,-0.756,0.366,0.477,2.124,2.899,3.506,-3.468,-3.468,bearish,bullish
41687,-1,2023-01-02 13:30:00,2023-01-02 13:35:00,18173.7,False,18193.45,18176.24,17.21,12.29,13,3.35,0.232,15,-22.05,-6.75,1.85,-11.75,False,2.3,4.1,-11.75,False,0.05,4.15,-11.75,False,9.05,15.75,-11.75,False,14.95,50.5,-11.75,False,-33.4,50.5,-41.4,True,-33.4,50.5,-41.4,True,-33.4,-60.6,245,0.784,0.003,0.02,-2.042,-3.478,-7.054,-7.054,-7.054,bearish,bullish
41714,1,2023-01-03 09:30:00,2023-01-03 09:35:00,18187.1,False,18149.95,18176.76,-26.81,20.37,11,2.3,0.134,77,-27.55,-2.75,10.45,-4.4,False,6.6,10.45,-4.4,False,16.9,21.65,-4.4,False,16.7,25.1,-4.4,False,45.35,48.25,-4.4,False,46.95,53.3,-4.4,False,13.8,53.3,-24.6,False,47.2,-150.25,245,1.652,0.465,2.026,-0.117,-0.289,-0.392,-4.596,2.405,bearish,bullish
41726,1,2023-01-03 10:30:00,2023-01-03 10:35:00,18232.95,False,18217.6,18190.91,26.69,15.58,23,2.3,0.381,65,-73.4,-3.55,5.65,-4.7,False,-9.8,5.65,-10.05,False,-13.4,5.65,-17.0,False,-3.95,5.65,-17.0,False,1.1,7.45,-17.0,False,-62.45,7.45,-70.45,False,1.95,7.45,-70.45,False,1.35,-196.1,245,0.504,0.275,0.865,0.221,-0.049,-3.489,-0.829,2.747,bearish,bullish
41730,1,2023-01-03 10:50:00,2023-01-03 10:55:00,18234.55,False,18215.95,18195.16,20.79,14.45,27,2.3,0.391,61,-75.0,-8.15,1.6,-13.05,False,-5.55,1.6,-13.05,False,-4.7,1.6,-13.05,False,-8.7,5.85,-13.05,False,-6.9,5.85,-13.05,False,-57.7,5.85,-72.05,False,6.15,17.3,-72.05,False,-0.25,-197.7,245,0.127,-0.165,0.315,0.196,-1.131,-4.005,-2.951,2.362,bearish,bullish
41761,1,2023-01-03 13:25:00,2023-01-03 13:30:00,18194.45,False,18162.5,18199.74,-37.24,12.26,58,2.3,0.17,30,-34.9,6.45,14.05,-0.75,False,1.7,14.05,-0.75,False,8.95,14.05,-0.75,False,26.7,30.65,-0.75,False,33.5,40.15,-0.75,False,39.85,57.4,-0.75,False,39.85,57.4,-0.75,True,39.85,-157.6,245,0.132,-0.704,0.076,0.181,2.495,7.133,7.133,7.133,bearish,bullish
41772,1,2023-01-03 14:20:00,2023-01-03 14:25:00,18230.8,False,18205.45,18201.54,3.91,12.57,69,2.3,0.367,19,-71.25,-2.85,3.8,-7.05,False,4.1,6.0,-7.05,False,-3.0,6.25,-7.05,False,9.9,21.05,-7.05,False,6.45,21.05,-18.9,False,3.5,21.05,-18.9,True,3.5,21.05,-18.9,True,3.5,-193.95,245,1.295,2.357,2.053,0.62,7.513,5.933,5.933,5.933,bearish,bullish
41782,1,2023-01-03 15:10:00,2023-01-03 15:15:00,18239.95,False,18211.9,18205.29,6.61,13.07,79,2.3,0.426,9,-80.4,-6.3,1.95,-8.65,False,-2.7,1.95,-10.55,False,-5.65,1.95,-10.55,False,-5.65,1.95,-10.55,True,-5.65,1.95,-10.55,True,-5.65,1.95,-10.55,True,-5.65,1.95,-10.55,True,-5.65,-203.1,245,0.005,1.221,-0.359,-0.359,-0.359,-0.359,-0.359,-0.359,bearish,bullish
41803,-1,2023-01-04 10:40:00,2023-01-04 10:45:00,18141.75,False,18164.5,18178.4,-13.9,16.7,11,2.95,-0.487,215,91.15,5.1,9.35,-0.85,False,14.05,15.25,-0.85,False,5.1,16.0,-0.85,False,44.9,53.15,-0.85,False,41.55,53.15,-0.85,False,82.7,103.75,-0.85,False,72.65,103.75,-0.85,False,104.9,141.95,245,-0.568,-0.077,-0.214,-0.53,0.33,4.272,2.399,-2.45,bearish,bullish
41862,-1,2023-01-05 09:20:00,2023-01-05 09:25:00,18042.5,False,18101.95,18107.02,-5.07,21.8,70,2.95,-0.325,156,-8.1,-32.3,3.45,-41.0,False,-67.45,3.45,-76.55,False,-39.8,3.45,-76.55,False,-0.25,14.25,-76.55,False,-20.75,28.6,-76.55,False,21.1,28.6,-76.55,False,135.05,137.4,-76.55,False,42.7,176.65,245,0.738,1.774,0.109,0.651,1.104,1.522,5.718,-0.644,bearish,bullish
41866,-1,2023-01-05 09:40:00,2023-01-05 09:45:00,18033.35,False,18119.05,18105.65,13.4,27.92,74,2.95,-0.374,152,-17.25,-9.15,4.6,-23.2,False,-9.4,5.1,-23.2,False,-3.9,5.1,-23.2,False,-29.9,19.45,-31.8,False,-19.45,19.45,-51.05,False,18.2,31.6,-51.05,False,126.45,140.75,-51.05,False,33.55,167.5,245,-1.503,-0.588,0.768,0.42,0.59,0.897,5.175,-1.882,bearish,bullish
41877,-1,2023-01-05 10:35:00,2023-01-05 10:40:00,18049.3,False,18084.4,18099.13,-14.73,25.23,85,2.95,-0.29,141,-1.3,-3.5,3.0,-6.3,False,9.4,10.3,-6.3,False,17.2,21.1,-6.3,False,10.6,26.05,-6.3,False,42.6,47.55,-6.3,False,98.9,101.2,-6.3,False,103.25,156.7,-6.3,False,49.5,183.45,245,0.223,-0.367,0.124,-0.202,0.098,3.942,1.631,-2.249,bearish,bullish
41886,-1,2023-01-05 11:20:00,2023-01-05 11:25:00,18021.35,False,18045.1,18093.84,-48.74,19.48,94,2.95,-0.445,132,-29.25,-1.0,3.6,-5.95,False,13.35,13.35,-5.95,False,14.65,19.6,-5.95,False,38.3,47.5,-5.95,False,57.05,60.7,-5.95,False,113.9,116.25,-5.95,False,30.7,128.75,-5.95,False,21.55,155.5,245,-0.049,0.63,0.18,1.327,3.425,4.195,-3.746,-2.167,bearish,bullish
41942,-1,2023-01-06 09:45:00,2023-01-06 09:50:00,18004.45,False,18046.6,18048.22,-1.62,23.66,150,2.95,-0.02,76,-46.15,-0.05,2.1,-13.1,False,33.55,33.55,-13.1,False,40.4,44.85,-13.1,False,43.7,60.35,-13.1,False,64.0,83.55,-13.1,False,72.75,100.3,-13.1,False,154.65,208.3,-13.1,False,138.6,-84.3,245,0.942,2.297,2.169,1.441,1.529,3.068,6.721,-0.353,bearish,bullish
42017,-1,2023-01-09 09:45:00,2023-01-09 09:50:00,18018.15,False,18040.75,18000.75,40.0,25.51,225,2.95,0.376,1,-32.45,-18.7,1.1,-18.7,False,-32.45,1.1,-36.6,False,-49.65,1.1,-52.45,False,-59.4,1.1,-68.75,False,-75.6,1.1,-82.95,False,-112.0,1.1,-114.2,False,12.5,14.05,-122.85,False,-70.6,92.8,245,0.942,2.297,2.169,1.441,1.529,3.068,6.721,-0.353,bearish,bullish
42069,-1,2023-01-09 14:05:00,2023-01-09 14:10:00,18027.25,False,18047.05,18054.79,-7.74,16.17,13,3.2,0.419,13,-81.55,-26.0,1.1,-26.2,False,-21.05,1.1,-30.6,False,-30.35,1.1,-33.8,False,-39.9,1.1,-46.85,False,-72.8,1.1,-78.1,False,-61.5,1.1,-88.45,True,-61.5,1.1,-88.45,True,-61.5,101.9,245,0.096,0.284,0.164,-1.906,-6.575,-5.786,-5.786,-5.786,bearish,bullish
42162,-1,2023-01-11 09:20:00,2023-01-11 09:25:00,17845.65,False,17930.35,17943.41,-13.06,23.49,73,13.15,-0.454,66,-88.15,2.25,20.3,-2.35,False,1.95,20.3,-10.6,False,-79.5,20.3,-91.25,False,-53.7,20.3,-91.25,False,-106.0,20.3,-118.85,False,-45.6,20.3,-129.75,False,-75.35,20.3,-129.75,False,-42.75,-20.35,245,0.738,1.774,0.109,0.651,1.104,1.522,5.718,-0.644,bearish,bullish
42177,-1,2023-01-11 10:35:00,2023-01-11 10:40:00,17952.9,False,17975.4,17938.75,36.65,26.21,88,13.15,0.153,51,19.1,2.4,2.8,-11.15,False,15.55,15.55,-11.15,False,53.25,53.25,-11.15,False,56.2,76.85,-11.15,False,67.2,76.85,-11.15,False,53.55,81.9,-11.15,False,39.55,87.9,-11.15,False,64.5,86.9,245,0.223,-0.367,0.124,-0.202,0.098,3.942,1.631,-2.249,bearish,bullish
42186,-1,2023-01-11 11:20:00,2023-01-11 11:25:00,17891.45,False,17911.65,17936.38,-24.73,23.1,97,13.15,-0.184,42,-42.35,-9.55,6.15,-9.55,False,12.55,12.55,-11.3,False,5.75,13.35,-11.3,False,-27.5,20.45,-28.0,False,-21.85,20.45,-37.7,False,-29.55,20.45,-37.7,False,-0.95,26.45,-48.25,False,3.05,25.45,245,-0.049,0.63,0.18,1.327,3.425,4.195,-3.746,-2.167,bearish,bullish
42196,-1,2023-01-11 12:10:00,2023-01-11 12:15:00,17903.95,False,17929.15,17933.24,-4.09,19.92,107,13.15,-0.11,32,-29.85,-0.8,10.25,-5.0,False,-9.35,10.25,-12.25,False,-10.15,10.25,-17.1,False,6.25,10.25,-17.1,False,-10.4,22.1,-17.1,False,27.9,38.95,-27.9,False,15.55,38.95,-35.75,True,15.55,37.95,245,0.919,0.58,0.982,1.71,1.388,0.87,-5.012,-5.012,bearish,bullish
42200,-1,2023-01-11 12:30:00,2023-01-11 12:35:00,17907.65,False,17921.05,17932.43,-11.38,18.11,111,13.15,-0.09,28,-26.15,8.3,10.4,-1.0,False,9.95,13.15,-1.0,False,19.65,21.5,-1.0,False,0.5,25.8,-1.0,False,-8.65,25.8,-20.85,False,2.2,42.65,-24.2,False,19.25,42.65,-32.05,True,19.25,41.65,245,-0.046,0.486,-0.797,0.753,0.765,-2.66,-6.236,-6.236,bearish,bullish
42215,-1,2023-01-11 13:45:00,2023-01-11 13:50:00,17911.2,False,17931.85,17929.79,2.06,14.43,126,13.15,-0.073,13,-22.6,14.3,15.5,-1.0,False,17.1,19.4,-1.0,False,22.9,24.1,-1.0,False,41.8,46.2,-1.0,False,-6.2,46.2,-13.1,False,22.8,46.2,-28.5,True,22.8,46.2,-28.5,True,22.8,45.2,245,-0.213,-0.234,-2.176,-1.117,-1.818,-7.187,-7.187,-7.187,bearish,bullish
42236,1,2023-01-12 09:15:00,2023-01-12 09:20:00,17913.8,False,17879.3,17898.5,-19.2,18.15,7,1.95,-0.037,8,-57.35,-0.85,15.6,-13.5,False,-9.8,15.6,-13.5,False,24.9,27.05,-13.5,False,-28.2,31.0,-30.15,False,-74.4,31.0,-86.05,False,-99.85,31.0,-117.45,False,-87.2,31.0,-132.95,False,-47.8,36.7,245,1.539,0.728,-0.307,1.732,0.316,-0.282,-3.381,2.111,bearish,bullish
42255,-1,2023-01-12 10:50:00,2023-01-12 10:55:00,17824.1,False,17837.5,17856.5,-19.0,18.64,10,22.85,-0.54,23,-22.65,-3.8,2.5,-7.6,False,-11.4,2.5,-11.75,False,2.4,2.95,-11.75,False,18.0,27.75,-11.75,False,38.4,39.35,-11.75,False,-22.65,43.25,-28.2,False,-2.6,61.85,-38.1,False,-41.9,-126.4,245,-0.127,0.165,-0.315,-0.196,1.131,4.005,2.951,-2.362,bearish,bullish
42258,-1,2023-01-12 11:05:00,2023-01-12 11:10:00,17820.45,False,17835.85,17852.09,-16.24,17.24,13,22.85,-0.553,20,-26.3,19.6,24.1,0.0,False,6.5,24.1,0.0,False,14.35,24.1,0.0,False,1.9,24.1,-6.7,False,9.25,39.6,-6.7,False,-25.85,39.6,-31.85,False,-44.1,58.2,-44.1,False,-45.55,-130.05,245,-0.122,0.351,0.124,0.304,1.903,4.958,-2.831,-2.042,bearish,bullish
42274,-1,2023-01-12 12:25:00,2023-01-12 12:30:00,17824.05,False,17835.2,17832.72,2.48,15.03,29,22.85,-0.542,4,-22.7,-0.15,2.65,-3.7,False,3.35,10.2,-3.7,False,4.15,11.5,-4.3,False,-12.55,11.5,-28.25,False,36.0,39.15,-28.25,False,-15.75,61.8,-38.15,False,-41.95,61.8,-45.2,True,-41.95,-126.45,245,0.195,0.149,0.68,0.972,1.072,-1.403,-6.041,-6.041,bearish,bullish
42305,1,2023-01-12 15:00:00,2023-01-12 15:05:00,17860.0,False,17813.7,17822.84,-9.14,19.85,8,6.65,-0.338,6,-62.75,4.55,4.55,-9.6,False,-1.65,7.4,-11.5,False,-0.3,7.4,-11.5,False,6.0,9.25,-11.5,True,6.0,9.25,-11.5,True,6.0,9.25,-11.5,True,6.0,9.25,-11.5,True,6.0,90.5,245,2.05,1.569,1.625,1.261,1.261,1.261,1.261,1.261,bearish,bullish
42316,-1,2023-01-13 09:40:00,2023-01-13 09:45:00,17784.75,False,17839.7,17820.99,18.71,23.51,4,16.45,-0.465,10,-33.8,-2.7,8.3,-9.75,False,-15.55,8.3,-28.45,False,1.95,8.3,-28.45,False,-0.25,10.2,-28.45,False,-36.35,10.2,-39.9,False,-32.5,10.2,-54.4,False,-189.95,10.2,-197.85,False,-165.75,-106.95,245,-1.503,-0.588,0.768,0.42,0.59,0.897,5.175,-1.882,bearish,bullish
42319,-1,2023-01-13 09:55:00,2023-01-13 10:00:00,17781.95,False,17813.2,17812.09,1.11,23.28,7,16.45,-0.474,7,-36.6,-8.85,0.85,-25.85,False,-4.05,7.4,-25.85,False,-3.05,7.4,-25.85,False,-19.8,7.4,-34.7,False,-29.85,7.4,-51.95,False,-49.65,7.4,-58.1,False,-199.75,7.4,-210.5,False,-168.55,-109.75,245,-0.156,-0.1,-0.376,-0.577,-0.442,0.034,4.275,-2.678,bearish,bullish
42339,1,2023-01-13 11:35:00,2023-01-13 11:40:00,17828.75,False,17813.7,17815.17,-1.47,16.74,12,5.35,-0.218,89,58.8,-11.5,0.2,-13.3,False,-5.85,0.2,-15.05,False,2.6,2.65,-15.05,False,9.4,11.4,-15.05,False,64.15,73.9,-15.05,False,119.4,147.3,-15.05,False,121.75,170.2,-15.05,True,121.75,62.95,245,-0.438,-1.08,-1.152,-1.604,-3.849,-5.497,2.341,2.341,bearish,bullish
42342,1,2023-01-13 11:50:00,2023-01-13 11:55:00,17831.1,False,17813.7,17816.24,-2.54,16.01,15,5.35,-0.202,86,56.45,0.5,8.95,-0.35,False,3.15,9.05,-2.9,False,7.05,9.05,-2.9,False,61.65,63.35,-2.9,False,91.6,100.45,-2.9,False,152.5,161.35,-2.9,False,119.4,167.85,-2.9,True,119.4,60.6,245,0.756,-0.366,-0.477,-2.124,-2.899,-3.506,3.468,3.468,bearish,bullish
42353,1,2023-01-13 12:45:00,2023-01-13 12:50:00,17915.6,False,17879.45,17834.0,45.45,16.99,26,5.35,0.273,75,-28.05,7.1,15.95,0.0,False,16.55,22.15,0.0,False,24.7,28.2,0.0,False,47.7,57.4,0.0,False,64.35,68.3,0.0,False,26.6,83.35,0.0,False,34.9,83.35,0.0,True,34.9,-23.9,245,-0.934,-1.581,-1.557,-0.059,-1.641,0.064,5.433,5.433,bearish,bullish
42380,1,2023-01-13 15:00:00,2023-01-13 15:05:00,17957.75,False,17939.1,17891.61,47.49,17.6,53,5.35,0.506,48,-70.2,2.95,3.2,-23.2,False,0.05,4.15,-23.2,False,-0.35,4.15,-23.2,False,-7.25,7.95,-23.2,True,-7.25,7.95,-23.2,True,-7.25,7.95,-23.2,True,-7.25,7.95,-23.2,True,-7.25,-66.05,245,2.05,1.569,1.625,1.261,1.261,1.261,1.261,1.261,bearish,bullish
42386,1,2023-01-16 09:15:00,2023-01-16 09:20:00,18029.3,False,17947.0,17898.61,48.39,22.27,59,5.35,-0.028,42,-141.75,-24.0,4.15,-41.8,False,-31.65,4.15,-43.95,False,-55.1,4.15,-62.25,False,-73.05,4.15,-79.05,False,-70.55,4.15,-86.25,False,-94.9,4.15,-95.6,False,-105.9,4.15,-149.1,False,-137.6,27.5,245,1.539,0.728,-0.307,1.732,0.316,-0.282,-3.381,2.111,bearish,bullish
42394,1,2023-01-16 09:55:00,2023-01-16 10:00:00,17979.2,False,17943.05,17907.45,35.6,24.98,67,5.35,-0.306,34,-91.65,0.1,7.4,-5.2,False,2.6,7.4,-14.65,False,-6.5,12.1,-14.65,False,-6.7,12.1,-21.85,False,-1.65,12.1,-21.85,False,-50.85,12.1,-54.75,False,-109.85,12.1,-115.55,False,-87.5,77.6,245,0.156,0.1,0.376,0.577,0.442,-0.034,-4.275,2.678,bearish,bullish
42401,1,2023-01-16 10:30:00,2023-01-16 10:35:00,17973.35,False,17957.35,17913.05,44.3,21.01,74,5.35,-0.328,27,-85.8,-0.8,1.2,-6.5,False,3.3,7.2,-6.5,False,-0.3,7.2,-6.5,False,-2.95,7.2,-7.0,False,-40.65,7.2,-48.6,False,-77.55,7.2,-81.7,False,-87.5,7.2,-119.2,False,-81.65,83.45,245,0.504,0.275,0.865,0.221,-0.049,-3.489,-0.829,2.747,bearish,bullish
42412,1,2023-01-16 11:25:00,2023-01-16 11:30:00,17946.9,False,17924.75,17919.01,5.74,16.83,85,5.35,-0.477,16,-59.35,-14.2,1.2,-14.25,False,-10.8,1.2,-18.6,False,-7.3,1.2,-18.6,False,-18.55,1.2,-22.45,False,-42.6,1.2,-51.5,False,-19.3,1.2,-66.7,False,-55.2,1.2,-92.75,False,-55.2,109.9,245,-0.632,-0.182,-0.615,-0.548,-3.829,-4.949,2.164,2.164,bearish,bullish
42426,1,2023-01-16 12:35:00,2023-01-16 12:40:00,17906.35,False,17891.65,17919.23,-27.58,14.9,99,5.35,-0.702,2,-18.8,-10.55,0.0,-11.75,False,-13.6,0.0,-18.65,False,-18.8,0.0,-22.0,False,6.8,7.15,-26.15,False,10.0,37.95,-26.15,False,-33.0,37.95,-52.2,False,-14.65,37.95,-52.2,True,-14.65,150.45,245,-0.476,0.807,-0.121,-0.754,-1.592,2.366,6.246,6.246,bearish,bullish
42468,1,2023-01-17 09:50:00,2023-01-17 09:55:00,17997.05,False,17951.75,17921.72,30.03,19.24,11,0.4,0.416,268,82.0,8.15,8.45,-7.1,False,12.75,15.05,-7.1,False,2.75,19.1,-7.1,False,4.9,22.95,-7.1,False,0.45,32.8,-11.15,False,1.55,32.8,-26.1,False,-9.3,32.8,-70.35,False,59.75,166.75,245,-1.348,-1.22,-1.275,-0.446,-1.07,-2.191,-5.672,1.302,bearish,bullish
42476,1,2023-01-17 10:30:00,2023-01-17 10:35:00,18028.5,False,17997.3,17950.44,46.86,17.52,19,0.4,0.591,260,50.55,-7.0,1.3,-13.05,False,-14.4,1.3,-15.2,False,-33.7,1.3,-33.8,False,-47.95,1.3,-50.2,False,-26.85,1.3,-57.55,False,-44.55,1.3,-57.55,False,-33.5,1.3,-101.8,False,28.3,135.3,245,0.504,0.275,0.865,0.221,-0.049,-3.489,-0.829,2.747,bearish,bullish
42487,1,2023-01-17 11:25:00,2023-01-17 11:30:00,17988.15,False,17970.95,17963.95,7.0,15.6,30,0.4,0.365,249,90.9,13.5,13.5,-2.2,False,9.75,17.0,-2.2,False,11.35,17.0,-2.2,False,21.85,30.35,-2.2,False,0.4,30.35,-2.2,False,-50.05,30.35,-61.45,False,68.65,82.35,-61.45,False,68.65,175.65,245,-0.632,-0.182,-0.615,-0.548,-3.829,-4.949,2.164,2.164,bearish,bullish
42493,1,2023-01-17 11:55:00,2023-01-17 12:00:00,18009.8,False,17991.4,17969.14,22.26,14.13,36,0.4,0.487,243,69.25,-5.4,0.85,-10.1,False,-1.85,0.85,-11.25,False,-1.15,1.1,-11.25,False,-21.25,1.1,-23.55,False,-49.15,1.1,-51.75,False,-31.15,1.1,-83.1,False,47.0,60.7,-83.1,True,47.0,154.0,245,-1.067,-1.179,-2.216,-3.227,-4.247,-4.186,2.767,2.767,bearish,bullish
42512,1,2023-01-17 13:30:00,2023-01-17 13:35:00,17968.1,False,17926.7,17970.57,-43.87,14.54,55,0.4,0.247,224,110.95,12.25,14.35,-5.65,False,9.95,15.15,-5.65,False,6.85,15.15,-5.65,False,2.6,26.75,-5.65,False,26.9,33.55,-5.65,False,88.7,102.4,-5.65,True,88.7,102.4,-5.65,True,88.7,195.7,245,-0.784,-0.003,-0.02,2.042,3.478,7.054,7.054,7.054,bearish,bullish
42516,1,2023-01-17 13:50:00,2023-01-17 13:55:00,17988.75,False,17967.6,17971.07,-3.47,14.85,59,0.4,0.362,220,90.3,-10.1,0.35,-15.15,False,-18.05,0.35,-24.95,False,-13.05,0.35,-24.95,False,10.35,12.5,-24.95,False,18.05,26.2,-24.95,False,68.05,81.75,-24.95,True,68.05,81.75,-24.95,True,68.05,175.05,245,0.019,1.96,1.213,1.021,1.658,6.971,6.971,6.971,bearish,bullish
42520,1,2023-01-17 14:10:00,2023-01-17 14:15:00,17990.5,False,17963.8,17971.49,-7.69,15.08,63,0.4,0.372,216,88.55,1.85,7.7,-3.8,False,8.6,10.75,-3.8,False,-5.8,11.15,-9.0,False,7.15,17.8,-9.0,False,68.5,71.6,-9.0,False,66.3,80.0,-9.0,True,66.3,80.0,-9.0,True,66.3,173.3,245,-0.238,-0.118,1.193,0.983,6.139,5.832,5.832,5.832,bearish,bullish
42540,1,2023-01-18 09:35:00,2023-01-18 09:40:00,18079.15,False,18032.6,17985.16,47.44,20.16,83,0.4,0.028,196,-0.1,11.35,15.85,0.0,False,25.0,26.5,0.0,False,22.15,37.2,0.0,False,51.25,51.85,0.0,False,29.7,52.45,0.0,False,87.55,87.55,0.0,False,90.0,97.95,0.0,False,84.65,9.9,245,-1.137,0.423,-0.492,-1.775,-1.441,-1.544,-7.035,0.802,bearish,bullish
42615,1,2023-01-19 09:35:00,2023-01-19 09:40:00,18102.0,False,18079.5,18058.92,20.58,18.66,158,0.4,-0.107,121,-22.95,-1.95,14.0,-11.35,False,5.35,14.0,-11.35,False,2.3,14.0,-11.35,False,-34.3,14.0,-35.5,False,11.9,14.0,-37.7,False,18.3,53.1,-37.7,False,19.0,53.1,-37.7,False,-12.95,-74.7,245,-1.137,0.423,-0.492,-1.775,-1.441,-1.544,-7.035,0.802,bearish,bullish
42624,1,2023-01-19 10:20:00,2023-01-19 10:25:00,18086.1,False,18064.3,18060.46,3.84,17.05,167,0.4,-0.184,112,-7.05,14.5,14.5,-0.2,False,11.4,18.2,-0.2,False,27.8,28.5,-0.2,False,25.15,31.7,-0.2,False,29.05,69.0,-0.2,False,43.25,69.0,-0.2,False,10.2,69.0,-0.2,False,2.95,-58.8,245,-0.323,-0.917,-0.466,-0.596,-0.389,-3.814,-4.173,1.777,bearish,bullish
42640,1,2023-01-19 11:40:00,2023-01-19 11:45:00,18143.55,False,18109.3,18065.47,43.83,14.82,183,0.4,0.128,96,-64.5,-4.3,8.65,-7.5,False,-10.05,8.65,-10.4,False,-17.55,8.65,-22.05,False,-9.6,8.65,-22.35,False,-14.8,8.65,-22.35,False,-18.05,8.65,-38.6,False,-54.5,8.65,-58.6,True,-54.5,-116.25,245,-0.601,-0.673,0.108,-2.162,-3.901,-4.237,2.82,2.82,bearish,bullish
42657,1,2023-01-19 13:05:00,2023-01-19 13:10:00,18122.9,False,18106.1,18070.67,35.43,12.49,200,0.4,0.02,79,-43.85,-5.75,4.75,-7.5,False,-2.0,4.75,-17.95,False,-1.2,4.75,-17.95,False,-1.9,6.3,-17.95,False,2.3,9.65,-17.95,False,-2.85,15.3,-35.4,False,-33.85,15.3,-37.95,True,-33.85,-95.6,245,0.688,1.596,0.726,-0.75,1.33,7.877,7.088,7.088,bearish,bullish
42669,1,2023-01-19 14:05:00,2023-01-19 14:10:00,18124.9,False,18111.1,18073.43,37.67,11.92,212,0.4,0.03,67,-45.85,6.45,7.3,-4.65,False,-8.1,13.3,-8.1,False,-28.6,13.3,-29.7,False,-27.9,13.3,-36.4,False,-4.85,13.3,-37.4,False,-35.85,13.3,-39.95,True,-35.85,13.3,-39.95,True,-35.85,-97.6,245,-0.096,-0.284,-0.164,1.906,6.575,5.786,5.786,5.786,bearish,bullish
42680,1,2023-01-19 15:00:00,2023-01-19 15:05:00,18118.5,False,18087.5,18074.98,12.52,14.84,223,0.4,-0.009,56,-39.45,1.55,1.55,-4.4,False,-15.45,3.1,-17.2,False,-14.75,3.1,-18.5,False,-29.45,3.1,-33.55,True,-29.45,3.1,-33.55,True,-29.45,3.1,-33.55,True,-29.45,3.1,-33.55,True,-29.45,-91.2,245,2.05,1.569,1.625,1.261,1.261,1.261,1.261,1.261,bearish,bullish
42694,1,2023-01-20 09:55:00,2023-01-20 10:00:00,18086.9,False,18069.45,18076.19,-6.74,17.82,237,0.4,-0.159,42,-7.85,7.45,16.35,0.0,False,24.7,24.95,0.0,False,30.8,33.0,0.0,False,41.95,49.05,0.0,False,32.45,57.75,0.0,False,0.2,57.75,-0.4,False,-30.75,57.75,-31.25,False,-59.6,18.05,245,0.156,0.1,0.376,0.577,0.442,-0.034,-4.275,2.678,bearish,bullish
42712,1,2023-01-20 11:25:00,2023-01-20 11:30:00,18114.5,False,18099.25,18079.15,20.1,13.28,255,0.4,-0.006,24,-35.45,-1.65,4.75,-1.75,False,-5.4,4.75,-6.35,False,-5.1,4.75,-6.5,False,-27.4,4.75,-28.0,False,-5.9,4.75,-30.2,False,-23.6,4.75,-35.1,False,-87.2,4.75,-97.05,False,-87.2,-9.55,245,-0.632,-0.182,-0.615,-0.548,-3.829,-4.949,2.164,2.164,bearish,bullish
42722,1,2023-01-20 12:15:00,2023-01-20 12:20:00,18103.8,False,18084.3,18080.0,4.3,11.76,265,0.4,-0.066,14,-24.75,0.05,4.0,-2.05,False,4.8,6.95,-2.05,False,5.15,7.3,-2.05,False,-19.4,7.3,-24.4,False,0.4,7.3,-24.4,False,-53.15,7.3,-60.95,False,-76.5,7.3,-86.35,True,-76.5,1.15,245,0.335,-0.067,-0.309,0.488,0.435,-0.143,5.927,5.927,bearish,bullish
42730,1,2023-01-20 12:55:00,2023-01-20 13:00:00,18092.75,False,18079.4,18080.5,-1.1,10.99,273,0.4,-0.125,6,-13.7,0.0,6.0,-2.7,False,-1.1,6.0,-4.55,False,2.75,6.0,-4.55,False,-1.85,13.2,-4.55,False,-36.6,13.2,-37.1,False,-43.35,13.2,-73.65,False,-65.45,13.2,-75.3,True,-65.45,12.2,245,0.019,0.008,0.609,-0.105,0.056,2.905,7.008,7.008,bearish,bullish
42749,-1,2023-01-20 14:30:00,2023-01-20 14:35:00,18024.5,False,18065.1,18067.15,-2.05,13.12,12,0.35,-0.503,14,-105.45,1.0,2.95,-7.85,False,0.55,5.4,-7.85,False,-17.55,5.4,-23.35,False,-10.75,5.4,-31.5,False,-2.8,7.05,-31.5,True,-2.8,7.05,-31.5,True,-2.8,7.05,-31.5,True,-2.8,-80.45,245,0.348,1.317,1.837,-2.239,-3.532,-3.532,-3.532,-3.532,bearish,bullish
42755,-1,2023-01-20 15:00:00,2023-01-20 15:05:00,18035.3,False,18056.0,18058.53,-2.53,13.89,18,0.35,-0.444,8,-94.65,4.35,15.25,-2.4,False,5.95,15.25,-2.4,False,10.15,15.25,-2.4,False,8.0,17.85,-2.4,True,8.0,17.85,-2.4,True,8.0,17.85,-2.4,True,8.0,17.85,-2.4,True,8.0,-69.65,245,-2.05,-1.569,-1.625,-1.261,-1.261,-1.261,-1.261,-1.261,bearish,bullish
42776,1,2023-01-23 10:30:00,2023-01-23 10:35:00,18152.55,False,18142.6,18122.71,19.89,15.72,12,24.0,0.19,16,-28.1,-6.25,0.5,-8.05,False,-15.4,0.5,-17.05,False,-13.55,0.5,-19.1,False,-6.5,0.5,-19.1,False,-15.9,0.5,-25.4,False,-43.4,0.5,-49.3,False,-23.35,0.5,-73.95,False,-47.6,-51.4,245,0.504,0.275,0.865,0.221,-0.049,-3.489,-0.829,2.747,bearish,bullish
42781,1,2023-01-23 10:55:00,2023-01-23 11:00:00,18147.9,False,18133.45,18127.05,6.4,13.86,17,24.0,0.163,11,-23.45,-1.85,3.45,-1.85,False,-0.35,3.45,-2.45,False,-13.6,3.45,-13.6,False,-13.2,3.45,-20.75,False,-23.45,3.45,-24.65,False,-53.35,3.45,-58.75,False,-39.0,3.45,-69.3,False,-42.95,-46.75,245,-0.284,0.196,0.323,0.124,-0.469,-4.771,-1.86,2.243,bearish,bullish
42790,1,2023-01-23 11:40:00,2023-01-23 11:45:00,18139.1,False,18127.15,18130.36,-3.21,11.23,26,24.0,0.113,2,-14.65,3.55,4.75,-3.0,False,-10.65,4.75,-11.1,False,-14.65,4.75,-15.85,False,-26.35,4.75,-30.15,False,-39.25,4.75,-40.8,False,-18.45,4.75,-60.5,False,-34.15,4.75,-60.5,True,-34.15,-37.95,245,-0.601,-0.673,0.108,-2.162,-3.901,-4.237,2.82,2.82,bearish,bullish
42825,-1,2023-01-23 14:35:00,2023-01-23 14:40:00,18111.0,False,18136.35,18112.56,23.79,11.61,32,2.7,-0.042,10,-57.55,-4.45,0.0,-8.3,False,-9.8,0.0,-17.75,False,-4.45,0.0,-17.75,False,-17.05,10.4,-18.35,False,6.05,13.5,-20.3,True,6.05,13.5,-20.3,True,6.05,13.5,-20.3,True,6.05,9.85,245,0.923,1.443,1.388,-4.715,-3.926,-3.926,-3.926,-3.926,bearish,bullish
42833,-1,2023-01-23 15:15:00,2023-01-23 15:20:00,18120.9,False,18131.3,18113.8,17.5,11.56,40,2.7,0.012,2,-47.65,7.2,10.55,-0.45,False,15.95,23.4,-0.45,False,15.95,23.4,-0.45,True,15.95,23.4,-0.45,True,15.95,23.4,-0.45,True,15.95,23.4,-0.45,True,15.95,23.4,-0.45,True,15.95,19.75,245,-1.176,0.404,0.404,0.404,0.404,0.404,0.404,0.404,bearish,bullish
42849,1,2023-01-24 10:20:00,2023-01-24 10:25:00,18149.6,False,18126.2,18153.25,-27.05,17.76,13,37.25,-0.186,17,-16.85,-0.7,7.25,-1.6,False,-5.75,7.25,-10.85,False,7.5,7.5,-10.85,False,4.9,21.65,-10.85,False,-4.6,23.5,-13.45,False,-21.9,23.5,-32.85,False,-53.6,23.5,-70.45,False,-48.45,-239.55,245,-0.323,-0.917,-0.466,-0.596,-0.389,-3.814,-4.173,1.777,bearish,bullish
42852,1,2023-01-24 10:35:00,2023-01-24 10:40:00,18157.2,False,18138.75,18152.73,-13.98,16.47,16,37.25,-0.148,14,-24.45,10.9,13.75,-0.6,False,9.95,14.05,-0.6,False,-2.7,14.05,-8.45,False,6.85,15.9,-8.45,False,-20.9,15.9,-23.9,False,-36.0,15.9,-42.2,False,-40.45,15.9,-78.05,False,-56.05,-247.15,245,-0.223,0.367,-0.124,0.202,-0.098,-3.942,-1.631,2.249,bearish,bullish
42862,1,2023-01-24 11:25:00,2023-01-24 11:30:00,18150.35,False,18136.15,18154.21,-18.06,13.79,26,37.25,-0.192,4,-17.6,-12.05,2.6,-12.1,False,-14.05,2.6,-17.05,False,-8.0,2.6,-17.05,False,-21.3,2.6,-24.95,False,-29.2,2.6,-35.25,False,-28.45,2.6,-35.35,False,-49.2,2.6,-71.2,False,-49.2,-240.3,245,-0.632,-0.182,-0.615,-0.548,-3.829,-4.949,2.164,2.164,bearish,bullish
42865,1,2023-01-24 11:40:00,2023-01-24 11:45:00,18143.3,False,18133.3,18153.06,-19.76,13.08,29,37.25,-0.229,1,-10.55,-8.55,6.65,-8.55,False,-10.55,6.65,-13.85,False,-14.25,6.65,-17.9,False,-13.75,6.65,-26.55,False,-16.75,6.65,-28.3,False,-46.15,6.65,-46.5,False,-42.15,6.65,-64.15,True,-42.15,-233.25,245,-0.601,-0.673,0.108,-2.162,-3.901,-4.237,2.82,2.82,bearish,bullish
42874,-1,2023-01-24 12:25:00,2023-01-24 12:30:00,18122.1,False,18133.8,18132.28,1.52,11.78,7,0.55,-0.345,3,-16.0,1.3,4.3,-2.9,False,0.9,7.1,-2.9,False,-4.45,7.1,-6.9,False,-18.35,7.1,-21.4,False,0.2,7.1,-21.45,False,19.65,42.95,-21.45,False,20.95,42.95,-21.45,True,20.95,212.05,245,0.195,0.149,0.68,0.972,1.072,-1.403,-6.041,-6.041,bearish,bullish
42901,-1,2023-01-24 14:40:00,2023-01-24 14:45:00,18105.4,False,18127.7,18112.56,15.14,12.38,14,4.2,-0.434,4,-23.45,-0.9,6.45,-1.15,False,-9.9,6.45,-10.5,False,-17.45,6.45,-18.2,False,-18.8,6.45,-29.0,False,4.25,6.45,-29.0,True,4.25,6.45,-29.0,True,4.25,6.45,-29.0,True,4.25,195.35,245,0.419,0.363,-0.847,-5.258,-4.95,-4.95,-4.95,-4.95,bearish,bullish
42986,-1,2023-01-27 09:15:00,2023-01-27 09:20:00,17820.95,False,17912.8,17940.46,-27.66,26.26,75,38.45,-0.308,224,55.3,21.3,23.95,-10.1,False,82.6,82.6,-10.1,False,57.8,104.7,-10.1,False,65.75,104.7,-10.1,False,135.6,142.3,-10.1,False,125.15,153.0,-10.1,False,264.55,289.3,-10.1,False,213.05,153.7,245,-1.539,-0.728,0.307,-1.732,-0.316,0.282,3.381,-2.111,bearish,bullish
43170,-1,2023-01-31 12:05:00,2023-01-31 12:10:00,17632.95,False,17655.05,17702.22,-47.17,21.72,259,38.45,-0.558,40,-132.7,23.5,27.75,-0.1,False,32.6,34.6,-0.1,False,18.4,38.3,-0.1,False,-5.7,38.3,-12.4,False,12.7,38.3,-17.55,False,2.05,38.3,-51.65,False,-49.6,38.3,-65.35,True,-49.6,27.55,245,0.996,1.944,1.605,2.204,3.014,1.772,-3.986,-3.986,bearish,bullish
43191,-1,2023-01-31 13:50:00,2023-01-31 13:55:00,17657.05,False,17684.6,17697.8,-13.2,21.1,280,38.45,-0.42,19,-108.6,-0.0,18.6,-1.7,False,0.45,18.6,-1.7,False,26.15,29.3,-1.7,False,49.1,53.85,-1.7,False,5.8,53.85,-1.7,False,-25.5,53.85,-41.25,True,-25.5,53.85,-41.25,True,-25.5,51.65,245,-0.019,-1.96,-1.213,-1.021,-1.658,-6.971,-6.971,-6.971,bearish,bullish
43205,-1,2023-01-31 15:00:00,2023-01-31 15:05:00,17638.45,False,17672.85,17694.9,-22.05,22.15,294,38.45,-0.525,5,-127.2,-2.9,9.15,-12.7,False,-46.55,9.15,-46.6,False,-46.0,9.15,-59.85,False,-44.1,9.15,-59.85,True,-44.1,9.15,-59.85,True,-44.1,9.15,-59.85,True,-44.1,9.15,-59.85,True,-44.1,33.05,245,-2.05,-1.569,-1.625,-1.261,-1.261,-1.261,-1.261,-1.261,bearish,bullish
43209,-1,2023-01-31 15:20:00,2023-01-31 15:25:00,17665.75,False,17698.3,17694.53,3.77,23.39,298,38.45,-0.368,1,-99.9,-16.8,0.0,-20.95,False,-16.8,0.0,-20.95,True,-16.8,0.0,-20.95,True,-16.8,0.0,-20.95,True,-16.8,0.0,-20.95,True,-16.8,0.0,-20.95,True,-16.8,0.0,-20.95,True,-16.8,60.35,245,1.579,1.579,1.579,1.579,1.579,1.579,1.579,1.579,bearish,bullish
43216,1,2023-02-01 09:40:00,2023-02-01 09:45:00,17769.65,False,17735.85,17717.56,18.29,30.42,5,67.35,-0.239,47,-39.35,-7.0,1.25,-12.2,False,-1.75,15.55,-12.2,False,-9.4,15.55,-13.6,False,18.65,20.6,-18.45,False,33.85,44.6,-18.45,False,29.55,66.9,-37.5,False,-39.35,201.85,-50.35,False,-164.25,-157.9,245,1.503,0.588,-0.768,-0.42,-0.59,-0.897,-5.175,1.882,bearish,bullish
43222,1,2023-02-01 10:10:00,2023-02-01 10:15:00,17789.35,False,17751.2,17735.87,15.33,25.86,11,67.35,-0.131,41,-59.05,1.65,6.1,-1.0,False,10.95,10.95,-5.35,False,18.1,24.75,-5.35,False,14.15,24.9,-5.35,False,13.05,47.2,-5.35,False,-36.4,47.2,-57.2,False,-100.95,182.15,-142.25,False,-183.95,-177.6,245,0.446,0.491,0.139,-0.232,0.32,-2.743,-3.642,2.24,bearish,bullish
43229,1,2023-02-01 10:45:00,2023-02-01 10:50:00,17824.35,False,17790.8,17754.78,36.02,21.35,18,67.35,0.07,34,-94.05,-14.35,0.65,-21.35,False,-13.15,0.65,-21.35,False,2.05,12.2,-21.35,False,-63.1,12.2,-63.1,False,-26.2,12.2,-92.2,False,110.6,125.35,-92.2,False,-404.0,147.15,-433.15,False,-218.95,-212.6,245,-0.442,-0.304,-0.596,-0.462,-1.49,-3.508,-3.438,1.931,bearish,bullish
43237,1,2023-02-01 11:25:00,2023-02-01 11:30:00,17782.5,False,17732.15,17765.4,-33.25,24.2,26,67.35,-0.162,26,-52.2,5.85,20.4,0.0,False,14.95,20.4,0.0,False,16.7,23.4,0.0,False,22.8,35.9,0.0,False,75.5,96.55,-48.6,False,25.75,189.0,-48.6,False,-177.1,189.0,-428.7,False,-177.1,-170.75,245,-0.632,-0.182,-0.615,-0.548,-3.829,-4.949,2.164,2.164,bearish,bullish
43248,1,2023-02-01 12:20:00,2023-02-01 12:25:00,17850.5,False,17733.9,17773.16,-39.26,29.44,37,67.35,0.219,15,-120.2,7.5,28.55,-19.85,False,85.25,96.0,-19.85,False,79.85,99.2,-19.85,False,108.6,115.7,-19.85,False,-9.25,121.0,-19.85,False,-208.25,121.0,-235.0,False,-245.1,121.0,-496.7,True,-245.1,-238.75,245,-0.396,-0.638,-0.592,-0.768,-0.763,-0.352,5.598,5.598,bearish,bullish
43294,-1,2023-02-02 09:55:00,2023-02-02 10:00:00,17555.4,False,17653.5,17668.08,-14.58,62.81,30,3.6,0.233,66,-148.1,-6.3,14.95,-39.2,False,-25.9,14.95,-46.15,False,-17.8,14.95,-46.15,False,30.25,41.55,-61.55,False,-17.35,41.55,-61.55,False,-69.7,41.55,-85.0,False,28.85,64.4,-93.5,False,-56.35,-275.4,245,-0.156,-0.1,-0.376,-0.577,-0.442,0.034,4.275,-2.678,bearish,bullish
43300,-1,2023-02-02 10:25:00,2023-02-02 10:30:00,17525.35,False,17616.95,17655.87,-38.92,57.35,36,3.6,0.046,60,-178.15,-0.05,10.55,-14.15,False,-25.2,10.55,-27.9,False,-40.5,10.55,-40.5,False,-47.4,10.55,-73.8,False,-78.6,10.55,-98.9,False,-44.15,10.55,-123.55,False,-66.6,34.35,-123.55,False,-86.4,-305.45,245,0.612,0.161,0.39,0.153,0.036,3.911,2.556,-2.082,bearish,bullish
43314,-1,2023-02-02 11:35:00,2023-02-02 11:40:00,17586.25,False,17624.25,17638.57,-14.32,38.2,50,3.6,0.394,46,-117.25,1.05,14.85,-0.6,False,-2.9,14.85,-10.95,False,-39.55,14.85,-39.55,False,-36.1,14.85,-62.65,False,33.65,41.1,-62.65,False,67.3,67.85,-62.65,False,-25.5,95.25,-62.65,True,-25.5,-244.55,245,0.438,1.08,1.152,1.604,3.849,5.497,-2.341,-2.341,bearish,bullish
43322,-1,2023-02-02 12:15:00,2023-02-02 12:20:00,17602.15,False,17648.9,17635.47,13.43,30.78,58,3.6,0.483,38,-101.35,18.05,26.4,-0.35,False,32.65,35.9,-0.35,False,38.5,48.5,-0.35,False,53.25,57.0,-0.35,False,51.1,73.55,-0.35,False,24.0,111.15,-0.35,False,-9.6,111.15,-30.95,True,-9.6,-228.65,245,-0.335,0.067,0.309,-0.488,-0.435,0.143,-5.927,-5.927,bearish,bullish
43338,-1,2023-02-02 13:35:00,2023-02-02 13:40:00,17520.05,False,17588.45,17620.52,-32.07,25.14,74,3.6,0.011,22,-183.45,-10.15,19.3,-10.35,False,-22.45,19.3,-28.25,False,1.95,19.3,-28.25,False,-8.6,29.05,-28.25,False,-64.1,29.05,-89.0,False,-91.7,29.05,-113.05,True,-91.7,29.05,-113.05,True,-91.7,-310.75,245,-0.772,-0.755,-0.855,-2.071,-3.949,-7.829,-7.829,-7.829,bearish,bullish
43349,-1,2023-02-02 14:30:00,2023-02-02 14:35:00,17574.05,False,17603.8,17612.05,-8.25,28.89,85,3.6,0.321,11,-129.45,-10.1,0.4,-35.0,False,-28.0,0.4,-35.0,False,-20.85,0.4,-48.55,False,-41.8,5.2,-48.55,False,-37.7,5.2,-59.05,True,-37.7,5.2,-59.05,True,-37.7,5.2,-59.05,True,-37.7,-256.75,245,0.348,1.317,1.837,-2.239,-3.532,-3.532,-3.532,-3.532,bearish,bullish
43357,-1,2023-02-02 15:10:00,2023-02-02 15:15:00,17610.05,False,17633.1,17611.31,21.79,30.56,93,3.6,0.535,3,-93.45,-6.0,6.25,-9.85,False,-13.15,6.25,-20.0,False,-1.7,6.55,-20.0,False,-1.7,6.55,-20.0,True,-1.7,6.55,-20.0,True,-1.7,6.55,-20.0,True,-1.7,6.55,-20.0,True,-1.7,-220.75,245,-0.005,-1.221,0.359,0.359,0.359,0.359,0.359,0.359,bearish,bullish
43367,1,2023-02-03 09:45:00,2023-02-03 09:50:00,17674.55,False,17643.0,17629.7,13.3,33.88,6,70.4,-0.271,10,-90.15,-15.95,0.0,-27.7,False,9.15,9.15,-27.7,False,-5.35,19.7,-27.7,False,-6.4,19.7,-27.7,False,-41.2,19.7,-90.2,False,-18.55,19.7,-90.2,False,54.1,66.2,-90.2,False,156.25,86.65,245,-0.942,-2.297,-2.169,-1.441,-1.529,-3.068,-6.721,0.353,bearish,bullish
43372,1,2023-02-03 10:10:00,2023-02-03 10:15:00,17676.75,False,17653.2,17637.54,15.66,31.76,11,70.4,-0.258,5,-92.35,-8.6,13.25,-8.95,False,-49.65,13.25,-52.75,False,-33.85,13.25,-66.0,False,-92.35,13.25,-92.35,False,-50.15,13.25,-92.4,False,0.35,13.25,-92.4,False,71.05,88.2,-92.4,False,154.05,84.45,245,0.446,0.491,0.139,-0.232,0.32,-2.743,-3.642,2.24,bearish,bullish
43382,-1,2023-02-03 11:00:00,2023-02-03 11:05:00,17630.1,False,17657.85,17633.6,24.25,31.11,4,4.2,-0.52,9,-33.85,8.45,9.4,-9.3,False,3.5,21.65,-9.3,False,-1.0,21.65,-12.85,False,23.35,42.85,-12.85,False,-29.2,42.85,-50.4,False,-64.4,42.85,-91.25,False,-230.85,42.85,-239.75,False,-200.7,-131.1,245,-0.505,-0.632,-0.159,0.244,1.281,4.437,-1.259,-2.552,bearish,bullish
43401,1,2023-02-03 12:35:00,2023-02-03 12:40:00,17695.35,False,17671.65,17661.27,10.38,23.77,9,6.1,-0.154,115,41.4,1.55,11.7,-4.3,False,20.75,26.0,-4.3,False,13.45,26.0,-4.3,False,-0.75,26.0,-16.6,False,26.5,28.0,-16.6,False,129.4,139.3,-16.6,False,135.45,174.5,-16.6,True,135.45,65.85,245,-0.476,0.807,-0.121,-0.754,-1.592,2.366,6.246,6.246,bearish,bullish
43408,1,2023-02-03 13:10:00,2023-02-03 13:15:00,17707.15,False,17678.75,17673.95,4.8,22.94,16,6.1,-0.082,108,29.6,-9.15,5.45,-11.55,False,-10.4,5.45,-11.55,False,-10.95,5.45,-21.75,False,27.65,33.6,-23.5,False,40.65,57.8,-23.5,False,147.15,162.7,-23.5,False,123.65,162.7,-23.5,True,123.65,54.05,245,0.908,0.039,-0.713,-0.657,0.519,6.708,6.4,6.4,bearish,bullish
43457,1,2023-02-06 11:00:00,2023-02-06 11:05:00,17733.45,False,17698.9,17738.96,-40.06,23.8,65,6.1,-0.479,59,3.3,-13.5,2.05,-13.85,False,-14.65,2.05,-19.35,False,-0.1,2.05,-19.35,False,1.75,12.55,-19.35,False,4.4,21.55,-19.35,False,3.35,24.7,-19.35,False,27.5,51.4,-19.35,False,27.75,-13.05,245,0.505,0.632,0.159,-0.244,-1.281,-4.437,1.259,2.552,bearish,bullish
43460,1,2023-02-06 11:15:00,2023-02-06 11:20:00,17733.1,False,17714.1,17738.33,-24.23,22.04,68,6.1,-0.478,56,3.65,9.6,9.6,-8.5,False,2.8,12.9,-8.5,False,2.1,12.9,-8.5,False,1.1,12.9,-17.45,False,5.85,25.05,-17.45,False,2.1,25.05,-17.45,False,31.25,51.75,-17.45,False,28.1,-12.7,245,0.237,0.285,-0.393,-1.017,-3.527,-3.089,2.767,2.403,bearish,bullish
43466,1,2023-02-06 11:45:00,2023-02-06 11:50:00,17734.3,False,17715.65,17737.92,-22.27,19.48,74,6.1,-0.473,50,2.45,-0.5,0.4,-4.95,False,15.05,15.05,-4.95,False,3.55,20.7,-4.95,False,4.65,23.85,-16.9,False,-5.4,23.85,-17.15,False,20.4,36.3,-17.3,False,26.9,50.55,-17.3,True,26.9,-13.9,245,0.007,0.788,-0.333,-2.43,-1.938,-3.574,3.5,3.5,bearish,bullish
43476,1,2023-02-06 12:35:00,2023-02-06 12:40:00,17740.1,False,17717.15,17737.61,-20.46,18.16,84,6.1,-0.439,40,-3.35,-14.4,3.35,-14.4,False,-11.2,3.35,-19.55,False,-10.4,3.35,-20.95,False,-6.9,4.35,-20.95,False,15.85,19.95,-23.1,False,12.8,44.75,-23.1,False,21.1,44.75,-23.1,True,21.1,-19.7,245,-0.476,0.807,-0.121,-0.754,-1.592,2.366,6.246,6.246,bearish,bullish
43502,1,2023-02-06 14:45:00,2023-02-06 14:50:00,17766.7,False,17746.5,17740.37,6.13,16.19,110,6.1,-0.291,14,-29.95,-26.35,1.7,-27.3,False,-9.5,1.7,-27.3,False,-5.75,13.3,-27.3,False,-2.35,13.3,-27.3,False,-5.5,13.3,-27.3,True,-5.5,13.3,-27.3,True,-5.5,13.3,-27.3,True,-5.5,-46.3,245,0.12,1.33,4.14,5.797,5.433,5.433,5.433,5.433,bearish,bullish
43506,1,2023-02-06 15:05:00,2023-02-06 15:10:00,17772.45,False,17739.4,17740.99,-1.59,17.21,114,6.1,-0.258,10,-35.7,-10.7,2.35,-10.7,False,-8.1,2.35,-14.75,False,-5.7,2.35,-16.05,False,-11.25,2.35,-16.4,True,-11.25,2.35,-16.4,True,-11.25,2.35,-16.4,True,-11.25,2.35,-16.4,True,-11.25,-52.05,245,-0.627,-0.571,0.645,-0.935,-0.935,-0.935,-0.935,-0.935,bearish,bullish
43511,1,2023-02-07 09:15:00,2023-02-07 09:20:00,17791.95,False,17756.05,17742.04,14.01,17.29,119,6.1,0.003,5,-55.2,10.35,10.6,-7.3,False,-2.25,18.9,-7.3,False,-15.5,18.9,-15.9,False,-55.2,18.9,-60.9,False,-52.1,18.9,-60.9,False,-37.2,18.9,-60.9,False,-131.45,18.9,-139.35,False,-71.55,70.55,245,1.539,0.728,-0.307,1.732,0.316,-0.282,-3.381,2.111,bearish,bullish
43521,-1,2023-02-07 10:05:00,2023-02-07 10:10:00,17747.8,False,17769.3,17759.94,9.36,18.89,4,2.65,-0.239,5,-30.8,-3.0,5.65,-5.55,False,7.95,8.85,-7.1,False,-6.55,10.25,-9.85,False,-30.8,10.25,-34.7,False,-12.9,10.25,-39.25,False,12.05,20.45,-39.25,False,20.05,95.2,-39.25,False,27.4,-114.7,245,-0.148,-0.656,-0.702,-0.207,-0.404,1.495,3.308,-2.45,bearish,bullish
43533,1,2023-02-07 11:05:00,2023-02-07 11:10:00,17760.1,False,17744.8,17763.09,-18.29,16.44,6,9.3,-0.165,4,-20.7,7.35,8.9,-0.55,False,-5.35,10.15,-5.35,False,-5.95,10.15,-6.1,False,-17.4,10.15,-22.3,False,-24.35,10.15,-32.75,False,-95.3,10.15,-102.5,False,-33.05,18.5,-107.5,False,-39.7,102.4,245,0.122,-0.351,-0.124,-0.304,-1.903,-4.958,2.831,2.042,bearish,bullish
43543,-1,2023-02-07 11:55:00,2023-02-07 12:00:00,17731.85,False,17747.5,17744.69,2.81,13.12,5,5.4,-0.327,24,-2.45,-9.5,0.3,-10.4,False,-3.9,0.3,-13.3,False,7.9,9.6,-13.3,False,21.4,33.6,-13.3,False,54.35,64.75,-13.3,False,26.95,79.25,-13.3,False,11.45,79.25,-46.75,True,11.45,-130.65,245,1.067,1.179,2.216,3.227,4.247,4.186,-2.767,-2.767,bearish,bullish
43567,-1,2023-02-07 13:55:00,2023-02-07 14:00:00,17704.1,False,17728.05,17711.58,16.47,16.51,29,5.4,-0.479,0,-30.2,-30.2,1.25,-30.2,False,-23.65,1.25,-36.4,False,-24.9,1.25,-36.4,False,-13.0,1.25,-42.5,False,-59.8,1.25,-74.5,False,-16.3,1.25,-74.5,True,-16.3,1.25,-74.5,True,-16.3,-158.4,245,-1.944,-1.198,-1.074,-2.318,-2.853,-6.956,-6.956,-6.956,bearish,bullish
43585,1,2023-02-07 15:25:00,2023-02-08 09:15:00,17750.3,True,17704.8,17723.47,-18.67,16.67,17,6.25,-0.392,153,65.2,38.6,42.9,-5.0,False,56.0,59.6,-5.0,False,59.1,61.4,-5.0,False,89.1,94.15,-5.0,False,111.4,128.1,-5.0,False,90.4,128.1,-5.0,False,101.5,130.1,-5.0,False,112.2,146.8,0,,,,,,,,,bearish,bullish
43606,1,2023-02-08 10:55:00,2023-02-08 11:00:00,17823.85,False,17799.95,17770.29,29.66,20.13,38,6.25,0.414,132,-8.35,10.15,17.85,-1.3,False,19.3,19.55,-1.3,False,16.85,20.55,-1.3,False,15.7,28.55,-1.3,False,52.8,56.55,-1.3,False,25.2,56.55,-1.3,False,66.3,73.55,-1.3,False,38.65,73.25,245,-0.284,0.196,0.323,0.124,-0.469,-4.771,-1.86,2.243,bearish,bullish
43625,1,2023-02-08 12:30:00,2023-02-08 12:35:00,17846.85,False,17829.45,17792.92,36.53,15.99,57,6.25,0.546,113,-31.35,-5.7,8.35,-5.7,False,-1.65,8.35,-8.9,False,-4.75,8.35,-11.0,False,14.75,14.75,-11.0,False,30.75,41.85,-11.0,False,46.3,49.35,-11.0,False,15.65,51.7,-11.0,True,15.65,50.25,245,0.046,-0.486,0.797,-0.753,-0.765,2.66,6.236,6.236,bearish,bullish
43668,1,2023-02-09 09:50:00,2023-02-09 09:55:00,17831.0,False,17780.5,17819.14,-38.64,20.22,100,6.25,-0.313,70,-15.5,18.15,19.5,-0.45,False,18.6,36.95,-0.45,False,33.7,36.95,-0.45,False,43.5,43.5,-0.45,False,21.45,50.25,-0.45,False,27.15,54.05,-0.45,False,65.2,67.75,-8.2,False,66.1,12.35,245,-1.348,-1.22,-1.275,-0.446,-1.07,-2.191,-5.672,1.302,bearish,bullish
43682,1,2023-02-09 11:00:00,2023-02-09 11:05:00,17866.0,False,17844.65,17823.82,20.83,17.24,114,6.25,-0.109,56,-50.5,-4.4,4.8,-6.75,False,-0.5,4.8,-6.75,False,-1.6,4.8,-6.75,False,8.5,19.05,-6.75,False,-15.25,19.05,-18.85,False,-32.55,19.05,-43.2,False,15.85,49.55,-43.2,False,31.1,-22.65,245,0.505,0.632,0.159,-0.244,-1.281,-4.437,1.259,2.552,bearish,bullish
43697,1,2023-02-09 12:15:00,2023-02-09 12:20:00,17849.1,False,17831.0,17827.91,3.09,14.56,129,6.25,-0.204,41,-33.6,-4.15,6.45,-8.75,False,-12.1,6.45,-14.25,False,-14.4,6.45,-16.05,False,-10.75,6.45,-26.3,False,-9.15,6.45,-26.3,False,38.35,66.45,-26.3,False,48.0,66.45,-26.3,True,48.0,-5.75,245,0.335,-0.067,-0.309,0.488,0.435,-0.143,5.927,5.927,bearish,bullish
43703,1,2023-02-09 12:45:00,2023-02-09 12:50:00,17838.55,False,17822.8,17828.29,-5.49,13.91,135,6.25,-0.264,35,-23.05,1.0,7.15,-5.95,False,-0.5,7.15,-5.95,False,-5.1,7.15,-6.6,False,1.4,7.15,-11.05,False,48.25,50.25,-14.1,False,46.7,77.0,-14.1,False,58.55,77.0,-14.1,True,58.55,4.8,245,-0.934,-1.581,-1.557,-0.059,-1.641,0.064,5.433,5.433,bearish,bullish
43709,1,2023-02-09 13:15:00,2023-02-09 13:20:00,17840.1,False,17827.5,17828.61,-1.11,12.32,141,6.25,-0.255,29,-24.6,-12.6,5.75,-13.75,False,-2.4,5.75,-15.65,False,17.15,18.3,-15.65,False,46.7,48.7,-15.65,False,47.35,75.45,-15.65,False,53.2,75.45,-15.65,False,57.0,75.45,-15.65,True,57.0,3.25,245,-0.848,-1.6,-1.488,-1.561,-0.557,5.877,5.513,5.513,bearish,bullish
43731,1,2023-02-09 15:05:00,2023-02-09 15:10:00,17895.1,False,17876.3,17835.4,40.9,13.99,163,6.25,0.044,7,-79.6,-1.55,4.1,-3.6,False,-1.8,4.65,-3.6,False,5.3,6.0,-4.2,False,2.0,9.7,-4.2,True,2.0,9.7,-4.2,True,2.0,9.7,-4.2,True,2.0,9.7,-4.2,True,2.0,-51.75,245,-0.627,-0.571,0.645,-0.935,-0.935,-0.935,-0.935,-0.935,bearish,bullish
43738,1,2023-02-10 09:25:00,2023-02-10 09:30:00,17860.7,False,17826.5,17836.96,-10.46,17.86,170,6.25,0.071,0,-45.2,-45.2,0.0,-45.5,False,-47.1,0.0,-52.0,False,-49.0,0.0,-52.0,False,-36.0,0.0,-59.55,False,-31.6,0.0,-59.55,False,-0.8,16.25,-59.55,False,-36.65,16.25,-59.55,False,-17.35,-96.15,245,-1.128,0.537,-0.65,-1.36,-0.811,-0.829,-5.824,1.29,bearish,bullish
43772,1,2023-02-10 12:15:00,2023-02-10 12:20:00,17833.75,False,17820.35,17843.38,-23.03,13.29,13,2.6,-0.078,40,1.0,2.1,6.55,-2.3,False,5.7,9.2,-2.3,False,0.85,9.2,-2.3,False,0.05,9.2,-10.45,False,-12.45,9.2,-18.65,False,18.8,25.15,-18.65,False,9.6,31.4,-18.65,True,9.6,-69.2,245,0.335,-0.067,-0.309,0.488,0.435,-0.143,5.927,5.927,bearish,bullish
43788,1,2023-02-10 13:35:00,2023-02-10 13:40:00,17833.6,False,17815.1,17838.52,-23.42,12.35,29,2.6,-0.077,24,1.15,6.7,11.2,-1.65,False,1.35,12.7,-1.65,False,4.95,12.7,-1.65,False,17.9,25.3,-1.65,False,10.75,25.3,-1.65,False,9.75,31.55,-9.95,True,9.75,31.55,-9.95,True,9.75,-69.05,245,0.772,0.755,0.855,2.071,3.949,7.829,7.829,7.829,bearish,bullish
43803,1,2023-02-10 14:50:00,2023-02-10 14:55:00,17841.3,False,17823.65,17839.91,-16.26,11.81,44,2.6,-0.033,9,-6.55,-6.35,0.4,-13.25,False,12.7,16.7,-13.25,False,19.15,23.85,-13.25,False,18.2,23.85,-13.25,False,2.05,23.85,-13.25,True,2.05,23.85,-13.25,True,2.05,23.85,-13.25,True,2.05,-76.75,245,1.213,4.023,6.105,6.896,5.316,5.316,5.316,5.316,bearish,bullish
43811,1,2023-02-13 09:15:00,2023-02-13 09:20:00,17872.3,False,17840.0,17841.51,-1.51,14.55,52,2.6,0.071,1,-37.55,-17.6,7.5,-17.6,False,-37.55,7.5,-42.5,False,-57.9,7.5,-66.0,False,-54.0,7.5,-70.5,False,-116.6,7.5,-136.2,False,-94.15,7.5,-136.2,False,-102.3,7.5,-152.05,False,-107.75,49.55,245,1.539,0.728,-0.307,1.732,0.316,-0.282,-3.381,2.111,bearish,bullish
43818,-1,2023-02-13 09:50:00,2023-02-13 09:55:00,17795.65,False,17834.8,17841.07,-6.27,17.91,5,5.25,-0.353,55,4.5,22.15,22.95,0.0,False,28.3,28.35,0.0,False,49.05,59.55,0.0,False,47.0,59.55,0.0,False,10.0,59.55,0.0,False,24.5,59.55,0.0,False,32.15,75.4,0.0,False,31.1,-126.2,245,1.348,1.22,1.275,0.446,1.07,2.191,5.672,-1.302,bearish,bullish
43837,-1,2023-02-13 11:25:00,2023-02-13 11:30:00,17771.4,False,17794.85,17800.64,-5.79,15.04,24,5.25,-0.492,36,-19.75,14.35,17.05,-1.7,False,12.35,17.05,-1.7,False,4.95,17.05,-1.7,False,-6.0,17.05,-7.05,False,34.6,51.15,-7.05,False,0.2,51.15,-8.15,False,6.85,51.15,-31.4,False,6.85,-150.45,245,0.632,0.182,0.615,0.548,3.829,4.949,-2.164,-2.164,bearish,bullish
43844,-1,2023-02-13 12:00:00,2023-02-13 12:05:00,17759.6,False,17778.45,17794.46,-16.01,14.25,31,5.25,-0.555,29,-31.55,13.75,17.8,-0.8,False,12.75,18.05,-0.8,False,31.2,38.05,-0.8,False,16.95,39.35,-0.8,False,7.25,39.35,-1.25,False,-11.0,39.35,-19.95,False,-4.95,39.35,-43.2,True,-4.95,-162.25,245,0.121,1.159,2.107,2.412,3.166,1.188,-3.824,-3.824,bearish,bullish
43863,-1,2023-02-13 13:35:00,2023-02-13 13:40:00,17760.4,False,17779.55,17779.95,-0.4,14.12,50,5.25,-0.554,10,-30.75,-6.1,6.35,-8.15,False,-2.65,6.35,-10.55,False,-3.1,6.35,-10.55,False,-14.15,6.35,-23.5,False,-26.35,6.35,-35.55,False,-4.15,6.35,-42.4,True,-4.15,6.35,-42.4,True,-4.15,-161.45,245,-0.772,-0.755,-0.855,-2.071,-3.949,-7.829,-7.829,-7.829,bearish,bullish
43871,-1,2023-02-13 14:15:00,2023-02-13 14:20:00,17767.25,False,17783.9,17778.44,5.46,13.74,58,5.25,-0.515,2,-23.9,-5.15,3.2,-8.25,False,-9.75,3.2,-12.55,False,-23.9,3.2,-25.2,False,-21.45,3.2,-34.8,False,-0.3,4.05,-35.55,False,2.7,7.15,-35.55,True,2.7,7.15,-35.55,True,2.7,-154.6,245,-0.116,-1.427,-2.489,-0.697,-6.429,-6.066,-6.066,-6.066,bearish,bullish
43886,1,2023-02-14 09:15:00,2023-02-14 09:20:00,17818.1,False,17760.1,17781.81,-21.71,17.32,12,7.25,-0.125,268,108.8,10.5,12.45,-1.0,False,0.6,12.45,-12.15,False,32.05,32.2,-12.15,False,6.35,39.85,-17.65,False,14.6,39.85,-17.65,False,37.3,42.05,-17.65,False,98.1,107.05,-17.65,False,103.75,205.1,245,1.539,0.728,-0.307,1.732,0.316,-0.282,-3.381,2.111,bearish,bullish
43893,1,2023-02-14 09:50:00,2023-02-14 09:55:00,17833.2,False,17800.45,17795.9,4.55,19.26,19,7.25,-0.042,261,93.7,-0.6,10.45,-0.6,False,3.55,10.45,-12.75,False,8.35,10.45,-12.75,False,11.95,14.5,-12.75,False,0.2,19.85,-12.75,False,42.25,44.65,-12.75,False,93.95,103.15,-12.75,False,88.65,190.0,245,-1.348,-1.22,-1.275,-0.446,-1.07,-2.191,-5.672,1.302,bearish,bullish
43907,1,2023-02-14 11:00:00,2023-02-14 11:05:00,17845.7,False,17829.25,17812.32,16.93,14.56,33,7.25,0.032,247,81.2,8.25,14.0,-0.5,False,7.5,14.0,-0.5,False,9.7,14.45,-0.5,False,15.45,19.8,-0.5,False,33.7,35.05,-0.5,False,68.7,79.45,-0.5,False,92.45,108.75,-0.5,False,76.15,177.5,245,0.505,0.632,0.159,-0.244,-1.281,-4.437,1.259,2.552,bearish,bullish
43940,1,2023-02-14 13:45:00,2023-02-14 13:50:00,17916.5,False,17895.65,17849.68,45.97,11.4,66,7.25,0.429,214,10.4,10.65,19.85,-0.1,False,19.85,21.75,-0.1,False,22.9,37.95,-0.1,False,21.4,37.95,-0.1,False,23.0,37.95,-0.1,False,5.35,37.95,-0.1,True,5.35,37.95,-0.1,True,5.35,106.7,245,0.213,0.234,2.176,1.117,1.818,7.187,7.187,7.187,bearish,bullish
43967,1,2023-02-15 09:45:00,2023-02-15 09:50:00,17876.25,False,17853.9,17869.08,-15.18,14.82,93,7.25,-0.113,187,50.65,-1.85,10.3,-3.2,False,15.15,16.1,-3.2,False,36.95,37.15,-3.2,False,55.45,58.55,-3.2,False,53.9,63.25,-3.2,False,68.5,82.75,-3.2,False,45.95,82.75,-3.2,False,146.95,139.0,245,-0.942,-2.297,-2.169,-1.441,-1.529,-3.068,-6.721,0.353,bearish,bullish
43997,1,2023-02-15 12:15:00,2023-02-15 12:20:00,17920.0,False,17906.4,17882.53,23.87,12.42,123,7.25,0.134,157,6.9,-2.4,1.75,-4.2,False,-3.8,1.75,-15.7,False,9.45,16.4,-15.7,False,19.35,20.05,-15.7,False,5.75,24.05,-15.7,False,13.9,24.05,-15.7,False,103.2,113.8,-15.7,True,103.2,95.25,245,0.335,-0.067,-0.309,0.488,0.435,-0.143,5.927,5.927,bearish,bullish
44016,1,2023-02-15 13:50:00,2023-02-15 13:55:00,17927.7,False,17905.05,17888.11,16.94,12.91,142,7.25,0.172,138,-0.8,-2.35,1.15,-6.35,False,8.45,11.8,-6.35,False,1.35,11.8,-6.35,False,5.75,15.95,-6.35,False,35.5,47.0,-6.35,False,95.5,106.1,-6.35,True,95.5,106.1,-6.35,True,95.5,87.55,245,0.019,1.96,1.213,1.021,1.658,6.971,6.971,6.971,bearish,bullish
44113,1,2023-02-17 09:25:00,2023-02-17 09:30:00,17991.6,False,17928.95,17957.45,-28.5,21.28,239,7.25,0.091,41,-64.7,4.15,6.1,-6.35,False,9.75,16.8,-6.35,False,11.75,16.8,-6.35,False,24.5,42.1,-6.35,False,8.3,42.1,-23.85,False,-7.45,42.1,-23.85,False,-68.05,42.1,-78.75,False,-49.0,-143.9,245,-1.128,0.537,-0.65,-1.36,-0.811,-0.829,-5.824,1.29,bearish,bullish
44124,1,2023-02-17 10:20:00,2023-02-17 10:25:00,17993.4,False,17967.75,17959.29,8.46,20.59,250,7.25,0.103,30,-66.5,6.5,8.75,-1.95,False,0.55,10.35,-5.8,False,4.1,10.35,-5.8,False,4.3,11.3,-5.8,False,-4.2,11.3,-15.75,False,-37.75,11.3,-41.85,False,-69.5,11.3,-107.45,False,-50.8,-145.7,245,-0.323,-0.917,-0.466,-0.596,-0.389,-3.814,-4.173,1.777,bearish,bullish
44141,1,2023-02-17 11:45:00,2023-02-17 11:50:00,17992.85,False,17974.5,17961.26,13.24,14.01,267,7.25,0.105,13,-65.95,-2.65,1.7,-9.3,False,-7.75,1.7,-14.85,False,-2.8,1.7,-14.85,False,-25.9,3.65,-30.25,False,-40.15,3.65,-54.0,False,-83.75,3.65,-106.9,False,-50.25,3.65,-106.9,True,-50.25,-145.15,245,0.007,0.788,-0.333,-2.43,-1.938,-3.574,3.5,3.5,bearish,bullish
44176,-1,2023-02-17 14:40:00,2023-02-17 14:45:00,17905.8,False,17936.9,17930.15,6.75,16.82,21,2.05,-0.381,4,-37.4,6.9,11.25,-3.7,False,8.4,11.25,-3.7,False,-9.85,11.25,-10.85,False,-43.65,11.25,-46.25,False,-36.8,11.25,-47.55,True,-36.8,11.25,-47.55,True,-36.8,11.25,-47.55,True,-36.8,58.1,245,0.419,0.363,-0.847,-5.258,-4.95,-4.95,-4.95,-4.95,bearish,bullish
44191,1,2023-02-20 09:40:00,2023-02-20 09:45:00,17982.75,False,17903.6,17937.23,-33.63,23.33,10,6.3,0.093,20,-49.05,-10.2,5.75,-22.35,False,8.85,9.9,-22.35,False,11.25,17.45,-22.35,False,-23.7,21.2,-26.6,False,-22.95,21.2,-40.7,False,-44.5,21.2,-55.95,False,-125.35,21.2,-131.4,False,-135.05,-140.65,245,1.503,0.588,-0.768,-0.42,-0.59,-0.897,-5.175,1.882,bearish,bullish
44199,1,2023-02-20 10:20:00,2023-02-20 10:25:00,17976.1,False,17942.05,17952.27,-10.22,22.43,18,6.3,0.069,12,-42.4,-22.45,5.65,-25.55,False,-21.0,5.65,-26.7,False,-11.65,5.65,-26.7,False,-21.7,5.65,-28.0,False,-27.9,5.65,-37.5,False,-44.45,5.65,-66.35,False,-151.25,5.65,-156.05,False,-128.4,-134.0,245,-0.323,-0.917,-0.466,-0.596,-0.389,-3.814,-4.173,1.777,bearish,bullish
44218,-1,2023-02-20 11:55:00,2023-02-20 12:00:00,17929.9,False,17952.25,17951.94,0.31,16.28,6,8.35,-0.194,54,21.65,2.05,6.2,-0.7,False,0.55,6.2,-9.45,False,13.4,14.5,-9.45,False,12.7,20.15,-9.45,False,42.3,46.35,-9.45,False,73.4,80.7,-9.45,False,82.2,111.15,-9.45,True,82.2,87.8,245,1.067,1.179,2.216,3.227,4.247,4.186,-2.767,-2.767,bearish,bullish
44225,-1,2023-02-20 12:30:00,2023-02-20 12:35:00,17913.5,False,17933.1,17944.03,-10.93,15.09,13,8.35,-0.292,47,5.25,7.2,7.55,-1.45,False,20.5,22.1,-1.45,False,15.3,27.45,-1.45,False,18.5,29.95,-1.45,False,39.0,45.45,-1.45,False,83.2,94.75,-1.45,False,65.8,94.75,-1.45,True,65.8,71.4,245,-0.046,0.486,-0.797,0.753,0.765,-2.66,-6.236,-6.236,bearish,bullish
44234,-1,2023-02-20 13:15:00,2023-02-20 13:20:00,17900.55,False,17912.65,17932.28,-19.63,13.88,22,8.35,-0.367,38,-7.7,9.4,10.3,-0.85,False,22.25,29.0,-0.85,False,26.05,32.5,-0.85,False,32.05,49.2,-0.85,False,63.5,68.95,-0.85,False,57.15,81.8,-0.85,False,52.85,81.8,-0.85,True,52.85,58.45,245,0.848,1.6,1.488,1.561,0.557,-5.877,-5.513,-5.513,bearish,bullish
44265,-1,2023-02-21 09:35:00,2023-02-21 09:40:00,17848.9,False,17905.8,17895.88,9.92,20.74,53,8.35,-0.318,7,-59.35,-21.95,9.75,-31.4,False,-10.05,9.75,-31.4,False,-6.35,9.75,-31.4,False,-42.2,9.75,-55.3,False,-51.4,9.75,-75.5,False,-45.95,9.75,-75.5,False,-21.55,30.9,-75.5,False,6.8,296.4,245,1.137,-0.423,0.492,1.775,1.441,1.544,7.035,-0.802,bearish,bullish
44319,-1,2023-02-21 14:05:00,2023-02-21 14:10:00,17874.9,False,17891.15,17873.14,18.01,13.46,21,2.5,-0.166,552,362.25,4.15,5.4,-4.6,False,7.45,11.8,-4.6,False,32.55,36.25,-4.6,False,45.4,58.8,-4.6,False,50.4,74.3,-4.6,False,32.8,74.3,-4.6,True,32.8,74.3,-4.6,True,32.8,322.4,245,0.096,0.284,0.164,-1.906,-6.575,-5.786,-5.786,-5.786,bearish,bullish
44328,-1,2023-02-21 14:50:00,2023-02-21 14:55:00,17817.25,False,17855.95,17868.15,-12.2,16.47,30,2.5,-0.49,543,304.6,3.6,16.65,0.0,False,-8.5,16.65,-21.95,False,-7.25,16.65,-21.95,False,-18.9,16.65,-22.75,False,-24.85,16.65,-27.85,True,-24.85,16.65,-27.85,True,-24.85,16.65,-27.85,True,-24.85,264.75,245,-1.213,-4.023,-6.105,-6.896,-5.316,-5.316,-5.316,-5.316,bearish,bullish
44336,-1,2023-02-22 09:15:00,2023-02-22 09:20:00,17751.7,False,17845.1,17861.39,-16.29,22.43,38,2.5,-0.021,535,239.05,7.9,21.9,-0.55,False,3.85,21.9,-0.55,False,8.95,21.9,-3.6,False,54.45,55.05,-3.6,False,82.85,87.55,-3.6,False,85.85,99.5,-3.6,False,139.35,147.35,-3.6,False,199.2,227.9,245,-1.539,-0.728,0.307,-1.732,-0.316,0.282,3.381,-2.111,bearish,bullish
44778,-1,2023-03-01 14:50:00,2023-03-01 14:55:00,17456.75,False,17467.5,17515.35,-47.85,11.69,480,2.5,0.552,93,-55.9,5.65,6.65,-1.9,False,7.65,13.85,-4.8,False,5.85,13.85,-4.8,False,1.65,13.85,-4.8,False,-1.1,13.85,-4.8,True,-1.1,13.85,-4.8,True,-1.1,13.85,-4.8,True,-1.1,138.1,245,-1.213,-4.023,-6.105,-6.896,-5.316,-5.316,-5.316,-5.316,flat,bullish
44870,-1,2023-03-03 10:00:00,2023-03-03 10:05:00,17482.15,False,17495.25,17494.14,1.11,20.59,572,2.5,0.176,1,-30.5,-11.7,1.6,-15.4,False,-30.5,1.6,-32.15,False,-41.15,1.6,-45.15,False,-36.4,1.6,-45.35,False,-60.3,1.6,-73.7,False,-85.4,1.6,-96.3,False,-128.65,1.6,-129.7,False,-110.15,-237.7,245,0.067,-0.209,-0.717,0.183,0.016,1.322,2.5,-2.511,flat,bullish
44936,1,2023-03-06 09:15:00,2023-03-06 09:20:00,17728.0,False,17585.0,17572.68,12.32,20.8,64,17.4,0.27,107,-75.65,13.9,27.25,0.0,False,21.8,29.35,0.0,False,21.2,37.45,0.0,False,33.5,44.75,0.0,False,57.65,59.6,0.0,False,38.3,70.35,0.0,False,38.4,70.35,0.0,False,-8.15,23.5,245,1.539,0.728,-0.307,1.732,0.316,-0.282,-3.381,2.111,flat,bullish
45010,1,2023-03-06 15:25:00,2023-03-08 09:15:00,17665.75,True,17703.45,17668.56,34.89,13.58,138,17.4,0.223,33,-13.4,-42.6,0.0,-50.9,False,-39.5,0.0,-62.2,False,-32.4,0.0,-62.2,False,0.2,26.4,-62.2,False,31.45,44.65,-62.2,False,16.45,45.95,-62.2,False,5.2,45.95,-62.2,False,85.75,-82.95,0,,,,,,,,,flat,bullish
45019,1,2023-03-08 09:55:00,2023-03-08 10:00:00,17688.5,False,17652.55,17667.8,-15.25,24.75,147,17.4,0.125,24,-36.15,4.9,10.15,-11.9,False,2.7,21.9,-11.9,False,8.7,21.9,-11.9,False,4.5,22.65,-11.9,False,6.05,23.2,-11.9,False,-35.95,23.2,-40.3,False,10.35,23.2,-42.6,False,63.0,-105.7,245,0.156,0.1,0.376,0.577,0.442,-0.034,-4.275,2.678,flat,bullish
45037,1,2023-03-08 11:25:00,2023-03-08 11:30:00,17684.2,False,17673.05,17670.46,2.59,16.39,165,17.4,0.104,6,-31.85,5.45,5.45,-11.1,False,-11.5,10.4,-20.3,False,-17.25,10.4,-20.3,False,-31.65,10.4,-36.0,False,-29.4,10.4,-38.3,False,-6.35,10.4,-38.3,False,67.3,82.2,-38.3,False,67.3,-101.4,245,-0.632,-0.182,-0.615,-0.548,-3.829,-4.949,2.164,2.164,flat,bullish
45099,1,2023-03-09 10:20:00,2023-03-09 10:25:00,17683.55,False,17668.95,17697.57,-28.62,16.16,32,4.25,-0.503,19,-5.75,19.55,20.75,-2.45,False,14.7,21.15,-2.45,False,4.15,21.15,-2.45,False,10.8,21.15,-5.7,False,31.3,31.85,-5.7,False,-9.8,39.85,-20.05,False,-59.9,39.85,-70.55,False,-100.75,-264.95,245,-0.323,-0.917,-0.466,-0.596,-0.389,-3.814,-4.173,1.777,flat,bullish
45107,1,2023-03-09 11:00:00,2023-03-09 11:05:00,17696.05,False,17677.85,17696.91,-19.06,14.7,40,4.25,-0.428,11,-18.25,4.2,4.95,0.0,False,7.5,7.85,0.0,False,7.5,16.4,-3.75,False,21.65,27.35,-3.75,False,-18.25,27.35,-18.25,False,-28.6,27.35,-51.2,False,-88.8,27.35,-103.5,False,-113.25,-277.45,245,0.505,0.632,0.159,-0.244,-1.281,-4.437,1.259,2.552,flat,bullish
45238,-1,2023-03-13 09:25:00,2023-03-13 09:30:00,17500.25,False,17525.4,17494.71,30.69,21.73,119,0.05,0.451,561,346.15,15.25,15.25,-28.8,False,30.75,48.5,-28.8,False,46.7,62.35,-28.8,False,44.9,68.1,-28.8,False,63.8,68.1,-28.8,False,110.6,122.6,-28.8,False,239.95,247.75,-28.8,False,315.65,431.6,245,1.128,-0.537,0.65,1.36,0.811,0.829,5.824,-1.29,flat,bullish
45736,-1,2023-03-21 13:25:00,2023-03-21 13:30:00,17076.75,False,17105.95,17151.08,-45.13,14.28,617,0.05,0.098,63,-77.35,2.15,6.65,-4.55,False,8.95,9.6,-4.95,False,5.85,11.2,-4.95,False,-26.35,11.2,-29.4,False,-24.4,11.2,-36.75,False,-30.2,11.2,-50.35,False,-30.2,11.2,-50.35,True,-30.2,-66.0,245,-0.132,0.704,-0.076,-0.181,-2.495,-7.133,-7.133,-7.133,flat,bullish
45744,-1,2023-03-21 14:05:00,2023-03-21 14:10:00,17092.3,False,17110.7,17150.28,-39.58,14.79,625,0.05,0.188,55,-61.8,3.9,9.1,0.0,False,-14.4,9.1,-15.1,False,-15.8,9.1,-21.2,False,-15.7,9.1,-21.2,False,-25.45,9.1,-34.8,False,-14.65,9.1,-34.8,True,-14.65,9.1,-34.8,True,-14.65,-50.45,245,0.096,0.284,0.164,-1.906,-6.575,-5.786,-5.786,-5.786,flat,bullish
45748,-1,2023-03-21 14:25:00,2023-03-21 14:30:00,17100.7,False,17113.5,17149.96,-36.46,14.42,629,0.05,0.239,51,-53.4,2.2,4.45,-5.65,False,-7.3,6.1,-12.75,False,-22.8,6.1,-25.9,False,-17.8,6.1,-26.4,False,-6.25,6.1,-26.4,False,-6.25,6.1,-26.4,True,-6.25,6.1,-26.4,True,-6.25,-42.05,245,-1.027,-0.723,0.246,-0.5,-4.603,-4.603,-4.603,-4.603,flat,bullish
45755,-1,2023-03-21 15:00:00,2023-03-21 15:05:00,17105.0,False,17127.1,17149.56,-22.46,14.95,636,0.05,0.262,44,-49.1,-12.75,0.7,-14.3,False,0.8,3.05,-15.05,False,1.95,3.5,-15.05,False,-1.95,9.5,-15.05,True,-1.95,9.5,-15.05,True,-1.95,9.5,-15.05,True,-1.95,9.5,-15.05,True,-1.95,-37.75,245,-2.05,-1.569,-1.625,-1.261,-1.261,-1.261,-1.261,-1.261,flat,bullish
45770,-1,2023-03-22 10:00:00,2023-03-22 10:05:00,17153.85,False,17180.3,17149.51,30.79,21.15,651,0.05,-0.139,29,-0.25,3.0,3.35,-11.9,False,13.05,13.05,-11.9,False,20.15,20.15,-11.9,False,13.05,20.7,-11.9,False,35.35,41.75,-11.9,False,10.2,45.05,-11.9,False,9.15,45.05,-11.9,False,11.1,85.4,245,0.067,-0.209,-0.717,0.183,0.016,1.322,2.5,-2.511,flat,bullish
45777,-1,2023-03-22 10:35:00,2023-03-22 10:40:00,17132.0,False,17151.7,17149.43,2.27,18.23,658,0.05,-0.264,22,-22.1,-0.3,1.1,-6.9,False,-10.7,1.95,-11.9,False,-9.45,1.95,-14.35,False,10.3,23.2,-14.35,False,-11.55,23.2,-15.15,False,-11.8,23.2,-33.4,False,9.35,23.2,-33.4,False,-10.75,63.55,245,0.223,-0.367,0.124,-0.202,0.098,3.942,1.631,-2.249,flat,bullish
45781,-1,2023-03-22 10:55:00,2023-03-22 11:00:00,17131.0,False,17146.35,17149.36,-3.01,16.72,662,0.05,-0.269,18,-23.1,12.5,18.9,-2.7,False,9.3,22.2,-2.7,False,1.15,22.2,-2.8,False,-14.5,22.2,-14.5,False,-13.0,22.2,-22.9,False,-10.3,22.2,-34.4,False,-10.1,22.2,-34.4,False,-11.75,62.55,245,0.284,-0.196,-0.323,-0.124,0.469,4.771,1.86,-2.243,flat,bullish
45792,-1,2023-03-22 11:50:00,2023-03-22 11:55:00,17142.05,False,17153.9,17149.11,4.79,15.11,673,0.05,-0.205,7,-12.05,-1.95,1.0,-9.2,False,-1.6,3.9,-9.2,False,0.55,3.9,-9.2,False,1.3,14.05,-9.2,False,5.15,14.05,-23.35,False,11.5,25.35,-23.35,False,-0.7,31.1,-23.35,True,-0.7,73.6,245,-0.756,0.366,0.477,2.124,2.899,3.506,-3.468,-3.468,flat,bullish
45806,1,2023-03-22 13:00:00,2023-03-22 13:05:00,17144.3,False,17130.6,17141.92,-11.32,12.28,6,0.2,-0.194,2,-20.05,2.6,5.5,-4.15,False,-9.65,5.5,-13.5,False,-20.05,5.5,-23.55,False,-14.25,5.5,-23.55,False,0.4,11.75,-27.6,False,1.7,11.75,-33.35,False,-1.55,20.3,-33.35,True,-1.55,-75.85,245,0.044,0.645,1.552,0.043,2.033,5.751,7.044,7.044,flat,bullish
45815,-1,2023-03-22 13:45:00,2023-03-22 13:50:00,17125.3,False,17156.05,17135.71,20.34,13.42,6,6.35,-0.301,16,-34.95,-5.25,8.6,-7.05,False,-10.4,8.6,-14.5,False,-19.4,8.6,-21.05,False,-21.7,8.6,-26.2,False,-1.4,14.35,-26.2,False,-17.45,14.35,-39.3,True,-17.45,14.35,-39.3,True,-17.45,56.85,245,-0.213,-0.234,-2.176,-1.117,-1.818,-7.187,-7.187,-7.187,flat,bullish
45822,-1,2023-03-22 14:20:00,2023-03-22 14:25:00,17138.85,False,17151.5,17136.88,14.62,13.03,13,6.35,-0.224,9,-21.4,9.85,9.85,-3.35,False,4.9,15.75,-3.35,False,16.2,16.9,-3.35,False,6.6,27.9,-3.35,False,-11.85,27.9,-25.75,False,-3.9,27.9,-25.75,True,-3.9,27.9,-25.75,True,-3.9,70.4,245,-1.295,-2.357,-2.053,-0.62,-7.513,-5.933,-5.933,-5.933,flat,bullish
45862,1,2023-03-23 11:25:00,2023-03-23 11:30:00,17144.95,False,17125.55,17132.18,-6.63,15.72,12,3.75,0.28,34,-21.45,7.7,7.7,0.0,False,7.05,16.45,0.0,False,14.3,16.45,0.0,False,23.0,26.35,0.0,False,16.8,27.55,0.0,False,41.5,60.1,0.0,False,-76.5,60.1,-87.55,False,-76.5,-212.35,245,-0.632,-0.182,-0.615,-0.548,-3.829,-4.949,2.164,2.164,flat,bullish
45885,1,2023-03-23 13:20:00,2023-03-23 13:25:00,17182.7,False,17168.35,17152.12,16.23,12.13,35,3.75,0.5,11,-59.2,3.75,4.9,-6.55,False,4.3,11.0,-6.55,False,9.05,11.0,-6.55,False,-25.35,11.0,-28.9,False,-59.2,11.0,-63.9,False,-109.05,11.0,-125.3,False,-114.25,11.0,-125.3,True,-114.25,-250.1,245,-0.673,-0.561,-1.398,-0.534,0.49,8.02,6.44,6.44,flat,bullish
45906,-1,2023-03-23 15:05:00,2023-03-23 15:10:00,17073.55,False,17117.5,17129.8,-12.3,17.54,9,2.05,-0.147,140,0.3,3.45,13.95,0.0,False,1.1,13.95,-4.65,False,-0.1,13.95,-4.75,False,5.1,13.95,-4.75,True,5.1,13.95,-4.75,True,5.1,13.95,-4.75,True,5.1,13.95,-4.75,True,5.1,140.95,245,0.627,0.571,-0.645,0.935,0.935,0.935,0.935,0.935,flat,bullish
45920,-1,2023-03-24 10:00:00,2023-03-24 10:05:00,17053.5,False,17079.75,17100.34,-20.59,24.4,23,2.05,-0.141,126,-19.75,5.35,11.7,-8.8,False,-10.65,17.95,-12.05,False,-5.75,17.95,-34.3,False,10.35,29.05,-34.3,False,19.1,42.7,-34.3,False,-25.2,42.7,-34.35,False,22.5,42.7,-44.45,False,120.9,90.05,245,0.067,-0.209,-0.717,0.183,0.016,1.322,2.5,-2.511,flat,bullish
45937,-1,2023-03-24 11:25:00,2023-03-24 11:30:00,17047.3,False,17072.55,17081.32,-8.77,20.35,40,2.05,-0.176,109,-25.95,-7.1,7.35,-7.1,False,-14.65,7.35,-14.65,False,-26.3,7.35,-28.05,False,-32.55,7.35,-40.55,False,-30.55,7.35,-50.65,False,-24.25,7.35,-50.65,False,114.7,128.8,-50.65,False,114.7,83.85,245,0.632,0.182,0.615,0.548,3.829,4.949,-2.164,-2.164,flat,bullish
45949,-1,2023-03-24 12:25:00,2023-03-24 12:30:00,17081.6,False,17097.95,17079.94,18.01,16.77,52,2.05,0.01,97,8.35,13.8,15.15,-4.45,False,24.5,30.1,-4.45,False,25.5,41.6,-4.45,False,36.25,41.6,-4.45,False,10.05,41.6,-10.0,False,98.15,98.8,-10.0,False,149.0,163.1,-10.0,True,149.0,118.15,245,0.195,0.149,0.68,0.972,1.072,-1.403,-6.041,-6.041,flat,bullish
45960,-1,2023-03-24 13:20:00,2023-03-24 13:25:00,17073.8,False,17091.6,17077.25,14.35,17.01,63,2.05,-0.015,86,0.55,2.25,8.9,-4.65,False,16.2,17.35,-4.65,False,49.25,51.3,-4.65,False,32.9,52.25,-4.65,False,73.95,75.9,-4.65,False,154.45,155.3,-4.65,False,141.2,155.3,-4.65,True,141.2,110.35,245,0.673,0.561,1.398,0.534,-0.49,-8.02,-6.44,-6.44,flat,bullish
45968,-1,2023-03-24 14:00:00,2023-03-24 14:05:00,17031.4,False,17053.65,17073.98,-20.33,17.86,71,2.05,-0.265,78,-41.85,5.25,13.95,0.0,False,6.85,22.85,0.0,False,30.25,30.65,0.0,False,61.0,64.5,0.0,False,74.55,79.2,0.0,False,98.8,112.9,0.0,True,98.8,112.9,0.0,True,98.8,67.95,245,0.657,0.781,0.969,-1.525,-3.808,-5.101,-5.101,-5.101,flat,bullish
45999,-1,2023-03-27 10:20:00,2023-03-27 10:25:00,17016.8,False,17044.85,17051.35,-6.5,23.34,102,2.05,0.198,47,-56.45,-15.3,7.15,-15.75,False,-2.45,7.15,-18.25,False,20.3,20.3,-18.25,False,26.2,34.55,-18.25,False,23.9,41.05,-18.25,False,-27.05,41.05,-44.4,False,-56.45,41.05,-59.3,False,53.35,59.95,245,0.323,0.917,0.466,0.596,0.389,3.814,4.173,-1.777,flat,bullish
46010,-1,2023-03-27 11:15:00,2023-03-27 11:20:00,16978.4,False,17011.25,17046.97,-35.72,20.68,113,2.05,-0.034,36,-94.85,-14.5,2.65,-14.5,False,-14.15,2.65,-20.3,False,-15.05,2.65,-20.3,False,-49.85,2.65,-55.05,False,-71.0,2.65,-75.4,False,-28.55,2.65,-82.8,False,12.5,12.9,-112.35,False,14.95,21.55,245,-0.237,-0.285,0.393,1.017,3.527,3.089,-2.767,-2.403,flat,bullish
46018,-1,2023-03-27 11:55:00,2023-03-27 12:00:00,17020.65,False,17034.2,17044.7,-10.5,18.24,121,2.05,0.216,28,-52.6,-4.7,4.2,-5.4,False,-19.25,4.2,-19.8,False,-14.0,4.2,-31.2,False,-23.15,4.2,-40.55,False,-10.85,4.2,-40.55,False,-22.05,38.05,-40.55,False,57.2,66.7,-70.1,True,57.2,63.8,245,1.067,1.179,2.216,3.227,4.247,4.186,-2.767,-2.767,flat,bullish
46029,-1,2023-03-27 12:50:00,2023-03-27 12:55:00,17031.9,False,17061.2,17044.57,16.63,16.43,132,2.05,0.278,17,-41.35,0.4,8.55,-5.2,False,15.35,15.35,-6.3,False,12.45,15.6,-6.3,False,37.45,42.1,-6.3,False,-2.25,49.3,-6.8,False,-39.2,49.3,-58.85,False,68.45,77.95,-58.85,True,68.45,75.05,245,0.53,0.506,0.516,-0.122,0.49,-1.171,-6.484,-6.484,flat,bullish
46063,-1,2023-03-28 09:25:00,2023-03-28 09:30:00,17006.15,False,17061.5,17023.04,38.46,27.37,6,0.15,-0.156,72,9.3,0.25,2.95,-15.35,False,-10.5,2.95,-17.65,False,19.95,24.5,-17.65,False,29.95,31.45,-17.65,False,36.45,37.55,-17.65,False,51.65,75.8,-17.65,False,53.65,75.8,-17.65,False,49.3,-110.2,245,1.128,-0.537,0.65,1.36,0.811,0.829,5.824,-1.29,flat,bullish
46075,-1,2023-03-28 10:25:00,2023-03-28 10:30:00,16968.85,False,17000.9,17007.59,-6.69,22.28,18,0.15,-0.364,60,-28.0,16.9,21.8,0.0,False,24.05,25.6,0.0,False,22.55,25.6,0.0,False,36.8,37.65,0.0,False,14.35,38.5,0.0,False,18.1,38.5,-22.9,False,27.65,54.65,-22.9,False,12.0,-147.5,245,0.612,0.161,0.39,0.153,0.036,3.911,2.556,-2.082,flat,bullish
46081,-1,2023-03-28 10:55:00,2023-03-28 11:00:00,16932.3,False,16957.85,16996.6,-38.75,19.37,24,0.15,-0.585,54,-64.55,-11.85,1.95,-14.45,False,-12.1,1.95,-21.05,False,-13.3,1.95,-21.05,False,-22.2,1.95,-30.9,False,-41.45,1.95,-59.45,False,-36.85,1.95,-59.45,False,-21.1,18.1,-59.45,False,-24.55,-184.05,245,0.284,-0.196,-0.323,-0.124,0.469,4.771,1.86,-2.243,flat,bullish
46093,-1,2023-03-28 11:55:00,2023-03-28 12:00:00,16973.85,False,16991.75,16987.05,4.7,16.38,36,0.15,-0.341,42,-23.0,9.15,9.6,-1.15,False,5.75,16.6,-1.15,False,22.75,23.25,-1.15,False,23.1,34.8,-1.15,False,4.7,34.8,-1.15,False,28.4,43.75,-11.8,False,17.0,59.65,-11.8,True,17.0,-142.5,245,1.067,1.179,2.216,3.227,4.247,4.186,-2.767,-2.767,flat,bullish
46102,-1,2023-03-28 12:40:00,2023-03-28 12:45:00,16953.75,False,16972.9,16982.35,-9.45,16.69,45,0.15,-0.462,33,-43.1,-6.65,3.15,-8.85,False,-12.65,3.15,-14.9,False,-15.4,3.15,-15.7,False,-26.1,3.15,-31.7,False,-8.95,11.55,-31.9,False,6.95,39.55,-31.9,False,-3.1,39.55,-31.9,True,-3.1,-162.6,245,-1.305,-0.377,0.27,-0.344,0.313,-1.896,-6.744,-6.744,flat,bullish
46110,-1,2023-03-28 13:20:00,2023-03-28 13:25:00,16957.3,False,16985.65,16980.67,4.98,15.79,53,0.15,-0.437,25,-39.55,4.8,13.35,-3.1,False,7.65,13.35,-3.1,False,1.3,15.1,-3.1,False,13.75,15.1,-7.3,False,29.7,43.1,-7.3,False,-6.35,43.1,-12.45,False,0.45,43.1,-12.45,True,0.45,-159.05,245,0.673,0.561,1.398,0.534,-0.49,-8.02,-6.44,-6.44,flat,bullish
46116,-1,2023-03-28 13:50:00,2023-03-28 13:55:00,16940.2,False,16964.6,16978.2,-13.6,15.67,59,0.15,-0.518,19,-56.65,-5.25,10.1,-10.85,False,-6.1,10.1,-16.85,False,4.75,10.1,-16.85,False,12.6,26.0,-16.85,False,-4.15,26.0,-16.85,False,-16.65,26.0,-29.55,True,-16.65,26.0,-29.55,True,-16.65,-176.15,245,-0.019,-1.96,-1.213,-1.021,-1.658,-6.971,-6.971,-6.971,flat,bullish
46148,1,2023-03-29 10:15:00,2023-03-29 10:20:00,17017.9,False,17006.0,16972.53,33.47,16.46,12,11.2,0.239,20,-53.45,18.65,24.15,-1.1,False,25.45,26.1,-1.1,False,29.8,30.35,-1.1,False,14.5,30.65,-1.1,False,-42.05,30.65,-49.55,False,-74.1,30.65,-76.65,False,12.9,39.45,-76.75,False,98.45,340.4,245,-0.049,-0.401,-0.995,-0.183,-0.694,-4.231,-4.371,1.699,flat,bullish
46161,1,2023-03-29 11:20:00,2023-03-29 11:25:00,16986.1,False,16968.35,16986.33,-17.98,15.81,25,11.2,0.052,7,-21.65,1.85,11.15,-1.8,False,-8.8,11.15,-15.45,False,-15.85,11.15,-18.1,False,-11.75,11.15,-26.8,False,-38.7,11.15,-44.95,False,25.75,32.0,-44.95,False,123.25,129.0,-44.95,False,130.25,372.2,245,0.049,-0.63,-0.18,-1.327,-3.425,-4.195,3.746,2.167,flat,bullish
46192,1,2023-03-29 13:55:00,2023-03-29 14:00:00,17025.45,False,16992.4,16983.65,8.75,14.94,8,8.5,0.29,10529,1888.75,21.7,22.8,-0.1,False,18.0,26.3,-0.1,False,19.9,26.3,-0.1,False,-6.95,31.9,-13.35,False,-8.8,31.9,-35.05,False,90.9,100.45,-35.05,True,90.9,100.45,-35.05,True,90.9,332.85,245,1.944,1.198,1.074,2.318,2.853,6.956,6.956,6.956,flat,bullish
46205,1,2023-03-29 15:00:00,2023-03-29 15:05:00,17061.35,False,16990.4,16999.07,-8.67,18.52,21,8.5,0.496,10516,1852.85,10.35,12.1,-8.65,False,33.5,35.25,-8.65,False,38.5,40.95,-8.65,False,55.0,64.55,-8.65,True,55.0,64.55,-8.65,True,55.0,64.55,-8.65,True,55.0,64.55,-8.65,True,55.0,296.95,245,2.05,1.569,1.625,1.261,1.261,1.261,1.261,1.261,flat,bullish
46821,1,2023-04-17 10:05:00,2023-04-17 10:10:00,17600.3,False,17574.35,17550.37,23.98,23.95,637,8.5,-1.471,9900,1313.9,10.0,12.15,-3.1,False,20.75,23.0,-3.1,False,44.65,44.95,-3.1,False,29.5,48.75,-3.1,False,40.4,76.25,-3.1,False,53.55,76.25,-3.1,False,80.6,93.05,-3.1,False,103.8,61.25,245,0.148,0.656,0.702,0.207,0.404,-1.495,-3.308,2.45,bullish,bullish
46942,1,2023-04-18 13:55:00,2023-04-18 14:00:00,17635.15,False,17610.75,17569.98,40.77,13.56,758,8.5,-0.739,9779,1279.05,-9.55,6.5,-11.35,False,-10.85,6.5,-17.1,False,1.25,8.85,-17.1,False,7.0,9.65,-17.1,False,14.05,30.1,-17.1,False,26.4,38.45,-17.1,True,26.4,38.45,-17.1,True,26.4,-24.95,245,1.944,1.198,1.074,2.318,2.853,6.956,6.956,6.956,bullish,bullish
46964,1,2023-04-19 09:30:00,2023-04-19 09:35:00,17650.95,False,17612.55,17572.06,40.49,16.79,780,8.5,-0.017,9757,1263.25,2.1,4.95,-9.15,False,-15.5,4.95,-21.4,False,-19.55,4.95,-24.95,False,-26.75,4.95,-27.3,False,-10.6,4.95,-35.15,False,-10.9,4.95,-35.15,False,-31.6,14.65,-36.65,False,-40.75,-27.05,245,1.652,0.465,2.026,-0.117,-0.289,-0.392,-4.596,2.405,bullish,bullish
46972,1,2023-04-19 10:10:00,2023-04-19 10:15:00,17629.5,False,17615.8,17572.68,43.12,15.41,788,8.5,-0.138,9749,1284.7,-0.65,4.45,-1.5,False,0.85,5.2,-1.5,False,8.3,9.55,-1.75,False,5.45,17.2,-2.75,False,20.1,22.55,-2.75,False,24.75,33.4,-2.75,False,-33.95,36.1,-49.5,False,-19.3,-5.6,245,0.446,0.491,0.139,-0.232,0.32,-2.743,-3.642,2.24,bullish,bullish
47021,1,2023-04-19 14:15:00,2023-04-19 14:20:00,17599.25,False,17580.0,17576.34,3.66,12.96,837,8.5,-0.303,9700,1314.95,11.35,12.1,0.0,False,9.7,14.55,0.0,False,12.6,16.55,0.0,False,9.3,16.55,-4.65,False,15.95,33.6,-7.9,False,10.95,33.6,-7.9,True,10.95,33.6,-7.9,True,10.95,24.65,245,0.116,1.427,2.489,0.697,6.429,6.066,6.066,6.066,bullish,bullish
47027,1,2023-04-19 14:45:00,2023-04-19 14:50:00,17608.95,False,17594.6,17576.56,18.04,11.98,843,8.5,-0.254,9694,1305.25,-9.2,1.0,-14.8,False,-12.45,1.0,-17.6,False,8.0,8.85,-17.6,False,6.25,23.9,-17.6,False,1.25,23.9,-17.6,True,1.25,23.9,-17.6,True,1.25,23.9,-17.6,True,1.25,14.95,245,0.12,1.33,4.14,5.797,5.433,5.433,5.433,5.433,bullish,bullish
47036,1,2023-04-20 09:15:00,2023-04-20 09:20:00,17653.1,False,17606.45,17576.97,29.48,15.71,852,8.5,0.082,9685,1261.1,23.45,25.4,0.0,False,18.7,25.4,0.0,False,22.3,28.5,0.0,False,5.7,30.65,0.0,False,-11.7,30.65,-30.4,False,-32.75,30.65,-62.75,False,-50.6,30.65,-66.8,False,-29.2,-34.2,245,1.539,0.728,-0.307,1.732,0.316,-0.282,-3.381,2.111,bullish,bullish
47048,1,2023-04-20 10:15:00,2023-04-20 10:20:00,17642.0,False,17622.7,17578.06,44.64,15.4,864,8.5,0.016,9673,1272.2,-6.15,0.0,-11.4,False,-33.3,0.0,-35.35,False,-45.55,0.0,-46.0,False,-37.5,0.0,-51.65,False,-21.65,0.0,-51.65,False,-25.55,0.0,-51.65,False,-34.6,0.0,-57.5,False,-18.1,-23.1,245,-0.049,-0.401,-0.995,-0.183,-0.694,-4.231,-4.371,1.699,bullish,bullish
47055,1,2023-04-20 10:50:00,2023-04-20 10:55:00,17605.95,False,17590.35,17578.3,12.05,14.98,871,8.5,-0.186,9666,1308.25,8.6,10.0,-1.15,False,1.35,11.35,-1.15,False,-6.55,11.35,-7.0,False,12.65,19.25,-8.95,False,17.55,26.85,-8.95,False,6.1,26.85,-8.95,False,-0.95,26.85,-21.45,False,17.95,12.95,245,0.127,-0.165,0.315,0.196,-1.131,-4.005,-2.951,2.362,bullish,bullish
47060,1,2023-04-20 11:15:00,2023-04-20 11:20:00,17620.6,False,17597.0,17578.48,18.52,14.16,876,8.5,-0.103,9661,1293.6,-2.0,2.55,-2.6,False,0.9,2.55,-2.6,False,6.4,8.4,-2.6,False,-2.75,12.2,-9.65,False,-4.15,12.2,-9.65,False,-18.1,12.2,-34.3,False,9.25,13.8,-36.1,False,3.3,-1.7,245,0.237,0.285,-0.393,-1.017,-3.527,-3.089,2.767,2.403,bullish,bullish
47084,1,2023-04-20 13:15:00,2023-04-20 13:20:00,17602.35,False,17586.3,17579.47,6.83,10.81,900,8.5,-0.205,9637,1311.85,-0.1,2.0,-3.9,False,-0.4,2.0,-5.65,False,-6.8,2.0,-12.2,False,4.95,7.05,-12.3,False,5.05,7.05,-17.85,False,27.5,32.05,-17.85,False,21.55,32.05,-17.85,True,21.55,16.55,245,-0.848,-1.6,-1.488,-1.561,-0.557,5.877,5.513,5.513,bullish,bullish
47090,1,2023-04-20 13:45:00,2023-04-20 13:50:00,17606.75,False,17590.05,17579.6,10.45,10.75,906,8.5,-0.177,9631,1307.45,-1.1,1.2,-3.55,False,-13.65,1.2,-17.25,False,-14.0,1.2,-17.25,False,0.65,1.2,-22.25,False,2.45,8.25,-22.25,False,17.15,27.65,-22.25,True,17.15,27.65,-22.25,True,17.15,12.15,245,0.213,0.234,2.176,1.117,1.818,7.187,7.187,7.187,bullish,bullish
47095,1,2023-04-20 14:10:00,2023-04-20 14:15:00,17594.6,False,17584.5,17579.69,4.81,10.15,911,8.5,-0.249,9626,1319.6,12.8,12.8,-0.95,False,15.0,19.15,-0.95,False,13.15,19.15,-0.95,False,14.4,20.4,-0.95,False,39.6,39.6,-0.95,False,29.3,39.8,-0.95,True,29.3,39.8,-0.95,True,29.3,24.3,245,-0.238,-0.118,1.193,0.983,6.139,5.832,5.832,5.832,bullish,bullish
47105,1,2023-04-20 15:00:00,2023-04-20 15:05:00,17617.5,False,17602.45,17580.0,22.45,9.43,921,8.5,-0.12,9616,1296.7,6.45,7.35,-0.9,False,16.7,16.7,-0.9,False,12.35,16.9,-0.9,False,6.4,16.9,-0.9,True,6.4,16.9,-0.9,True,6.4,16.9,-0.9,True,6.4,16.9,-0.9,True,6.4,1.4,245,2.05,1.569,1.625,1.261,1.261,1.261,1.261,1.261,bullish,bullish
47111,1,2023-04-21 09:15:00,2023-04-21 09:20:00,17644.2,False,17620.05,17580.32,39.73,11.24,927,8.5,0.03,9610,1270.0,3.65,7.75,-10.05,False,16.55,17.55,-10.05,False,-13.45,18.3,-15.05,False,-8.0,18.3,-23.75,False,-40.15,18.3,-44.5,False,-37.3,18.3,-54.7,False,-74.6,18.3,-90.1,False,-25.3,103.8,245,1.539,0.728,-0.307,1.732,0.316,-0.282,-3.381,2.111,bullish,bullish
47122,1,2023-04-21 10:10:00,2023-04-21 10:15:00,17616.75,False,17605.7,17580.87,24.83,14.2,938,8.5,-0.125,9599,1297.45,-12.7,3.25,-17.05,False,-14.6,3.25,-17.1,False,-19.15,3.25,-27.25,False,-19.2,3.25,-27.25,False,-7.5,3.25,-27.25,False,-21.4,3.25,-27.25,False,-16.9,3.25,-62.65,False,2.15,131.25,245,0.446,0.491,0.139,-0.232,0.32,-2.743,-3.642,2.24,bullish,bullish
47126,1,2023-04-21 10:30:00,2023-04-21 10:35:00,17606.6,False,17589.5,17580.96,8.54,13.69,942,8.5,-0.19,9595,1307.6,-5.9,6.75,-6.15,False,-9.05,6.75,-9.05,False,-11.15,6.75,-16.9,False,-2.15,6.75,-16.9,False,-2.55,6.75,-16.9,False,-24.65,6.75,-28.6,False,22.05,30.05,-52.5,False,12.3,141.4,245,0.504,0.275,0.865,0.221,-0.049,-3.489,-0.829,2.747,bullish,bullish
47130,1,2023-04-21 10:50:00,2023-04-21 10:55:00,17605.05,False,17589.7,17581.04,8.66,12.85,946,8.5,-0.191,9591,1309.15,-2.2,0.9,-5.9,False,-0.6,0.9,-8.05,False,0.95,7.15,-8.05,False,-4.15,7.15,-8.05,False,-2.7,7.15,-8.05,False,-24.1,7.85,-27.05,False,16.65,31.6,-50.95,False,13.85,142.95,245,0.127,-0.165,0.315,0.196,-1.131,-4.005,-2.951,2.362,bullish,bullish
47143,1,2023-04-21 11:55:00,2023-04-21 12:00:00,17609.35,False,17597.8,17581.36,16.44,9.79,959,8.5,-0.18,9578,1304.85,-4.15,0.0,-11.45,False,-8.0,0.0,-11.45,False,-14.0,0.0,-18.15,False,-26.65,0.0,-26.95,False,-34.3,0.0,-34.4,False,-5.35,4.8,-55.25,False,9.55,28.2,-55.25,True,9.55,138.65,245,-1.067,-1.179,-2.216,-3.227,-4.247,-4.186,2.767,2.767,bullish,bullish
47159,1,2023-04-21 13:15:00,2023-04-21 13:20:00,17569.7,False,17554.1,17581.41,-27.31,9.72,975,8.5,-0.398,9562,1344.5,4.45,8.0,-1.2,False,16.8,18.0,-1.2,False,24.2,26.75,-1.2,False,34.25,35.55,-1.2,False,31.3,44.45,-1.2,False,48.1,67.85,-1.2,False,49.2,67.85,-1.2,True,49.2,178.3,245,-0.848,-1.6,-1.488,-1.561,-0.557,5.877,5.513,5.513,bullish,bullish
47172,1,2023-04-21 14:20:00,2023-04-21 14:25:00,17614.15,False,17596.3,17581.63,14.67,10.52,988,8.5,-0.145,9549,1300.05,15.15,15.15,0.0,False,14.5,22.5,0.0,False,9.1,22.5,0.0,False,7.55,22.5,0.0,False,4.5,23.4,-3.0,False,4.75,23.4,-3.0,True,4.75,23.4,-3.0,True,4.75,133.85,245,1.295,2.357,2.053,0.62,7.513,5.933,5.933,5.933,bullish,bullish
47179,1,2023-04-21 14:55:00,2023-04-21 15:00:00,17630.0,False,17614.8,17581.92,32.88,10.09,995,8.5,-0.067,9542,1284.2,0.75,6.65,-9.05,False,3.05,7.5,-9.05,False,2.5,7.55,-9.05,False,-11.1,7.55,-18.85,False,-11.1,7.55,-18.85,True,-11.1,7.55,-18.85,True,-11.1,7.55,-18.85,True,-11.1,118.0,245,2.599,4.681,4.2,3.892,3.892,3.892,3.892,3.892,bullish,bullish
47186,1,2023-04-24 09:15:00,2023-04-24 09:20:00,17668.7,False,17611.15,17582.27,28.88,15.99,1002,8.5,-0.214,9535,1245.5,0.7,6.8,-14.1,False,-11.2,7.8,-14.75,False,-20.3,7.8,-28.2,False,-22.2,7.8,-43.55,False,-38.75,7.8,-48.3,False,-29.7,7.8,-48.3,False,26.35,30.05,-56.0,False,79.3,93.25,245,1.539,0.728,-0.307,1.732,0.316,-0.282,-3.381,2.111,bullish,bullish
47209,1,2023-04-24 11:10:00,2023-04-24 11:15:00,17638.6,False,17620.4,17583.49,36.91,13.05,1025,8.5,-0.389,9512,1275.6,0.4,8.35,-5.35,False,-0.05,8.35,-5.35,False,-10.95,8.35,-11.85,False,-14.4,8.35,-20.15,False,-1.25,8.35,-25.9,False,48.4,49.1,-25.9,False,109.4,110.3,-25.9,False,109.4,123.35,245,-0.457,-0.23,-0.182,-0.844,-3.047,-4.463,2.243,1.936,bullish,bullish
47218,1,2023-04-24 11:55:00,2023-04-24 12:00:00,17625.65,False,17612.7,17583.87,28.83,11.25,1034,8.5,-0.465,9503,1288.55,-0.55,4.75,-2.35,False,6.25,10.2,-2.35,False,11.7,13.0,-2.35,False,19.05,20.0,-2.35,False,45.4,54.1,-2.35,False,71.55,93.35,-2.35,False,122.35,128.6,-2.35,True,122.35,136.3,245,-1.067,-1.179,-2.216,-3.227,-4.247,-4.186,2.767,2.767,bullish,bullish
56801,1,2023-10-27 10:30:00,2023-10-27 10:35:00,19005.85,False,18974.35,18960.59,13.76,21.86,15,41.9,0.407,215,48.95,-3.7,2.3,-11.05,False,-5.35,2.3,-11.05,False,4.4,6.65,-12.5,False,16.3,17.15,-12.5,False,27.05,31.2,-12.5,False,15.9,52.05,-12.5,False,66.8,69.95,-12.5,False,54.65,143.0,245,0.504,0.275,0.865,0.221,-0.049,-3.489,-0.829,2.747,bearish,bullish
56816,1,2023-10-27 11:45:00,2023-10-27 11:50:00,19036.7,False,19019.8,18984.25,35.55,15.41,30,41.9,0.569,200,18.1,11.7,12.85,-0.95,False,14.6,19.25,-0.95,False,16.4,19.95,-0.95,False,2.9,21.2,-0.95,False,-4.2,21.2,-22.4,False,27.85,32.65,-22.4,False,23.8,39.45,-22.4,True,23.8,112.15,245,0.007,0.788,-0.333,-2.43,-1.938,-3.574,3.5,3.5,bearish,bullish
56826,1,2023-10-27 12:35:00,2023-10-27 12:40:00,19029.85,False,19014.3,18996.62,17.68,14.18,40,41.9,0.536,190,24.95,1.3,2.95,-5.4,False,2.65,13.85,-5.4,False,5.1,13.85,-5.4,False,2.85,13.85,-11.05,False,8.65,22.4,-11.05,False,41.1,46.3,-11.05,False,30.65,46.3,-11.05,True,30.65,119.0,245,-0.476,0.807,-0.121,-0.754,-1.592,2.366,6.246,6.246,bearish,bullish
56832,1,2023-10-27 13:05:00,2023-10-27 13:10:00,19033.2,False,19018.8,19000.5,18.3,13.12,46,41.9,0.549,184,21.6,-5.1,2.75,-13.95,False,8.9,10.65,-13.95,False,3.2,14.3,-13.95,False,5.3,19.05,-13.95,False,20.75,40.6,-13.95,False,14.6,42.95,-13.95,False,27.3,42.95,-13.95,True,27.3,115.65,245,0.688,1.596,0.726,-0.75,1.33,7.877,7.088,7.088,bearish,bullish
56879,1,2023-10-30 10:45:00,2023-10-30 10:50:00,19093.9,False,19043.7,19017.52,26.18,24.09,93,41.9,0.207,137,-39.1,-6.6,1.0,-10.9,False,-6.8,3.95,-10.9,False,-19.35,3.95,-29.35,False,-19.15,3.95,-29.35,False,10.5,24.0,-29.35,False,24.95,36.15,-29.35,False,34.85,47.85,-29.35,False,54.95,-7.35,245,-0.442,-0.304,-0.596,-0.462,-1.49,-3.508,-3.438,1.931,bearish,bullish
56945,1,2023-10-31 10:00:00,2023-10-31 10:05:00,19139.75,False,19106.05,19058.42,47.63,23.01,159,41.9,-0.488,71,-84.95,-31.45,0.0,-34.5,False,-36.4,0.0,-45.6,False,-35.5,0.0,-45.6,False,-43.85,0.0,-58.75,False,-42.15,0.0,-75.05,False,-53.5,0.0,-75.05,False,-35.7,0.0,-75.05,False,-53.2,-149.35,245,-0.067,0.209,0.717,-0.183,-0.016,-1.322,-2.5,2.511,bearish,bullish
56952,1,2023-10-31 10:35:00,2023-10-31 10:40:00,19109.25,False,19081.0,19060.29,20.71,22.24,166,41.9,-0.643,64,-54.45,-42.85,0.25,-42.95,False,-28.0,0.25,-44.55,False,-26.15,0.25,-44.55,False,-9.85,0.25,-44.55,False,-6.1,7.5,-44.55,False,-6.6,7.5,-44.55,False,18.5,36.65,-44.55,False,-22.7,-118.85,245,-0.223,0.367,-0.124,0.202,-0.098,-3.942,-1.631,2.249,bearish,bullish
56955,1,2023-10-31 10:50:00,2023-10-31 10:55:00,19082.35,False,19064.7,19060.63,4.07,22.26,169,41.9,-0.779,61,-27.55,15.3,15.65,-0.35,False,15.25,16.0,-0.35,False,17.05,20.35,-0.35,False,30.65,30.65,-0.35,False,-9.25,34.4,-10.8,False,12.4,34.4,-14.35,False,42.85,63.55,-14.35,False,4.2,-91.95,245,0.127,-0.165,0.315,0.196,-1.131,-4.005,-2.951,2.362,bearish,bullish
56969,1,2023-10-31 12:00:00,2023-10-31 12:05:00,19086.4,False,19068.0,19063.09,4.91,16.58,183,41.9,-0.763,47,-31.6,2.65,3.15,-5.1,False,-7.6,3.15,-8.2,False,10.95,13.55,-11.5,False,1.95,13.55,-11.5,False,15.15,21.75,-11.5,False,17.65,46.05,-11.5,False,0.15,59.5,-29.95,True,0.15,-96.0,245,-0.121,-1.159,-2.107,-2.412,-3.166,-1.188,3.824,3.824,bearish,bullish
56976,1,2023-10-31 12:35:00,2023-10-31 12:40:00,19102.15,False,19074.9,19064.04,10.86,14.86,190,41.9,-0.677,40,-47.35,-1.0,6.0,-8.1,False,-10.5,6.0,-13.05,False,-7.4,6.0,-13.05,False,7.9,9.1,-13.05,False,-2.95,30.3,-18.3,False,25.6,43.75,-18.3,False,-15.6,43.75,-45.7,True,-15.6,-111.75,245,-0.476,0.807,-0.121,-0.754,-1.592,2.366,6.246,6.246,bearish,bullish
56982,1,2023-10-31 13:05:00,2023-10-31 13:10:00,19108.6,False,19089.1,19065.07,24.03,13.38,196,41.9,-0.639,34,-53.8,-3.55,5.3,-5.55,False,0.65,5.3,-5.55,False,-17.7,5.3,-17.8,False,-9.4,23.85,-24.75,False,-0.15,23.85,-24.75,False,-34.55,37.3,-52.15,False,-22.05,37.3,-52.15,True,-22.05,-118.2,245,0.688,1.596,0.726,-0.75,1.33,7.877,7.088,7.088,bearish,bullish
56996,1,2023-10-31 14:15:00,2023-10-31 14:20:00,19127.05,False,19083.85,19067.7,16.15,14.03,210,41.9,-0.548,20,-72.25,6.55,9.2,-6.15,False,8.5,9.2,-6.15,False,15.85,18.85,-6.15,False,11.7,18.85,-6.15,False,-42.3,18.85,-70.6,False,-40.5,18.85,-70.6,True,-40.5,18.85,-70.6,True,-40.5,-136.65,245,0.116,1.427,2.489,0.697,6.429,6.066,6.066,6.066,bearish,bullish
57007,1,2023-10-31 15:10:00,2023-10-31 15:15:00,19091.3,False,19056.45,19070.12,-13.67,17.46,221,41.9,-0.737,9,-36.5,-6.55,0.0,-12.55,False,-12.6,0.0,-15.75,False,-4.75,0.35,-16.05,False,-4.75,0.35,-16.05,True,-4.75,0.35,-16.05,True,-4.75,0.35,-16.05,True,-4.75,0.35,-16.05,True,-4.75,-100.9,245,0.005,1.221,-0.359,-0.359,-0.359,-0.359,-0.359,-0.359,bearish,bullish
57014,1,2023-11-01 09:30:00,2023-11-01 09:35:00,19088.2,False,19063.15,19070.37,-7.22,20.4,228,41.9,0.124,2,-33.4,-3.15,4.0,-8.95,False,-9.85,4.0,-22.75,False,-33.4,4.0,-41.65,False,-62.05,4.0,-68.55,False,-44.35,4.0,-68.55,False,-43.95,4.0,-68.55,False,-76.45,4.0,-102.25,False,-97.8,56.65,245,1.652,0.465,2.026,-0.117,-0.289,-0.392,-4.596,2.405,bullish,bullish
57026,-1,2023-11-01 10:30:00,2023-11-01 10:35:00,19043.95,False,19061.95,19062.95,-1.0,18.42,9,8.35,-0.106,21,-13.45,6.7,11.15,-0.15,False,-5.75,11.15,-5.75,False,-5.05,11.15,-6.85,False,-5.7,11.15,-14.8,False,-0.3,13.7,-14.8,False,-2.25,13.7,-21.5,False,29.2,58.0,-21.5,False,53.55,-100.9,245,-0.504,-0.275,-0.865,-0.221,0.049,3.489,0.829,-2.747,bullish,bullish
57033,-1,2023-11-01 11:05:00,2023-11-01 11:10:00,19037.25,False,19058.75,19058.75,0.0,15.25,16,8.35,-0.139,14,-20.15,-9.4,5.9,-9.9,False,-5.8,5.9,-13.8,False,-8.05,5.9,-13.8,False,-0.85,7.0,-13.8,False,-11.0,7.0,-17.8,False,13.95,16.4,-28.2,False,40.1,51.3,-28.2,False,46.85,-107.6,245,-0.122,0.351,0.124,0.304,1.903,4.958,-2.831,-2.042,bullish,bullish
57044,-1,2023-11-01 12:00:00,2023-11-01 12:05:00,19043.3,False,19055.05,19054.5,0.55,12.73,27,8.35,-0.109,3,-14.1,-4.95,0.9,-5.95,False,-8.2,0.9,-9.55,False,-11.05,0.9,-19.7,False,-2.9,1.7,-22.15,False,8.95,22.45,-22.15,False,23.5,57.35,-22.15,False,52.9,69.6,-22.15,True,52.9,-101.55,245,0.121,1.159,2.107,2.412,3.166,1.188,-3.824,-3.824,bullish,bullish
57066,-1,2023-11-01 13:50:00,2023-11-01 13:55:00,19022.8,False,19036.0,19027.22,8.78,13.89,14,3.3,-0.217,19,-119.35,5.9,7.35,-2.8,False,3.0,7.35,-5.0,False,-1.65,11.25,-5.0,False,8.35,17.25,-5.0,False,14.4,23.7,-5.0,False,32.4,49.1,-5.0,True,32.4,49.1,-5.0,True,32.4,-122.05,245,-0.019,-1.96,-1.213,-1.021,-1.658,-6.971,-6.971,-6.971,bullish,bullish
57109,1,2023-11-02 11:10:00,2023-11-02 11:15:00,19127.8,False,19105.95,19124.25,-18.3,14.88,23,106.15,0.041,5,-36.25,-5.6,2.2,-5.65,False,-12.3,2.2,-13.8,False,-12.75,2.2,-16.65,False,-36.25,2.2,-44.05,False,-48.6,2.2,-63.65,False,-15.05,2.2,-63.65,False,-7.35,14.05,-63.65,False,17.05,98.25,245,-0.457,-0.23,-0.182,-0.844,-3.047,-4.463,2.243,1.936,bullish,bullish
57125,-1,2023-11-02 12:30:00,2023-11-02 12:35:00,19088.5,False,19097.4,19093.94,3.46,13.66,10,14.4,-0.167,1,-9.9,8.8,8.8,-0.95,False,-9.9,8.8,-22.25,False,-8.05,8.8,-22.25,False,-15.0,8.8,-23.4,False,-14.8,8.8,-28.75,False,-27.05,8.8,-52.2,False,-56.35,8.8,-59.25,True,-56.35,-137.55,245,-0.046,0.486,-0.797,0.753,0.765,-2.66,-6.236,-6.236,bullish,bullish
57141,1,2023-11-02 13:50:00,2023-11-02 13:55:00,19125.5,False,19091.7,19100.35,-8.65,13.08,14,1.0,0.033,22475,3928.55,6.7,9.1,-0.15,False,-1.05,10.55,-3.4,False,-0.35,10.55,-7.15,False,-5.25,15.2,-10.6,False,-0.15,15.2,-18.55,False,19.35,22.25,-18.55,True,19.35,22.25,-18.55,True,19.35,100.55,245,0.019,1.96,1.213,1.021,1.658,6.971,6.971,6.971,bullish,bullish
57153,1,2023-11-02 14:50:00,2023-11-02 14:55:00,19124.75,False,19106.95,19107.93,-0.98,12.14,26,1.0,0.028,22463,3929.3,7.8,13.9,-2.85,False,7.2,17.1,-2.85,False,5.15,17.1,-2.85,False,18.65,20.1,-8.15,False,20.1,23.0,-8.15,True,20.1,23.0,-8.15,True,20.1,23.0,-8.15,True,20.1,101.3,245,1.213,4.023,6.105,6.896,5.316,5.316,5.316,5.316,bullish,bullish
57158,1,2023-11-02 15:15:00,2023-11-02 15:20:00,19134.2,False,19116.6,19110.83,5.77,12.64,31,1.0,0.076,22458,3919.85,9.2,10.65,-5.6,False,10.65,13.55,-5.6,False,10.65,13.55,-5.6,True,10.65,13.55,-5.6,True,10.65,13.55,-5.6,True,10.65,13.55,-5.6,True,10.65,13.55,-5.6,True,10.65,91.85,245,1.176,-0.404,-0.404,-0.404,-0.404,-0.404,-0.404,-0.404,bullish,bullish
57229,1,2023-11-03 14:55:00,2023-11-03 15:00:00,19241.9,False,19210.9,19201.9,9.0,12.87,102,1.0,0.0,22387,3812.15,-3.75,8.05,-3.75,False,-8.85,8.05,-20.55,False,-14.05,8.05,-20.55,False,-15.85,8.05,-21.7,False,-15.85,8.05,-21.7,True,-15.85,8.05,-21.7,True,-15.85,8.05,-21.7,True,-15.85,169.95,245,2.599,4.681,4.2,3.892,3.892,3.892,3.892,3.892,bullish,bullish
57236,1,2023-11-06 09:15:00,2023-11-06 09:20:00,19331.65,False,19220.2,19204.48,15.72,20.2,109,1.0,-0.073,22380,3722.4,18.05,25.7,0.0,False,9.55,25.7,0.0,False,8.05,25.7,0.0,False,1.05,25.7,0.0,False,35.55,35.9,-7.25,False,6.05,40.0,-20.9,False,20.7,40.0,-20.9,False,80.2,85.55,245,1.539,0.728,-0.307,1.732,0.316,-0.282,-3.381,2.111,bullish,bullish
57345,1,2023-11-07 12:05:00,2023-11-07 12:10:00,19350.7,False,19329.1,19280.58,48.52,13.05,218,1.0,-0.276,22271,3703.35,1.75,2.95,-6.75,False,8.45,8.55,-6.75,False,4.85,12.2,-6.75,False,15.0,17.9,-6.75,False,16.8,22.3,-6.75,False,47.05,60.55,-6.75,False,66.5,72.8,-6.75,True,66.5,85.75,245,-0.996,-1.944,-1.605,-2.204,-3.014,-1.772,3.986,3.986,bullish,bullish
57551,1,2023-11-10 10:30:00,2023-11-10 10:35:00,19367.2,False,19329.45,19344.92,-15.47,13.21,424,1.0,0.079,22065,3686.85,6.7,13.6,-1.9,False,5.2,13.6,-1.9,False,12.85,17.65,-1.9,False,-7.7,17.65,-8.15,False,4.95,17.65,-13.3,False,15.85,24.0,-13.3,False,7.7,46.75,-13.3,False,76.25,72.95,245,0.504,0.275,0.865,0.221,-0.049,-3.489,-0.829,2.747,bullish,bullish
57561,1,2023-11-10 11:20:00,2023-11-10 11:25:00,19368.6,False,19353.9,19345.45,8.45,11.77,434,1.0,0.092,22055,3685.45,5.35,6.0,-3.25,False,3.55,6.6,-7.9,False,10.55,11.0,-7.9,False,6.95,11.25,-7.9,False,10.8,22.6,-7.9,False,32.65,42.55,-7.9,False,73.7,73.7,-7.9,False,74.85,71.55,245,0.049,-0.63,-0.18,-1.327,-3.425,-4.195,3.746,2.167,bullish,bullish
57575,1,2023-11-10 12:30:00,2023-11-10 12:35:00,19382.25,False,19376.1,19346.45,29.65,9.3,448,1.0,0.161,22041,3671.8,6.55,12.35,-0.25,False,14.45,14.6,-0.25,False,21.2,26.3,-0.25,False,20.35,28.9,-0.25,False,19.75,28.9,-0.25,False,-7.35,31.7,-18.95,False,61.2,69.05,-18.95,True,61.2,57.9,245,0.046,-0.486,0.797,-0.753,-0.765,2.66,6.236,6.236,bullish,bullish
57588,1,2023-11-10 13:35:00,2023-11-10 13:40:00,19410.6,False,19390.6,19347.95,42.65,10.45,461,1.0,0.307,22028,3643.45,-1.65,3.35,-4.15,False,-5.7,3.35,-5.7,False,-10.7,3.35,-14.05,False,-17.5,3.35,-24.5,False,-25.2,3.35,-47.3,False,32.85,40.7,-47.3,True,32.85,40.7,-47.3,True,32.85,29.55,245,0.772,0.755,0.855,2.071,3.949,7.829,7.829,7.829,bullish,bullish
57600,1,2023-11-10 14:35:00,2023-11-10 14:40:00,19384.55,False,19363.3,19349.0,14.3,11.19,473,1.0,0.173,22016,3669.5,-6.05,1.35,-9.3,False,-7.2,1.35,-9.3,False,-1.55,9.8,-9.3,False,24.8,39.35,-9.3,False,58.9,66.75,-9.3,True,58.9,66.75,-9.3,True,58.9,66.75,-9.3,True,58.9,55.6,245,-0.923,-1.443,-1.388,4.715,3.926,3.926,3.926,3.926,bullish,bullish
67849,1,2024-06-04 15:10:00,2024-06-04 15:15:00,21948.6,False,21725.3,21680.02,45.28,128.23,10722,1.0,-5.306,11767,1105.45,-30.75,4.95,-77.15,False,-7.4,4.95,-77.15,False,47.85,119.95,-77.15,False,47.85,119.95,-77.15,True,47.85,119.95,-77.15,True,47.85,119.95,-77.15,True,47.85,119.95,-77.15,True,47.85,624.4,246,2.115,4.899,3.345,3.345,3.345,3.345,3.345,3.345,bullish,flat
79163,1,2025-01-13 14:15:00,2025-01-13 14:20:00,23122.2,False,23100.6,23087.33,13.27,24.47,22036,1.0,-0.322,453,-68.15,-11.25,4.95,-16.4,False,-11.8,4.95,-19.7,False,-51.75,4.95,-55.8,False,-23.05,4.95,-74.95,False,-24.15,4.95,-74.95,False,-33.5,4.95,-74.95,True,-33.5,4.95,-74.95,True,-33.5,84.65,249,-0.926,-2.545,-3.351,-5.162,-2.241,-3.349,-3.349,-3.349,flat,bullish
79169,1,2025-01-13 14:45:00,2025-01-13 14:50:00,23098.2,False,23047.25,23087.33,-40.08,27.79,22042,1.0,-0.415,447,-44.15,1.3,24.6,-6.7,False,1.15,24.6,-18.7,False,-33.45,24.6,-34.95,False,-0.15,24.6,-34.95,False,-9.5,24.6,-34.95,True,-9.5,24.6,-34.95,True,-9.5,24.6,-34.95,True,-9.5,108.65,248,1.249,3.438,2.289,2.862,1.749,1.749,1.749,1.749,flat,bullish
79178,1,2025-01-14 09:15:00,2025-01-14 09:20:00,23211.35,False,23063.25,23087.34,-24.09,31.9,22051,1.0,0.194,438,-157.3,-0.55,15.85,-17.7,False,-18.25,15.85,-25.55,False,-42.2,15.85,-42.75,False,-13.0,15.85,-61.3,False,-73.15,15.85,-77.2,False,25.15,53.6,-77.2,False,-51.75,53.6,-77.2,False,-4.5,16.75,248,0.297,0.23,1.272,-1.986,-1.112,2.215,5.984,0.657,flat,bullish
79193,1,2025-01-14 10:30:00,2025-01-14 10:35:00,23158.9,False,23134.15,23087.4,46.75,28.44,22066,1.0,-0.029,423,-104.85,18.95,23.65,-6.4,False,26.6,27.15,-6.4,False,47.45,47.45,-6.4,False,77.75,80.05,-6.4,False,61.25,106.05,-6.4,False,10.6,106.05,-6.4,False,17.75,106.05,-14.8,False,47.95,69.2,248,-0.034,0.595,1.195,1.281,4.552,7.561,1.402,1.535,flat,bullish
79425,1,2025-01-17 11:05:00,2025-01-17 11:10:00,23127.8,False,23100.35,23088.96,11.39,29.22,22298,1.0,-0.642,191,-73.75,4.05,7.75,-4.6,False,7.75,17.15,-4.6,False,19.3,19.65,-4.6,False,28.3,50.1,-4.6,False,76.15,90.4,-4.6,False,90.8,136.5,-4.6,False,72.95,136.5,-4.6,False,75.3,209.25,248,1.093,1.057,0.004,0.375,0.519,5.359,4.081,-0.501,flat,bullish
79434,1,2025-01-17 11:50:00,2025-01-17 11:55:00,23153.8,False,23135.65,23088.98,46.67,24.73,22307,1.0,-0.531,182,-99.75,14.35,15.15,-0.2,False,38.45,64.4,-0.2,False,50.15,64.4,-0.2,False,86.85,110.5,-0.2,False,78.35,110.5,-0.2,False,30.65,110.5,-0.2,False,49.3,110.5,-0.2,True,49.3,183.25,248,0.415,0.864,1.094,3.94,5.442,3.817,0.074,0.074,flat,bullish
79569,1,2025-01-21 10:35:00,2025-01-21 10:40:00,23194.1,False,23127.7,23090.1,37.6,37.83,22442,1.0,-0.973,47,-140.05,-7.5,10.6,-11.25,False,9.95,10.8,-23.75,False,2.75,23.6,-23.75,False,-42.4,23.6,-47.65,False,-31.35,23.6,-55.15,False,-51.95,227.15,-83.0,False,-140.05,227.15,-146.75,False,-141.05,-32.35,248,0.62,1.22,-0.187,2.031,2.436,7.943,1.363,1.56,flat,bullish
79577,1,2025-01-21 11:15:00,2025-01-21 11:20:00,23170.15,False,23138.95,23090.14,48.81,34.46,22450,1.0,-1.066,39,-116.1,-9.9,2.55,-12.4,False,-25.8,6.25,-26.35,False,-6.1,13.85,-26.6,False,200.8,243.1,-26.6,False,-8.8,251.1,-29.95,False,-4.3,251.1,-59.05,False,-131.7,251.1,-193.3,False,-117.1,-8.4,248,-1.083,1.053,1.429,-2.046,1.636,3.739,-0.475,-1.588,flat,bullish
79596,1,2025-01-21 12:50:00,2025-01-21 12:55:00,23163.2,False,23111.1,23090.24,20.86,48.82,22469,1.0,-1.08,20,-109.15,76.75,107.8,-1.45,False,112.85,131.6,-1.45,False,83.7,131.6,-1.45,False,35.85,131.6,-43.05,False,51.95,133.35,-43.05,False,-154.75,133.35,-186.35,False,-110.15,133.35,-186.35,True,-110.15,-1.45,248,0.101,-0.27,0.464,-0.493,-1.652,-5.896,-5.396,-5.396,flat,bullish
79603,1,2025-01-21 13:25:00,2025-01-21 13:30:00,23265.95,False,23120.15,23090.29,29.86,58.51,22476,1.0,-0.632,13,-211.9,-22.1,30.6,-34.05,False,-29.65,30.6,-50.3,False,-11.3,30.6,-50.3,False,-49.1,30.6,-91.75,False,-100.4,30.6,-134.45,False,-212.9,30.6,-289.1,False,-212.9,30.6,-289.1,True,-212.9,-104.2,248,0.497,0.454,-0.621,-1.472,-4.515,-5.156,-5.156,-5.156,flat,bullish
79633,-1,2025-01-22 09:40:00,2025-01-22 09:45:00,23067.45,False,23127.7,23083.66,44.04,41.73,16,9.2,-0.136,58,-65.85,6.9,15.1,-14.95,False,-15.8,16.9,-18.15,False,-35.8,16.9,-57.2,False,-29.4,16.9,-57.2,False,-39.15,16.9,-57.2,False,23.3,32.9,-76.8,False,81.2,86.15,-76.8,False,-94.3,-148.85,248,2.264,1.387,0.348,2.433,0.561,-0.301,-4.913,-0.379,flat,bullish
79644,-1,2025-01-22 10:35:00,2025-01-22 10:40:00,23074.25,False,23124.65,23086.41,38.24,33.51,27,9.2,-0.105,47,-59.05,-32.35,0.75,-32.65,False,-47.75,0.75,-70.0,False,-19.3,0.75,-70.0,False,-11.9,0.75,-70.0,False,25.5,39.7,-70.0,False,57.15,84.65,-70.0,False,-59.05,92.95,-70.0,False,-87.5,-142.05,248,-0.62,-1.22,0.187,-2.031,-2.436,-7.943,-1.363,-1.56,flat,bullish
79662,-1,2025-01-22 12:05:00,2025-01-22 12:10:00,23017.15,False,23065.4,23079.37,-13.97,25.39,45,9.2,-0.354,29,-116.15,-19.8,1.95,-29.55,False,-28.65,1.95,-33.15,False,1.45,1.95,-33.7,False,0.05,27.55,-33.7,False,9.55,27.55,-33.7,False,-20.7,35.85,-33.7,False,-144.6,35.85,-152.4,True,-144.6,-199.15,248,-1.811,-2.216,-2.858,-5.375,-4.852,-2.076,1.008,1.008,flat,bullish
79666,-1,2025-01-22 12:25:00,2025-01-22 12:30:00,23013.0,False,23050.85,23075.69,-24.84,26.22,49,9.2,-0.371,25,-120.3,-23.05,0.75,-24.05,False,-4.1,0.75,-34.35,False,-13.05,0.75,-34.35,False,-4.95,5.85,-34.35,False,7.7,17.55,-34.35,False,-105.9,31.7,-113.3,False,-148.75,31.7,-156.55,True,-148.75,-203.3,248,-2.494,-2.85,-2.227,-1.964,-1.613,2.892,3.533,3.533,flat,bullish
79671,-1,2025-01-22 12:50:00,2025-01-22 12:55:00,23008.85,False,23047.35,23071.38,-24.03,24.96,54,9.2,-0.396,20,-124.45,-9.1,1.4,-12.45,False,4.35,8.7,-12.85,False,1.25,13.4,-12.85,False,-4.85,13.4,-36.35,False,-1.4,27.55,-36.35,False,-103.4,27.55,-127.35,False,-152.9,27.55,-160.7,True,-152.9,-207.45,248,-0.101,0.27,-0.464,0.493,1.652,5.896,5.396,5.396,flat,bullish
79678,-1,2025-01-22 13:25:00,2025-01-22 13:30:00,23005.75,False,23045.2,23065.85,-20.65,23.66,61,9.2,-0.406,13,-127.55,4.55,5.5,-14.7,False,-15.75,10.6,-23.85,False,19.5,24.45,-23.85,False,-10.75,24.45,-24.3,False,-113.15,24.45,-120.55,False,-156.0,24.45,-163.8,False,-156.0,24.45,-163.8,True,-156.0,-210.55,248,-0.497,-0.454,0.621,1.472,4.515,5.156,5.156,5.156,flat,bullish
79707,1,2025-01-23 09:35:00,2025-01-23 09:40:00,23171.45,False,23090.65,23099.69,-9.04,30.13,15,7.0,0.189,76,11.3,26.5,31.4,-1.2,False,32.15,34.1,-1.2,False,36.25,42.6,-1.2,False,48.2,54.85,-1.2,False,54.7,74.75,-1.2,False,61.0,74.75,-1.2,False,77.3,99.35,-1.2,False,44.85,-81.1,248,-0.68,-3.02,-2.143,-2.525,-1.946,0.499,5.232,-0.378,flat,bullish
79735,1,2025-01-23 11:55:00,2025-01-23 12:00:00,23217.5,False,23201.05,23160.7,40.35,17.9,43,7.0,0.386,48,-34.75,-3.3,4.7,-5.25,False,2.3,7.35,-5.25,False,15.25,16.0,-5.25,False,34.55,42.85,-5.25,False,28.1,53.3,-5.25,False,33.4,53.3,-5.25,False,-1.2,53.3,-25.8,True,-1.2,-127.15,248,0.447,0.677,2.476,3.182,5.154,3.341,-0.343,-0.343,flat,bullish
79755,1,2025-01-23 13:35:00,2025-01-23 13:40:00,23248.65,False,23229.9,23182.68,47.22,14.73,63,7.0,0.521,28,-65.9,3.4,5.4,-3.75,False,4.85,6.9,-3.75,False,2.1,8.0,-3.75,False,-16.45,8.0,-23.1,False,-11.7,8.0,-33.25,False,-32.35,8.0,-56.95,True,-32.35,8.0,-56.95,True,-32.35,-158.3,248,-1.066,-1.795,-1.857,-2.516,-5.798,-5.601,-5.601,-5.601,flat,bullish
79766,1,2025-01-23 14:30:00,2025-01-23 14:35:00,23235.15,False,23215.4,23190.02,25.38,15.28,74,7.0,0.461,17,-52.4,1.8,8.75,-3.85,False,-4.75,8.75,-10.2,False,-19.9,8.75,-21.6,False,-17.5,8.75,-34.15,False,-18.85,8.75,-43.45,True,-18.85,8.75,-43.45,True,-18.85,8.75,-43.45,True,-18.85,-144.8,249,-0.154,-0.496,-1.803,0.547,0.01,0.01,0.01,0.01,flat,bullish
79777,1,2025-01-23 15:25:00,2025-01-24 09:15:00,23183.9,True,23191.7,23192.85,-1.15,15.3,85,7.0,0.38,6,-1.15,92.5,97.1,-6.1,False,97.25,108.15,-6.1,False,51.65,108.15,-6.1,False,46.35,108.15,-6.1,False,-27.55,108.15,-56.35,False,95.3,108.15,-81.0,False,32.6,163.4,-81.0,False,-93.55,-367.05,0,,,,,,,,,flat,bullish
79790,-1,2025-01-24 10:15:00,2025-01-24 10:20:00,23135.05,False,23174.8,23191.96,-17.16,28.69,6,8.95,-0.207,16,-186.7,-21.85,32.15,-26.05,False,-48.0,32.15,-75.75,False,-37.95,32.15,-75.75,False,-80.3,32.15,-92.05,False,-131.55,32.15,-154.15,False,-178.35,32.15,-212.25,False,-3.3,32.15,-212.25,False,44.7,318.2,248,-1.499,-0.532,-0.235,-1.433,-3.331,-4.997,-4.933,-1.773,flat,bullish
79814,1,2025-01-24 12:15:00,2025-01-24 12:20:00,23313.35,False,23289.7,23258.22,31.48,25.01,7,29.7,0.559,15,-155.3,0.8,2.9,-6.8,False,-17.85,6.05,-24.6,False,-40.1,6.05,-40.1,False,-94.4,6.05,-117.55,False,-130.35,6.05,-148.5,False,-175.0,6.05,-192.55,False,-223.0,6.05,-263.35,True,-223.0,-496.5,248,0.523,0.182,2.683,2.687,1.984,-0.183,-3.343,-3.343,flat,bullish
79837,-1,2025-01-24 14:10:00,2025-01-24 14:15:00,23141.85,False,23213.75,23175.73,38.02,29.22,7,6.8,-0.18,118,144.3,3.5,21.05,-1.45,False,12.05,21.05,-11.6,False,3.0,21.05,-11.6,False,60.5,76.7,-26.75,False,64.35,91.85,-26.75,False,51.5,91.85,-26.75,True,51.5,91.85,-26.75,True,51.5,325.0,249,0.3,1.275,2.894,4.204,2.141,3.699,3.699,3.699,flat,bullish
79842,-1,2025-01-24 14:35:00,2025-01-24 14:40:00,23105.3,False,23168.6,23164.76,3.84,29.58,12,6.8,-0.34,113,107.75,23.95,40.15,-7.35,False,46.8,51.45,-7.35,False,31.95,55.3,-7.35,False,2.95,55.3,-7.35,False,14.95,55.3,-7.35,True,14.95,55.3,-7.35,True,14.95,55.3,-7.35,True,14.95,288.45,249,0.311,1.619,0.304,-4.758,-0.194,-0.194,-0.194,-0.194,flat,bullish
79853,-1,2025-01-27 09:15:00,2025-01-27 09:20:00,22927.3,False,23105.55,23128.2,-22.65,38.93,23,6.8,-0.058,102,-70.25,-36.55,16.45,-36.55,False,-39.3,16.45,-60.2,False,-54.75,16.45,-62.35,False,-64.8,16.45,-80.15,False,26.8,26.8,-80.15,False,45.55,100.45,-80.15,False,55.75,100.45,-80.15,False,110.45,-49.0,248,-0.297,-0.23,-1.272,1.986,1.112,-2.215,-5.984,-0.657,flat,bullish
79929,-1,2025-01-28 09:20:00,2025-01-28 09:25:00,22912.9,False,22973.45,22949.07,24.38,32.08,99,6.8,-0.215,26,-84.65,4.55,28.7,-4.9,False,17.5,35.65,-4.9,False,25.2,35.65,-4.9,False,43.2,47.25,-5.5,False,27.65,55.25,-17.45,False,-49.0,55.25,-74.2,False,-122.6,55.25,-160.9,False,-63.4,-263.3,248,-0.008,-1.051,-0.765,1.331,-0.161,-0.94,-5.337,-0.435,flat,bullish
79938,-1,2025-01-28 10:05:00,2025-01-28 10:10:00,22880.75,False,22930.35,22944.72,-14.37,34.44,108,6.8,-0.343,17,-116.8,-0.5,8.55,-11.0,False,7.9,23.1,-11.0,False,-4.5,23.1,-13.8,False,-11.2,23.1,-28.95,False,-66.55,23.1,-106.35,False,-140.2,23.1,-160.15,False,-174.05,23.1,-195.3,False,-95.55,-295.45,248,0.629,-0.413,-1.908,-0.614,-2.654,-3.203,-5.267,-2.182,flat,bullish
79963,1,2025-01-28 12:10:00,2025-01-28 12:15:00,23032.15,False,22988.4,22950.66,37.74,29.06,7,24.1,0.314,345,193.15,12.8,13.5,-1.05,False,-15.4,17.1,-28.7,False,-23.45,17.1,-31.9,False,-23.3,17.1,-33.05,False,33.1,36.75,-33.05,False,19.6,43.9,-33.05,False,-55.85,105.8,-122.9,True,-55.85,144.05,248,0.339,0.981,0.64,2.875,3.368,0.459,-2.885,-2.885,flat,bullish
79983,1,2025-01-28 13:50:00,2025-01-28 13:55:00,23059.35,False,23021.75,22989.74,32.01,23.2,27,24.1,0.434,325,165.95,-1.7,5.65,-14.85,False,-1.05,16.7,-14.85,False,-4.55,16.7,-14.85,False,0.15,16.7,-16.15,False,-89.0,78.6,-97.45,False,-83.05,78.6,-150.1,True,-83.05,78.6,-150.1,True,-83.05,116.85,249,-0.162,-0.488,-0.759,-1.649,-4.571,-4.073,-4.073,-4.073,flat,bullish
79988,1,2025-01-28 14:15:00,2025-01-28 14:20:00,23061.35,False,23043.2,22996.55,46.65,21.48,32,24.1,0.442,320,163.95,-1.85,6.05,-5.9,False,55.15,64.6,-5.9,False,66.3,68.55,-5.9,False,-34.6,76.6,-41.25,False,-90.8,76.6,-152.1,False,-85.05,76.6,-152.1,True,-85.05,76.6,-152.1,True,-85.05,114.85,249,-0.926,-2.545,-3.351,-5.162,-2.241,-3.349,-3.349,-3.349,flat,bullish
80007,1,2025-01-29 09:35:00,2025-01-29 09:40:00,23036.15,False,22976.5,23003.82,-27.32,37.04,51,24.1,0.042,301,189.15,4.3,33.7,-7.0,False,3.55,33.7,-12.45,False,12.35,33.7,-12.45,False,44.65,44.65,-12.45,False,45.45,70.3,-12.45,False,49.45,90.45,-52.0,False,122.8,132.35,-52.0,False,140.05,261.8,248,-0.68,-3.02,-2.143,-2.525,-1.946,0.499,5.232,-0.378,flat,bullish
80016,1,2025-01-29 10:20:00,2025-01-29 10:25:00,23100.35,False,23053.8,23010.24,43.56,32.91,60,24.1,0.318,292,124.95,-5.1,5.7,-21.6,False,-4.0,5.7,-21.6,False,-18.75,6.1,-28.55,False,-10.5,6.1,-32.1,False,-104.7,25.5,-116.2,False,37.65,68.15,-116.2,False,43.2,81.0,-116.2,False,75.85,197.6,248,-0.853,-1.15,-1.18,-1.359,0.894,4.254,2.608,0.388,flat,bullish
80030,1,2025-01-29 11:30:00,2025-01-29 11:35:00,23092.5,False,22984.15,23021.7,-37.55,38.58,74,24.1,0.288,278,132.8,-6.9,1.85,-14.8,False,0.2,3.2,-14.8,False,32.85,35.65,-14.8,False,15.8,35.65,-14.8,False,39.0,76.0,-14.8,False,56.35,76.0,-14.8,False,83.7,90.85,-14.8,True,83.7,205.45,248,-2.185,-3.139,-3.519,-2.271,2.965,2.591,-3.061,-3.061,flat,bullish
80143,1,2025-01-30 14:40:00,2025-01-30 14:45:00,23175.0,False,23139.95,23118.84,21.11,22.65,187,24.1,0.022,165,50.3,1.7,30.7,-1.1,False,-12.5,30.7,-26.2,False,17.15,30.7,-26.2,False,74.55,80.05,-26.2,False,122.95,147.05,-26.2,True,122.95,147.05,-26.2,True,122.95,147.05,-26.2,True,122.95,358.85,248,-1.372,-0.052,2.137,2.013,0.448,0.448,0.448,0.448,flat,bullish
80146,1,2025-01-30 14:55:00,2025-01-30 15:00:00,23192.35,False,23148.8,23119.67,29.13,24.76,190,24.1,0.098,162,32.95,32.8,46.95,-9.45,False,60.4,62.05,-9.45,False,57.2,62.7,-9.45,False,105.6,129.7,-9.45,False,105.6,129.7,-9.45,True,105.6,129.7,-9.45,True,105.6,129.7,-9.45,True,105.6,341.5,248,-1.583,2.459,-0.558,-2.123,-2.123,-2.123,-2.123,-2.123,flat,bullish
80305,1,2025-02-03 09:25:00,2025-02-03 09:30:00,23334.2,False,23239.15,23267.24,-28.09,48.07,349,24.1,0.068,3,-108.9,-16.85,9.65,-17.2,False,-45.75,9.65,-62.7,False,-77.1,9.65,-77.15,False,-87.65,9.65,-112.2,False,-52.1,9.65,-112.2,False,-43.7,9.65,-112.2,False,-2.5,34.9,-112.2,False,25.5,373.5,248,1.121,0.835,0.203,-0.222,-0.736,3.147,5.651,0.505,bearish,bullish
80315,-1,2025-02-03 10:15:00,2025-02-03 10:20:00,23247.0,False,23277.35,23263.43,13.92,38.35,6,13.85,-0.317,1,-35.1,-29.6,4.8,-37.65,False,-35.1,4.8,-38.45,False,-32.9,4.8,-40.75,False,-67.1,4.8,-77.85,False,-86.0,4.8,-91.6,False,-31.1,4.8,-91.6,False,-102.5,4.8,-122.1,False,-112.7,-460.7,248,-1.499,-0.532,-0.235,-1.433,-3.331,-4.997,-4.933,-1.773,bearish,bullish
80323,1,2025-02-03 10:55:00,2025-02-03 11:00:00,23318.0,False,23293.6,23286.79,6.81,32.16,6,4.75,-0.008,22,-54.7,2.9,10.35,-3.9,False,-6.1,10.35,-7.05,False,4.65,10.35,-7.05,False,-27.5,20.6,-32.05,False,-36.65,20.6,-64.9,False,-36.95,20.6,-64.9,False,37.05,51.1,-64.9,False,41.7,389.7,248,1.062,1.788,2.91,3.957,1.658,6.813,3.005,1.316,bearish,bullish
80327,1,2025-02-03 11:15:00,2025-02-03 11:20:00,23332.15,False,23310.95,23297.56,13.39,27.6,10,4.75,0.059,18,-68.85,-18.3,2.4,-20.55,False,-41.65,2.4,-46.2,False,-45.95,2.4,-55.2,False,-53.3,2.4,-79.05,False,-54.05,2.4,-79.05,False,16.0,36.95,-79.05,False,25.8,49.45,-79.05,False,27.55,375.55,248,-1.083,1.053,1.429,-2.046,1.636,3.739,-0.475,-1.588,bearish,bullish
80333,1,2025-02-03 11:45:00,2025-02-03 11:50:00,23278.4,False,23253.1,23294.21,-41.11,25.62,16,4.75,-0.174,12,-15.1,-3.25,5.45,-6.8,False,2.95,8.65,-6.8,False,17.8,20.8,-6.8,False,-0.3,27.9,-6.8,False,-8.15,27.9,-13.7,False,71.65,90.7,-20.35,False,81.3,103.2,-20.35,True,81.3,429.3,248,0.385,0.801,1.249,3.683,6.49,4.265,0.459,0.459,bearish,bullish
80341,1,2025-02-03 12:25:00,2025-02-03 12:30:00,23288.75,False,23269.65,23292.26,-22.61,21.26,24,4.75,-0.132,4,-25.45,-0.35,6.65,-5.45,False,-16.9,6.65,-17.65,False,-15.7,6.65,-22.55,False,-7.7,6.65,-30.7,False,42.95,80.35,-30.7,False,72.3,80.35,-30.7,False,70.95,92.85,-30.7,True,70.95,418.95,248,2.494,2.85,2.227,1.964,1.613,-2.892,-3.533,-3.533,bearish,bullish
80356,1,2025-02-03 13:40:00,2025-02-03 13:45:00,23352.2,False,23323.25,23327.5,-4.25,22.17,8,27.9,0.14,1,-29.85,-2.15,10.4,-8.1,False,-29.85,10.4,-45.85,False,-26.65,10.4,-45.85,False,-5.6,10.4,-45.85,False,-0.35,12.6,-45.85,False,7.5,29.4,-45.85,True,7.5,29.4,-45.85,True,7.5,355.5,248,-0.712,-0.774,-0.834,-1.173,-5.025,-4.518,-4.518,-4.518,bearish,bullish
80369,-1,2025-02-03 14:45:00,2025-02-03 14:50:00,23331.95,False,23364.8,23343.62,21.18,20.04,11,0.9,0.053,3,-43.45,-7.5,4.95,-9.2,False,-23.1,4.95,-23.65,False,-21.4,4.95,-38.75,False,-26.0,4.95,-49.65,False,-27.75,4.95,-49.65,True,-27.75,4.95,-49.65,True,-27.75,4.95,-49.65,True,-27.75,-375.75,248,-1.249,-3.438,-2.289,-2.862,-1.749,-1.749,-1.749,-1.749,bearish,bullish
80378,1,2025-02-04 09:15:00,2025-02-04 09:20:00,23501.5,False,23349.95,23372.99,-23.04,28.29,5,10.6,-0.031,171,116.0,20.8,32.7,0.0,False,12.85,32.75,0.0,False,9.1,32.75,-18.8,False,67.95,80.5,-18.8,False,23.85,80.5,-18.8,False,21.25,80.5,-78.35,False,133.4,148.45,-78.35,False,206.2,185.25,248,0.297,0.23,1.272,-1.986,-1.112,2.215,5.984,0.657,bearish,bullish
80400,1,2025-02-04 11:05:00,2025-02-04 11:10:00,23498.85,False,23423.15,23471.44,-48.29,30.99,27,10.6,-0.046,149,118.65,7.65,12.35,-14.2,False,23.9,28.0,-14.2,False,41.9,52.6,-14.2,False,58.2,59.1,-14.2,False,51.05,117.75,-14.2,False,127.65,132.6,-14.2,False,250.6,263.9,-14.2,False,208.85,187.9,248,1.093,1.057,0.004,0.375,0.519,5.359,4.081,-0.501,bearish,bullish
80528,1,2025-02-06 09:15:00,2025-02-06 09:20:00,23723.7,False,23680.45,23654.87,25.58,18.84,155,10.6,-0.145,21,-106.2,-22.45,4.5,-33.95,False,-27.15,4.5,-37.0,False,-66.85,4.5,-71.55,False,-62.2,4.5,-81.85,False,-89.3,4.5,-105.15,False,-123.65,4.5,-126.6,False,-136.4,4.5,-148.6,False,-95.65,-160.55,248,0.297,0.23,1.272,-1.986,-1.112,2.215,5.984,0.657,bearish,bullish
80541,1,2025-02-06 10:20:00,2025-02-06 10:25:00,23647.9,False,23618.55,23654.98,-36.43,23.08,168,10.6,-0.481,8,-30.4,-15.0,3.3,-15.85,False,-14.1,3.3,-21.35,False,1.55,3.3,-21.35,False,-11.85,9.0,-21.35,False,-41.95,9.0,-50.8,False,-22.8,9.0,-53.55,False,-77.0,9.0,-85.65,False,-19.85,-84.75,248,-0.853,-1.15,-1.18,-1.359,0.894,4.254,2.608,0.388,bearish,bullish
80605,1,2025-02-07 09:25:00,2025-02-07 09:30:00,23593.15,False,23566.85,23591.77,-24.92,22.91,5,4.05,-0.233,9,-43.65,0.25,10.8,-4.85,False,15.05,16.95,-4.85,False,13.25,23.05,-4.85,False,12.2,23.05,-12.6,False,-56.55,70.95,-99.55,False,88.1,94.9,-99.55,False,-25.45,101.35,-99.55,False,-30.0,-217.1,248,1.121,0.835,0.203,-0.222,-0.736,3.147,5.651,0.505,bearish,bullish
80643,-1,2025-02-07 12:35:00,2025-02-07 12:40:00,23576.8,False,23610.55,23606.93,3.62,26.57,28,17.35,-0.305,1861,806.7,-6.4,12.15,-9.65,False,-0.6,12.15,-11.6,False,25.95,26.1,-11.6,False,17.1,26.55,-11.6,False,-0.1,39.15,-14.6,False,90.2,133.6,-14.6,False,13.65,133.6,-14.6,True,13.65,200.75,248,0.635,0.364,1.026,0.534,0.784,6.591,6.394,6.394,bearish,bullish
80650,-1,2025-02-07 13:10:00,2025-02-07 13:15:00,23547.85,False,23579.95,23600.18,-20.23,24.91,35,17.35,-0.43,1854,777.75,-7.35,2.95,-10.7,False,-6.55,2.95,-20.45,False,-19.85,2.95,-20.95,False,-24.5,2.95,-43.55,False,86.8,94.6,-43.55,False,-25.85,104.65,-43.55,False,-15.3,104.65,-43.55,True,-15.3,171.8,248,0.974,1.399,1.155,1.767,2.957,4.737,6.301,6.301,bearish,bullish
80656,-1,2025-02-07 13:40:00,2025-02-07 13:45:00,23570.2,False,23591.4,23596.15,-4.75,22.15,41,17.35,-0.326,1848,800.1,15.25,15.5,-6.55,False,70.4,82.85,-6.55,False,58.95,82.85,-6.55,False,109.15,116.95,-6.55,False,112.15,127.0,-6.55,False,7.05,127.0,-21.05,True,7.05,127.0,-21.05,True,7.05,194.15,248,0.712,0.774,0.834,1.173,5.025,4.518,4.518,4.518,bearish,bullish
80678,-1,2025-02-10 09:15:00,2025-02-10 09:20:00,23467.65,False,23591.25,23568.07,23.18,31.78,63,17.35,-0.319,1826,697.55,-29.75,10.2,-39.55,False,-5.95,10.2,-39.55,False,24.45,47.8,-39.55,False,38.55,64.3,-39.55,False,94.4,110.05,-39.55,False,76.6,110.05,-39.55,False,132.1,136.7,-39.55,False,91.6,397.15,248,-0.297,-0.23,-1.272,1.986,1.112,-2.215,-5.984,-0.657,bearish,bullish
80937,-1,2025-02-13 12:05:00,2025-02-13 12:10:00,23212.65,False,23235.5,23264.45,-28.95,22.25,322,17.35,0.684,1567,442.55,16.85,27.4,-3.8,False,6.85,27.4,-3.8,False,22.05,29.45,-3.8,False,21.6,29.45,-3.8,False,31.15,36.5,-3.8,False,168.4,170.15,-3.8,False,193.25,207.95,-3.8,True,193.25,315.4,248,-1.811,-2.216,-2.858,-5.375,-4.852,-2.076,1.008,1.008,bearish,bullish
82511,1,2025-03-18 12:00:00,2025-03-18 12:05:00,22775.6,False,22759.05,22761.92,-2.87,17.33,6,5.3,0.504,3,-18.65,-5.3,1.15,-14.95,False,-5.95,1.15,-14.95,False,-16.1,1.15,-18.85,False,-49.05,1.15,-64.45,False,-26.4,1.15,-77.85,False,14.65,22.7,-77.85,False,73.15,82.2,-77.85,True,73.15,136.2,248,0.219,2.018,2.422,5.225,4.324,2.547,-0.801,-0.801,bullish,bullish
82530,1,2025-03-18 13:35:00,2025-03-18 13:40:00,22782.75,False,22765.6,22753.71,11.89,17.36,4,5.0,0.529,636,524.45,0.55,4.4,-1.85,False,-4.0,4.4,-8.55,False,7.4,8.65,-8.55,False,2.95,15.55,-8.55,False,8.05,15.55,-12.4,False,66.0,75.05,-12.4,True,66.0,75.05,-12.4,True,66.0,129.05,248,-1.066,-1.795,-1.857,-2.516,-5.798,-5.601,-5.601,-5.601,bullish,bullish
82533,1,2025-03-18 13:50:00,2025-03-18 13:55:00,22791.9,False,22774.2,22760.04,14.16,16.17,7,5.0,0.564,633,515.3,-4.25,5.45,-5.65,False,-1.65,6.4,-5.65,False,-6.2,6.4,-9.2,False,-9.9,6.4,-21.55,False,4.5,11.05,-21.55,False,56.85,65.9,-21.55,True,56.85,65.9,-21.55,True,56.85,119.9,249,-0.162,-0.488,-0.759,-1.649,-4.571,-4.073,-4.073,-4.073,bullish,bullish
82540,1,2025-03-18 14:25:00,2025-03-18 14:30:00,22793.8,False,22770.35,22768.19,2.16,14.55,14,5.0,0.576,626,513.4,-2.2,3.2,-7.65,False,-3.0,3.2,-7.65,False,0.35,3.2,-7.7,False,10.75,19.55,-7.7,False,54.95,64.0,-7.7,False,54.95,64.0,-7.7,True,54.95,64.0,-7.7,True,54.95,118.0,249,-0.832,-0.994,-1.336,0.851,-0.831,-0.831,-0.831,-0.831,bullish,bullish
82558,1,2025-03-19 09:40:00,2025-03-19 09:45:00,22857.8,False,22807.95,22794.59,13.36,24.93,32,5.0,-0.076,608,449.4,15.05,19.85,-5.25,False,9.75,20.0,-5.25,False,6.5,20.0,-5.25,False,6.3,21.9,-17.35,False,50.1,52.75,-17.35,False,30.95,56.65,-17.35,False,59.65,82.9,-17.35,False,54.0,307.9,248,-2.264,-1.387,-0.348,-2.433,-0.561,0.301,4.913,0.379,bullish,bullish
82565,1,2025-03-19 10:15:00,2025-03-19 10:20:00,22899.25,False,22840.45,22805.65,34.8,24.59,39,5.0,0.107,601,407.95,9.85,11.3,-9.45,False,-1.95,11.3,-9.45,False,-4.0,11.3,-10.8,False,-17.0,12.6,-19.05,False,-2.3,15.2,-33.95,False,2.95,15.2,-33.95,False,18.5,41.45,-33.95,False,12.55,266.45,248,1.499,0.532,0.235,1.433,3.331,4.997,4.933,1.773,bullish,bullish
82589,1,2025-03-19 12:15:00,2025-03-19 12:20:00,22901.9,False,22881.35,22836.64,44.71,16.48,63,5.0,0.119,577,405.3,2.45,9.35,-1.85,False,-0.6,12.3,-1.85,False,5.0,12.3,-2.85,False,29.35,31.45,-2.85,False,23.25,38.8,-19.1,False,15.85,38.8,-19.1,False,9.9,38.8,-19.1,True,9.9,263.8,248,0.523,0.182,2.683,2.687,1.984,-0.183,-3.343,-3.343,bullish,bullish
82601,1,2025-03-19 13:15:00,2025-03-19 13:20:00,22925.7,False,22882.8,22847.85,34.95,17.99,75,5.0,0.219,565,381.5,-0.7,2.1,-6.55,False,-11.3,2.1,-15.8,False,-10.4,2.1,-15.8,False,-21.0,2.45,-22.2,False,-7.95,2.45,-26.35,False,-25.85,12.0,-27.2,False,-13.9,12.0,-29.8,True,-13.9,240.0,248,-0.445,-0.202,0.305,-1.542,-2.187,-4.235,-5.347,-5.347,bullish,bullish
82609,1,2025-03-19 13:55:00,2025-03-19 14:00:00,22914.45,False,22899.35,22853.85,45.5,15.58,83,5.0,0.167,557,392.75,7.5,7.8,-6.65,False,1.95,9.25,-6.65,False,-5.7,9.25,-9.5,False,12.95,14.6,-9.5,False,16.55,23.25,-9.5,False,-2.65,23.25,-18.55,True,-2.65,23.25,-18.55,True,-2.65,251.25,249,-0.344,-0.616,-0.343,-3.125,-2.247,-3.93,-3.93,-3.93,bullish,bullish
82614,1,2025-03-19 14:20:00,2025-03-19 14:25:00,22923.5,False,22904.95,22857.13,47.82,14.37,88,5.0,0.21,552,383.7,3.9,5.55,-3.15,False,2.45,5.7,-3.5,False,8.7,11.45,-3.5,False,4.3,14.2,-3.5,False,-19.35,14.2,-27.6,False,-11.7,14.2,-27.6,True,-11.7,14.2,-27.6,True,-11.7,242.2,249,-1.6,-2.407,-2.569,-2.903,-0.973,-2.405,-2.405,-2.405,bullish,bullish
82627,1,2025-03-19 15:25:00,2025-03-20 09:15:00,23036.6,True,22895.9,22864.82,31.08,13.06,101,5.0,0.161,539,270.6,-14.6,5.6,-42.2,False,21.85,25.35,-42.2,False,28.6,28.85,-42.2,False,16.95,34.5,-42.2,False,-48.95,34.5,-62.65,False,26.95,34.5,-62.65,False,106.75,109.6,-62.65,False,129.1,319.05,0,,,,,,,,,bullish,bullish
83229,-1,2025-04-02 09:20:00,2025-04-02 09:25:00,23177.45,False,23250.6,23238.05,12.55,25.6,62,31.9,-0.075,1,-101.6,-69.05,0.6,-73.55,False,-101.6,0.6,-105.8,False,-92.15,0.6,-116.2,False,-25.55,0.6,-116.2,False,-63.2,0.6,-116.2,False,-97.0,0.6,-134.45,False,-111.35,0.6,-134.45,False,-153.35,-64.15,248,-0.008,-1.051,-0.765,1.331,-0.161,-0.94,-5.337,-0.435,bullish,bullish
83236,1,2025-04-02 09:55:00,2025-04-02 10:00:00,23244.55,False,23183.25,23229.44,-46.19,33.24,5,28.45,0.224,66,-24.9,-13.4,1.9,-21.4,False,-9.15,1.9,-28.1,False,-5.7,3.7,-28.1,False,22.8,24.4,-28.1,False,48.15,57.6,-28.1,False,10.7,67.35,-28.1,False,43.1,67.35,-28.1,False,86.25,-2.95,248,-1.837,-1.4,-2.064,-0.493,-0.614,1.089,4.431,0.748,bullish,bullish
83264,1,2025-04-02 12:15:00,2025-04-02 12:20:00,23291.2,False,23246.15,23260.06,-13.91,22.88,33,28.45,0.426,38,-71.55,-0.85,0.65,-7.7,False,-12.4,8.8,-12.4,False,-4.7,8.8,-14.6,False,-12.25,8.8,-21.7,False,2.65,8.8,-52.25,False,4.6,15.8,-52.25,False,39.6,58.8,-52.25,True,39.6,-49.6,248,0.523,0.182,2.683,2.687,1.984,-0.183,-3.343,-3.343,bullish,bullish
83273,1,2025-04-02 13:00:00,2025-04-02 13:05:00,23273.95,False,23238.95,23263.11,-24.16,21.58,42,28.45,0.349,29,-54.3,13.35,14.15,-1.5,False,13.7,18.75,-1.5,False,19.9,22.25,-1.5,False,25.8,28.95,-1.5,False,16.65,33.05,-19.2,False,65.45,76.05,-19.2,False,56.85,76.05,-19.2,True,56.85,-32.35,248,0.747,1.139,0.214,0.539,-1.765,-4.574,-5.113,-5.113,bullish,bullish
83284,1,2025-04-02 13:55:00,2025-04-02 14:00:00,23287.7,False,23254.75,23267.4,-12.65,18.8,53,28.45,0.41,18,-68.05,2.9,6.4,-1.45,False,7.15,11.2,-4.95,False,-9.4,11.2,-14.7,False,13.9,15.85,-14.7,False,19.75,26.8,-14.7,False,43.1,62.3,-14.7,True,43.1,62.3,-14.7,True,43.1,-46.1,249,-0.344,-0.616,-0.343,-3.125,-2.247,-3.93,-3.93,-3.93,bullish,bullish
83288,1,2025-04-02 14:15:00,2025-04-02 14:20:00,23293.1,False,23273.0,23268.81,4.19,18.32,57,28.45,0.445,14,-73.45,-1.5,1.65,-7.9,False,8.5,10.45,-7.9,False,10.8,12.8,-7.9,False,8.45,21.4,-7.9,False,34.05,56.9,-7.9,False,37.7,56.9,-7.9,True,37.7,56.9,-7.9,True,37.7,-51.5,249,-0.926,-2.545,-3.351,-5.162,-2.241,-3.349,-3.349,-3.349,bullish,bullish
83309,-1,2025-04-03 09:45:00,2025-04-03 09:50:00,23230.4,False,23280.8,23286.74,-5.94,31.8,6,35.1,0.344,396,342.4,-14.8,3.6,-18.05,False,-4.2,3.6,-21.9,False,-19.7,6.65,-21.9,False,-38.2,6.65,-52.05,False,-44.95,6.65,-76.1,False,-53.6,6.65,-76.1,False,-43.15,6.65,-76.1,False,-11.2,318.35,248,-0.921,-1.959,-0.102,-0.917,-2.347,-2.228,-6.492,-2.686,bullish,bullish
83319,-1,2025-04-03 10:35:00,2025-04-03 10:40:00,23288.9,False,23306.5,23280.39,26.11,26.95,16,35.1,0.601,386,400.9,1.15,9.45,-10.7,False,13.55,18.75,-10.7,False,11.2,18.9,-10.7,False,12.4,28.8,-10.7,False,15.45,40.0,-10.7,False,16.65,40.0,-10.7,False,40.15,44.45,-10.7,False,47.3,376.85,248,-0.62,-1.22,0.187,-2.031,-2.436,-7.943,-1.363,-1.56,bullish,bullish
83327,-1,2025-04-03 11:15:00,2025-04-03 11:20:00,23259.35,False,23292.75,23279.74,13.01,23.12,24,35.1,0.476,378,371.35,-9.85,10.45,-10.1,False,-12.75,10.45,-13.25,False,-10.25,10.45,-16.35,False,-24.65,10.45,-26.65,False,-18.0,10.45,-35.4,False,-1.15,10.45,-35.4,False,15.75,18.55,-35.4,False,17.75,347.3,248,1.083,-1.053,-1.429,2.046,-1.636,-3.739,0.475,1.588,bullish,bullish
83336,-1,2025-04-03 12:00:00,2025-04-03 12:05:00,23285.95,False,23294.75,23279.47,15.28,16.88,33,35.1,0.584,369,397.95,2.15,4.35,-3.4,False,12.45,13.1,-3.4,False,8.6,14.5,-3.4,False,18.65,29.65,-3.4,False,23.35,35.35,-3.4,False,22.75,35.35,-3.4,False,44.35,49.55,-3.4,True,44.35,373.9,248,-0.219,-2.018,-2.422,-5.225,-4.324,-2.547,0.801,0.801,bullish,bullish
83350,-1,2025-04-03 13:10:00,2025-04-03 13:15:00,23260.35,False,23272.85,23276.63,-3.78,13.48,47,35.1,0.469,355,372.35,-0.15,2.4,-6.6,False,2.55,4.55,-6.6,False,-8.0,5.4,-10.0,False,-4.3,5.4,-18.05,False,5.05,6.4,-18.05,False,7.3,19.55,-18.05,False,18.75,23.95,-18.05,True,18.75,348.3,248,0.974,1.399,1.155,1.767,2.957,4.737,6.301,6.301,bullish,bullish
83356,-1,2025-04-03 13:40:00,2025-04-03 13:45:00,23264.05,False,23278.4,23275.68,2.72,12.43,53,35.1,0.494,349,376.05,-9.5,1.9,-10.8,False,-0.75,1.9,-10.8,False,4.65,6.35,-10.8,False,8.75,10.1,-10.8,False,9.7,19.6,-10.8,False,22.45,27.65,-10.8,True,22.45,27.65,-10.8,True,22.45,352.0,248,0.712,0.774,0.834,1.173,5.025,4.518,4.518,4.518,bullish,bullish
83574,-1,2025-04-08 13:05:00,2025-04-08 13:10:00,22622.05,False,22671.3,22710.78,-39.48,49.11,271,35.1,0.772,131,-265.95,-44.35,1.55,-50.35,False,-32.05,1.55,-50.85,False,-38.65,1.55,-50.85,False,58.95,75.0,-75.15,False,46.5,160.3,-75.15,False,82.0,160.3,-75.15,False,74.85,160.3,-75.15,True,74.85,201.65,248,-0.392,0.534,0.958,0.251,2.776,1.279,5.861,5.861,bullish,bullish
83580,-1,2025-04-08 13:35:00,2025-04-08 13:40:00,22559.95,False,22697.2,22709.53,-12.33,51.2,277,35.1,0.518,125,-328.05,-27.25,31.25,-67.55,False,23.15,31.25,-67.55,False,72.9,98.2,-67.55,False,-15.6,98.2,-67.55,False,-6.95,98.2,-104.95,False,12.75,98.2,-104.95,True,12.75,98.2,-104.95,True,12.75,139.55,248,1.066,1.795,1.857,2.516,5.798,5.601,5.601,5.601,bullish,bullish
83591,-1,2025-04-08 14:30:00,2025-04-08 14:35:00,22601.2,False,22664.9,22704.83,-39.93,57.27,288,35.1,0.684,114,-286.8,34.3,44.85,-4.4,False,32.05,46.5,-4.4,False,47.95,56.6,-4.4,False,75.6,76.15,-4.4,False,54.0,84.05,-4.4,True,54.0,84.05,-4.4,True,54.0,84.05,-4.4,True,54.0,180.8,249,0.154,0.496,1.803,-0.547,-0.01,-0.01,-0.01,-0.01,bullish,bullish
83750,-1,2025-04-11 15:15:00,2025-04-11 15:20:00,22817.9,False,22840.15,22813.63,26.52,21.72,17,20.95,0.54,1,-26.6,-13.75,4.9,-15.05,False,-26.6,4.9,-37.65,False,-26.6,4.9,-37.65,True,-26.6,4.9,-37.65,True,-26.6,4.9,-37.65,True,-26.6,4.9,-37.65,True,-26.6,4.9,-37.65,True,-26.6,-526.2,248,-0.221,1.216,1.216,1.216,1.216,1.216,1.216,1.216,bullish,bullish
83850,1,2025-04-16 11:05:00,2025-04-16 11:10:00,23307.9,False,23273.05,23260.66,12.39,22.02,98,4.35,-0.156,5302,1481.45,10.95,11.4,-1.6,False,27.15,27.5,-1.6,False,25.9,27.5,-1.6,False,13.55,28.45,-1.6,False,35.0,36.55,-1.6,False,29.35,54.15,-1.6,False,129.85,131.3,-21.9,False,125.4,529.85,248,1.093,1.057,0.004,0.375,0.519,5.359,4.081,-0.501,bullish,bullish
83880,1,2025-04-16 13:35:00,2025-04-16 13:40:00,23299.6,False,23286.0,23276.35,9.65,16.42,128,4.35,-0.188,5272,1489.75,7.05,8.55,-1.2,False,1.05,8.55,-5.7,False,15.25,16.95,-5.7,False,101.45,120.95,-5.7,False,111.65,131.35,-5.7,False,133.7,152.6,-5.7,True,133.7,152.6,-5.7,True,133.7,538.15,248,-1.066,-1.795,-1.857,-2.516,-5.798,-5.601,-5.601,-5.601,bullish,bullish
83907,1,2025-04-17 09:35:00,2025-04-17 09:40:00,23345.0,False,23298.55,23294.63,3.92,26.05,155,4.35,-0.244,5245,1444.35,52.65,58.25,-1.5,False,77.3,87.05,-1.5,False,76.0,89.6,-1.5,False,13.05,89.6,-1.5,False,61.4,89.6,-3.95,False,213.0,229.5,-3.95,False,462.1,462.6,-3.95,False,492.75,776.2,248,-0.68,-3.02,-2.143,-2.525,-1.946,0.499,5.232,-0.378,bullish,bullish
83915,1,2025-04-17 10:15:00,2025-04-17 10:20:00,23359.8,False,23341.05,23298.98,42.07,28.83,163,4.35,-0.18,5237,1429.55,22.5,22.5,-17.5,False,31.9,46.25,-17.5,False,48.45,52.45,-17.5,False,80.35,81.6,-17.5,False,122.55,125.4,-17.5,False,289.65,298.3,-17.5,False,468.2,511.8,-17.5,False,477.95,761.4,248,1.499,0.532,0.235,1.433,3.331,4.997,4.933,1.773,bullish,bullish
84304,1,2025-04-25 11:25:00,2025-04-25 11:30:00,23911.95,False,23879.2,23857.23,21.97,42.47,552,4.35,-1.552,4848,877.4,-21.25,6.6,-21.75,False,10.3,11.25,-25.85,False,-8.55,15.3,-25.85,False,-39.45,15.3,-64.1,False,31.6,50.7,-64.1,False,124.8,159.2,-64.1,False,79.7,238.7,-64.1,False,79.7,400.95,248,0.384,-1.757,-2.711,-2.292,0.892,2.513,-2.633,-2.633,bullish,bullish
84311,1,2025-04-25 12:00:00,2025-04-25 12:05:00,23881.3,False,23847.85,23857.6,-9.75,36.54,559,4.35,-1.676,4841,908.05,13.35,16.8,-0.1,False,56.85,65.35,-0.1,False,69.3,81.35,-0.1,False,69.9,81.35,-0.1,False,145.65,166.65,-0.1,False,242.5,269.35,-0.1,False,110.35,269.35,-0.1,True,110.35,431.6,248,0.219,2.018,2.422,5.225,4.324,2.547,-0.801,-0.801,bullish,bullish
89095,1,2025-07-25 10:40:00,2025-07-25 10:45:00,24872.35,False,24844.45,24812.56,31.89,26.08,5343,4.35,-0.547,57,-83.0,2.55,3.2,-8.0,False,-10.05,7.85,-10.05,False,-2.1,7.85,-12.65,False,-3.85,19.25,-12.65,False,-6.9,44.5,-17.55,False,-7.65,44.5,-60.7,False,-40.2,44.5,-66.0,False,-40.15,-198.4,248,0.503,-0.905,-0.519,2.436,0.764,6.602,0.335,0.842,bearish,bullish
89103,1,2025-07-25 11:20:00,2025-07-25 11:25:00,24888.6,False,24854.8,24812.65,42.15,22.08,5351,4.35,-0.487,49,-99.25,-5.55,0.1,-12.55,False,-16.15,28.25,-20.8,False,-23.5,28.25,-28.85,False,-43.15,28.25,-57.75,False,-64.05,28.25,-76.95,False,-16.15,28.25,-76.95,False,-49.8,28.25,-82.25,False,-56.4,-214.65,248,2.151,2.527,0.386,-0.564,3.376,4.412,0.947,-0.49,bearish,bullish
89118,1,2025-07-25 12:35:00,2025-07-25 12:40:00,24870.5,False,24811.65,24812.75,-1.1,20.54,5366,4.35,-0.557,34,-81.15,-5.8,16.1,-14.95,False,2.5,16.1,-14.95,False,-14.6,16.1,-15.6,False,-14.6,16.1,-23.05,False,-19.0,16.1,-64.15,False,-25.25,16.1,-64.15,False,-38.3,16.1,-64.15,True,-38.3,-196.55,248,-0.635,-0.364,-1.026,-0.534,-0.784,-6.591,-6.394,-6.394,bearish,bullish
89127,1,2025-07-25 13:20:00,2025-07-25 13:25:00,24872.65,False,24847.35,24812.83,34.52,18.46,5375,4.35,-0.551,25,-83.3,-16.3,0.1,-16.35,False,-60.95,0.1,-66.3,False,-21.15,0.1,-66.3,False,2.05,7.4,-66.3,False,-19.95,7.4,-66.3,False,-33.85,7.4,-66.3,False,-40.45,7.4,-66.3,True,-40.45,-198.7,248,0.248,0.754,0.712,-1.155,-2.678,-3.461,-4.898,-4.898,bearish,bullish
89131,1,2025-07-25 13:40:00,2025-07-25 13:45:00,24863.35,False,24806.35,24812.86,-6.51,22.02,5379,4.35,-0.588,21,-74.0,2.45,7.0,-6.3,False,11.35,16.7,-6.3,False,11.05,16.7,-6.3,False,-24.0,16.7,-27.45,False,-31.2,16.7,-49.5,False,-31.15,16.7,-54.95,True,-31.15,16.7,-54.95,True,-31.15,-189.4,248,-0.712,-0.774,-0.834,-1.173,-5.025,-4.518,-4.518,-4.518,bearish,bullish
89139,1,2025-07-25 14:20:00,2025-07-25 14:25:00,24850.15,False,24835.9,24812.92,22.98,19.27,5387,4.35,-0.63,13,-60.8,-14.35,2.45,-36.3,False,-21.15,2.45,-36.3,False,-4.9,2.45,-36.3,False,-24.8,2.45,-36.3,False,-11.35,2.45,-41.75,False,-17.95,2.45,-41.75,True,-17.95,2.45,-41.75,True,-17.95,-176.2,249,-1.6,-2.407,-2.569,-2.903,-0.973,-2.405,-2.405,-2.405,bearish,bullish
89148,1,2025-07-25 15:05:00,2025-07-25 15:10:00,24848.0,False,24808.4,24812.95,-4.55,19.37,5396,4.35,-0.645,4,-58.65,-3.6,1.0,-7.0,False,-14.3,1.0,-15.5,False,-9.2,1.0,-15.5,False,-15.8,1.0,-24.95,True,-15.8,1.0,-24.95,True,-15.8,1.0,-24.95,True,-15.8,1.0,-24.95,True,-15.8,-174.05,248,-3.074,-3.526,-3.201,-4.638,-4.638,-4.638,-4.638,-4.638,bearish,bullish
89173,1,2025-07-28 10:55:00,2025-07-28 11:00:00,24826.85,False,24775.4,24821.78,-46.38,27.35,8,17.3,0.181,20,-55.1,-13.5,17.8,-15.1,False,-28.5,17.8,-29.8,False,-19.3,17.8,-29.8,False,-12.4,17.8,-29.8,False,-8.45,17.8,-47.4,False,-93.4,17.8,-111.7,False,-126.15,17.8,-180.25,False,-152.9,3.55,248,1.062,1.788,2.91,3.957,1.658,6.813,3.005,1.316,bearish,bullish
89178,1,2025-07-28 11:20:00,2025-07-28 11:25:00,24818.6,False,24797.05,24819.86,-22.81,24.4,13,17.3,0.145,15,-46.85,-4.15,4.2,-12.5,False,-0.8,4.55,-12.5,False,-5.8,6.0,-12.5,False,-14.45,6.0,-39.15,False,-32.25,6.0,-46.45,False,-122.5,6.0,-129.15,False,-142.45,6.0,-172.0,False,-144.65,11.8,248,2.151,2.527,0.386,-0.564,3.376,4.412,0.947,-0.49,bearish,bullish
89185,1,2025-07-28 11:55:00,2025-07-28 12:00:00,24818.4,False,24779.45,24817.38,-37.93,21.15,20,17.3,0.145,8,-46.65,-19.0,2.0,-20.95,False,-22.6,2.0,-27.1,False,-35.6,2.0,-39.45,False,-24.4,2.0,-46.25,False,-84.95,2.0,-103.25,False,-141.75,2.0,-157.3,False,-144.45,2.0,-171.8,True,-144.45,12.0,248,0.447,0.677,2.476,3.182,5.154,3.341,-0.343,-0.343,bearish,bullish
89191,1,2025-07-28 12:25:00,2025-07-28 12:30:00,24793.75,False,24772.15,24813.35,-41.2,19.24,26,17.3,0.047,2,-22.0,-0.45,0.9,-6.0,False,-7.35,4.6,-10.6,False,-22.0,4.6,-22.5,False,-60.3,4.6,-78.6,False,-107.0,4.6,-108.7,False,-121.05,4.6,-147.15,False,-119.8,4.6,-147.15,True,-119.8,36.65,248,2.494,2.85,2.227,1.964,1.613,-2.892,-3.533,-3.533,bearish,bullish
89210,-1,2025-07-28 14:00:00,2025-07-28 14:05:00,24670.2,False,24698.95,24732.82,-33.87,19.93,16,0.4,-0.451,60,-40.4,-10.0,6.05,-16.25,False,-4.85,23.6,-17.2,False,-8.95,23.6,-17.2,False,-9.85,23.6,-23.35,False,-22.35,23.6,-35.65,False,-3.75,23.6,-35.65,True,-3.75,23.6,-35.65,True,-3.75,-160.2,249,0.273,0.0,0.188,3.588,3.049,3.586,3.586,3.586,bearish,bullish
89215,-1,2025-07-28 14:25:00,2025-07-28 14:30:00,24671.9,False,24693.55,24723.77,-30.22,20.77,21,0.4,-0.443,55,-38.7,-8.15,1.7,-12.4,False,-24.05,1.7,-25.1,False,-31.85,1.7,-33.95,False,-28.8,1.7,-33.95,False,-2.05,2.3,-33.95,False,-2.05,2.3,-33.95,True,-2.05,2.3,-33.95,True,-2.05,-158.5,249,0.832,0.994,1.336,-0.851,0.831,0.831,0.831,0.831,bearish,bullish
89219,-1,2025-07-28 14:45:00,2025-07-28 14:50:00,24680.35,False,24705.85,24719.74,-13.89,19.94,25,0.4,-0.411,51,-30.25,-7.1,2.6,-15.75,False,-20.35,2.6,-21.8,False,-12.2,8.15,-23.4,False,-1.0,10.75,-23.4,False,6.4,10.75,-23.4,True,6.4,10.75,-23.4,True,6.4,10.75,-23.4,True,6.4,-150.05,248,-1.249,-3.438,-2.289,-2.862,-1.749,-1.749,-1.749,-1.749,bearish,bullish
89229,-1,2025-07-29 09:20:00,2025-07-29 09:25:00,24663.05,False,24703.75,24710.79,-7.04,24.7,35,0.4,0.219,41,-47.55,-47.35,0.25,-49.1,False,-33.35,0.25,-49.55,False,-21.6,0.25,-49.55,False,-60.05,0.25,-60.05,False,9.25,13.25,-64.1,False,-34.45,48.75,-64.1,False,-65.75,48.75,-79.65,False,-167.35,-181.5,248,-0.008,-1.051,-0.765,1.331,-0.161,-0.94,-5.337,-0.435,bearish,bullish
89239,-1,2025-07-29 10:10:00,2025-07-29 10:15:00,24665.15,False,24727.15,24708.25,18.9,27.14,45,0.4,0.223,31,-45.45,7.1,10.7,-5.75,False,11.35,15.35,-5.75,False,32.25,37.1,-5.75,False,22.55,37.1,-5.75,False,6.55,50.85,-5.75,False,-29.9,50.85,-40.3,False,-133.2,50.85,-145.15,False,-165.25,-179.4,248,-1.012,-2.507,-1.54,-1.841,-4.375,-5.601,-6.125,-2.781,bearish,bullish
89257,-1,2025-07-29 11:40:00,2025-07-29 11:45:00,24676.95,False,24705.45,24695.76,9.69,21.64,63,0.4,0.267,13,-33.65,1.35,11.15,-5.9,False,2.6,11.15,-11.85,False,3.7,11.15,-11.85,False,-18.1,14.0,-25.2,False,-21.0,14.0,-38.95,False,-81.9,14.0,-88.5,False,-153.45,14.0,-170.2,True,-153.45,-167.6,248,0.372,-0.013,-0.428,-2.906,-5.846,-4.621,-0.086,-0.086,bearish,bullish
89322,1,2025-07-30 10:50:00,2025-07-30 10:55:00,24818.9,False,24771.95,24784.59,-12.64,23.32,51,5.15,-0.287,55,-138.6,-1.7,3.9,-4.7,False,-2.6,11.45,-9.35,False,0.0,11.45,-9.6,False,60.25,66.4,-9.6,False,55.4,83.4,-9.6,False,52.9,83.4,-9.6,False,48.85,83.4,-9.6,False,25.65,-53.3,248,0.404,1.511,2.237,2.27,1.691,7.133,1.265,1.765,bearish,bullish
89355,1,2025-07-30 13:35:00,2025-07-30 13:40:00,24859.35,False,24831.6,24810.91,20.69,16.69,84,5.15,-0.124,22,-179.05,3.45,6.7,-2.15,False,-1.65,8.55,-3.35,False,1.8,8.55,-9.8,False,2.75,15.55,-13.45,False,22.15,31.35,-13.45,False,-14.8,31.35,-18.6,True,-14.8,31.35,-18.6,True,-14.8,-93.75,248,-1.066,-1.795,-1.857,-2.516,-5.798,-5.601,-5.601,-5.601,bearish,bullish
89401,-1,2025-07-31 11:10:00,2025-07-31 11:15:00,24746.95,False,24776.55,24750.37,26.18,25.52,23,91.65,0.426,1,-41.0,-10.2,4.9,-10.7,False,-41.0,4.9,-41.0,False,-35.0,4.9,-58.3,False,-66.95,4.9,-73.25,False,-72.4,4.9,-75.45,False,-153.2,4.9,-181.5,False,-15.5,4.9,-209.55,False,-18.65,174.8,248,0.106,1.159,-0.977,1.743,-1.155,-4.588,0.1,1.665,bearish,bullish
89498,-1,2025-08-01 13:00:00,2025-08-01 13:05:00,24640.2,False,24655.85,24686.08,-30.23,21.05,23,13.95,-0.386,50,-21.2,-12.5,0.95,-26.75,False,-15.2,0.95,-26.75,False,-11.15,0.95,-26.75,False,-31.3,0.95,-52.45,False,-4.4,24.6,-52.45,False,44.35,46.5,-52.45,False,68.05,105.15,-52.45,True,68.05,-86.7,248,-0.747,-1.139,-0.214,-0.539,1.765,4.574,5.113,5.113,flat,bullish
89505,-1,2025-08-01 13:35:00,2025-08-01 13:40:00,24638.9,False,24692.65,24681.02,11.63,23.54,30,13.95,-0.399,43,-22.5,-29.7,0.3,-32.85,False,-26.6,0.3,-33.55,False,-19.75,0.3,-33.55,False,-5.85,2.0,-33.55,False,10.2,35.3,-33.55,False,66.75,103.85,-33.55,True,66.75,103.85,-33.55,True,66.75,-88.0,248,1.066,1.795,1.857,2.516,5.798,5.601,5.601,5.601,flat,bullish
89533,-1,2025-08-04 09:40:00,2025-08-04 09:45:00,24598.15,False,24669.95,24656.62,13.33,28.59,58,13.95,0.008,15,-63.25,-6.25,44.15,-7.65,False,-8.85,44.15,-48.2,False,-9.95,44.15,-48.2,False,-26.15,44.15,-48.2,False,-43.5,44.15,-57.85,False,-71.2,44.15,-85.8,False,-103.55,44.15,-124.1,False,-128.75,-51.35,248,2.264,1.387,0.348,2.433,0.561,-0.301,-4.913,-0.379,flat,bullish
89542,-1,2025-08-04 10:25:00,2025-08-04 10:30:00,24618.5,False,24652.3,24652.19,0.11,28.4,67,13.95,0.091,6,-42.9,-17.95,0.05,-21.55,False,-32.2,0.05,-34.3,False,-23.15,0.05,-37.5,False,-6.75,14.95,-37.5,False,-47.95,14.95,-64.25,False,-76.1,14.95,-78.3,False,-103.3,14.95,-116.15,False,-108.4,-31.0,248,0.278,0.308,-0.32,0.101,-3.902,-4.785,-1.901,-1.26,flat,bullish
89546,-1,2025-08-04 10:45:00,2025-08-04 10:50:00,24612.6,False,24656.0,24651.39,4.61,26.59,71,13.95,0.068,2,-48.8,-13.25,9.05,-18.25,False,-12.65,9.05,-19.5,False,-48.8,9.05,-50.55,False,-55.35,9.05,-64.75,False,-60.0,9.05,-71.35,False,-81.45,9.05,-108.35,False,-103.55,9.05,-122.05,False,-114.3,-36.9,248,1.401,1.015,-0.093,-1.904,0.112,-6.376,1.474,-0.346,flat,bullish
89559,1,2025-08-04 11:50:00,2025-08-04 11:55:00,24676.35,False,24632.55,24651.7,-19.15,21.91,10,5.4,0.324,47,-42.9,3.1,8.3,-6.25,False,-5.65,8.3,-16.8,False,-7.4,8.3,-16.8,False,-6.35,8.3,-16.8,False,15.85,44.6,-16.8,False,42.85,58.3,-32.25,False,50.55,59.9,-32.25,True,50.55,-26.85,248,0.415,0.864,1.094,3.94,5.442,3.817,0.074,0.074,flat,bullish
89566,1,2025-08-04 12:25:00,2025-08-04 12:30:00,24694.95,False,24667.3,24658.54,8.76,19.81,17,5.4,0.401,40,-61.5,-0.85,4.45,-3.9,False,22.35,24.9,-3.9,False,-2.55,26.0,-5.3,False,10.75,26.0,-8.2,False,-26.15,27.3,-50.85,False,26.85,39.7,-50.85,False,31.95,41.3,-50.85,True,31.95,-45.45,248,2.494,2.85,2.227,1.964,1.613,-2.892,-3.533,-3.533,flat,bullish
89581,1,2025-08-04 13:40:00,2025-08-04 13:45:00,24701.35,False,24644.1,24672.74,-28.64,19.62,32,5.4,0.43,25,-67.9,18.15,33.3,-0.65,False,17.85,33.3,-0.65,False,17.3,33.3,-0.65,False,18.1,33.3,-19.15,False,-2.05,33.3,-19.15,False,25.55,34.9,-19.15,True,25.55,34.9,-19.15,True,25.55,-51.85,248,-0.712,-0.774,-0.834,-1.173,-5.025,-4.518,-4.518,-4.518,flat,bullish
89591,1,2025-08-04 14:30:00,2025-08-04 14:35:00,24729.55,False,24682.2,24681.72,0.48,18.14,42,5.4,0.545,15,-96.1,-10.65,1.05,-21.3,False,-30.25,1.05,-30.25,False,-13.4,1.05,-40.45,False,-10.15,1.05,-40.45,False,-2.65,6.7,-40.45,True,-2.65,6.7,-40.45,True,-2.65,6.7,-40.45,True,-2.65,-80.05,249,-0.154,-0.496,-1.803,0.547,0.01,0.01,0.01,0.01,flat,bullish
89595,1,2025-08-04 14:50:00,2025-08-04 14:55:00,24727.95,False,24689.1,24684.18,4.92,19.35,46,5.4,0.534,11,-94.5,-2.2,1.7,-9.4,False,-8.55,1.7,-26.25,False,-2.7,1.7,-26.25,False,2.3,6.2,-26.25,False,-1.05,8.3,-26.25,True,-1.05,8.3,-26.25,True,-1.05,8.3,-26.25,True,-1.05,-78.45,248,2.2,1.05,5.093,1.948,0.511,0.511,0.511,0.511,flat,bullish
89618,-1,2025-08-05 10:30:00,2025-08-05 10:35:00,24613.25,False,24644.7,24644.38,0.32,22.33,11,10.65,-0.432,9,-31.9,-17.2,3.3,-20.15,False,-2.6,16.4,-20.15,False,2.25,16.4,-20.15,False,-10.8,16.4,-20.15,False,-6.1,16.4,-33.35,False,-28.35,16.4,-55.45,False,-1.45,21.25,-55.45,False,-36.25,43.65,248,0.034,-0.595,-1.195,-1.281,-4.552,-7.561,-1.402,-1.535,flat,bullish
89625,-1,2025-08-05 11:05:00,2025-08-05 11:10:00,24607.35,False,24633.4,24636.81,-3.41,20.6,18,10.65,-0.456,2,-37.8,-27.65,3.2,-27.65,False,-33.2,3.2,-34.8,False,-37.8,3.2,-37.8,False,-21.8,3.2,-39.25,False,-22.35,3.2,-39.25,False,-19.05,3.2,-61.35,False,-50.9,17.05,-61.35,False,-42.15,37.75,248,-1.093,-1.057,-0.004,-0.375,-0.519,-5.359,-4.081,0.501,flat,bullish
89637,1,2025-08-05 12:05:00,2025-08-05 12:10:00,24629.85,False,24615.7,24630.11,-14.41,16.33,9,0.45,-0.366,14,-26.35,28.25,38.85,-2.0,False,29.6,38.85,-2.0,False,32.15,38.85,-2.0,False,17.45,38.85,-8.9,False,-3.45,38.85,-8.9,False,-28.15,38.85,-37.85,False,19.65,41.3,-39.55,True,19.65,-60.25,248,1.811,2.216,2.858,5.375,4.852,2.076,-1.008,-1.008,flat,bullish
89661,-1,2025-08-05 14:05:00,2025-08-05 14:10:00,24601.4,False,24629.05,24629.45,-0.4,15.75,9,12.2,-0.48,164,-29.15,-10.85,3.15,-12.9,False,-18.05,3.15,-19.2,False,-6.3,3.15,-19.2,False,-27.8,6.8,-30.45,False,-56.85,11.1,-57.5,False,-48.1,11.1,-69.75,True,-48.1,11.1,-69.75,True,-48.1,31.8,249,-0.232,-0.044,0.93,3.518,-1.209,3.354,3.354,3.354,flat,bullish
89677,-1,2025-08-05 15:25:00,2025-08-06 09:15:00,24641.35,True,24671.15,24628.58,42.57,19.77,25,12.2,-0.286,148,10.8,-11.0,7.0,-24.0,False,-21.2,7.0,-30.05,False,-9.95,7.0,-30.05,False,20.3,25.2,-30.05,False,35.95,61.65,-30.05,False,80.25,97.2,-30.05,False,23.25,97.2,-30.05,False,71.75,14.7,0,,,,,,,,,flat,bullish
89718,-1,2025-08-06 12:35:00,2025-08-06 12:40:00,24597.8,False,24633.6,24611.79,21.81,18.75,66,12.2,-0.177,107,-32.75,-2.3,2.25,-5.5,False,-6.15,2.25,-12.85,False,8.2,14.55,-12.85,False,-10.25,14.55,-18.55,False,-28.8,14.55,-31.0,False,37.45,58.6,-31.0,False,28.2,58.6,-31.0,True,28.2,-28.85,248,0.635,0.364,1.026,0.534,0.784,6.591,6.394,6.394,flat,bullish
89721,-1,2025-08-06 12:50:00,2025-08-06 12:55:00,24589.45,False,24610.65,24611.33,-0.68,17.72,69,12.2,-0.21,104,-41.1,-18.55,0.65,-18.7,False,-23.15,0.65,-26.9,False,-18.6,0.65,-26.9,False,-20.4,0.65,-31.25,False,-10.2,4.95,-39.35,False,10.4,50.25,-39.35,False,19.85,50.25,-39.35,True,19.85,-37.2,248,-0.101,0.27,-0.464,0.493,1.652,5.896,5.396,5.396,flat,bullish
89732,-1,2025-08-06 13:45:00,2025-08-06 13:50:00,24605.45,False,24628.8,24611.5,17.3,17.0,80,12.2,-0.143,93,-25.1,5.8,10.1,-1.45,False,7.35,10.1,-1.45,False,16.4,18.9,-1.45,False,16.65,27.0,-1.45,False,39.55,66.25,-1.45,False,35.85,66.25,-1.45,True,35.85,66.25,-1.45,True,35.85,-21.2,249,0.096,0.186,0.512,0.699,5.91,4.097,4.097,4.097,flat,bullish
89752,-1,2025-08-06 15:25:00,2025-08-07 09:15:00,24464.2,True,24585.75,24605.79,-20.04,15.18,100,12.2,-0.291,73,-166.35,-55.25,4.15,-64.75,False,-40.25,4.15,-69.55,False,-61.65,4.15,-69.55,False,-40.35,4.15,-78.7,False,-11.85,4.15,-78.7,False,52.6,76.65,-78.7,False,61.05,76.65,-78.7,False,-162.45,113.35,0,,,,,,,,,flat,bullish
89840,1,2025-08-08 10:15:00,2025-08-08 10:20:00,24457.15,False,24437.55,24485.61,-48.06,25.24,14,1.75,-0.354,3,-22.65,10.25,11.1,-14.0,False,10.45,24.1,-14.0,False,-12.85,24.1,-21.7,False,-30.4,24.1,-33.7,False,-6.9,24.1,-48.85,False,-37.75,24.1,-54.9,False,-24.65,24.2,-69.0,False,-106.3,105.0,248,1.499,0.532,0.235,1.433,3.331,4.997,4.933,1.773,flat,bullish
89856,-1,2025-08-08 11:35:00,2025-08-08 11:40:00,24428.05,False,24452.75,24437.99,14.76,20.23,12,3.05,-0.473,13,-20.25,-3.75,5.75,-6.05,False,-6.0,5.75,-13.65,False,-14.5,5.75,-18.4,False,12.6,25.8,-18.4,False,-1.25,25.8,-18.4,False,-29.3,25.8,-53.3,False,77.2,90.55,-53.3,True,77.2,-134.1,248,0.965,1.344,0.96,-0.134,-5.497,-4.724,0.886,0.886,flat,bullish
89861,-1,2025-08-08 12:00:00,2025-08-08 12:05:00,24405.1,False,24446.45,24436.01,10.44,20.6,17,3.05,-0.57,8,-43.2,-10.35,2.85,-12.6,False,-17.95,2.85,-18.45,False,-14.3,2.85,-18.9,False,-30.7,2.85,-36.8,False,-41.6,2.85,-76.25,False,-28.6,2.85,-76.25,False,54.25,67.6,-76.25,True,54.25,-157.05,248,-0.219,-2.018,-2.422,-5.225,-4.324,-2.547,0.801,0.801,flat,bullish
89868,-1,2025-08-08 12:35:00,2025-08-08 12:40:00,24428.75,False,24441.9,24432.74,9.16,18.23,24,3.05,-0.468,1,-19.55,-8.0,2.4,-11.75,False,-19.55,2.4,-19.6,False,-41.05,2.4,-41.05,False,-8.25,9.2,-52.6,False,-28.6,10.9,-52.6,False,17.7,46.05,-52.6,False,77.9,91.25,-52.6,True,77.9,-133.4,248,0.635,0.364,1.026,0.534,0.784,6.591,6.394,6.394,flat,bullish
89879,1,2025-08-08 13:30:00,2025-08-08 13:35:00,24450.1,False,24417.85,24435.71,-17.86,20.07,9,6.4,-0.379,7,-37.05,7.25,11.05,-6.45,False,7.65,13.4,-6.45,False,-19.15,13.4,-31.8,False,-16.4,13.4,-31.8,False,-45.55,13.4,-67.4,False,-99.25,13.4,-112.6,True,-99.25,13.4,-112.6,True,-99.25,112.05,248,-0.016,-1.091,-1.82,-2.277,-5.759,-5.625,-5.625,-5.625,flat,bullish
89890,-1,2025-08-08 14:25:00,2025-08-08 14:30:00,24401.45,False,24434.85,24428.11,6.74,21.42,3,4.8,-0.582,25,-32.25,-3.1,18.75,-7.45,False,-9.6,18.75,-13.6,False,-16.95,18.75,-23.45,False,-5.7,18.75,-23.45,False,50.6,63.95,-23.45,False,50.6,63.95,-23.45,True,50.6,63.95,-23.45,True,50.6,-160.7,249,0.832,0.994,1.336,-0.851,0.831,0.831,0.831,0.831,flat,bullish
89896,-1,2025-08-08 14:55:00,2025-08-08 15:00:00,24406.8,False,24424.9,24421.02,3.88,18.95,9,4.8,-0.559,19,-26.9,10.3,23.55,-0.55,False,31.1,31.1,-0.55,False,57.6,69.3,-0.55,False,55.95,69.3,-0.55,False,55.95,69.3,-0.55,True,55.95,69.3,-0.55,True,55.95,69.3,-0.55,True,55.95,-155.35,248,1.583,-2.459,0.558,2.123,2.123,2.123,2.123,2.123,flat,bullish
89907,-1,2025-08-11 09:35:00,2025-08-11 09:40:00,24376.05,False,24428.4,24404.16,24.24,27.22,20,4.8,0.022,8,-57.65,-5.2,8.6,-14.0,False,19.2,19.9,-14.0,False,-19.45,19.9,-20.3,False,-27.1,19.9,-39.6,False,-82.05,19.9,-83.95,False,-52.55,19.9,-99.15,False,-128.15,19.9,-131.35,False,-186.1,-109.8,248,0.68,3.02,2.143,2.525,1.946,-0.499,-5.232,0.378,flat,bullish
89927,1,2025-08-11 11:15:00,2025-08-11 11:20:00,24460.95,False,24425.35,24429.56,-4.21,21.8,11,5.3,0.37,4,-43.55,9.2,14.25,-2.05,False,1.0,14.25,-2.05,False,-16.45,14.25,-17.3,False,-46.8,14.25,-51.3,False,-23.4,14.25,-58.85,False,12.25,46.45,-58.85,False,113.35,139.9,-58.85,False,101.2,24.9,248,-1.083,1.053,1.429,-2.046,1.636,3.739,-0.475,-1.588,flat,bullish
89942,-1,2025-08-11 12:30:00,2025-08-11 12:35:00,24431.8,False,24453.9,24436.76,17.14,18.23,10,7.95,0.246,0,-23.85,-23.85,1.5,-24.9,False,-28.85,1.5,-31.55,False,-31.05,1.5,-35.0,False,-50.65,1.5,-75.6,False,-64.6,1.5,-75.6,False,-137.25,1.5,-141.2,False,-130.35,1.5,-169.05,True,-130.35,-54.05,248,-0.34,0.284,0.013,0.918,0.391,6.177,6.043,6.043,flat,bullish
89953,1,2025-08-11 13:25:00,2025-08-11 13:30:00,24485.85,False,24463.6,24454.33,9.27,17.95,10,1.75,0.467,83,56.8,10.55,13.1,-3.5,False,18.35,19.7,-3.5,False,19.8,23.05,-3.5,False,34.8,36.65,-3.5,False,56.9,60.45,-3.5,False,76.3,115.0,-3.5,False,76.3,115.0,-3.5,True,76.3,0.0,248,0.497,0.454,-0.621,-1.472,-4.515,-5.156,-5.156,-5.156,flat,bullish
89979,1,2025-08-12 09:20:00,2025-08-12 09:25:00,24609.9,False,24530.75,24508.62,22.13,22.31,36,1.75,0.191,57,-67.25,9.35,18.0,-1.9,False,23.3,31.15,-2.85,False,17.65,31.15,-2.85,False,58.45,59.0,-2.85,False,47.85,92.7,-2.85,False,-36.35,92.7,-77.2,False,-30.4,92.7,-78.45,False,-124.05,20.5,248,0.008,1.051,0.765,-1.331,0.161,0.94,5.337,0.435,flat,bullish
90002,1,2025-08-12 11:15:00,2025-08-12 11:20:00,24580.05,False,24532.7,24545.71,-13.01,27.18,59,1.75,0.069,34,-37.4,-6.5,4.1,-9.15,False,-23.35,4.1,-29.0,False,-20.75,4.1,-29.0,False,-34.1,4.1,-36.5,False,19.3,19.3,-48.6,False,-3.3,60.3,-48.6,False,-89.95,60.3,-114.4,False,-94.2,50.35,248,-1.083,1.053,1.429,-2.046,1.636,3.739,-0.475,-1.588,flat,bullish
90023,1,2025-08-12 13:00:00,2025-08-12 13:05:00,24613.65,False,24590.0,24554.66,35.34,22.36,80,1.75,0.207,13,-71.0,-6.55,1.7,-13.5,False,-16.45,1.7,-17.0,False,-36.9,1.7,-41.2,False,-47.95,1.7,-64.15,False,-52.15,1.7,-64.15,False,-142.9,1.7,-148.0,False,-127.8,1.7,-148.0,True,-127.8,16.75,248,0.747,1.139,0.214,0.539,-1.765,-4.574,-5.113,-5.113,flat,bullish
90034,1,2025-08-12 13:55:00,2025-08-12 14:00:00,24603.7,False,24549.5,24557.4,-7.9,20.73,91,1.75,0.164,2,-61.05,-42.2,2.45,-42.6,False,-51.45,2.45,-51.45,False,-61.05,2.45,-68.85,False,-58.8,2.45,-81.4,False,-103.95,2.45,-122.2,False,-117.85,2.45,-138.05,True,-117.85,2.45,-138.05,True,-117.85,26.7,249,-0.344,-0.616,-0.343,-3.125,-2.247,-3.93,-3.93,-3.93,flat,bullish
90067,1,2025-08-13 10:25:00,2025-08-13 10:30:00,24591.3,False,24570.9,24582.35,-11.45,24.61,5,1.25,0.024,3,-23.05,-9.9,2.7,-10.95,False,-16.8,2.7,-17.65,False,-18.6,2.7,-21.0,False,-3.6,2.7,-36.9,False,-18.7,10.6,-36.9,False,3.55,17.95,-52.4,False,42.25,73.25,-52.4,False,39.1,24.75,248,-0.278,-0.308,0.32,-0.101,3.902,4.785,1.901,1.26,flat,bullish
90076,-1,2025-08-13 11:10:00,2025-08-13 11:15:00,24583.85,False,24601.9,24584.42,17.48,19.93,5,2.65,-0.013,13,-8.85,-7.7,1.45,-11.5,False,0.8,6.3,-11.5,False,11.25,13.7,-11.5,False,16.75,18.5,-11.5,False,5.65,44.95,-11.5,False,-37.9,44.95,-54.2,False,-30.9,44.95,-80.7,False,-46.55,-32.2,248,0.106,1.159,-0.977,1.743,-1.155,-4.588,0.1,1.665,flat,bullish
90079,-1,2025-08-13 11:25:00,2025-08-13 11:30:00,24572.5,False,24595.35,24584.27,11.08,18.9,8,2.65,-0.055,10,-20.2,-5.75,0.1,-7.85,False,-1.55,0.1,-13.6,False,5.4,7.15,-13.6,False,20.15,20.35,-13.6,False,-22.35,33.6,-36.75,False,-42.65,33.6,-65.55,False,-57.9,33.6,-92.05,False,-57.9,-43.55,248,-0.384,1.757,2.711,2.292,-0.892,-2.513,2.633,2.633,flat,bullish
90085,-1,2025-08-13 11:55:00,2025-08-13 12:00:00,24552.7,False,24583.2,24581.29,1.91,17.53,14,2.65,-0.138,4,-40.0,-4.15,13.8,-7.9,False,-14.35,13.8,-17.95,False,-25.5,13.8,-28.55,False,-42.15,13.8,-56.55,False,-72.75,13.8,-76.3,False,-96.15,13.8,-101.25,False,-77.7,13.8,-111.85,True,-77.7,-63.35,248,-0.447,-0.677,-2.476,-3.182,-5.154,-3.341,0.343,0.343,flat,bullish
90105,1,2025-08-13 13:35:00,2025-08-13 13:40:00,24627.4,False,24594.65,24606.27,-11.62,16.6,15,9.5,0.169,18,-12.65,1.15,5.45,-17.8,False,16.9,16.9,-17.8,False,21.0,26.2,-17.8,False,21.85,37.15,-17.8,False,12.25,37.15,-17.8,False,3.0,37.15,-17.8,True,3.0,37.15,-17.8,True,3.0,-11.35,248,-1.066,-1.795,-1.857,-2.516,-5.798,-5.601,-5.601,-5.601,flat,bullish
90119,1,2025-08-13 14:45:00,2025-08-13 14:50:00,24648.0,False,24617.85,24621.6,-3.75,16.46,29,9.5,0.253,4,-33.25,-0.05,6.05,-12.05,False,-3.8,6.05,-12.05,False,-23.9,6.05,-24.55,False,-30.55,6.05,-36.35,False,-17.6,6.05,-37.85,True,-17.6,6.05,-37.85,True,-17.6,6.05,-37.85,True,-17.6,-31.95,248,1.249,3.438,2.289,2.862,1.749,1.749,1.749,1.749,flat,bullish
90141,1,2025-08-14 10:20:00,2025-08-14 10:25:00,24649.55,False,24618.0,24636.48,-18.48,21.23,8,3.5,0.17,15,-30.95,8.3,24.1,-1.75,False,16.25,24.1,-1.75,False,5.8,24.1,-2.9,False,-4.9,24.1,-14.0,False,-9.85,24.1,-20.2,False,-7.6,24.1,-45.85,False,-27.1,24.1,-45.85,False,-33.5,234.5,248,-0.853,-1.15,-1.18,-1.359,0.894,4.254,2.608,0.388,flat,bullish
90149,1,2025-08-14 11:00:00,2025-08-14 11:05:00,24659.7,False,24629.35,24642.34,-12.99,20.77,16,3.5,0.214,7,-41.1,-4.2,0.1,-9.85,False,-13.2,0.1,-17.5,False,-9.6,0.1,-17.5,False,-25.8,0.1,-31.2,False,-29.25,0.1,-56.0,False,-3.85,5.85,-56.0,False,-22.6,5.85,-62.8,False,-43.65,224.35,248,0.71,1.832,1.797,3.256,1.028,5.364,0.778,0.239,flat,bullish
90163,-1,2025-08-14 12:10:00,2025-08-14 12:15:00,24630.6,False,24653.0,24636.64,16.36,17.49,6,10.75,0.091,8,-32.35,-1.6,2.85,-8.2,False,-11.35,2.85,-12.35,False,-11.55,2.85,-22.8,False,-9.7,2.85,-24.0,False,-21.7,2.85,-34.95,False,-7.1,4.2,-34.95,False,14.55,33.7,-34.95,True,14.55,-253.45,248,-0.339,-0.981,-0.64,-2.875,-3.368,-0.459,2.885,2.885,flat,bullish
90169,-1,2025-08-14 12:40:00,2025-08-14 12:45:00,24640.5,False,24654.6,24638.27,16.33,16.51,12,10.75,0.134,2,-22.45,-1.55,8.2,-2.05,False,-10.35,8.2,-10.95,False,-22.45,8.2,-25.05,False,-11.8,8.2,-25.05,False,-10.7,14.1,-25.05,False,14.6,43.6,-25.05,False,24.45,43.6,-25.05,True,24.45,-243.55,248,-0.306,0.356,0.228,-0.528,1.19,6.232,5.724,5.724,flat,bullish
90180,1,2025-08-14 13:35:00,2025-08-14 13:40:00,24647.05,False,24626.4,24646.28,-19.88,15.13,8,8.35,0.164,7,-21.3,4.15,6.25,-5.4,False,-3.15,6.25,-6.2,False,1.55,14.9,-6.2,False,-0.9,14.9,-15.7,False,-16.1,14.9,-50.15,False,-31.0,16.25,-50.15,True,-31.0,16.25,-50.15,True,-31.0,237.0,248,-1.066,-1.795,-1.857,-2.516,-5.798,-5.601,-5.601,-5.601,flat,bullish
90197,-1,2025-08-14 15:00:00,2025-08-14 15:05:00,24637.1,False,24663.3,24637.52,25.78,18.08,9,0.65,0.121,5,-306.2,-0.7,3.6,-6.35,False,6.8,7.1,-6.35,False,8.85,14.95,-6.35,False,21.05,29.85,-6.35,True,21.05,29.85,-6.35,True,21.05,29.85,-6.35,True,21.05,29.85,-6.35,True,21.05,-246.95,248,-4.025,-1.008,-0.556,0.557,0.557,0.557,0.557,0.557,flat,bullish
90240,1,2025-08-18 12:20:00,2025-08-18 12:25:00,24891.25,False,24852.85,24881.18,-28.33,19.53,37,280.0,-0.189,31,-8.4,3.25,7.95,0.0,False,-6.3,7.95,-8.6,False,-10.05,7.95,-14.8,False,30.65,40.35,-14.8,False,44.1,68.0,-14.8,False,35.5,68.0,-14.8,False,-7.2,68.0,-24.35,True,-7.2,98.45,248,-0.387,2.114,2.471,1.456,0.99,-1.692,-3.912,-3.912,flat,bullish
90244,1,2025-08-18 12:40:00,2025-08-18 12:45:00,24905.75,False,24876.45,24881.88,-5.43,18.52,41,280.0,-0.132,27,-22.9,5.2,10.25,-1.65,False,16.15,25.85,-1.65,False,24.2,36.45,-1.65,False,42.1,47.9,-1.65,False,26.75,53.5,-1.65,False,8.25,53.5,-13.35,False,-21.7,53.5,-38.85,True,-21.7,83.95,248,0.306,-0.356,-0.228,0.528,-1.19,-6.232,-5.724,-5.724,flat,bullish
90256,1,2025-08-18 13:40:00,2025-08-18 13:45:00,24932.3,False,24915.75,24891.04,24.71,16.67,53,280.0,-0.023,15,-49.45,-8.05,0.7,-10.3,False,-5.15,0.7,-10.95,False,-12.6,0.7,-23.3,False,-1.7,7.2,-39.9,False,-18.3,11.5,-39.9,False,-48.25,11.5,-65.4,True,-48.25,11.5,-65.4,True,-48.25,57.4,248,-0.712,-0.774,-0.834,-1.173,-5.025,-4.518,-4.518,-4.518,flat,bullish
90261,1,2025-08-18 14:05:00,2025-08-18 14:10:00,24926.65,False,24892.4,24893.15,-0.75,16.58,58,280.0,-0.044,10,-43.8,3.95,12.85,-1.0,False,-0.5,12.85,-2.8,False,0.1,12.85,-5.0,False,-7.65,17.15,-20.7,False,-48.95,17.15,-51.0,False,-42.6,17.15,-59.75,True,-42.6,17.15,-59.75,True,-42.6,63.05,249,0.232,0.044,-0.93,-3.518,1.209,-3.354,-3.354,-3.354,flat,bullish
90281,-1,2025-08-19 09:30:00,2025-08-19 09:35:00,24908.7,False,24936.45,24902.44,34.01,20.36,9,9.55,0.065,14,-19.65,16.35,18.85,0.0,False,28.45,30.55,0.0,False,14.35,34.75,0.0,False,6.8,34.75,-7.95,False,-12.7,34.75,-18.8,False,-30.25,34.75,-42.25,False,-62.0,34.75,-103.95,False,-81.0,-138.45,248,0.286,0.918,3.258,3.2,2.154,-2.401,-5.036,0.616,flat,bullish
90292,-1,2025-08-19 10:25:00,2025-08-19 10:30:00,24911.55,False,24927.5,24903.78,23.72,18.44,20,9.55,0.084,3,-16.8,-9.85,2.0,-13.3,False,0.4,9.35,-13.3,False,-11.4,9.35,-13.3,False,-13.25,9.35,-21.4,False,-23.2,9.35,-31.95,False,-81.25,9.35,-101.1,False,-63.1,9.35,-101.1,False,-78.15,-135.6,248,0.278,0.308,-0.32,0.101,-3.902,-4.785,-1.901,-1.26,flat,bullish
90339,1,2025-08-19 14:20:00,2025-08-19 14:25:00,24963.0,False,24919.4,24951.44,-32.04,17.0,43,0.85,0.287,13,-19.3,11.65,18.3,-1.3,False,16.55,18.35,-1.3,False,24.5,32.4,-1.3,False,5.45,32.4,-12.65,False,29.8,32.4,-12.65,False,26.7,32.65,-12.65,True,26.7,32.65,-12.65,True,26.7,84.15,249,-1.6,-2.407,-2.569,-2.903,-0.973,-2.405,-2.405,-2.405,flat,bullish
90347,1,2025-08-19 15:00:00,2025-08-19 15:05:00,24975.2,False,24950.35,24954.3,-3.95,16.91,51,0.85,0.336,5,-31.5,-1.05,4.1,-5.8,False,0.4,4.1,-5.8,False,9.45,11.0,-5.8,False,14.5,20.45,-5.8,True,14.5,20.45,-5.8,True,14.5,20.45,-5.8,True,14.5,20.45,-5.8,True,14.5,71.95,248,4.025,1.008,0.556,-0.557,-0.557,-0.557,-0.557,-0.557,flat,bullish
90375,1,2025-08-20 11:05:00,2025-08-20 11:10:00,25010.2,False,24987.2,24988.73,-1.53,16.91,11,0.1,0.18,129,-23.4,17.85,19.4,-1.2,False,3.2,20.7,-1.2,False,0.05,20.7,-1.2,False,8.2,20.7,-1.5,False,20.8,29.7,-1.5,False,36.95,53.3,-1.5,False,47.7,78.5,-1.5,False,36.95,66.75,248,1.093,1.057,0.004,0.375,0.519,5.359,4.081,-0.501,flat,bullish
90380,1,2025-08-20 11:30:00,2025-08-20 11:35:00,25022.95,False,25008.7,24994.85,13.85,16.14,16,0.1,0.23,124,-36.15,-4.55,2.5,-7.05,False,-3.45,2.5,-9.9,False,-3.9,2.6,-9.9,False,7.25,16.95,-9.9,False,18.05,27.95,-9.9,False,24.85,40.65,-9.9,False,24.2,65.75,-9.9,True,24.2,54.0,248,-2.185,-3.139,-3.519,-2.271,2.965,2.591,-3.061,-3.061,flat,bullish
90385,1,2025-08-20 11:55:00,2025-08-20 12:00:00,25033.1,False,25013.05,24999.2,13.85,14.65,21,0.1,0.272,119,-46.3,-2.9,6.8,-3.05,False,-2.1,6.8,-7.55,False,4.0,10.2,-7.55,False,6.5,17.8,-7.55,False,25.5,26.7,-7.55,False,31.4,33.15,-7.55,False,14.05,55.6,-7.55,True,14.05,43.85,248,0.447,0.677,2.476,3.182,5.154,3.341,-0.343,-0.343,flat,bullish
90409,1,2025-08-20 13:55:00,2025-08-20 14:00:00,25063.45,False,25031.35,25020.53,10.82,13.4,45,0.1,0.395,95,-76.65,6.15,9.95,-2.1,False,9.2,14.6,-2.1,False,8.25,22.15,-2.1,False,3.0,22.15,-2.95,False,10.85,25.25,-18.8,False,-16.3,25.25,-25.25,True,-16.3,25.25,-25.25,True,-16.3,13.5,249,-0.344,-0.616,-0.343,-3.125,-2.247,-3.93,-3.93,-3.93,flat,bullish
90417,1,2025-08-20 14:35:00,2025-08-20 14:40:00,25071.6,False,25044.65,25026.79,17.86,12.9,53,0.1,0.427,87,-84.8,2.85,7.6,-1.6,False,6.55,8.85,-3.75,False,5.35,17.1,-3.75,False,-13.7,17.1,-19.2,False,-24.45,17.1,-33.4,True,-24.45,17.1,-33.4,True,-24.45,17.1,-33.4,True,-24.45,5.35,249,-0.311,-1.619,-0.304,4.758,0.194,0.194,0.194,0.194,flat,bullish
90428,1,2025-08-21 09:15:00,2025-08-21 09:20:00,25074.7,False,25038.2,25032.45,5.75,19.52,64,0.1,-0.269,76,-87.9,-8.75,9.3,-15.25,False,-9.4,9.3,-16.1,False,-2.95,11.95,-16.1,False,17.95,19.0,-19.8,False,48.95,60.35,-19.8,False,52.1,71.0,-19.8,False,43.05,71.0,-19.8,False,2.25,-205.25,248,0.297,0.23,1.272,-1.986,-1.112,2.215,5.984,0.657,flat,bullish
90434,1,2025-08-21 09:45:00,2025-08-21 09:50:00,25092.35,False,25054.9,25035.28,19.62,20.81,70,0.1,-0.196,70,-105.55,2.7,6.05,-6.45,False,12.0,18.5,-6.45,False,35.45,37.7,-6.45,False,31.3,42.7,-6.45,False,39.0,53.35,-6.45,False,21.5,53.35,-6.45,False,17.7,53.35,-17.1,False,-15.4,-222.9,248,0.921,1.959,0.102,0.917,2.347,2.228,6.492,2.686,flat,bullish
90469,1,2025-08-21 12:40:00,2025-08-21 12:45:00,25122.75,False,25090.85,25060.98,29.87,13.39,105,0.1,-0.077,35,-135.95,3.0,5.65,-1.65,False,-8.85,5.65,-21.1,False,-4.5,5.65,-21.1,False,-4.15,5.65,-21.1,False,-30.2,5.65,-47.5,False,-17.05,30.9,-47.5,False,-45.8,30.9,-54.2,True,-45.8,-253.3,248,0.306,-0.356,-0.228,0.528,-1.19,-6.232,-5.724,-5.724,flat,bullish
90482,1,2025-08-21 13:45:00,2025-08-21 13:50:00,25111.3,False,25075.25,25065.83,9.42,14.26,118,0.1,-0.127,22,-124.5,0.85,7.8,-3.65,False,6.75,7.8,-10.15,False,5.45,16.15,-10.15,False,27.1,42.35,-10.15,False,-9.15,42.35,-16.3,False,-34.35,42.35,-42.75,True,-34.35,42.35,-42.75,True,-34.35,-241.85,249,-0.096,-0.186,-0.512,-0.699,-5.91,-4.097,-4.097,-4.097,flat,bullish
90538,-1,2025-08-22 12:10:00,2025-08-22 12:15:00,24926.15,False,24959.15,24989.91,-30.76,16.8,33,0.4,-0.553,71,-38.0,8.9,10.9,-1.7,False,8.0,11.7,-1.7,False,0.05,11.75,-3.5,False,2.65,11.75,-7.8,False,4.45,13.5,-7.8,False,4.15,13.5,-26.0,False,56.7,67.0,-26.0,True,56.7,-52.4,248,-0.339,-0.981,-0.64,-2.875,-3.368,-0.459,2.885,2.885,flat,bullish
90547,-1,2025-08-22 12:55:00,2025-08-22 13:00:00,24918.5,False,24933.95,24979.89,-45.94,13.88,42,0.4,-0.579,62,-45.65,-0.85,5.2,-3.8,False,-0.7,5.85,-3.8,False,-3.2,5.85,-7.4,False,-13.65,5.85,-19.2,False,-12.3,5.85,-33.65,False,25.45,44.3,-33.65,False,49.05,59.35,-33.65,True,49.05,-60.05,248,0.43,-0.304,-0.697,0.41,1.872,3.867,5.556,5.556,flat,bullish
90559,-1,2025-08-22 13:55:00,2025-08-22 14:00:00,24930.9,False,24952.15,24971.88,-19.73,11.77,54,0.4,-0.532,50,-33.25,6.95,7.65,-2.05,False,0.45,9.2,-2.6,False,8.9,11.6,-2.6,False,25.2,41.2,-2.6,False,37.85,56.7,-2.6,False,61.45,71.75,-2.6,True,61.45,71.75,-2.6,True,61.45,-47.65,249,0.344,0.616,0.343,3.125,2.247,3.93,3.93,3.93,flat,bullish
90584,-1,2025-08-25 09:45:00,2025-08-25 09:50:00,24954.35,False,24973.95,24955.42,18.53,17.81,79,0.4,0.025,25,-9.8,5.75,13.25,-0.2,False,28.4,29.85,-0.2,False,35.65,40.35,-0.2,False,34.8,60.0,-0.2,False,9.75,60.0,-0.2,False,-2.1,60.0,-19.1,False,-49.35,60.0,-52.1,False,-24.2,243.65,248,-0.921,-1.959,-0.102,-0.917,-2.347,-2.228,-6.492,-2.686,flat,bullish
90601,-1,2025-08-25 11:10:00,2025-08-25 11:15:00,24950.8,False,24961.85,24952.26,9.59,15.53,96,0.4,0.005,8,-13.35,2.8,3.55,-6.5,False,4.7,9.1,-6.5,False,1.5,9.1,-6.5,False,-10.5,9.1,-11.15,False,-23.9,9.1,-23.9,False,-50.05,9.1,-52.1,False,-4.1,9.1,-70.75,False,-27.75,240.1,248,0.106,1.159,-0.977,1.743,-1.155,-4.588,0.1,1.665,flat,bullish
90632,1,2025-08-25 13:45:00,2025-08-25 13:50:00,25005.8,False,24986.0,24977.03,8.97,10.49,22,2.3,0.219,20,-156.05,2.45,5.2,-2.7,False,-1.15,7.2,-2.7,False,-3.45,7.2,-4.25,False,-7.9,15.75,-10.55,False,-34.4,15.75,-56.6,False,-27.25,15.75,-56.6,True,-27.25,15.75,-56.6,True,-27.25,-295.1,249,-0.096,-0.186,-0.512,-0.699,-5.91,-4.097,-4.097,-4.097,flat,bullish
90636,1,2025-08-25 14:05:00,2025-08-25 14:10:00,25008.0,False,25001.55,24980.49,21.06,9.91,26,2.3,0.238,16,-158.25,-10.75,2.55,-12.75,False,-10.1,13.55,-12.75,False,-23.5,13.55,-25.4,False,-44.15,13.55,-58.8,False,-44.95,13.55,-58.8,False,-29.45,13.55,-58.8,True,-29.45,13.55,-58.8,True,-29.45,-297.3,249,0.232,0.044,-0.93,-3.518,1.209,-3.354,-3.354,-3.354,flat,bullish
90645,1,2025-08-25 14:50:00,2025-08-25 14:55:00,24981.2,False,24949.2,24980.57,-31.37,12.62,35,2.3,0.125,7,-131.45,8.95,11.35,-2.75,False,-12.35,11.35,-14.7,False,-18.15,11.35,-19.95,False,-6.6,11.35,-28.3,False,-2.65,11.35,-28.3,True,-2.65,11.35,-28.3,True,-2.65,11.35,-28.3,True,-2.65,-270.5,248,2.2,1.05,5.093,1.948,0.511,0.511,0.511,0.511,flat,bullish
90651,1,2025-08-25 15:20:00,2025-08-25 15:25:00,24974.15,False,24952.9,24979.29,-26.39,13.44,41,2.3,0.102,1,-124.4,4.4,10.35,-4.65,False,4.4,10.35,-4.65,True,4.4,10.35,-4.65,True,4.4,10.35,-4.65,True,4.4,10.35,-4.65,True,4.4,10.35,-4.65,True,4.4,10.35,-4.65,True,4.4,-263.45,248,-1.372,-1.372,-1.372,-1.372,-1.372,-1.372,-1.372,-1.372,flat,bullish
90667,-1,2025-08-26 10:25:00,2025-08-26 10:30:00,24797.05,False,24808.55,24852.37,-43.82,21.32,14,103.15,-0.411,278,164.8,11.2,12.4,-5.1,False,7.35,15.45,-5.1,False,16.0,17.95,-5.1,False,3.9,31.9,-5.1,False,-27.45,31.9,-36.4,False,-3.9,31.9,-41.25,False,10.3,55.15,-41.25,False,86.35,263.95,248,0.278,0.308,-0.32,0.101,-3.902,-4.785,-1.901,-1.26,flat,bullish
90682,-1,2025-08-26 11:40:00,2025-08-26 11:45:00,24806.1,False,24838.3,24830.62,7.68,17.67,29,103.15,-0.375,263,173.85,0.65,2.8,-4.75,False,5.35,7.6,-4.75,False,-0.05,7.6,-4.75,False,6.35,11.35,-12.9,False,20.65,30.9,-12.9,False,-4.85,30.9,-18.6,False,95.4,116.5,-18.6,True,95.4,273.0,248,0.372,-0.013,-0.428,-2.906,-5.846,-4.621,-0.086,-0.086,flat,bullish
90692,-1,2025-08-26 12:30:00,2025-08-26 12:35:00,24787.4,False,24811.3,24824.79,-13.49,14.22,39,103.15,-0.456,253,155.15,1.4,4.35,-6.0,False,1.95,12.2,-6.0,False,0.95,12.2,-6.0,False,-15.6,12.2,-21.75,False,-23.75,12.2,-37.3,False,16.45,45.5,-37.3,False,76.7,97.8,-37.3,True,76.7,254.3,248,-0.34,0.284,0.013,0.918,0.391,6.177,6.043,6.043,flat,bullish
90701,-1,2025-08-26 13:15:00,2025-08-26 13:20:00,24796.0,False,24812.0,24819.96,-7.96,13.79,48,103.15,-0.419,244,163.75,-10.35,1.15,-11.1,False,-11.6,1.15,-28.7,False,-15.15,1.15,-28.7,False,-7.5,1.15,-28.7,False,36.35,36.65,-28.7,False,101.1,106.4,-28.7,False,85.3,106.4,-28.7,True,85.3,262.9,248,0.445,0.202,-0.305,1.542,2.187,4.235,5.347,5.347,flat,bullish
90710,-1,2025-08-26 14:00:00,2025-08-26 14:05:00,24802.4,False,24824.7,24818.15,6.55,13.84,57,103.15,-0.398,235,170.15,3.5,5.65,-8.7,False,29.85,37.15,-8.7,False,42.75,43.05,-8.7,False,31.45,60.5,-8.7,False,83.75,90.75,-8.7,False,91.7,112.8,-8.7,True,91.7,112.8,-8.7,True,91.7,269.3,249,0.273,0.0,0.188,3.588,3.049,3.586,3.586,3.586,flat,bullish
90720,-1,2025-08-26 14:50:00,2025-08-26 14:55:00,24764.35,False,24791.55,24812.48,-20.93,18.37,67,103.15,-0.546,225,132.1,6.0,7.4,-3.2,False,45.7,52.7,-3.2,False,44.4,52.75,-3.2,False,68.55,74.75,-3.2,False,53.65,74.75,-3.2,True,53.65,74.75,-3.2,True,53.65,74.75,-3.2,True,53.65,231.25,248,-2.2,-1.05,-5.093,-1.948,-0.511,-0.511,-0.511,-0.511,flat,bullish
90939,-1,2025-09-01 14:20:00,2025-09-01 14:25:00,24609.35,False,24620.9,24619.87,1.03,12.02,286,103.15,0.724,6,-22.9,8.4,10.55,-2.2,False,-6.7,10.55,-8.05,False,-8.55,10.55,-9.75,False,-7.25,10.55,-15.7,False,-17.3,10.55,-26.25,False,-14.95,10.55,-26.25,True,-14.95,10.55,-26.25,True,-14.95,34.35,249,1.6,2.407,2.569,2.903,0.973,2.405,2.405,2.405,flat,bullish
90956,1,2025-09-02 09:30:00,2025-09-02 09:35:00,24676.9,False,24631.35,24628.89,2.46,17.31,10,11.35,0.096,49,-21.85,10.65,16.35,-1.7,False,11.85,18.7,-1.7,False,21.0,25.9,-1.7,False,69.2,69.2,-1.7,False,41.55,70.65,-1.7,False,61.1,72.15,-1.7,False,20.1,79.2,-1.7,False,-101.9,36.7,248,-0.286,-0.918,-3.258,-3.2,-2.154,2.401,5.036,-0.616,flat,bullish
90980,1,2025-09-02 11:30:00,2025-09-02 11:35:00,24737.5,False,24715.35,24684.77,30.58,16.7,34,11.35,0.345,25,-82.45,2.9,3.0,-5.3,False,-3.85,3.9,-6.85,False,-4.8,3.9,-12.8,False,-2.65,3.9,-14.55,False,6.1,13.0,-26.6,False,-40.5,18.6,-60.3,False,-162.5,18.6,-215.15,True,-162.5,-23.9,248,-2.185,-3.139,-3.519,-2.271,2.965,2.591,-3.061,-3.061,flat,bullish
90990,1,2025-09-02 12:20:00,2025-09-02 12:25:00,24729.3,False,24710.9,24693.59,17.31,14.49,44,11.35,0.314,15,-74.25,7.75,9.6,-2.75,False,14.3,21.2,-2.75,False,23.25,26.6,-2.75,False,11.7,26.8,-2.75,False,-43.15,26.8,-50.4,False,-175.65,26.8,-192.55,False,-154.3,26.8,-206.95,True,-154.3,-15.7,248,-0.387,2.114,2.471,1.456,0.99,-1.692,-3.912,-3.912,flat,bullish
91005,1,2025-09-02 13:35:00,2025-09-02 13:40:00,24698.2,False,24677.2,24700.71,-23.51,16.96,59,11.35,0.187,0,-43.15,-43.15,1.1,-48.35,False,-37.7,1.1,-54.15,False,-70.5,1.1,-74.85,False,-133.6,1.1,-161.45,False,-123.3,1.1,-175.85,False,-123.2,1.1,-175.85,True,-123.2,1.1,-175.85,True,-123.2,15.4,248,-1.066,-1.795,-1.857,-2.516,-5.798,-5.601,-5.601,-5.601,flat,bullish
91020,-1,2025-09-02 14:50:00,2025-09-02 14:55:00,24562.55,False,24617.25,24647.14,-29.89,30.55,14,22.15,-0.364,60,-67.05,-11.9,2.9,-23.9,False,-7.5,2.9,-23.9,False,-23.95,2.9,-29.4,False,-11.6,2.9,-33.6,False,-12.45,2.9,-33.6,True,-12.45,2.9,-33.6,True,-12.45,2.9,-33.6,True,-12.45,-151.05,248,-2.2,-1.05,-5.093,-1.948,-0.511,-0.511,-0.511,-0.511,flat,bullish
91070,-1,2025-09-03 12:45:00,2025-09-03 12:50:00,24615.0,False,24649.05,24608.81,40.24,16.18,64,22.15,-0.004,10,-14.6,5.25,12.7,-7.85,False,15.75,21.9,-7.85,False,15.25,21.9,-7.85,False,-0.65,21.9,-7.85,False,-24.1,21.9,-25.6,False,-50.8,21.9,-65.1,False,-98.6,21.9,-122.05,True,-98.6,-124.8,248,0.618,0.489,0.86,0.659,2.18,7.806,5.986,5.986,flat,bullish
91080,-1,2025-09-03 13:35:00,2025-09-03 13:40:00,24604.75,False,24623.5,24608.77,14.73,15.46,74,22.15,-0.048,0,-24.85,-24.85,0.35,-27.9,False,-34.35,0.35,-35.85,False,-39.6,0.35,-43.8,False,-57.4,0.35,-59.1,False,-68.85,0.35,-75.35,False,-108.85,0.35,-132.3,True,-108.85,0.35,-132.3,True,-108.85,-135.05,248,1.066,1.795,1.857,2.516,5.798,5.601,5.601,5.601,flat,bullish
91095,1,2025-09-03 14:50:00,2025-09-03 14:55:00,24683.8,False,24656.2,24639.41,16.79,15.0,14,6.1,0.274,93,-4.45,-2.8,1.85,-13.7,False,19.0,20.25,-13.7,False,30.95,30.95,-13.7,False,36.8,53.25,-13.7,False,29.8,53.25,-13.7,True,29.8,53.25,-13.7,True,29.8,53.25,-13.7,True,29.8,56.0,248,2.2,1.05,5.093,1.948,0.511,0.511,0.511,0.511,flat,bullish
91103,1,2025-09-04 09:15:00,2025-09-04 09:20:00,24864.85,False,24705.05,24662.93,42.12,33.84,22,6.1,-0.468,85,-185.5,8.9,18.05,-17.6,False,32.35,35.85,-17.6,False,65.4,69.1,-17.6,False,46.75,69.1,-17.6,False,-7.05,69.1,-35.35,False,-45.35,69.1,-60.2,False,-54.15,69.1,-97.8,False,-125.05,-120.9,248,0.297,0.23,1.272,-1.986,-1.112,2.215,5.984,0.657,flat,bullish
91129,1,2025-09-04 11:25:00,2025-09-04 11:30:00,24824.8,False,24799.0,24750.68,48.32,23.74,48,6.1,-0.628,59,-145.45,-2.4,8.0,-5.1,False,-10.2,8.0,-13.75,False,-8.65,8.0,-15.2,False,-9.25,8.0,-18.25,False,-50.05,12.9,-57.75,False,-9.85,13.95,-57.75,False,-85.0,13.95,-116.6,False,-85.0,-80.85,248,0.384,-1.757,-2.711,-2.292,0.892,2.513,-2.633,-2.633,flat,bullish
91136,1,2025-09-04 12:00:00,2025-09-04 12:05:00,24823.2,False,24806.55,24757.9,48.65,20.19,55,6.1,-0.631,52,-143.85,-13.1,14.5,-15.4,False,-17.1,14.5,-35.45,False,-38.55,14.5,-42.35,False,-34.5,14.5,-56.15,False,12.5,15.55,-56.15,False,-38.75,15.55,-65.8,False,-83.4,15.55,-115.0,True,-83.4,-79.25,248,0.219,2.018,2.422,5.225,4.324,2.547,-0.801,-0.801,flat,bullish
91142,1,2025-09-04 12:30:00,2025-09-04 12:35:00,24788.85,False,24767.05,24760.71,6.34,20.64,61,6.1,-0.769,46,-109.5,14.95,17.8,-3.35,False,30.5,30.5,-3.35,False,34.6,43.65,-3.35,False,46.85,49.9,-3.35,False,27.35,49.9,-3.35,False,-37.55,49.9,-75.6,False,-49.05,49.9,-80.65,True,-49.05,-44.9,248,0.34,-0.284,-0.013,-0.918,-0.391,-6.177,-6.043,-6.043,flat,bullish
91181,1,2025-09-05 09:30:00,2025-09-05 09:35:00,24812.3,False,24779.4,24767.53,11.87,29.8,100,6.1,-0.03,7,-132.95,-29.1,0.0,-35.0,False,-33.45,0.0,-36.85,False,-17.95,0.0,-39.65,False,-41.9,0.0,-41.9,False,-122.9,0.0,-180.35,False,-117.2,0.0,-180.35,False,-118.95,0.0,-190.7,False,-68.35,-21.1,248,-0.286,-0.918,-3.258,-3.2,-2.154,2.401,5.036,-0.616,flat,bullish
91185,1,2025-09-05 09:50:00,2025-09-05 09:55:00,24798.75,False,24772.65,24768.28,4.37,27.19,104,6.1,-0.08,3,-119.4,-17.0,2.0,-23.45,False,-28.35,2.0,-28.35,False,-42.35,2.0,-45.45,False,-123.45,2.0,-166.8,False,-131.6,2.0,-166.8,False,-131.95,2.0,-166.8,False,-44.8,2.0,-177.15,False,-54.8,-7.55,248,1.049,-0.808,-0.371,1.502,0.029,1.702,5.52,1.776,flat,bullish
91207,-1,2025-09-05 11:40:00,2025-09-05 11:45:00,24676.6,False,24708.3,24705.28,3.02,24.85,18,28.85,-0.571,24,-66.25,11.55,15.2,-1.35,False,9.8,15.2,-1.35,False,8.6,18.9,-1.35,False,25.05,25.05,-1.35,False,38.1,49.45,-1.35,False,-31.4,55.0,-31.4,False,-67.35,55.0,-114.15,True,-67.35,-114.6,248,0.372,-0.013,-0.428,-2.906,-5.846,-4.621,-0.086,-0.086,flat,bullish
91246,1,2025-09-05 14:55:00,2025-09-05 15:00:00,24746.05,False,24720.75,24712.42,8.33,18.57,14,34.55,-0.284,907,337.9,-16.6,3.3,-21.3,False,3.8,6.55,-21.3,False,-10.5,12.95,-21.3,False,-2.1,12.95,-21.3,False,-2.1,12.95,-21.3,True,-2.1,12.95,-21.3,True,-2.1,12.95,-21.3,True,-2.1,45.15,248,-1.583,2.459,-0.558,-2.123,-2.123,-2.123,-2.123,-2.123,flat,bullish
91248,1,2025-09-05 15:05:00,2025-09-05 15:10:00,24748.55,False,24724.75,24714.25,10.5,19.44,16,34.55,-0.278,905,335.4,-13.0,10.45,-13.35,False,-9.15,10.45,-14.8,False,-2.75,10.45,-14.8,False,-4.6,10.45,-14.8,True,-4.6,10.45,-14.8,True,-4.6,10.45,-14.8,True,-4.6,10.45,-14.8,True,-4.6,42.65,248,-3.074,-3.526,-3.201,-4.638,-4.638,-4.638,-4.638,-4.638,flat,bullish
91256,1,2025-09-08 09:30:00,2025-09-08 09:35:00,24822.65,False,24758.5,24725.82,32.68,26.81,24,34.55,0.085,897,261.3,12.6,15.75,-0.85,False,6.4,23.05,-0.85,False,4.95,23.05,-0.85,False,3.45,23.05,-20.7,False,-39.6,23.05,-54.1,False,1.25,23.05,-57.7,False,35.45,48.25,-57.7,False,-31.45,56.15,248,-0.286,-0.918,-3.258,-3.2,-2.154,2.401,5.036,-0.616,flat,bullish
91270,1,2025-09-08 10:40:00,2025-09-08 10:45:00,24803.1,False,24764.95,24748.79,16.16,22.99,38,34.55,-0.002,883,280.85,-7.35,8.95,-12.85,False,-17.15,8.95,-19.8,False,-16.5,8.95,-21.95,False,3.7,8.95,-24.2,False,24.35,25.5,-24.2,False,50.45,63.55,-24.2,False,69.55,82.4,-24.2,False,-11.9,75.7,248,0.503,-0.905,-0.519,2.436,0.764,6.602,0.335,0.842,flat,bullish
91275,1,2025-09-08 11:05:00,2025-09-08 11:10:00,24794.25,False,24778.9,24752.5,26.4,20.32,43,34.55,-0.035,878,289.7,12.55,13.2,-0.55,False,20.35,24.25,-0.55,False,7.45,24.25,-0.55,False,22.45,32.7,-0.55,False,34.5,42.6,-0.55,False,69.85,73.55,-0.55,False,-26.15,91.25,-28.0,False,-3.05,84.55,248,1.093,1.057,0.004,0.375,0.519,5.359,4.081,-0.501,flat,bullish
91280,1,2025-09-08 11:30:00,2025-09-08 11:35:00,24823.8,False,24797.75,24757.29,40.46,18.92,48,34.55,0.086,873,260.15,-7.1,1.25,-10.2,False,3.65,4.8,-10.2,False,-3.05,4.8,-10.2,False,4.7,4.8,-16.25,False,7.55,15.3,-16.25,False,34.3,47.1,-16.25,False,-32.6,61.7,-72.25,True,-32.6,55.0,248,-2.185,-3.139,-3.519,-2.271,2.965,2.591,-3.061,-3.061,flat,bullish
91312,1,2025-09-08 14:10:00,2025-09-08 14:15:00,24856.6,False,24828.95,24786.63,42.32,14.12,80,34.55,0.216,841,227.35,8.55,8.6,-1.4,False,0.45,10.75,-1.5,False,3.8,10.75,-1.5,False,16.05,28.9,-1.5,False,-87.85,28.9,-105.05,False,-65.4,28.9,-105.05,True,-65.4,28.9,-105.05,True,-65.4,22.2,249,-0.3,-1.275,-2.894,-4.204,-2.141,-3.699,-3.699,-3.699,flat,bullish
91325,1,2025-09-08 15:15:00,2025-09-08 15:20:00,24773.75,False,24751.55,24791.26,-39.71,21.65,93,34.55,-0.113,828,310.2,13.25,15.4,-6.1,False,17.45,27.05,-6.1,False,17.45,27.05,-6.1,True,17.45,27.05,-6.1,True,17.45,27.05,-6.1,True,17.45,27.05,-6.1,True,17.45,27.05,-6.1,True,17.45,105.05,248,0.221,-1.216,-1.216,-1.216,-1.216,-1.216,-1.216,-1.216,flat,bullish
91343,1,2025-09-09 10:30:00,2025-09-09 10:35:00,24832.3,False,24816.45,24797.84,18.61,19.2,111,34.55,-0.13,810,251.65,-13.2,1.55,-13.8,False,-9.15,1.55,-17.7,False,-9.95,1.55,-17.7,False,6.4,14.7,-17.7,False,8.1,23.5,-17.7,False,20.75,28.3,-18.3,False,39.7,59.5,-18.3,False,46.5,145.25,248,-0.034,0.595,1.195,1.281,4.552,7.561,1.402,1.535,flat,bullish
91348,1,2025-09-09 10:55:00,2025-09-09 11:00:00,24830.85,False,24814.6,24798.82,15.78,17.24,116,34.55,-0.131,805,253.1,7.85,16.15,0.0,False,10.35,16.15,0.0,False,7.65,16.15,-1.2,False,10.25,24.95,-1.2,False,16.0,24.95,-1.2,False,25.3,38.45,-16.85,False,29.3,60.95,-16.85,False,47.95,146.7,248,1.062,1.788,2.91,3.957,1.658,6.813,3.005,1.316,flat,bullish
91363,1,2025-09-09 12:10:00,2025-09-09 12:15:00,24842.25,False,24814.0,24803.09,10.91,15.49,131,34.55,-0.091,790,241.7,7.4,9.05,-1.95,False,9.15,18.35,-1.95,False,-3.15,18.35,-3.8,False,10.75,18.35,-4.0,False,12.55,27.05,-5.3,False,31.5,34.75,-5.3,False,36.55,49.55,-16.65,True,36.55,135.3,248,0.339,0.981,0.64,2.875,3.368,0.459,-2.885,-2.885,flat,bullish
91370,1,2025-09-09 12:45:00,2025-09-09 12:50:00,24863.9,False,24838.25,24805.3,32.95,14.81,138,34.55,-0.001,783,220.05,-7.7,5.4,-8.05,False,-7.75,5.4,-26.95,False,-6.0,5.4,-26.95,False,-5.65,5.4,-26.95,False,-5.8,10.1,-26.95,False,-5.75,27.9,-38.3,False,14.9,27.9,-38.3,True,14.9,113.65,248,-0.618,-0.489,-0.86,-0.659,-2.18,-7.806,-5.986,-5.986,flat,bullish
91379,1,2025-09-09 13:30:00,2025-09-09 13:35:00,24870.2,False,24848.4,24808.28,40.12,13.42,147,34.55,0.025,774,213.75,-5.5,3.8,-9.45,False,-11.7,3.8,-17.25,False,-12.1,3.8,-17.25,False,-3.9,3.8,-26.6,False,1.8,21.6,-26.6,False,8.6,21.6,-44.6,True,8.6,21.6,-44.6,True,8.6,107.35,248,-0.016,-1.091,-1.82,-2.277,-5.759,-5.625,-5.625,-5.625,flat,bullish
91387,1,2025-09-09 14:10:00,2025-09-09 14:15:00,24874.35,False,24843.6,24810.89,32.71,13.89,155,34.55,0.039,766,209.6,-4.55,4.8,-11.5,False,-14.05,4.8,-18.9,False,1.45,17.45,-18.9,False,-34.4,17.45,-48.75,False,-4.0,17.45,-48.75,False,4.45,17.45,-48.75,True,4.45,17.45,-48.75,True,4.45,103.2,249,-0.3,-1.275,-2.894,-4.204,-2.141,-3.699,-3.699,-3.699,flat,bullish
91390,1,2025-09-09 14:25:00,2025-09-09 14:30:00,24875.95,False,24855.45,24811.92,43.53,15.59,158,34.55,0.047,763,208.0,-3.95,13.45,-8.2,False,-18.95,13.45,-50.35,False,-36.0,13.45,-50.35,False,-15.8,13.45,-50.35,False,2.85,13.45,-50.35,False,2.85,13.45,-50.35,True,2.85,13.45,-50.35,True,2.85,101.6,249,-0.832,-0.994,-1.336,0.851,-0.831,-0.831,-0.831,-0.831,flat,bullish
91395,1,2025-09-09 14:50:00,2025-09-09 14:55:00,24876.0,False,24825.6,24813.24,12.36,19.66,163,34.55,0.045,758,207.95,-15.85,8.0,-19.8,False,-11.0,8.0,-19.8,False,-18.3,8.0,-21.0,False,1.1,8.0,-23.0,False,2.8,8.0,-23.0,True,2.8,8.0,-23.0,True,2.8,8.0,-23.0,True,2.8,101.55,248,2.2,1.05,5.093,1.948,0.511,0.511,0.511,0.511,flat,bullish
92070,1,2025-09-22 14:50:00,2025-09-22 14:55:00,25198.25,False,25151.05,25105.89,45.16,18.61,838,34.55,-0.157,83,-114.3,-3.75,5.0,-23.85,False,13.2,23.65,-23.85,False,-3.05,23.65,-23.85,False,11.25,23.65,-23.85,False,1.95,23.65,-23.85,True,1.95,23.65,-23.85,True,1.95,23.65,-23.85,True,1.95,-12.45,248,2.2,1.05,5.093,1.948,0.511,0.511,0.511,0.511,flat,bullish
92086,1,2025-09-23 09:55:00,2025-09-23 10:00:00,25141.3,False,25110.05,25107.32,2.73,24.43,854,34.55,-0.271,67,-57.35,11.4,11.9,-4.5,False,20.1,22.6,-4.5,False,9.7,22.6,-4.5,False,-11.8,22.6,-30.3,False,-19.3,22.6,-30.3,False,-28.15,22.6,-56.65,False,65.4,102.95,-56.65,False,44.5,-80.4,248,-1.837,-1.4,-2.064,-0.493,-0.614,1.089,4.431,0.748,flat,bullish
92094,1,2025-09-23 10:35:00,2025-09-23 10:40:00,25136.65,False,25111.0,25107.59,3.41,22.25,862,34.55,-0.282,59,-52.7,-3.1,1.75,-8.8,False,-9.45,1.75,-13.45,False,-11.45,1.75,-18.95,False,-15.15,2.5,-20.45,False,-48.75,2.5,-52.0,False,80.05,85.1,-52.0,False,69.35,125.25,-52.0,False,49.15,-75.75,248,0.62,1.22,-0.187,2.031,2.436,7.943,1.363,1.56,flat,bullish
92107,1,2025-09-23 11:40:00,2025-09-23 11:45:00,25105.2,False,25084.65,25107.65,-23.0,18.0,875,34.55,-0.41,46,-21.25,3.25,7.6,-1.2,False,8.1,12.55,-1.2,False,7.95,21.9,-1.2,False,37.4,37.4,-1.2,False,79.65,118.6,-1.2,False,114.8,139.05,-1.2,False,80.6,156.7,-1.2,True,80.6,-44.3,248,-0.372,0.013,0.428,2.906,5.846,4.621,0.086,0.086,flat,bullish
92167,-1,2025-09-24 10:25:00,2025-09-24 10:30:00,25097.2,False,25114.1,25128.16,-14.06,22.59,13,0.7,-0.044,30,-23.75,2.0,5.4,-7.15,False,3.8,8.35,-7.15,False,19.05,20.95,-7.15,False,19.95,31.4,-7.15,False,33.15,69.75,-7.15,False,0.5,69.75,-7.45,False,8.0,69.75,-44.85,False,36.3,192.65,248,0.278,0.308,-0.32,0.101,-3.902,-4.785,-1.901,-1.26,flat,bullish
92175,-1,2025-09-24 11:05:00,2025-09-24 11:10:00,25032.05,False,25078.05,25115.25,-37.2,20.46,21,0.7,-0.306,22,-88.9,-21.7,2.25,-23.35,False,-24.5,2.25,-30.4,False,-23.4,2.25,-30.4,False,-36.25,2.25,-39.0,False,-39.15,2.25,-50.05,False,-83.55,2.25,-93.4,False,-32.1,2.25,-110.0,False,-28.85,127.5,248,-1.093,-1.057,-0.004,-0.375,-0.519,-5.359,-4.081,0.501,flat,bullish
92186,-1,2025-09-24 12:00:00,2025-09-24 12:05:00,25062.55,False,25082.1,25103.06,-20.96,16.19,32,0.7,-0.181,11,-58.4,-8.65,3.9,-9.3,False,-30.0,3.9,-30.7,False,-33.0,3.9,-34.85,False,-38.7,3.9,-43.1,False,-58.4,3.9,-62.9,False,-52.7,3.9,-79.5,False,1.65,23.0,-79.5,True,1.65,158.0,248,-0.219,-2.018,-2.422,-5.225,-4.324,-2.547,0.801,0.801,flat,bullish
92194,-1,2025-09-24 12:40:00,2025-09-24 12:45:00,25091.25,False,25111.5,25101.49,10.01,14.92,40,0.7,-0.065,3,-29.7,0.45,5.65,-5.35,False,-12.9,5.65,-13.1,False,-18.25,5.65,-21.9,False,-40.4,5.65,-40.8,False,-36.6,5.65,-50.8,False,25.8,40.1,-50.8,False,30.35,51.7,-50.8,True,30.35,186.7,248,-0.306,0.356,0.228,-0.528,1.19,6.232,5.724,5.724,flat,bullish
92218,-1,2025-09-24 14:40:00,2025-09-24 14:45:00,25065.5,False,25101.85,25112.29,-10.44,18.21,2,10.45,-0.172,367,256.7,-0.65,4.4,-6.05,False,0.35,4.4,-6.8,False,24.4,24.4,-6.8,False,5.75,25.95,-6.8,False,4.6,25.95,-6.8,True,4.6,25.95,-6.8,True,4.6,25.95,-6.8,True,4.6,160.95,248,1.372,0.052,-2.137,-2.013,-0.448,-0.448,-0.448,-0.448,flat,bullish
92233,-1,2025-09-25 09:40:00,2025-09-25 09:45:00,25051.2,False,25092.7,25089.02,3.68,23.34,17,10.45,0.078,352,242.4,5.25,19.15,-2.25,False,4.4,19.15,-4.7,False,-3.15,19.15,-9.0,False,19.5,21.7,-9.0,False,43.05,48.85,-9.0,False,61.45,66.1,-9.0,False,58.3,91.65,-9.0,False,146.65,378.1,248,2.264,1.387,0.348,2.433,0.561,-0.301,-4.913,-0.379,flat,bullish
92237,-1,2025-09-25 10:00:00,2025-09-25 10:05:00,25040.45,False,25060.2,25084.45,-24.25,22.46,21,10.45,0.016,348,231.65,1.6,10.05,-3.6,False,8.75,10.95,-3.6,False,1.05,10.95,-8.5,False,2.35,10.95,-13.35,False,34.05,40.95,-13.35,False,59.7,66.4,-13.35,False,68.0,80.9,-13.35,False,135.9,367.35,248,-0.49,0.175,-0.868,-1.099,-2.383,-3.427,-5.985,-2.637,flat,bullish
92255,-1,2025-09-25 11:30:00,2025-09-25 11:35:00,25019.35,False,25044.9,25065.11,-20.21,17.64,39,10.45,-0.059,330,210.55,5.2,6.85,-2.45,False,29.6,34.25,-2.45,False,29.25,34.45,-2.45,False,38.6,45.3,-2.45,False,39.85,54.25,-2.45,False,38.25,59.8,-2.45,False,114.8,141.05,-2.45,True,114.8,346.25,248,2.185,3.139,3.519,2.271,-2.965,-2.591,3.061,3.061,flat,bullish
92269,-1,2025-09-25 12:40:00,2025-09-25 12:45:00,24962.15,False,24999.65,25048.93,-49.28,17.93,53,10.45,-0.288,316,153.35,-9.6,0.65,-16.85,False,-17.9,0.65,-19.05,False,-21.65,0.65,-24.05,False,-27.55,0.65,-48.25,False,-30.75,0.65,-48.25,False,17.75,29.45,-48.25,False,57.6,83.85,-48.25,True,57.6,289.05,248,-0.306,0.356,0.228,-0.528,1.19,6.232,5.724,5.724,flat,bullish
92275,-1,2025-09-25 13:10:00,2025-09-25 13:15:00,24989.75,False,25010.4,25043.87,-33.47,17.7,59,10.45,-0.179,310,180.95,-8.6,16.65,-9.1,False,16.95,24.65,-9.4,False,13.75,24.8,-9.4,False,-3.15,24.8,-9.4,False,23.65,40.7,-14.3,False,106.45,111.45,-14.3,False,85.2,111.45,-14.3,True,85.2,316.65,248,0.974,1.399,1.155,1.767,2.957,4.737,6.301,6.301,flat,bullish
92283,-1,2025-09-25 13:50:00,2025-09-25 13:55:00,24991.85,False,25004.05,25038.26,-34.21,17.75,67,10.45,-0.176,302,183.05,11.85,17.7,-8.75,False,19.4,24.45,-8.75,False,26.45,27.8,-8.75,False,34.7,42.8,-8.75,False,57.15,72.25,-8.75,False,87.3,113.55,-8.75,True,87.3,113.55,-8.75,True,87.3,318.75,249,0.162,0.488,0.759,1.649,4.571,4.073,4.073,4.073,flat,bullish
92564,-1,2025-10-01 12:15:00,2025-10-01 12:20:00,24786.95,False,24812.0,24786.82,25.18,20.33,348,10.45,0.676,21,-21.85,13.05,15.15,-3.85,False,9.75,29.45,-3.85,False,21.6,29.45,-3.85,False,13.9,39.9,-3.85,False,15.65,39.9,-3.85,False,-19.4,39.9,-24.55,False,-66.45,39.9,-81.0,True,-66.45,-108.05,248,-0.523,-0.182,-2.683,-2.687,-1.984,0.183,3.343,3.343,bullish,bullish
92582,-1,2025-10-01 13:45:00,2025-10-01 13:50:00,24775.75,False,24792.95,24786.08,6.87,17.59,366,10.45,0.626,3,-33.05,-7.2,12.75,-9.55,False,-8.15,12.75,-9.55,False,-15.3,12.75,-15.55,False,-30.6,12.75,-35.75,False,-88.85,12.75,-90.3,False,-77.65,12.75,-92.2,True,-77.65,12.75,-92.2,True,-77.65,-119.25,249,0.096,0.186,0.512,0.699,5.91,4.097,4.097,4.097,bullish,bullish
92617,1,2025-10-03 10:25:00,2025-10-03 10:30:00,24812.3,False,24780.85,24811.57,-30.72,23.7,31,15.85,0.214,24,-9.25,8.15,10.05,-1.6,False,3.2,10.05,-4.45,False,-29.45,10.05,-32.35,False,-21.0,10.05,-39.35,False,-0.85,20.25,-39.35,False,12.45,38.45,-39.35,False,16.6,38.45,-39.35,False,82.7,260.25,248,-0.278,-0.308,0.32,-0.101,3.902,4.785,1.901,1.26,bullish,bullish
92622,1,2025-10-03 10:50:00,2025-10-03 10:55:00,24797.15,False,24772.95,24810.29,-37.34,22.43,36,15.85,0.152,19,5.9,-5.85,2.45,-6.95,False,0.75,10.05,-8.3,False,5.75,12.5,-8.3,False,20.1,35.4,-8.3,False,29.4,35.4,-8.3,False,32.25,53.6,-8.3,False,84.2,89.25,-8.3,False,97.85,275.4,248,0.404,1.511,2.237,2.27,1.691,7.133,1.265,1.765,bullish,bullish
92637,1,2025-10-03 12:05:00,2025-10-03 12:10:00,24842.15,False,24810.45,24812.18,-1.73,17.0,51,15.85,0.334,4,-39.1,-1.75,8.6,-9.25,False,-26.45,8.6,-29.4,False,-20.3,8.6,-32.5,False,-27.7,8.6,-45.35,False,0.55,8.6,-45.35,False,-16.45,8.6,-45.35,False,52.85,62.65,-45.35,True,52.85,230.4,248,1.811,2.216,2.858,5.375,4.852,2.076,-1.008,-1.008,bullish,bullish
92652,-1,2025-10-03 13:20:00,2025-10-03 13:25:00,24834.2,False,24847.0,24827.07,19.93,16.24,10,7.4,0.303,14,-33.25,9.35,10.65,-1.2,False,10.25,13.75,-1.2,False,19.9,22.25,-1.2,False,1.5,22.25,-4.9,False,18.2,26.05,-7.5,False,-61.8,26.05,-70.6,False,-60.8,26.05,-70.6,True,-60.8,-238.35,248,-0.248,-0.754,-0.712,1.155,2.678,3.461,4.898,4.898,bullish,bullish
92662,-1,2025-10-03 14:10:00,2025-10-03 14:15:00,24808.15,False,24840.45,24826.88,13.57,16.14,20,7.4,0.2,4,-59.3,-10.9,0.0,-17.65,False,-7.85,0.0,-17.65,False,-20.75,0.0,-23.15,False,-71.7,0.0,-72.8,False,-80.35,0.0,-96.65,False,-86.85,0.0,-96.65,True,-86.85,0.0,-96.65,True,-86.85,-264.4,249,0.3,1.275,2.894,4.204,2.141,3.699,3.699,3.699,bullish,bullish
92678,1,2025-10-06 09:15:00,2025-10-06 09:20:00,24927.5,False,24879.5,24871.91,7.59,17.14,11,27.0,0.042,186,87.3,-9.5,4.65,-28.65,False,-25.65,4.65,-29.65,False,-16.7,4.65,-45.85,False,30.65,31.75,-45.85,False,42.95,46.25,-45.85,False,68.5,89.05,-45.85,False,124.45,136.1,-45.85,False,145.05,185.3,248,0.297,0.23,1.272,-1.986,-1.112,2.215,5.984,0.657,bullish,bullish
92682,1,2025-10-06 09:35:00,2025-10-06 09:40:00,24926.45,False,24881.65,24879.84,1.81,19.89,15,27.0,0.041,182,88.35,18.35,20.75,-4.3,False,31.7,32.8,-4.3,False,15.25,41.4,-4.3,False,32.85,41.4,-4.3,False,61.6,63.5,-4.3,False,80.1,90.1,-4.3,False,154.05,161.95,-4.3,False,146.1,186.35,248,-0.68,-3.02,-2.143,-2.525,-1.946,0.499,5.232,-0.378,bullish,bullish
92698,1,2025-10-06 10:55:00,2025-10-06 11:00:00,24985.5,False,24964.2,24918.04,46.16,17.23,31,27.0,0.275,166,29.3,-0.15,5.8,-2.7,False,4.35,6.95,-7.65,False,29.3,31.05,-7.65,False,26.0,31.05,-7.65,False,6.85,31.05,-7.65,False,53.25,54.85,-7.65,False,98.3,110.45,-7.65,False,87.05,127.3,248,1.062,1.788,2.91,3.957,1.658,6.813,3.005,1.316,bullish,bullish
92827,1,2025-10-07 15:25:00,2025-10-08 09:15:00,25079.75,True,25085.9,25066.6,19.3,22.58,160,27.0,0.11,37,-64.95,66.3,67.85,-1.75,False,94.95,97.15,-1.75,False,96.85,99.3,-1.75,False,97.65,112.75,-1.75,False,69.8,112.75,-1.75,False,-37.1,112.75,-38.3,False,18.3,112.75,-71.25,False,-55.95,90.55,0,,,,,,,,,bullish,bullish
92844,1,2025-10-08 10:35:00,2025-10-08 10:40:00,25133.25,False,25112.1,25074.63,37.47,23.21,177,27.0,0.214,20,-118.45,-7.35,3.4,-9.0,False,-13.7,3.4,-22.2,False,-29.65,3.4,-29.7,False,-84.45,3.4,-89.05,False,-87.55,3.4,-110.75,False,-108.0,3.4,-124.75,False,-55.1,3.4,-124.75,False,-109.45,37.05,248,0.62,1.22,-0.187,2.031,2.436,7.943,1.363,1.56,bullish,bullish
92863,1,2025-10-08 12:10:00,2025-10-08 12:15:00,25050.85,False,25029.45,25073.29,-43.84,19.1,196,27.0,-0.114,1,-36.05,-7.2,1.35,-16.35,False,-36.05,1.35,-41.5,False,-25.05,1.35,-42.35,False,-10.6,1.35,-42.35,False,47.2,53.05,-42.35,False,19.45,83.5,-42.35,False,-27.05,83.5,-42.35,True,-27.05,119.45,248,0.339,0.981,0.64,2.875,3.368,0.459,-2.885,-2.885,bullish,bullish
92884,1,2025-10-08 13:55:00,2025-10-08 14:00:00,25127.75,False,25103.3,25084.28,19.02,18.71,14,11.0,0.192,192,50.7,-10.85,6.6,-25.35,False,-65.55,6.6,-65.55,False,-57.45,6.6,-76.6,False,-64.6,6.6,-76.6,False,-66.05,6.6,-82.2,False,-103.95,6.6,-105.4,True,-103.95,6.6,-105.4,True,-103.95,42.55,249,-0.344,-0.616,-0.343,-3.125,-2.247,-3.93,-3.93,-3.93,bullish,bullish
92915,1,2025-10-09 10:15:00,2025-10-09 10:20:00,25051.75,False,25024.3,25072.8,-48.5,25.11,45,11.0,-0.093,161,126.7,20.15,23.1,-7.4,False,26.7,33.55,-7.4,False,37.0,39.55,-7.4,False,45.65,57.9,-7.4,False,84.5,105.95,-7.4,False,102.35,129.5,-7.4,False,79.05,130.7,-7.4,False,118.55,226.45,248,1.499,0.532,0.235,1.433,3.331,4.997,4.933,1.773,bullish,bullish
92930,1,2025-10-09 11:30:00,2025-10-09 11:35:00,25160.1,False,25131.05,25082.07,48.98,21.95,60,11.0,0.325,146,18.35,6.05,14.5,-0.15,False,-5.7,14.5,-11.5,False,14.6,21.15,-11.5,False,-19.6,21.15,-26.8,False,-15.7,21.15,-37.2,False,-13.0,21.15,-40.35,False,10.2,39.15,-40.35,True,10.2,118.1,248,-2.185,-3.139,-3.519,-2.271,2.965,2.591,-3.061,-3.061,bullish,bullish
92939,1,2025-10-09 12:15:00,2025-10-09 12:20:00,25153.95,False,25122.9,25090.44,32.46,21.13,69,11.0,0.318,137,24.5,-0.5,7.45,-3.3,False,-9.2,7.45,-13.5,False,-9.55,7.45,-21.9,False,-6.35,7.45,-32.5,False,-11.85,7.45,-34.2,False,-23.15,28.5,-34.2,False,16.35,45.3,-34.2,True,16.35,124.25,248,0.523,0.182,2.683,2.687,1.984,-0.183,-3.343,-3.343,bullish,bullish
92945,1,2025-10-09 12:45:00,2025-10-09 12:50:00,25147.75,False,25121.45,25094.45,27.0,19.29,75,11.0,0.292,131,30.7,-11.0,6.3,-15.15,False,-13.15,6.3,-15.15,False,-9.4,6.3,-20.1,False,-5.65,6.3,-28.0,False,-2.5,11.35,-28.0,False,-14.0,34.7,-28.0,False,22.55,51.5,-28.0,True,22.55,130.45,248,-0.618,-0.489,-0.86,-0.659,-2.18,-7.806,-5.986,-5.986,bullish,bullish
92958,1,2025-10-09 13:50:00,2025-10-09 13:55:00,25158.15,False,25134.1,25101.17,32.93,17.92,88,11.0,0.337,118,20.3,6.65,10.75,-0.7,False,15.85,19.1,-0.7,False,9.25,24.3,-0.7,False,-28.85,24.3,-37.65,False,3.45,24.3,-37.65,False,12.15,41.1,-37.65,True,12.15,41.1,-37.65,True,12.15,120.05,249,-0.162,-0.488,-0.759,-1.649,-4.571,-4.073,-4.073,-4.073,bullish,bullish
92965,1,2025-10-09 14:25:00,2025-10-09 14:30:00,25135.45,False,25120.5,25104.69,15.81,18.56,95,11.0,0.252,111,43.0,-6.25,14.2,-7.0,False,19.2,25.1,-7.0,False,18.1,30.1,-7.0,False,34.6,36.8,-9.05,False,34.85,63.8,-9.05,False,34.85,63.8,-9.05,True,34.85,63.8,-9.05,True,34.85,142.75,249,-0.832,-0.994,-1.336,0.851,-0.831,-0.831,-0.831,-0.831,bullish,bullish
92971,1,2025-10-09 14:55:00,2025-10-09 15:00:00,25169.05,False,25126.4,25107.24,19.16,20.82,101,11.0,0.382,105,9.4,13.2,24.7,0.0,False,27.65,30.2,-0.65,False,8.65,30.2,-0.65,False,1.25,30.2,-8.15,False,1.25,30.2,-8.15,True,1.25,30.2,-8.15,True,1.25,30.2,-8.15,True,1.25,109.15,248,-1.583,2.459,-0.558,-2.123,-2.123,-2.123,-2.123,-2.123,bullish,bullish
93057,1,2025-10-13 09:35:00,2025-10-13 09:40:00,25201.35,False,25152.3,25182.66,-30.36,26.55,187,11.0,0.098,19,-22.9,14.9,15.9,-3.85,False,28.25,31.1,-3.85,False,1.05,31.1,-3.85,False,-2.5,31.1,-28.35,False,10.15,31.1,-28.35,False,-20.7,31.1,-39.25,False,-2.9,31.1,-39.25,False,35.8,-78.0,248,-0.68,-3.02,-2.143,-2.525,-1.946,0.499,5.232,-0.378,bullish,bullish
93064,1,2025-10-13 10:10:00,2025-10-13 10:15:00,25199.35,False,25173.0,25183.42,-10.42,23.59,194,11.0,0.087,12,-20.9,-11.8,3.05,-12.75,False,-13.8,3.05,-23.65,False,6.95,10.15,-23.65,False,6.85,30.05,-23.65,False,-7.95,30.05,-23.65,False,-9.7,30.05,-37.25,False,8.15,30.05,-37.25,False,37.8,-76.0,248,1.012,2.507,1.54,1.841,4.375,5.601,6.125,2.781,bullish,bullish
93067,1,2025-10-13 10:25:00,2025-10-13 10:30:00,25207.85,False,25175.7,25183.54,-7.84,22.74,197,11.0,0.115,9,-29.4,-1.1,8.3,-7.85,False,3.65,12.85,-7.85,False,-1.65,21.55,-7.85,False,-16.25,21.55,-25.9,False,-26.05,21.55,-45.75,False,-16.85,21.55,-45.75,False,43.55,59.45,-45.75,False,29.3,-84.5,248,-0.278,-0.308,0.32,-0.101,3.902,4.785,1.901,1.26,bullish,bullish
93074,1,2025-10-13 11:00:00,2025-10-13 11:05:00,25194.75,False,25181.95,25184.17,-2.22,19.46,204,11.0,0.07,2,-16.3,2.0,6.5,-3.85,False,-3.35,6.5,-6.5,False,-16.3,6.5,-19.5,False,-13.7,6.5,-32.65,False,-14.05,7.25,-32.65,False,-23.6,15.9,-32.65,False,20.75,72.55,-32.65,False,42.4,-71.4,248,0.71,1.832,1.797,3.256,1.028,5.364,0.778,0.239,bullish,bullish
93107,1,2025-10-13 13:45:00,2025-10-13 13:50:00,25214.7,False,25168.85,25189.17,-20.32,18.82,13,4.5,0.147,44,-73.9,-19.1,2.3,-27.2,False,-29.05,2.3,-38.05,False,2.25,2.3,-38.05,False,-9.3,7.7,-38.05,False,22.3,52.6,-38.05,False,22.45,52.6,-38.05,True,22.45,52.6,-38.05,True,22.45,-91.35,249,-0.096,-0.186,-0.512,-0.699,-5.91,-4.097,-4.097,-4.097,bullish,bullish
93110,1,2025-10-13 14:00:00,2025-10-13 14:05:00,25216.25,False,25176.65,25189.99,-13.34,20.85,16,4.5,0.157,41,-75.45,2.5,6.15,-5.5,False,-8.75,6.15,-9.35,False,-10.85,6.15,-18.65,False,31.05,51.05,-20.7,False,-0.75,51.05,-20.7,False,20.9,51.05,-20.7,True,20.9,51.05,-20.7,True,20.9,-92.9,249,-0.273,-0.0,-0.188,-3.588,-3.049,-3.586,-3.586,-3.586,bullish,bullish
93115,1,2025-10-13 14:25:00,2025-10-13 14:30:00,25251.1,False,25195.55,25194.18,1.37,22.66,21,4.5,0.294,36,-110.3,-3.8,7.8,-3.8,False,-3.4,7.8,-4.65,False,-5.25,7.8,-22.55,False,-1.9,7.8,-22.55,False,-13.95,7.8,-35.85,False,-13.95,7.8,-35.85,True,-13.95,7.8,-35.85,True,-13.95,-127.75,249,-0.832,-0.994,-1.336,0.851,-0.831,-0.831,-0.831,-0.831,bullish,bullish
93128,1,2025-10-14 09:15:00,2025-10-14 09:20:00,25290.75,False,25215.25,25206.35,8.9,22.36,34,4.5,0.062,23,-149.95,11.0,19.6,-5.6,False,1.45,19.6,-7.75,False,-7.25,19.6,-9.1,False,-56.3,19.6,-68.5,False,-109.15,19.6,-117.65,False,-149.95,19.6,-153.0,False,-205.8,19.6,-230.2,False,-167.4,37.0,248,0.297,0.23,1.272,-1.986,-1.112,2.215,5.984,0.657,bullish,bullish
93139,1,2025-10-14 10:10:00,2025-10-14 10:15:00,25196.65,False,25176.25,25212.61,-36.36,23.91,45,4.5,-0.32,12,-55.85,-15.05,5.4,-23.55,False,-2.45,5.4,-31.9,False,13.8,16.35,-31.9,False,22.4,27.45,-31.9,False,-22.65,43.6,-37.35,False,-78.3,43.6,-94.95,False,-73.9,43.6,-136.1,False,-73.3,131.1,248,1.012,2.507,1.54,1.841,4.375,5.601,6.125,2.781,bullish,bullish
93142,1,2025-10-14 10:25:00,2025-10-14 10:30:00,25210.3,False,25164.75,25211.63,-46.88,24.44,48,4.5,-0.265,9,-69.5,4.65,8.05,-9.05,False,2.9,8.05,-9.05,False,8.75,13.8,-15.75,False,-8.65,29.95,-15.75,False,-68.75,29.95,-94.75,False,-119.95,29.95,-120.95,False,-65.0,29.95,-149.75,False,-86.95,117.45,248,-0.278,-0.308,0.32,-0.101,3.902,4.785,1.901,1.26,bullish,bullish
93203,1,2025-10-15 09:15:00,2025-10-15 09:20:00,25242.0,False,25112.7,25135.36,-22.66,32.33,14,11.15,0.23,811,535.7,0.55,13.05,-10.55,False,10.65,15.25,-10.55,False,11.5,25.95,-10.55,False,-20.35,25.95,-26.9,False,10.7,25.95,-32.9,False,50.4,84.45,-32.9,False,102.85,107.7,-32.9,False,85.75,324.3,248,0.297,0.23,1.272,-1.986,-1.112,2.215,5.984,0.657,bullish,bullish
93213,1,2025-10-15 10:05:00,2025-10-15 10:10:00,25229.6,False,25209.1,25160.06,49.04,24.85,24,11.15,0.19,801,548.1,21.65,22.85,-0.3,False,23.1,31.15,-0.3,False,43.35,47.15,-0.3,False,59.65,64.0,-0.3,False,64.5,96.85,-0.3,False,73.25,96.85,-0.3,False,101.0,135.55,-0.3,False,98.15,336.7,248,-0.629,0.413,1.908,0.614,2.654,3.203,5.267,2.182,bullish,bullish
93274,1,2025-10-15 15:10:00,2025-10-15 15:15:00,25328.2,False,25287.1,25253.08,34.02,16.47,85,11.15,0.58,740,449.5,0.7,3.6,-3.45,False,4.95,6.5,-3.45,False,-0.45,8.45,-4.35,False,-0.45,8.45,-4.35,True,-0.45,8.45,-4.35,True,-0.45,8.45,-4.35,True,-0.45,8.45,-4.35,True,-0.45,238.1,248,-0.51,-0.185,-1.622,-1.622,-1.622,-1.622,-1.622,-1.622,bullish,bullish
93966,1,2025-10-31 09:20:00,2025-10-31 09:25:00,25895.8,False,25822.1,25778.74,43.36,25.43,777,11.15,0.122,48,-118.1,19.1,32.0,-4.05,False,51.5,53.05,-4.05,False,45.3,57.95,-4.05,False,27.6,57.95,-4.05,False,-64.6,57.95,-68.8,False,-103.9,57.95,-132.45,False,-103.65,57.95,-132.45,False,-163.25,-121.5,248,0.008,1.051,0.765,-1.331,0.161,0.94,5.337,0.435,bullish,bullish
93982,1,2025-10-31 10:40:00,2025-10-31 10:45:00,25818.2,False,25788.6,25780.79,7.81,25.99,793,11.15,-0.174,32,-40.5,7.4,12.5,-1.0,False,-12.8,12.5,-12.8,False,-17.05,12.5,-20.35,False,-41.0,12.5,-54.85,False,-11.95,12.5,-54.85,False,-26.75,16.55,-54.85,False,-43.95,16.55,-75.8,False,-85.65,-43.9,248,0.503,-0.905,-0.519,2.436,0.764,6.602,0.335,0.842,bullish,bullish
93989,1,2025-10-31 11:15:00,2025-10-31 11:20:00,25787.65,False,25763.35,25780.9,-17.55,23.24,800,11.15,-0.295,25,-9.95,4.25,6.4,-7.9,False,-9.95,6.4,-13.1,False,8.1,9.8,-13.95,False,7.3,21.9,-13.95,False,22.95,47.1,-13.95,False,20.7,47.1,-13.95,False,-74.3,47.1,-76.45,False,-55.1,-13.35,248,-1.083,1.053,1.429,-2.046,1.636,3.739,-0.475,-1.588,bullish,bullish
93994,1,2025-10-31 11:40:00,2025-10-31 11:45:00,25805.25,False,25773.7,25780.96,-7.26,21.53,805,11.15,-0.223,20,-27.55,-10.3,2.95,-11.15,False,12.65,12.95,-13.9,False,14.55,14.55,-13.9,False,-7.1,29.5,-13.9,False,-13.8,29.5,-25.35,False,-39.9,29.5,-46.55,False,-72.7,29.5,-94.05,True,-72.7,-30.95,248,-0.372,0.013,0.428,2.906,5.846,4.621,0.086,0.086,bullish,bullish
94005,1,2025-10-31 12:35:00,2025-10-31 12:40:00,25798.25,False,25779.9,25781.28,-1.38,18.87,816,11.15,-0.251,9,-20.55,-6.8,9.7,-10.25,False,-7.2,9.7,-13.7,False,-6.7,9.7,-13.7,False,14.8,18.15,-13.7,False,-35.65,18.15,-39.55,False,-24.25,18.15,-55.85,False,-65.7,18.15,-87.05,True,-65.7,-23.95,248,-0.635,-0.364,-1.026,-0.534,-0.784,-6.591,-6.394,-6.394,bullish,bullish
94026,-1,2025-10-31 14:20:00,2025-10-31 14:25:00,25760.0,False,25790.1,25778.91,11.19,17.8,11,2.2,-0.399,30,-12.25,-22.1,2.1,-25.0,False,-21.8,2.1,-26.4,False,-14.0,2.1,-26.4,False,17.6,19.6,-26.4,False,31.65,48.8,-26.4,False,27.45,48.8,-26.4,True,27.45,48.8,-26.4,True,27.45,-14.3,249,1.6,2.407,2.569,2.903,0.973,2.405,2.405,2.405,bullish,bullish
94029,-1,2025-10-31 14:35:00,2025-10-31 14:40:00,25772.85,False,25786.4,25778.42,7.98,18.34,14,2.2,-0.347,27,0.6,-1.4,3.9,-7.9,False,4.5,9.3,-7.9,False,30.45,32.45,-7.9,False,54.3,56.3,-7.9,False,40.3,61.65,-7.9,True,40.3,61.65,-7.9,True,40.3,61.65,-7.9,True,40.3,-1.45,249,0.311,1.619,0.304,-4.758,-0.194,-0.194,-0.194,-0.194,bullish,bullish
94050,-1,2025-11-03 10:05:00,2025-11-03 10:10:00,25713.2,False,25761.95,25750.21,11.74,26.32,35,2.2,0.062,6,-59.05,0.85,2.55,-11.4,False,-0.85,17.85,-15.9,False,-10.4,17.85,-15.9,False,-45.65,17.85,-49.25,False,-45.1,17.85,-60.25,False,1.4,17.85,-60.25,False,-42.95,17.85,-67.55,False,-61.1,126.95,248,0.629,-0.413,-1.908,-0.614,-2.654,-3.203,-5.267,-2.182,flat,bullish
94061,1,2025-11-03 11:00:00,2025-11-03 11:05:00,25752.2,False,25736.7,25740.25,-3.55,22.26,4,10.3,0.214,6,-16.0,6.1,7.5,-1.8,False,1.7,9.55,-1.8,False,5.25,9.55,-3.95,False,0.25,9.55,-9.1,False,-30.45,9.55,-44.35,False,-8.45,9.55,-55.2,False,0.45,50.9,-55.2,False,22.1,-165.95,248,0.71,1.832,1.797,3.256,1.028,5.364,0.778,0.239,flat,bullish
94078,-1,2025-11-03 12:25:00,2025-11-03 12:30:00,25713.9,False,25733.8,25731.81,1.99,16.98,10,0.5,0.064,3,-28.35,0.8,16.9,-0.45,False,-4.05,16.9,-6.25,False,-19.3,16.9,-23.2,False,-41.15,16.9,-42.05,False,-40.4,16.9,-50.8,False,-69.75,16.9,-89.2,False,-60.4,16.9,-89.2,True,-60.4,127.65,248,-2.494,-2.85,-2.227,-1.964,-1.613,2.892,3.533,3.533,flat,bullish
94096,1,2025-11-03 13:55:00,2025-11-03 14:00:00,25765.15,False,25726.95,25744.45,-17.5,17.39,14,8.45,0.266,20,-34.6,2.65,15.6,-0.7,False,-9.0,15.6,-14.15,False,5.65,15.6,-14.15,False,18.5,37.95,-14.15,False,-6.15,37.95,-28.6,False,9.15,37.95,-28.6,True,9.15,37.95,-28.6,True,9.15,-178.9,249,-0.344,-0.616,-0.343,-3.125,-2.247,-3.93,-3.93,-3.93,flat,bullish
94099,1,2025-11-03 14:10:00,2025-11-03 14:15:00,25771.1,False,25751.0,25747.42,3.58,17.41,17,8.45,0.288,17,-40.55,15.6,27.0,-0.85,False,25.85,32.0,-0.85,False,12.55,32.0,-0.85,False,5.8,32.0,-0.85,False,-5.15,32.0,-34.55,False,3.2,32.0,-34.55,True,3.2,32.0,-34.55,True,3.2,-184.85,249,-0.3,-1.275,-2.894,-4.204,-2.141,-3.699,-3.699,-3.699,flat,bullish
94110,1,2025-11-03 15:05:00,2025-11-03 15:10:00,25764.85,False,25736.55,25755.48,-18.93,17.47,28,8.45,0.265,6,-34.3,1.1,8.15,-4.85,False,5.05,9.4,-4.85,False,2.4,9.4,-4.85,False,9.45,21.05,-4.85,True,9.45,21.05,-4.85,True,9.45,21.05,-4.85,True,9.45,21.05,-4.85,True,9.45,-178.6,248,-3.074,-3.526,-3.201,-4.638,-4.638,-4.638,-4.638,-4.638,flat,bullish
94121,-1,2025-11-04 09:45:00,2025-11-04 09:50:00,25692.05,False,25718.8,25754.96,-36.16,21.32,4,6.0,-0.201,230,89.35,-9.3,6.95,-12.8,False,-13.65,6.95,-22.15,False,-24.6,6.95,-30.2,False,8.1,18.15,-30.2,False,-5.05,18.15,-30.2,False,27.35,43.15,-30.2,False,25.8,46.05,-30.2,False,105.8,172.1,248,-0.921,-1.959,-0.102,-0.917,-2.347,-2.228,-6.492,-2.686,flat,bullish
94125,-1,2025-11-04 10:05:00,2025-11-04 10:10:00,25701.2,False,25722.25,25747.17,-24.92,20.32,8,6.0,-0.168,226,98.5,2.65,5.5,-5.7,False,17.25,27.3,-5.7,False,-1.0,27.3,-5.7,False,-0.05,27.3,-16.7,False,14.15,27.3,-19.35,False,30.65,52.3,-19.35,False,54.55,60.85,-19.35,False,114.95,181.25,248,0.629,-0.413,-1.908,-0.614,-2.654,-3.203,-5.267,-2.182,flat,bullish
94132,-1,2025-11-04 10:40:00,2025-11-04 10:45:00,25693.1,False,25717.9,25736.89,-18.99,18.69,15,6.0,-0.199,219,90.4,-4.0,4.45,-5.0,False,-3.25,5.0,-8.7,False,-17.55,5.0,-18.65,False,8.4,16.1,-27.45,False,30.65,44.2,-27.45,False,13.75,44.2,-27.45,False,83.2,100.45,-27.45,False,106.85,173.15,248,-0.503,0.905,0.519,-2.436,-0.764,-6.602,-0.335,-0.842,flat,bullish
94137,-1,2025-11-04 11:05:00,2025-11-04 11:10:00,25686.95,False,25720.55,25731.63,-11.08,17.71,20,6.0,-0.224,214,84.25,2.25,9.95,-0.8,False,1.65,9.95,-0.8,False,16.15,18.4,-5.1,False,26.35,33.8,-5.1,False,16.4,38.05,-5.1,False,13.0,38.05,-5.1,False,89.65,102.6,-5.1,False,100.7,167.0,248,-1.093,-1.057,-0.004,-0.375,-0.519,-5.359,-4.081,0.501,flat,bullish
94153,-1,2025-11-04 12:25:00,2025-11-04 12:30:00,25671.25,False,25690.4,25713.84,-23.44,15.94,36,6.0,-0.288,198,68.55,-0.7,6.05,-4.4,False,1.2,6.05,-7.7,False,-8.1,7.0,-8.85,False,1.4,13.3,-15.55,False,-0.3,25.25,-15.55,False,56.2,78.6,-15.55,False,85.0,92.85,-15.55,True,85.0,151.3,248,-2.494,-2.85,-2.227,-1.964,-1.613,2.892,3.533,3.533,flat,bullish
94171,-1,2025-11-04 13:55:00,2025-11-04 14:00:00,25656.95,False,25683.05,25702.25,-19.2,15.68,54,6.0,-0.339,180,54.25,10.95,15.7,-0.95,False,10.3,16.6,-0.95,False,39.9,49.55,-0.95,False,41.9,64.3,-0.95,False,49.65,72.6,-0.95,False,70.7,78.55,-0.95,True,70.7,78.55,-0.95,True,70.7,137.0,249,0.344,0.616,0.343,3.125,2.247,3.93,3.93,3.93,flat,bullish
94192,-1,2025-11-06 09:25:00,2025-11-06 09:30:00,25625.6,False,25679.15,25682.61,-3.46,24.6,75,6.0,0.13,159,22.9,-2.15,16.2,-4.25,False,-3.3,16.2,-7.25,False,15.6,25.5,-7.25,False,-3.35,26.3,-8.3,False,88.65,94.05,-14.1,False,82.6,104.85,-14.1,False,41.75,104.85,-14.1,False,105.65,115.55,248,-1.121,-0.835,-0.203,0.222,0.736,-3.147,-5.651,-0.505,flat,bullish
94236,-1,2025-11-06 13:05:00,2025-11-06 13:10:00,25573.9,False,25616.85,25644.77,-27.92,20.53,119,6.0,-0.082,115,-28.8,-9.7,12.1,-11.3,False,-2.6,12.1,-23.05,False,-20.4,12.1,-29.2,False,-3.55,12.1,-29.2,False,33.1,57.95,-29.2,False,62.55,72.55,-29.2,False,53.95,82.35,-29.2,True,53.95,63.85,248,-0.392,0.534,0.958,0.251,2.776,1.279,5.861,5.861,flat,bullish
94243,-1,2025-11-06 13:40:00,2025-11-06 13:45:00,25567.4,False,25603.1,25641.74,-38.64,21.4,126,6.0,-0.101,108,-35.3,25.85,27.75,-6.3,False,48.45,49.85,-6.3,False,27.5,51.45,-6.3,False,14.45,51.45,-6.3,False,25.0,51.45,-6.3,False,47.45,75.85,-6.3,True,47.45,75.85,-6.3,True,47.45,57.35,248,0.712,0.774,0.834,1.173,5.025,4.518,4.518,4.518,flat,bullish
94320,-1,2025-11-07 13:50:00,2025-11-07 13:55:00,25524.85,False,25551.25,25576.02,-24.77,17.87,203,6.0,0.362,31,-77.85,30.95,33.5,-0.6,False,55.95,56.6,-0.6,False,51.5,68.25,-0.6,False,8.65,68.25,-0.6,False,29.1,68.25,-15.65,False,14.8,68.25,-15.65,True,14.8,68.25,-15.65,True,14.8,-49.4,249,0.162,0.488,0.759,1.649,4.571,4.073,4.073,4.073,flat,bullish
94329,-1,2025-11-07 14:35:00,2025-11-07 14:40:00,25515.75,False,25540.5,25572.95,-32.45,19.74,212,6.0,0.32,22,-86.95,3.0,8.0,-3.15,False,11.75,14.45,-3.15,False,20.0,21.05,-3.15,False,33.6,42.65,-3.15,False,5.7,42.65,-3.15,True,5.7,42.65,-3.15,True,5.7,42.65,-3.15,True,5.7,-58.5,249,0.311,1.619,0.304,-4.758,-0.194,-0.194,-0.194,-0.194,flat,bullish
94348,-1,2025-11-10 09:55:00,2025-11-10 10:00:00,25568.2,False,25595.75,25569.4,26.35,25.58,231,6.0,0.253,3,-34.5,12.6,15.1,-7.15,False,1.85,15.9,-7.15,False,-7.8,15.9,-11.35,False,-47.4,15.9,-53.85,False,-44.0,15.9,-57.05,False,-52.65,15.9,-83.75,False,-31.75,15.9,-85.25,False,-6.05,-137.35,248,1.837,1.4,2.064,0.493,0.614,-1.089,-4.431,-0.748,flat,bullish
94360,1,2025-11-10 10:55:00,2025-11-10 11:00:00,25612.8,False,25587.75,25599.53,-11.78,19.94,8,6.95,0.426,32,-5.25,13.4,16.25,-2.55,False,10.5,19.2,-2.55,False,17.1,19.2,-2.55,False,37.0,39.15,-2.55,False,8.05,39.15,-2.55,False,34.4,39.35,-2.55,False,-6.9,40.65,-33.3,False,-38.55,92.75,248,1.062,1.788,2.91,3.957,1.658,6.813,3.005,1.316,flat,bullish
94376,1,2025-11-10 12:15:00,2025-11-10 12:20:00,25628.65,False,25618.75,25618.43,0.32,14.04,24,6.95,0.492,16,-21.1,3.8,11.15,-4.35,False,4.4,11.15,-4.35,False,5.35,13.25,-4.35,False,16.45,19.4,-4.35,False,5.8,24.8,-4.35,False,-6.05,24.8,-49.15,False,-54.4,24.8,-66.55,True,-54.4,76.9,248,0.523,0.182,2.683,2.687,1.984,-0.183,-3.343,-3.343,flat,bullish
94390,1,2025-11-10 13:25:00,2025-11-10 13:30:00,25637.65,False,25624.35,25625.38,-1.03,11.69,38,6.95,0.528,2,-30.1,-2.25,4.95,-5.0,False,-1.45,4.95,-5.0,False,-30.1,4.95,-30.1,False,-37.7,4.95,-58.15,False,-0.85,11.8,-58.15,False,-63.4,11.8,-75.55,False,-63.4,11.8,-75.55,True,-63.4,67.9,248,0.497,0.454,-0.621,-1.472,-4.515,-5.156,-5.156,-5.156,flat,bullish
94403,-1,2025-11-10 14:30:00,2025-11-10 14:35:00,25627.75,False,25649.45,25626.26,23.19,14.77,10,16.8,0.488,59,18.7,-1.5,5.05,-9.05,False,25.0,26.6,-9.05,False,21.9,31.1,-9.05,False,37.4,44.05,-9.05,False,53.5,65.65,-9.05,True,53.5,65.65,-9.05,True,53.5,65.65,-9.05,True,53.5,-77.8,249,0.154,0.496,1.803,-0.547,-0.01,-0.01,-0.01,-0.01,flat,bullish
94426,-1,2025-11-11 10:10:00,2025-11-11 10:15:00,25502.3,False,25537.4,25587.18,-49.78,23.68,33,16.8,-0.449,36,-106.75,-4.1,5.1,-10.0,False,11.8,14.7,-10.0,False,10.4,14.7,-10.0,False,44.1,53.05,-10.0,False,23.85,53.05,-10.0,False,-36.0,53.05,-54.15,False,-144.9,53.05,-170.5,False,-203.25,-371.7,248,-1.012,-2.507,-1.54,-1.841,-4.375,-5.601,-6.125,-2.781,flat,bullish
94459,-1,2025-11-11 12:55:00,2025-11-11 13:00:00,25568.15,False,25590.55,25554.15,36.4,17.09,66,16.8,-0.194,3,-40.9,-0.05,6.65,-3.45,False,-3.5,6.65,-12.35,False,-20.2,6.65,-20.2,False,-40.2,6.65,-49.9,False,-66.9,6.65,-104.65,False,-108.4,6.65,-131.75,False,-137.4,6.65,-147.65,True,-137.4,-305.85,248,0.43,-0.304,-0.697,0.41,1.872,3.867,5.556,5.556,flat,bullish
94475,1,2025-11-11 14:15:00,2025-11-11 14:20:00,25679.0,False,25622.25,25622.47,-0.22,22.06,12,18.5,0.244,165,109.7,7.55,8.3,-9.15,False,11.05,14.85,-9.15,False,17.7,20.9,-9.15,False,-11.65,20.9,-25.3,False,21.85,23.75,-25.3,False,26.55,36.8,-25.3,True,26.55,36.8,-25.3,True,26.55,195.0,249,-0.926,-2.545,-3.351,-5.162,-2.241,-3.349,-3.349,-3.349,flat,bullish
94482,1,2025-11-11 14:50:00,2025-11-11 14:55:00,25680.8,False,25653.7,25638.72,14.98,21.78,19,18.5,0.252,158,107.9,-4.25,2.65,-10.05,False,13.05,21.95,-10.05,False,0.55,21.95,-10.05,False,23.35,26.65,-10.2,False,24.75,35.0,-10.2,True,24.75,35.0,-10.2,True,24.75,35.0,-10.2,True,24.75,193.2,248,2.2,1.05,5.093,1.948,0.511,0.511,0.511,0.511,flat,bullish
94567,1,2025-11-13 09:25:00,2025-11-13 09:30:00,25875.8,False,25808.4,25815.79,-7.39,21.61,104,18.5,-0.118,73,-87.1,-26.65,1.95,-28.4,False,-35.6,1.95,-43.9,False,-18.8,1.95,-43.9,False,1.85,12.6,-43.9,False,36.65,39.5,-43.9,False,93.55,102.7,-43.9,False,105.2,113.85,-43.9,False,8.3,41.0,248,1.121,0.835,0.203,-0.222,-0.736,3.147,5.651,0.505,flat,bullish
94571,1,2025-11-13 09:45:00,2025-11-13 09:50:00,25880.45,False,25831.9,25817.22,14.68,22.75,108,18.5,-0.101,69,-91.75,-15.5,7.95,-15.65,False,-2.8,7.95,-21.65,False,-4.1,7.95,-21.65,False,21.95,26.8,-21.65,False,59.6,59.95,-21.65,False,88.5,98.05,-21.65,False,105.55,130.25,-21.65,False,3.65,36.35,248,0.921,1.959,0.102,0.917,2.347,2.228,6.492,2.686,flat,bullish
94625,1,2025-11-13 14:15:00,2025-11-13 14:20:00,25917.3,False,25871.1,25860.29,10.81,20.46,162,18.5,0.044,15,-128.6,-6.8,2.35,-24.4,False,4.3,5.35,-24.4,False,-1.75,15.55,-24.4,False,5.5,22.65,-24.4,False,-44.55,22.65,-51.15,False,-33.2,22.65,-51.15,True,-33.2,22.65,-51.15,True,-33.2,-0.5,249,-0.926,-2.545,-3.351,-5.162,-2.241,-3.349,-3.349,-3.349,flat,bullish
94630,1,2025-11-13 14:40:00,2025-11-13 14:45:00,25923.8,False,25906.0,25861.93,44.07,20.71,167,18.5,0.069,10,-135.1,-1.0,7.6,-4.5,False,-24.15,7.6,-41.65,False,-45.1,7.6,-45.3,False,-45.25,7.6,-57.65,False,-39.7,7.6,-57.65,True,-39.7,7.6,-57.65,True,-39.7,7.6,-57.65,True,-39.7,-7.0,248,-1.372,-0.052,2.137,2.013,0.448,0.448,0.448,0.448,flat,bullish
94639,1,2025-11-13 15:25:00,2025-11-14 09:15:00,25767.9,True,25866.15,25863.24,2.91,20.51,176,18.5,-0.085,1,20.8,42.8,58.85,-1.6,False,20.8,58.85,-1.6,False,55.3,58.85,-1.6,False,88.3,111.25,-1.6,False,12.15,111.25,-3.0,False,87.35,111.25,-16.2,False,31.7,111.25,-16.2,False,148.9,246.4,0,,,,,,,,,flat,bullish
94647,-1,2025-11-14 09:50:00,2025-11-14 09:55:00,25792.25,False,25879.15,25835.62,43.53,31.97,6,19.7,0.095,61,-94.0,-18.45,2.05,-25.75,False,17.6,27.35,-25.75,False,2.65,27.35,-25.75,False,5.9,27.35,-25.75,False,-45.15,40.55,-45.55,False,-7.75,40.55,-71.8,False,47.0,51.45,-71.8,False,-124.55,-222.05,248,-1.049,0.808,0.371,-1.502,-0.029,-1.702,-5.52,-1.776,flat,bullish
94664,-1,2025-11-14 11:15:00,2025-11-14 11:20:00,25821.65,False,25864.05,25815.18,48.87,27.86,23,19.7,0.21,44,-64.6,3.25,7.7,-6.35,False,6.45,8.5,-6.35,False,13.05,22.55,-6.35,False,22.75,35.5,-6.35,False,-4.5,35.5,-13.3,False,15.3,39.9,-17.6,False,-96.5,80.85,-118.55,False,-95.15,-192.65,248,1.083,-1.053,-1.429,2.046,-1.636,-3.739,0.475,1.588,flat,bullish
94679,-1,2025-11-14 12:30:00,2025-11-14 12:35:00,25808.95,False,25839.25,25813.32,25.93,21.0,38,19.7,0.154,29,-77.3,4.1,6.45,-8.55,False,-2.1,6.45,-8.55,False,-4.5,16.9,-8.55,False,21.35,22.65,-8.55,False,2.9,27.2,-11.25,False,25.85,68.15,-11.25,False,-107.85,68.15,-131.25,True,-107.85,-205.35,248,-0.34,0.284,0.013,0.918,0.391,6.177,6.043,6.043,flat,bullish
94692,-1,2025-11-14 13:35:00,2025-11-14 13:40:00,25769.45,False,25820.2,25810.6,9.6,19.63,51,19.7,-0.003,16,-116.8,7.0,10.15,-6.4,False,6.55,22.45,-6.4,False,24.2,28.65,-6.4,False,-1.2,28.65,-8.15,False,-24.8,28.65,-27.85,False,-147.35,28.65,-170.75,True,-147.35,28.65,-170.75,True,-147.35,-244.85,248,1.066,1.795,1.857,2.516,5.798,5.601,5.601,5.601,flat,bullish
94707,-1,2025-11-14 14:50:00,2025-11-14 14:55:00,25768.55,False,25802.7,25802.25,0.45,19.81,66,19.7,0.002,1,-117.7,2.25,9.45,-9.15,False,-117.7,9.45,-125.0,False,-168.9,9.45,-168.9,False,-163.05,9.45,-171.65,False,-148.25,9.45,-171.65,True,-148.25,9.45,-171.65,True,-148.25,9.45,-171.65,True,-148.25,-245.75,248,-2.2,-1.05,-5.093,-1.948,-0.511,-0.511,-0.511,-0.511,flat,bullish
94733,1,2025-11-17 10:45:00,2025-11-17 10:50:00,25939.8,False,25924.75,25882.66,42.09,19.86,24,83.55,-0.031,125,-16.6,-3.55,0.15,-10.5,False,3.4,5.8,-10.5,False,8.85,14.4,-10.5,False,-0.25,14.4,-10.5,False,3.55,14.4,-24.7,False,48.75,56.1,-24.7,False,53.2,83.45,-24.7,False,74.5,-45.1,248,-1.401,-1.015,0.093,1.904,-0.112,6.376,-1.474,0.346,flat,bullish
94744,1,2025-11-17 11:40:00,2025-11-17 11:45:00,25943.5,False,25915.1,25895.01,20.09,16.03,35,83.55,-0.019,114,-20.3,-0.15,2.0,-9.8,False,12.5,13.55,-9.8,False,21.8,27.5,-9.8,False,24.15,30.3,-9.8,False,43.7,47.2,-9.8,False,50.0,54.2,-9.8,False,70.8,80.7,-9.8,True,70.8,-48.8,248,-0.372,0.013,0.428,2.906,5.846,4.621,0.086,0.086,flat,bullish
94751,1,2025-11-17 12:15:00,2025-11-17 12:20:00,25975.6,False,25949.25,25903.01,46.24,15.3,42,83.55,0.104,107,-52.4,-2.9,1.1,-8.15,False,-8.0,1.1,-8.65,False,2.75,3.25,-12.9,False,12.95,20.3,-12.9,False,4.2,21.3,-12.9,False,7.4,47.65,-12.9,False,38.7,48.6,-12.9,True,38.7,-80.9,248,0.523,0.182,2.683,2.687,1.984,-0.183,-3.343,-3.343,flat,bullish
94767,1,2025-11-17 13:35:00,2025-11-17 13:40:00,25984.25,False,25965.65,25920.18,45.47,12.92,58,83.55,0.138,91,-61.05,9.25,13.45,-4.15,False,11.2,16.35,-4.15,False,10.05,18.95,-4.15,False,27.6,39.0,-4.15,False,20.0,39.0,-4.25,False,30.05,39.95,-7.05,True,30.05,39.95,-7.05,True,30.05,-89.55,248,-1.066,-1.795,-1.857,-2.516,-5.798,-5.601,-5.601,-5.601,flat,bullish
94778,1,2025-11-17 14:30:00,2025-11-17 14:35:00,26001.8,False,25980.0,25930.57,49.43,14.47,69,83.55,0.209,80,-78.6,2.45,3.3,-7.15,False,-20.65,6.8,-21.8,False,-8.8,6.8,-24.6,False,8.25,11.35,-24.6,False,12.5,22.4,-24.6,True,12.5,22.4,-24.6,True,12.5,22.4,-24.6,True,12.5,-107.1,249,-0.154,-0.496,-1.803,0.547,0.01,0.01,0.01,0.01,flat,bullish
94818,1,2025-11-18 11:35:00,2025-11-18 11:40:00,25944.15,False,25924.2,25935.68,-11.48,15.52,109,83.55,-0.3,40,-20.95,12.2,12.5,0.0,False,28.7,33.2,0.0,False,31.55,39.05,0.0,False,23.55,39.05,0.0,False,-3.9,39.05,-13.35,False,41.7,43.65,-16.55,False,-49.45,53.0,-67.65,True,-49.45,108.55,248,-0.965,-1.344,-0.96,0.134,5.497,4.724,-0.886,-0.886,flat,bullish
94835,1,2025-11-18 13:00:00,2025-11-18 13:05:00,25960.25,False,25927.6,25938.06,-10.46,14.78,126,83.55,-0.237,23,-37.05,1.0,3.4,-4.15,False,-6.75,4.95,-7.05,False,7.1,12.85,-7.3,False,14.4,17.25,-7.3,False,25.35,27.55,-7.3,False,-37.05,36.9,-41.4,False,-65.55,36.9,-83.75,True,-65.55,92.45,248,0.747,1.139,0.214,0.539,-1.765,-4.574,-5.113,-5.113,flat,bullish
94847,1,2025-11-18 14:00:00,2025-11-18 14:05:00,25985.5,False,25964.7,25940.66,24.04,13.75,138,83.55,-0.139,11,-62.3,-10.75,11.65,-13.8,False,3.2,11.65,-13.9,False,-11.2,11.65,-13.9,False,-22.7,11.65,-32.9,False,-62.3,11.65,-66.65,False,-90.8,11.65,-109.0,True,-90.8,11.65,-109.0,True,-90.8,67.2,249,-0.273,-0.0,-0.188,-3.588,-3.049,-3.586,-3.586,-3.586,flat,bullish
94871,-1,2025-11-19 09:45:00,2025-11-19 09:50:00,25891.95,False,25915.3,25930.94,-15.64,23.97,12,4.4,-0.101,26,-98.25,-20.15,8.15,-20.15,False,-28.4,8.15,-32.1,False,-35.2,8.15,-35.6,False,-73.85,8.15,-76.3,False,-62.55,8.15,-87.2,False,-82.8,8.15,-87.2,False,-118.25,8.15,-146.95,False,-160.75,-305.45,248,-0.921,-1.959,-0.102,-0.917,-2.347,-2.228,-6.492,-2.686,flat,bullish
94882,-1,2025-11-19 10:40:00,2025-11-19 10:45:00,25962.7,False,25979.15,25935.99,43.16,19.22,23,4.4,0.174,15,-27.5,8.2,16.3,-6.9,False,-4.75,16.3,-7.05,False,10.6,16.3,-7.05,False,35.7,37.1,-7.05,False,-6.2,44.9,-9.4,False,-54.9,44.9,-69.0,False,-98.8,44.9,-111.95,False,-90.0,-234.7,248,-0.503,0.905,0.519,-2.436,-0.764,-6.602,-0.335,-0.842,flat,bullish
94919,1,2025-11-19 13:45:00,2025-11-19 13:50:00,26011.15,False,25987.3,25995.01,-7.71,13.46,21,11.05,0.355,104,83.15,0.9,3.7,-2.05,False,-4.3,6.6,-4.3,False,3.65,6.6,-17.75,False,33.5,37.2,-17.75,False,47.45,63.5,-17.75,False,41.55,63.5,-17.75,True,41.55,63.5,-17.75,True,41.55,186.25,249,-0.096,-0.186,-0.512,-0.699,-5.91,-4.097,-4.097,-4.097,flat,bullish
94940,1,2025-11-20 09:15:00,2025-11-20 09:20:00,26099.45,False,26041.15,26015.46,25.69,17.23,42,11.05,-0.124,83,-5.15,-3.15,5.95,-18.95,False,5.5,5.95,-18.95,False,5.05,11.95,-18.95,False,-10.8,12.45,-36.25,False,4.05,12.45,-36.25,False,28.35,45.6,-36.25,False,83.25,86.35,-36.25,False,97.95,-35.5,248,0.297,0.23,1.272,-1.986,-1.112,2.215,5.984,0.657,flat,bullish
94954,1,2025-11-20 10:25:00,2025-11-20 10:30:00,26114.0,False,26063.2,26032.26,30.94,17.35,56,11.05,-0.07,69,-19.7,3.8,7.95,-1.25,False,5.6,7.95,-1.25,False,14.4,16.85,-1.25,False,16.55,31.05,-1.25,False,22.6,31.05,-1.25,False,46.0,48.65,-1.25,False,86.55,132.65,-1.25,False,83.4,-50.05,248,-0.278,-0.308,0.32,-0.101,3.902,4.785,1.901,1.26,flat,bullish
95016,1,2025-11-21 09:20:00,2025-11-21 09:25:00,26159.7,False,26094.45,26100.36,-5.91,26.46,118,11.05,0.19,7,-65.4,-1.5,10.25,-3.5,False,-8.35,14.3,-10.65,False,-12.2,14.3,-20.0,False,-50.55,14.3,-50.65,False,-91.25,14.3,-103.75,False,-69.5,14.3,-103.75,False,-51.3,19.5,-103.75,False,-95.75,-216.35,248,0.008,1.051,0.765,-1.331,0.161,0.94,5.337,0.435,flat,bullish
95037,-1,2025-11-21 11:05:00,2025-11-21 11:10:00,26083.45,False,26095.35,26094.19,1.16,19.48,13,0.15,-0.1,0,-23.25,-23.25,0.05,-27.1,False,-16.1,0.05,-27.1,False,-6.75,0.05,-27.1,False,-7.45,3.5,-27.1,False,-24.1,12.5,-27.45,False,-77.7,12.5,-95.75,False,13.25,17.7,-95.75,False,19.5,140.1,248,-1.093,-1.057,-0.004,-0.375,-0.519,-5.359,-4.081,0.501,flat,bullish
95056,1,2025-11-21 12:40:00,2025-11-21 12:45:00,26149.0,False,26135.1,26099.03,36.07,16.13,18,11.35,0.151,11,-45.6,13.95,14.6,-0.45,False,23.2,30.2,-0.45,False,17.0,30.2,-0.45,False,-13.45,30.2,-15.05,False,-45.6,30.2,-47.65,False,-20.9,30.2,-49.65,False,-85.05,30.2,-96.8,True,-85.05,-205.65,248,0.306,-0.356,-0.228,0.528,-1.19,-6.232,-5.724,-5.724,flat,bullish
95066,1,2025-11-21 13:30:00,2025-11-21 13:35:00,26123.2,False,26104.75,26110.57,-5.82,16.12,28,11.35,0.046,1,-19.8,-4.05,3.35,-11.9,False,-19.8,3.35,-21.85,False,-9.6,3.35,-23.85,False,9.65,15.75,-23.85,False,27.4,32.2,-23.85,False,-59.25,38.5,-71.0,True,-59.25,38.5,-71.0,True,-59.25,-179.85,248,-0.016,-1.091,-1.82,-2.277,-5.759,-5.625,-5.625,-5.625,flat,bullish
95080,-1,2025-11-21 14:40:00,2025-11-21 14:45:00,26126.95,False,26161.7,26137.84,23.86,15.06,12,1.35,0.071,25,-10.5,20.35,20.5,-6.5,False,34.4,35.05,-6.5,False,56.6,59.2,-6.5,False,57.6,62.9,-6.5,False,63.0,74.75,-6.5,True,63.0,74.75,-6.5,True,63.0,74.75,-6.5,True,63.0,183.6,248,1.372,0.052,-2.137,-2.013,-0.448,-0.448,-0.448,-0.448,flat,bullish
95095,-1,2025-11-24 09:40:00,2025-11-24 09:45:00,26076.2,False,26137.55,26117.27,20.28,20.41,27,1.35,-0.187,10,-61.25,-19.5,11.5,-21.25,False,-11.05,11.5,-31.7,False,-9.2,11.5,-31.7,False,-52.3,11.5,-54.15,False,-54.75,11.5,-66.6,False,-40.95,11.5,-66.6,False,-10.35,29.45,-66.6,False,132.85,215.9,248,2.264,1.387,0.348,2.433,0.561,-0.301,-4.913,-0.379,flat,bullish
95102,-1,2025-11-24 10:15:00,2025-11-24 10:20:00,26114.3,False,26130.35,26115.16,15.19,19.76,34,1.35,-0.034,3,-23.15,-10.85,0.25,-14.4,False,-6.95,0.25,-14.5,False,-15.1,0.25,-16.3,False,-17.75,0.25,-28.5,False,20.8,26.2,-28.5,False,36.85,51.1,-28.5,False,74.75,79.75,-28.5,False,170.95,254.0,248,-1.499,-0.532,-0.235,-1.433,-3.331,-4.997,-4.933,-1.773,flat,bullish
95119,-1,2025-11-24 11:40:00,2025-11-24 11:45:00,26117.3,False,26130.95,26114.48,16.47,14.02,9,2.1,-0.022,126,68.1,19.65,21.0,0.0,False,47.45,49.0,0.0,False,39.9,54.1,0.0,False,48.2,54.1,0.0,False,39.3,70.55,0.0,False,30.75,70.55,0.0,False,173.95,205.15,0.0,True,173.95,257.0,248,0.372,-0.013,-0.428,-2.906,-5.846,-4.621,-0.086,-0.086,flat,bullish
95124,-1,2025-11-24 12:05:00,2025-11-24 12:10:00,26073.45,False,26089.5,26106.24,-16.74,15.35,14,2.1,-0.191,121,24.25,4.35,7.85,-0.95,False,-4.0,7.85,-8.65,False,-0.2,7.85,-15.9,False,-3.6,26.7,-15.9,False,-10.45,26.7,-19.85,False,37.85,38.9,-22.6,False,130.1,161.3,-22.6,True,130.1,213.15,248,-1.811,-2.216,-2.858,-5.375,-4.852,-2.076,1.008,1.008,flat,bullish
95128,-1,2025-11-24 12:25:00,2025-11-24 12:30:00,26066.75,False,26089.35,26100.34,-10.99,15.31,18,2.1,-0.219,117,17.55,-10.85,20.0,-13.35,False,-10.3,20.0,-17.1,False,-11.25,20.0,-17.1,False,-18.0,20.0,-26.55,False,-16.7,20.0,-29.3,False,40.6,41.0,-29.3,False,123.4,154.6,-29.3,True,123.4,206.45,248,-2.494,-2.85,-2.227,-1.964,-1.613,2.892,3.533,3.533,flat,bullish
95140,-1,2025-11-24 13:25:00,2025-11-24 13:30:00,26083.7,False,26096.05,26093.74,2.31,15.43,30,2.1,-0.151,105,34.5,4.5,7.5,0.0,False,13.25,13.25,-7.3,False,-2.85,20.9,-7.3,False,14.15,20.9,-7.3,False,57.55,57.95,-7.3,False,140.35,171.55,-7.3,False,140.35,171.55,-7.3,True,140.35,223.4,248,-0.497,-0.454,0.621,1.472,4.515,5.156,5.156,5.156,flat,bullish
95151,-1,2025-11-24 14:20:00,2025-11-24 14:25:00,26027.75,False,26060.05,26086.53,-26.48,16.7,41,2.1,-0.368,94,-21.45,1.6,1.6,-11.35,False,1.6,1.75,-13.0,False,4.15,9.0,-13.0,False,8.0,12.15,-13.0,False,96.85,100.2,-30.0,False,84.4,115.6,-30.0,True,84.4,115.6,-30.0,True,84.4,167.45,249,1.6,2.407,2.569,2.903,0.973,2.405,2.405,2.405,flat,bullish
95180,-1,2025-11-25 10:30:00,2025-11-25 10:35:00,26001.9,False,26025.5,26049.54,-24.04,20.69,70,2.1,0.012,65,-47.3,-6.75,9.45,-10.75,False,10.5,10.5,-10.75,False,17.4,19.55,-10.75,False,67.0,74.75,-10.75,False,36.7,74.75,-10.75,False,35.0,74.75,-10.75,False,43.45,74.75,-30.7,False,141.6,-201.6,248,0.034,-0.595,-1.195,-1.281,-4.552,-7.561,-1.402,-1.535,flat,bullish
95201,-1,2025-11-25 12:15:00,2025-11-25 12:20:00,25964.0,False,25994.75,26031.47,-36.72,16.74,91,2.1,-0.131,44,-85.2,6.05,9.65,-0.75,False,6.05,9.65,-11.9,False,-2.9,9.65,-11.9,False,-22.3,9.65,-30.2,False,-26.6,9.65,-45.3,False,-40.2,9.65,-68.6,False,103.7,106.5,-68.6,True,103.7,-239.5,248,-0.523,-0.182,-2.683,-2.687,-1.984,0.183,3.343,3.343,flat,bullish
95210,-1,2025-11-25 13:00:00,2025-11-25 13:05:00,25974.8,False,26002.2,26026.76,-24.56,15.92,100,2.1,-0.091,35,-74.4,-26.75,1.2,-31.6,False,-15.45,1.2,-34.5,False,-15.8,1.2,-34.5,False,-30.15,1.2,-40.05,False,-44.95,1.2,-48.65,False,91.4,106.0,-57.8,False,114.5,117.3,-57.8,True,114.5,-228.7,248,-0.747,-1.139,-0.214,-0.539,1.765,4.574,5.113,5.113,flat,bullish
95218,-1,2025-11-25 13:40:00,2025-11-25 13:45:00,25995.7,False,26014.85,26024.83,-9.98,17.59,108,2.1,-0.008,27,-53.5,-3.4,8.5,-13.55,False,-11.85,8.5,-13.55,False,-12.65,8.5,-14.8,False,-24.55,8.5,-33.45,False,32.3,52.8,-36.9,False,135.4,138.2,-36.9,True,135.4,138.2,-36.9,True,135.4,-207.8,248,0.712,0.774,0.834,1.173,5.025,4.518,4.518,4.518,flat,bullish
95226,-1,2025-11-25 14:20:00,2025-11-25 14:25:00,25989.65,False,26032.6,26023.81,8.79,17.83,116,2.1,-0.029,19,-59.55,16.0,17.55,-2.5,False,31.2,35.9,-2.5,False,42.3,45.9,-2.5,False,67.95,69.95,-2.5,False,116.15,120.85,-2.5,False,129.35,132.15,-2.5,True,129.35,132.15,-2.5,True,129.35,-213.85,249,1.6,2.407,2.569,2.903,0.973,2.405,2.405,2.405,flat,bullish
95356,1,2025-11-27 12:40:00,2025-11-27 12:45:00,26249.5,False,26214.95,26182.93,32.02,16.23,110,16.6,-0.05,138,-58.85,2.0,3.15,-6.35,False,-8.6,7.45,-13.7,False,-11.85,7.45,-13.7,False,-72.25,7.45,-74.0,False,-101.45,7.45,-107.6,False,-43.65,7.45,-107.6,False,-29.65,7.45,-107.6,True,-29.65,-44.95,248,0.306,-0.356,-0.228,0.528,-1.19,-6.232,-5.724,-5.724,flat,bullish
95366,1,2025-11-27 13:30:00,2025-11-27 13:35:00,26168.1,False,26144.75,26184.56,-39.81,19.42,120,16.6,-0.355,128,22.55,-16.95,1.35,-19.6,False,-20.05,1.35,-26.2,False,-6.3,1.35,-26.2,False,9.1,21.9,-26.2,False,37.3,54.35,-26.2,False,51.75,66.1,-26.2,True,51.75,66.1,-26.2,True,51.75,36.45,248,-0.016,-1.091,-1.82,-2.277,-5.759,-5.625,-5.625,-5.625,flat,bullish
95384,1,2025-11-27 15:00:00,2025-11-27 15:05:00,26211.55,False,26173.3,26184.73,-11.43,23.12,138,16.6,-0.189,110,-20.9,1.25,9.75,-9.25,False,1.1,9.75,-9.25,False,10.25,15.0,-9.25,False,8.3,22.65,-9.25,True,8.3,22.65,-9.25,True,8.3,22.65,-9.25,True,8.3,22.65,-9.25,True,8.3,-7.0,248,4.025,1.008,0.556,-0.557,-0.557,-0.557,-0.557,-0.557,flat,bullish
95405,1,2025-11-28 10:30:00,2025-11-28 10:35:00,26250.5,False,26218.8,26190.76,28.04,23.5,159,16.6,0.051,89,-59.85,17.15,19.8,0.0,False,24.0,24.0,0.0,False,22.95,30.25,0.0,False,8.15,30.25,0.0,False,-4.8,30.25,-13.75,False,-13.3,30.25,-32.65,False,-39.45,30.25,-56.5,False,-45.95,-74.55,248,-0.034,0.595,1.195,1.281,4.552,7.561,1.402,1.535,flat,bullish
95419,1,2025-11-28 11:40:00,2025-11-28 11:45:00,26246.95,False,26232.6,26195.92,36.68,18.16,173,16.6,0.04,75,-56.3,9.75,9.95,-0.95,False,3.3,10.15,-1.15,False,0.15,10.15,-8.9,False,-6.2,10.15,-14.1,False,-16.95,10.15,-29.1,False,-29.25,10.15,-43.05,False,-42.4,10.15,-55.05,True,-42.4,-71.0,248,-0.372,0.013,0.428,2.906,5.846,4.621,0.086,0.086,flat,bullish
95429,1,2025-11-28 12:30:00,2025-11-28 12:35:00,26236.75,False,26217.85,26198.17,19.68,15.83,183,16.6,-0.001,65,-46.1,-0.55,3.4,-7.8,False,-6.75,3.4,-10.6,False,-28.95,3.4,-32.75,False,-12.3,3.4,-32.75,False,-6.95,3.4,-32.85,False,-25.7,3.4,-42.75,False,-32.2,3.4,-44.85,True,-32.2,-60.8,248,0.34,-0.284,-0.013,-0.918,-0.391,-6.177,-6.043,-6.043,flat,bullish
95441,1,2025-11-28 13:30:00,2025-11-28 13:35:00,26230.0,False,26203.9,26199.57,4.33,14.92,195,16.6,-0.029,53,-39.35,-0.5,3.2,-9.8,False,-12.3,3.2,-13.75,False,-23.75,3.2,-26.95,False,-15.7,3.2,-36.0,False,-18.95,3.2,-36.0,False,-25.45,3.2,-38.1,True,-25.45,3.2,-38.1,True,-25.45,-54.05,248,-0.016,-1.091,-1.82,-2.277,-5.759,-5.625,-5.625,-5.625,flat,bullish
95447,1,2025-11-28 14:00:00,2025-11-28 14:05:00,26214.05,False,26194.0,26199.99,-5.99,14.53,201,16.6,-0.088,47,-23.4,-8.8,2.15,-13.1,False,-13.3,2.15,-14.25,False,-12.35,2.15,-18.85,False,-3.0,7.55,-19.15,False,-4.9,8.4,-19.15,False,-9.5,8.4,-22.15,True,-9.5,8.4,-22.15,True,-9.5,-38.1,249,-0.273,-0.0,-0.188,-3.588,-3.049,-3.586,-3.586,-3.586,flat,bullish
95452,1,2025-11-28 14:25:00,2025-11-28 14:30:00,26204.95,False,26194.9,26200.06,-5.16,12.98,206,16.6,-0.123,42,-14.3,6.1,16.65,-3.6,False,12.0,17.5,-3.6,False,0.6,17.5,-3.6,False,4.6,17.5,-7.0,False,-0.4,17.5,-13.05,False,-0.4,17.5,-13.05,True,-0.4,17.5,-13.05,True,-0.4,-29.0,249,-0.832,-0.994,-1.336,0.851,-0.831,-0.831,-0.831,-0.831,flat,bullish
95465,1,2025-12-01 09:15:00,2025-12-01 09:20:00,26285.3,False,26191.9,26200.8,-8.9,20.48,219,16.6,-0.154,29,-94.65,7.05,13.4,-6.1,False,-1.25,13.75,-6.1,False,14.85,18.65,-6.1,False,10.5,29.4,-7.6,False,-5.5,29.4,-22.1,False,-47.25,29.4,-61.15,False,-90.15,29.4,-136.35,False,-109.35,-228.3,248,0.297,0.23,1.272,-1.986,-1.112,2.215,5.984,0.657,flat,bullish
95488,1,2025-12-01 11:10:00,2025-12-01 11:15:00,26242.6,False,26224.15,26207.25,16.9,17.03,242,16.6,-0.317,6,-51.95,-4.55,4.5,-5.85,False,3.55,6.6,-5.85,False,4.9,8.35,-5.85,False,-30.85,19.3,-35.05,False,-66.95,19.3,-75.2,False,-55.65,19.3,-93.65,False,-63.1,19.3,-118.4,False,-66.65,-185.6,248,-0.106,-1.159,0.977,-1.743,1.155,4.588,-0.1,-1.665,flat,bullish
95498,-1,2025-12-01 12:00:00,2025-12-01 12:05:00,26197.55,False,26217.4,26220.64,-3.24,19.68,3,1.25,-0.486,23,-23.6,23.6,23.6,0.0,False,21.9,30.15,0.0,False,27.15,31.1,0.0,False,36.7,40.55,0.0,False,17.6,48.6,0.0,False,-23.6,48.6,-23.85,False,21.6,73.35,-31.4,True,21.6,140.55,248,-0.219,-2.018,-2.422,-5.225,-4.324,-2.547,0.801,0.801,flat,bullish
95514,-1,2025-12-01 13:20:00,2025-12-01 13:25:00,26176.15,False,26195.65,26189.03,6.62,18.33,19,1.25,-0.571,7,-45.0,2.55,7.05,-1.4,False,10.3,11.5,-1.4,False,-9.55,11.5,-13.7,False,-14.55,11.5,-22.1,False,-29.35,11.5,-52.8,False,-4.85,51.95,-52.8,False,0.2,51.95,-52.8,True,0.2,119.15,248,-0.248,-0.754,-0.712,1.155,2.678,3.461,4.898,4.898,flat,bullish
95540,-1,2025-12-02 09:15:00,2025-12-02 09:20:00,26141.55,False,26189.15,26180.88,8.27,23.36,8,25.55,0.205,160,98.8,-2.4,4.35,-13.05,False,11.35,12.45,-13.05,False,26.65,29.0,-13.05,False,70.7,70.7,-13.05,False,79.0,94.7,-13.05,False,60.35,94.7,-13.05,False,106.55,110.45,-13.05,False,84.55,156.45,248,-0.297,-0.23,-1.272,1.986,1.112,-2.215,-5.984,-0.657,flat,bullish
95563,-1,2025-12-02 11:10:00,2025-12-02 11:15:00,26080.55,False,26100.5,26129.13,-28.63,16.94,31,25.55,-0.028,137,37.8,-0.65,6.0,-4.75,False,-1.5,10.55,-4.75,False,12.15,13.0,-4.75,False,17.25,18.25,-4.75,False,29.0,39.8,-4.75,False,44.75,49.15,-4.75,False,43.8,82.7,-4.75,False,23.55,95.45,248,0.106,1.159,-0.977,1.743,-1.155,-4.588,0.1,1.665,flat,bullish
95581,-1,2025-12-02 12:40:00,2025-12-02 12:45:00,26060.95,False,26085.1,26109.35,-24.25,13.93,49,25.55,-0.105,119,18.2,11.55,11.55,-0.85,False,17.05,17.05,-0.85,False,19.75,25.0,-0.85,False,25.15,29.55,-0.85,False,24.3,32.3,-0.85,False,50.95,60.05,-0.85,False,3.95,63.1,-0.85,True,3.95,75.85,248,-0.306,0.356,0.228,-0.528,1.19,6.232,5.724,5.724,flat,bullish
95601,-1,2025-12-02 14:20:00,2025-12-02 14:25:00,26031.85,False,26061.65,26092.57,-30.92,14.3,69,25.55,-0.215,99,-10.9,-9.55,0.3,-14.0,False,-6.35,0.3,-14.0,False,18.75,30.95,-14.0,False,20.25,30.95,-14.0,False,-19.05,34.0,-20.5,False,-25.15,34.0,-28.45,True,-25.15,34.0,-28.45,True,-25.15,46.75,249,1.6,2.407,2.569,2.903,0.973,2.405,2.405,2.405,flat,bullish
95617,-1,2025-12-03 09:25:00,2025-12-03 09:30:00,25962.85,False,26066.45,26081.05,-14.6,21.43,85,25.55,-0.161,83,-79.9,29.3,30.8,-13.65,False,39.2,39.9,-13.65,False,18.95,41.0,-13.65,False,11.3,41.0,-13.65,False,39.9,65.45,-13.65,False,53.5,71.85,-13.65,False,23.2,71.85,-13.65,False,-22.25,-54.25,248,-1.121,-0.835,-0.203,0.222,0.736,-3.147,-5.651,-0.505,flat,bullish
95687,-1,2025-12-03 15:15:00,2025-12-03 15:20:00,25983.5,False,26005.2,26018.93,-13.73,17.46,155,25.55,-0.082,13,-59.25,-1.1,2.2,-7.9,False,-1.6,2.35,-11.55,False,-1.6,2.35,-11.55,True,-1.6,2.35,-11.55,True,-1.6,2.35,-11.55,True,-1.6,2.35,-11.55,True,-1.6,2.35,-11.55,True,-1.6,-33.6,248,-0.221,1.216,1.216,1.216,1.216,1.216,1.216,1.216,flat,bullish
95699,-1,2025-12-04 10:00:00,2025-12-04 10:05:00,26025.4,False,26036.35,26017.81,18.54,20.42,167,25.55,0.166,1,-17.35,-2.1,3.95,-15.25,False,-17.35,3.95,-19.45,False,-21.15,3.95,-24.15,False,-59.25,3.95,-63.05,False,-57.6,3.95,-72.85,False,-7.25,11.0,-72.85,False,38.7,63.0,-72.85,False,8.3,-151.25,248,-0.49,0.175,-0.868,-1.099,-2.383,-3.427,-5.985,-2.637,flat,bullish
95728,1,2025-12-04 12:25:00,2025-12-04 12:30:00,26024.6,False,26004.85,26040.97,-36.12,14.96,27,6.4,0.163,3,-31.25,1.3,6.15,-2.85,False,-0.65,6.15,-2.85,False,-15.05,6.15,-17.9,False,-22.2,6.15,-35.35,False,-8.9,6.15,-35.35,False,-10.6,6.15,-62.2,False,-7.5,34.45,-62.2,True,-7.5,152.05,248,2.494,2.85,2.227,1.964,1.613,-2.892,-3.533,-3.533,flat,bullish
95742,-1,2025-12-04 13:35:00,2025-12-04 13:40:00,25980.05,False,26027.6,26006.17,21.43,16.03,10,11.5,-0.005,14,-45.0,3.75,17.65,-1.0,False,1.4,17.65,-1.0,False,4.5,17.65,-3.5,False,-25.55,17.65,-26.85,False,-33.7,17.65,-42.65,False,-37.05,17.65,-79.0,True,-37.05,17.65,-79.0,True,-37.05,-196.6,248,1.066,1.795,1.857,2.516,5.798,5.601,5.601,5.601,flat,bullish
95750,-1,2025-12-04 14:15:00,2025-12-04 14:20:00,26001.1,False,26022.7,25999.09,23.61,16.22,18,11.5,0.074,6,-23.95,-1.15,8.65,-6.3,False,-12.9,8.65,-14.8,False,-7.85,8.65,-19.75,False,-2.55,12.95,-19.75,False,-39.6,12.95,-57.95,False,-16.0,12.95,-57.95,True,-16.0,12.95,-57.95,True,-16.0,-175.55,249,0.926,2.545,3.351,5.162,2.241,3.349,3.349,3.349,flat,bullish
95755,-1,2025-12-04 14:40:00,2025-12-04 14:45:00,26000.55,False,26020.85,26000.72,20.13,16.45,23,11.5,0.072,1,-24.5,-3.1,12.4,-5.9,False,-24.5,12.4,-28.95,False,-41.7,12.4,-45.55,False,-37.15,12.4,-58.5,False,-16.55,12.4,-58.5,True,-16.55,12.4,-58.5,True,-16.55,12.4,-58.5,True,-16.55,-176.1,248,1.372,0.052,-2.137,-2.013,-0.448,-0.448,-0.448,-0.448,flat,bullish
95771,1,2025-12-05 09:45:00,2025-12-05 09:50:00,26055.05,False,25985.35,26029.29,-43.94,21.8,14,4.2,0.211,74,46.1,-13.15,0.0,-16.65,False,-30.7,0.0,-36.2,False,30.1,37.55,-48.4,False,50.5,58.8,-48.4,False,69.15,71.55,-48.4,False,69.1,101.6,-48.4,False,124.95,147.55,-48.4,False,121.6,-122.25,248,0.921,1.959,0.102,0.917,2.347,2.228,6.492,2.686,flat,bullish
95777,1,2025-12-05 10:15:00,2025-12-05 10:20:00,26106.05,False,26006.65,26037.21,-30.56,27.29,20,4.2,0.407,68,-4.9,-19.6,4.9,-21.25,False,-65.3,4.9,-69.55,False,-59.0,4.9,-98.8,False,18.15,20.55,-98.8,False,29.95,43.1,-98.8,False,34.85,50.6,-98.8,False,65.0,96.55,-98.8,False,70.6,-173.25,248,1.499,0.532,0.235,1.433,3.331,4.997,4.933,1.773,flat,bullish
95782,1,2025-12-05 10:40:00,2025-12-05 10:45:00,26096.15,False,26007.25,26041.91,-34.66,31.35,25,4.2,0.371,63,5.0,28.05,30.45,-5.35,False,34.55,38.0,-5.35,False,20.6,39.25,-5.35,False,47.35,50.2,-5.35,False,45.45,60.5,-5.35,False,94.05,101.25,-5.35,False,51.5,106.45,-5.35,False,80.5,-163.35,248,0.503,-0.905,-0.519,2.436,0.764,6.602,0.335,0.842,flat,bullish
95833,1,2025-12-05 14:55:00,2025-12-05 15:00:00,26155.75,False,26122.8,26113.87,8.93,17.52,76,4.2,0.595,12,-54.6,31.15,31.15,0.0,False,34.8,40.95,0.0,False,32.9,40.95,0.0,False,20.9,43.5,0.0,False,20.9,43.5,0.0,True,20.9,43.5,0.0,True,20.9,43.5,0.0,True,20.9,-222.95,248,-1.583,2.459,-0.558,-2.123,-2.123,-2.123,-2.123,-2.123,flat,bullish
95845,1,2025-12-08 09:40:00,2025-12-08 09:45:00,26129.5,False,26111.95,26120.18,-8.23,21.27,88,4.2,-0.113,0,-28.35,-28.35,0.4,-32.75,False,-46.45,0.4,-49.3,False,-43.7,0.4,-51.9,False,-33.0,0.4,-61.0,False,-32.7,0.4,-61.0,False,-61.8,0.4,-87.55,False,-206.4,0.4,-226.55,False,-196.7,-287.75,248,-2.264,-1.387,-0.348,-2.433,-0.561,0.301,4.913,0.379,flat,bullish
95860,-1,2025-12-08 10:55:00,2025-12-08 11:00:00,26070.75,False,26109.15,26114.87,-5.72,20.01,14,10.8,-0.342,266,154.25,9.6,11.6,-2.15,False,7.45,19.0,-2.15,False,0.05,19.0,-9.95,False,0.7,19.0,-9.95,False,11.35,28.8,-9.95,False,58.1,64.35,-9.95,False,131.15,178.5,-9.95,False,137.95,229.0,248,-1.062,-1.788,-2.91,-3.957,-1.658,-6.813,-3.005,-1.316,flat,bullish
95864,-1,2025-12-08 11:15:00,2025-12-08 11:20:00,26060.1,False,26080.7,26107.69,-26.99,18.85,18,10.8,-0.382,262,143.6,-14.8,2.2,-16.2,False,-9.95,2.2,-17.75,False,-5.0,2.2,-17.75,False,-12.85,18.15,-17.75,False,18.8,28.25,-17.75,False,55.9,58.4,-17.75,False,114.85,167.85,-17.75,False,127.3,218.35,248,1.083,-1.053,-1.429,2.046,-1.636,-3.739,0.475,1.588,flat,bullish
95867,-1,2025-12-08 11:30:00,2025-12-08 11:35:00,26064.95,False,26077.85,26103.97,-26.12,18.0,21,10.8,-0.362,259,148.45,2.7,7.0,-3.2,False,-2.75,23.0,-3.55,False,-8.0,23.0,-9.1,False,13.75,23.0,-9.1,False,49.25,51.75,-9.1,False,145.85,162.0,-9.1,False,132.15,172.7,-9.1,True,132.15,223.2,248,2.185,3.139,3.519,2.271,-2.965,-2.591,3.061,3.061,flat,bullish
95872,-1,2025-12-08 11:55:00,2025-12-08 12:00:00,26058.5,False,26074.05,26098.31,-24.26,16.85,26,10.8,-0.384,254,142.0,7.3,14.1,-0.6,False,10.1,14.6,-0.6,False,23.2,25.8,-0.6,False,31.45,35.65,-0.6,False,45.85,52.1,-0.6,False,128.85,155.55,-0.6,False,125.7,166.25,-0.6,True,125.7,216.75,248,-0.447,-0.677,-2.476,-3.182,-5.154,-3.341,0.343,0.343,flat,bullish
95888,-1,2025-12-08 13:15:00,2025-12-08 13:20:00,26004.35,False,26040.8,26076.63,-35.83,17.22,42,10.8,-0.595,238,87.85,32.95,39.1,0.0,False,46.85,54.35,0.0,False,85.25,101.4,0.0,False,67.75,101.4,0.0,False,79.35,112.1,0.0,False,59.1,112.1,0.0,False,71.55,112.1,0.0,True,71.55,162.6,248,0.445,0.202,-0.305,1.542,2.187,4.235,5.347,5.347,flat,bullish
95954,-1,2025-12-09 12:30:00,2025-12-09 12:35:00,25896.35,False,25923.65,25961.26,-37.61,23.59,108,10.8,0.109,172,-20.15,23.45,26.4,-4.2,False,12.9,26.4,-4.2,False,8.2,26.4,-4.2,False,19.5,44.35,-4.2,False,-0.2,44.35,-7.2,False,78.45,87.5,-11.05,False,54.6,94.75,-11.05,True,54.6,153.7,248,-0.34,0.284,0.013,0.918,0.391,6.177,6.043,6.043,flat,bullish
95972,-1,2025-12-09 14:00:00,2025-12-09 14:05:00,25882.45,False,25907.4,25950.98,-43.58,20.02,126,10.8,0.042,154,-34.05,-8.35,15.95,-10.35,False,-2.2,15.95,-13.2,False,23.9,31.2,-13.2,False,64.55,73.6,-13.2,False,42.4,80.85,-13.2,False,40.7,80.85,-13.2,True,40.7,80.85,-13.2,True,40.7,139.8,249,0.273,0.0,0.188,3.588,3.049,3.586,3.586,3.586,flat,bullish
95998,-1,2025-12-10 09:55:00,2025-12-10 10:00:00,25878.25,False,25920.2,25935.71,-15.51,22.83,152,10.8,0.055,128,-38.25,-24.1,0.2,-30.75,False,-35.95,0.2,-41.5,False,-41.6,0.2,-44.0,False,-40.65,0.2,-69.4,False,42.95,44.0,-69.4,False,43.25,55.9,-69.4,False,83.05,110.25,-69.4,False,135.6,-20.15,248,1.837,1.4,2.064,0.493,0.614,-1.089,-4.431,-0.748,flat,bullish
96006,-1,2025-12-10 10:35:00,2025-12-10 10:40:00,25918.65,False,25947.65,25935.01,12.64,21.24,160,10.8,0.208,120,2.15,-2.8,11.4,-4.55,False,27.7,29.65,-4.7,False,59.25,62.0,-4.7,False,53.2,96.3,-4.7,False,76.55,96.3,-4.7,False,143.95,149.55,-4.7,False,155.25,184.1,-4.7,False,176.0,20.25,248,-0.62,-1.22,0.187,-2.031,-2.436,-7.943,-1.363,-1.56,flat,bullish
96085,-1,2025-12-11 10:55:00,2025-12-11 11:00:00,25794.45,False,25844.5,25892.51,-48.01,27.09,239,10.8,0.089,41,-122.05,29.15,29.8,-7.0,False,17.1,29.95,-7.0,False,-3.0,29.95,-8.65,False,-26.2,29.95,-34.25,False,-52.45,29.95,-58.7,False,-84.55,29.95,-124.75,False,-80.3,29.95,-128.35,False,-103.95,-248.55,248,-1.062,-1.788,-2.91,-3.957,-1.658,-6.813,-3.005,-1.316,flat,bullish
96109,-1,2025-12-11 12:55:00,2025-12-11 13:00:00,25879.05,False,25919.2,25888.94,30.26,20.61,263,10.8,0.418,17,-37.45,11.75,13.25,-8.35,False,28.65,30.1,-8.35,False,23.9,38.25,-8.35,False,16.55,38.25,-8.35,False,-11.25,38.25,-22.8,False,4.3,38.25,-43.75,False,-19.35,38.25,-43.75,True,-19.35,-163.95,248,0.43,-0.304,-0.697,0.41,1.872,3.867,5.556,5.556,flat,bullish
96122,-1,2025-12-11 14:00:00,2025-12-11 14:05:00,25870.3,False,25901.85,25888.2,13.65,19.13,276,10.8,0.381,4,-46.2,-2.1,9.65,-6.15,False,4.1,9.7,-11.6,False,-9.15,9.7,-11.6,False,-40.6,9.7,-52.5,False,-29.3,22.05,-52.5,False,-28.1,22.05,-52.5,True,-28.1,22.05,-52.5,True,-28.1,-172.7,249,0.273,0.0,0.188,3.588,3.049,3.586,3.586,3.586,flat,bullish
96136,-1,2025-12-11 15:10:00,2025-12-11 15:15:00,25895.1,False,25907.8,25889.29,18.51,19.73,5,5.3,0.481,3,-107.45,-6.55,2.55,-8.3,False,-4.8,2.55,-8.3,False,-3.3,4.05,-8.3,False,-3.3,4.05,-8.3,True,-3.3,4.05,-8.3,True,-3.3,4.05,-8.3,True,-3.3,4.05,-8.3,True,-3.3,-147.9,248,0.51,0.185,1.622,1.622,1.622,1.622,1.622,1.622,flat,bullish
96152,1,2025-12-12 10:15:00,2025-12-12 10:20:00,26004.8,False,25968.6,25962.45,6.15,21.89,12,94.75,0.124,63,-78.35,-47.2,3.4,-47.2,False,-44.5,3.4,-66.35,False,-23.85,3.4,-66.35,False,-51.0,3.4,-66.35,False,-12.75,3.4,-66.35,False,9.8,33.05,-66.35,False,37.75,51.5,-66.35,False,38.2,9.2,248,1.499,0.532,0.235,1.433,3.331,4.997,4.933,1.773,flat,bullish
96155,1,2025-12-12 10:30:00,2025-12-12 10:35:00,25982.85,False,25938.45,25963.12,-24.67,24.34,15,94.75,0.038,60,-56.4,-14.0,0.6,-17.2,False,-22.0,0.6,-26.95,False,-29.05,0.6,-31.5,False,-1.9,1.9,-33.7,False,33.35,37.25,-33.7,False,50.15,55.0,-33.7,False,54.5,73.45,-33.7,False,60.15,31.15,248,-0.034,0.595,1.195,1.281,4.552,7.561,1.402,1.535,flat,bullish
96161,1,2025-12-12 11:00:00,2025-12-12 11:05:00,25981.05,False,25949.15,25963.42,-14.27,23.62,21,94.75,0.038,54,-54.6,5.05,5.9,-7.2,False,9.75,19.2,-7.2,False,11.0,19.2,-7.2,False,35.15,39.05,-7.2,False,40.55,56.8,-7.2,False,44.15,56.8,-7.2,False,60.1,75.25,-7.2,False,61.95,32.95,248,0.71,1.832,1.797,3.256,1.028,5.364,0.778,0.239,flat,bullish
96177,1,2025-12-12 12:20:00,2025-12-12 12:25:00,26020.8,False,25998.95,25980.03,18.92,16.8,37,94.75,0.188,38,-94.35,2.25,8.7,-2.9,False,12.2,13.4,-2.9,False,1.35,17.05,-2.9,False,1.3,17.05,-8.95,False,0.4,17.05,-11.75,False,20.8,35.5,-11.85,False,22.2,36.8,-11.85,True,22.2,-6.8,248,-0.387,2.114,2.471,1.456,0.99,-1.692,-3.912,-3.912,flat,bullish
96183,1,2025-12-12 12:50:00,2025-12-12 12:55:00,26022.55,False,26011.85,25984.94,26.91,15.3,43,94.75,0.196,32,-96.1,-0.15,2.35,-3.5,False,2.65,9.35,-3.5,False,-2.1,9.35,-13.5,False,-1.35,13.25,-13.5,False,1.05,13.25,-13.6,False,0.15,33.75,-13.6,False,20.45,35.05,-13.6,True,20.45,-8.55,248,0.101,-0.27,0.464,-0.493,-1.652,-5.896,-5.396,-5.396,flat,bullish
96187,1,2025-12-12 13:10:00,2025-12-12 13:15:00,26035.2,False,26009.05,25987.74,21.31,14.73,47,94.75,0.245,28,-108.75,-6.25,0.6,-6.7,False,-14.0,0.6,-16.15,False,-20.1,0.6,-20.1,False,-12.1,0.6,-26.25,False,7.7,21.1,-26.25,False,18.75,22.4,-26.25,False,7.8,22.4,-26.25,True,7.8,-21.2,248,-0.974,-1.399,-1.155,-1.767,-2.957,-4.737,-6.301,-6.301,flat,bullish
96192,1,2025-12-12 13:35:00,2025-12-12 13:40:00,26020.8,False,26008.95,25990.53,18.42,13.28,52,94.75,0.188,23,-94.35,2.3,6.9,-0.1,False,9.5,10.35,-2.75,False,2.8,12.75,-2.75,False,33.05,33.85,-2.75,False,2.15,35.5,-2.75,False,22.2,36.8,-5.0,True,22.2,36.8,-5.0,True,22.2,-6.8,248,-1.066,-1.795,-1.857,-2.516,-5.798,-5.601,-5.601,-5.601,flat,bullish
96209,1,2025-12-12 15:00:00,2025-12-12 15:05:00,26041.85,False,26015.8,25999.71,16.09,12.9,69,94.75,0.269,6,-115.4,9.95,11.25,-1.15,False,12.1,15.75,-1.15,False,4.0,15.75,-1.15,False,1.15,15.75,-4.7,True,1.15,15.75,-4.7,True,1.15,15.75,-4.7,True,1.15,15.75,-4.7,True,1.15,-27.85,248,4.025,1.008,0.556,-0.557,-0.557,-0.557,-0.557,-0.557,flat,bullish
96231,-1,2025-12-15 10:35:00,2025-12-15 10:40:00,25956.85,False,25981.3,25966.4,14.9,19.74,15,22.7,0.101,1,-32.75,-11.3,9.9,-12.5,False,-32.75,9.9,-35.8,False,-35.5,9.9,-39.15,False,-20.5,9.9,-40.7,False,-13.2,9.9,-40.7,False,-65.35,9.9,-73.1,False,-56.4,9.9,-88.15,False,-57.15,105.5,248,-0.62,-1.22,0.187,-2.031,-2.436,-7.943,-1.363,-1.56,flat,bullish
96241,1,2025-12-15 11:25:00,2025-12-15 11:30:00,25991.15,False,25968.15,25967.94,0.21,16.57,8,8.3,0.238,48,-47.85,-23.35,3.45,-25.15,False,-21.1,3.45,-29.6,False,-20.15,3.45,-29.6,False,24.95,30.1,-29.6,False,27.45,37.1,-29.6,False,34.55,53.85,-29.6,False,22.85,56.0,-29.6,False,22.85,-139.8,248,0.384,-1.757,-2.711,-2.292,0.892,2.513,-2.633,-2.633,flat,bullish
96245,1,2025-12-15 11:45:00,2025-12-15 11:50:00,25996.3,False,25961.55,25969.17,-7.62,17.36,12,8.3,0.254,44,-53.0,11.25,20.4,-0.75,False,19.8,24.95,-0.75,False,16.75,24.95,-0.75,False,18.4,31.95,-0.75,False,16.1,33.65,-0.75,False,36.6,48.7,-0.75,False,17.7,50.85,-6.15,True,17.7,-144.95,248,0.385,0.801,1.249,3.683,6.49,4.265,0.459,0.459,flat,bullish
96259,1,2025-12-15 12:55:00,2025-12-15 13:00:00,26016.2,False,26003.45,25986.18,17.27,14.05,26,8.3,0.331,30,-72.9,8.6,8.6,-0.85,False,14.25,18.4,-0.85,False,25.9,28.8,-0.85,False,9.5,28.8,-0.85,False,6.0,28.8,-0.85,False,20.3,30.95,-26.05,False,-2.2,30.95,-26.05,True,-2.2,-164.85,248,-0.43,0.304,0.697,-0.41,-1.872,-3.867,-5.556,-5.556,flat,bullish
96275,1,2025-12-15 14:15:00,2025-12-15 14:20:00,26013.95,False,25990.15,25997.87,-7.72,14.36,42,8.3,0.324,14,-70.65,-0.25,6.4,-5.15,False,2.7,6.4,-5.15,False,1.1,6.4,-5.15,False,14.6,33.2,-5.45,False,9.6,33.2,-5.45,False,0.05,33.2,-5.45,True,0.05,33.2,-5.45,True,0.05,-162.6,249,-0.926,-2.545,-3.351,-5.162,-2.241,-3.349,-3.349,-3.349,flat,bullish
96298,-1,2025-12-16 09:55:00,2025-12-16 10:00:00,25906.05,False,25943.75,25978.25,-34.5,19.68,8,46.85,-0.175,172,36.05,14.95,26.75,-0.05,False,15.2,26.75,-0.05,False,13.2,26.75,-0.05,False,-4.4,26.75,-16.65,False,5.9,26.75,-16.65,False,30.0,34.85,-16.65,False,8.8,35.6,-23.1,False,54.7,84.25,248,1.837,1.4,2.064,0.493,0.614,-1.089,-4.431,-0.748,flat,bullish
96306,-1,2025-12-16 10:35:00,2025-12-16 10:40:00,25905.1,False,25922.7,25955.15,-32.45,18.08,16,46.85,-0.18,164,35.1,-0.2,6.95,-2.9,False,3.4,6.95,-2.9,False,0.05,7.7,-2.9,False,1.35,14.25,-6.4,False,19.75,27.85,-6.4,False,15.25,34.65,-9.35,False,43.55,56.95,-24.05,False,53.75,83.3,248,-0.62,-1.22,0.187,-2.031,-2.436,-7.943,-1.363,-1.56,flat,bullish
96322,-1,2025-12-16 11:55:00,2025-12-16 12:00:00,25876.3,False,25891.0,25932.14,-41.14,15.11,32,46.85,-0.291,148,6.3,0.2,5.85,-2.15,False,-7.15,5.85,-9.7,False,-11.2,5.85,-14.35,False,-29.85,5.85,-32.2,False,-22.45,5.85,-38.15,False,-20.95,5.85,-52.85,False,24.95,41.95,-52.85,True,24.95,54.5,248,-0.447,-0.677,-2.476,-3.182,-5.154,-3.341,0.343,0.343,flat,bullish
96330,-1,2025-12-16 12:35:00,2025-12-16 12:40:00,25889.55,False,25914.45,25925.51,-11.06,14.98,40,46.85,-0.238,140,19.55,-4.8,9.3,-7.7,False,10.05,13.4,-7.7,False,6.45,13.4,-11.3,False,6.45,13.7,-11.45,False,-18.5,13.7,-19.95,False,28.0,41.4,-39.6,False,38.2,55.2,-39.6,True,38.2,67.75,248,0.635,0.364,1.026,0.534,0.784,6.591,6.394,6.394,flat,bullish
96346,-1,2025-12-16 13:55:00,2025-12-16 14:00:00,25897.2,False,25929.15,25918.07,11.08,16.02,56,46.85,-0.209,124,27.2,0.65,7.2,-2.2,False,10.25,17.4,-12.55,False,13.95,21.3,-12.55,False,28.45,48.8,-12.55,False,13.4,49.05,-12.55,False,45.85,62.85,-12.55,True,45.85,62.85,-12.55,True,45.85,75.4,249,0.344,0.616,0.343,3.125,2.247,3.93,3.93,3.93,flat,bullish
96359,-1,2025-12-16 15:00:00,2025-12-16 15:05:00,25874.6,False,25902.05,25910.88,-8.83,19.11,69,46.85,-0.296,111,4.6,11.85,14.2,-6.2,False,18.55,19.85,-6.2,False,33.75,33.75,-6.2,False,23.25,40.25,-6.2,True,23.25,40.25,-6.2,True,23.25,40.25,-6.2,True,23.25,40.25,-6.2,True,23.25,52.8,248,-4.025,-1.008,-0.556,0.557,0.557,0.557,0.557,0.557,flat,bullish
96370,-1,2025-12-17 09:40:00,2025-12-17 09:45:00,25880.1,False,25929.15,25907.16,21.99,24.39,80,46.85,-0.086,100,10.1,17.2,19.5,-9.9,False,14.85,28.75,-9.9,False,11.85,28.75,-9.9,False,39.95,56.15,-9.9,False,60.5,71.0,-9.9,False,52.15,78.3,-9.9,False,93.6,100.55,-9.9,False,58.3,64.45,248,2.264,1.387,0.348,2.433,0.561,-0.301,-4.913,-0.379,flat,bullish
96374,-1,2025-12-17 10:00:00,2025-12-17 10:05:00,25846.0,False,25878.45,25905.31,-26.86,23.82,84,46.85,-0.219,96,-24.0,7.6,22.05,-0.2,False,5.85,22.05,-0.2,False,-2.75,22.05,-5.75,False,24.15,36.9,-5.75,False,23.75,44.2,-5.75,False,48.4,49.4,-5.75,False,52.65,66.45,-5.75,False,24.2,30.35,248,-0.49,0.175,-0.868,-1.099,-2.383,-3.427,-5.985,-2.637,flat,bullish
96390,-1,2025-12-17 11:20:00,2025-12-17 11:25:00,25829.05,False,25850.75,25894.1,-43.35,18.83,100,46.85,-0.286,80,-40.95,13.9,16.25,-1.85,False,15.45,22.35,-1.85,False,7.7,22.35,-1.85,False,-0.65,22.35,-22.25,False,34.45,40.0,-22.25,False,20.4,49.5,-22.25,False,3.1,58.7,-22.25,False,7.25,13.4,248,-2.151,-2.527,-0.386,0.564,-3.376,-4.412,-0.947,0.49,flat,bullish
96397,-1,2025-12-17 11:55:00,2025-12-17 12:00:00,25817.05,False,25851.3,25889.98,-38.68,18.59,107,46.85,-0.328,73,-52.95,19.45,20.45,-1.05,False,25.85,28.0,-1.05,False,20.8,28.0,-1.05,False,31.35,32.1,-1.05,False,33.85,36.65,-1.05,False,21.6,37.5,-9.1,False,-4.75,46.7,-18.7,True,-4.75,1.4,248,-0.447,-0.677,-2.476,-3.182,-5.154,-3.341,0.343,0.343,flat,bullish
96427,-1,2025-12-17 14:25:00,2025-12-17 14:30:00,25792.9,False,25832.65,25870.96,-38.31,16.15,137,46.85,-0.428,43,-77.1,-18.2,1.9,-18.95,False,16.75,20.0,-26.75,False,-0.35,22.55,-26.75,False,-20.9,22.55,-30.8,False,-28.9,22.55,-42.85,False,-28.9,22.55,-42.85,True,-28.9,22.55,-42.85,True,-28.9,-22.75,249,0.832,0.994,1.336,-0.851,0.831,0.831,0.831,0.831,flat,bullish
96437,-1,2025-12-17 15:15:00,2025-12-17 15:20:00,25813.65,False,25831.55,25866.97,-35.42,16.52,147,46.85,-0.341,33,-56.35,-12.3,2.15,-13.25,False,-8.15,2.15,-22.1,False,-8.15,2.15,-22.1,True,-8.15,2.15,-22.1,True,-8.15,2.15,-22.1,True,-8.15,2.15,-22.1,True,-8.15,2.15,-22.1,True,-8.15,-2.0,248,-0.221,1.216,1.216,1.216,1.216,1.216,1.216,1.216,flat,bullish
96440,-1,2025-12-18 09:15:00,2025-12-18 09:20:00,25777.8,False,25835.75,25865.94,-30.19,19.75,150,46.85,0.051,30,-92.2,-18.75,7.6,-26.25,False,-2.25,7.6,-26.55,False,-7.5,7.6,-26.55,False,37.05,51.5,-26.55,False,-45.6,51.5,-46.4,False,-47.1,51.5,-86.15,False,-90.1,51.5,-124.55,False,-37.85,-183.6,248,-0.297,-0.23,-1.272,1.986,1.112,-2.215,-5.984,-0.657,flat,bullish
96461,-1,2025-12-18 11:00:00,2025-12-18 11:05:00,25828.9,False,25863.95,25858.37,5.58,21.31,171,46.85,0.244,9,-41.1,-7.05,2.35,-10.3,False,-2.8,2.35,-10.3,False,4.0,7.2,-10.3,False,-25.0,7.2,-31.6,False,-35.3,7.2,-50.1,False,-56.15,7.2,-73.45,False,5.25,58.05,-73.45,False,13.25,-132.5,248,-0.71,-1.832,-1.797,-3.256,-1.028,-5.364,-0.778,-0.239,flat,bullish
96469,-1,2025-12-18 11:40:00,2025-12-18 11:45:00,25851.7,False,25860.5,25857.77,2.73,17.38,179,46.85,0.337,1,-18.3,-0.05,9.55,-1.8,False,-18.3,9.55,-23.95,False,-15.25,9.55,-27.3,False,-27.1,9.55,-31.2,False,-42.15,9.55,-47.35,False,7.15,11.8,-50.65,False,36.05,80.85,-50.65,True,36.05,-109.7,248,0.372,-0.013,-0.428,-2.906,-5.846,-4.621,-0.086,-0.086,flat,bullish
96475,1,2025-12-18 12:10:00,2025-12-18 12:15:00,25878.95,False,25853.8,25856.88,-3.08,16.99,4,9.5,0.443,15,-30.45,-10.25,5.85,-10.95,False,-11.65,5.85,-14.5,False,0.9,5.85,-17.3,False,14.9,20.1,-17.3,False,0.85,23.4,-17.3,False,-73.7,23.4,-76.8,False,-63.3,23.4,-108.1,True,-63.3,82.45,248,0.339,0.981,0.64,2.875,3.368,0.459,-2.885,-2.885,flat,bullish
96479,1,2025-12-18 12:30:00,2025-12-18 12:35:00,25888.5,False,25861.65,25861.56,0.09,16.47,8,9.5,0.477,11,-40.0,4.3,10.55,-6.05,False,5.35,10.55,-6.05,False,0.95,13.85,-6.05,False,-3.45,13.85,-13.95,False,-40.0,13.85,-41.05,False,-79.6,13.85,-109.25,False,-72.85,13.85,-117.65,True,-72.85,72.9,248,0.34,-0.284,-0.013,-0.918,-0.391,-6.177,-6.043,-6.043,flat,bullish
96496,-1,2025-12-18 13:55:00,2025-12-18 14:00:00,25843.55,False,25862.85,25867.91,-5.06,15.55,5,5.3,0.305,18,-81.55,13.1,18.9,-0.05,False,28.0,28.05,-0.05,False,38.3,41.4,-0.05,False,54.0,64.3,-0.05,False,57.5,72.7,-0.05,False,27.9,72.7,-0.05,True,27.9,72.7,-0.05,True,27.9,-117.85,249,0.344,0.616,0.343,3.125,2.247,3.93,3.93,3.93,flat,bullish
96508,-1,2025-12-18 14:55:00,2025-12-18 15:00:00,25786.35,False,25833.95,25838.44,-4.49,18.96,17,5.3,0.083,6,-138.75,-37.3,0.0,-38.95,False,-29.35,0.0,-43.4,False,-34.05,0.0,-43.4,False,-29.3,0.0,-43.4,False,-29.3,0.0,-43.4,True,-29.3,0.0,-43.4,True,-29.3,0.0,-43.4,True,-29.3,-175.05,248,1.583,-2.459,0.558,2.123,2.123,2.123,2.123,2.123,flat,bullish
96528,1,2025-12-19 10:20:00,2025-12-19 10:25:00,25948.75,False,25931.35,25903.13,28.22,20.76,13,22.75,0.147,325,97.15,11.15,16.8,-2.55,False,6.55,16.8,-2.55,False,14.0,16.8,-2.55,False,23.35,30.5,-2.55,False,-2.05,30.5,-8.9,False,-16.45,30.5,-43.15,False,40.3,42.4,-43.15,False,12.65,214.0,248,-0.853,-1.15,-1.18,-1.359,0.894,4.254,2.608,0.388,flat,bullish
96538,1,2025-12-19 11:10:00,2025-12-19 11:15:00,25953.5,False,25939.85,25921.73,18.12,17.17,23,22.75,0.167,315,92.4,-0.7,5.6,-5.5,False,-6.8,6.9,-6.9,False,-21.95,6.9,-23.2,False,-40.1,6.9,-40.1,False,-9.55,6.9,-47.9,False,-23.3,8.9,-47.9,False,16.35,39.85,-47.9,False,7.9,209.25,248,-0.106,-1.159,0.977,-1.743,1.155,4.588,-0.1,-1.665,flat,bullish
96543,1,2025-12-19 11:35:00,2025-12-19 11:40:00,25935.15,False,25926.3,25924.41,1.89,15.84,28,22.75,0.088,310,110.75,-21.75,0.95,-21.75,False,-17.95,0.95,-29.55,False,-13.8,0.95,-29.55,False,15.9,20.55,-29.55,False,24.5,24.5,-29.55,False,34.45,41.9,-29.55,False,26.25,58.2,-29.55,True,26.25,227.6,248,-0.965,-1.344,-0.96,0.134,5.497,4.724,-0.886,-0.886,flat,bullish
96548,1,2025-12-19 12:00:00,2025-12-19 12:05:00,25934.95,False,25905.6,25924.0,-18.4,17.03,33,22.75,0.089,305,110.95,16.1,20.75,-2.65,False,9.0,20.75,-2.65,False,2.95,20.75,-2.65,False,16.6,20.75,-5.4,False,17.05,27.45,-5.4,False,34.0,50.25,-14.15,False,26.45,58.4,-14.15,True,26.45,227.8,248,0.219,2.018,2.422,5.225,4.324,2.547,-0.801,-0.801,flat,bullish
96563,1,2025-12-19 13:15:00,2025-12-19 13:20:00,25955.3,False,25920.8,25929.97,-9.17,16.25,48,22.75,0.167,290,90.6,2.0,7.0,-5.15,False,0.9,7.0,-6.95,False,12.6,18.3,-6.95,False,21.85,29.9,-6.95,False,23.05,29.9,-6.95,False,15.05,38.05,-9.85,False,6.1,38.05,-9.85,True,6.1,207.45,248,-0.445,-0.202,0.305,-1.542,-2.187,-4.235,-5.347,-5.347,flat,bullish
96575,1,2025-12-19 14:15:00,2025-12-19 14:20:00,25978.4,False,25961.3,25936.96,24.34,14.15,60,22.75,0.258,278,67.5,10.65,12.75,-2.35,False,-7.35,14.95,-8.75,False,-10.9,14.95,-11.8,False,0.95,14.95,-14.85,False,-8.05,14.95,-32.95,False,-17.0,14.95,-32.95,True,-17.0,14.95,-32.95,True,-17.0,184.35,249,-0.926,-2.545,-3.351,-5.162,-2.241,-3.349,-3.349,-3.349,flat,bullish
96581,1,2025-12-19 14:45:00,2025-12-19 14:50:00,25977.4,False,25963.55,25940.14,23.41,13.94,66,22.75,0.262,272,68.5,-12.7,1.6,-13.95,False,-18.65,1.6,-18.65,False,-12.65,1.6,-31.95,False,-7.05,1.6,-31.95,False,-16.0,1.6,-31.95,True,-16.0,1.6,-31.95,True,-16.0,1.6,-31.95,True,-16.0,185.35,248,1.249,3.438,2.289,2.862,1.749,1.749,1.749,1.749,flat,bullish
96585,1,2025-12-19 15:05:00,2025-12-19 15:10:00,25971.7,False,25945.45,25941.4,4.05,14.16,70,22.75,0.233,268,74.2,-1.85,1.5,-7.65,False,-1.35,1.5,-7.65,False,-1.55,2.55,-7.65,False,-10.3,2.55,-16.1,True,-10.3,2.55,-16.1,True,-10.3,2.55,-16.1,True,-10.3,2.55,-16.1,True,-10.3,191.05,248,-3.074,-3.526,-3.201,-4.638,-4.638,-4.638,-4.638,-4.638,flat,bullish
96590,1,2025-12-22 09:15:00,2025-12-22 09:20:00,26094.55,False,25955.6,25944.37,11.23,22.5,75,22.75,0.146,263,-48.65,26.5,32.05,-1.8,False,31.0,37.95,-1.8,False,30.7,42.35,-1.8,False,20.55,43.2,-1.8,False,38.35,47.45,-1.8,False,27.0,53.6,-1.8,False,49.15,59.9,-1.8,False,68.2,71.4,248,0.297,0.23,1.272,-1.986,-1.112,2.215,5.984,0.657,flat,bullish
96798,1,2025-12-24 14:05:00,2025-12-24 14:10:00,26164.55,False,26139.45,26106.3,33.15,12.79,283,22.75,-0.026,55,-118.65,-6.05,3.85,-9.6,False,-9.6,3.85,-11.3,False,-18.75,3.85,-25.15,False,-23.5,3.85,-40.65,False,-24.65,3.85,-41.55,False,-22.9,3.85,-41.55,True,-22.9,3.85,-41.55,True,-22.9,-116.9,249,0.232,0.044,-0.93,-3.518,1.209,-3.354,-3.354,-3.354,flat,bullish
96808,1,2025-12-24 14:55:00,2025-12-24 15:00:00,26148.2,False,26123.0,26107.55,15.45,13.89,293,22.75,-0.086,45,-102.3,4.3,8.4,-19.15,False,-8.3,18.35,-19.15,False,6.6,18.35,-19.15,False,-6.55,18.35,-19.15,False,-6.55,18.35,-19.15,True,-6.55,18.35,-19.15,True,-6.55,18.35,-19.15,True,-6.55,-100.55,248,-1.583,2.459,-0.558,-2.123,-2.123,-2.123,-2.123,-2.123,flat,bullish
96870,-1,2025-12-26 13:50:00,2025-12-26 13:55:00,26042.9,False,26054.35,26046.16,8.19,9.52,16,2.45,-0.294,20,-16.8,-6.3,0.75,-9.7,False,-7.1,0.75,-10.75,False,2.15,4.45,-10.75,False,20.4,23.55,-10.75,False,24.05,34.3,-10.75,False,-4.75,34.3,-10.75,True,-4.75,34.3,-10.75,True,-4.75,93.1,249,0.162,0.488,0.759,1.649,4.571,4.073,4.073,4.073,flat,bullish
96887,-1,2025-12-26 15:15:00,2025-12-26 15:20:00,26040.75,False,26051.35,26040.0,11.35,12.28,33,2.45,-0.313,3,-18.95,-2.65,3.25,-6.9,False,-6.9,3.25,-11.7,False,-6.9,3.25,-11.7,True,-6.9,3.25,-11.7,True,-6.9,3.25,-11.7,True,-6.9,3.25,-11.7,True,-6.9,3.25,-11.7,True,-6.9,90.95,248,-0.221,1.216,1.216,1.216,1.216,1.216,1.216,1.216,flat,bullish
96911,-1,2025-12-29 11:00:00,2025-12-29 11:05:00,25990.65,False,26011.8,26038.14,-26.34,14.3,9,6.65,-0.282,127,20.1,6.0,11.65,-0.8,False,6.95,11.65,-0.8,False,15.7,17.3,-0.8,False,16.1,25.8,-0.8,False,18.75,25.8,-0.8,False,21.9,38.45,-0.8,False,53.05,70.35,-0.8,False,40.85,20.1,248,-0.71,-1.832,-1.797,-3.256,-1.028,-5.364,-0.778,-0.239,flat,bullish
96922,-1,2025-12-29 11:55:00,2025-12-29 12:00:00,25979.25,False,25990.1,26018.1,-28.0,12.13,20,6.65,-0.329,116,8.7,7.35,10.1,-3.4,False,-0.6,10.2,-3.4,False,-0.65,10.2,-8.85,False,8.1,18.55,-8.85,False,17.8,27.05,-8.85,False,28.8,48.8,-8.85,False,29.45,58.95,-8.85,True,29.45,8.7,248,-0.447,-0.677,-2.476,-3.182,-5.154,-3.341,0.343,0.343,flat,bullish
96938,-1,2025-12-29 13:15:00,2025-12-29 13:20:00,25948.4,False,25972.0,26000.96,-28.96,12.23,36,6.65,-0.44,100,-22.15,4.2,6.7,-1.5,False,0.3,6.7,-2.8,False,2.5,6.7,-2.8,False,-0.9,17.95,-2.8,False,21.1,23.7,-12.65,False,7.25,28.1,-24.05,False,-1.4,28.1,-24.05,True,-1.4,-22.15,248,0.445,0.202,-0.305,1.542,2.187,4.235,5.347,5.347,flat,bullish
96950,-1,2025-12-29 14:15:00,2025-12-29 14:20:00,25928.3,False,25961.05,25990.18,-29.13,12.85,48,6.65,-0.522,88,-42.25,-28.5,1.25,-28.55,False,-26.55,1.25,-44.15,False,-27.75,1.25,-44.15,False,-12.75,1.25,-44.15,False,-12.85,8.0,-44.15,False,-21.5,8.0,-44.15,True,-21.5,8.0,-44.15,True,-21.5,-42.25,249,0.926,2.545,3.351,5.162,2.241,3.349,3.349,3.349,flat,bullish
96954,-1,2025-12-29 14:35:00,2025-12-29 14:40:00,25947.95,False,25972.45,25987.87,-15.42,14.04,52,6.65,-0.443,84,-22.6,11.85,14.7,-1.8,False,6.9,18.85,-1.8,False,16.6,18.85,-1.8,False,4.45,27.65,-3.1,False,-1.85,27.65,-5.4,True,-1.85,27.65,-5.4,True,-1.85,27.65,-5.4,True,-1.85,-22.6,249,0.311,1.619,0.304,-4.758,-0.194,-0.194,-0.194,-0.194,flat,bullish
96966,-1,2025-12-30 09:20:00,2025-12-30 09:25:00,25886.0,False,25956.15,25979.6,-23.45,18.29,64,6.65,-0.216,72,-84.55,1.45,8.0,-4.4,False,-19.35,8.0,-19.35,False,-38.15,8.0,-39.1,False,-47.35,8.0,-56.5,False,-82.7,8.0,-82.85,False,-31.6,8.0,-89.85,False,-5.55,8.0,-89.85,False,-84.55,-255.85,248,-0.008,-1.051,-0.765,1.331,-0.161,-0.94,-5.337,-0.435,flat,bullish
96971,-1,2025-12-30 09:45:00,2025-12-30 09:50:00,25907.9,False,25942.5,25975.37,-32.87,20.14,69,6.65,-0.126,67,-62.65,-25.45,1.6,-30.5,False,-27.8,1.6,-46.8,False,-24.45,1.6,-46.8,False,-47.75,1.6,-49.4,False,-36.5,1.6,-67.95,False,-4.2,15.4,-67.95,False,-46.5,28.0,-67.95,False,-62.65,-233.95,248,-0.921,-1.959,-0.102,-0.917,-2.347,-2.228,-6.492,-2.686,flat,bullish
96981,-1,2025-12-30 10:35:00,2025-12-30 10:40:00,25953.9,False,25975.85,25972.36,3.49,18.43,79,6.65,0.045,57,-16.65,4.6,6.4,-2.45,False,9.5,16.75,-2.45,False,22.55,25.1,-2.45,False,25.1,30.25,-2.45,False,56.35,61.4,-2.45,False,53.05,72.1,-2.45,False,19.1,74.0,-6.45,False,-16.65,-187.95,248,-0.62,-1.22,0.187,-2.031,-2.436,-7.943,-1.363,-1.56,flat,bullish
96996,-1,2025-12-30 11:50:00,2025-12-30 11:55:00,25903.85,False,25917.45,25965.19,-47.74,14.53,94,6.65,-0.143,42,-66.7,5.05,11.75,-0.4,False,12.0,12.2,-0.4,False,2.55,13.0,-1.0,False,14.95,20.85,-1.45,False,3.0,22.05,-9.8,False,-33.9,23.95,-56.5,False,-66.7,23.95,-72.9,True,-66.7,-238.0,248,-0.415,-0.864,-1.094,-3.94,-5.442,-3.817,-0.074,-0.074,flat,bullish
97009,-1,2025-12-30 12:55:00,2025-12-30 13:00:00,25892.8,False,25913.65,25957.69,-44.04,14.46,107,6.65,-0.188,29,-77.75,4.25,7.85,-3.85,False,5.4,8.35,-3.85,False,2.45,12.9,-3.85,False,-6.0,12.9,-10.1,False,-45.45,12.9,-67.55,False,-45.4,12.9,-67.55,False,-77.75,12.9,-83.95,True,-77.75,-249.05,248,0.43,-0.304,-0.697,0.41,1.872,3.867,5.556,5.556,flat,bullish
97027,-1,2025-12-30 14:25:00,2025-12-30 14:30:00,25916.65,False,25960.35,25952.89,7.46,15.57,125,6.65,-0.094,11,-53.9,-20.55,1.2,-23.05,False,-18.15,1.2,-23.05,False,-26.15,1.2,-29.7,False,-21.55,1.2,-38.2,False,-53.9,1.2,-60.1,False,-53.9,1.2,-60.1,True,-53.9,1.2,-60.1,True,-53.9,-225.2,249,0.832,0.994,1.336,-0.851,0.831,0.831,0.831,0.831,flat,bullish
97033,-1,2025-12-30 14:55:00,2025-12-30 15:00:00,25937.05,False,25954.85,25952.31,2.54,16.55,131,6.65,-0.01,5,-33.5,0.6,21.6,-5.0,False,-3.4,21.6,-20.3,False,-4.95,21.6,-20.3,False,-33.5,21.6,-39.7,False,-33.5,21.6,-39.7,True,-33.5,21.6,-39.7,True,-33.5,21.6,-39.7,True,-33.5,-204.8,248,1.583,-2.459,0.558,2.123,2.123,2.123,2.123,2.123,flat,bullish
97068,1,2025-12-31 11:35:00,2025-12-31 11:40:00,26062.45,False,26040.35,26006.98,33.37,14.99,29,15.7,0.351,294,132.0,6.1,8.95,-1.8,False,12.45,12.45,-3.7,False,14.25,18.2,-3.7,False,21.5,23.6,-3.7,False,51.8,52.85,-3.7,False,80.6,101.75,-3.7,False,79.4,125.5,-3.7,True,79.4,77.8,248,-0.965,-1.344,-0.96,0.134,5.497,4.724,-0.886,-0.886,flat,bullish
97129,1,2026-01-01 10:25:00,2026-01-01 10:30:00,26158.7,False,26117.7,26093.07,24.63,21.35,90,15.7,-0.061,233,35.75,7.3,8.4,-11.1,False,3.4,14.8,-11.1,False,2.65,14.8,-11.1,False,12.25,26.9,-11.1,False,7.1,26.9,-11.1,False,-8.1,26.9,-45.3,False,-6.3,26.9,-45.3,False,-18.45,177.0,182,-0.799,-1.204,-2.035,-3.66,-3.707,-7.632,-9.037,-8.637,bearish,bearish
97147,1,2026-01-01 11:55:00,2026-01-01 12:00:00,26151.15,False,26133.4,26104.08,29.32,16.4,108,15.7,-0.084,215,43.3,-9.35,7.05,-11.8,False,-20.3,7.05,-26.85,False,-26.15,7.05,-27.2,False,-0.55,7.05,-37.75,False,0.45,11.4,-37.75,False,6.25,16.8,-37.75,False,-10.9,26.85,-37.75,True,-10.9,184.55,182,-1.094,-0.655,-0.023,-3.722,-2.047,-8.245,-4.727,-4.727,bearish,bearish
97152,1,2026-01-01 12:20:00,2026-01-01 12:25:00,26140.65,False,26113.4,26105.37,8.03,16.64,113,15.7,-0.122,210,53.8,9.95,15.25,-3.2,False,13.8,15.25,-3.2,False,-10.7,15.25,-13.4,False,9.6,21.9,-13.8,False,-10.1,27.3,-13.8,False,20.3,37.35,-13.8,False,-0.4,37.35,-13.85,True,-0.4,195.05,182,-1.507,-2.243,-0.47,0.35,-3.237,-3.214,-2.512,-2.512,bearish,bearish
97157,1,2026-01-01 12:45:00,2026-01-01 12:50:00,26156.8,False,26126.85,26106.97,19.88,17.63,118,15.7,-0.065,205,37.65,-6.55,1.45,-9.7,False,-5.2,1.45,-9.7,False,-5.0,1.45,-9.7,False,8.65,11.15,-12.45,False,-9.95,11.15,-27.1,False,-2.4,21.2,-27.1,False,-16.55,21.2,-30.0,True,-16.55,178.9,182,0.835,0.653,-0.489,-1.219,-4.196,0.838,-2.027,-2.027,bearish,bearish
97172,1,2026-01-01 14:00:00,2026-01-01 14:05:00,26169.05,False,26129.7,26111.81,17.89,16.07,133,15.7,-0.02,190,25.4,-6.0,7.15,-6.45,False,-1.05,7.15,-8.25,False,2.15,7.15,-8.25,False,-6.55,8.95,-19.75,False,-7.25,8.95,-31.4,False,-28.8,8.95,-42.25,True,-28.8,8.95,-42.25,True,-28.8,166.65,182,-2.038,-0.365,0.519,4.384,-1.415,2.182,2.182,2.182,bearish,bearish
97191,1,2026-01-02 09:20:00,2026-01-02 09:25:00,26192.6,False,26118.4,26117.39,1.01,19.13,152,15.7,0.143,171,1.85,15.5,17.8,-11.45,False,5.05,23.6,-11.45,False,19.05,23.6,-11.45,False,75.4,80.25,-11.45,False,59.4,80.25,-11.45,False,73.0,80.25,-11.45,False,117.5,121.95,-11.45,False,143.1,52.05,182,-1.303,-3.071,-5.419,-2.184,0.342,-3.686,-9.197,-8.471,bearish,bearish
97326,1,2026-01-05 14:20:00,2026-01-05 14:25:00,26234.35,False,26210.05,26200.16,9.89,16.67,287,15.7,-0.378,36,-39.9,-7.1,4.95,-8.1,False,12.15,14.25,-8.1,False,1.1,16.35,-8.1,False,39.15,48.5,-8.1,False,4.1,48.55,-8.1,False,10.3,48.55,-8.1,True,10.3,48.55,-8.1,True,10.3,-59.7,182,-0.114,2.489,2.764,5.655,-6.915,0.287,0.287,0.287,bearish,bearish
97362,1,2026-01-06 11:05:00,2026-01-06 11:10:00,26218.85,False,26198.1,26203.51,-5.41,19.09,323,15.7,0.112,0,-24.4,-24.4,1.4,-26.2,False,-62.25,1.4,-66.85,False,-64.0,1.4,-77.8,False,-41.55,1.4,-77.8,False,-60.05,1.4,-77.8,False,-32.3,1.4,-77.8,False,-40.1,1.4,-94.1,False,-44.2,-75.95,182,-0.123,-0.723,-0.529,1.966,-1.242,-3.545,-9.556,-5.314,bearish,bearish
97372,-1,2026-01-06 11:55:00,2026-01-06 12:00:00,26173.1,False,26200.2,26206.14,-5.94,19.74,9,3.65,-0.058,1418,357.35,-2.85,10.8,-6.3,False,14.3,20.1,-6.3,False,5.45,20.1,-6.3,False,11.25,22.95,-6.3,False,-5.8,22.95,-7.0,False,19.85,25.95,-21.9,False,-1.55,48.35,-21.9,True,-1.55,30.2,182,1.094,0.655,0.023,3.722,2.047,8.245,4.727,4.727,bearish,bearish
97387,-1,2026-01-06 13:10:00,2026-01-06 13:15:00,26173.95,False,26195.0,26191.34,3.66,16.06,24,3.65,-0.057,1403,358.2,7.55,12.75,-0.75,False,10.75,13.65,-0.75,False,11.7,21.95,-0.75,False,9.85,26.8,-0.75,False,40.8,48.15,-5.75,False,-2.0,49.2,-13.75,False,-0.7,49.2,-13.75,True,-0.7,31.05,182,0.589,2.122,2.36,2.735,3.944,7.332,1.397,1.397,bearish,bearish
97398,-1,2026-01-06 14:05:00,2026-01-06 14:10:00,26138.15,False,26179.7,26184.26,-4.56,16.45,35,3.65,-0.193,1392,322.4,5.0,12.35,-2.6,False,3.4,12.35,-2.6,False,-2.95,12.85,-4.25,False,-5.1,13.4,-12.8,False,-40.6,13.4,-49.55,False,-36.5,13.4,-49.55,True,-36.5,13.4,-49.55,True,-36.5,-4.75,182,-1.209,-2.093,-3.054,-6.233,0.487,-3.756,-3.756,-3.756,bearish,bearish
97415,-1,2026-01-07 09:15:00,2026-01-07 09:20:00,26128.5,False,26187.7,26177.26,10.44,18.71,52,3.65,-0.067,1375,312.75,-26.1,3.1,-32.05,False,8.15,14.55,-32.05,False,-4.8,14.55,-32.05,False,13.55,26.65,-32.05,False,-31.25,31.85,-58.65,False,-24.35,31.85,-58.65,False,29.8,51.5,-58.65,False,-14.4,259.6,182,1.809,2.705,4.473,2.491,1.55,5.283,9.066,9.873,bearish,bearish
97428,-1,2026-01-07 10:20:00,2026-01-07 10:25:00,26152.25,False,26187.15,26171.08,16.07,23.09,65,3.65,0.032,1362,336.5,18.25,22.5,-3.2,False,20.8,22.65,-3.2,False,15.85,27.05,-3.2,False,-13.6,27.05,-15.7,False,13.4,27.05,-32.5,False,48.65,52.95,-32.5,False,64.1,84.35,-32.5,False,9.35,283.35,182,0.886,1.29,1.695,4.115,4.343,7.032,9.83,9.128,bearish,bearish
97438,-1,2026-01-07 11:10:00,2026-01-07 11:15:00,26151.7,False,26184.75,26168.96,15.79,20.63,75,3.65,0.033,1352,335.95,-1.15,11.5,-2.0,False,12.85,19.9,-3.8,False,9.3,19.9,-5.1,False,8.5,19.9,-14.75,False,39.6,45.5,-14.75,False,48.8,74.7,-14.75,False,-0.1,83.8,-14.75,False,8.8,282.8,182,0.893,0.699,0.554,-0.726,0.78,4.466,11.419,5.484,bearish,bearish
97445,-1,2026-01-07 11:45:00,2026-01-07 11:50:00,26135.5,False,26166.45,26167.32,-0.87,19.44,82,3.65,-0.028,1345,319.75,14.05,14.05,-5.15,False,14.85,16.55,-5.15,False,20.3,23.35,-5.15,False,32.75,32.75,-5.15,False,54.3,58.5,-5.15,False,52.6,67.6,-5.15,False,-7.4,67.6,-18.1,True,-7.4,266.6,182,0.47,1.36,1.972,2.678,3.97,7.773,5.605,5.605,bearish,bearish
97463,-1,2026-01-07 13:15:00,2026-01-07 13:20:00,26098.9,False,26114.0,26157.5,-43.5,14.33,100,3.65,-0.17,1327,283.15,9.1,9.1,-0.65,False,25.9,29.6,-0.65,False,27.8,30.2,-0.65,False,16.0,31.0,-0.65,False,7.6,31.0,-7.25,False,-41.6,31.0,-54.7,False,-44.0,31.0,-54.7,True,-44.0,230.0,182,1.984,2.221,1.286,3.427,2.921,8.453,1.259,1.259,bearish,bearish
97475,-1,2026-01-07 14:15:00,2026-01-07 14:20:00,26092.65,False,26106.15,26150.74,-44.59,13.67,112,3.65,-0.198,1315,276.9,4.5,8.65,-5.6,False,-3.55,8.65,-5.6,False,5.45,9.45,-7.2,False,-4.6,9.45,-18.8,False,-47.85,9.45,-60.95,False,-50.25,9.45,-60.95,True,-50.25,9.45,-60.95,True,-50.25,223.75,182,-0.66,-0.961,-3.564,-4.226,5.832,-1.362,-1.362,-1.362,bearish,bearish
97490,-1,2026-01-08 09:15:00,2026-01-08 09:20:00,26119.85,False,26153.6,26147.17,6.43,18.22,127,3.65,0.064,1300,304.1,23.1,28.95,0.0,False,55.35,56.1,0.0,False,59.15,70.0,0.0,False,37.65,70.0,0.0,False,82.7,82.7,0.0,False,120.85,126.25,0.0,False,204.6,235.7,0.0,False,250.95,416.15,182,1.809,2.705,4.473,2.491,1.55,5.283,9.066,9.873,bearish,bearish
97496,-1,2026-01-08 09:45:00,2026-01-08 09:50:00,26081.75,False,26103.35,26144.53,-41.18,21.52,133,3.65,-0.093,1294,266.0,-15.0,15.55,-17.35,False,-9.95,15.55,-17.35,False,15.7,17.0,-17.35,False,44.6,44.6,-17.35,False,54.75,56.75,-17.35,False,122.8,123.6,-17.35,False,162.55,197.6,-17.35,False,212.85,378.05,182,1.459,3.171,2.116,-0.577,2.098,2.554,9.916,7.747,bearish,bearish
97716,-1,2026-01-13 09:20:00,2026-01-13 09:25:00,25836.75,False,25899.8,25926.02,-26.22,28.88,353,3.65,-0.236,1074,21.0,73.9,76.7,0.0,False,91.4,105.2,0.0,False,100.45,111.75,0.0,False,93.35,126.9,0.0,False,77.6,135.9,0.0,False,55.5,135.9,0.0,False,163.55,209.35,0.0,False,122.55,167.65,182,1.303,3.071,5.419,2.184,-0.342,3.686,9.197,8.471,bearish,bearish
97884,-1,2026-01-16 10:50:00,2026-01-16 10:55:00,25837.65,False,25873.5,25862.42,11.08,26.83,521,3.65,0.553,906,21.9,7.95,10.65,-7.5,False,13.3,13.45,-7.5,False,8.85,16.95,-7.5,False,31.55,36.7,-7.5,False,45.7,54.3,-7.5,False,71.25,99.85,-7.5,False,141.5,175.25,-7.5,False,135.75,282.15,182,0.486,-0.426,0.499,0.677,0.327,2.6,0.094,5.462,bearish,bearish
97902,-1,2026-01-16 12:20:00,2026-01-16 12:25:00,25810.3,False,25829.2,25860.68,-31.48,20.83,539,3.65,0.447,888,-5.45,58.25,65.4,-2.65,False,39.55,72.5,-2.65,False,42.45,72.5,-2.65,False,43.9,72.5,-2.65,False,114.55,117.65,-2.65,False,111.2,147.9,-2.65,False,108.4,147.9,-2.65,True,108.4,254.8,182,1.507,2.243,0.47,-0.35,3.237,3.214,2.512,2.512,bearish,bearish
98797,1,2026-02-03 11:55:00,2026-02-03 12:00:00,25849.2,False,25826.15,25822.59,3.56,39.42,6,5.25,-1.749,18,-89.9,-29.15,2.65,-30.45,False,-20.95,2.65,-36.05,False,-12.65,2.65,-36.05,False,-62.65,2.65,-68.35,False,-53.6,2.65,-81.65,False,-78.85,2.65,-119.8,False,-134.4,2.65,-152.35,True,-134.4,-111.7,182,-1.094,-0.655,-0.023,-3.722,-2.047,-8.245,-4.727,-4.727,flat,bearish
98810,1,2026-02-03 13:00:00,2026-02-03 13:05:00,25801.05,False,25767.55,25813.55,-46.0,27.99,19,5.25,-1.926,5,-41.75,-9.9,10.45,-10.9,False,-10.75,10.45,-14.65,False,-2.45,10.45,-14.65,False,-41.75,10.45,-57.05,False,-24.6,10.8,-71.65,False,-81.4,10.8,-86.6,False,-86.25,10.8,-104.2,True,-86.25,-63.55,182,-0.082,-0.833,-1.042,-1.878,-4.482,-5.447,-1.85,-1.85,flat,bearish
98844,-1,2026-02-04 09:35:00,2026-02-04 09:40:00,25729.7,False,25790.15,25762.11,28.04,40.04,28,8.25,0.213,0,-61.5,-61.5,0.0,-61.5,False,-56.75,0.0,-65.55,False,-32.95,0.0,-65.55,False,-66.3,0.0,-70.85,False,2.25,20.15,-72.1,False,26.25,43.75,-72.1,False,-41.2,43.75,-72.1,False,-7.8,88.1,182,-2.434,-3.936,-2.841,-2.045,-3.986,-3.833,3.449,3.447,flat,bearish
98850,1,2026-02-04 10:05:00,2026-02-04 10:10:00,25795.85,False,25748.1,25748.17,-0.07,36.28,5,1.05,0.471,2,-51.05,-13.55,5.95,-20.95,False,-38.5,5.95,-38.5,False,-51.05,5.95,-58.3,False,-68.4,5.95,-86.3,False,-58.7,5.95,-86.3,False,-59.5,5.95,-109.9,False,-29.3,5.95,-109.9,False,-58.35,-154.25,182,-0.654,2.43,2.92,1.539,-0.93,-1.822,-10.113,-5.893,flat,bearish
98862,-1,2026-02-04 11:05:00,2026-02-04 11:10:00,25737.4,False,25760.15,25747.55,12.6,28.28,9,3.3,0.242,28,-27.75,13.45,23.25,-0.6,False,28.45,32.5,-0.6,False,39.35,42.0,-0.6,False,33.95,51.45,-0.6,False,1.05,51.45,-0.6,False,3.5,51.45,-25.55,False,-47.25,51.45,-81.15,False,-0.1,95.8,182,0.123,0.723,0.529,-1.966,1.242,3.545,9.556,5.314,flat,bearish
98877,-1,2026-02-04 12:20:00,2026-02-04 12:25:00,25727.2,False,25750.3,25731.29,19.01,21.99,24,3.3,0.206,13,-37.95,-20.8,0.0,-29.1,False,-11.3,0.0,-29.1,False,-14.35,0.0,-29.1,False,6.8,14.75,-35.75,False,-23.4,25.95,-35.75,False,-73.8,25.95,-91.35,False,-10.3,25.95,-91.35,True,-10.3,85.6,182,1.507,2.243,0.47,-0.35,3.237,3.214,2.512,2.512,flat,bearish
98882,-1,2026-02-04 12:45:00,2026-02-04 12:50:00,25723.9,False,25762.95,25732.5,30.45,21.45,29,3.3,0.188,8,-41.25,3.5,11.45,-1.1,False,18.75,22.65,-1.1,False,6.8,22.65,-1.1,False,-10.8,22.65,-20.1,False,-40.5,22.65,-48.8,False,-71.15,22.65,-94.65,False,-13.6,22.65,-94.65,True,-13.6,82.3,182,-0.835,-0.653,0.489,1.219,4.196,-0.838,2.027,2.027,flat,bearish
98899,1,2026-02-04 14:10:00,2026-02-04 14:15:00,25789.95,False,25755.25,25753.74,1.51,17.67,8,2.2,0.451,16,-107.65,16.25,23.95,0.0,False,11.05,28.6,0.0,False,8.25,28.6,-1.6,False,19.4,28.6,-1.6,False,-6.85,28.6,-10.1,False,-52.45,28.6,-52.45,True,-52.45,28.6,-52.45,True,-52.45,-148.35,182,0.438,1.399,1.7,4.375,-3.835,2.101,2.101,2.101,flat,bearish
98904,1,2026-02-04 14:35:00,2026-02-04 14:40:00,25811.45,False,25788.35,25765.34,23.01,17.48,13,2.2,0.531,11,-129.15,-2.1,1.8,-7.55,False,-16.4,1.8,-29.2,False,-15.8,1.8,-29.2,False,-26.8,1.8,-31.6,False,-73.95,1.8,-73.95,True,-73.95,1.8,-73.95,True,-73.95,1.8,-73.95,True,-73.95,-169.85,182,-0.638,-0.047,2.456,-7.154,-2.912,-2.912,-2.912,-2.912,flat,bearish
98919,-1,2026-02-05 09:35:00,2026-02-05 09:40:00,25679.6,False,25729.55,25758.53,-28.98,26.49,3,18.95,-0.303,135,27.75,45.75,45.75,-0.75,False,47.95,57.1,-0.75,False,55.0,58.35,-0.75,False,42.5,66.7,-0.75,False,51.8,66.7,-20.85,False,8.55,68.0,-20.85,False,40.6,75.85,-20.85,False,38.0,6.0,182,-2.434,-3.936,-2.841,-2.045,-3.986,-3.833,3.449,3.447,flat,bearish
98929,-1,2026-02-05 10:25:00,2026-02-05 10:30:00,25668.9,False,25700.45,25717.24,-16.79,26.89,13,18.95,-0.335,125,17.05,22.2,27.7,-1.95,False,41.1,42.25,-1.95,False,26.25,45.35,-1.95,False,44.9,52.9,-1.95,False,15.85,57.3,-9.35,False,47.35,57.8,-11.3,False,57.0,89.4,-11.3,False,27.3,-4.7,182,0.799,1.204,2.035,3.66,3.707,7.632,9.037,8.637,flat,bearish
98939,-1,2026-02-05 11:15:00,2026-02-05 11:20:00,25647.05,False,25678.25,25697.27,-19.02,25.49,23,18.95,-0.42,115,-4.8,2.05,2.45,-8.65,False,-6.0,7.65,-8.65,False,-0.25,7.65,-18.8,False,12.0,15.75,-33.15,False,32.0,32.35,-33.15,False,-3.5,43.3,-33.15,False,17.8,67.55,-33.15,False,5.45,-26.55,182,0.247,0.102,-0.559,-0.161,2.105,4.224,12.226,5.032,flat,bearish
98945,-1,2026-02-05 11:45:00,2026-02-05 11:50:00,25634.9,False,25680.2,25691.2,-11.0,24.49,29,18.95,-0.469,109,-16.95,-3.45,5.25,-4.0,False,-17.0,5.25,-17.35,False,-16.4,5.25,-19.65,False,19.85,20.2,-22.8,False,9.35,31.15,-22.8,False,-7.5,31.15,-22.8,False,-6.7,55.4,-34.85,True,-6.7,-38.7,182,0.47,1.36,1.972,2.678,3.97,7.773,5.605,5.605,flat,bearish
98950,-1,2026-02-05 12:10:00,2026-02-05 12:15:00,25629.7,False,25657.7,25685.85,-28.15,22.27,34,18.95,-0.49,104,-22.15,14.65,15.0,-0.8,False,13.3,18.6,-0.8,False,8.15,18.6,-0.8,False,12.25,25.95,-5.25,False,-7.1,25.95,-16.85,False,32.75,50.2,-27.6,False,-11.9,50.2,-40.05,True,-11.9,-43.9,182,2.136,2.967,4.058,3.224,4.045,7.61,5.063,5.063,flat,bearish
98965,-1,2026-02-05 13:25:00,2026-02-05 13:30:00,25611.7,False,25657.3,25672.07,-14.77,19.58,49,18.95,-0.558,89,-40.15,-20.85,0.0,-22.0,False,-27.3,0.0,-31.8,False,-24.2,0.0,-31.8,False,-23.55,0.0,-35.7,False,-0.2,32.2,-35.7,False,-29.9,32.2,-58.05,False,-29.9,32.2,-58.05,True,-29.9,-61.9,182,-0.563,-0.588,0.748,2.927,-0.19,-0.59,-0.59,-0.59,flat,bearish
98980,-1,2026-02-05 14:40:00,2026-02-05 14:45:00,25624.25,False,25640.35,25662.13,-21.78,18.15,64,18.95,-0.512,74,-27.6,3.45,15.2,-2.65,False,-5.95,15.2,-7.85,False,-20.95,15.2,-24.75,False,-23.55,15.2,-45.5,False,-17.35,15.2,-45.5,True,-17.35,15.2,-45.5,True,-17.35,15.2,-45.5,True,-17.35,-49.35,182,-0.116,-2.62,-1.916,8.684,2.748,2.748,2.748,2.748,flat,bearish
98987,-1,2026-02-05 15:15:00,2026-02-05 15:20:00,25630.45,False,25669.75,25660.19,9.56,20.32,71,18.95,-0.492,67,-21.4,-10.5,8.9,-11.7,False,-11.15,8.9,-14.95,False,-11.15,8.9,-14.95,True,-11.15,8.9,-14.95,True,-11.15,8.9,-14.95,True,-11.15,8.9,-14.95,True,-11.15,8.9,-14.95,True,-11.15,-43.15,182,0.201,-7.001,-7.001,-7.001,-7.001,-7.001,-7.001,-7.001,flat,bearish
99024,-1,2026-02-06 12:05:00,2026-02-06 12:10:00,25593.45,False,25657.9,25631.69,26.21,24.87,108,18.95,-0.046,30,-58.4,-17.6,5.0,-18.2,False,-9.95,5.0,-20.9,False,23.15,23.15,-20.9,False,41.2,56.75,-20.9,False,39.6,66.8,-20.9,False,-31.85,66.8,-39.85,False,-80.15,66.8,-110.5,True,-80.15,-269.85,182,-0.319,1.458,2.289,2.343,2.616,8.604,4.385,4.385,flat,bearish
99049,-1,2026-02-06 14:10:00,2026-02-06 14:15:00,25612.15,False,25633.3,25622.28,11.02,22.11,133,18.95,0.025,5,-39.7,-7.55,10.25,-10.05,False,7.4,10.25,-18.5,False,1.25,10.25,-18.5,False,-39.7,10.25,-40.25,False,-86.35,10.25,-91.65,False,-61.45,10.25,-91.8,True,-61.45,10.25,-91.8,True,-61.45,-251.15,182,-0.438,-1.399,-1.7,-4.375,3.835,-2.101,-2.101,-2.101,flat,bearish
99065,1,2026-02-09 09:15:00,2026-02-09 09:20:00,25814.3,False,25661.95,25667.16,-5.21,36.73,10,18.55,-0.283,251,6.85,7.55,11.75,-21.0,False,8.6,11.75,-21.0,False,-12.1,21.2,-22.55,False,-2.3,21.2,-33.4,False,2.35,21.2,-33.4,False,46.35,55.75,-33.4,False,43.05,55.75,-33.4,False,49.0,102.5,182,-1.809,-2.705,-4.473,-2.491,-1.55,-5.283,-9.066,-9.873,flat,bearish
99110,1,2026-02-09 13:00:00,2026-02-09 13:05:00,25844.55,False,25819.95,25791.64,28.31,14.7,55,18.55,-0.176,206,-23.4,8.85,10.65,-2.65,False,5.4,15.75,-2.65,False,12.8,15.75,-2.65,False,5.3,15.75,-8.7,False,-2.2,15.75,-8.7,False,24.3,25.3,-9.05,False,18.75,31.3,-9.05,True,18.75,72.25,182,-0.082,-0.833,-1.042,-1.878,-4.482,-5.447,-1.85,-1.85,flat,bearish
99118,1,2026-02-09 13:40:00,2026-02-09 13:45:00,25854.05,False,25835.85,25798.43,37.42,13.24,63,18.55,-0.137,198,-32.9,-6.9,3.25,-8.05,False,-7.4,3.25,-10.95,False,-8.4,3.25,-10.95,False,-9.65,3.25,-18.55,False,-10.25,10.35,-18.55,False,9.25,21.8,-18.55,True,9.25,21.8,-18.55,True,9.25,62.75,182,-1.166,-1.951,-2.515,-1.544,3.277,1.003,1.003,1.003,flat,bearish
99125,1,2026-02-09 14:15:00,2026-02-09 14:20:00,25852.25,False,25835.5,25802.89,32.61,12.32,70,18.55,-0.148,191,-31.1,6.3,12.15,-2.25,False,6.45,12.15,-2.25,False,0.1,12.15,-2.8,False,-0.7,12.15,-11.9,False,16.4,23.6,-16.0,False,11.05,23.6,-16.0,True,11.05,23.6,-16.0,True,11.05,64.55,182,0.66,0.961,3.564,4.226,-5.832,1.362,1.362,1.362,flat,bearish
99131,1,2026-02-09 14:45:00,2026-02-09 14:50:00,25853.05,False,25840.35,25806.56,33.79,12.09,76,18.55,-0.143,185,-31.9,-4.55,5.1,-16.8,False,5.0,8.25,-16.8,False,15.8,16.8,-16.8,False,15.6,22.8,-16.8,False,10.25,22.8,-16.8,True,10.25,22.8,-16.8,True,10.25,22.8,-16.8,True,10.25,63.75,182,2.064,1.36,-6.901,-10.498,-3.304,-3.304,-3.304,-3.304,flat,bearish
99198,1,2026-02-10 14:05:00,2026-02-10 14:10:00,25909.65,False,25893.2,25866.58,26.62,17.04,143,18.55,-0.042,118,-88.5,9.05,9.05,-10.0,False,33.35,33.35,-10.0,False,15.0,34.15,-10.0,False,7.2,34.15,-10.0,False,48.45,57.75,-10.0,False,7.15,57.75,-10.0,True,7.15,57.75,-10.0,True,7.15,35.7,182,1.209,2.093,3.054,6.233,-0.487,3.756,3.756,3.756,flat,bearish
99206,1,2026-02-10 14:45:00,2026-02-10 14:50:00,25927.75,False,25903.85,25869.43,34.42,17.16,151,18.55,0.023,110,-106.6,7.6,10.1,-4.05,False,12.85,16.65,-4.05,False,23.65,39.65,-4.05,False,-8.45,39.65,-13.2,False,-10.95,39.65,-21.7,True,-10.95,39.65,-21.7,True,-10.95,39.65,-21.7,True,-10.95,17.6,182,2.064,1.36,-6.901,-10.498,-3.304,-3.304,-3.304,-3.304,flat,bearish
99215,1,2026-02-11 09:15:00,2026-02-11 09:20:00,25984.95,False,25906.05,25873.18,32.87,23.8,160,18.55,-0.048,101,-163.8,-4.25,8.25,-9.15,False,-4.35,8.25,-9.35,False,-29.6,8.25,-30.2,False,-55.1,8.25,-61.45,False,-30.8,8.25,-75.1,False,-29.05,8.25,-75.1,False,-56.05,8.25,-85.15,False,-39.6,-188.8,182,-1.809,-2.705,-4.473,-2.491,-1.55,-5.283,-9.066,-9.873,flat,bearish
99222,1,2026-02-11 09:50:00,2026-02-11 09:55:00,25949.05,False,25923.5,25876.48,47.02,22.72,167,18.55,-0.182,94,-127.9,-6.0,7.25,-6.0,False,-33.25,7.25,-37.15,False,-23.25,7.25,-37.15,False,12.6,13.75,-39.2,False,11.85,32.25,-39.2,False,9.0,32.25,-39.2,False,-17.0,32.25,-49.25,False,-3.7,-152.9,182,-2.164,-1.109,-1.248,2.073,-1.727,-1.606,-9.694,-6.74,flat,bearish
99227,1,2026-02-11 10:15:00,2026-02-11 10:20:00,25954.8,False,25909.85,25878.02,31.83,23.58,172,18.55,-0.167,89,-133.65,6.85,8.0,-6.6,False,10.0,12.95,-6.6,False,9.4,18.4,-6.6,False,21.75,26.5,-6.6,False,1.1,26.5,-15.9,False,-11.95,26.5,-20.85,False,3.6,26.5,-55.0,False,-9.45,-158.65,182,0.109,-0.463,-0.867,-3.055,-4.114,-5.777,-10.367,-8.704,flat,bearish
99258,1,2026-02-11 12:50:00,2026-02-11 12:55:00,25925.9,False,25899.8,25889.03,10.77,17.46,203,18.55,-0.274,58,-104.75,1.5,10.55,-5.85,False,-11.65,10.55,-18.3,False,0.2,10.55,-18.3,False,5.35,13.4,-18.3,False,6.15,43.3,-18.3,False,20.4,43.3,-18.3,False,19.45,44.85,-18.3,True,19.45,-129.75,182,-0.557,-1.699,-1.469,-3.963,-6.191,2.131,-3.237,-3.237,flat,bearish
99263,1,2026-02-11 13:15:00,2026-02-11 13:20:00,25928.9,False,25907.6,25889.84,17.76,16.71,208,18.55,-0.264,53,-107.75,2.35,10.4,-5.7,False,16.15,16.75,-5.7,False,20.3,23.2,-5.7,False,10.4,40.3,-5.7,False,29.5,40.3,-5.7,False,26.35,41.85,-5.7,False,16.45,41.85,-5.7,True,16.45,-132.75,182,-1.984,-2.221,-1.286,-3.427,-2.921,-8.453,-1.259,-1.259,flat,bearish
99274,1,2026-02-11 14:10:00,2026-02-11 14:15:00,25955.95,False,25925.55,25892.42,33.13,15.53,219,18.55,-0.159,42,-134.8,2.45,8.15,-0.5,False,-10.95,8.15,-16.25,False,-11.1,8.15,-16.25,False,-11.05,8.15,-18.75,False,-0.05,14.8,-18.75,False,-10.6,14.8,-18.75,True,-10.6,14.8,-18.75,True,-10.6,-159.8,182,0.438,1.399,1.7,4.375,-3.835,2.101,2.101,2.101,flat,bearish
99284,1,2026-02-11 15:00:00,2026-02-11 15:05:00,25956.1,False,25937.2,25894.83,42.37,14.78,229,18.55,-0.159,32,-134.95,-4.35,2.65,-7.4,False,-0.2,2.65,-7.4,False,-0.85,2.65,-7.4,False,-10.75,2.65,-16.35,True,-10.75,2.65,-16.35,True,-10.75,2.65,-16.35,True,-10.75,2.65,-16.35,True,-10.75,-159.95,182,-0.834,-2.527,-3.785,3.409,3.409,3.409,3.409,3.409,flat,bearish
99321,-1,2026-02-12 11:50:00,2026-02-12 11:55:00,25815.9,False,25836.1,25847.93,-11.83,15.72,4,1.15,-0.355,17,-44.55,-10.4,5.15,-11.95,False,0.75,9.4,-14.55,False,-12.1,9.4,-14.55,False,-20.7,9.4,-23.8,False,-37.6,9.4,-38.1,False,-5.75,10.25,-63.4,False,19.75,63.5,-63.4,True,19.75,355.35,182,1.315,1.927,1.489,3.464,2.699,8.514,5.56,5.56,flat,bearish
99336,-1,2026-02-12 13:05:00,2026-02-12 13:10:00,25841.35,False,25859.85,25843.45,16.4,13.76,19,1.15,-0.26,2,-19.1,5.6,11.35,-2.35,False,-10.25,11.35,-22.2,False,-19.1,11.35,-22.2,False,-18.45,11.35,-37.95,False,23.65,35.7,-37.95,False,19.95,88.95,-37.95,False,45.2,88.95,-37.95,True,45.2,380.8,182,1.106,1.316,2.849,2.126,6.343,6.366,2.124,2.124,flat,bearish
99342,1,2026-02-12 13:35:00,2026-02-12 13:40:00,25862.0,False,25842.85,25850.89,-8.04,16.83,3,0.6,-0.181,1,-44.5,-17.15,0.0,-20.7,False,-44.5,0.0,-45.0,False,-40.35,0.0,-56.35,False,-44.3,0.0,-56.35,False,-53.8,0.0,-58.75,False,-65.85,0.0,-109.6,True,-65.85,0.0,-109.6,True,-65.85,-401.45,182,-1.743,-2.574,-3.359,-4.625,2.072,-0.405,-0.405,-0.405,flat,bearish
99354,-1,2026-02-12 14:35:00,2026-02-12 14:40:00,25808.75,False,25837.85,25828.81,9.04,17.1,10,25.35,-0.38,137,218.6,11.45,14.2,-10.75,False,49.75,56.35,-10.75,False,33.35,56.35,-10.75,False,-12.65,56.35,-31.95,False,12.6,56.35,-31.95,True,12.6,56.35,-31.95,True,12.6,56.35,-31.95,True,12.6,348.2,182,0.638,0.047,-2.456,7.154,2.912,2.912,2.912,2.912,flat,bearish
99365,-1,2026-02-13 09:15:00,2026-02-13 09:20:00,25597.1,False,25840.7,25807.72,32.98,36.7,21,25.35,0.099,126,6.95,-5.55,17.0,-8.55,False,11.4,17.0,-8.55,False,49.4,52.25,-8.55,False,52.85,71.65,-8.55,False,70.85,83.8,-8.55,False,64.9,83.8,-8.55,False,11.95,83.8,-8.95,False,136.55,-85.35,182,1.809,2.705,4.473,2.491,1.55,5.283,9.066,9.873,flat,bearish
99407,-1,2026-02-13 12:45:00,2026-02-13 12:50:00,25571.55,False,25606.05,25653.11,-47.06,19.93,63,25.35,0.002,84,-18.6,14.6,17.85,0.0,False,29.5,33.95,0.0,False,29.05,37.45,0.0,False,-13.6,39.9,-15.3,False,61.25,66.5,-15.3,False,63.4,72.2,-15.3,False,111.0,127.25,-15.3,True,111.0,-110.9,182,-0.835,-0.653,0.489,1.219,4.196,-0.838,2.027,2.027,flat,bearish
99453,-1,2026-02-16 10:20:00,2026-02-16 10:25:00,25526.1,False,25561.85,25597.55,-35.7,29.9,109,25.35,0.406,38,-64.05,0.25,7.2,-6.3,False,-5.25,7.2,-14.15,False,-0.45,7.2,-14.15,False,12.5,17.3,-14.15,False,-15.3,18.95,-18.45,False,-33.7,23.05,-40.5,False,-57.85,23.05,-68.05,False,-156.35,-189.9,182,0.886,1.29,1.695,4.115,4.343,7.032,9.83,9.128,flat,bearish
99471,-1,2026-02-16 11:50:00,2026-02-16 11:55:00,25509.0,False,25547.15,25587.68,-40.53,20.57,127,25.35,0.336,20,-81.15,-20.1,1.35,-20.65,False,-26.6,1.35,-29.75,False,-30.3,1.35,-33.8,False,-50.8,1.35,-57.6,False,-56.8,1.35,-81.9,False,-58.3,1.35,-85.15,False,-173.45,1.35,-188.0,True,-173.45,-207.0,182,1.315,1.927,1.489,3.464,2.699,8.514,5.56,5.56,flat,bearish
99482,-1,2026-02-16 12:45:00,2026-02-16 12:50:00,25554.8,False,25590.9,25585.31,5.59,19.52,138,25.35,0.513,9,-35.35,-11.0,1.65,-16.8,False,-2.05,4.15,-18.85,False,-15.85,4.15,-26.15,False,-13.15,4.15,-30.05,False,-27.6,4.15,-39.35,False,-110.2,9.95,-115.05,False,-127.65,9.95,-142.2,True,-127.65,-161.2,182,-0.835,-0.653,0.489,1.219,4.196,-0.838,2.027,2.027,flat,bearish
99488,-1,2026-02-16 13:15:00,2026-02-16 13:20:00,25566.75,False,25584.85,25584.64,0.21,18.62,144,25.35,0.568,3,-23.4,-8.0,2.4,-14.25,False,-14.95,2.4,-17.25,False,-9.5,2.4,-17.45,False,-15.65,2.4,-27.4,False,-8.5,21.9,-27.4,False,-114.2,21.9,-130.25,False,-115.7,21.9,-130.25,True,-115.7,-149.25,182,1.984,2.221,1.286,3.427,2.921,8.453,1.259,1.259,flat,bearish
99518,1,2026-02-17 09:30:00,2026-02-17 09:35:00,25613.85,False,25570.3,25616.98,-46.68,26.43,26,5.3,-0.1,82,48.1,2.75,2.8,-29.8,False,29.1,30.9,-29.8,False,27.7,31.8,-29.8,False,48.4,62.0,-29.8,False,96.65,116.5,-29.8,False,107.6,116.5,-29.8,False,137.95,150.55,-29.8,False,102.15,191.85,182,-2.866,-0.038,1.463,-0.288,1.919,-0.328,-5.947,-5.919,flat,bearish
99535,1,2026-02-17 10:55:00,2026-02-17 11:00:00,25667.75,False,25642.75,25635.17,7.58,23.64,43,5.3,0.118,65,-5.8,-1.2,4.35,-9.55,False,2.85,7.2,-14.1,False,5.35,7.2,-14.1,False,25.85,27.8,-14.1,False,61.7,78.0,-14.1,False,66.05,93.1,-14.1,False,44.15,96.65,-14.1,False,48.25,137.95,182,0.409,-0.516,-0.288,-0.549,-1.234,-2.799,-0.815,-5.479,flat,bearish
99579,1,2026-02-17 14:35:00,2026-02-17 14:40:00,25723.2,False,25662.6,25676.59,-13.99,24.04,87,5.3,0.337,21,-61.25,-5.9,10.0,-8.45,False,-14.25,10.0,-18.4,False,-6.05,10.0,-19.3,False,18.65,23.1,-32.05,False,-7.2,23.1,-32.05,True,-7.2,23.1,-32.05,True,-7.2,23.1,-32.05,True,-7.2,82.5,182,-0.638,-0.047,2.456,-7.154,-2.912,-2.912,-2.912,-2.912,flat,bearish
99585,1,2026-02-17 15:05:00,2026-02-17 15:10:00,25743.9,False,25691.15,25679.13,12.02,25.14,93,5.3,0.405,15,-81.95,-19.05,0.45,-30.1,False,-23.55,0.45,-30.1,False,-19.35,0.45,-30.1,False,-27.9,0.45,-30.1,True,-27.9,0.45,-30.1,True,-27.9,0.45,-30.1,True,-27.9,0.45,-30.1,True,-27.9,61.8,182,-1.776,-3.034,-3.041,4.16,4.16,4.16,4.16,4.16,flat,bearish
99595,1,2026-02-18 09:40:00,2026-02-18 09:45:00,25741.85,False,25697.75,25683.61,14.14,25.72,103,5.3,-0.042,5,-79.9,-21.4,2.6,-27.8,False,-39.5,2.6,-42.5,False,-76.4,2.6,-86.1,False,-79.9,2.6,-91.6,False,-81.1,2.6,-96.7,False,-54.95,2.6,-96.7,False,-17.15,11.35,-96.7,False,63.85,-325.4,182,1.015,-0.08,-1.791,-1.128,0.234,-0.158,-7.706,-6.367,flat,bearish
99614,-1,2026-02-18 11:15:00,2026-02-18 11:20:00,25688.45,False,25709.0,25684.62,24.38,20.81,13,0.65,-0.257,2,-25.2,0.45,2.65,-9.25,False,-5.1,8.5,-9.25,False,-25.2,8.5,-28.1,False,-0.2,11.9,-28.1,False,-24.65,11.9,-33.1,False,-52.4,11.9,-57.15,False,-129.85,11.9,-139.6,False,-117.25,272.0,182,0.247,0.102,-0.559,-0.161,2.105,4.224,12.226,5.032,flat,bearish
99623,1,2026-02-18 12:00:00,2026-02-18 12:05:00,25705.45,False,25676.55,25689.0,-12.45,18.35,6,4.65,-0.187,66,-22.2,7.8,12.95,-1.15,False,4.4,12.95,-1.15,False,7.65,16.1,-1.15,False,17.25,20.75,-1.8,False,31.55,36.6,-1.8,False,20.0,47.75,-9.7,False,100.25,122.6,-9.7,True,100.25,-289.0,182,0.112,0.744,-1.033,-3.691,-2.422,-6.592,-3.96,-3.96,flat,bearish
99630,1,2026-02-18 12:35:00,2026-02-18 12:40:00,25732.0,False,25703.65,25696.28,7.37,16.38,13,4.65,-0.079,59,-48.75,-5.65,0.35,-13.95,False,-18.05,0.35,-18.3,False,-5.2,0.35,-20.1,False,-0.25,10.05,-20.1,False,-10.65,21.2,-20.1,False,49.0,61.8,-36.25,False,73.7,96.05,-36.25,True,73.7,-315.55,182,-0.596,-0.8,0.427,-0.666,-2.438,0.042,-2.435,-2.435,flat,bearish
99634,1,2026-02-18 12:55:00,2026-02-18 13:00:00,25732.2,False,25711.9,25699.84,12.06,16.1,17,4.65,-0.081,55,-48.95,4.8,9.85,-10.05,False,-0.45,9.85,-10.05,False,-0.7,9.85,-13.8,False,-4.15,21.0,-14.4,False,-7.9,21.0,-36.45,False,59.95,64.55,-36.45,False,73.5,95.85,-36.45,True,73.5,-315.75,182,-1.532,-1.301,-2.052,-4.033,-6.587,1.594,-3.07,-3.07,flat,bearish
99648,1,2026-02-18 14:05:00,2026-02-18 14:10:00,25735.05,False,25695.75,25708.94,-13.19,17.3,31,4.65,-0.067,41,-51.8,21.75,22.3,-2.0,False,36.55,36.9,-2.0,False,55.5,56.5,-2.0,False,45.95,58.75,-2.0,False,90.65,93.0,-2.0,False,70.65,93.0,-2.0,True,70.65,93.0,-2.0,True,70.65,-318.6,182,1.209,2.093,3.054,6.233,-0.487,3.756,3.756,3.756,flat,bearish
99761,-1,2026-02-20 11:00:00,2026-02-20 11:05:00,25579.55,False,25606.5,25616.65,-10.15,31.1,71,12.5,0.682,14,-55.35,8.55,14.7,-6.8,False,17.7,18.8,-6.8,False,1.75,18.8,-6.8,False,-14.35,18.8,-23.05,False,-7.75,18.8,-41.15,False,-8.35,18.8,-84.0,False,-17.55,47.55,-84.0,False,13.65,-124.45,182,1.208,0.98,1.58,0.58,2.538,4.633,9.768,6.171,flat,bearish
99771,-1,2026-02-20 11:50:00,2026-02-20 11:55:00,25583.6,False,25620.7,25613.69,7.01,26.57,81,12.5,0.698,4,-51.3,-14.55,2.5,-27.15,False,-3.7,3.05,-27.15,False,-9.2,3.05,-27.15,False,-64.5,3.05,-67.95,False,-28.65,3.05,-79.95,False,18.4,51.6,-79.95,False,17.7,51.6,-79.95,True,17.7,-120.4,182,1.315,1.927,1.489,3.464,2.699,8.514,5.56,5.56,flat,bearish
99795,-1,2026-02-20 13:50:00,2026-02-20 13:55:00,25564.9,False,25609.55,25590.22,19.33,25.36,9,18.6,0.624,4,-65.65,-36.25,3.5,-38.0,False,-28.1,3.5,-46.9,False,-31.25,3.5,-46.9,False,-39.65,3.5,-69.25,False,-67.65,3.5,-87.95,False,-1.0,26.0,-87.95,True,-1.0,26.0,-87.95,True,-1.0,-139.1,182,1.0,0.115,1.702,-1.816,-7.885,-2.518,-2.518,-2.518,flat,bearish
99834,1,2026-02-23 10:50:00,2026-02-23 10:55:00,25672.75,False,25646.6,25671.09,-24.49,27.2,19,45.5,-0.026,37,-49.1,-4.9,4.2,-7.75,False,10.4,19.25,-7.75,False,7.75,19.25,-20.45,False,-9.55,26.45,-20.45,False,-13.95,26.45,-41.1,False,-17.0,26.45,-41.1,False,6.4,36.7,-63.4,False,31.25,-212.5,182,-0.486,0.426,-0.499,-0.677,-0.327,-2.6,-0.094,-5.462,flat,bearish
99851,1,2026-02-23 12:15:00,2026-02-23 12:20:00,25671.9,False,25631.65,25669.35,-37.7,22.57,36,45.5,-0.033,20,-48.25,-17.15,1.6,-18.75,False,-20.0,1.6,-24.25,False,-18.05,1.6,-35.5,False,-9.2,18.95,-35.5,False,-27.05,18.95,-44.2,False,-28.35,18.95,-62.55,False,32.1,57.05,-62.55,True,32.1,-211.65,182,-1.221,-2.312,-3.048,-1.682,-2.509,-4.979,-3.317,-3.317,flat,bearish
99855,1,2026-02-23 12:35:00,2026-02-23 12:40:00,25662.4,False,25636.4,25668.29,-31.89,20.69,40,45.5,-0.069,16,-38.75,22.6,22.6,-2.25,False,0.3,28.45,-2.25,False,-6.65,28.45,-18.85,False,-13.3,28.45,-30.85,False,-15.25,28.45,-34.7,False,17.65,47.05,-53.05,False,41.6,66.55,-53.05,True,41.6,-202.15,182,-0.596,-0.8,0.427,-0.666,-2.438,0.042,-2.435,-2.435,flat,bearish
99861,1,2026-02-23 13:05:00,2026-02-23 13:10:00,25650.3,False,25631.55,25667.01,-35.46,20.68,46,45.5,-0.114,10,-26.65,-13.6,7.3,-14.15,False,-5.45,7.3,-22.6,False,4.8,8.7,-22.6,False,-3.15,30.0,-22.6,False,-23.05,30.0,-40.95,False,59.9,78.65,-40.95,False,53.7,78.65,-40.95,True,53.7,-190.05,182,-1.106,-1.316,-2.849,-2.126,-6.343,-6.366,-2.124,-2.124,flat,bearish
99881,1,2026-02-23 14:45:00,2026-02-23 14:50:00,25699.8,False,25661.75,25656.39,5.36,23.4,3,14.0,0.076,8,-129.25,-20.65,0.05,-27.0,False,-25.65,0.05,-30.2,False,18.45,24.5,-30.2,False,16.45,29.15,-30.2,False,4.2,29.15,-30.2,True,4.2,29.15,-30.2,True,4.2,29.15,-30.2,True,4.2,-239.55,182,2.064,1.36,-6.901,-10.498,-3.304,-3.304,-3.304,-3.304,flat,bearish
99920,-1,2026-02-24 11:45:00,2026-02-24 11:50:00,25498.15,False,25525.2,25537.33,-12.13,20.96,30,38.8,-0.556,52,-102.45,9.3,9.6,-0.6,False,25.6,26.45,-0.6,False,35.25,42.5,-0.6,False,51.85,56.4,-0.6,False,105.6,110.95,-0.6,False,134.2,170.55,-0.6,False,37.9,170.55,-0.6,True,37.9,19.5,182,0.47,1.36,1.972,2.678,3.97,7.773,5.605,5.605,flat,bearish
99991,1,2026-02-25 11:25:00,2026-02-25 11:30:00,25613.3,False,25597.6,25560.13,37.47,19.39,18,5.65,0.395,31,-177.65,-11.15,1.95,-13.35,False,-8.15,1.95,-13.35,False,-25.3,1.95,-32.25,False,-18.2,8.9,-32.25,False,-20.8,8.9,-32.25,False,-153.0,8.9,-185.1,False,-134.65,8.9,-185.1,False,-134.65,-120.0,182,0.302,1.991,0.92,-1.045,-4.285,-6.252,-5.289,-5.289,flat,bearish
99995,1,2026-02-25 11:45:00,2026-02-25 11:50:00,25618.25,False,25581.05,25564.42,16.63,19.66,22,5.65,0.412,27,-182.6,-10.8,3.95,-11.5,False,-23.15,3.95,-31.95,False,-6.8,3.95,-31.95,False,-11.5,3.95,-31.95,False,-150.4,3.95,-150.45,False,-150.85,3.95,-190.05,False,-139.6,3.95,-190.05,True,-139.6,-124.95,182,-0.47,-1.36,-1.972,-2.678,-3.97,-7.773,-5.605,-5.605,flat,bearish
99998,1,2026-02-25 12:00:00,2026-02-25 12:05:00,25610.2,False,25586.3,25567.23,19.07,19.55,25,5.65,0.387,24,-174.55,-3.7,4.05,-11.75,False,-10.0,4.05,-18.3,False,-3.45,5.3,-18.3,False,-74.0,5.3,-75.45,False,-148.15,5.3,-170.15,False,-166.3,5.3,-182.0,False,-131.55,5.3,-182.0,True,-131.55,-116.9,182,0.112,0.744,-1.033,-3.691,-2.422,-6.592,-3.96,-3.96,flat,bearish
100028,1,2026-02-25 14:30:00,2026-02-25 14:35:00,25476.35,False,25448.55,25463.82,-15.27,25.15,3,8.6,-0.145,40,-15.0,1.6,6.25,-1.45,False,-4.9,6.25,-18.4,False,-26.0,6.25,-30.2,False,24.65,30.2,-36.4,False,2.3,30.2,-36.4,True,2.3,30.2,-36.4,True,2.3,30.2,-36.4,True,2.3,16.95,182,-0.201,-0.404,0.186,-6.275,-2.678,-2.678,-2.678,-2.678,flat,bearish
100033,1,2026-02-25 14:55:00,2026-02-25 15:00:00,25469.8,False,25439.95,25464.1,-24.15,23.5,8,8.6,-0.174,35,-8.45,31.2,36.75,0.0,False,13.55,36.75,0.0,False,8.7,36.75,-0.3,False,8.85,36.75,-0.3,False,8.85,36.75,-0.3,True,8.85,36.75,-0.3,True,8.85,36.75,-0.3,True,8.85,23.5,182,-8.85,-9.496,-11.189,-5.253,-5.253,-5.253,-5.253,-5.253,flat,bearish
100044,1,2026-02-26 09:35:00,2026-02-26 09:40:00,25543.3,False,25487.85,25481.95,5.9,28.66,19,8.6,-0.044,24,-81.95,12.6,13.0,-4.5,False,13.9,22.3,-4.5,False,-32.7,22.3,-35.1,False,20.0,22.3,-43.2,False,-14.0,29.65,-43.2,False,-40.55,29.65,-51.6,False,-103.95,29.65,-142.35,False,-50.0,-361.5,182,2.434,3.936,2.841,2.045,3.986,3.833,-3.449,-3.447,flat,bearish
100049,1,2026-02-26 10:00:00,2026-02-26 10:05:00,25543.25,False,25500.1,25491.99,8.11,28.23,24,8.6,-0.049,19,-81.9,20.05,20.05,-3.0,False,15.0,29.7,-3.0,False,17.5,29.7,-3.0,False,-6.65,29.7,-23.7,False,-21.45,29.7,-51.55,False,-73.05,29.7,-96.7,False,-115.8,29.7,-142.3,False,-49.95,-361.45,182,-0.452,-0.704,2.38,1.894,-0.056,-2.311,-8.576,-5.944,flat,bearish
100064,1,2026-02-26 11:15:00,2026-02-26 11:20:00,25533.7,False,25491.7,25507.17,-15.47,24.02,39,8.6,-0.085,4,-72.35,6.95,7.4,-7.65,False,3.05,37.15,-7.65,False,-12.35,37.15,-21.15,False,-50.35,37.15,-82.2,False,-86.3,37.15,-94.25,False,-113.05,37.15,-132.75,False,-37.6,37.15,-132.75,False,-40.4,-351.9,182,-0.247,-0.102,0.559,0.161,-2.105,-4.224,-12.226,-5.032,flat,bearish
100075,-1,2026-02-26 12:10:00,2026-02-26 12:15:00,25458.05,False,25481.7,25486.08,-4.38,25.11,6,30.35,-0.38,28,-13.2,10.65,18.6,-10.45,False,25.65,57.1,-10.45,False,27.35,57.1,-10.45,False,-1.9,57.1,-10.45,False,29.5,57.1,-10.45,False,4.6,57.1,-10.45,False,-35.25,57.1,-69.1,True,-35.25,276.25,182,2.136,2.967,4.058,3.224,4.045,7.61,5.063,5.063,flat,bearish
100083,-1,2026-02-26 12:50:00,2026-02-26 12:55:00,25432.25,False,25461.15,25466.26,-5.11,24.82,14,30.35,-0.491,20,-39.0,17.45,20.2,-0.1,False,-19.5,20.2,-20.0,False,-4.35,20.2,-21.05,False,-5.8,28.85,-21.05,False,-9.7,28.85,-22.5,False,-72.3,28.85,-94.9,False,-61.05,28.85,-94.9,True,-61.05,250.45,182,0.557,1.699,1.469,3.963,6.191,-2.131,3.237,3.237,flat,bearish
100087,-1,2026-02-26 13:10:00,2026-02-26 13:15:00,25428.2,False,25453.3,25460.13,-6.83,24.24,18,30.35,-0.5,16,-43.05,7.55,24.8,-2.6,False,-9.85,24.8,-10.1,False,-9.8,24.8,-26.55,False,-10.0,24.8,-26.55,False,-25.25,24.8,-32.35,False,-57.95,24.8,-98.95,False,-65.1,24.8,-98.95,True,-65.1,246.4,182,0.589,2.122,2.36,2.735,3.944,7.332,1.397,1.397,flat,bearish
100094,-1,2026-02-26 13:45:00,2026-02-26 13:50:00,25418.65,False,25454.75,25453.72,1.03,22.89,25,30.35,-0.538,9,-52.6,-23.3,3.55,-29.1,False,-22.15,3.55,-32.25,False,-8.8,3.55,-32.25,False,-26.45,12.5,-44.5,False,-92.0,12.5,-108.5,False,-74.65,12.5,-108.5,True,-74.65,12.5,-108.5,True,-74.65,236.85,182,1.049,1.613,0.728,-0.242,-4.769,-1.905,-1.905,-1.905,flat,bearish
100101,-1,2026-02-26 14:20:00,2026-02-26 14:25:00,25429.55,False,25463.15,25450.89,12.26,23.96,32,30.35,-0.494,2,-41.7,-12.6,2.55,-19.85,False,-32.9,2.55,-32.95,False,-41.7,2.55,-48.45,False,-75.0,2.55,-97.6,False,-69.05,2.55,-97.6,False,-63.75,2.55,-97.6,True,-63.75,2.55,-97.6,True,-63.75,247.75,182,0.114,-2.489,-2.764,-5.655,6.915,-0.287,-0.287,-0.287,flat,bearish
100140,-1,2026-02-27 11:20:00,2026-02-27 11:25:00,25319.25,False,25341.65,25380.02,-38.37,20.99,25,31.6,-0.552,1793,1349.05,12.25,16.45,-1.95,False,34.8,34.8,-1.95,False,37.4,47.5,-1.95,False,12.45,47.5,-1.95,False,46.3,49.2,-9.2,False,32.3,50.55,-9.2,False,152.3,177.95,-32.8,False,137.45,469.5,182,0.161,-0.5,-2.189,-0.043,2.995,5.817,12.293,5.091,flat,bearish
100175,-1,2026-02-27 14:15:00,2026-02-27 14:20:00,25323.2,False,25352.05,25339.72,12.33,17.37,60,31.6,-0.535,1758,1353.0,4.7,6.3,-5.7,False,29.65,32.15,-5.7,False,29.25,36.2,-5.7,False,23.5,36.2,-5.7,False,152.95,181.9,-5.7,False,141.4,181.9,-5.7,True,141.4,181.9,-5.7,True,141.4,473.45,182,-0.66,-0.961,-3.564,-4.226,5.832,-1.362,-1.362,-1.362,flat,bearish
100409,-1,2026-03-05 15:00:00,2026-03-05 15:05:00,24789.4,False,24854.2,24812.7,41.5,48.02,294,31.6,0.71,1524,819.2,15.1,23.8,-7.05,False,74.6,75.3,-7.05,False,72.55,75.65,-7.05,False,51.95,83.35,-7.05,True,51.95,83.35,-7.05,True,51.95,83.35,-7.05,True,51.95,83.35,-7.05,True,51.95,320.0,182,0.834,2.527,3.785,-3.409,-3.409,-3.409,-3.409,-3.409,bearish,bearish
101945,1,2026-04-08 11:45:00,2026-04-08 11:50:00,23987.4,False,23947.1,23958.49,-11.39,34.51,11,8.95,0.548,1,-56.2,-38.05,0.0,-57.2,False,-56.2,0.0,-63.9,False,-36.15,0.0,-67.25,False,-23.95,0.0,-67.25,False,-34.85,0.0,-85.15,False,-10.05,37.75,-85.15,False,24.95,37.75,-85.15,True,24.95,-221.35,182,-0.47,-1.36,-1.972,-2.678,-3.97,-7.773,-5.605,-5.605,bullish,bearish
101953,-1,2026-04-08 12:25:00,2026-04-08 12:30:00,23950.95,False,23973.95,23959.97,13.98,29.51,6,15.9,0.398,5,-27.85,34.4,48.7,0.0,False,27.5,48.7,0.0,False,4.6,48.7,0.0,False,-27.85,48.7,-28.85,False,-48.2,48.7,-50.65,False,-28.6,48.7,-74.2,False,-61.4,48.7,-74.2,True,-61.4,184.9,182,1.121,-0.652,-0.449,-1.29,2.353,1.791,1.39,1.39,bullish,bearish
101993,-1,2026-04-09 09:30:00,2026-04-09 09:35:00,23891.8,False,23990.75,23977.88,12.87,40.19,3,6.85,-0.076,83,-122.35,0.7,9.8,-37.55,False,30.65,35.15,-37.55,False,74.5,74.85,-37.55,False,74.4,132.35,-37.55,False,33.35,132.35,-37.55,False,36.5,132.35,-37.55,False,103.1,133.05,-37.55,False,125.75,-158.7,182,2.866,0.038,-1.463,0.288,-1.919,0.328,5.947,5.919,bullish,bearish
102014,-1,2026-04-09 11:15:00,2026-04-09 11:20:00,23830.3,False,23869.5,23917.12,-47.62,34.94,24,6.85,-0.331,62,-183.85,-9.2,16.1,-20.2,False,-24.95,16.1,-33.55,False,-25.0,16.1,-45.2,False,-56.95,16.1,-57.3,False,-45.05,16.1,-77.0,False,27.1,29.35,-77.0,False,59.05,147.5,-77.0,False,64.25,-220.2,182,0.247,0.102,-0.559,-0.161,2.105,4.224,12.226,5.032,bullish,bearish
102026,-1,2026-04-09 12:15:00,2026-04-09 12:20:00,23875.3,False,23907.3,23907.78,-0.48,31.35,36,6.85,-0.141,50,-138.85,5.8,8.25,-8.55,False,2.75,20.45,-11.6,False,10.75,20.45,-11.6,False,68.15,70.05,-11.6,False,72.1,74.35,-11.6,False,128.7,135.15,-11.6,False,109.25,192.5,-11.6,True,109.25,-175.2,182,1.221,2.312,3.048,1.682,2.509,4.979,3.317,3.317,bullish,bearish
102086,1,2026-04-10 11:00:00,2026-04-10 11:05:00,24002.3,False,23972.3,23999.68,-27.38,28.88,9,11.3,0.509,4,-30.15,7.75,8.9,-8.35,False,9.75,19.05,-8.35,False,-9.5,19.05,-17.15,False,2.0,19.05,-31.0,False,5.25,19.05,-48.5,False,11.0,30.3,-48.5,False,32.7,45.9,-63.7,False,48.2,-183.4,182,-1.208,-0.98,-1.58,-0.58,-2.538,-4.633,-9.768,-6.171,bullish,bearish
102101,-1,2026-04-10 12:15:00,2026-04-10 12:20:00,24003.5,False,24019.55,23994.12,25.43,24.06,10,0.15,0.514,16,-17.2,-15.65,11.75,-16.7,False,-5.85,11.75,-29.1,False,7.5,11.75,-29.1,False,-7.85,11.75,-29.1,False,4.0,17.35,-29.1,False,8.4,64.9,-44.7,False,-47.0,64.9,-70.55,True,-47.0,184.6,182,1.221,2.312,3.048,1.682,2.509,4.979,3.317,3.317,bullish,bearish
102290,1,2026-04-16 09:15:00,2026-04-16 09:20:00,24390.8,False,24206.5,24162.06,44.44,30.29,75,333.4,0.022,38,-252.9,-3.3,6.9,-18.1,False,-4.95,10.15,-18.1,False,-32.5,10.15,-37.1,False,-62.9,10.15,-98.5,False,-81.1,10.15,-126.4,False,-71.0,10.15,-126.4,False,-252.95,10.15,-283.35,False,-202.4,-23.9,182,-1.809,-2.705,-4.473,-2.491,-1.55,-5.283,-9.066,-9.873,bullish,bearish
102325,1,2026-04-16 12:10:00,2026-04-16 12:15:00,24182.95,False,24153.05,24198.88,-45.83,28.14,110,333.4,-0.822,3,-45.05,-1.55,6.75,-23.55,False,-19.75,6.75,-30.7,False,-20.0,6.75,-30.7,False,-43.9,6.75,-51.15,False,-60.65,6.75,-75.5,False,-16.25,7.55,-80.15,False,5.45,62.05,-80.15,True,5.45,183.95,182,-2.136,-2.967,-4.058,-3.224,-4.045,-7.61,-5.063,-5.063,bullish,bearish
102349,1,2026-04-16 14:10:00,2026-04-16 14:15:00,24166.7,False,24132.45,24146.21,-13.76,26.22,4,23.25,-0.896,309,218.4,-1.2,2.15,-7.8,False,-1.65,4.6,-12.95,False,19.9,20.2,-12.95,False,52.95,67.85,-12.95,False,17.2,78.3,-12.95,False,21.7,78.3,-12.95,True,21.7,78.3,-12.95,True,21.7,200.2,182,0.438,1.399,1.7,4.375,-3.835,2.101,2.101,2.101,bullish,bearish
102373,1,2026-04-17 09:55:00,2026-04-17 10:00:00,24231.4,False,24178.7,24186.43,-7.73,34.12,28,23.25,0.274,285,153.7,23.9,24.25,-26.0,False,31.9,48.45,-26.0,False,41.55,48.45,-26.0,False,54.45,73.15,-26.0,False,23.55,73.15,-26.0,False,40.05,91.7,-26.0,False,71.9,91.7,-26.0,False,135.5,99.5,182,0.62,0.48,0.228,3.23,-0.035,-0.767,-8.529,-5.012,bullish,bearish
102388,1,2026-04-17 11:10:00,2026-04-17 11:15:00,24264.65,False,24237.75,24210.43,27.32,24.33,43,23.25,0.41,270,120.45,12.65,12.85,0.0,False,9.15,17.5,0.0,False,10.6,17.5,0.0,False,30.25,37.95,0.0,False,20.95,58.45,-11.5,False,20.4,58.45,-11.5,False,89.9,93.6,-11.5,False,102.25,66.25,182,-0.893,-0.699,-0.554,0.726,-0.78,-4.466,-11.419,-5.484,bullish,bearish
102399,1,2026-04-17 12:05:00,2026-04-17 12:10:00,24286.0,False,24253.15,24223.72,29.43,24.28,54,23.25,0.498,259,99.1,-0.4,1.95,-8.35,False,0.55,7.7,-8.35,False,2.4,7.7,-8.35,False,-20.9,7.7,-22.25,False,-1.2,7.7,-26.1,False,26.25,30.0,-26.1,False,80.9,85.9,-26.1,True,80.9,44.9,182,0.319,-1.458,-2.289,-2.343,-2.616,-8.604,-4.385,-4.385,bullish,bearish
102410,1,2026-04-17 13:00:00,2026-04-17 13:05:00,24269.0,False,24259.9,24231.65,28.25,17.47,65,23.25,0.43,248,116.1,15.8,17.3,-1.2,False,16.05,23.95,-1.2,False,2.95,23.95,-1.2,False,27.3,27.3,-3.6,False,33.6,43.8,-3.6,False,81.15,88.8,-3.6,False,97.9,102.9,-3.6,True,97.9,61.9,182,-0.082,-0.833,-1.042,-1.878,-4.482,-5.447,-1.85,-1.85,bullish,bearish
102416,1,2026-04-17 13:30:00,2026-04-17 13:35:00,24296.3,False,24265.4,24235.59,29.81,16.79,71,23.25,0.54,242,88.8,4.75,6.05,-7.05,False,5.6,16.5,-7.05,False,10.0,16.5,-7.05,False,6.3,16.5,-7.05,False,17.9,30.8,-7.05,False,70.6,75.6,-7.05,True,70.6,75.6,-7.05,True,70.6,34.6,182,-0.426,-1.762,-2.592,-3.056,1.779,-0.423,-0.423,-0.423,bullish,bearish
102491,1,2026-04-20 13:30:00,2026-04-20 13:35:00,24395.45,False,24359.2,24311.28,47.92,23.55,146,23.25,0.02,167,-10.35,-20.15,0.6,-26.25,False,0.9,9.35,-26.25,False,-15.0,9.35,-26.25,False,-2.35,9.35,-26.25,False,27.75,42.55,-26.25,False,-64.55,42.55,-77.45,True,-64.55,42.55,-77.45,True,-64.55,185.15,182,-0.426,-1.762,-2.592,-3.056,1.779,-0.423,-0.423,-0.423,bullish,bearish
102515,1,2026-04-21 09:15:00,2026-04-21 09:20:00,24468.15,False,24318.0,24322.12,-4.12,31.85,170,23.25,0.387,143,-83.05,-3.1,17.85,-12.05,False,-19.0,17.85,-19.0,False,-6.65,17.85,-25.7,False,33.25,42.45,-25.7,False,38.65,56.7,-25.7,False,82.9,96.95,-25.7,False,73.8,103.1,-25.7,False,112.45,-100.5,182,-1.809,-2.705,-4.473,-2.491,-1.55,-5.283,-9.066,-9.873,bullish,bearish
102606,1,2026-04-22 10:35:00,2026-04-22 10:40:00,24401.5,False,24352.9,24387.16,-34.26,25.49,261,23.25,-0.284,52,-16.4,14.85,16.7,-2.55,False,22.65,34.6,-2.55,False,42.15,46.3,-2.55,False,23.25,46.3,-2.55,False,29.15,48.2,-2.55,False,9.6,48.2,-10.95,False,14.6,56.75,-16.05,False,-33.85,-245.45,182,-1.215,-2.167,-2.803,-2.853,-0.536,-5.774,-5.339,-7.816,bullish,bearish
102622,1,2026-04-22 11:55:00,2026-04-22 12:00:00,24426.85,False,24390.55,24389.51,1.04,19.78,277,23.25,-0.18,36,-41.75,7.15,9.5,-0.5,False,-4.05,9.5,-4.05,False,-7.7,9.5,-17.1,False,-16.95,9.5,-26.7,False,2.9,9.5,-31.35,False,22.7,26.2,-41.4,False,-59.2,31.4,-70.15,True,-59.2,-270.8,182,-1.094,-0.655,-0.023,-3.722,-2.047,-8.245,-4.727,-4.727,bullish,bearish
102634,1,2026-04-22 12:55:00,2026-04-22 13:00:00,24431.8,False,24395.5,24390.63,4.87,17.68,289,23.25,-0.168,24,-46.7,-1.8,2.8,-12.0,False,-0.35,5.9,-12.0,False,-0.55,5.9,-14.0,False,-16.2,5.9,-46.35,False,17.75,21.25,-46.35,False,-6.05,26.45,-46.35,False,-64.15,26.45,-75.1,True,-64.15,-275.75,182,-1.532,-1.301,-2.052,-4.033,-6.587,1.594,-3.07,-3.07,bullish,bearish
102641,1,2026-04-22 13:30:00,2026-04-22 13:35:00,24422.35,False,24385.45,24391.29,-5.84,18.5,296,23.25,-0.196,17,-37.25,-1.6,7.9,-6.95,False,9.55,11.2,-6.95,False,10.0,12.2,-6.95,False,-1.95,35.9,-7.25,False,-10.25,35.9,-31.65,False,-54.7,35.9,-65.65,True,-54.7,35.9,-65.65,True,-54.7,-266.3,182,-0.426,-1.762,-2.592,-3.056,1.779,-0.423,-0.423,-0.423,bullish,bearish
102657,1,2026-04-22 14:50:00,2026-04-22 14:55:00,24421.15,False,24390.7,24392.72,-2.02,17.38,312,23.25,-0.202,1,-36.05,4.6,9.1,-0.8,False,-36.05,9.1,-39.85,False,-42.25,9.1,-47.0,False,-51.65,9.1,-53.6,False,-53.5,9.1,-64.45,True,-53.5,9.1,-64.45,True,-53.5,9.1,-64.45,True,-53.5,-265.1,182,-1.155,-9.416,-10.062,-13.021,-5.819,-5.819,-5.819,-5.819,bullish,bearish
102676,-1,2026-04-23 10:10:00,2026-04-23 10:15:00,24276.8,False,24310.2,24341.8,-31.6,32.76,17,5.6,0.302,185,177.05,-10.2,16.2,-10.85,False,7.05,16.2,-14.85,False,15.5,16.2,-14.85,False,56.8,59.15,-14.85,False,84.95,91.6,-14.85,False,54.3,103.95,-14.85,False,67.6,109.7,-14.85,False,120.75,372.85,182,-2.693,-3.183,-2.611,-0.971,0.44,0.927,8.177,5.63,bullish,bearish
102716,-1,2026-04-23 13:30:00,2026-04-23 13:35:00,24249.2,False,24281.1,24269.77,11.33,21.61,57,5.6,0.192,145,149.45,33.4,41.1,0.0,False,35.5,44.9,0.0,False,32.45,44.9,0.0,False,14.75,44.9,-3.55,False,74.05,75.15,-3.55,False,93.15,99.4,-3.55,True,93.15,99.4,-3.55,True,93.15,345.25,182,0.426,1.762,2.592,3.056,-1.779,0.423,0.423,0.423,bullish,bearish
102723,-1,2026-04-23 14:05:00,2026-04-23 14:10:00,24219.85,False,24252.75,24265.78,-13.03,21.04,64,5.6,0.073,138,120.1,10.65,12.2,0.0,False,16.3,16.45,-1.55,False,17.6,30.45,-1.55,False,44.5,52.5,-1.55,False,33.2,61.9,-1.55,False,63.8,70.05,-1.55,True,63.8,70.05,-1.55,True,63.8,315.9,182,-1.209,-2.093,-3.054,-6.233,0.487,-3.756,-3.756,-3.756,bullish,bearish
102818,-1,2026-04-27 09:30:00,2026-04-27 09:35:00,24008.9,False,24067.5,24101.7,-34.2,34.16,159,5.6,0.265,43,-90.85,1.7,10.6,-24.35,False,-36.5,10.6,-36.5,False,-73.25,10.6,-76.25,False,-71.3,10.6,-98.7,False,-14.3,10.6,-98.7,False,-5.25,10.6,-98.7,False,-100.1,34.5,-111.65,False,-101.3,-7.6,182,2.866,0.038,-1.463,0.288,-1.919,0.328,5.947,5.919,bullish,bearish
102824,-1,2026-04-27 10:00:00,2026-04-27 10:05:00,24079.1,False,24107.6,24100.5,7.1,32.32,165,5.6,0.563,37,-20.65,-2.0,10.2,-12.05,False,15.8,17.4,-12.05,False,-18.35,17.4,-24.05,False,55.9,66.1,-24.05,False,15.5,66.1,-24.05,False,48.85,104.7,-24.05,False,-35.2,104.7,-50.45,False,-31.1,62.6,182,0.452,0.704,-2.38,-1.894,0.056,2.311,8.576,5.944,bullish,bearish
102829,-1,2026-04-27 10:25:00,2026-04-27 10:30:00,24058.1,False,24103.15,24099.8,3.35,31.69,170,5.6,0.471,32,-41.65,34.9,45.1,-3.1,False,40.85,45.1,-3.1,False,14.65,45.1,-3.1,False,-14.1,45.1,-30.85,False,27.15,45.1,-30.85,False,-0.9,83.7,-30.85,False,-53.1,83.7,-71.45,False,-52.1,41.6,182,0.799,1.204,2.035,3.66,3.707,7.632,9.037,8.637,bullish,bearish
102836,-1,2026-04-27 11:00:00,2026-04-27 11:05:00,24062.85,False,24088.95,24098.03,-9.08,30.01,177,5.6,0.493,25,-36.9,32.3,36.0,-4.05,False,5.95,36.0,-4.05,False,-8.75,36.0,-14.65,False,48.7,57.0,-14.65,False,32.6,88.45,-14.65,False,-19.45,88.45,-30.0,False,-36.7,88.45,-67.85,False,-47.35,46.35,182,1.208,0.98,1.58,0.58,2.538,4.633,9.768,6.171,bullish,bearish
102841,-1,2026-04-27 11:25:00,2026-04-27 11:30:00,24031.65,False,24077.5,24096.84,-19.34,29.16,182,5.6,0.357,20,-68.1,17.5,25.8,-8.2,False,41.3,57.25,-8.2,False,33.0,57.25,-8.2,False,-5.55,57.25,-8.25,False,-27.35,57.25,-34.45,False,-75.85,57.25,-88.9,False,-78.55,57.25,-99.05,False,-78.55,15.15,182,-0.302,-1.991,-0.92,1.045,4.285,6.252,5.289,5.289,bullish,bearish
102857,-1,2026-04-27 12:45:00,2026-04-27 12:50:00,24072.75,False,24092.85,24092.4,0.45,21.78,198,5.6,0.531,4,-27.0,-1.55,7.3,-11.25,False,1.25,7.3,-11.25,False,-9.55,7.3,-15.65,False,-31.9,7.3,-43.85,False,-36.95,7.3,-56.8,False,-35.0,7.3,-56.8,False,-37.45,7.3,-57.95,True,-37.45,56.25,182,-0.835,-0.653,0.489,1.219,4.196,-0.838,2.027,2.027,bullish,bearish
102903,1,2026-04-28 10:20:00,2026-04-28 10:25:00,24170.8,False,24144.5,24110.48,34.02,24.33,41,6.9,0.502,12,-112.8,-4.0,11.0,-6.35,False,-18.8,11.0,-20.5,False,-31.0,11.0,-36.8,False,-8.6,11.0,-46.55,False,-59.15,11.0,-60.85,False,-153.35,11.0,-166.95,False,-166.05,11.0,-209.55,False,-154.3,-7.2,182,-0.886,-1.29,-1.695,-4.115,-4.343,-7.032,-9.83,-9.128,bullish,bearish
102908,1,2026-04-28 10:45:00,2026-04-28 10:50:00,24151.9,False,24124.25,24114.38,9.87,22.66,46,6.9,0.417,7,-93.9,10.3,14.05,-1.45,False,15.9,22.75,-1.45,False,9.45,22.75,-1.45,False,-24.9,22.75,-27.55,False,-65.95,22.75,-106.55,False,-120.45,22.75,-159.6,False,-114.85,22.75,-190.65,False,-135.4,11.7,182,-0.957,-0.994,-0.082,-1.379,-0.777,-4.335,-3.105,-5.97,bullish,bearish
102921,-1,2026-04-28 11:50:00,2026-04-28 11:55:00,24075.3,False,24093.8,24110.71,-16.91,22.22,5,19.85,0.103,43,-15.5,19.3,19.7,-2.05,False,35.8,41.0,-2.05,False,39.95,46.0,-2.05,False,57.85,71.45,-2.05,False,52.75,83.0,-2.05,False,64.85,114.05,-2.05,False,58.8,118.25,-2.05,True,58.8,-88.3,182,1.315,1.927,1.489,3.464,2.699,8.514,5.56,5.56,bullish,bearish
102927,-1,2026-04-28 12:20:00,2026-04-28 12:25:00,24015.85,False,24057.45,24087.7,-30.25,22.47,11,19.85,-0.135,37,-74.95,3.4,7.15,-14.2,False,11.6,23.55,-14.2,False,8.0,23.55,-14.2,False,-6.7,23.55,-24.6,False,-25.65,23.55,-27.65,False,11.1,54.6,-33.15,False,-0.65,58.8,-33.15,True,-0.65,-147.75,182,1.507,2.243,0.47,-0.35,3.237,3.214,2.512,2.512,bullish,bearish
102934,-1,2026-04-28 12:55:00,2026-04-28 13:00:00,24007.9,False,24040.45,24068.21,-27.76,21.54,18,19.85,-0.177,30,-82.9,-10.3,8.2,-22.05,False,-22.65,8.2,-25.75,False,-9.7,8.2,-26.1,False,-11.55,8.2,-41.1,False,-2.65,46.65,-41.1,False,-31.25,46.65,-41.1,False,-8.6,50.85,-41.1,True,-8.6,-155.7,182,1.532,1.301,2.052,4.033,6.587,-1.594,3.07,3.07,bullish,bearish
102941,-1,2026-04-28 13:30:00,2026-04-28 13:35:00,23999.65,False,24049.0,24058.49,-9.49,22.25,25,19.85,-0.212,23,-91.15,7.1,38.4,-1.75,False,-3.0,38.4,-15.25,False,10.85,38.4,-15.25,False,-4.55,38.4,-30.2,False,-9.2,38.4,-36.95,False,-16.85,42.6,-46.8,True,-16.85,42.6,-46.8,True,-16.85,-163.95,182,0.426,1.762,2.592,3.056,-1.779,0.423,0.423,0.423,bullish,bearish
102944,-1,2026-04-28 13:45:00,2026-04-28 13:50:00,23989.55,False,24014.9,24052.96,-38.06,23.07,28,19.85,-0.254,20,-101.25,-20.9,3.8,-26.8,False,-21.0,3.8,-40.3,False,-14.65,3.8,-40.3,False,-3.8,16.6,-40.3,False,-47.5,16.6,-52.05,False,-26.95,32.5,-56.9,True,-26.95,32.5,-56.9,True,-26.95,-174.05,182,1.049,1.613,0.728,-0.242,-4.769,-1.905,-1.905,-1.905,bullish,bearish
102959,-1,2026-04-28 15:00:00,2026-04-28 15:05:00,24002.7,False,24046.45,24040.86,5.59,25.04,43,19.85,-0.199,5,-88.1,23.15,23.3,-11.85,False,30.25,34.05,-11.85,False,34.55,45.65,-11.85,False,-13.8,45.65,-13.8,True,-13.8,45.65,-13.8,True,-13.8,45.65,-13.8,True,-13.8,45.65,-13.8,True,-13.8,-160.9,182,0.834,2.527,3.785,-3.409,-3.409,-3.409,-3.409,-3.409,bullish,bearish
103108,1,2026-04-30 14:55:00,2026-04-30 15:00:00,24051.95,False,24013.0,24038.92,-25.92,29.73,4,2.3,0.222,0,-50.3,-50.3,0.0,-55.5,False,-81.0,0.0,-85.8,False,-60.65,0.0,-89.0,False,-8.25,0.0,-89.0,False,-8.25,0.0,-89.0,True,-8.25,0.0,-89.0,True,-8.25,0.0,-89.0,True,-8.25,71.85,182,-8.85,-9.496,-11.189,-5.253,-5.253,-5.253,-5.253,-5.253,bullish,bearish
103129,1,2026-05-04 10:25:00,2026-05-04 10:30:00,24197.5,False,24142.8,24170.74,-27.94,40.13,14,122.45,0.553,20,-80.5,-10.8,25.85,-25.3,False,16.0,25.85,-25.3,False,21.65,25.85,-25.3,False,-10.25,43.15,-25.3,False,39.9,44.75,-25.3,False,-64.7,51.65,-91.0,False,-74.8,51.65,-192.75,False,-73.7,-145.35,182,-0.799,-1.204,-2.035,-3.66,-3.707,-7.632,-9.037,-8.637,flat,bearish
103137,1,2026-05-04 11:05:00,2026-05-04 11:10:00,24207.05,False,24175.65,24181.89,-6.24,35.07,22,122.45,0.594,12,-90.05,20.2,20.75,-2.4,False,22.8,35.2,-2.4,False,26.15,35.2,-2.4,False,30.65,35.75,-2.4,False,-7.45,42.1,-16.2,False,-93.15,42.1,-123.45,False,-89.8,42.1,-202.3,False,-83.25,-154.9,182,-0.123,-0.723,-0.529,1.966,-1.242,-3.545,-9.556,-5.314,flat,bearish
103171,-1,2026-05-04 13:55:00,2026-05-04 14:00:00,24072.25,False,24108.9,24119.84,-10.94,31.62,21,58.65,0.036,93,-103.55,3.4,18.45,-8.05,False,-1.2,18.45,-8.05,False,-31.5,18.45,-39.35,False,-50.45,18.45,-77.45,False,-17.0,18.45,-77.45,False,-51.55,18.45,-77.45,True,-51.55,18.45,-77.45,True,-51.55,20.1,182,-0.547,1.041,-0.632,-2.778,-7.843,-3.179,-3.179,-3.179,flat,bearish
103178,-1,2026-05-04 14:30:00,2026-05-04 14:35:00,24110.9,False,24149.7,24116.83,32.87,30.68,28,58.65,0.202,86,-64.9,-0.7,9.25,-8.5,False,14.9,38.75,-8.5,False,33.2,38.75,-8.5,False,12.9,39.9,-8.5,False,-12.9,39.9,-24.55,True,-12.9,39.9,-24.55,True,-12.9,39.9,-24.55,True,-12.9,58.75,182,0.201,0.404,-0.186,6.275,2.678,2.678,2.678,2.678,flat,bearish
103188,-1,2026-05-04 15:20:00,2026-05-04 15:25:00,24111.7,False,24135.45,24113.95,21.5,28.91,38,58.65,0.2,76,-64.1,-12.1,1.5,-17.0,False,-12.1,1.5,-17.0,True,-12.1,1.5,-17.0,True,-12.1,1.5,-17.0,True,-12.1,1.5,-17.0,True,-12.1,1.5,-17.0,True,-12.1,1.5,-17.0,True,-12.1,59.55,182,-7.059,-7.059,-7.059,-7.059,-7.059,-7.059,-7.059,-7.059,flat,bearish
103241,-1,2026-05-05 13:30:00,2026-05-05 13:35:00,24025.9,False,24081.7,24039.54,42.16,28.1,91,58.65,-0.116,23,-149.9,-11.85,3.8,-21.65,False,-24.55,3.8,-30.8,False,-19.9,3.8,-36.25,False,-3.25,5.4,-36.25,False,-10.25,23.75,-36.25,False,-26.25,28.05,-36.25,True,-26.25,28.05,-36.25,True,-26.25,-313.4,182,0.426,1.762,2.592,3.056,-1.779,0.423,0.423,0.423,flat,bearish
103245,-1,2026-05-05 13:50:00,2026-05-05 13:55:00,24030.55,False,24062.15,24039.6,22.55,27.55,95,58.65,-0.093,19,-145.25,-7.55,1.3,-23.95,False,1.4,8.2,-23.95,False,14.25,21.45,-23.95,False,-4.75,28.4,-23.95,False,9.85,30.95,-30.45,False,-21.6,32.7,-30.45,True,-21.6,32.7,-30.45,True,-21.6,-308.75,182,1.0,0.115,1.702,-1.816,-7.885,-2.518,-2.518,-2.518,flat,bearish
103256,-1,2026-05-05 14:45:00,2026-05-05 14:50:00,24024.15,False,24061.0,24039.01,21.99,27.18,106,58.65,-0.118,8,-151.65,3.45,24.55,-9.4,False,13.35,24.55,-9.4,False,10.95,24.55,-9.4,False,-26.3,26.3,-28.65,False,-28.0,26.3,-35.55,True,-28.0,26.3,-35.55,True,-28.0,26.3,-35.55,True,-28.0,-315.15,182,-2.064,-1.36,6.901,10.498,3.304,3.304,3.304,3.304,flat,bearish
103276,1,2026-05-06 10:10:00,2026-05-06 10:15:00,24137.0,False,24096.5,24117.96,-21.46,31.71,11,114.8,-0.139,7,-41.2,0.5,2.4,-15.25,False,4.85,18.4,-15.25,False,-0.6,18.4,-15.25,False,5.85,18.4,-25.1,False,-47.7,18.4,-63.8,False,-54.2,18.4,-67.55,False,-3.65,18.4,-139.1,False,202.3,199.4,182,2.693,3.183,2.611,0.971,-0.44,-0.927,-8.177,-5.63,flat,bearish
103282,1,2026-05-06 10:40:00,2026-05-06 10:45:00,24142.75,False,24111.9,24122.4,-10.5,27.19,17,114.8,-0.116,1,-46.95,-12.95,0.4,-16.5,False,-46.95,0.4,-51.6,False,-47.0,0.4,-51.6,False,-53.45,0.4,-69.55,False,-45.95,0.4,-73.3,False,-120.45,0.4,-123.05,False,191.6,195.05,-144.85,False,196.55,193.65,182,-1.334,-1.971,-2.007,-1.793,-0.774,-5.145,-4.709,-6.984,flat,bearish
103293,-1,2026-05-06 11:35:00,2026-05-06 11:40:00,24076.8,False,24117.35,24110.13,7.22,25.25,9,16.1,-0.383,30,-56.55,-20.0,0.1,-23.5,False,-31.25,0.1,-32.0,False,-32.0,0.1,-32.55,False,-7.6,1.45,-37.35,False,40.15,47.05,-37.35,False,-26.75,78.9,-37.35,False,-262.5,78.9,-279.7,True,-262.5,-259.6,182,1.487,2.504,2.562,3.625,5.654,7.699,7.696,7.696,flat,bearish
103298,-1,2026-05-06 12:00:00,2026-05-06 12:05:00,24091.05,False,24114.15,24107.33,6.82,23.03,14,16.1,-0.331,25,-42.3,6.65,15.7,-0.05,False,8.25,15.7,-0.05,False,16.8,30.05,-0.05,False,41.15,61.3,-0.05,False,88.95,93.15,-0.05,False,-18.45,93.15,-29.2,False,-248.25,93.15,-265.45,True,-248.25,-245.35,182,-0.112,-0.744,1.033,3.691,2.422,6.592,3.96,3.96,flat,bearish
103367,1,2026-05-07 11:30:00,2026-05-07 11:35:00,24323.55,False,24289.45,24257.61,31.84,26.4,43,19.2,-0.308,47,-104.25,-9.7,0.95,-11.65,False,-35.05,0.95,-35.45,False,-17.9,0.95,-39.55,False,31.45,46.35,-39.55,False,21.4,60.1,-39.55,False,34.25,158.55,-39.55,False,12.85,158.55,-39.55,True,12.85,-143.75,182,1.383,0.312,-0.705,-2.265,-5.629,-5.925,-5.897,-5.897,flat,bearish
103371,1,2026-05-07 11:50:00,2026-05-07 11:55:00,24321.15,False,24284.0,24260.78,23.22,25.53,47,19.2,-0.316,43,-101.85,19.4,25.7,-0.8,False,33.85,48.75,-0.8,False,39.1,48.75,-0.8,False,56.05,62.5,-0.8,False,88.0,160.95,-0.8,False,43.55,160.95,-0.8,False,15.25,160.95,-27.75,True,15.25,-141.35,182,-1.315,-1.927,-1.489,-3.464,-2.699,-8.514,-5.56,-5.56,flat,bearish
103408,1,2026-05-07 14:55:00,2026-05-07 15:00:00,24353.1,False,24323.05,24300.22,22.83,27.35,84,19.2,-0.188,6,-133.8,-15.25,10.0,-30.05,False,-34.55,10.0,-44.75,False,-50.0,10.0,-59.7,False,-16.7,10.0,-59.7,False,-16.7,10.0,-59.7,True,-16.7,10.0,-59.7,True,-16.7,10.0,-59.7,True,-16.7,-173.3,182,-8.85,-9.496,-11.189,-5.253,-5.253,-5.253,-5.253,-5.253,flat,bearish
103412,1,2026-05-07 15:15:00,2026-05-07 15:20:00,24329.0,False,24293.4,24301.07,-7.67,28.74,88,19.2,-0.286,2,-109.7,-10.15,0.0,-13.65,False,7.4,10.05,-13.65,False,7.4,10.05,-13.65,True,7.4,10.05,-13.65,True,7.4,10.05,-13.65,True,7.4,10.05,-13.65,True,7.4,10.05,-13.65,True,7.4,-149.2,182,-0.201,7.001,7.001,7.001,7.001,7.001,7.001,7.001,flat,bearish
103433,-1,2026-05-08 10:45:00,2026-05-08 10:50:00,24223.75,False,24243.95,24236.06,7.89,26.57,18,74.1,-0.046,358,435.85,17.4,19.65,0.0,False,27.8,27.8,0.0,False,-1.5,29.9,-6.95,False,11.25,29.9,-17.9,False,23.9,38.15,-17.9,False,53.3,72.8,-17.9,False,-8.45,97.1,-17.9,False,43.95,403.4,182,0.957,0.994,0.082,1.379,0.777,4.335,3.105,5.97,flat,bearish
103440,-1,2026-05-08 11:20:00,2026-05-08 11:25:00,24205.95,False,24241.65,24231.81,9.84,24.77,25,74.1,-0.118,351,418.05,7.6,10.0,-3.25,False,-1.55,20.35,-4.95,False,-0.1,20.35,-4.95,False,1.65,20.35,-7.0,False,20.15,35.9,-7.0,False,39.25,55.0,-7.0,False,35.25,79.3,-34.3,False,26.15,385.6,182,0.161,-0.5,-2.189,-0.043,2.995,5.817,12.293,5.091,flat,bearish
103454,-1,2026-05-08 12:30:00,2026-05-08 12:35:00,24178.65,False,24198.45,24220.62,-22.17,20.73,39,74.1,-0.231,337,390.75,7.1,9.8,-3.0,False,14.35,14.35,-3.0,False,8.2,27.7,-3.0,False,19.95,27.7,-3.0,False,-5.75,27.7,-24.0,False,-16.8,52.0,-28.4,False,-1.15,52.0,-61.6,True,-1.15,358.3,182,-1.38,-1.177,-0.974,-0.876,0.689,-1.541,0.661,0.661,flat,bearish
103463,-1,2026-05-08 13:15:00,2026-05-08 13:20:00,24164.25,False,24178.05,24211.92,-33.87,17.89,48,74.1,-0.292,328,376.35,-2.45,6.8,-6.45,False,-31.2,6.8,-34.15,False,-20.15,6.8,-38.4,False,-9.4,6.8,-38.4,False,17.05,37.6,-38.4,False,-11.35,37.6,-76.0,False,-15.55,37.6,-76.0,True,-15.55,343.9,182,1.984,2.221,1.286,3.427,2.921,8.453,1.259,1.259,flat,bearish
103467,-1,2026-05-08 13:35:00,2026-05-08 13:40:00,24174.35,False,24202.65,24209.69,-7.04,19.13,52,74.1,-0.254,324,386.45,3.4,4.7,-7.9,False,0.7,4.7,-7.9,False,-0.35,23.6,-7.9,False,-3.6,47.7,-7.9,False,-44.3,47.7,-49.4,False,-5.45,47.7,-65.9,True,-5.45,47.7,-65.9,True,-5.45,354.0,182,1.743,2.574,3.359,4.625,-2.072,0.405,0.405,0.405,flat,bearish
103483,-1,2026-05-08 14:55:00,2026-05-08 15:00:00,24215.1,False,24240.25,24203.78,36.47,23.12,68,74.1,-0.083,308,427.2,44.8,46.75,0.0,False,35.4,46.75,0.0,False,34.25,46.75,0.0,False,35.3,51.6,0.0,False,35.3,51.6,0.0,True,35.3,51.6,0.0,True,35.3,51.6,0.0,True,35.3,394.75,182,8.85,9.496,11.189,5.253,5.253,5.253,5.253,5.253,flat,bearish
103490,-1,2026-05-11 09:15:00,2026-05-11 09:20:00,23919.05,False,24180.65,24198.64,-17.99,40.73,75,74.1,-0.214,301,131.15,-18.4,23.5,-23.55,False,-34.2,23.5,-37.25,False,-11.65,23.5,-40.5,False,34.05,54.95,-40.5,False,68.8,68.8,-40.5,False,0.75,73.75,-40.5,False,-15.9,73.75,-40.5,False,98.7,488.5,182,1.809,2.705,4.473,2.491,1.55,5.283,9.066,9.873,flat,bearish
103762,-1,2026-05-14 13:10:00,2026-05-14 13:15:00,23715.25,False,23747.8,23759.69,-11.89,32.26,347,74.1,0.779,29,-72.65,-5.9,5.6,-17.6,False,4.5,5.6,-17.6,False,0.1,5.6,-17.6,False,-37.3,5.95,-45.2,False,-29.3,5.95,-53.5,False,31.45,45.05,-61.95,False,1.5,47.1,-61.95,True,1.5,55.9,182,0.589,2.122,2.36,2.735,3.944,7.332,1.397,1.397,flat,bearish
103774,-1,2026-05-14 14:10:00,2026-05-14 14:15:00,23746.45,False,23768.75,23759.03,9.72,26.73,359,74.1,0.911,17,-41.45,21.55,22.05,-11.15,False,6.25,26.65,-11.15,False,-8.9,26.65,-11.35,False,16.35,26.65,-30.75,False,62.65,76.25,-30.75,False,32.7,78.3,-30.75,True,32.7,78.3,-30.75,True,32.7,87.1,182,-0.438,-1.399,-1.7,-4.375,3.835,-2.101,-2.101,-2.101,flat,bearish
103779,-1,2026-05-14 14:35:00,2026-05-14 14:40:00,23739.75,False,23777.2,23758.85,18.35,26.95,364,74.1,0.882,12,-48.15,9.65,17.45,-2.85,False,45.05,46.55,-2.85,False,37.35,47.4,-2.85,False,66.85,69.55,-2.85,False,26.0,71.6,-2.85,True,26.0,71.6,-2.85,True,26.0,71.6,-2.85,True,26.0,80.4,182,0.638,0.047,-2.456,7.154,2.912,2.912,2.912,2.912,flat,bearish
103795,1,2026-05-15 09:40:00,2026-05-15 09:45:00,23802.5,False,23734.1,23737.56,-3.46,36.01,3,10.7,0.298,19,-76.15,-6.9,15.5,-9.95,False,22.25,22.25,-11.5,False,15.45,34.5,-11.5,False,-2.25,34.5,-21.25,False,14.55,34.5,-21.25,False,-80.75,36.8,-124.85,False,-63.3,36.8,-124.85,False,-143.15,-158.05,182,1.015,-0.08,-1.791,-1.128,0.234,-0.158,-7.706,-6.367,flat,bearish
103803,1,2026-05-15 10:20:00,2026-05-15 10:25:00,23820.6,False,23781.25,23770.01,11.24,32.27,11,10.7,0.375,11,-94.25,7.55,13.55,-0.4,False,-5.45,13.55,-15.45,False,-14.85,13.55,-17.75,False,9.85,18.7,-19.65,False,-94.25,18.7,-107.05,False,-95.1,18.7,-142.95,False,-113.85,18.7,-142.95,False,-161.25,-176.15,182,-0.886,-1.29,-1.695,-4.115,-4.343,-7.032,-9.83,-9.128,flat,bearish
103808,1,2026-05-15 10:45:00,2026-05-15 10:50:00,23827.4,False,23800.95,23781.07,19.88,28.14,16,10.7,0.403,6,-101.05,3.05,11.9,-5.35,False,2.15,11.9,-7.15,False,-45.05,11.9,-46.65,False,-84.75,11.9,-113.85,False,-101.2,11.9,-149.75,False,-43.8,11.9,-149.75,False,-201.45,11.9,-201.9,False,-168.05,-182.95,182,-0.957,-0.994,-0.082,-1.379,-0.777,-4.335,-3.105,-5.97,flat,bearish
103825,-1,2026-05-15 12:10:00,2026-05-15 12:15:00,23751.0,False,23769.6,23748.34,21.26,25.38,10,7.75,0.083,6,-32.6,10.95,19.85,-4.3,False,25.5,30.3,-4.3,False,30.5,32.3,-4.3,False,-16.5,35.45,-18.7,False,-29.65,35.45,-46.5,False,28.65,57.3,-46.5,False,91.65,140.7,-46.5,True,91.65,106.55,182,2.136,2.967,4.058,3.224,4.045,7.61,5.063,5.063,flat,bearish
103838,1,2026-05-15 13:15:00,2026-05-15 13:20:00,23785.9,False,23766.65,23769.51,-2.86,20.8,6,14.0,0.229,2,-24.35,-9.85,1.9,-11.85,False,-9.8,1.9,-20.2,False,-24.35,1.9,-27.4,False,-74.9,1.9,-83.6,False,-67.8,1.9,-92.2,False,-148.75,1.9,-175.6,False,-126.55,1.9,-175.6,True,-126.55,-141.45,182,-1.984,-2.221,-1.286,-3.427,-2.921,-8.453,-1.259,-1.259,flat,bearish
103852,-1,2026-05-15 14:25:00,2026-05-15 14:30:00,23696.95,False,23726.65,23744.97,-18.32,22.78,11,5.1,-0.15,56,60.05,1.9,20.35,-6.0,False,4.4,20.35,-6.25,False,6.2,20.35,-8.35,False,50.85,86.65,-8.35,False,37.6,86.65,-8.35,False,37.6,86.65,-8.35,True,37.6,86.65,-8.35,True,37.6,52.5,182,-2.155,-2.429,-2.227,-4.616,0.048,0.048,0.048,0.048,flat,bearish
103862,-1,2026-05-15 15:15:00,2026-05-15 15:20:00,23638.65,False,23678.35,23716.12,-37.77,27.29,21,5.1,-0.397,46,1.75,5.8,12.65,-8.2,False,-20.7,13.35,-22.1,False,-20.7,13.35,-22.1,True,-20.7,13.35,-22.1,True,-20.7,13.35,-22.1,True,-20.7,13.35,-22.1,True,-20.7,13.35,-22.1,True,-20.7,-5.8,182,0.201,-7.001,-7.001,-7.001,-7.001,-7.001,-7.001,-7.001,flat,bearish
103865,-1,2026-05-18 09:15:00,2026-05-18 09:20:00,23399.5,False,23660.75,23702.71,-41.96,46.03,24,5.1,-0.348,43,-237.4,-2.0,16.15,-13.85,False,26.4,36.45,-13.85,False,11.3,39.85,-13.85,False,57.1,58.25,-13.85,False,14.6,82.4,-13.85,False,-94.55,82.4,-95.65,False,-220.85,82.4,-262.15,False,-244.95,-206.7,182,1.809,2.705,4.473,2.491,1.55,5.283,9.066,9.873,flat,bearish
103895,-1,2026-05-18 11:45:00,2026-05-18 11:50:00,23512.55,False,23562.75,23569.18,-6.43,32.44,54,5.1,0.13,13,-124.35,12.85,13.25,-0.35,False,37.85,38.85,-0.35,False,34.65,44.2,-0.35,False,-8.15,44.2,-22.6,False,-66.2,44.2,-97.45,False,-111.9,44.2,-149.1,False,-131.9,44.2,-183.1,True,-131.9,-93.65,182,0.47,1.36,1.972,2.678,3.97,7.773,5.605,5.605,flat,bearish
103906,-1,2026-05-18 12:40:00,2026-05-18 12:45:00,23585.0,False,23610.0,23563.62,46.38,28.9,65,5.1,0.437,2,-51.9,6.25,12.35,-3.75,False,-4.25,12.35,-7.1,False,-51.9,12.35,-52.9,False,-30.9,12.35,-76.65,False,-37.4,12.35,-76.65,False,-17.95,12.35,-76.65,False,-59.45,12.35,-110.65,True,-59.45,-21.2,182,0.591,-0.636,-0.454,1.209,3.564,-0.048,2.226,2.226,flat,bearish
103913,1,2026-05-18 13:15:00,2026-05-18 13:20:00,23620.5,False,23592.25,23612.16,-19.91,28.09,4,26.9,0.588,12,-29.45,7.2,7.25,-24.05,False,-1.55,13.75,-24.05,False,1.0,13.75,-24.05,False,3.95,13.75,-24.05,False,-8.35,38.9,-24.05,False,6.4,75.15,-38.55,False,23.95,75.15,-38.55,True,23.95,-14.3,182,-1.984,-2.221,-1.286,-3.427,-2.921,-8.453,-1.259,-1.259,flat,bearish
103950,1,2026-05-19 10:05:00,2026-05-19 10:10:00,23723.9,False,23677.6,23652.55,25.05,38.49,16,3.3,0.201,54,-66.7,29.55,39.0,-3.0,False,1.8,39.0,-3.0,False,15.3,39.0,-3.0,False,29.25,39.0,-3.0,False,19.95,58.4,-3.0,False,17.55,58.4,-28.55,False,-18.55,58.4,-49.9,False,-117.7,-59.75,182,-0.654,2.43,2.92,1.539,-0.93,-1.822,-10.113,-5.893,flat,bearish
103960,1,2026-05-19 10:55:00,2026-05-19 11:00:00,23772.1,False,23724.9,23674.97,49.93,33.67,26,3.3,0.408,44,-114.9,-20.55,2.85,-28.0,False,-28.25,2.85,-33.65,False,-52.35,2.85,-54.0,False,-44.25,2.85,-76.75,False,-17.45,2.85,-76.75,False,-48.2,2.85,-76.75,False,-116.95,2.85,-139.75,False,-165.9,-107.95,182,0.409,-0.516,-0.288,-0.549,-1.234,-2.799,-0.815,-5.479,flat,bearish
103966,1,2026-05-19 11:25:00,2026-05-19 11:30:00,23728.15,False,23695.35,23681.57,13.78,30.57,32,3.3,0.222,38,-70.95,-9.95,0.0,-23.1,False,-4.0,0.35,-23.3,False,21.9,26.6,-23.3,False,26.5,44.6,-23.3,False,24.25,44.6,-23.3,False,-3.3,44.6,-26.7,False,-121.95,44.6,-140.95,False,-121.95,-64.0,182,0.302,1.991,0.92,-1.045,-4.285,-6.252,-5.289,-5.289,flat,bearish
103997,1,2026-05-19 14:00:00,2026-05-19 14:05:00,23716.7,False,23674.0,23699.66,-25.66,23.08,63,3.3,0.167,7,-59.5,-11.35,2.8,-12.1,False,0.65,8.65,-16.0,False,-0.5,19.85,-16.0,False,-15.5,19.85,-26.5,False,-84.35,19.85,-93.6,False,-110.5,19.85,-129.5,True,-110.5,19.85,-129.5,True,-110.5,-52.55,182,-2.038,-0.365,0.519,4.384,-1.415,2.182,2.182,2.182,flat,bearish
104024,-1,2026-05-20 10:00:00,2026-05-20 10:05:00,23504.6,False,23548.6,23595.04,-46.44,35.23,19,16.8,0.199,46,-123.55,4.2,18.5,-0.6,False,4.05,18.5,-7.4,False,4.6,18.5,-7.5,False,-57.5,28.95,-62.85,False,-59.85,28.95,-71.55,False,-87.75,28.95,-135.65,False,-125.6,28.95,-140.05,False,-159.55,-144.0,182,0.452,0.704,-2.38,-1.894,0.056,2.311,8.576,5.944,flat,bearish
104032,-1,2026-05-20 10:40:00,2026-05-20 10:45:00,23532.95,False,23576.15,23576.61,-0.46,32.44,27,16.8,0.322,38,-95.2,26.5,29.3,-2.3,False,-13.35,29.3,-13.95,False,-13.45,29.3,-16.4,False,-29.25,29.3,-49.65,False,-72.1,29.3,-85.2,False,-69.85,29.3,-107.3,False,-144.65,29.3,-148.6,False,-131.2,-115.65,182,1.334,1.971,2.007,1.793,0.774,5.145,4.709,6.984,flat,bearish
104063,-1,2026-05-20 13:15:00,2026-05-20 13:20:00,23585.35,False,23617.05,23582.67,34.38,19.78,58,16.8,0.546,7,-42.8,2.1,9.05,-11.45,False,18.25,23.5,-12.1,False,-11.7,23.5,-13.35,False,-11.95,23.5,-35.55,False,-62.05,23.5,-79.05,False,-74.15,23.5,-105.55,False,-78.8,23.5,-105.55,True,-78.8,-63.25,182,1.984,2.221,1.286,3.427,2.921,8.453,1.259,1.259,flat,bearish
104090,1,2026-05-21 09:15:00,2026-05-21 09:20:00,23768.0,False,23639.6,23650.75,-11.15,32.02,19,11.1,-0.258,39,-135.65,7.05,19.3,-15.95,False,-9.9,19.3,-17.15,False,-29.7,19.3,-39.95,False,17.55,28.85,-39.95,False,8.5,44.0,-39.95,False,-89.35,44.0,-128.1,False,-124.6,44.0,-171.4,False,-119.4,-19.15,182,-1.809,-2.705,-4.473,-2.491,-1.55,-5.283,-9.066,-9.873,flat,bearish
104172,1,2026-05-22 09:50:00,2026-05-22 09:55:00,23774.35,False,23739.2,23715.77,23.43,30.89,6,47.45,0.435,54,-35.05,5.3,14.45,-10.5,False,-7.05,14.45,-10.5,False,11.15,14.45,-14.95,False,-8.7,25.8,-14.95,False,11.25,25.8,-14.95,False,30.2,54.15,-24.3,False,23.65,61.3,-24.3,False,-25.5,275.55,182,-2.164,-1.109,-1.248,2.073,-1.727,-1.606,-9.694,-6.74,flat,bearish
104180,1,2026-05-22 10:30:00,2026-05-22 10:35:00,23778.3,False,23759.65,23740.95,18.7,27.28,14,47.45,0.452,46,-39.0,-5.25,4.3,-12.9,False,14.4,16.85,-12.9,False,5.6,19.55,-12.9,False,-0.7,19.55,-12.9,False,-20.8,19.55,-28.25,False,-3.25,50.2,-28.25,False,-33.05,57.35,-57.1,False,-29.45,271.6,182,-0.798,-1.63,-2.582,-2.343,-2.64,-7.963,-6.029,-8.231,flat,bearish
104193,1,2026-05-22 11:35:00,2026-05-22 11:40:00,23774.2,False,23750.05,23754.77,-4.72,22.16,27,47.45,0.434,33,-34.9,34.05,34.7,-2.25,False,35.05,54.3,-2.25,False,30.35,54.3,-2.25,False,17.1,54.3,-2.25,False,4.7,54.3,-15.35,False,34.85,61.45,-15.35,False,-25.35,61.45,-75.25,True,-25.35,275.7,182,-1.487,-2.504,-2.562,-3.625,-5.654,-7.699,-7.696,-7.696,flat,bearish
104205,1,2026-05-22 12:35:00,2026-05-22 12:40:00,23779.5,False,23758.85,23765.18,-6.33,18.38,39,47.45,0.455,21,-40.2,13.1,19.0,-2.2,False,33.5,37.35,-2.2,False,52.05,54.2,-2.2,False,39.9,56.15,-2.2,False,29.55,56.15,-2.2,False,-55.6,56.15,-58.85,False,-30.65,56.15,-80.55,True,-30.65,270.4,182,-0.596,-0.8,0.427,-0.666,-2.438,0.042,-2.435,-2.435,flat,bearish
104268,1,2026-05-25 11:35:00,2026-05-25 11:40:00,23981.7,False,23959.9,23924.9,35.0,17.65,28,131.95,0.171,99,-24.3,-0.75,8.75,-5.0,False,-1.05,8.75,-5.0,False,6.0,8.75,-5.0,False,-18.65,11.0,-21.6,False,-21.35,11.0,-29.1,False,-1.1,11.0,-46.1,False,68.2,72.75,-46.1,True,68.2,-47.95,182,-1.487,-2.504,-2.562,-3.625,-5.654,-7.699,-7.696,-7.696,flat,bearish
104284,1,2026-05-25 12:55:00,2026-05-25 13:00:00,23955.55,False,23935.6,23937.84,-2.24,14.63,44,131.95,0.059,83,1.85,16.2,22.2,-8.25,False,22.6,26.75,-8.25,False,21.65,28.05,-8.25,False,28.55,30.7,-8.25,False,9.8,35.45,-8.25,False,79.45,81.25,-8.25,False,94.35,98.9,-8.25,True,94.35,-21.8,182,-1.532,-1.301,-2.052,-4.033,-6.587,1.594,-3.07,-3.07,flat,bearish
104297,1,2026-05-25 14:00:00,2026-05-25 14:05:00,23977.75,False,23962.2,23945.59,16.61,13.05,57,131.95,0.152,70,-20.35,-15.1,0.0,-16.85,False,-19.2,0.0,-21.05,False,-19.75,0.0,-22.5,False,9.4,10.45,-22.5,False,54.8,60.35,-22.5,False,72.15,76.7,-22.5,True,72.15,76.7,-22.5,True,72.15,-44.0,182,-2.038,-0.365,0.519,4.384,-1.415,2.182,2.182,2.182,flat,bearish
104302,1,2026-05-25 14:25:00,2026-05-25 14:30:00,23979.0,False,23955.25,23947.05,8.2,13.4,62,131.95,0.158,65,-21.6,8.15,9.2,-2.55,False,17.0,22.55,-2.55,False,28.8,30.3,-2.55,False,56.0,57.8,-2.55,False,70.9,75.45,-2.55,False,70.9,75.45,-2.55,True,70.9,75.45,-2.55,True,70.9,-45.25,182,2.155,2.429,2.227,4.616,-0.048,-0.048,-0.048,-0.048,flat,bearish
104317,1,2026-05-26 09:25:00,2026-05-26 09:30:00,24034.4,False,23965.7,23960.09,5.61,19.99,77,131.95,0.125,50,-77.0,-4.2,7.15,-4.6,False,35.0,38.25,-15.45,False,27.9,42.8,-15.45,False,-5.65,42.8,-19.85,False,37.0,42.8,-19.85,False,10.4,55.4,-19.85,False,-46.9,55.4,-75.85,False,-100.65,-113.75,182,-2.107,-4.455,-1.626,-2.931,0.734,-2.577,-8.47,-7.507,flat,bearish
104324,1,2026-05-26 10:00:00,2026-05-26 10:05:00,24049.25,False,24014.55,23966.67,47.88,22.47,84,131.95,0.186,43,-91.85,-0.95,2.4,-16.35,False,13.75,14.85,-16.35,False,3.7,16.45,-16.35,False,29.05,30.0,-16.35,False,26.5,40.55,-16.35,False,-12.25,40.55,-30.75,False,-132.15,40.55,-138.1,False,-115.5,-128.6,182,-0.452,-0.704,2.38,1.894,-0.056,-2.311,-8.576,-5.944,flat,bearish
104343,1,2026-05-26 11:35:00,2026-05-26 11:40:00,24070.15,False,24026.2,23983.77,42.43,17.74,103,131.95,0.274,24,-112.75,-7.0,1.75,-9.7,False,-12.2,1.75,-17.9,False,-14.75,1.75,-18.25,False,-41.15,1.75,-51.65,False,-48.3,1.75,-56.6,False,-95.55,1.75,-111.6,False,-136.4,1.75,-184.7,True,-136.4,-149.5,182,-1.487,-2.504,-2.562,-3.625,-5.654,-7.699,-7.696,-7.696,flat,bearish
104365,1,2026-05-26 13:25:00,2026-05-26 13:30:00,23987.45,False,23958.55,23988.87,-30.32,18.67,125,131.95,-0.069,2,-30.05,-5.0,11.8,-9.4,False,-12.85,11.8,-15.25,False,-30.05,11.8,-30.05,False,-50.25,11.8,-53.35,False,-64.85,11.8,-80.35,False,-53.7,11.8,-102.0,False,-53.7,11.8,-102.0,True,-53.7,-66.8,182,0.563,0.588,-0.748,-2.927,0.19,0.59,0.59,0.59,flat,bearish
104379,-1,2026-05-26 14:35:00,2026-05-26 14:40:00,23904.7,False,23940.7,23940.33,0.37,20.67,11,1.15,-0.414,22,-47.25,6.5,9.4,-2.5,False,8.5,11.5,-2.5,False,15.25,19.25,-2.5,False,-23.95,19.25,-26.35,False,-29.05,19.25,-35.35,True,-29.05,19.25,-35.35,True,-29.05,19.25,-35.35,True,-29.05,-15.95,182,0.638,0.047,-2.456,7.154,2.912,2.912,2.912,2.912,flat,bearish
104392,-1,2026-05-27 09:25:00,2026-05-27 09:30:00,23899.9,False,23950.15,23926.58,23.57,25.24,24,1.15,0.099,9,-52.05,16.8,30.15,-1.65,False,14.65,30.15,-1.65,False,-8.7,30.15,-19.15,False,25.15,30.15,-19.15,False,-63.5,31.4,-71.1,False,-74.75,31.4,-81.35,False,7.85,31.4,-83.3,False,-20.75,290.6,182,2.107,4.455,1.626,2.931,-0.734,2.577,8.47,7.507,flat,bearish
104397,-1,2026-05-27 09:50:00,2026-05-27 09:55:00,23885.8,False,23919.05,23920.9,-1.85,26.34,29,1.15,0.015,4,-66.15,11.05,11.9,-8.65,False,-27.15,17.3,-27.15,False,-48.05,17.3,-55.25,False,-67.85,17.3,-73.25,False,-81.15,17.3,-85.25,False,-53.4,17.3,-97.4,False,-25.5,17.3,-97.4,False,-34.85,276.5,182,2.164,1.109,1.248,-2.073,1.727,1.606,9.694,6.74,flat,bearish
104409,1,2026-05-27 10:50:00,2026-05-27 10:55:00,23968.0,False,23918.9,23943.39,-24.49,24.75,7,1.8,0.363,18,-61.7,-1.05,8.4,-9.05,False,-13.6,8.4,-17.3,False,-2.4,8.4,-17.3,False,5.5,13.25,-17.3,False,-28.8,15.2,-30.95,False,-56.25,15.2,-65.55,False,-86.65,15.2,-109.75,False,-47.35,-358.7,182,-0.486,0.426,-0.499,-0.677,-0.327,-2.6,-0.094,-5.462,flat,bearish
104414,1,2026-05-27 11:15:00,2026-05-27 11:20:00,23972.45,False,23950.7,23949.83,0.87,22.44,12,1.8,0.386,13,-66.15,1.05,8.8,-2.25,False,2.2,8.8,-5.45,False,-1.9,10.75,-5.45,False,-25.15,10.75,-26.5,False,-35.6,10.75,-54.1,False,-84.05,10.75,-84.05,False,-52.6,10.75,-114.2,False,-51.8,-363.15,182,-0.247,-0.102,0.559,0.161,-2.105,-4.224,-12.226,-5.032,flat,bearish
104433,-1,2026-05-27 12:50:00,2026-05-27 12:55:00,23912.5,False,23938.3,23935.59,2.71,18.68,5,12.6,0.131,31,-50.8,6.9,8.45,-7.8,False,-1.85,17.5,-7.8,False,9.65,17.5,-10.95,False,12.75,28.35,-10.95,False,1.2,30.45,-10.95,False,31.15,54.25,-11.6,False,-8.15,54.25,-14.35,True,-8.15,303.2,182,0.557,1.699,1.469,3.963,6.191,-2.131,3.237,3.237,flat,bearish
104449,-1,2026-05-27 14:10:00,2026-05-27 14:15:00,23895.6,False,23924.1,23920.26,3.84,17.16,21,12.6,0.065,15,-67.7,-6.65,3.75,-12.45,False,-24.65,3.75,-26.65,False,5.35,11.1,-26.65,False,20.2,37.35,-26.65,False,-8.2,37.35,-26.65,False,-25.05,37.35,-31.25,True,-25.05,37.35,-31.25,True,-25.05,286.3,182,-0.438,-1.399,-1.7,-4.375,3.835,-2.101,-2.101,-2.101,flat,bearish
104452,-1,2026-05-27 14:25:00,2026-05-27 14:30:00,23887.6,False,23922.25,23918.94,3.31,18.9,24,12.6,0.041,12,-75.7,13.65,16.9,-2.55,False,6.2,29.35,-2.55,False,12.2,29.35,-2.55,False,-9.15,29.35,-13.45,False,-33.05,29.35,-39.25,False,-33.05,29.35,-39.25,True,-33.05,29.35,-39.25,True,-33.05,278.3,182,-2.155,-2.429,-2.227,-4.616,0.048,0.048,0.048,0.048,flat,bearish
104469,1,2026-05-29 09:35:00,2026-05-29 09:40:00,23923.4,False,23885.4,23904.22,-18.82,27.95,4,41.05,0.086,0,-47.65,-47.65,9.6,-50.8,False,-11.4,9.6,-52.3,False,-19.35,9.6,-52.3,False,19.8,31.1,-52.3,False,-6.85,31.1,-52.3,False,-36.65,31.1,-52.3,False,-154.0,31.1,-163.85,False,-314.1,-544.2,182,2.434,3.936,2.841,2.045,3.986,3.833,-3.449,-3.447,flat,bearish
104485,1,2026-05-29 10:55:00,2026-05-29 11:00:00,23902.8,False,23877.65,23915.41,-37.76,24.66,10,9.35,0.004,6,-26.0,6.05,8.4,-4.1,False,5.5,8.75,-4.1,False,-5.95,9.9,-10.05,False,-13.25,9.9,-13.85,False,-12.0,11.2,-27.45,False,-65.25,11.2,-87.7,False,-129.45,11.2,-171.55,False,-293.5,-523.6,182,0.409,-0.516,-0.288,-0.549,-1.234,-2.799,-0.815,-5.479,flat,bearish
104497,-1,2026-05-29 11:55:00,2026-05-29 12:00:00,23890.3,False,23914.0,23894.15,19.85,19.55,5,0.85,-0.047,347,414.0,19.8,25.1,-1.35,False,22.9,25.1,-1.35,False,54.6,64.95,-1.35,False,34.5,75.2,-1.35,False,52.75,75.2,-1.35,False,132.65,150.6,-1.35,False,281.0,405.55,-1.35,True,281.0,511.1,182,1.094,0.655,0.023,3.722,2.047,8.245,4.727,4.727,flat,bearish
104508,-1,2026-05-29 12:50:00,2026-05-29 12:55:00,23837.35,False,23859.05,23871.67,-12.62,18.08,16,0.85,-0.266,336,361.05,-0.2,15.4,-2.1,False,19.1,19.9,-2.1,False,38.95,38.95,-2.1,False,64.85,77.8,-2.1,False,91.3,97.65,-2.1,False,60.75,106.1,-2.1,False,228.05,352.6,-2.1,True,228.05,458.15,182,0.557,1.699,1.469,3.963,6.191,-2.131,3.237,3.237,flat,bearish
104541,-1,2026-06-01 09:20:00,2026-06-01 09:25:00,23597.95,False,23733.7,23781.7,-48.0,49.67,49,0.85,-0.235,303,121.65,5.0,10.2,-14.45,False,-11.65,10.25,-20.75,False,-10.8,32.15,-20.75,False,12.4,32.15,-25.85,False,48.35,60.95,-25.85,False,16.9,80.25,-25.85,False,128.95,144.7,-25.85,False,218.75,74.65,182,1.303,3.071,5.419,2.184,-0.342,3.686,9.197,8.471,flat,bearish
104668,-1,2026-06-02 13:40:00,2026-06-02 13:45:00,23500.7,False,23535.05,23539.21,-4.16,29.65,176,0.85,1.168,176,24.4,-19.9,0.45,-23.05,False,-17.15,0.45,-29.35,False,-14.45,0.45,-29.35,False,-38.95,0.45,-46.1,False,48.35,56.75,-56.25,False,-22.6,78.05,-56.25,True,-22.6,78.05,-56.25,True,-22.6,103.75,182,1.166,1.951,2.515,1.544,-3.277,-1.003,-1.003,-1.003,flat,bearish
104675,-1,2026-06-02 14:15:00,2026-06-02 14:20:00,23514.15,False,23546.8,23538.67,8.13,26.36,183,0.85,1.229,169,37.85,-26.95,3.7,-42.8,False,-2.6,3.7,-42.8,False,-13.5,5.85,-42.8,False,49.6,81.35,-42.8,False,3.3,91.5,-42.8,False,-9.15,91.5,-42.8,True,-9.15,91.5,-42.8,True,-9.15,117.2,182,-0.66,-0.961,-3.564,-4.226,5.832,-1.362,-1.362,-1.362,flat,bearish
104690,-1,2026-06-03 09:15:00,2026-06-03 09:20:00,23299.9,False,23525.7,23534.4,-8.7,43.22,198,0.85,-0.498,154,-176.4,-4.35,13.95,-11.95,False,7.2,34.65,-11.95,False,52.9,52.9,-11.95,False,25.3,55.45,-11.95,False,34.65,74.4,-11.95,False,79.8,105.1,-11.95,False,-7.9,148.4,-47.65,False,-97.05,-138.1,182,1.809,2.705,4.473,2.491,1.55,5.283,9.066,9.873,flat,bearish
104760,-1,2026-06-03 15:05:00,2026-06-03 15:10:00,23391.05,False,23459.65,23472.22,-12.57,35.42,268,0.85,-0.113,84,-85.25,-4.8,17.15,-5.55,False,-11.3,17.15,-20.25,False,-9.1,17.15,-20.25,False,-5.9,17.15,-20.25,True,-5.9,17.15,-20.25,True,-5.9,17.15,-20.25,True,-5.9,17.15,-20.25,True,-5.9,-46.95,182,1.776,3.034,3.041,-4.16,-4.16,-4.16,-4.16,-4.16,flat,bearish
104780,-1,2026-06-04 10:30:00,2026-06-04 10:35:00,23388.45,False,23450.1,23466.5,-16.4,34.23,288,0.85,0.453,64,-87.85,2.5,12.9,-13.2,False,-22.2,12.9,-23.25,False,-31.6,12.9,-58.0,False,-9.95,12.9,-58.0,False,-13.1,29.0,-58.0,False,-8.6,29.0,-73.85,False,-40.55,75.3,-73.85,False,-49.55,19.6,182,0.798,1.63,2.582,2.343,2.64,7.963,6.029,8.231,flat,bearish
104786,-1,2026-06-04 11:00:00,2026-06-04 11:05:00,23398.1,False,23446.45,23465.39,-18.94,31.96,294,0.85,0.498,58,-78.2,12.7,23.3,-2.3,False,-3.75,23.3,-7.5,False,13.05,23.3,-7.5,False,-3.45,38.65,-7.5,False,-33.1,38.65,-64.2,False,-13.75,38.65,-64.2,False,7.45,84.95,-67.2,False,-39.9,29.25,182,1.208,0.98,1.58,0.58,2.538,4.633,9.768,6.171,flat,bearish
104795,-1,2026-06-04 11:45:00,2026-06-04 11:50:00,23439.3,False,23462.3,23463.69,-1.39,28.92,303,0.85,0.676,49,-37.0,37.0,40.55,-3.2,False,20.25,42.3,-3.2,False,8.1,42.3,-3.2,False,8.75,42.3,-11.15,False,40.3,58.0,-11.15,False,69.35,126.15,-11.15,False,1.3,126.15,-26.0,True,1.3,70.45,182,0.47,1.36,1.972,2.678,3.97,7.773,5.605,5.605,flat,bearish
104804,-1,2026-06-04 12:30:00,2026-06-04 12:35:00,23396.55,False,23450.45,23462.65,-12.2,26.8,312,0.85,0.492,40,-79.75,-5.5,15.25,-5.5,False,11.2,15.25,-9.45,False,-2.45,15.25,-9.45,False,-15.3,15.25,-25.45,False,31.45,83.4,-25.45,False,-32.45,83.4,-51.75,False,-41.45,83.4,-68.75,True,-41.45,27.7,182,-1.38,-1.177,-0.974,-0.876,0.689,-1.541,0.661,0.661,flat,bearish
104812,-1,2026-06-04 13:10:00,2026-06-04 13:15:00,23333.65,False,23422.0,23461.0,-39.0,28.12,320,0.85,0.222,32,-142.65,-19.65,20.5,-23.05,False,-22.5,20.5,-30.05,False,-28.6,20.5,-35.0,False,-27.85,20.5,-41.6,False,-80.25,20.5,-100.1,False,-84.4,20.5,-131.65,False,-104.35,20.5,-131.65,True,-104.35,-35.2,182,0.589,2.122,2.36,2.735,3.944,7.332,1.397,1.397,flat,bearish
104832,-1,2026-06-04 14:50:00,2026-06-04 14:55:00,23406.55,False,23465.3,23457.2,8.1,26.52,340,0.85,0.538,12,-69.75,-8.6,3.85,-10.75,False,15.9,21.25,-11.8,False,-6.1,21.25,-11.8,False,-23.65,21.25,-27.8,False,-31.45,21.25,-40.25,True,-31.45,21.25,-40.25,True,-31.45,21.25,-40.25,True,-31.45,37.7,182,1.155,9.416,10.062,13.021,5.819,5.819,5.819,5.819,flat,bearish
104850,1,2026-06-05 10:05:00,2026-06-05 10:10:00,23491.5,False,23423.85,23445.87,-22.02,32.85,5,11.0,0.052,5,-127.35,-23.0,21.15,-23.95,False,-13.0,21.15,-38.55,False,-1.5,21.15,-38.55,False,-127.35,21.15,-130.8,False,-21.95,21.15,-159.7,False,-65.65,21.15,-159.7,False,-161.05,21.15,-208.85,False,-122.65,-387.8,182,-0.654,2.43,2.92,1.539,-0.93,-1.822,-10.113,-5.893,flat,bearish
104871,-1,2026-06-05 11:50:00,2026-06-05 11:55:00,23413.75,False,23440.95,23427.87,13.08,31.51,15,59.7,-0.278,5,-31.0,16.25,16.8,-3.5,False,-15.55,16.8,-16.6,False,-12.1,16.8,-24.45,False,-31.0,16.8,-35.3,False,47.65,62.55,-41.5,False,101.15,131.1,-41.5,False,44.9,131.1,-41.5,True,44.9,310.05,182,1.315,1.927,1.489,3.464,2.699,8.514,5.56,5.56,flat,bearish
104912,1,2026-06-05 15:15:00,2026-06-05 15:20:00,23372.75,False,23326.95,23359.36,-32.41,28.0,7,33.15,-0.452,2,-242.2,-1.75,5.15,-11.7,False,-3.9,6.45,-11.7,False,-3.9,6.45,-11.7,True,-3.9,6.45,-11.7,True,-3.9,6.45,-11.7,True,-3.9,6.45,-11.7,True,-3.9,6.45,-11.7,True,-3.9,-269.05,182,-0.201,7.001,7.001,7.001,7.001,7.001,7.001,7.001,flat,bearish
104939,-1,2026-06-08 11:15:00,2026-06-08 11:20:00,23183.25,False,23223.45,23229.27,-5.82,28.86,24,196.4,0.441,88,-22.05,-0.5,3.3,-9.3,False,-2.9,4.15,-9.3,False,-15.8,4.15,-16.55,False,-30.7,4.15,-32.05,False,-29.4,4.15,-41.15,False,-31.95,4.15,-84.05,False,59.1,76.2,-84.05,False,79.55,-74.5,182,0.247,0.102,-0.559,-0.161,2.105,4.224,12.226,5.032,flat,bearish
104960,-1,2026-06-08 13:00:00,2026-06-08 13:05:00,23227.3,False,23267.3,23224.02,43.28,18.26,45,196.4,0.632,67,22.0,7.8,14.75,-2.05,False,11.0,14.75,-2.05,False,12.1,14.8,-2.05,False,31.75,38.95,-2.05,False,46.95,76.9,-2.05,False,110.55,117.95,-2.05,False,123.6,137.4,-2.05,True,123.6,-30.45,182,0.082,0.833,1.042,1.878,4.482,5.447,1.85,1.85,flat,bearish
104973,-1,2026-06-08 14:05:00,2026-06-08 14:10:00,23163.75,False,23184.7,23217.84,-33.14,18.39,58,196.4,0.357,54,-41.55,6.9,7.5,-3.95,False,-5.0,18.05,-9.45,False,8.35,18.05,-9.45,False,5.6,18.05,-9.45,False,31.8,56.7,-32.95,False,60.05,73.85,-32.95,True,60.05,73.85,-32.95,True,60.05,-94.0,182,-1.209,-2.093,-3.054,-6.233,0.487,-3.756,-3.756,-3.756,flat,bearish
104984,-1,2026-06-08 15:00:00,2026-06-08 15:05:00,23117.75,False,23196.7,23210.11,-13.41,23.74,69,196.4,0.156,43,-87.55,-14.2,10.7,-18.0,False,-16.7,10.7,-19.45,False,-6.4,10.7,-19.45,False,14.05,27.85,-19.45,True,14.05,27.85,-19.45,True,14.05,27.85,-19.45,True,14.05,27.85,-19.45,True,14.05,-140.0,182,0.834,2.527,3.785,-3.409,-3.409,-3.409,-3.409,-3.409,flat,bearish
105024,-1,2026-06-09 12:05:00,2026-06-09 12:10:00,23176.9,False,23204.5,23195.39,9.11,23.21,109,196.4,-0.348,3,-28.4,-10.75,0.4,-13.05,False,-21.7,0.4,-21.95,False,-21.6,0.4,-32.5,False,-40.7,0.4,-49.75,False,-10.4,0.4,-49.75,False,-31.1,1.6,-49.75,False,-80.85,1.6,-102.5,True,-80.85,-39.2,182,-0.319,1.458,2.289,2.343,2.616,8.604,4.385,4.385,flat,bearish
105037,1,2026-06-09 13:10:00,2026-06-09 13:15:00,23208.05,False,23177.5,23200.36,-22.86,20.81,9,0.8,-0.216,102,-95.4,-4.2,15.15,-9.15,False,-8.05,15.15,-14.15,False,-3.4,15.15,-14.15,False,10.6,15.15,-21.25,False,-2.0,15.15,-32.75,False,36.15,71.35,-32.75,False,49.7,71.35,-32.75,True,49.7,8.05,182,-0.589,-2.122,-2.36,-2.735,-3.944,-7.332,-1.397,-1.397,flat,bearish
105048,1,2026-06-09 14:05:00,2026-06-09 14:10:00,23207.2,False,23175.3,23200.78,-25.48,19.64,20,0.8,-0.219,91,-94.55,-1.15,11.45,-2.9,False,-1.15,11.45,-7.5,False,-12.05,11.45,-19.9,False,34.25,35.75,-19.9,False,56.5,72.2,-19.9,False,50.55,72.2,-19.9,True,50.55,72.2,-19.9,True,50.55,8.9,182,1.209,2.093,3.054,6.233,-0.487,3.756,3.756,3.756,flat,bearish
105052,1,2026-06-09 14:25:00,2026-06-09 14:30:00,23214.95,False,23187.3,23201.44,-14.14,19.06,24,0.8,-0.181,87,-102.3,1.55,2.5,-11.95,False,26.5,28.0,-11.95,False,36.2,46.2,-11.95,False,59.7,64.45,-11.95,False,42.8,64.45,-11.95,False,42.8,64.45,-11.95,True,42.8,64.45,-11.95,True,42.8,1.15,182,2.155,2.429,2.227,4.616,-0.048,-0.048,-0.048,-0.048,flat,bearish
105064,1,2026-06-09 15:25:00,2026-06-10 09:15:00,23233.95,True,23225.05,23214.66,10.39,21.68,36,0.8,-0.006,75,-121.3,92.45,116.25,-16.65,False,92.8,116.25,-16.65,False,105.8,116.25,-16.65,False,121.1,122.95,-16.65,False,83.05,150.5,-16.65,False,139.7,154.95,-16.65,False,171.2,191.4,-16.65,False,-17.85,-47.4,0,,,,,,,,,flat,bearish
105158,-1,2026-06-11 10:45:00,2026-06-11 10:50:00,23193.75,False,23214.05,23250.66,-36.61,28.9,18,71.95,0.382,56,-250.9,21.25,25.5,-0.05,False,19.2,26.55,-0.05,False,14.5,31.25,-0.05,False,-7.55,31.25,-14.8,False,-69.55,31.25,-77.1,False,-79.55,31.25,-130.5,False,2.05,31.25,-133.7,False,7.2,-438.0,182,0.957,0.994,0.082,1.379,0.777,4.335,3.105,5.97,flat,bearish
105192,-1,2026-06-11 13:35:00,2026-06-11 13:40:00,23232.7,False,23267.75,23251.91,15.84,23.97,52,71.95,0.544,22,-211.95,12.6,19.25,-5.45,False,4.95,19.25,-7.95,False,0.85,19.25,-7.95,False,21.5,31.1,-15.35,False,15.6,35.1,-19.35,False,46.15,100.75,-19.35,True,46.15,100.75,-19.35,True,46.15,-399.05,182,1.743,2.574,3.359,4.625,-2.072,0.405,0.405,0.405,flat,bearish
105205,-1,2026-06-11 14:40:00,2026-06-11 14:45:00,23200.2,False,23252.05,23247.97,4.08,25.65,65,71.95,0.406,9,-244.45,8.5,34.35,-9.4,False,29.85,34.35,-9.4,False,24.7,37.7,-9.4,False,34.4,68.25,-9.4,False,13.65,68.25,-9.4,True,13.65,68.25,-9.4,True,13.65,68.25,-9.4,True,13.65,-431.55,182,-0.116,-2.62,-1.916,8.684,2.748,2.748,2.748,2.748,flat,bearish
105235,1,2026-06-12 10:55:00,2026-06-12 11:00:00,23359.2,False,23322.65,23328.39,-5.74,25.1,20,192.6,-0.232,20,-38.9,-5.85,0.0,-13.5,False,-3.85,0.0,-14.75,False,18.85,19.15,-14.75,False,-1.8,21.45,-14.75,False,19.0,30.1,-14.75,False,-33.9,30.1,-45.3,False,248.95,257.75,-45.3,False,272.55,497.35,182,0.409,-0.516,-0.288,-0.549,-1.234,-2.799,-0.815,-5.479,flat,bearish
105243,1,2026-06-12 11:35:00,2026-06-12 11:40:00,23371.0,False,23353.0,23336.25,16.75,20.96,28,192.6,-0.186,12,-50.7,3.8,6.9,-2.55,False,14.45,17.65,-2.65,False,10.8,17.65,-2.65,False,-7.55,18.3,-8.1,False,-28.35,18.3,-32.95,False,90.7,92.85,-57.1,False,260.75,274.35,-57.1,True,260.75,485.55,182,-1.487,-2.504,-2.562,-3.625,-5.654,-7.699,-7.696,-7.696,flat,bearish
105264,-1,2026-06-12 13:20:00,2026-06-12 13:25:00,23332.05,False,23348.0,23345.87,2.13,16.01,8,2.35,-0.348,0,-56.9,-56.9,10.45,-60.45,False,-94.5,10.45,-97.8,False,-129.65,10.45,-131.8,False,-157.0,10.45,-166.35,False,-202.05,10.45,-207.7,False,-290.5,10.45,-313.3,False,-299.7,10.45,-313.3,True,-299.7,-524.5,182,0.562,-0.374,-0.399,2.553,0.301,6.8,-0.401,-0.401,flat,bearish
105266,1,2026-06-12 13:30:00,2026-06-12 13:35:00,23426.7,False,23321.6,23342.83,-21.23,21.43,1,40.95,0.06,367,511.3,35.0,37.15,-2.35,False,47.9,53.55,-2.35,False,65.3,71.7,-2.35,False,92.5,92.65,-2.35,False,122.0,130.9,-2.35,False,205.05,218.65,-2.35,True,205.05,218.65,-2.35,True,205.05,429.85,182,-0.426,-1.762,-2.592,-3.056,1.779,-0.423,-0.423,-0.423,flat,bearish
105362,1,2026-06-15 15:15:00,2026-06-15 15:20:00,23862.4,False,23817.8,23793.88,23.92,22.87,97,40.95,-0.519,271,75.6,-5.55,5.45,-8.95,False,-5.85,5.45,-19.55,False,-5.85,5.45,-19.55,True,-5.85,5.45,-19.55,True,-5.85,5.45,-19.55,True,-5.85,5.45,-19.55,True,-5.85,5.45,-19.55,True,-5.85,132.6,182,-0.201,7.001,7.001,7.001,7.001,7.001,7.001,7.001,flat,bearish
105594,1,2026-06-19 09:35:00,2026-06-19 09:40:00,23970.8,False,23938.75,23958.46,-19.71,31.81,329,40.95,-0.087,39,-32.8,4.4,11.15,-4.4,False,6.65,11.15,-9.0,False,14.3,15.9,-9.0,False,20.75,23.0,-9.0,False,-1.9,40.7,-16.9,False,-15.85,40.7,-34.55,False,-32.3,40.7,-57.65,False,71.9,116.05,182,2.434,3.936,2.841,2.045,3.986,3.833,-3.449,-3.447,flat,bearish
105600,1,2026-06-19 10:05:00,2026-06-19 10:10:00,23991.8,False,23963.6,23958.81,4.79,27.37,335,40.95,0.001,33,-53.8,18.55,19.45,-3.85,False,1.55,19.7,-3.85,False,-9.85,19.7,-13.45,False,-22.9,19.7,-37.9,False,-38.6,19.7,-55.55,False,-40.9,19.7,-55.55,False,-19.85,19.7,-78.65,False,50.9,95.05,182,-0.654,2.43,2.92,1.539,-0.93,-1.822,-10.113,-5.893,flat,bearish
105613,1,2026-06-19 11:10:00,2026-06-19 11:15:00,23964.7,False,23936.25,23959.1,-22.85,20.58,348,40.95,-0.111,20,-26.7,-3.5,2.7,-13.25,False,-16.8,2.7,-17.65,False,-10.95,2.7,-22.85,False,-10.25,3.6,-22.85,False,-5.3,3.6,-24.5,False,-34.35,9.8,-51.55,False,62.25,77.95,-62.8,False,78.0,122.15,182,-0.893,-0.699,-0.554,0.726,-0.78,-4.466,-11.419,-5.484,flat,bearish
105617,1,2026-06-19 11:30:00,2026-06-19 11:35:00,23960.55,False,23941.85,23959.06,-17.21,19.26,352,40.95,-0.127,16,-22.55,-5.6,7.75,-7.8,False,-6.1,7.75,-8.9,False,-15.85,7.75,-20.35,False,-7.6,7.75,-20.35,False,4.95,13.95,-20.35,False,-19.45,13.95,-47.4,False,82.15,86.65,-58.65,True,82.15,126.3,182,1.383,0.312,-0.705,-2.265,-5.629,-5.925,-5.897,-5.897,flat,bearish
105625,1,2026-06-19 12:10:00,2026-06-19 12:15:00,23959.65,False,23940.2,23958.92,-18.72,15.97,360,40.95,-0.133,8,-21.65,-5.3,3.3,-6.35,False,4.6,11.05,-6.35,False,9.25,14.85,-6.35,False,-7.7,14.85,-34.75,False,-29.3,14.85,-46.5,False,32.65,32.65,-46.5,False,83.05,87.55,-57.75,True,83.05,127.2,182,-2.136,-2.967,-4.058,-3.224,-4.045,-7.61,-5.063,-5.063,flat,bearish
105713,1,2026-06-22 13:15:00,2026-06-22 13:20:00,24123.3,False,24105.1,24073.33,31.77,11.64,54,6.75,0.069,55,-40.2,-0.8,1.85,-8.4,False,-4.6,1.85,-8.4,False,-3.6,1.85,-8.4,False,-4.25,4.4,-26.15,False,-0.65,13.2,-26.15,False,-29.5,22.15,-31.45,False,-36.45,22.15,-43.2,True,-36.45,-328.05,182,-1.984,-2.221,-1.286,-3.427,-2.921,-8.453,-1.259,-1.259,flat,bearish
105727,1,2026-06-22 14:25:00,2026-06-22 14:30:00,24138.7,False,24112.95,24080.83,32.12,12.57,68,6.75,0.134,41,-55.6,-5.9,6.75,-13.0,False,-2.4,6.75,-13.0,False,-4.05,6.75,-13.0,False,-6.15,6.75,-13.0,False,-51.85,6.75,-58.6,False,-51.85,6.75,-58.6,True,-51.85,6.75,-58.6,True,-51.85,-343.45,182,2.155,2.429,2.227,4.616,-0.048,-0.048,-0.048,-0.048,flat,bearish
105741,1,2026-06-23 09:20:00,2026-06-23 09:25:00,24087.7,False,24040.05,24085.11,-45.06,16.69,82,6.75,0.065,27,-4.6,1.25,5.4,-7.1,False,14.2,15.75,-7.1,False,37.2,37.85,-7.1,False,37.95,45.35,-7.1,False,32.4,47.8,-7.1,False,34.4,47.8,-7.1,False,-164.7,47.8,-181.15,False,-292.45,-74.55,182,-1.303,-3.071,-5.419,-2.184,0.342,-3.686,-9.197,-8.471,flat,bearish
105762,1,2026-06-23 11:05:00,2026-06-23 11:10:00,24102.85,False,24083.55,24089.51,-5.96,14.16,103,6.75,0.127,6,-19.75,11.55,12.6,-2.3,False,23.15,27.6,-2.3,False,19.25,27.6,-2.3,False,-4.5,27.6,-7.65,False,-136.65,27.6,-145.4,False,-166.85,27.6,-194.0,False,-259.1,27.6,-287.25,False,-307.6,-89.7,182,-0.123,-0.723,-0.529,1.966,-1.242,-3.545,-9.556,-5.314,flat,bearish
105821,-1,2026-06-24 09:45:00,2026-06-24 09:50:00,23818.35,False,23895.3,23927.38,-32.08,31.17,52,0.45,0.099,15,-169.2,-8.05,7.7,-11.95,False,-23.3,7.7,-36.6,False,-75.65,7.7,-86.0,False,-97.4,7.7,-112.6,False,-129.55,7.7,-151.95,False,-188.1,7.7,-195.5,False,-252.6,7.7,-271.7,False,-194.8,-234.6,182,1.459,3.171,2.116,-0.577,2.098,2.554,9.916,7.747,flat,bearish
105832,-1,2026-06-24 10:40:00,2026-06-24 10:45:00,23933.8,False,23970.3,23924.57,45.73,27.97,63,0.45,0.582,4,-53.75,-14.1,0.95,-26.6,False,-10.3,0.95,-26.6,False,-18.65,0.95,-26.6,False,-52.05,0.95,-57.8,False,-73.1,0.95,-74.1,False,-57.55,0.95,-80.05,False,-119.3,0.95,-156.25,False,-79.35,-119.15,182,1.334,1.971,2.007,1.793,0.774,5.145,4.709,6.984,flat,bearish
105890,1,2026-06-25 09:15:00,2026-06-25 09:20:00,24132.65,False,24003.25,24015.91,-12.66,28.67,53,17.25,0.017,68,-71.75,24.85,24.85,-4.35,False,14.5,37.05,-4.35,False,10.15,37.05,-4.35,False,32.8,37.05,-4.35,False,46.25,57.6,-4.35,False,63.5,73.0,-4.35,False,64.15,128.95,-4.35,False,-79.7,-154.15,182,-1.809,-2.705,-4.473,-2.491,-1.55,-5.283,-9.066,-9.873,flat,bearish
105957,1,2026-06-25 14:50:00,2026-06-25 14:55:00,24103.9,False,24066.55,24102.43,-35.88,25.2,120,17.25,-0.095,1,-43.0,-13.9,7.25,-24.2,False,-43.0,7.25,-62.25,False,-44.2,7.25,-62.45,False,-57.65,7.25,-63.9,False,-50.95,7.25,-64.9,True,-50.95,7.25,-64.9,True,-50.95,7.25,-64.9,True,-50.95,-125.4,182,-1.155,-9.416,-10.062,-13.021,-5.819,-5.819,-5.819,-5.819,flat,bearish
105972,-1,2026-06-29 09:50:00,2026-06-29 09:55:00,24073.7,False,24095.25,24099.47,-4.22,31.21,13,5.65,0.043,166,52.9,-1.85,10.55,-9.1,False,20.25,20.45,-14.3,False,4.45,21.95,-14.3,False,-29.35,21.95,-29.35,False,16.95,26.3,-46.3,False,70.45,70.8,-46.3,False,124.7,148.3,-46.3,False,95.2,155.95,182,2.164,1.109,1.248,-2.073,1.727,1.606,9.694,6.74,flat,bearish
105981,-1,2026-06-29 10:35:00,2026-06-29 10:40:00,24101.35,False,24120.0,24095.31,24.69,27.65,22,5.65,0.16,157,80.55,-10.95,6.7,-15.1,False,18.7,19.7,-15.1,False,44.6,53.95,-15.1,False,23.35,53.95,-15.1,False,59.15,82.7,-15.1,False,168.05,168.05,-15.1,False,152.15,175.95,-15.1,False,122.85,183.6,182,1.215,2.167,2.803,2.853,0.536,5.774,5.339,7.816,flat,bearish
105983,-1,2026-06-29 10:45:00,2026-06-29 10:50:00,24083.85,False,24116.45,24095.57,20.88,27.71,24,5.65,0.087,155,63.05,27.1,36.45,-0.2,False,17.5,36.45,-0.2,False,-0.95,36.45,-5.0,False,5.3,36.45,-7.05,False,57.15,65.2,-7.05,False,138.3,158.45,-7.05,False,118.05,158.45,-7.05,False,105.35,166.1,182,0.957,0.994,0.082,1.379,0.777,4.335,3.105,5.97,flat,bearish
105990,-1,2026-06-29 11:20:00,2026-06-29 11:25:00,24065.7,False,24090.9,24092.1,-1.2,25.21,31,5.65,0.006,148,44.9,4.5,9.2,-3.2,False,37.8,47.05,-3.2,False,23.5,47.05,-3.2,False,62.45,62.8,-3.2,False,86.5,92.95,-3.2,False,115.15,140.3,-3.2,False,115.1,141.15,-3.2,False,87.2,147.95,182,0.161,-0.5,-2.189,-0.043,2.995,5.817,12.293,5.091,flat,bearish
106070,-1,2026-06-30 11:45:00,2026-06-30 11:50:00,23930.0,False,23998.55,23999.42,-0.87,28.27,111,5.65,-0.425,68,-90.8,-10.8,1.7,-11.6,False,-16.15,1.7,-21.0,False,-5.1,1.7,-21.0,False,4.85,11.6,-21.0,False,-18.1,18.45,-32.6,False,-10.5,18.45,-34.35,False,12.25,100.8,-42.45,True,12.25,-57.95,182,0.47,1.36,1.972,2.678,3.97,7.773,5.605,5.605,flat,bearish
106073,-1,2026-06-30 12:00:00,2026-06-30 12:05:00,23934.1,False,23951.0,23998.05,-47.05,25.61,114,5.65,-0.403,65,-86.7,6.2,7.05,-2.0,False,8.2,11.15,-2.0,False,8.95,15.7,-2.0,False,12.6,22.55,-4.5,False,-11.05,22.55,-30.25,False,46.35,53.15,-30.25,False,16.35,104.9,-38.35,True,16.35,-53.85,182,-0.112,-0.744,1.033,3.691,2.422,6.592,3.96,3.96,flat,bearish
106086,-1,2026-06-30 13:05:00,2026-06-30 13:10:00,23932.95,False,23964.35,23992.57,-28.22,20.68,127,5.65,-0.409,52,-87.85,-1.05,3.8,-9.0,False,5.2,9.0,-11.9,False,13.45,19.9,-11.9,False,-4.6,19.9,-12.05,False,37.0,52.0,-22.0,False,82.7,103.75,-39.5,False,15.2,103.75,-39.5,True,15.2,-55.0,182,1.106,1.316,2.849,2.126,6.343,6.366,2.124,2.124,flat,bearish
106095,-1,2026-06-30 13:50:00,2026-06-30 13:55:00,23930.9,False,23954.95,23989.18,-34.23,18.76,136,5.65,-0.42,43,-89.9,1.5,14.5,-1.85,False,43.15,49.95,-1.85,False,34.95,49.95,-1.85,False,-16.9,67.0,-16.9,False,-5.1,67.0,-41.55,False,13.15,101.7,-41.55,True,13.15,101.7,-41.55,True,13.15,-57.05,182,1.0,0.115,1.702,-1.816,-7.885,-2.518,-2.518,-2.518,flat,bearish
106107,-1,2026-06-30 14:50:00,2026-06-30 14:55:00,23936.4,False,23972.45,23984.25,-11.8,24.35,148,5.65,-0.4,31,-84.4,31.05,41.1,-7.9,False,95.15,107.2,-7.9,False,86.15,107.2,-7.9,False,51.9,107.2,-7.9,False,18.65,107.2,-7.9,True,18.65,107.2,-7.9,True,18.65,107.2,-7.9,True,18.65,-51.55,182,1.155,9.416,10.062,13.021,5.819,5.819,5.819,5.819,flat,bearish
106129,-1,2026-07-01 10:25:00,2026-07-01 10:30:00,23996.25,False,24020.65,23978.2,42.45,24.08,170,5.65,0.417,9,-24.55,9.85,14.55,-8.05,False,21.15,25.95,-8.05,False,42.2,48.9,-8.05,False,19.85,48.9,-8.05,False,-12.55,48.9,-30.6,False,-1.3,48.9,-53.65,False,-32.3,48.9,-53.65,False,8.3,-170.95,182,0.799,1.204,2.035,3.66,3.707,7.632,9.037,8.637,flat,bearish
106144,1,2026-07-01 11:40:00,2026-07-01 11:45:00,24011.8,False,23986.0,23992.44,-6.44,20.21,5,0.15,0.477,34,-12.35,7.55,9.65,-2.55,False,-7.7,10.7,-10.15,False,14.7,16.8,-13.65,False,11.7,38.1,-13.65,False,12.3,38.1,-17.5,False,17.8,38.1,-17.5,False,-23.85,38.1,-31.15,True,-23.85,155.4,182,-1.357,-1.415,-2.305,-1.846,-4.711,-7.888,-6.55,-6.55,flat,bearish
106155,1,2026-07-01 12:35:00,2026-07-01 12:40:00,24037.65,False,23994.3,24006.72,-12.42,22.49,16,0.15,0.587,23,-38.2,-13.55,1.05,-21.3,False,-12.8,1.05,-21.3,False,-17.4,1.05,-21.3,False,-22.5,1.05,-30.5,False,2.85,10.0,-35.6,False,-38.2,10.0,-38.5,False,-49.7,10.55,-57.0,True,-49.7,129.55,182,-0.596,-0.8,0.427,-0.666,-2.438,0.042,-2.435,-2.435,flat,bearish
106163,1,2026-07-01 13:15:00,2026-07-01 13:20:00,24029.45,False,24007.15,24010.66,-3.51,18.38,24,0.15,0.554,15,-30.0,-11.55,1.4,-14.5,False,-16.7,1.4,-18.1,False,-12.05,1.4,-27.4,False,-4.5,18.2,-27.4,False,1.1,18.2,-27.4,False,-30.85,18.75,-37.7,False,-41.5,18.75,-48.8,True,-41.5,137.75,182,-1.984,-2.221,-1.286,-3.427,-2.921,-8.453,-1.259,-1.259,flat,bearish
106167,1,2026-07-01 13:35:00,2026-07-01 13:40:00,24039.8,False,24002.05,24011.85,-9.8,18.77,28,0.15,0.598,11,-40.35,-10.2,2.15,-18.7,False,-14.85,2.15,-25.2,False,-19.45,2.15,-25.2,False,-5.35,2.15,-28.65,False,-40.35,4.35,-40.65,False,-51.85,8.4,-59.15,True,-51.85,8.4,-59.15,True,-51.85,127.4,182,-1.743,-2.574,-3.359,-4.625,2.072,-0.405,-0.405,-0.405,flat,bearish
106185,-1,2026-07-01 15:05:00,2026-07-01 15:10:00,24001.35,False,24048.2,24024.15,24.05,18.79,6,2.6,0.438,4,-92.9,-4.9,0.0,-17.3,False,2.75,5.05,-17.3,False,1.4,9.6,-17.3,False,13.4,20.7,-17.3,True,13.4,20.7,-17.3,True,13.4,20.7,-17.3,True,13.4,20.7,-17.3,True,13.4,-165.85,182,1.776,3.034,3.041,-4.16,-4.16,-4.16,-4.16,-4.16,flat,bearish
106203,1,2026-07-02 10:20:00,2026-07-02 10:25:00,24099.5,False,24070.3,24072.48,-2.18,23.71,13,46.05,0.155,314,167.75,7.6,16.4,-6.2,False,-5.25,16.4,-10.6,False,14.25,16.4,-10.6,False,7.15,17.3,-10.6,False,2.05,17.3,-10.6,False,24.5,30.9,-32.0,False,47.6,55.85,-32.0,False,67.7,171.7,182,-0.886,-1.29,-1.695,-4.115,-4.343,-7.032,-9.83,-9.128,flat,bearish
106220,1,2026-07-02 11:45:00,2026-07-02 11:50:00,24086.9,False,24067.5,24083.28,-15.78,17.19,30,46.05,0.099,297,180.35,8.85,16.6,-0.75,False,12.65,19.75,-0.75,False,14.85,24.45,-0.75,False,37.15,40.85,-0.75,False,42.65,50.8,-0.75,False,44.05,68.45,-0.75,False,80.3,107.65,-0.75,True,80.3,184.3,182,-0.47,-1.36,-1.972,-2.678,-3.97,-7.773,-5.605,-5.605,flat,bearish
106235,1,2026-07-02 13:00:00,2026-07-02 13:05:00,24133.35,False,24113.6,24092.48,21.12,15.83,45,46.05,0.297,282,133.9,8.25,11.75,-2.25,False,9.9,12.45,-2.25,False,18.25,20.1,-2.25,False,13.2,22.0,-2.25,False,4.05,22.0,-7.35,False,38.55,61.2,-7.35,False,33.85,61.2,-7.35,True,33.85,137.85,182,-0.082,-0.833,-1.042,-1.878,-4.482,-5.447,-1.85,-1.85,flat,bearish
106251,1,2026-07-02 14:20:00,2026-07-02 14:25:00,24146.95,False,24126.0,24102.81,23.19,14.54,61,46.05,0.353,266,120.3,-6.8,0.95,-15.85,False,2.75,11.0,-15.85,False,26.5,29.35,-15.85,False,35.85,47.6,-15.85,False,20.2,47.6,-15.85,False,20.25,47.6,-15.85,True,20.25,47.6,-15.85,True,20.25,124.25,182,-0.114,2.489,2.764,5.655,-6.915,0.287,0.287,0.287,flat,bearish
106265,1,2026-07-03 09:15:00,2026-07-03 09:20:00,24302.9,False,24153.4,24115.59,37.81,30.84,75,46.05,-0.3,252,-35.65,32.15,36.65,-3.45,False,44.85,48.05,-3.45,False,52.75,63.9,-3.45,False,27.0,63.9,-3.45,False,23.75,63.9,-3.45,False,27.25,63.9,-3.45,False,12.75,70.45,-3.45,False,-31.7,121.05,182,-1.809,-2.705,-4.473,-2.491,-1.55,-5.283,-9.066,-9.873,flat,bearish
106334,1,2026-07-03 15:00:00,2026-07-03 15:05:00,24274.75,False,24252.35,24208.35,44.0,15.58,144,46.05,-0.418,183,-7.5,4.6,8.05,-7.2,False,-2.65,8.05,-7.2,False,-6.7,8.05,-10.05,False,-3.55,8.05,-16.0,True,-3.55,8.05,-16.0,True,-3.55,8.05,-16.0,True,-3.55,8.05,-16.0,True,-3.55,149.2,182,-0.834,-2.527,-3.785,3.409,3.409,3.409,3.409,3.409,flat,bearish
106340,1,2026-07-06 09:15:00,2026-07-06 09:20:00,24355.85,False,24258.75,24211.08,47.67,19.91,150,46.05,0.195,177,-88.6,-11.6,4.3,-15.0,False,-3.35,4.3,-18.6,False,13.5,14.1,-18.6,False,26.15,38.55,-18.6,False,34.6,39.95,-18.6,False,49.7,72.2,-18.6,False,84.55,99.55,-18.6,False,68.1,-0.75,182,-1.809,-2.705,-4.473,-2.491,-1.55,-5.283,-9.066,-9.873,flat,bearish
106510,1,2026-07-08 10:55:00,2026-07-08 11:00:00,24294.55,False,24268.75,24317.28,-48.53,22.73,320,46.05,0.14,7,-27.3,-5.8,3.75,-10.0,False,-4.35,3.75,-13.65,False,-4.0,5.45,-13.65,False,-9.4,5.45,-19.8,False,-45.6,5.45,-60.95,False,-78.65,5.45,-110.55,False,-465.9,5.45,-489.35,False,-398.85,-312.65,182,0.409,-0.516,-0.288,-0.549,-1.234,-2.799,-0.815,-5.479,flat,bearish
106541,-1,2026-07-08 13:30:00,2026-07-08 13:35:00,24209.7,False,24235.8,24234.69,1.11,17.08,23,1.5,-0.209,98,47.0,-4.55,4.6,-10.8,False,4.55,9.6,-10.8,False,89.5,102.75,-10.8,False,233.3,240.45,-10.8,False,327.05,341.05,-10.8,False,314.0,404.5,-10.8,True,314.0,404.5,-10.8,True,314.0,227.8,182,0.426,1.762,2.592,3.056,-1.779,0.423,0.423,0.423,flat,bearish
106577,-1,2026-07-09 10:15:00,2026-07-09 10:20:00,24034.2,False,24076.8,24091.03,-14.23,33.17,59,1.5,0.439,62,-128.5,-21.15,4.55,-21.45,False,-8.65,4.55,-24.15,False,-5.95,4.55,-24.15,False,18.6,35.3,-100.5,False,6.55,45.85,-100.5,False,-23.05,45.85,-100.5,False,-7.0,45.85,-100.5,False,52.3,-177.45,182,-0.109,0.463,0.867,3.055,4.114,5.777,10.367,8.704,flat,bearish
106583,-1,2026-07-09 10:45:00,2026-07-09 10:50:00,24015.8,False,24134.7,24087.24,47.46,39.41,65,1.5,0.362,56,-146.9,-17.25,14.65,-18.1,False,1.9,14.65,-18.1,False,-3.5,27.45,-18.1,False,-11.85,27.45,-18.1,False,-32.75,27.45,-74.7,False,-19.75,27.45,-74.7,False,-2.5,27.45,-74.7,False,33.9,-195.85,182,0.957,0.994,0.082,1.379,0.777,4.335,3.105,5.97,flat,bearish
106606,-1,2026-07-09 12:40:00,2026-07-09 12:45:00,24023.6,False,24090.5,24076.73,13.77,23.94,88,1.5,0.395,33,-139.1,-11.95,4.5,-15.3,False,-25.9,4.5,-28.8,False,-14.8,4.5,-30.8,False,-28.05,4.5,-31.95,False,-45.75,4.5,-58.75,False,-2.55,21.65,-58.75,False,41.7,97.9,-58.75,True,41.7,-188.05,182,0.591,-0.636,-0.454,1.209,3.564,-0.048,2.226,2.226,flat,bearish
106614,-1,2026-07-09 13:20:00,2026-07-09 13:25:00,24036.75,False,24058.45,24074.11,-15.66,21.82,96,1.5,0.453,25,-125.95,1.2,11.65,-5.1,False,-24.0,11.65,-29.0,False,-37.3,11.65,-45.6,False,-17.35,11.65,-45.6,False,-14.55,12.4,-45.6,False,67.1,111.05,-45.6,False,54.85,111.05,-45.6,True,54.85,-174.9,182,0.562,-0.374,-0.399,2.553,0.301,6.8,-0.401,-0.401,flat,bearish
106620,-1,2026-07-09 13:50:00,2026-07-09 13:55:00,24054.65,False,24082.35,24073.25,9.1,21.18,102,1.5,0.523,19,-108.05,4.6,6.55,-4.0,False,7.95,13.85,-4.0,False,15.95,15.95,-4.0,False,3.35,30.3,-7.95,False,21.45,52.7,-23.95,False,72.75,128.95,-23.95,True,72.75,128.95,-23.95,True,72.75,-157.0,182,1.0,0.115,1.702,-1.816,-7.885,-2.518,-2.518,-2.518,flat,bearish
106629,-1,2026-07-09 14:35:00,2026-07-09 14:40:00,24043.7,False,24078.6,24071.42,7.18,22.98,111,1.5,0.477,10,-119.0,17.55,41.75,-3.75,False,25.4,41.75,-3.75,False,10.5,41.75,-3.75,False,87.7,118.0,-3.75,False,61.8,118.0,-3.75,True,61.8,118.0,-3.75,True,61.8,118.0,-3.75,True,61.8,-167.95,182,0.638,0.047,-2.456,7.154,2.912,2.912,2.912,2.912,flat,bearish
106657,1,2026-07-10 10:40:00,2026-07-10 10:45:00,24213.3,False,24187.95,24145.28,42.67,22.43,17,84.1,0.357,57,-185.85,-8.05,0.0,-9.75,False,-7.4,0.15,-9.75,False,-14.2,0.15,-17.65,False,-33.3,0.15,-38.35,False,-50.2,0.15,-57.35,False,-25.05,0.15,-61.25,False,-4.8,3.35,-61.25,False,-1.65,-2.15,182,-1.334,-1.971,-2.007,-1.793,-0.774,-5.145,-4.709,-6.984,flat,bearish
106670,1,2026-07-10 11:45:00,2026-07-10 11:50:00,24176.4,False,24155.95,24158.37,-2.42,16.71,30,84.1,0.211,44,-148.95,-19.05,0.0,-24.35,False,-6.0,0.0,-24.35,False,2.45,9.25,-24.35,False,-12.15,9.25,-24.35,False,11.65,19.75,-24.35,False,16.25,30.9,-24.35,False,35.25,52.05,-24.35,True,35.25,34.75,182,-0.47,-1.36,-1.972,-2.678,-3.97,-7.773,-5.605,-5.605,flat,bearish
106673,1,2026-07-10 12:00:00,2026-07-10 12:05:00,24181.15,False,24152.05,24159.17,-7.12,17.13,33,84.1,0.224,41,-153.7,-5.1,1.35,-6.6,False,-16.4,1.35,-23.4,False,-16.9,1.35,-23.4,False,2.65,12.35,-23.4,False,16.1,20.7,-23.4,False,11.65,26.15,-23.4,False,30.5,47.3,-23.4,True,30.5,30.0,182,0.112,0.744,-1.033,-3.691,-2.422,-6.592,-3.96,-3.96,flat,bearish
106678,1,2026-07-10 12:25:00,2026-07-10 12:30:00,24190.3,False,24157.75,24160.7,-2.95,16.22,38,84.1,0.268,36,-162.85,-6.5,0.5,-12.3,False,-7.05,0.5,-12.3,False,-2.05,3.85,-12.3,False,-8.95,9.5,-12.3,False,-13.75,11.55,-29.55,False,21.35,23.9,-29.55,False,21.35,38.15,-29.55,True,21.35,20.85,182,-1.121,0.652,0.449,1.29,-2.353,-1.791,-1.39,-1.39,flat,bearish
106685,1,2026-07-10 13:00:00,2026-07-10 13:05:00,24198.05,False,24178.4,24164.43,13.97,15.35,45,84.1,0.301,29,-170.6,-16.5,0.7,-17.45,False,-12.25,0.7,-20.1,False,-25.5,0.7,-25.7,False,-12.6,0.7,-37.3,False,-5.25,9.25,-37.3,False,0.5,30.4,-37.3,False,13.6,30.4,-37.3,True,13.6,13.1,182,-0.082,-0.833,-1.042,-1.878,-4.482,-5.447,-1.85,-1.85,flat,bearish
106690,1,2026-07-10 13:25:00,2026-07-10 13:30:00,24177.4,False,24160.75,24165.59,-4.84,14.93,50,84.1,0.215,24,-149.95,8.05,8.85,-5.5,False,18.7,19.15,-5.5,False,19.35,25.9,-5.5,False,15.95,29.9,-5.5,False,34.25,36.8,-5.5,False,34.25,51.05,-5.5,False,34.25,51.05,-5.5,True,34.25,33.75,182,0.563,0.588,-0.748,-2.927,0.19,0.59,0.59,0.59,flat,bearish
106700,1,2026-07-10 14:15:00,2026-07-10 14:20:00,24189.9,False,24173.6,24169.3,4.3,13.67,60,84.1,0.267,14,-162.45,12.15,17.0,-1.95,False,21.75,24.3,-1.95,False,14.85,24.75,-1.95,False,30.15,38.55,-1.95,False,14.0,38.55,-2.6,False,21.75,38.55,-2.6,True,21.75,38.55,-2.6,True,21.75,21.25,182,0.66,0.961,3.564,4.226,-5.832,1.362,1.362,1.362,flat,bearish
106739,-1,2026-07-13 11:15:00,2026-07-13 11:20:00,24138.55,False,24162.05,24133.14,28.91,23.43,24,133.3,0.408,10,-43.45,-8.1,1.7,-20.25,False,0.4,5.55,-20.25,False,-9.8,5.55,-20.25,False,-6.25,15.3,-20.25,False,-52.1,15.3,-60.0,False,-76.95,15.3,-121.25,False,-57.2,15.3,-121.25,False,-72.6,103.4,182,0.247,0.102,-0.559,-0.161,2.105,4.224,12.226,5.032,flat,bearish
106747,-1,2026-07-13 11:55:00,2026-07-13 12:00:00,24140.5,False,24156.65,24134.72,21.93,20.66,32,133.3,0.421,2,-41.5,-13.75,0.85,-15.65,False,-16.15,0.85,-19.65,False,-41.5,0.85,-55.1,False,-41.25,0.85,-58.05,False,-83.25,0.85,-119.3,False,-56.85,0.85,-119.3,False,-70.65,0.85,-119.3,True,-70.65,105.35,182,1.094,0.655,0.023,3.722,2.047,8.245,4.727,4.727,flat,bearish
106793,-1,2026-07-14 09:30:00,2026-07-14 09:35:00,24135.6,False,24157.1,24187.15,-30.05,27.41,3,82.15,0.276,71,-11.75,30.7,40.25,-0.05,False,35.4,55.9,-0.05,False,56.5,73.15,-0.05,False,48.8,73.15,-0.05,False,34.55,97.5,-0.05,False,6.75,97.5,-10.75,False,60.4,97.5,-10.75,False,100.45,62.15,182,2.866,0.038,-1.463,0.288,-1.919,0.328,5.947,5.919,flat,bearish
106818,-1,2026-07-14 11:35:00,2026-07-14 11:40:00,24118.35,False,24146.35,24130.2,16.15,22.53,28,82.15,0.204,46,-29.0,13.35,22.3,-1.5,False,9.85,22.3,-1.5,False,8.7,22.3,-8.6,False,22.2,32.9,-8.6,False,46.45,63.5,-8.6,False,70.7,79.8,-8.6,False,83.2,94.65,-8.6,True,83.2,44.9,182,1.487,2.504,2.562,3.625,5.654,7.699,7.696,7.696,flat,bearish
106841,-1,2026-07-14 13:30:00,2026-07-14 13:35:00,24076.6,False,24097.35,24113.76,-16.41,18.97,51,82.15,0.03,23,-70.75,28.95,38.05,-0.35,False,24.45,38.05,-0.35,False,9.3,38.05,-0.35,False,11.35,38.05,-0.35,False,19.3,38.05,-0.35,False,41.45,52.9,-0.35,True,41.45,52.9,-0.35,True,41.45,3.15,182,0.426,1.762,2.592,3.056,-1.779,0.423,0.423,0.423,flat,bearish
106861,-1,2026-07-14 15:10:00,2026-07-14 15:15:00,24052.5,False,24075.0,24098.88,-23.88,20.06,71,82.15,-0.066,3,-94.85,10.8,17.45,-4.55,False,9.2,17.45,-4.55,False,17.35,25.05,-4.55,False,17.35,25.05,-4.55,True,17.35,25.05,-4.55,True,17.35,25.05,-4.55,True,17.35,25.05,-4.55,True,17.35,-20.95,182,1.37,1.377,-5.824,-5.824,-5.824,-5.824,-5.824,-5.824,flat,bearish
106875,1,2026-07-15 10:05:00,2026-07-15 10:10:00,24195.1,False,24173.5,24133.5,40.0,22.65,10,1.0,0.454,28,-28.45,7.2,8.45,-6.75,False,18.0,25.25,-6.75,False,18.35,25.25,-6.75,False,2.8,25.25,-6.75,False,-0.3,25.25,-13.85,False,-10.8,25.25,-28.3,False,-106.05,25.25,-184.55,False,-121.65,-114.0,182,-0.654,2.43,2.92,1.539,-0.93,-1.822,-10.113,-5.893,flat,bearish
106882,1,2026-07-15 10:40:00,2026-07-15 10:45:00,24207.45,False,24190.6,24153.72,36.88,19.15,17,1.0,0.506,21,-40.8,-4.95,2.6,-8.35,False,-12.75,2.6,-15.0,False,-22.45,2.6,-23.35,False,-34.6,2.6,-36.45,False,-33.05,7.2,-36.45,False,-47.35,7.2,-64.3,False,-105.95,7.2,-196.9,False,-134.0,-126.35,182,-1.334,-1.971,-2.007,-1.793,-0.774,-5.145,-4.709,-6.984,flat,bearish
106891,1,2026-07-15 11:25:00,2026-07-15 11:30:00,24202.45,False,24171.0,24163.51,7.49,18.26,26,1.0,0.485,12,-35.8,8.5,12.2,-7.6,False,-10.55,12.2,-11.4,False,-28.05,12.2,-29.1,False,-21.65,12.2,-35.65,False,-34.0,12.2,-35.65,False,-127.5,12.2,-191.9,False,-129.0,12.2,-191.9,False,-129.0,-121.35,182,0.302,1.991,0.92,-1.045,-4.285,-6.252,-5.289,-5.289,flat,bearish
106899,1,2026-07-15 12:05:00,2026-07-15 12:10:00,24184.7,False,24166.8,24167.79,-0.99,16.96,34,1.0,0.409,4,-18.05,6.35,7.05,-9.45,False,6.55,9.65,-9.45,False,1.45,9.65,-9.45,False,-38.95,9.65,-40.9,False,-138.95,9.65,-174.15,False,-95.65,9.65,-174.15,False,-111.25,9.65,-174.15,True,-111.25,-103.6,182,0.319,-1.458,-2.289,-2.343,-2.616,-8.604,-4.385,-4.385,flat,bearish
106955,-1,2026-07-16 10:30:00,2026-07-16 10:35:00,24118.1,False,24145.75,24102.86,42.89,20.83,51,0.15,-0.106,2,-28.25,4.35,8.55,-2.75,False,-8.45,8.55,-8.65,False,-28.25,8.55,-30.0,False,-55.45,8.55,-68.4,False,-32.5,8.55,-68.4,False,-28.4,8.55,-68.4,False,22.95,66.45,-68.4,False,37.0,-228.6,182,0.798,1.63,2.582,2.343,2.64,7.963,6.029,8.231,flat,bearish
106968,1,2026-07-16 11:35:00,2026-07-16 11:40:00,24162.55,False,24142.1,24150.84,-8.74,17.9,10,0.6,0.074,4,-23.9,-13.05,4.25,-15.55,False,-14.0,4.25,-16.65,False,-9.8,4.25,-23.55,False,-23.0,4.25,-28.5,False,-21.15,4.25,-30.6,False,-92.15,4.25,-96.4,False,-81.45,4.25,-112.55,True,-81.45,184.15,182,-1.487,-2.504,-2.562,-3.625,-5.654,-7.699,-7.696,-7.696,flat,bearish
106981,-1,2026-07-16 12:40:00,2026-07-16 12:45:00,24133.1,False,24163.45,24149.79,13.66,15.94,8,3.45,-0.048,33,-54.75,1.2,4.3,-3.15,False,7.5,12.85,-3.15,False,8.55,12.85,-3.15,False,12.5,22.6,-3.15,False,80.05,80.05,-3.15,False,37.1,81.45,-3.15,False,52.0,83.1,-3.15,True,52.0,-213.6,182,0.591,-0.636,-0.454,1.209,3.564,-0.048,2.226,2.226,flat,bearish
106988,-1,2026-07-16 13:15:00,2026-07-16 13:20:00,24117.5,False,24130.75,24143.28,-12.53,14.1,15,3.45,-0.11,26,-70.35,3.2,6.55,-4.7,False,11.7,14.8,-4.7,False,26.95,37.85,-4.7,False,57.05,65.85,-4.7,False,14.55,65.85,-4.7,False,51.85,65.85,-9.05,False,36.4,67.5,-9.05,True,36.4,-229.2,182,1.984,2.221,1.286,3.427,2.921,8.453,1.259,1.259,flat,bearish
107001,-1,2026-07-16 14:20:00,2026-07-16 14:25:00,24091.8,False,24111.9,24125.85,-13.95,17.09,28,3.45,-0.213,13,-96.05,5.95,12.1,-5.55,False,-3.35,12.1,-8.35,False,-5.5,12.1,-8.35,False,-4.55,12.1,-10.15,False,32.9,35.1,-34.75,False,10.7,41.8,-34.75,True,10.7,41.8,-34.75,True,10.7,-254.9,182,0.114,-2.489,-2.764,-5.655,6.915,-0.287,-0.287,-0.287,flat,bearish
107012,-1,2026-07-16 15:15:00,2026-07-16 15:20:00,24064.8,False,24126.55,24117.94,8.61,18.31,39,3.45,-0.317,2,-123.05,5.9,8.1,-1.35,False,-16.3,14.8,-25.35,False,-16.3,14.8,-25.35,True,-16.3,14.8,-25.35,True,-16.3,14.8,-25.35,True,-16.3,14.8,-25.35,True,-16.3,14.8,-25.35,True,-16.3,-281.9,182,0.201,-7.001,-7.001,-7.001,-7.001,-7.001,-7.001,-7.001,flat,bearish
107040,1,2026-07-17 11:20:00,2026-07-17 11:25:00,24246.7,False,24230.9,24187.26,43.64,20.51,25,61.3,0.492,49,-37.0,-3.7,4.2,-8.7,False,5.9,10.15,-8.7,False,10.35,12.75,-8.7,False,32.3,35.8,-8.7,False,35.05,37.75,-8.7,False,19.75,50.8,-8.7,False,96.1,120.6,-33.25,False,100.0,-7.2,182,-0.161,0.5,2.189,0.043,-2.995,-5.817,-12.293,-5.091,flat,bearish
107071,1,2026-07-17 13:55:00,2026-07-17 14:00:00,24247.45,False,24213.45,24223.3,-9.85,17.38,56,61.3,0.508,18,-37.75,2.9,6.6,-5.65,False,5.5,10.0,-5.65,False,33.1,37.0,-5.65,False,39.95,119.85,-5.65,False,64.3,119.85,-5.65,False,99.25,119.85,-5.65,True,99.25,119.85,-5.65,True,99.25,-7.95,182,0.547,-1.041,0.632,2.778,7.843,3.179,3.179,3.179,flat,bearish
107143,-1,2026-07-20 13:40:00,2026-07-20 13:45:00,24228.25,False,24250.05,24234.48,15.57,18.53,53,3.75,0.16,0,-24.15,-24.15,1.1,-28.35,False,-12.25,1.1,-28.35,False,-26.4,1.1,-29.65,False,-22.65,1.1,-37.85,False,-8.85,3.5,-37.85,False,-11.25,3.5,-37.85,True,-11.25,3.5,-37.85,True,-11.25,35.2,182,1.166,1.951,2.515,1.544,-3.277,-1.003,-1.003,-1.003,flat,bearish
107147,1,2026-07-20 14:00:00,2026-07-20 14:05:00,24261.85,False,24227.15,24216.33,10.82,19.01,3,2.35,0.298,46,-100.2,-7.75,4.25,-7.9,False,-10.95,4.25,-11.7,False,-7.6,4.25,-20.8,False,-18.95,4.25,-22.15,False,-28.4,4.25,-37.1,False,-22.35,4.25,-37.1,True,-22.35,4.25,-37.1,True,-22.35,-68.8,182,-2.038,-0.365,0.519,4.384,-1.415,2.182,2.182,2.182,flat,bearish
107200,-1,2026-07-21 12:10:00,2026-07-21 12:15:00,24174.9,False,24183.7,24175.53,8.17,14.26,6,2.1,-0.175,16,-15.2,2.95,4.15,-2.95,False,1.55,5.05,-7.8,False,2.95,5.05,-7.8,False,2.1,7.2,-15.6,False,23.35,39.25,-15.6,False,11.65,39.25,-20.4,False,-18.15,39.25,-22.3,True,-18.15,183.85,182,2.136,2.967,4.058,3.224,4.045,7.61,5.063,5.063,flat,bearish
107231,1,2026-07-21 14:45:00,2026-07-21 14:50:00,24186.15,False,24154.3,24169.35,-15.05,15.0,14,6.4,-0.129,8,-92.05,-5.65,0.35,-21.3,False,-4.05,6.6,-21.3,False,-4.5,11.05,-21.3,False,-0.3,11.05,-21.3,False,6.9,11.05,-21.3,True,6.9,11.05,-21.3,True,6.9,11.05,-21.3,True,6.9,-195.1,182,2.064,1.36,-6.901,-10.498,-3.304,-3.304,-3.304,-3.304,flat,bearish
107271,-1,2026-07-22 11:50:00,2026-07-22 11:55:00,24031.75,False,24050.65,24090.05,-39.4,15.83,31,60.2,-0.498,250,47.1,9.75,9.75,-2.4,False,22.5,33.4,-2.4,False,32.3,33.4,-2.4,False,42.95,63.2,-2.4,False,25.1,70.35,-2.4,False,53.9,70.35,-2.4,False,40.7,70.35,-2.4,True,40.7,160.05,182,1.315,1.927,1.489,3.464,2.699,8.514,5.56,5.56,flat,bearish
107338,-1,2026-07-23 11:10:00,2026-07-23 11:15:00,23973.8,False,23990.75,24026.33,-35.58,17.95,98,60.2,0.282,183,-10.85,11.7,13.6,0.0,False,19.25,21.2,0.0,False,28.75,29.55,0.0,False,26.2,33.85,0.0,False,38.95,43.15,0.0,False,141.85,147.45,0.0,False,100.75,166.6,0.0,False,102.1,186.8,182,0.893,0.699,0.554,-0.726,0.78,4.466,11.419,5.484,flat,bearish
107538,1,2026-07-27 15:20:00,2026-07-27 15:25:00,24003.2,False,23984.1,23986.11,-2.01,13.84,16,5.25,0.315,10,-30.3,0.45,4.9,-6.6,False,0.45,4.9,-6.6,True,0.45,4.9,-6.6,True,0.45,4.9,-6.6,True,0.45,4.9,-6.6,True,0.45,4.9,-6.6,True,0.45,4.9,-6.6,True,0.45,-15.4,182,7.059,7.059,7.059,7.059,7.059,7.059,7.059,7.059,flat,bearish
107561,-1,2026-07-28 11:00:00,2026-07-28 11:05:00,24023.7,False,24041.15,24003.12,38.03,18.25,12,11.2,0.222,8,-7.1,-0.4,5.75,-2.1,False,8.5,13.65,-2.1,False,-1.6,13.65,-6.1,False,20.9,21.9,-6.1,False,14.9,23.75,-13.1,False,21.55,23.75,-13.1,False,60.8,69.1,-13.1,False,35.9,-218.3,182,1.208,0.98,1.58,0.58,2.538,4.633,9.768,6.171,flat,bearish
107566,-1,2026-07-28 11:25:00,2026-07-28 11:30:00,24014.45,False,24029.8,24005.18,24.62,16.36,17,11.2,0.178,3,-16.35,11.65,12.65,-1.7,False,3.75,14.5,-1.7,False,-6.75,14.5,-10.6,False,3.45,14.5,-22.35,False,-9.05,14.5,-22.35,False,29.6,45.8,-22.35,False,26.65,59.85,-22.35,False,26.65,-227.55,182,-0.302,-1.991,-0.92,1.045,4.285,6.252,5.289,5.289,flat,bearish
107574,1,2026-07-28 12:05:00,2026-07-28 12:10:00,24020.75,False,24003.65,24015.51,-11.86,15.8,4,1.0,0.209,9,-16.7,5.5,7.85,-2.55,False,-3.0,7.85,-5.45,False,-3.0,7.85,-9.9,False,-2.6,8.15,-11.35,False,-15.05,8.15,-20.4,False,-22.55,8.15,-52.1,False,-32.95,8.15,-66.15,True,-32.95,221.25,182,0.319,-1.458,-2.289,-2.343,-2.616,-8.604,-4.385,-4.385,flat,bearish
107578,1,2026-07-28 12:25:00,2026-07-28 12:30:00,24023.6,False,24010.85,24017.41,-6.56,14.92,8,1.0,0.218,5,-19.55,-6.3,3.65,-6.3,False,-5.45,3.65,-14.2,False,-7.95,3.65,-14.2,False,-19.55,3.65,-19.7,False,-38.75,3.65,-54.95,False,-36.05,3.65,-54.95,False,-35.8,3.65,-69.0,True,-35.8,218.4,182,-1.121,0.652,0.449,1.29,-2.353,-1.791,-1.39,-1.39,flat,bearish
107599,-1,2026-07-28 14:10:00,2026-07-28 14:15:00,23993.25,False,24011.75,24002.26,9.49,13.19,15,6.8,0.092,15,-193.85,1.55,6.05,-8.0,False,4.95,8.25,-8.0,False,5.7,8.25,-8.0,False,-2.1,23.15,-8.0,False,23.85,38.65,-8.0,False,5.45,38.65,-20.1,True,5.45,38.65,-20.1,True,5.45,-248.75,182,-0.438,-1.399,-1.7,-4.375,3.835,-2.101,-2.101,-2.101,flat,bearish
107606,-1,2026-07-28 14:45:00,2026-07-28 14:50:00,23974.85,False,23998.5,23998.96,-0.46,14.67,22,6.8,0.017,8,-212.25,-13.1,6.75,-16.25,False,-6.05,6.75,-16.25,False,11.95,20.25,-16.25,False,-29.35,20.25,-29.55,False,-12.95,20.25,-38.5,True,-12.95,20.25,-38.5,True,-12.95,20.25,-38.5,True,-12.95,-267.15,182,-2.064,-1.36,6.901,10.498,3.304,3.304,3.304,3.304,flat,bearish
107614,-1,2026-07-28 15:25:00,2026-07-29 09:15:00,24176.65,True,24013.35,23995.26,18.09,17.35,30,6.8,0.069,0,-10.45,-10.45,39.9,-26.55,False,-0.7,39.9,-26.55,False,-1.85,39.9,-26.55,False,-35.55,39.9,-41.25,False,-44.65,39.9,-47.6,False,-57.05,39.9,-67.9,False,-80.9,39.9,-84.8,False,-65.35,-119.95,0,,,,,,,,,flat,bearish
107637,1,2026-07-29 11:05:00,2026-07-29 11:10:00,24238.75,False,24213.4,24164.22,49.18,18.34,22,173.75,0.256,685,192.3,-5.05,2.85,-9.55,False,-8.4,2.85,-15.4,False,-1.5,2.85,-15.4,False,-17.4,2.85,-20.0,False,5.95,9.05,-20.0,False,13.5,16.7,-28.8,False,20.2,44.8,-28.8,False,3.25,57.85,182,-0.123,-0.723,-0.529,1.966,-1.242,-3.545,-9.556,-5.314,flat,bearish
107644,1,2026-07-29 11:40:00,2026-07-29 11:45:00,24232.5,False,24218.75,24177.3,41.45,15.62,29,173.75,0.23,678,198.55,-0.7,7.85,-4.7,False,-3.55,7.85,-8.6,False,-6.85,7.85,-12.7,False,5.95,15.3,-12.7,False,-11.7,15.3,-13.6,False,5.9,28.95,-22.55,False,9.5,51.05,-22.55,True,9.5,64.1,182,-1.357,-1.415,-2.305,-1.846,-4.711,-7.888,-6.55,-6.55,flat,bearish
107649,1,2026-07-29 12:05:00,2026-07-29 12:10:00,24244.05,False,24219.8,24183.9,35.9,14.65,34,173.75,0.281,673,187.0,-5.6,2.1,-7.85,False,-15.8,2.1,-17.05,False,-16.65,2.1,-18.65,False,-16.0,2.1,-24.35,False,8.2,11.4,-34.1,False,19.8,28.05,-34.1,False,-2.05,39.5,-34.1,True,-2.05,52.55,182,0.319,-1.458,-2.289,-2.343,-2.616,-8.604,-4.385,-4.385,flat,bearish
107654,1,2026-07-29 12:30:00,2026-07-29 12:35:00,24232.05,False,24219.7,24188.98,30.72,13.48,39,173.75,0.226,668,199.0,-4.0,2.9,-6.4,False,-11.25,2.9,-13.15,False,-21.4,2.9,-21.45,False,3.85,8.8,-22.1,False,22.95,29.4,-22.1,False,38.1,46.95,-22.1,False,9.95,51.5,-22.1,True,9.95,64.55,182,1.38,1.177,0.974,0.876,-0.689,1.541,-0.661,-0.661,flat,bearish
107660,1,2026-07-29 13:00:00,2026-07-29 13:05:00,24236.3,False,24209.95,24193.21,16.74,13.32,45,173.75,0.245,662,194.75,15.95,19.15,0.0,False,21.25,25.15,0.0,False,18.25,25.15,0.0,False,18.7,25.15,0.0,False,30.8,35.1,-0.65,False,26.2,47.25,-0.65,False,5.7,47.25,-5.25,True,5.7,60.3,182,-0.082,-0.833,-1.042,-1.878,-4.482,-5.447,-1.85,-1.85,flat,bearish
107666,1,2026-07-29 13:30:00,2026-07-29 13:35:00,24255.1,False,24244.55,24199.24,45.31,12.7,51,173.75,0.324,656,175.95,-9.95,1.75,-11.75,False,-16.7,1.75,-19.1,False,-8.9,2.4,-19.45,False,12.0,16.3,-19.45,False,15.05,23.9,-19.45,False,-13.1,28.45,-24.05,True,-13.1,28.45,-24.05,True,-13.1,41.5,182,-0.426,-1.762,-2.592,-3.056,1.779,-0.423,-0.423,-0.423,flat,bearish
107670,1,2026-07-29 13:50:00,2026-07-29 13:55:00,24257.9,False,24235.65,24202.38,33.27,13.67,55,173.75,0.338,652,173.15,-7.4,1.35,-8.25,False,9.2,13.5,-8.25,False,5.95,14.2,-8.25,False,12.15,20.8,-8.25,False,15.4,21.1,-8.25,False,-15.9,25.65,-26.85,True,-15.9,25.65,-26.85,True,-15.9,38.7,182,-1.0,-0.115,-1.702,1.816,7.885,2.518,2.518,2.518,flat,bearish
107681,1,2026-07-29 14:45:00,2026-07-29 14:50:00,24267.05,False,24251.45,24211.94,39.51,13.72,66,173.75,0.375,641,164.0,6.25,6.95,-4.8,False,5.45,16.5,-4.8,False,-4.55,16.5,-6.15,False,-25.3,16.5,-28.3,False,-25.05,16.5,-36.0,True,-25.05,16.5,-36.0,True,-25.05,16.5,-36.0,True,-25.05,29.55,182,2.064,1.36,-6.901,-10.498,-3.304,-3.304,-3.304,-3.304,flat,bearish
107691,1,2026-07-30 09:20:00,2026-07-30 09:25:00,24273.05,False,24187.1,24217.22,-30.12,18.59,76,173.75,0.097,631,158.0,3.9,7.45,-4.5,False,1.35,14.2,-5.5,False,-14.5,14.2,-18.45,False,-11.05,14.2,-27.25,False,-24.4,14.2,-37.05,False,-5.95,14.2,-48.2,False,6.3,58.35,-48.2,False,23.55,93.65,182,-1.303,-3.071,-5.419,-2.184,0.342,-3.686,-9.197,-8.471,flat,bearish
107696,1,2026-07-30 09:45:00,2026-07-30 09:50:00,24272.7,False,24245.8,24220.09,25.71,19.5,81,173.75,0.091,626,158.35,-10.7,12.85,-12.6,False,2.9,12.85,-13.9,False,3.0,12.85,-13.9,False,-29.05,12.85,-31.2,False,-14.25,12.85,-47.85,False,-16.4,12.85,-47.85,False,7.35,58.7,-47.85,False,23.9,94.0,182,-1.459,-3.171,-2.116,0.577,-2.098,-2.554,-9.916,-7.747,flat,bearish
107706,1,2026-07-30 10:35:00,2026-07-30 10:40:00,24243.5,False,24224.85,24223.57,1.28,18.95,91,173.75,-0.025,616,187.55,15.65,17.85,-6.9,False,14.95,19.2,-6.9,False,16.4,27.15,-6.9,False,13.6,27.15,-6.9,False,27.4,39.0,-6.9,False,60.55,87.9,-6.9,False,24.05,87.9,-16.25,False,53.1,123.2,182,-1.215,-2.167,-2.803,-2.853,-0.536,-5.774,-5.339,-7.816,flat,bearish
107713,1,2026-07-30 11:10:00,2026-07-30 11:15:00,24264.9,False,24248.15,24225.91,22.24,17.11,98,173.75,0.064,609,166.15,8.25,17.6,-2.2,False,2.2,17.6,-2.8,False,9.7,17.6,-2.8,False,0.6,17.6,-2.8,False,-10.8,17.6,-16.05,False,-0.9,66.5,-16.05,False,53.35,66.5,-37.65,False,31.7,101.8,182,-0.893,-0.699,-0.554,0.726,-0.78,-4.466,-11.419,-5.484,flat,bearish
107728,1,2026-07-30 12:25:00,2026-07-30 12:30:00,24264.3,False,24248.85,24230.64,18.21,13.68,113,173.75,0.06,594,166.75,42.45,67.1,-2.35,False,39.75,67.1,-2.35,False,44.05,67.1,-2.35,False,31.4,67.1,-2.35,False,5.1,67.1,-15.45,False,-29.3,67.1,-35.35,False,32.3,78.65,-37.05,True,32.3,102.4,182,-1.121,0.652,0.449,1.29,-2.353,-1.791,-1.39,-1.39,flat,bearish
107754,1,2026-07-30 14:35:00,2026-07-30 14:40:00,24267.65,False,24227.25,24239.02,-11.77,18.99,139,173.75,0.074,568,163.4,-8.95,1.95,-17.75,False,9.95,15.8,-17.75,False,0.3,15.8,-17.75,False,51.55,57.95,-17.75,False,28.95,75.3,-17.75,True,28.95,75.3,-17.75,True,28.95,75.3,-17.75,True,28.95,99.05,182,-0.638,-0.047,2.456,-7.154,-2.912,-2.912,-2.912,-2.912,flat,bearish
107973,1,2026-08-04 14:05:00,2026-08-04 14:10:00,24452.5,False,24427.95,24389.13,38.82,16.45,358,173.75,-1.027,349,-21.45,9.85,10.8,-2.4,False,33.5,34.85,-2.4,False,20.9,41.8,-2.4,False,10.8,41.8,-2.4,False,-0.2,41.8,-7.5,False,162.4,162.4,-8.9,True,162.4,162.4,-8.9,True,162.4,172.15,182,1.209,2.093,3.054,6.233,-0.487,3.756,3.756,3.756,bearish,bearish
108224,1,2026-08-10 10:00:00,2026-08-10 10:05:00,24540.6,False,24511.1,24467.63,43.47,19.74,609,173.75,-0.174,98,-109.55,-5.95,6.4,-8.15,False,4.15,7.1,-8.15,False,33.65,34.3,-8.15,False,44.95,60.55,-8.15,False,60.15,73.9,-8.15,False,53.6,73.9,-8.15,False,50.3,78.3,-8.15,False,43.2,-68.9,182,-0.452,-0.704,2.38,1.894,-0.056,-2.311,-8.576,-5.944,bearish,bearish
108318,1,2026-08-11 11:35:00,2026-08-11 11:40:00,24447.5,False,24436.7,24478.78,-42.08,13.06,703,173.75,-0.519,4,-16.45,1.1,4.8,-2.1,False,5.9,8.95,-2.1,False,-5.3,8.95,-6.6,False,-12.85,8.95,-18.25,False,-7.65,8.95,-18.25,False,7.0,27.4,-18.25,False,24.2,28.95,-18.25,True,24.2,-11.55,182,-1.487,-2.504,-2.562,-3.625,-5.654,-7.699,-7.696,-7.696,bearish,bearish
108327,-1,2026-08-11 12:20:00,2026-08-11 12:25:00,24431.95,False,24450.75,24441.27,9.48,13.03,4,5.65,-0.583,3,-19.25,-7.7,1.6,-9.95,False,-12.3,1.6,-14.3,False,-7.9,1.6,-14.3,False,-16.7,1.6,-29.8,False,-20.05,1.6,-34.7,False,-26.15,1.6,-42.95,False,-39.75,1.6,-44.5,True,-39.75,-4.0,182,1.507,2.243,0.47,-0.35,3.237,3.214,2.512,2.512,bearish,bearish
108336,1,2026-08-11 13:05:00,2026-08-11 13:10:00,24461.9,False,24438.9,24447.68,-8.78,13.24,5,0.45,-0.46,17,-24.15,-8.75,2.45,-10.8,False,-11.9,2.45,-19.75,False,-9.9,2.45,-20.1,False,-7.4,13.0,-20.1,False,-0.95,13.0,-20.8,False,-7.3,14.55,-26.85,False,9.8,14.55,-26.85,True,9.8,-25.95,182,-1.106,-1.316,-2.849,-2.126,-6.343,-6.366,-2.124,-2.124,bearish,bearish
108361,-1,2026-08-11 15:10:00,2026-08-11 15:15:00,24450.25,False,24476.45,24456.06,20.39,14.44,7,1.15,-0.509,152,54.4,-0.0,0.0,0.0,False,-0.0,0.0,0.0,False,-21.45,0.0,-21.45,False,-21.45,0.0,-21.45,True,-21.45,0.0,-21.45,True,-21.45,0.0,-21.45,True,-21.45,0.0,-21.45,True,-21.45,14.3,182,1.37,1.377,-5.824,-5.824,-5.824,-5.824,-5.824,-5.824,bearish,bearish
108373,-1,2026-08-12 09:55:00,2026-08-12 10:00:00,24379.5,False,24473.3,24447.0,26.3,21.65,19,1.15,-0.384,140,-16.35,16.9,18.75,0.0,False,15.75,22.0,0.0,False,14.4,22.0,0.0,False,8.0,22.0,-3.85,False,60.85,70.15,-21.45,False,99.85,108.45,-21.45,False,93.1,113.55,-21.45,False,-56.45,-16.35,182,-0.62,-0.48,-0.228,-3.23,0.035,0.767,8.529,5.012,bearish,bearish
108383,-1,2026-08-12 10:45:00,2026-08-12 10:50:00,24358.75,False,24400.95,24430.33,-29.38,19.36,29,1.15,-0.471,130,-37.1,-0.55,2.3,-2.45,False,40.1,49.4,-3.05,False,58.45,61.65,-3.05,False,51.7,65.4,-3.05,False,68.15,80.5,-3.05,False,75.45,92.8,-3.05,False,36.55,92.8,-3.05,False,-77.2,-37.1,182,0.957,0.994,0.082,1.379,0.777,4.335,3.105,5.97,bearish,bearish
108450,-1,2026-08-13 10:05:00,2026-08-13 10:10:00,24338.95,False,24356.65,24358.13,-1.48,21.63,96,1.15,-0.386,63,-56.9,-4.6,8.65,-11.35,False,2.35,8.65,-11.35,False,9.8,11.4,-11.35,False,11.85,27.55,-11.35,False,14.45,27.55,-11.35,False,-63.9,27.55,-75.95,False,-20.05,27.55,-75.95,False,-56.9,-27.05,182,0.654,-2.43,-2.92,-1.539,0.93,1.822,10.113,5.893,bearish,bearish
108460,-1,2026-08-13 10:55:00,2026-08-13 11:00:00,24339.85,False,24348.65,24356.03,-7.38,16.81,106,1.15,-0.382,53,-56.0,14.05,17.75,-0.15,False,15.35,25.55,-0.15,False,20.8,25.55,-0.15,False,1.05,25.55,-0.15,False,-46.6,25.55,-46.95,False,-29.3,25.55,-75.05,False,-4.6,25.55,-75.05,False,-56.0,-26.15,182,-0.409,0.516,0.288,0.549,1.234,2.799,0.815,5.479,bearish,bearish
108497,-1,2026-08-13 14:00:00,2026-08-13 14:05:00,24380.05,False,24396.55,24358.63,37.92,15.99,143,1.15,-0.219,16,-15.8,21.05,23.75,-2.35,False,24.0,26.9,-2.35,False,19.25,30.85,-2.35,False,18.95,30.85,-2.35,False,23.1,43.55,-2.35,False,-15.8,43.55,-15.8,True,-15.8,43.55,-15.8,True,-15.8,14.05,182,2.038,0.365,-0.519,-4.384,1.415,-2.182,-2.182,-2.182,bearish,bearish
108503,-1,2026-08-13 14:30:00,2026-08-13 14:35:00,24363.65,False,24377.5,24358.85,18.65,15.97,149,1.15,-0.289,10,-32.2,-1.75,10.55,-3.7,False,3.8,10.55,-8.2,False,11.4,13.85,-8.2,False,6.7,27.15,-8.2,False,-32.2,27.15,-32.2,True,-32.2,27.15,-32.2,True,-32.2,27.15,-32.2,True,-32.2,-2.35,182,0.201,0.404,-0.186,6.275,2.678,2.678,2.678,2.678,bearish,bearish
108522,-1,2026-08-14 09:50:00,2026-08-14 09:55:00,24326.45,False,24346.8,24348.34,-1.54,20.43,7,13.8,-0.153,45,-30.9,-17.1,3.9,-18.4,False,-24.25,3.9,-27.0,False,-28.7,3.9,-28.7,False,-7.6,3.9,-32.75,False,-10.25,29.65,-32.75,False,-3.3,29.65,-32.75,False,-59.15,29.65,-64.65,False,-39.55,38.8,182,2.164,1.109,1.248,-2.073,1.727,1.606,9.694,6.74,bearish,bearish
108527,-1,2026-08-14 10:15:00,2026-08-14 10:20:00,24337.4,False,24359.2,24347.74,11.46,18.63,12,13.8,-0.103,40,-19.95,3.35,5.25,-3.7,False,6.15,7.85,-3.7,False,28.15,40.6,-3.7,False,3.6,40.6,-3.7,False,9.55,40.6,-3.7,False,-11.6,40.6,-11.85,False,-42.55,40.6,-67.8,False,-28.6,49.75,182,-0.109,0.463,0.867,3.055,4.114,5.777,10.367,8.704,bearish,bearish
108535,-1,2026-08-14 10:55:00,2026-08-14 11:00:00,24313.05,False,24338.7,24342.77,-4.07,17.13,20,13.8,-0.204,32,-44.3,-7.8,6.65,-9.3,False,-1.2,6.65,-9.3,False,-1.95,6.65,-9.3,False,-2.75,6.65,-19.2,False,-13.85,6.65,-23.9,False,-36.5,6.65,-41.6,False,-61.55,6.65,-92.15,False,-52.95,25.4,182,-0.409,0.516,0.288,0.549,1.234,2.799,0.815,5.479,bearish,bearish
108541,-1,2026-08-14 11:25:00,2026-08-14 11:30:00,24315.7,False,24332.25,24339.39,-7.14,15.6,26,13.8,-0.189,26,-41.65,-3.05,6.3,-6.1,False,-4.75,6.3,-6.65,False,-12.0,6.3,-15.0,False,-11.2,6.3,-21.25,False,-31.6,6.3,-38.95,False,-24.85,6.3,-38.95,False,-50.3,6.3,-89.5,False,-50.3,28.05,182,-0.302,-1.991,-0.92,1.045,4.285,6.252,5.289,5.289,bearish,bearish
108548,-1,2026-08-14 12:00:00,2026-08-14 12:05:00,24321.9,False,24336.95,24337.23,-0.28,13.82,33,13.8,-0.165,19,-35.45,-13.45,0.45,-18.75,False,-19.55,0.45,-23.65,False,-27.1,0.45,-27.35,False,-22.6,0.45,-32.75,False,-23.0,0.45,-32.75,False,-73.65,0.45,-83.3,False,-44.1,0.45,-83.3,True,-44.1,34.25,182,-0.112,-0.744,1.033,3.691,2.422,6.592,3.96,3.96,bearish,bearish
108555,-1,2026-08-14 12:35:00,2026-08-14 12:40:00,24342.0,False,24354.65,24338.03,16.62,12.4,40,13.8,-0.086,12,-15.35,6.15,8.55,-4.1,False,-3.3,8.55,-5.7,False,-8.7,8.55,-11.3,False,-0.0,8.55,-11.3,False,-6.3,14.65,-11.3,False,-27.35,14.65,-63.2,False,-24.0,14.65,-63.2,True,-24.0,54.35,182,0.596,0.8,-0.427,0.666,2.438,-0.042,2.435,2.435,bearish,bearish
108561,-1,2026-08-14 13:05:00,2026-08-14 13:10:00,24341.8,False,24353.3,24338.7,14.6,11.33,46,13.8,-0.082,6,-15.55,-5.05,1.05,-6.55,False,-1.95,2.35,-7.0,False,-1.95,2.35,-7.0,False,-6.5,14.45,-7.7,False,-48.15,14.45,-63.4,False,-29.25,14.45,-63.4,False,-24.2,14.45,-63.4,True,-24.2,54.15,182,1.106,1.316,2.849,2.126,6.343,6.366,2.124,2.124,bearish,bearish
108582,1,2026-08-14 14:50:00,2026-08-14 14:55:00,24380.9,False,24364.75,24362.73,2.02,11.25,14,4.05,0.084,7,-74.85,-6.3,3.5,-7.5,False,-5.45,3.5,-10.2,False,-9.85,3.5,-12.65,False,-26.05,3.5,-26.45,False,-14.9,3.5,-26.45,True,-14.9,3.5,-26.45,True,-14.9,3.5,-26.45,True,-14.9,-93.25,182,-1.155,-9.416,-10.062,-13.021,-5.819,-5.819,-5.819,-5.819,bearish,bearish
108612,-1,2026-08-17 11:05:00,2026-08-17 11:10:00,24235.4,False,24247.45,24295.4,-47.95,14.09,22,21.3,-0.443,46,-116.65,-0.8,2.55,-3.3,False,-0.25,2.55,-4.6,False,5.45,8.45,-4.6,False,-4.05,8.45,-12.95,False,-29.6,8.45,-40.25,False,-103.1,8.45,-118.9,False,-114.0,8.45,-124.2,False,-52.25,80.5,182,0.123,0.723,0.529,-1.966,1.242,3.545,9.556,5.314,bearish,bearish
108649,-1,2026-08-17 14:10:00,2026-08-17 14:15:00,24330.7,False,24346.75,24298.62,48.13,13.2,59,21.3,-0.051,9,-21.35,-8.45,2.45,-12.35,False,6.2,8.0,-12.35,False,3.95,8.15,-12.35,False,-4.7,12.8,-12.35,False,-8.9,12.8,-29.4,False,43.05,43.05,-29.4,True,43.05,43.05,-29.4,True,43.05,175.8,182,-0.438,-1.399,-1.7,-4.375,3.835,-2.101,-2.101,-2.101,bearish,bearish
108682,-1,2026-08-18 10:40:00,2026-08-18 10:45:00,24216.15,False,24233.4,24282.16,-48.76,16.11,18,30.25,-0.037,174,-25.3,11.4,20.2,-0.25,False,20.6,23.65,-0.25,False,15.9,28.85,-0.25,False,13.8,28.85,-0.25,False,17.75,41.7,-0.25,False,18.1,41.7,-4.65,False,10.95,41.7,-4.65,False,61.25,137.85,182,1.334,1.971,2.007,1.793,0.774,5.145,4.709,6.984,bearish,bearish
108702,-1,2026-08-18 12:20:00,2026-08-18 12:25:00,24206.9,False,24220.8,24253.51,-32.71,12.54,38,30.25,-0.073,154,-34.55,-5.9,2.2,-10.5,False,-7.8,2.2,-13.45,False,-1.35,2.2,-13.45,False,0.4,12.45,-13.45,False,2.7,21.3,-13.45,False,13.15,21.3,-13.45,False,52.0,52.0,-23.85,True,52.0,128.6,182,1.507,2.243,0.47,-0.35,3.237,3.214,2.512,2.512,bearish,bearish
108705,-1,2026-08-18 12:35:00,2026-08-18 12:40:00,24208.7,False,24220.35,24251.43,-31.08,12.26,41,30.25,-0.064,151,-32.75,10.65,12.7,0.0,False,3.15,14.25,0.0,False,2.2,14.25,-2.0,False,9.95,23.1,-2.0,False,13.95,23.1,-2.0,False,7.15,26.95,-2.0,False,53.8,53.8,-22.05,True,53.8,130.4,182,0.596,0.8,-0.427,0.666,2.438,-0.042,2.435,2.435,bearish,bearish
108717,-1,2026-08-18 13:35:00,2026-08-18 13:40:00,24195.4,False,24210.7,24243.03,-32.33,11.25,53,30.25,-0.12,139,-46.05,-6.6,1.65,-9.25,False,-9.3,1.65,-12.2,False,-0.75,1.65,-12.2,False,-0.55,7.5,-14.1,False,-6.15,13.65,-14.1,False,40.5,40.5,-35.35,True,40.5,40.5,-35.35,True,40.5,117.1,182,1.743,2.574,3.359,4.625,-2.072,0.405,0.405,0.405,bearish,bearish
108725,-1,2026-08-18 14:15:00,2026-08-18 14:20:00,24191.45,False,24209.5,24238.48,-28.98,11.31,61,30.25,-0.136,131,-50.0,-2.3,5.6,-8.85,False,-7.65,9.7,-12.05,False,-7.1,9.7,-15.55,False,-15.65,9.7,-19.7,False,25.1,26.0,-39.3,False,36.55,36.55,-39.3,True,36.55,36.55,-39.3,True,36.55,113.15,182,-0.66,-0.961,-3.564,-4.226,5.832,-1.362,-1.362,-1.362,bearish,bearish
108735,-1,2026-08-18 15:05:00,2026-08-18 15:10:00,24196.5,False,24230.75,24234.5,-3.75,13.62,71,30.25,-0.11,121,-44.95,31.05,31.05,-6.35,False,30.15,31.05,-6.35,False,30.15,31.05,-6.35,False,41.6,41.6,-6.35,True,41.6,41.6,-6.35,True,41.6,41.6,-6.35,True,41.6,41.6,-6.35,True,41.6,118.2,182,1.776,3.034,3.041,-4.16,-4.16,-4.16,-4.16,-4.16,bearish,bearish
108874,1,2026-08-20 14:10:00,2026-08-20 14:15:00,24238.05,False,24227.25,24240.07,-12.82,10.91,17,18.45,0.054,10,-22.35,-0.05,1.5,-14.75,False,4.1,4.3,-14.75,False,7.75,8.25,-14.75,False,-1.05,11.5,-14.75,False,-25.7,11.5,-32.75,False,-6.2,11.5,-32.75,True,-6.2,11.5,-32.75,True,-6.2,13.95,182,0.438,1.399,1.7,4.375,-3.835,2.101,2.101,2.101,bearish,bearish
108899,-1,2026-08-21 10:00:00,2026-08-21 10:05:00,24239.85,False,24256.4,24232.14,24.26,15.94,14,11.55,-0.183,9,-24.8,14.6,14.9,-1.35,False,4.15,15.25,-1.35,False,7.75,15.25,-1.35,False,-10.45,15.25,-19.0,False,-26.15,15.25,-27.8,False,1.3,15.25,-27.8,False,9.15,15.25,-27.8,False,-12.15,20.8,182,0.452,0.704,-2.38,-1.894,0.056,2.311,8.576,5.944,bearish,bearish
108927,1,2026-08-21 12:20:00,2026-08-21 12:25:00,24240.85,False,24227.5,24249.7,-22.2,10.17,18,8.25,-0.178,20,-15.4,-2.6,2.45,-5.95,False,2.25,5.8,-5.95,False,-4.3,5.85,-5.95,False,-7.65,5.85,-13.4,False,-2.5,12.25,-13.4,False,-1.5,12.25,-17.2,False,11.15,12.25,-17.25,True,11.15,-21.8,182,-1.507,-2.243,-0.47,0.35,-3.237,-3.214,-2.512,-2.512,bearish,bearish
108935,1,2026-08-21 13:00:00,2026-08-21 13:05:00,24241.05,False,24227.45,24246.64,-19.19,9.51,26,8.25,-0.177,12,-15.6,9.3,12.05,-1.2,False,2.95,12.05,-1.2,False,4.95,12.05,-1.2,False,-1.55,12.05,-6.15,False,-10.35,12.05,-14.95,False,-5.3,12.05,-17.4,False,10.95,12.05,-17.45,True,10.95,-22.0,182,-0.082,-0.833,-1.042,-1.878,-4.482,-5.447,-1.85,-1.85,bearish,bearish
108954,-1,2026-08-21 14:35:00,2026-08-21 14:40:00,24233.75,False,24246.25,24237.63,8.62,9.55,6,2.0,-0.203,9,-18.25,-1.6,0.85,-4.55,False,-3.85,0.85,-10.2,False,-4.85,0.85,-10.65,False,-0.3,2.85,-10.65,False,-18.25,10.15,-18.25,True,-18.25,10.15,-18.25,True,-18.25,10.15,-18.25,True,-18.25,14.7,182,0.638,0.047,-2.456,7.154,2.912,2.912,2.912,2.912,bearish,bearish
108958,-1,2026-08-21 14:55:00,2026-08-21 15:00:00,24235.85,False,24244.4,24237.67,6.73,9.01,10,2.0,-0.197,5,-16.15,0.1,2.8,-7.6,False,1.8,4.95,-7.6,False,1.1,12.25,-7.6,False,-16.15,12.25,-16.15,False,-16.15,12.25,-16.15,True,-16.15,12.25,-16.15,True,-16.15,12.25,-16.15,True,-16.15,16.8,182,8.85,9.496,11.189,5.253,5.253,5.253,5.253,5.253,bearish,bearish
109010,-1,2026-08-24 13:00:00,2026-08-24 13:05:00,24171.3,False,24190.4,24232.57,-42.17,12.17,23,1.95,-0.474,92,-25.35,11.7,18.0,-1.85,False,5.15,18.0,-1.85,False,-2.05,18.0,-3.25,False,6.1,18.0,-10.55,False,11.15,18.0,-10.55,False,-2.0,27.0,-10.55,False,-47.75,27.0,-47.75,True,-47.75,-163.25,182,0.082,0.833,1.042,1.878,4.482,5.447,1.85,1.85,bearish,bearish
109016,-1,2026-08-24 13:30:00,2026-08-24 13:35:00,24167.15,False,24181.85,24225.35,-43.5,12.28,29,1.95,-0.494,86,-29.5,-2.35,4.5,-6.65,False,0.1,4.5,-7.0,False,0.25,4.9,-7.0,False,7.0,12.45,-7.0,False,-7.85,22.85,-12.55,False,-51.9,22.85,-51.9,True,-51.9,22.85,-51.9,True,-51.9,-167.4,182,0.426,1.762,2.592,3.056,-1.779,0.423,0.423,0.423,bearish,bearish
109030,-1,2026-08-24 14:40:00,2026-08-24 14:45:00,24169.9,False,24180.9,24212.1,-31.2,13.32,43,1.95,-0.493,72,-26.75,6.15,11.9,-0.2,False,-0.7,11.9,-1.65,False,-2.55,11.9,-5.1,False,-12.9,11.9,-15.75,False,-49.15,11.9,-49.15,True,-49.15,11.9,-49.15,True,-49.15,11.9,-49.15,True,-49.15,-164.65,182,-0.116,-2.62,-1.916,8.684,2.748,2.748,2.748,2.748,bearish,bearish
109041,-1,2026-08-25 09:20:00,2026-08-25 09:25:00,24176.05,False,24219.05,24207.16,11.89,18.8,54,1.95,-0.003,61,-20.6,-5.45,5.25,-13.8,False,-14.85,5.25,-21.7,False,3.25,6.9,-21.7,False,37.95,42.25,-21.7,False,55.55,56.75,-21.7,False,25.3,60.6,-21.7,False,50.65,60.6,-21.7,False,-158.5,-31.7,182,1.303,3.071,5.419,2.184,-0.342,3.686,9.197,8.471,bearish,bearish
109044,-1,2026-08-25 09:35:00,2026-08-25 09:40:00,24175.45,False,24197.75,24206.25,-8.5,19.31,57,1.95,-0.012,58,-21.2,20.6,22.45,0.0,False,21.3,26.0,0.0,False,37.35,41.65,0.0,False,40.4,45.1,0.0,False,43.8,60.0,0.0,False,22.5,60.0,0.0,False,37.85,60.0,-14.5,False,-159.1,-32.3,182,-2.434,-3.936,-2.841,-2.045,-3.986,-3.833,3.449,3.447,bearish,bearish
109060,-1,2026-08-25 10:55:00,2026-08-25 11:00:00,24144.55,False,24166.9,24195.41,-28.51,16.82,73,1.95,-0.137,42,-52.1,4.75,7.35,-4.7,False,3.9,7.7,-4.7,False,-3.0,11.1,-4.7,False,-4.65,11.1,-12.95,False,-33.75,11.1,-45.4,False,-12.5,11.1,-45.4,False,-108.55,22.3,-112.25,False,-190.0,-63.2,182,-0.409,0.516,0.288,0.549,1.234,2.799,0.815,5.479,bearish,bearish
109070,-1,2026-08-25 11:45:00,2026-08-25 11:50:00,24146.9,False,24157.65,24190.88,-33.23,14.36,83,1.95,-0.122,32,-49.75,-16.25,7.15,-16.85,False,-31.4,7.15,-43.05,False,-32.65,7.15,-43.05,False,-26.45,7.15,-43.05,False,-10.85,7.15,-43.05,False,13.05,24.65,-43.05,False,-187.65,24.65,-187.65,True,-187.65,-60.85,182,0.47,1.36,1.972,2.678,3.97,7.773,5.605,5.605,bearish,bearish
109081,-1,2026-08-25 12:40:00,2026-08-25 12:45:00,24157.75,False,24189.95,24188.86,1.09,14.89,94,1.95,-0.08,21,-38.9,-0.0,8.05,-4.5,False,5.6,8.05,-4.5,False,0.7,10.65,-4.65,False,27.85,31.85,-4.65,False,17.35,35.5,-4.65,False,-51.4,35.5,-57.85,False,-176.8,35.5,-176.8,True,-176.8,-50.0,182,0.591,-0.636,-0.454,1.209,3.564,-0.048,2.226,2.226,bearish,bearish
109094,-1,2026-08-25 13:45:00,2026-08-25 13:50:00,24135.45,False,24146.0,24183.95,-37.95,13.45,107,1.95,-0.173,8,-61.2,-41.85,6.5,-41.85,False,-21.15,6.5,-44.45,False,-21.5,6.5,-44.45,False,-23.25,6.5,-44.45,False,-88.85,6.5,-93.4,False,-199.1,6.5,-199.1,True,-199.1,6.5,-199.1,True,-199.1,-72.3,182,1.049,1.613,0.728,-0.242,-4.769,-1.905,-1.905,-1.905,bearish,bearish
109130,1,2026-08-26 10:30:00,2026-08-26 10:35:00,24318.1,False,24294.25,24268.47,25.78,19.85,27,6.7,-0.098,32,-54.5,2.75,5.85,-1.3,False,9.35,13.2,-2.2,False,-0.2,13.2,-5.2,False,-5.05,13.2,-8.5,False,-16.85,14.55,-26.05,False,-38.6,14.55,-51.65,False,-39.6,14.55,-64.5,False,-110.35,-227.25,182,-0.798,-1.63,-2.582,-2.343,-2.64,-7.963,-6.029,-8.231,bearish,bearish
109138,1,2026-08-26 11:10:00,2026-08-26 11:15:00,24330.6,False,24306.85,24277.92,28.93,16.39,35,6.7,-0.046,24,-67.0,-20.4,2.05,-24.75,False,-27.5,2.05,-32.65,False,-25.65,2.05,-32.65,False,-22.4,2.05,-38.55,False,-49.85,2.05,-64.15,False,-61.4,2.05,-64.15,False,-54.0,2.05,-77.0,False,-122.85,-239.75,182,-0.893,-0.699,-0.554,0.726,-0.78,-4.466,-11.419,-5.484,bearish,bearish
109143,1,2026-08-26 11:35:00,2026-08-26 11:40:00,24309.3,False,24292.05,24280.87,11.18,16.13,40,6.7,-0.132,19,-45.7,-1.1,2.3,-2.4,False,-9.7,2.3,-11.25,False,-24.15,2.3,-26.35,False,-38.9,2.3,-40.35,False,-31.6,2.3,-42.85,False,-44.35,2.3,-55.7,False,-101.55,2.3,-101.55,True,-101.55,-218.45,182,-1.487,-2.504,-2.562,-3.625,-5.654,-7.699,-7.696,-7.696,bearish,bearish
109151,1,2026-08-26 12:15:00,2026-08-26 12:20:00,24286.25,False,24266.45,24281.85,-15.4,15.0,48,6.7,-0.222,11,-22.65,4.1,5.15,-8.45,False,-8.15,5.15,-12.55,False,-6.75,5.15,-17.35,False,-8.75,5.15,-17.35,False,-22.65,5.15,-32.55,False,-10.65,5.15,-32.65,False,-78.5,10.8,-78.5,True,-78.5,-195.4,182,-1.221,-2.312,-3.048,-1.682,-2.509,-4.979,-3.317,-3.317,bearish,bearish
109197,-1,2026-08-27 09:50:00,2026-08-27 09:55:00,24210.6,False,24228.2,24244.96,-16.76,21.1,8,45.85,-0.278,,,13.85,21.3,-0.7,False,19.35,29.35,-0.7,False,14.8,29.35,-0.7,False,25.95,31.05,-0.7,False,48.4,53.1,-0.7,False,57.75,73.45,-0.7,False,72.3,76.85,-0.7,False,119.75,34.95,182,2.164,1.109,1.248,-2.073,1.727,1.606,9.694,6.74,bearish,bearish
109213,-1,2026-08-27 11:10:00,2026-08-27 11:15:00,24156.85,False,24168.75,24210.57,-41.82,15.55,24,45.85,-0.501,,,10.5,10.85,-1.9,False,16.65,18.95,-1.9,False,12.8,19.7,-1.9,False,5.3,19.7,-5.35,False,2.0,23.1,-6.55,False,-37.25,23.1,-38.7,False,23.25,36.25,-43.05,False,66.0,-18.8,182,0.893,0.699,0.554,-0.726,0.78,4.466,11.419,5.484,bearish,bearish
109220,-1,2026-08-27 11:45:00,2026-08-27 11:50:00,24148.85,False,24162.2,24199.35,-37.15,13.84,31,45.85,-0.532,,,-4.0,5.6,-8.45,False,-9.95,5.6,-14.55,False,-4.85,5.6,-14.55,False,2.35,15.1,-14.55,False,-27.65,15.1,-29.55,False,5.9,15.1,-51.05,False,58.0,58.0,-51.05,True,58.0,-26.8,182,0.47,1.36,1.972,2.678,3.97,7.773,5.605,5.605,bearish,bearish
109224,-1,2026-08-27 12:05:00,2026-08-27 12:10:00,24141.3,False,24163.4,24194.79,-31.39,14.18,35,45.85,-0.558,,,-13.55,2.8,-14.9,False,-5.2,2.8,-20.5,False,-1.75,2.8,-20.5,False,-32.95,2.8,-35.45,False,-41.45,2.8,-51.05,False,17.35,20.7,-58.6,False,50.45,50.45,-58.6,True,50.45,-34.35,182,-0.319,1.458,2.289,2.343,2.616,8.604,4.385,4.385,bearish,bearish
109227,-1,2026-08-27 12:20:00,2026-08-27 12:25:00,24143.1,False,24161.8,24191.7,-29.9,14.12,38,45.85,-0.554,,,-15.25,1.4,-19.15,False,-16.6,1.4,-19.15,False,-31.15,1.4,-33.65,False,-43.45,1.4,-49.25,False,-49.9,1.4,-56.8,False,-5.65,22.5,-56.8,False,52.25,52.25,-56.8,True,52.25,-32.55,182,1.507,2.243,0.47,-0.35,3.237,3.214,2.512,2.512,bearish,bearish
109241,-1,2026-08-27 13:30:00,2026-08-27 13:35:00,24175.9,False,24199.9,24188.3,11.6,15.33,52,45.85,-0.415,,,-3.2,4.35,-5.8,False,12.6,12.75,-5.8,False,32.95,39.7,-5.8,False,46.8,48.6,-5.8,False,22.95,55.3,-5.8,False,85.05,85.05,-5.8,True,85.05,85.05,-5.8,True,85.05,0.25,182,0.426,1.762,2.592,3.056,-1.779,0.423,0.423,0.423,bearish,bearish
109261,-1,2026-08-27 15:10:00,2026-08-27 15:15:00,24133.05,False,24167.2,24177.68,-10.48,14.97,72,45.85,-0.593,,,-0.0,0.0,0.0,False,-0.0,0.0,0.0,False,42.2,42.2,0.0,False,42.2,42.2,0.0,True,42.2,42.2,0.0,True,42.2,42.2,0.0,True,42.2,42.2,0.0,True,42.2,-42.6,182,1.37,1.377,-5.824,-5.824,-5.824,-5.824,-5.824,-5.824,bearish,bearish
109280,-1,2026-08-28 10:30:00,2026-08-28 10:35:00,24162.2,False,24188.3,24171.76,16.54,17.18,91,45.85,0.158,,,0.25,4.85,-2.35,False,6.05,7.45,-5.9,False,-1.2,10.5,-5.9,False,1.95,12.45,-8.4,False,54.45,59.35,-8.4,False,60.8,85.35,-8.4,False,42.0,85.35,-8.4,False,-13.45,81.8,182,0.798,1.63,2.582,2.343,2.64,7.963,6.029,8.231,bearish,bearish
109309,-1,2026-08-28 12:55:00,2026-08-28 13:00:00,24098.7,False,24110.95,24159.67,-48.72,11.97,120,45.85,-0.108,,,5.5,6.7,-1.5,False,-3.4,9.35,-4.65,False,-4.85,9.35,-11.3,False,2.55,9.35,-17.75,False,-12.15,9.35,-20.3,False,-30.75,9.35,-42.05,False,-76.95,9.35,-76.95,True,-76.95,18.3,182,1.532,1.301,2.052,4.033,6.587,-1.594,3.07,3.07,bearish,bearish
109319,-1,2026-08-28 13:45:00,2026-08-28 13:50:00,24104.9,False,24119.0,24155.69,-36.69,12.12,130,45.85,-0.078,,,1.55,7.45,-0.7,False,-5.95,7.45,-7.35,False,2.0,7.45,-7.35,False,-4.95,7.45,-14.25,False,-21.75,7.45,-22.6,False,-70.75,7.45,-70.75,True,-70.75,7.45,-70.75,True,-70.75,24.5,182,1.049,1.613,0.728,-0.242,-4.769,-1.905,-1.905,-1.905,bearish,bearish
109334,-1,2026-08-28 15:00:00,2026-08-28 15:05:00,24108.95,False,24140.75,24151.71,-10.96,12.11,145,45.85,-0.057,,,-14.05,0.7,-15.5,False,-34.0,0.7,-50.15,False,-33.5,0.7,-50.15,False,-66.7,0.7,-66.7,True,-66.7,0.7,-66.7,True,-66.7,0.7,-66.7,True,-66.7,0.7,-66.7,True,-66.7,28.55,182,0.834,2.527,3.785,-3.409,-3.409,-3.409,-3.409,-3.409,bearish,bearish
109340,-1,2026-08-31 09:15:00,2026-08-31 09:20:00,24067.2,False,24175.65,24150.93,24.72,22.58,151,45.85,-0.218,,,0.5,9.6,-17.9,False,24.15,31.0,-17.9,False,9.65,31.0,-17.9,False,41.0,47.65,-17.9,False,55.05,57.4,-17.9,False,63.05,73.6,-17.9,False,1.2,73.6,-21.5,False,-13.2,11.4,182,1.809,2.705,4.473,2.491,1.55,5.283,9.066,9.873,bearish,bearish
109375,-1,2026-08-31 12:10:00,2026-08-31 12:15:00,24057.75,False,24088.7,24128.55,-39.85,17.56,186,45.85,-0.255,,,-12.45,5.3,-13.05,False,-7.55,5.3,-22.45,False,-6.45,5.3,-22.45,False,-16.2,5.3,-22.45,False,-16.4,5.3,-22.45,False,26.2,32.95,-22.45,False,-22.65,37.25,-56.25,True,-22.65,1.95,182,2.136,2.967,4.058,3.224,4.045,7.61,5.063,5.063,bearish,bearish
109382,-1,2026-08-31 12:45:00,2026-08-31 12:50:00,24070.6,False,24079.35,24126.39,-47.04,16.01,193,45.85,-0.206,,,-7.0,4.2,-7.85,False,8.45,8.45,-8.45,False,2.0,13.2,-8.45,False,4.6,13.2,-8.45,False,5.95,16.95,-8.45,False,-6.5,50.1,-43.4,False,-9.8,50.1,-43.4,True,-9.8,14.8,182,-0.835,-0.653,0.489,1.219,4.196,-0.838,2.027,2.027,bearish,bearish
109386,-1,2026-08-31 13:05:00,2026-08-31 13:10:00,24062.65,False,24079.05,24125.24,-46.19,15.58,197,45.85,-0.235,,,-11.5,5.1,-14.15,False,-3.35,5.1,-14.15,False,-2.35,5.1,-14.15,False,0.85,5.1,-14.15,False,30.95,37.85,-14.15,False,-5.45,42.15,-51.35,False,-17.75,42.15,-51.35,True,-17.75,6.85,182,1.106,1.316,2.849,2.126,6.343,6.366,2.124,2.124,bearish,bearish
109411,-1,2026-08-31 15:10:00,2026-08-31 15:15:00,24050.25,False,24114.0,24117.62,-3.62,19.71,222,45.85,-0.272,,,-0.0,0.0,0.0,False,-0.0,0.0,0.0,False,-30.15,0.0,-30.15,False,-30.15,0.0,-30.15,True,-30.15,0.0,-30.15,True,-30.15,0.0,-30.15,True,-30.15,0.0,-30.15,True,-30.15,-5.55,182,1.37,1.377,-5.824,-5.824,-5.824,-5.824,-5.824,-5.824,bearish,bearish
109421,-1,2026-09-01 09:45:00,2026-09-01 09:50:00,24021.35,False,24082.6,24114.73,-32.13,21.65,232,45.85,-0.234,,,-0.7,7.0,-10.0,False,3.1,7.0,-10.0,False,-11.6,7.0,-14.75,False,-28.85,7.0,-35.6,False,-48.35,7.0,-51.85,False,-89.25,7.0,-121.8,False,2.1,7.0,-121.8,False,-34.45,106.9,182,1.459,3.171,2.116,-0.577,2.098,2.554,9.916,7.747,bearish,bearish
109443,-1,2026-09-01 11:35:00,2026-09-01 11:40:00,24113.4,False,24143.15,24111.25,31.9,17.36,254,45.85,0.146,,,-5.6,9.4,-8.55,False,2.8,9.4,-12.0,False,-4.25,9.4,-12.0,False,-14.5,9.4,-15.25,False,2.35,18.75,-18.8,False,76.5,80.1,-18.8,False,57.6,160.85,-18.8,True,57.6,198.95,182,1.487,2.504,2.562,3.625,5.654,7.699,7.696,7.696,bearish,bearish
109451,-1,2026-09-01 12:15:00,2026-09-01 12:20:00,24111.65,False,24132.2,24111.44,20.76,15.68,262,45.85,0.135,,,14.0,14.65,-2.05,False,2.0,17.0,-2.05,False,3.25,17.0,-4.05,False,4.2,17.0,-7.05,False,62.6,69.85,-7.05,False,146.0,158.1,-7.05,False,55.85,159.1,-7.05,True,55.85,197.2,182,1.221,2.312,3.048,1.682,2.509,4.979,3.317,3.317,bearish,bearish
109458,-1,2026-09-01 12:50:00,2026-09-01 12:55:00,24095.1,False,24118.7,24111.33,7.37,14.72,269,45.85,0.066,,,2.85,7.65,-2.25,False,10.95,13.4,-2.25,False,20.15,24.4,-2.25,False,38.2,53.3,-2.25,False,101.3,107.25,-2.25,False,114.35,142.55,-2.25,False,39.3,142.55,-2.25,True,39.3,180.65,182,0.557,1.699,1.469,3.963,6.191,-2.131,3.237,3.237,bearish,bearish
109469,-1,2026-09-01 13:45:00,2026-09-01 13:50:00,24019.65,False,24065.65,24109.25,-43.6,15.91,280,45.85,-0.242,,,25.85,31.8,0.0,False,19.5,31.8,0.0,False,41.1,42.75,0.0,False,54.0,66.1,0.0,False,50.0,67.1,0.0,False,-36.15,67.1,-36.15,True,-36.15,67.1,-36.15,True,-36.15,105.2,182,1.049,1.613,0.728,-0.242,-4.769,-1.905,-1.905,-1.905,bearish,bearish
109490,-1,2026-09-02 09:15:00,2026-09-02 09:20:00,23824.35,False,24055.8,24099.92,-44.12,37.06,301,45.85,-0.14,,,20.95,37.55,-4.25,False,2.65,37.55,-9.6,False,-18.9,37.55,-18.9,False,-11.0,37.55,-25.6,False,-31.05,37.55,-37.85,False,-10.6,37.55,-71.7,False,-46.85,37.55,-71.7,False,-90.1,-49.1,182,1.809,2.705,4.473,2.491,1.55,5.283,9.066,9.873,bearish,bearish
109566,-1,2026-09-03 09:20:00,2026-09-03 09:25:00,23959.2,False,24025.4,24052.21,-26.81,23.11,377,45.85,-0.168,,,-23.0,3.85,-23.9,False,-34.95,3.85,-38.65,False,-46.9,3.85,-48.25,False,-46.3,3.85,-63.65,False,-41.65,3.85,-63.65,False,9.85,38.85,-63.65,False,48.2,56.05,-63.65,False,85.75,61.5,182,1.303,3.071,5.419,2.184,-0.342,3.686,9.197,8.471,bearish,bearish
109572,-1,2026-09-03 09:50:00,2026-09-03 09:55:00,24006.7,False,24022.85,24051.42,-28.57,20.85,383,45.85,0.031,,,-0.9,6.6,-4.95,False,1.65,10.35,-4.95,False,4.25,15.9,-4.95,False,5.85,18.45,-4.95,False,47.85,54.8,-4.95,False,47.8,86.35,-4.95,False,100.65,113.7,-4.95,False,133.25,109.0,182,2.164,1.109,1.248,-2.073,1.727,1.606,9.694,6.74,bearish,bearish
109669,-1,2026-09-04 11:40:00,2026-09-04 11:45:00,23981.85,False,24005.75,24029.27,-23.52,15.01,480,45.85,0.295,,,-2.3,3.75,-5.9,False,-3.4,3.75,-9.9,False,3.2,4.5,-9.9,False,29.0,35.05,-9.9,False,43.25,44.7,-9.9,False,37.5,54.6,-9.9,False,84.15,84.15,-9.9,True,84.15,202.7,182,1.357,1.415,2.305,1.846,4.711,7.888,6.55,6.55,bearish,bearish
