setup_i,time,date,sess,session_bar,hour,split,dir,atr14,net,pts,gross,charges,win,reason,exit_day,opn,traded,n_choch_since_bos,n_choch_since_bos_today,n_flip_since_bos,n_bos_since_choch,bars_since_choch,bars_since_bos,last_bos_agree,alt_dir6,alt_kind6,n_events_today,n_choch_today,n_choch_1h,n_bos_1h,n_choch_3h,n_bos_3h,range_1h_atr,range_3h_atr,range_since_choch_atr,session_range_atr,pos_in_session_range,er_1h
13,2021-10-01 10:20:00,2021-10-01,0,13,10,IS,up,29.221,-2816.29,-28.0,-2470.0,346.29,0,next_choch,2021-10-01,0,1,1,1,1,0,1,6,0,1,1,2,1,1,1,1,1,2.811295831137504,3.10388961514509,1.9489141519571522,3.10388961514509,0.8489525909591994,0.16860109957237512
31,2021-10-01 11:50:00,2021-10-01,0,31,11,IS,down,23.608,-1018.7,-0.35,-672.75,345.95,0,next_choch,2021-10-01,0,1,1,1,1,0,1,13,0,2,3,4,2,1,0,2,2,3.5263470010166045,4.712385631989156,1.6329210437139643,4.712385631989156,0.3024719101123726,0.5066225165562857
46,2021-10-01 13:05:00,2021-10-01,0,46,13,IS,up,21.511,-2237.74,-19.1,-1891.5,346.24,0,stop_loss,2021-10-01,0,1,3,3,3,0,2,13,0,4,3,8,5,3,0,5,2,2.503347093607153,4.4744133288705425,1.113373498456652,5.171724497006211,0.6031460674157173,0.294117647058815
68,2021-10-01 14:55:00,2021-10-01,0,68,14,IS,up,18.668,-2488.52,-22.95,-2141.75,346.77,0,stop_loss,2021-10-01,0,1,0,0,0,1,9,5,1,4,1,11,7,1,1,5,2,2.7614542766382186,4.797055877263898,1.9016804426897798,5.959491528147549,0.9078651685393259,0.4067622950819656
78,2021-10-04 09:30:00,2021-10-04,1,3,09,IS,up,23.416,1263.01,34.8,1612.0,348.99,1,next_choch,2021-10-05,0,1,2,1,2,0,3,9,1,3,2,1,1,2,1,5,2,2.547447001144598,2.547447001144598,2.547447001144598,2.547447001144598,0.9212070410729151,
191,2021-10-05 12:40:00,2021-10-05,2,41,12,IS,up,13.563,260.11,19.4,611.0,350.89,1,next_choch,2021-10-06,0,1,0,0,0,2,29,0,1,2,2,5,2,0,1,2,2,5.1870967741937095,7.553917050691298,5.430414746543886,8.084792626728218,0.9890560875512932,0.8422496570644751
273,2021-10-06 13:15:00,2021-10-06,3,48,13,IS,down,22.001,-3258.89,-34.75,-2908.75,350.14,0,next_choch,2021-10-06,0,1,1,1,1,0,1,11,0,1,1,4,1,1,1,1,3,7.317749405716935,7.317749405716935,3.308895383454581,7.317749405716935,0.015217391304352346,0.6436913212731755
288,2021-10-06 14:30:00,2021-10-06,3,63,14,IS,down,26.752,-9228.45,-126.6,-8879.0,349.45,0,stop_loss,2021-10-07,0,1,0,0,0,1,3,0,1,3,4,8,3,2,2,3,5,4.027706132579751,7.99747310501569,3.2165578905659826,7.99747310501569,0.0018695956999366854,0.3673751035053827
302,2021-10-07 09:25:00,2021-10-07,4,2,09,IS,up,34.507,22136.46,356.05,22493.25,356.79,1,next_choch,2021-10-21,0,1,1,1,1,0,2,3,0,3,3,1,1,1,1,4,3,1.473596967606906,1.473596967606906,1.473596967606906,1.473596967606906,0.9311701081612567,
1025,2021-10-21 13:25:00,2021-10-21,13,50,13,IS,down,23.254,-2957.39,-30.0,-2600.0,357.39,0,stop_loss,2021-10-21,0,1,0,0,0,3,26,0,1,1,2,4,1,0,2,1,3,2.872636417977168,5.36039116019239,3.601546407269318,10.226241619685268,0.011774600504622713,0.1347171347171264
1047,2021-10-21 15:15:00,2021-10-21,13,72,15,IS,up,28.947,-3744.56,-42.1,-3386.5,358.06,0,stop_loss,2021-10-22,0,1,0,0,0,1,4,0,1,1,2,8,2,1,1,1,6,5.266466993467464,5.266466993467464,2.6910972698663245,9.966387193278821,0.4596187175043277,0.5225512528473671
1087,2021-10-22 12:20:00,2021-10-22,14,37,12,IS,down,31.295,-2502.73,-23.0,-2145.0,357.73,0,next_choch,2021-10-22,0,1,0,0,0,1,3,0,1,2,4,2,1,1,1,1,1,3.7833640625150253,5.636701187733511,1.5641526255076939,5.636701187733511,0.05612244897959962,0.47126939043039456
1095,2021-10-22 13:00:00,2021-10-22,14,45,13,IS,down,30.665,-3226.87,-34.15,-2869.75,357.12,0,next_choch,2021-10-22,0,1,2,2,2,0,1,8,1,3,4,4,3,3,1,3,1,2.788185918193647,6.161727827399902,2.378925879909106,6.944376506191101,0.04367222352664588,0.3917206420726495
1133,2021-10-25 09:55:00,2021-10-25,15,8,09,IS,down,40.876,-6286.52,-81.25,-5931.25,355.27,0,stop_loss,2021-10-25,0,1,4,1,4,0,2,32,1,4,2,1,1,1,0,4,1,5.702668584681379,5.702668584681379,2.169998727847438,5.702668584681379,0.031960531960534784,0.665858259229317
1149,2021-10-25 11:15:00,2021-10-25,15,24,11,IS,up,30.179,-2983.09,-30.4,-2626.0,357.09,0,stop_loss,2021-10-25,0,1,5,2,5,0,1,48,0,5,1,2,2,1,0,3,0,4.140351109726784,7.879755853485679,1.1779870504264371,7.879755853485679,0.6602186711522207,0.9623567921440372
1252,2021-10-26 13:35:00,2021-10-26,16,52,13,IS,up,23.539,1973.86,45.9,2333.5,359.64,1,next_choch,2021-10-27,0,1,1,1,1,0,2,11,0,2,3,5,2,1,1,2,1,4.671050954602259,5.3146746195611545,2.6275989226208094,7.515315269387367,0.6811758055398475,0.6675173168064217
1338,2021-10-27 14:30:00,2021-10-27,17,63,14,IS,down,22.327,13925.28,229.75,14283.75,358.47,1,next_choch,2021-11-01,0,1,1,1,1,0,3,12,0,1,1,5,1,1,0,1,2,5.582851486744992,6.254674770348473,5.582851486744992,6.254674770348473,0.1761546723952877,0.7556840077071023
1562,2021-11-01 14:25:00,2021-11-01,20,62,14,IS,up,24.387,-2925.74,-29.55,-2570.75,354.99,0,stop_loss,2021-11-01,0,1,0,0,0,1,5,0,1,1,2,3,1,1,1,1,1,5.4454795958535325,9.630051830468531,2.3844475790579263,12.287183440493433,0.9679626230602298,0.7629720601780848
1579,2021-11-02 09:35:00,2021-11-02,21,4,09,IS,down,27.19,-1596.17,-9.1,-1241.5,354.67,0,next_choch,2021-11-03,0,1,1,1,1,0,3,4,0,2,3,2,1,1,1,2,2,3.1941890400882142,3.1941890400882142,2.9735196763515463,3.1941890400882142,0.2746113989637184,
1654,2021-11-03 09:35:00,2021-11-03,22,4,09,IS,up,26.027,-5391.8,-67.5,-5037.5,354.3,0,stop_loss,2021-11-03,0,1,1,1,1,0,4,23,0,1,1,1,1,1,0,1,2,2.670324434813346,2.670324434813346,2.670324434813346,2.670324434813346,0.9712230215827338,
1693,2021-11-03 12:50:00,2021-11-03,22,43,12,IS,down,21.06,-3320.43,-35.65,-2967.25,353.18,0,stop_loss,2021-11-03,0,1,0,0,0,1,7,1,1,2,4,4,2,1,1,1,2,4.603470052516156,6.79005897379892,2.248316730135447,7.017977037255073,0.07916102841678474,0.6223832528180259
1742,2021-11-08 10:40:00,2021-11-08,23,17,10,IS,up,30.069,-1254.04,-3.85,-900.25,353.79,0,next_choch,2021-11-08,0,1,0,0,0,1,2,0,1,3,2,4,3,2,1,3,2,2.482639812696265,5.254616080455489,1.4184137710850269,5.254616080455489,0.48449367088607137,0.35810113519093406
1753,2021-11-08 11:35:00,2021-11-08,23,28,11,IS,down,25.508,-3363.0,-36.3,-3009.5,353.5,0,stop_loss,2021-11-08,0,1,1,1,1,0,1,6,0,3,2,6,4,1,2,4,2,3.1951261584782573,6.194232307233922,1.7720208878922645,6.194232307233922,0.3189873417721611,0.019957234497499227
1759,2021-11-08 12:05:00,2021-11-08,23,34,12,IS,up,27.718,-219.36,12.1,136.5,355.86,0,next_choch,2021-11-09,0,1,2,2,2,0,1,12,1,3,2,7,5,2,0,5,2,5.2854122621564485,6.782645087272439,2.8375267878403574,6.782645087272439,0.9787234042553191,0.32109665427509054
1851,2021-11-09 13:30:00,2021-11-09,24,51,13,IS,down,20.204,-3339.25,-35.9,-2983.5,355.75,0,stop_loss,2021-11-09,0,1,1,1,1,0,32,0,1,1,2,7,2,1,2,2,4,3.6403682439120604,3.7344090279153,3.7344090279153,5.771134428825903,0.08490566037734083,0.0799689440994042
1882,2021-11-10 09:50:00,2021-11-10,25,7,09,IS,down,24.397,-4286.71,-50.5,-3932.5,354.21,0,stop_loss,2021-11-10,0,1,3,1,3,0,7,25,0,4,3,1,1,2,0,4,3,2.735980915764579,2.735980915764579,2.735980915764579,2.735980915764579,0.24344569288389514,0.010406811731302278
1926,2021-11-10 13:30:00,2021-11-10,25,51,13,IS,up,16.532,-137.68,13.35,217.75,355.43,0,next_choch,2021-11-10,0,1,0,0,0,1,14,0,1,2,3,5,2,0,1,1,3,4.551668239336092,5.5890251869058005,4.551668239336092,6.6052115845249775,0.7765567765567647,0.25472473294988285
1950,2021-11-11 09:15:00,2021-11-11,26,0,09,IS,down,20.39,2437.54,52.95,2791.75,354.21,1,next_choch,2021-11-11,0,1,0,0,0,1,3,0,1,2,4,1,0,1,1,1,2,1.912749209151769,1.912749209151769,4.102601829373032,1.912749209151769,0.3064102564102751,
2024,2021-11-11 15:25:00,2021-11-11,26,74,15,IS,up,18.975,3639.65,71.45,3994.25,354.6,1,stop_loss,2021-11-12,0,1,1,1,1,0,2,8,0,1,1,7,1,1,1,1,3,4.165920086006054,5.5387501712745015,1.0908860946278196,9.375296436438834,0.5907813378302491,0.6984383414108849
2065,2021-11-12 12:35:00,2021-11-12,27,40,12,IS,up,16.761,6751.01,119.35,7107.75,356.74,1,next_choch,2021-11-15,0,1,0,0,0,1,8,1,1,3,4,4,2,1,1,1,2,2.2283341486989263,4.939921486271987,1.9031823117401565,16.725929814931842,0.9247369359728959,0.5408284023669622
2142,2021-11-15 12:45:00,2021-11-15,28,42,12,IS,up,19.611,-2859.65,-28.5,-2502.5,357.15,0,stop_loss,2021-11-15,0,1,0,0,0,2,8,0,1,2,2,5,2,1,2,2,2,2.728005139867628,6.544662798168338,2.233394862171965,15.807132586148873,0.14677419354838708,0.341269841269836
2175,2021-11-16 09:15:00,2021-11-16,29,0,09,IS,down,21.412,-1214.83,-3.2,-858.0,356.83,0,next_choch,2021-11-16,0,1,3,0,3,0,10,33,0,3,2,0,0,1,0,3,1,3.1266929442753133,3.1266929442753133,3.264463581849837,3.1266929442753133,0.13442867811799705,
2219,2021-11-16 12:55:00,2021-11-16,29,44,12,IS,up,15.39,-2218.87,-18.65,-1862.25,356.62,0,stop_loss,2021-11-16,0,1,1,1,1,0,1,23,0,2,2,4,1,1,0,1,2,3.8726445743988656,5.458089668615984,1.3775178687459861,8.443794671864895,0.5848403232012279,0.39419876367096135
2235,2021-11-16 14:15:00,2021-11-16,29,60,14,IS,down,17.817,3599.24,70.85,3955.25,356.01,1,next_choch,2021-11-17,0,1,2,2,2,0,2,39,1,2,2,5,2,1,0,2,0,4.520988499683049,6.398419478135927,3.5892888212876946,7.293636940208494,0.2797229703732077,0.6217372700042605
2305,2021-11-17 13:50:00,2021-11-17,30,55,13,IS,up,19.362,-2786.02,-27.4,-2431.0,355.02,0,stop_loss,2021-11-17,0,1,0,0,0,1,4,0,1,1,2,6,1,1,1,1,5,4.421145055909849,4.493453503086021,2.0323838545566484,6.058414895540081,0.9249786871270305,0.6562235393734205
2308,2021-11-17 14:05:00,2021-11-17,30,58,14,IS,down,20.865,24018.14,384.95,24371.75,353.61,1,next_choch,2021-11-24,0,1,1,1,1,0,1,3,0,2,3,7,2,2,1,2,5,2.7798013879835897,4.169702081975385,2.060887235918868,5.621908669146087,0.5426257459505699,0.03866082104423003
2595,2021-11-24 13:00:00,2021-11-24,34,45,13,IS,down,18.178,-3402.61,-37.0,-3055.0,347.61,0,stop_loss,2021-11-24,0,1,2,2,2,0,1,17,1,2,1,4,2,2,0,2,2,2.907440517122737,5.41053500206291,2.0354834273139875,6.037683949938111,0.571753986332574,0.01693480101608827
2660,2021-11-25 12:10:00,2021-11-25,35,35,12,IS,up,23.801,-3329.88,-35.9,-2983.5,346.38,0,stop_loss,2021-11-25,0,1,1,1,1,0,1,40,0,2,2,1,1,1,0,1,0,2.7036792726326393,8.75807217374136,1.8003520875261938,8.75807217374136,0.9666586711441559,0.38104575163397314
2669,2021-11-25 12:55:00,2021-11-25,35,44,12,IS,down,24.704,-2903.71,-29.35,-2557.75,345.96,0,stop_loss,2021-11-25,0,1,2,2,2,0,1,49,1,2,2,2,2,2,0,2,0,4.007480630510286,8.043296982650471,1.8620617071057892,9.08767072272282,0.6331848552338595,0.14834092387767836
2690,2021-11-25 14:40:00,2021-11-25,35,65,14,IS,up,24.939,-3002.01,-30.85,-2655.25,346.76,0,stop_loss,2021-11-25,0,1,3,3,3,0,4,70,0,3,1,3,3,1,0,3,0,2.810881036777974,4.090012350233371,1.553803711485717,9.122331467432273,0.9652747252747189,0.3979871912168238
2701,2021-11-26 09:20:00,2021-11-26,36,1,09,IS,down,34.405,7843.47,135.95,8186.75,343.28,1,next_choch,2021-11-29,0,1,1,1,1,0,1,10,0,4,3,1,1,1,1,3,1,3.428300702227617,3.428300702227617,3.428300702227617,3.428300702227617,0.18651971174226253,
2819,2021-11-29 12:55:00,2021-11-29,37,44,12,IS,down,35.053,-4344.33,-51.6,-4004.0,340.33,0,stop_loss,2021-11-29,0,1,2,2,2,0,1,26,1,2,1,4,2,2,0,2,1,2.440583001218131,5.644293942618443,1.7887148354924594,10.20594469533365,0.7833682739343116,0.25610519724484787
2832,2021-11-29 14:00:00,2021-11-29,37,57,14,IS,up,32.55,-2476.16,-22.85,-2135.25,340.91,0,next_choch,2021-11-29,0,1,0,0,0,1,9,0,1,3,2,6,3,1,1,3,1,2.3425355297356085,3.7542012030647154,2.2703393527535263,10.990715878857888,0.9547169811320836,0.28473413379075185
2835,2021-11-29 14:15:00,2021-11-29,37,60,14,IS,down,33.422,-5484.91,-69.15,-5144.75,340.16,0,stop_loss,2021-11-30,0,1,1,1,1,0,1,3,0,4,3,7,4,1,1,4,1,2.4804243949289777,3.2359215719127934,1.7234311839313543,10.704123368948917,0.7470300489168413,0.3381759483454476
2851,2021-11-30 09:20:00,2021-11-30,38,1,09,IS,up,37.199,-10456.77,-145.65,-10117.25,339.52,0,stop_loss,2021-11-30,0,1,2,1,2,0,1,19,1,4,2,1,1,1,0,4,1,4.113024847508932,4.113024847508932,4.113024847508932,4.113024847508932,0.951960784313735,
2878,2021-11-30 11:35:00,2021-11-30,38,28,11,IS,down,39.222,-7644.59,-102.4,-7306.0,338.59,0,stop_loss,2021-11-30,0,1,1,1,1,0,1,15,0,3,3,4,2,1,0,2,2,8.352476550090602,8.847098177293809,3.1347283023005192,8.847098177293809,0.05922190201728897,0.8993879683534934
2906,2021-11-30 13:55:00,2021-11-30,38,56,13,IS,up,33.42,-3447.49,-37.8,-3107.0,340.49,0,stop_loss,2021-11-30,0,1,0,0,0,1,4,0,1,2,3,6,3,1,1,2,1,2.8441393673173607,7.380399526026686,2.236711390920298,10.383128463536368,0.5178674351585035,0.3185393258426812
2917,2021-11-30 14:50:00,2021-11-30,38,67,14,IS,down,34.769,-7658.83,-102.6,-7319.0,339.83,0,stop_loss,2021-12-01,0,1,1,1,1,0,3,11,0,3,3,7,4,1,1,2,1,3.1867101531806497,4.457942903817725,1.6264301368444458,9.980039920159681,0.26714697406340265,0.2848914488258709
2927,2021-12-01 09:25:00,2021-12-01,39,2,09,IS,up,46.057,-7337.45,-97.65,-6997.25,340.2,0,stop_loss,2021-12-01,0,1,1,1,1,0,2,5,0,3,4,1,1,1,1,3,2,2.328656479201678,2.328656479201678,2.328656479201678,2.328656479201678,0.9104895104895241,
3135,2021-12-03 14:15:00,2021-12-03,41,60,14,IS,down,23.063,-2597.92,-24.7,-2255.5,342.42,0,next_choch,2021-12-03,0,1,1,1,1,0,1,37,0,1,1,3,1,1,0,1,0,3.50781344849721,8.12347156459763,2.1961773938984623,11.314757965208072,0.008622341444721187,0.4333656018070521
3150,2021-12-06 09:15:00,2021-12-06,42,0,09,IS,down,29.611,1794.35,42.85,2135.25,340.9,1,next_choch,2021-12-07,0,1,0,0,0,1,5,0,1,3,4,1,0,2,1,3,2,3.1187734287933044,3.1187734287933044,3.1187734287933044,3.1187734287933044,0.1613427179209318,
3241,2021-12-07 10:35:00,2021-12-07,43,16,10,IS,up,23.823,14930.62,245.0,15275.0,344.38,1,next_choch,2021-12-13,0,1,0,0,0,1,4,1,1,1,2,2,1,1,1,1,2,3.7484311577321057,6.397098638727694,1.825943509085643,6.397098638727694,1.0,0.6184850590687915
3611,2021-12-14 10:10:00,2021-12-14,48,11,10,IS,down,34.469,-3054.05,-31.7,-2710.5,343.55,0,stop_loss,2021-12-14,0,1,5,3,5,0,1,33,0,5,1,3,3,3,0,5,1,4.585213014404018,4.585213014404018,1.2474796559277044,4.585213014404018,0.5776652957924688,0.07087868330235544
3632,2021-12-14 11:55:00,2021-12-14,48,32,11,IS,up,25.657,-3505.82,-38.65,-3162.25,343.57,0,stop_loss,2021-12-14,0,1,1,1,1,0,1,14,0,3,2,6,4,1,0,4,2,3.537032634241594,6.160088240681888,1.7402590316131386,6.160088240681888,0.8225245175577387,0.4530487804878105
3661,2021-12-14 14:20:00,2021-12-14,48,61,14,IS,down,25.379,-4656.05,-56.35,-4312.75,343.3,0,stop_loss,2021-12-14,0,1,0,0,0,1,5,0,1,2,4,10,5,1,2,2,3,4.834648709775318,5.065151521121515,2.287297127974344,7.644024854901435,0.37628865979381443,0.3703051643192371
3733,2021-12-15 14:05:00,2021-12-15,49,58,14,IS,up,20.662,-3703.29,-41.7,-3360.5,342.79,0,stop_loss,2021-12-15,0,1,1,1,1,0,1,18,0,1,1,7,1,1,0,1,2,3.0612343671351687,4.718898826809153,2.223932318891118,7.864831378015255,0.6153846153846154,0.40518638573743443
3746,2021-12-15 15:10:00,2021-12-15,49,71,15,IS,down,22.179,-8022.42,-108.15,-7679.75,342.67,0,stop_loss,2021-12-16,0,1,1,1,1,0,2,8,0,2,3,9,2,1,1,2,2,4.396070138735465,5.500723660776685,2.276938892370677,7.326783564559109,0.2520000000000045,0.418081052996184
3775,2021-12-16 11:20:00,2021-12-16,50,25,11,IS,down,22.32,-3254.92,-34.8,-2912.0,342.92,0,next_choch,2021-12-16,0,1,1,1,1,0,1,4,0,2,4,4,2,1,2,3,3,2.423845984972986,5.689989650491266,2.3409603089619577,5.689989650491266,0.08661417322834646,0.23965141612201576
3794,2021-12-16 12:55:00,2021-12-16,50,44,12,IS,up,24.984,-2930.19,-29.8,-2587.0,343.19,0,next_choch,2021-12-16,0,1,1,1,1,0,1,5,0,2,3,7,3,1,2,2,4,3.832468109462494,4.070621480233154,2.193412557687267,6.578236384231388,0.5792515972010827,0.38936309914641865
3809,2021-12-16 14:10:00,2021-12-16,50,59,14,IS,down,21.862,-813.87,2.75,-471.25,342.62,0,next_choch,2021-12-16,0,1,1,1,1,0,2,4,0,2,3,10,4,1,2,3,4,2.694147889965395,4.743346964166327,2.2733302229419143,7.517541692967704,0.22573775479159644,0.28489283847359737
3815,2021-12-16 14:40:00,2021-12-16,50,65,14,IS,down,21.769,-2782.97,-27.55,-2440.75,342.22,0,stop_loss,2021-12-16,0,1,3,3,3,0,1,10,0,3,2,12,6,3,1,4,4,3.899987597212655,4.763589091059294,1.4217269273702289,7.549622633708871,0.053240036507454076,0.509594882729211
3823,2021-12-16 15:20:00,2021-12-16,50,73,15,IS,up,22.612,-7391.54,-98.45,-7049.25,342.29,0,stop_loss,2021-12-17,0,1,4,4,4,0,1,18,1,4,1,13,7,3,0,5,3,4.612615481228879,4.70327570880813,1.8950198789132513,7.38549171011724,0.6161676646706674,0.27829099307159655
3826,2021-12-17 09:20:00,2021-12-17,51,1,09,IS,down,28.905,22380.2,359.55,22720.75,340.55,1,next_choch,2021-12-21,0,1,5,1,5,0,1,21,0,5,1,1,1,2,0,6,2,3.5218698430380546,3.5218698430380546,3.5218698430380546,3.5218698430380546,0.0,
3988,2021-12-21 10:20:00,2021-12-21,53,13,10,IS,up,36.684,-433.47,8.5,-97.5,335.97,0,next_choch,2021-12-21,0,1,0,0,0,1,5,1,1,1,2,2,1,1,1,1,2,3.415620808845157,3.9717154975957283,1.4542966492568654,3.9717154975957283,0.9619080301990443,0.21704260651628313
4031,2021-12-21 13:55:00,2021-12-21,53,56,13,IS,down,22.603,-4232.57,-49.95,-3896.75,335.82,0,stop_loss,2021-12-22,0,1,1,1,1,0,3,23,0,2,3,5,2,1,0,1,2,3.581462227629719,4.021679017807829,1.5440769826347287,9.675920805220693,0.5960219478738077,0.6127470754336335
4096,2021-12-22 13:05:00,2021-12-22,54,46,13,IS,up,18.456,-1051.77,-1.0,-715.0,336.77,0,next_choch,2021-12-24,0,1,0,0,0,4,46,0,1,1,1,5,1,0,2,0,4,3.03422716608601,5.840887294715529,5.840887294715529,5.840887294715529,0.9179035250463952,0.20455984800507362
4235,2021-12-24 12:10:00,2021-12-24,56,35,12,IS,up,21.632,-2739.27,-26.95,-2401.75,337.52,0,stop_loss,2021-12-24,0,1,4,4,4,0,1,35,1,4,1,5,4,2,0,4,1,3.129593846210775,11.094571980658463,1.340594114329564,11.094571980658463,0.32062500000000305,0.2111827956989251
4253,2021-12-24 13:40:00,2021-12-24,56,53,13,IS,up,19.736,-825.53,2.5,-487.5,338.03,0,next_choch,2021-12-24,0,1,2,2,2,0,2,9,1,4,2,8,6,2,1,5,1,3.6380034555967447,4.142155745056014,2.1863488733843797,12.160457233191968,0.3416666666666667,0.4798850574712437
4270,2021-12-24 15:05:00,2021-12-24,56,70,15,IS,down,25.478,1869.14,43.95,2206.75,337.61,1,next_choch,2021-12-27,0,1,1,1,1,0,1,12,0,3,3,11,7,1,0,3,3,3.8817041819573936,5.469317267500134,2.078222815314902,9.419706811625488,0.2760416666666667,0.3752357008170956
4285,2021-12-27 10:05:00,2021-12-27,57,10,10,IS,up,36.884,54353.92,851.6,54704.0,350.08,1,next_choch,2022-01-20,0,1,1,1,1,0,3,10,0,2,4,2,1,1,1,3,3,4.2700979275791395,4.2700979275791395,1.7175282775374463,4.2700979275791395,0.9466666666666574,0.4680040120361005
5650,2022-01-20 11:20:00,2022-01-20,75,25,11,IS,down,18.645,-2233.95,-18.95,-1881.75,352.2,0,next_choch,2022-01-20,0,1,0,0,0,1,3,0,1,1,2,2,1,1,1,1,1,3.1832273151474713,7.618827971637861,2.003260997822348,7.618827971637861,0.01689545934528567,0.4895397489539538
5663,2022-01-20 12:25:00,2022-01-20,75,38,12,IS,up,17.671,-2107.31,-17.0,-1755.0,352.31,0,stop_loss,2022-01-20,0,1,1,1,1,0,1,13,0,2,3,3,2,1,0,2,1,2.996400923536643,8.332767440807642,1.2789171080627544,9.232536556657243,0.29022372050261575,0.31991294885748983
5674,2022-01-20 13:20:00,2022-01-20,75,49,13,IS,down,17.872,-3572.2,-39.55,-3220.75,351.45,0,stop_loss,2022-01-20,0,1,2,2,2,0,2,24,1,3,3,4,3,1,0,3,1,4.926673418344754,5.9310321674565385,2.330448016741259,10.558356320745784,0.011128775834650433,0.5362082994304367
6003,2022-01-28 11:50:00,2022-01-28,80,31,11,IS,up,26.366,-2242.15,-19.2,-1898.0,344.15,0,stop_loss,2022-01-28,0,1,1,1,1,0,1,45,0,1,1,1,1,1,0,1,0,2.364779015478154,7.775135495958826,0.8116482907977083,7.775135495958826,0.9648780487804842,0.3231597845601183
6021,2022-01-28 13:20:00,2022-01-28,80,49,13,IS,down,23.459,-1907.17,-14.05,-1563.25,343.92,0,next_choch,2022-01-31,0,1,1,1,1,0,9,13,0,2,3,3,2,1,0,2,1,2.4852187035086883,4.431191839275012,2.365860000767306,9.16504324621569,0.7718604651162825,0.38999557326249656
6079,2022-01-31 11:55:00,2022-01-31,81,32,11,IS,up,25.601,-2570.17,-24.25,-2226.25,343.92,0,stop_loss,2022-01-31,0,1,0,0,0,1,27,2,1,2,4,2,1,0,1,1,1,2.427677476309206,4.062404787387796,3.906158449411342,4.062404787387796,0.9375,0.3535699016673536
6197,2022-02-02 09:15:00,2022-02-02,83,0,09,IS,up,47.37,-5883.9,-75.15,-5534.75,349.15,0,next_choch,2022-02-03,0,1,0,0,0,2,12,0,1,2,2,1,0,0,2,2,2,0.9151438897520466,0.9151438897520466,4.140841383503298,0.9151438897520466,0.7600922722030411,
6313,2022-02-03 12:40:00,2022-02-03,84,41,12,IS,up,16.342,-2292.83,-19.9,-1943.5,349.33,0,stop_loss,2022-02-03,0,1,2,2,2,0,1,46,1,2,1,2,2,2,0,2,0,3.59498721102422,6.308820109899435,1.9397633121611981,9.16951206079956,0.3133133133132969,0.1254901960784243
6324,2022-02-03 13:35:00,2022-02-03,84,52,13,IS,down,17.724,8.69,15.5,357.5,348.81,1,next_choch,2022-02-03,0,1,0,0,0,1,4,0,1,3,4,5,3,1,2,3,2,3.8026889637391297,5.306274436790129,2.129844337999244,8.454494676799566,0.01401401401400444,0.4827391058291133
6340,2022-02-03 14:55:00,2022-02-03,84,68,14,IS,down,19.382,243.39,19.1,591.5,348.11,1,next_choch,2022-02-04,0,1,0,0,0,1,3,0,1,3,4,8,5,2,1,5,3,2.9048319273533667,6.403013182674313,2.130898021308943,10.548719139385534,0.08094888725849457,0.05799812909261396
6353,2022-02-04 09:45:00,2022-02-04,85,6,09,IS,up,32.025,-4507.68,-54.0,-4160.0,347.68,0,stop_loss,2022-02-04,0,1,0,0,0,1,4,0,1,2,3,3,1,1,2,4,4,4.2279601185328115,4.2279601185328115,2.1030510633913666,4.2279601185328115,0.9235598227473998,0.9861591695501588
6378,2022-02-04 11:50:00,2022-02-04,85,31,11,IS,down,24.157,-2456.59,-22.45,-2109.25,347.34,0,stop_loss,2022-02-04,0,1,1,1,1,0,1,8,0,2,3,5,2,1,1,2,3,2.303718238493888,5.940405520644461,0.9686793671295404,5.940405520644461,0.3888501742160228,0.13072439633639796
6411,2022-02-04 14:35:00,2022-02-04,85,64,14,IS,down,26.422,-4396.37,-52.3,-4049.5,346.87,0,stop_loss,2022-02-04,0,1,2,2,2,0,1,17,1,3,3,8,4,2,0,3,1,3.0258760658691295,4.428111315906003,1.97940360531522,5.941995526472158,0.23598726114649218,0.08228530362918367
6426,2022-02-07 09:35:00,2022-02-07,86,4,09,IS,down,36.035,12245.67,203.7,12590.5,344.83,1,next_choch,2022-02-08,0,1,2,1,2,0,4,12,1,4,3,1,1,2,0,4,2,3.1233176265560885,3.1233176265560885,3.1233176265560885,3.1233176265560885,0.12172367836517829,
6543,2022-02-08 13:05:00,2022-02-08,87,46,13,IS,down,34.47,-6375.97,-82.85,-6035.25,340.72,0,stop_loss,2022-02-08,0,1,2,2,2,0,1,35,1,2,1,4,2,2,0,2,1,3.9919348989686116,6.887248146912425,2.403574174269965,7.421053395030369,0.390148553557465,0.2258422806368024
6566,2022-02-08 15:00:00,2022-02-08,87,69,15,IS,up,33.345,1272.13,34.85,1615.25,343.12,1,next_choch,2022-02-11,0,1,3,3,3,0,1,58,0,3,1,5,3,1,0,3,0,4.168491006255736,4.61982762240067,2.361645084479419,7.671223017267728,0.8745113369820225,0.3870034201526008
6743,2022-02-11 11:00:00,2022-02-11,90,21,11,IS,down,28.321,-2923.53,-29.7,-2580.5,343.03,0,stop_loss,2022-02-11,0,1,1,1,1,0,1,3,0,1,1,2,1,1,1,1,1,2.2244898679782916,6.646987581697038,1.2711370674161666,6.646987581697038,0.033466135458163467,0.35405405405406387
6752,2022-02-11 11:45:00,2022-02-11,90,30,11,IS,up,23.355,1430.43,37.3,1774.5,344.07,1,next_choch,2022-02-11,0,1,1,1,1,0,1,2,0,2,3,4,2,2,1,2,2,2.427756059756228,8.176014455210714,1.3209219478568601,8.176014455210714,0.22649908352971895,0.04938830992297798
6796,2022-02-11 15:25:00,2022-02-11,90,74,15,IS,down,22.3,14142.26,232.85,14485.25,342.99,1,next_choch,2022-02-15,0,1,0,0,0,1,7,0,1,1,3,9,3,1,1,1,3,2.5650224215246964,5.199551569506759,2.4753363228699876,8.562780269058328,0.2524221000261877,0.2929484145764244
6915,2022-02-15 12:50:00,2022-02-15,92,43,12,IS,up,28.619,-1103.44,-1.75,-763.75,339.69,0,next_choch,2022-02-15,0,1,1,1,1,0,1,24,0,1,1,4,1,1,0,1,2,3.244314151638878,9.708483436002927,1.8466559279925976,9.708483436002927,0.9559114630196147,0.4113545816732936
6921,2022-02-15 13:20:00,2022-02-15,92,49,13,IS,down,27.693,-3625.04,-40.55,-3285.75,339.29,0,stop_loss,2022-02-15,0,1,1,1,1,0,2,4,0,2,3,6,2,2,1,2,2,3.5388387553398553,9.497087680146754,1.4949788211332886,10.39985266875386,0.8125,0.05275498241500631
6925,2022-02-15 13:40:00,2022-02-15,92,53,13,IS,up,30.75,7008.79,123.1,7351.5,342.71,1,next_choch,2022-02-16,0,1,2,2,2,0,1,8,1,3,3,7,3,3,1,3,2,4.0699319347380465,10.502473178774588,2.754480502375641,11.315483952793366,0.96852996120132,0.4839029222387409
7023,2022-02-17 09:20:00,2022-02-17,94,1,09,IS,up,42.366,-4696.03,-56.95,-4351.75,344.28,0,stop_loss,2022-02-17,0,1,1,1,1,0,1,4,0,2,3,1,1,2,1,2,2,1.8151304934842114,1.8151304934842114,1.8151304934842114,1.8151304934842114,0.7405721716514909,
7036,2022-02-17 10:25:00,2022-02-17,94,14,10,IS,down,43.149,-7167.24,-95.0,-6825.0,342.24,0,stop_loss,2022-02-17,0,1,0,0,0,1,10,0,1,3,4,3,2,1,1,3,2,3.171597687989843,4.745229277427309,2.3592885980077978,4.745229277427309,0.0124542124542089,0.47521636506687226
7042,2022-02-17 10:55:00,2022-02-17,94,20,10,IS,up,42.003,-4763.37,-58.0,-4420.0,343.37,0,stop_loss,2022-02-17,0,1,1,1,1,0,2,6,0,3,4,4,3,1,1,4,2,3.570017094179901,5.227057372638906,1.4380062186626021,5.227057372638906,0.6720564791619265,0.21312771846580741
7093,2022-02-17 15:10:00,2022-02-17,94,71,15,IS,down,30.441,-3813.78,-43.4,-3471.0,342.78,0,next_choch,2022-02-18,0,1,0,0,0,2,11,0,1,1,2,12,4,1,2,1,5,3.1208115424036165,4.955520222858747,3.1208115424036165,7.212359727733927,0.260760646777496,0.36041666666665856
7120,2022-02-18 11:10:00,2022-02-18,95,23,11,IS,up,28.392,-2796.99,-27.75,-2453.75,343.24,0,stop_loss,2022-02-18,0,1,1,1,1,0,1,27,0,2,3,1,1,1,0,1,2,2.817665352930196,4.096181006822246,1.091845324260451,4.096181006822246,0.9720550300945828,0.1997393287716001
7156,2022-02-18 14:10:00,2022-02-18,95,59,14,IS,down,24.755,739.04,26.65,1082.25,343.21,1,next_choch,2022-02-18,0,1,3,3,3,0,1,18,0,3,1,7,4,3,0,3,3,2.7044932155394537,3.7164059123170583,2.0945178973222562,6.838994792992122,0.5431187241583055,0.3777624309392368
7173,2022-02-21 09:20:00,2022-02-21,96,1,09,IS,down,34.079,-6993.53,-92.35,-6652.75,340.78,0,stop_loss,2022-02-21,0,1,2,1,2,0,1,11,1,4,2,1,1,2,1,5,2,3.2292424704805063,3.2292424704805063,3.2292424704805063,3.2292424704805063,0.16083598364380594,
7199,2022-02-21 11:30:00,2022-02-21,96,27,11,IS,up,29.033,-1885.88,-13.75,-1543.75,342.13,0,next_choch,2022-02-21,0,1,0,0,0,1,3,0,1,3,4,4,2,1,1,3,2,3.945537461078479,6.0224986911354925,1.7859111074370555,6.0224986911354925,0.9951386903059848,0.5970715835140872
7231,2022-02-21 14:10:00,2022-02-21,96,59,14,IS,down,27.783,1757.8,42.3,2099.5,341.7,1,next_choch,2022-02-23,0,1,1,1,1,0,1,16,0,2,3,7,3,1,0,2,3,4.778136112990771,5.399023856486747,2.708510301337518,9.82622341880588,0.5274725274725275,0.6704264099037058
7392,2022-02-23 15:05:00,2022-02-23,98,70,15,IS,down,26.401,22434.28,360.35,22772.75,338.47,1,next_choch,2022-02-25,0,1,3,3,3,0,1,23,0,3,1,8,4,3,0,3,1,3.5964410573802126,3.924078920953996,3.0604785406668387,5.4410611679059375,0.07901148625129432,0.35617730273499165
7486,2022-02-25 10:40:00,2022-02-25,100,17,10,IS,up,45.104,-3677.25,-41.45,-3344.25,333.0,0,next_choch,2022-02-25,0,1,1,1,1,0,1,28,0,1,1,1,1,1,0,1,1,3.096177722596698,6.654620432777613,1.8468428520751878,6.654620432777613,0.9833416625020823,0.48323205041639145
7503,2022-02-25 12:05:00,2022-02-25,100,34,12,IS,down,32.278,-1349.73,-5.65,-1017.25,332.48,0,next_choch,2022-02-25,0,1,2,2,2,0,3,45,1,2,1,2,2,1,0,2,0,2.509441385955183,9.724859889522662,1.5800186504162264,9.724859889522662,0.727938834023571,0.4216589861751358
7530,2022-02-25 14:20:00,2022-02-25,100,61,14,IS,up,34.425,-4492.4,-54.0,-4160.0,332.4,0,stop_loss,2022-02-25,0,1,1,1,1,0,1,6,0,2,2,6,3,1,2,2,3,3.10384894698616,3.9724037763253452,1.7676107480028627,9.118373275236063,0.8606244026760121,0.3147128245476039
7545,2022-02-28 09:20:00,2022-02-28,101,1,09,IS,down,49.148,-9382.82,-129.3,-9054.5,328.32,0,stop_loss,2022-02-28,0,1,2,1,2,0,1,21,1,2,2,1,1,1,0,2,2,2.7061176571125114,2.7061176571125114,2.7061176571125114,2.7061176571125114,0.02781954887218592,
7574,2022-02-28 11:45:00,2022-02-28,101,30,11,IS,up,36.976,122.9,17.0,455.0,332.1,1,next_choch,2022-02-28,0,1,3,2,3,0,5,50,0,3,1,2,2,1,0,2,0,2.662573866479175,7.853849170396605,1.6713769928736402,7.853849170396605,0.9509297520661156,0.44544867656552195
7611,2022-02-28 14:50:00,2022-02-28,101,67,14,IS,up,35.793,-10081.62,-140.0,-9750.0,331.62,0,stop_loss,2022-03-02,0,1,0,0,0,1,3,0,1,2,2,8,4,2,1,2,3,3.4182947919548448,3.4182947919548448,1.7503569163544928,11.204798743877971,0.9478867971574582,0.17770868213346538
7650,2022-03-02 11:50:00,2022-03-02,102,31,11,IS,down,31.81,-9316.13,-128.25,-8986.25,329.88,0,stop_loss,2022-03-02,0,1,0,0,0,2,31,3,1,2,3,3,1,0,1,1,2,3.2946132444709684,5.432339395463597,5.432339395463597,5.432339395463597,0.0104166666666625,0.4401368301026505
7720,2022-03-03 11:25:00,2022-03-03,103,26,11,IS,up,25.508,-3006.47,-31.15,-2674.75,331.72,0,stop_loss,2022-03-03,0,1,0,0,0,1,3,0,1,3,4,8,5,3,2,5,3,2.3521663452039325,6.458656756205799,1.4897053519624908,6.458656756205799,0.3408194233687494,0.3201352003863144
7731,2022-03-03 12:20:00,2022-03-03,103,37,12,IS,down,24.558,11815.21,196.85,12145.25,330.04,1,next_choch,2022-03-04,0,1,3,3,3,0,1,9,0,3,2,12,8,3,2,7,4,4.190148874482907,5.8189725380330914,2.944098771867076,8.333469068638689,0.014170535059865305,0.6068779501011344
7814,2022-03-04 13:00:00,2022-03-04,104,45,13,IS,up,37.431,-3339.85,-36.35,-3012.75,327.1,0,stop_loss,2022-03-04,0,1,1,1,1,0,1,25,0,1,1,5,1,1,0,1,2,5.018580905081106,7.265387687712577,1.731190006117969,7.265387687712577,0.8953851810994644,0.6311131811830439
7834,2022-03-04 14:40:00,2022-03-04,104,65,14,IS,down,41.982,21937.51,352.5,22262.5,324.99,1,next_choch,2022-03-08,0,1,1,1,1,0,1,16,0,2,3,7,2,1,0,2,1,4.07551735965544,5.894136590571261,1.8876957963337018,7.797315065360689,0.4446311287612645,0.49973688826521406
7984,2022-03-08 14:40:00,2022-03-08,106,65,14,IS,up,42.408,79020.39,1230.9,79358.5,338.11,1,next_choch,2022-04-18,0,1,1,1,1,0,2,25,0,1,1,7,1,1,0,1,1,4.477907574478512,7.160171853556615,1.7131120868133907,7.160171853556615,0.9739832043471113,0.49566803465572773
9682,2022-04-18 12:25:00,2022-04-18,129,38,12,IS,down,20.626,-2151.23,-17.85,-1810.25,340.98,0,next_choch,2022-04-18,0,1,3,3,3,0,5,13,0,3,1,4,3,3,0,3,1,3.015596743931268,5.388803506237314,2.092009638273908,6.045738166691751,0.09061748195668971,0.42148760330576757
9702,2022-04-18 14:05:00,2022-04-18,129,58,14,IS,up,22.566,-227.72,11.75,113.75,341.47,0,next_choch,2022-04-19,0,1,1,1,1,0,4,15,0,4,3,6,4,1,0,4,2,3.534046494314506,5.206902358394413,2.020721255683214,7.8325105689039365,0.48260254596887847,0.5201275408529416
9744,2022-04-19 11:20:00,2022-04-19,130,25,11,IS,up,20.153,-2337.62,-20.7,-1995.5,342.12,0,stop_loss,2022-04-19,0,1,2,2,2,0,1,7,1,2,1,4,2,2,1,2,3,3.108641178951619,4.850274145929987,1.2652889076339098,4.850274145929987,0.5928388746803144,0.3797216699801183
9763,2022-04-19 12:55:00,2022-04-19,130,44,12,IS,down,18.983,-2922.56,-29.7,-2580.5,342.06,0,stop_loss,2022-04-19,0,1,1,1,1,0,3,8,0,3,3,7,3,1,1,3,3,3.484678477171877,4.864853474933081,1.9043254263003122,5.149317024089848,0.3350383631713555,0.3656429942418389
9770,2022-04-19 13:30:00,2022-04-19,130,51,13,IS,up,20.074,-2188.51,-18.4,-1846.0,342.51,0,stop_loss,2022-04-19,0,1,2,2,2,0,1,15,1,3,2,8,4,2,0,4,3,4.117348158775778,4.652877411127125,1.0586043360433606,4.916905786704962,0.808510638297859,0.06550218340611284
9782,2022-04-19 14:30:00,2022-04-19,130,63,14,IS,down,22.407,5933.87,106.55,6275.75,341.88,1,next_choch,2022-04-20,0,1,1,1,1,0,2,9,0,3,3,10,5,1,1,3,3,3.204370082429933,5.0297006725607165,1.8654967889355185,5.0297006725607165,0.3966282165039968,0.23368841544605543
9834,2022-04-20 12:35:00,2022-04-20,131,40,12,IS,up,25.814,-5393.94,-67.75,-5053.75,340.19,0,stop_loss,2022-04-20,0,1,0,0,0,4,33,2,1,1,2,5,1,0,2,1,4,3.9475468262731304,4.1063784453871035,3.988223216534012,7.443779417746584,0.9903721051262111,0.7259117082533407
10011,2022-04-22 14:50:00,2022-04-22,133,67,14,IS,down,24.64,-2290.81,-20.0,-1950.0,340.81,0,next_choch,2022-04-26,0,1,1,1,1,0,10,14,0,1,1,3,1,1,0,1,1,5.5235613780899495,6.568614320674944,5.213089338836632,6.676163458455594,0.04224924012158497,0.7567971317597949
10164,2022-04-26 15:05:00,2022-04-26,135,70,15,IS,up,25.261,-8552.55,-116.35,-8212.75,339.8,0,stop_loss,2022-04-27,0,1,0,0,0,4,61,1,1,1,2,5,1,0,2,0,3,4.109133519128423,6.009310869014413,6.009310869014413,6.009310869014413,0.9015151515151463,0.34347429266808627
10184,2022-04-27 10:30:00,2022-04-27,136,15,10,IS,down,23.598,-3192.33,-33.9,-2853.5,338.83,0,next_choch,2022-04-27,0,1,0,0,0,1,15,10,1,1,2,2,1,0,1,1,3,2.1442222532978454,2.983265743718735,2.983265743718735,2.983265743718735,0.17826704545454064,0.32190476190476613
10261,2022-04-28 10:40:00,2022-04-28,137,17,10,IS,down,19.239,-2841.97,-28.5,-2502.5,339.47,0,stop_loss,2022-04-28,0,1,0,0,0,1,11,0,1,4,1,3,2,1,1,5,1,1.858233664436786,3.9503708670544264,1.858233664436786,3.9503708670544264,0.03289473684210526,0.3058954393770807
10268,2022-04-29 09:20:00,2022-04-29,138,1,09,IS,up,33.313,-4246.6,-50.05,-3903.25,343.35,0,stop_loss,2022-04-29,0,1,1,1,1,0,1,7,0,4,2,1,1,1,1,5,1,1.6810153332612898,1.6810153332612898,1.6810153332612898,1.6810153332612898,0.893749999999987,
10335,2022-05-02 10:35:00,2022-05-02,139,16,10,IS,up,35.827,-4910.44,-60.35,-4572.75,337.69,0,next_choch,2022-05-02,0,1,0,0,0,2,10,0,1,2,2,4,2,1,2,2,5,1.9803721257389963,3.23642209978063,1.9803721257389963,3.23642209978063,0.948684777921512,0.24636058230684296
10343,2022-05-02 11:15:00,2022-05-02,139,24,11,IS,down,31.122,-2989.53,-30.8,-2652.0,337.53,0,stop_loss,2022-05-02,0,1,0,0,0,1,4,0,1,2,3,6,3,1,2,3,5,2.6042503421994354,3.8139977250965784,1.3752241165470074,3.8139977250965784,0.37910699241785784,0.20814880425155183
10351,2022-05-02 11:55:00,2022-05-02,139,32,11,IS,up,27.668,-2138.39,-17.7,-1800.5,337.89,0,next_choch,2022-05-02,0,1,1,1,1,0,5,8,0,2,4,7,4,1,1,4,3,1.8993266516551528,4.290201209352448,1.490908170899641,4.290201209352448,0.7186183656276222,0.21837672281775566
10403,2022-05-04 10:00:00,2022-05-04,140,9,10,IS,down,26.236,8404.2,144.5,8742.5,338.3,1,next_choch,2022-05-05,0,1,0,0,0,1,5,0,1,3,4,2,1,1,1,3,2,3.8001799082163443,3.8001799082163443,1.671393068959817,3.8001799082163443,0.04563691073218896,0.5000000000000413
10479,2022-05-05 10:05:00,2022-05-05,141,10,10,IS,up,40.616,-6536.75,-85.4,-6201.0,335.75,0,stop_loss,2022-05-05,0,1,1,1,1,0,1,21,0,1,1,1,1,1,0,1,2,3.865509804114675,3.865509804114675,2.2577531785816465,3.865509804114675,0.9598726114649728,0.5220779220779097
10502,2022-05-05 12:00:00,2022-05-05,141,33,12,IS,down,27.461,-3842.28,-43.95,-3506.75,335.53,0,stop_loss,2022-05-05,0,1,2,2,2,0,1,44,1,2,1,2,2,1,0,2,0,4.0020684029599085,6.858867913534877,1.8080318126202244,6.858867913534877,0.3116538359437281,0.5163668534355627
10516,2022-05-05 13:10:00,2022-05-05,141,47,13,IS,down,27.3,26810.24,427.6,27144.0,333.76,1,next_choch,2022-05-10,0,1,4,4,4,0,1,58,1,4,1,4,4,2,0,3,0,3.7215980893843676,5.825985985399294,2.3333247863561204,6.899242127318161,0.1592779400053105,0.2125938763720324
10744,2022-05-10 13:25:00,2022-05-10,144,50,13,IS,down,29.806,-4986.92,-61.7,-4660.5,326.42,0,stop_loss,2022-05-10,0,1,2,2,2,0,2,8,1,2,1,4,2,2,1,2,1,3.1855467767098027,4.0980994078473305,2.070018284602315,5.371311626658688,0.4069331667707718,0.38035961272475793
10966,2022-05-13 13:10:00,2022-05-13,147,47,13,IS,up,28.893,-4159.84,-49.05,-3838.25,321.59,0,stop_loss,2022-05-13,0,1,1,1,1,0,2,8,0,1,1,3,1,1,1,1,1,2.9713490651585652,6.778552293666903,1.8274575496840397,6.778552293666903,0.9905539954046446,0.31490015360983103
10975,2022-05-13 13:55:00,2022-05-13,147,56,13,IS,down,29.346,6182.31,110.05,6503.25,320.94,1,next_choch,2022-05-16,0,1,2,2,2,0,1,17,1,2,1,4,2,2,0,2,1,2.4193933115701522,4.020963531905323,1.2131042519985675,6.849268389092966,0.6584577114427879,0.11745513866231869
11062,2022-05-16 14:55:00,2022-05-16,148,68,14,IS,down,32.415,-6113.35,-79.15,-5794.75,318.6,0,stop_loss,2022-05-17,0,1,2,2,2,0,1,28,1,2,1,6,2,2,0,2,1,2.435563233638251,4.595023985439087,1.1815335256281492,7.025959803180577,0.45510428100987765,0.09550561797753217
11070,2022-05-17 09:20:00,2022-05-17,149,1,09,IS,up,32.967,-5320.82,-66.95,-5001.75,319.07,0,stop_loss,2022-05-19,0,1,3,1,3,0,1,36,0,3,1,1,1,2,0,3,0,2.152126039663447,2.152126039663447,2.152126039663447,2.152126039663447,0.9436222692036651,
11241,2022-05-19 11:05:00,2022-05-19,151,22,11,IS,down,26.407,-12259.79,-173.7,-11940.5,319.29,0,stop_loss,2022-05-20,0,1,0,0,0,1,5,0,1,3,2,4,3,1,1,3,1,2.4804123164778904,4.387110944487938,2.1263381919119486,4.387110944487938,0.13422529132498462,0.5158576051780104
11295,2022-05-20 09:20:00,2022-05-20,152,1,09,IS,up,42.435,3261.06,65.15,3584.75,323.69,1,next_choch,2022-05-24,0,1,1,1,1,0,1,6,0,1,1,1,1,1,2,1,3,3.5466006833981383,3.5466006833981383,3.5466006833981383,3.5466006833981383,0.9455149501661081,
11452,2022-05-24 09:55:00,2022-05-24,154,8,09,IS,down,33.596,-2659.63,-25.95,-2336.75,322.88,0,next_choch,2022-05-24,0,1,1,1,1,0,5,15,0,1,1,1,1,1,0,1,2,3.6611174444804933,3.6611174444804933,2.0805862550340257,3.6611174444804933,0.008536585365847744,0.518072289156618
11473,2022-05-24 11:40:00,2022-05-24,154,29,11,IS,up,24.196,-4593.82,-55.7,-4270.5,323.32,0,stop_loss,2022-05-24,0,1,1,1,1,0,1,6,0,2,3,4,2,1,2,2,2,3.523251392769172,6.116612388619795,2.3743201467987274,6.116612388619795,0.6959459459459459,0.5859956236323914
11492,2022-05-24 13:15:00,2022-05-24,154,48,13,IS,down,33.29,-7427.39,-99.3,-7104.5,322.89,0,stop_loss,2022-05-25,0,1,1,1,1,0,2,4,0,2,4,6,3,1,1,2,3,4.182874994367762,4.3405776422703175,3.5445547528574215,4.44571274087202,0.10337837837837346,0.213540713632202
11542,2022-05-25 11:10:00,2022-05-25,155,23,11,IS,up,22.419,-2575.41,-24.65,-2252.25,323.16,0,stop_loss,2022-05-25,0,1,0,0,0,1,7,0,1,3,2,4,3,2,1,3,2,2.3306020313036653,5.069338198232741,1.7998046308727988,5.069338198232741,0.42014958205015535,0.2493150684931507
11546,2022-05-25 11:30:00,2022-05-25,155,27,11,IS,down,23.477,-176.18,12.25,146.25,322.43,0,next_choch,2022-05-26,0,1,1,1,1,0,2,4,0,4,3,5,4,2,1,4,2,3.064714676980382,5.545877011019373,2.138272088734063,5.545877011019373,0.022273425499229033,0.3750518027351799
11604,2022-05-26 10:05:00,2022-05-26,156,10,10,IS,down,25.34,-17702.81,-257.4,-17381.0,321.81,0,stop_loss,2022-05-27,0,1,2,2,2,0,1,20,1,2,1,2,2,2,0,2,2,4.346865245204227,4.346865245204227,0.8662159975690273,4.346865245204227,0.021788470267813383,0.8487928843710514
11637,2022-05-27 11:00:00,2022-05-27,157,21,11,IS,down,32.291,-3770.01,-43.0,-3445.0,325.01,0,stop_loss,2022-05-27,0,1,4,2,4,0,9,53,1,4,1,2,2,1,0,3,0,2.062494193428521,3.1370970239385927,2.062494193428521,3.1370970239385927,0.13425468904245033,0.1483216237314615
11663,2022-05-27 13:10:00,2022-05-27,157,47,13,IS,up,23.545,-3152.94,-33.5,-2827.5,325.44,0,stop_loss,2022-05-27,0,1,0,0,0,1,8,2,1,2,3,6,3,1,1,2,3,3.864923062548046,4.329987980514023,1.9749332132800455,5.209151798038719,0.7741540970240489,0.5497032640949686
11688,2022-05-27 15:15:00,2022-05-27,157,72,15,IS,up,26.531,13105.83,216.7,13435.5,329.67,1,next_choch,2022-06-01,0,1,4,4,4,0,4,27,1,4,2,10,7,2,0,5,1,2.5404244091816985,3.88413553955754,1.5736308469337756,5.580264596132867,0.8875379939209759,0.22667694680031836
11780,2022-06-01 10:30:00,2022-06-01,159,15,10,IS,up,24.21,-3015.25,-31.3,-2684.5,330.75,0,stop_loss,2022-06-01,0,1,2,2,2,0,2,23,1,2,1,2,2,2,0,2,1,3.4696406443618337,4.337050805452292,1.5014456836019074,4.337050805452292,0.6609523809523948,0.0480427046263263
11798,2022-06-01 12:00:00,2022-06-01,159,33,12,IS,down,20.547,3413.57,67.6,3744.0,330.43,1,next_choch,2022-06-02,0,1,1,1,1,0,1,2,0,3,4,7,5,3,1,5,2,2.5478543999765675,5.1103096847668965,1.4065519037121024,5.1103096847668965,0.3380952380952381,0.023955431754890864
11851,2022-06-02 10:10:00,2022-06-02,160,11,10,IS,up,25.917,-2321.63,-20.65,-1992.25,329.38,0,stop_loss,2022-06-02,0,1,0,0,0,1,3,0,1,1,2,2,1,1,1,1,3,3.626976991847019,3.626976991847019,1.3967719904772844,3.626976991847019,0.9111702127659729,0.4652473387601596
11862,2022-06-02 11:05:00,2022-06-02,160,22,11,IS,down,27.14,-3182.5,-33.9,-2853.5,329.0,0,stop_loss,2022-06-02,0,1,1,1,1,0,3,11,0,2,3,3,2,1,1,2,2,3.9111867679189767,5.327909624503909,1.337504283329806,5.327909624503909,0.2825034578146539,0.2583813071452833
11877,2022-06-02 12:20:00,2022-06-02,160,37,12,IS,up,22.336,-1750.41,-11.85,-1420.25,330.16,0,next_choch,2022-06-02,0,1,0,0,0,1,5,0,1,3,4,5,3,1,1,3,2,3.0443853475524034,5.486609181508013,1.7908149103249433,6.473795900824604,0.8568464730290644,0.4102228047181952
11894,2022-06-02 13:45:00,2022-06-02,160,54,13,IS,up,25.558,-1091.68,-1.7,-760.5,331.18,0,next_choch,2022-06-02,0,1,2,2,2,0,1,17,1,4,3,7,5,2,0,4,1,2.973582070865156,5.485476399148645,1.9426098660323594,6.989874170527163,0.977329974811067,0.27358490566036486
11964,2022-06-03 13:20:00,2022-06-03,161,49,13,IS,down,19.078,6433.9,114.1,6766.5,332.6,1,next_choch,2022-06-06,0,1,0,0,0,1,10,5,1,1,3,6,2,1,1,1,4,2.578873158228583,4.104182282302707,2.403279152536078,5.30975306765345,0.1559723593287205,0.347473487211454
12049,2022-06-06 14:10:00,2022-06-06,162,59,14,IS,up,21.652,-1761.15,-12.0,-1430.0,331.15,0,next_choch,2022-06-06,0,1,0,0,0,1,5,3,1,1,2,6,1,1,2,1,3,3.1290845522522477,6.452149253869244,1.796625669116118,7.470545038033964,0.939412673879448,0.418242959226576
12051,2022-06-06 14:20:00,2022-06-06,162,61,14,IS,down,22.309,-1455.35,-7.3,-1124.5,330.85,0,next_choch,2022-06-06,0,1,1,1,1,0,1,5,0,2,3,7,2,2,1,2,3,2.543827799667397,6.262074777331053,1.61146448278493,7.2504695435454005,0.7601236476043322,0.04396843291997155
12057,2022-06-06 14:50:00,2022-06-06,162,67,14,IS,up,23.581,-3369.48,-36.75,-3038.75,330.73,0,stop_loss,2022-06-06,0,1,2,2,2,0,2,11,1,3,3,8,3,2,1,3,2,2.576248473334238,4.268303026190861,1.802313746777039,6.859394083322025,0.9171561051004546,0.10974106041922224
12065,2022-06-07 09:15:00,2022-06-07,163,0,09,IS,down,30.527,-646.81,5.1,-318.5,328.31,0,next_choch,2022-06-08,0,1,3,0,3,0,6,19,0,4,3,0,0,2,0,4,2,1.867187295264551,1.867187295264551,5.786642731727818,1.867187295264551,0.057894736842092495,
12142,2022-06-08 09:25:00,2022-06-08,164,2,09,IS,down,21.164,-2690.67,-26.35,-2362.75,327.92,0,next_choch,2022-06-08,0,1,2,2,2,0,1,24,1,2,1,2,2,2,0,2,2,3.675984199882788,3.675984199882788,1.540322428228466,3.675984199882788,0.01863753213368562,
12156,2022-06-08 10:35:00,2022-06-08,164,16,10,IS,up,31.471,-4241.58,-50.2,-3913.0,328.58,0,next_choch,2022-06-08,0,1,1,1,1,0,1,8,0,3,3,4,3,1,1,3,1,5.975323391937342,5.975323391937342,3.814610865206468,5.975323391937342,0.9763360808295627,0.5490575157080606
12187,2022-06-08 13:10:00,2022-06-08,164,47,13,IS,down,21.356,2483.39,53.25,2811.25,327.86,1,next_choch,2022-06-09,0,1,1,1,1,0,1,10,0,2,4,7,4,1,1,2,2,4.443820093184494,7.979209103041354,2.3600477628714596,11.144669991337127,0.453781512605042,0.6422764227641896
12240,2022-06-09 11:20:00,2022-06-09,165,25,11,IS,down,20.478,-2289.98,-20.2,-1963.0,326.98,0,stop_loss,2022-06-09,0,1,1,1,1,0,2,4,0,2,3,5,2,2,1,2,3,2.29510117977967,6.367684975388684,1.1084850378936209,6.367684975388684,0.6587423312883426,0.016797312430011334
12253,2022-06-09 12:25:00,2022-06-09,165,38,12,IS,up,16.19,-2176.34,-18.45,-1849.25,327.09,0,stop_loss,2022-06-09,0,1,0,0,0,1,3,0,1,2,5,8,3,1,1,3,4,3.2952846854192366,5.759799379856452,1.5163868608629674,8.054454038962781,0.85352760736196,0.42965779467682325
12277,2022-06-09 14:25:00,2022-06-09,165,62,14,IS,up,20.031,-8838.14,-120.95,-8511.75,326.39,0,stop_loss,2022-06-10,0,1,2,2,2,0,1,24,1,3,4,10,5,1,0,3,1,4.485525008611536,5.4590112375255755,1.9394841022209737,8.199749389698928,0.9522070015220784,0.6905829596412681
12292,2022-06-10 09:25:00,2022-06-10,166,2,09,IS,down,34.476,37896.2,598.0,38220.0,323.8,1,next_choch,2022-06-21,0,1,0,0,0,1,2,0,1,2,3,2,1,1,3,3,3,1.7693313957704278,1.7693313957704278,1.7693313957704278,1.7693313957704278,0.10327868852457824,
12786,2022-06-21 13:05:00,2022-06-21,172,46,13,IS,up,18.84,-2651.71,-25.95,-2336.75,314.96,0,stop_loss,2022-06-21,0,1,1,1,1,0,1,12,0,1,1,3,1,1,0,1,2,4.930971703971828,6.51801211246221,1.4304594986226575,12.900674624869257,0.9958856202427484,0.6145251396647902
12808,2022-06-21 14:55:00,2022-06-21,172,68,14,IS,down,24.039,1606.12,39.55,1920.75,314.63,1,next_choch,2022-06-23,0,1,0,0,0,1,3,0,1,2,4,6,2,1,1,2,3,3.473522193102874,5.476517326011882,2.891135238570656,11.72261741336991,0.734740951029098,0.4938650306748452
12910,2022-06-23 10:55:00,2022-06-23,174,20,10,IS,up,23.355,-3755.32,-42.95,-3441.75,313.57,0,stop_loss,2022-06-23,0,1,0,0,0,1,9,0,1,1,2,2,1,1,1,1,2,2.526214831021918,8.903836849339148,2.0038449846072632,8.903836849339148,0.9814859341187768,0.3080568720379094
12928,2022-06-23 12:25:00,2022-06-23,174,38,12,IS,down,25.892,-4517.07,-54.7,-4205.5,311.57,0,stop_loss,2022-06-23,0,1,1,1,1,0,1,12,0,2,3,4,2,1,0,2,2,6.5638541932194325,7.0601503178612255,2.2014691910180058,8.616627658177507,0.19094576423128773,0.7902230659705716
12943,2022-06-23 13:40:00,2022-06-23,174,53,13,IS,up,37.928,10916.43,182.8,11232.0,315.57,1,next_choch,2022-06-30,0,1,1,1,1,0,1,7,0,2,3,7,3,1,1,2,4,4.893456583755633,7.092348173654432,2.3649949114379467,7.092348173654432,0.6572490706319676,0.2401968566439114
13313,2022-06-30 13:15:00,2022-06-30,179,48,13,IS,up,26.919,-2179.43,-18.65,-1862.25,317.18,0,next_choch,2022-06-30,0,1,2,2,2,0,8,16,1,2,1,7,2,2,0,2,3,3.7873159279017163,4.405842756735083,3.7873159279017163,6.114685647205683,0.5385783718104462,0.35893815306410354
13340,2022-07-01 09:15:00,2022-07-01,180,0,09,IS,down,28.378,624.11,24.45,939.25,315.14,1,next_choch,2022-07-01,0,1,1,0,1,0,3,21,0,3,3,0,0,1,0,2,2,1.9381415689079806,1.9381415689079806,4.734351268777962,1.9381415689079806,0.35363636363637685,
13385,2022-07-01 13:00:00,2022-07-01,180,45,13,IS,up,21.526,-1666.86,-10.8,-1352.0,314.86,0,next_choch,2022-07-01,0,1,1,1,1,0,1,6,0,2,3,3,1,1,1,1,2,2.880291373991898,7.019548816293175,1.8210874493626532,8.877801315642786,0.7582417582417549,0.3077525450274005
13405,2022-07-01 14:40:00,2022-07-01,180,65,14,IS,up,24.903,-2658.78,-26.05,-2343.25,315.53,0,next_choch,2022-07-04,0,1,3,3,3,0,1,26,0,3,2,5,3,2,0,3,2,3.4554486059744236,5.957185365442316,2.10619731996935,8.015195139482882,0.9862224448897796,0.18418079096045745
13424,2022-07-04 10:00:00,2022-07-04,181,9,10,IS,down,30.888,-4039.68,-47.3,-3724.5,315.18,0,stop_loss,2022-07-04,0,1,1,1,1,0,3,14,0,4,3,1,1,1,0,3,1,4.3140009971574536,4.3140009971574536,1.613905813945971,4.3140009971574536,0.019136960600383425,0.27150192554556785
13441,2022-07-04 11:25:00,2022-07-04,181,26,11,IS,up,21.355,2929.46,59.95,3246.75,317.29,1,next_choch,2022-07-05,0,1,0,0,0,1,5,0,1,3,3,3,2,1,1,2,2,3.2778748132782027,6.532336235032989,1.3696834041198205,6.532336235032989,0.6387096774193575,0.6666666666666798
13558,2022-07-05 14:55:00,2022-07-05,182,68,14,IS,down,24.994,-3937.85,-45.7,-3620.5,317.35,0,stop_loss,2022-07-06,0,1,1,1,1,0,1,34,0,1,1,7,1,1,0,1,1,3.240751854430228,9.26614974674126,1.464339726816636,9.26614974674126,0.01964594127806246,0.40830336711343856
13566,2022-07-06 09:20:00,2022-07-06,183,1,09,IS,up,28.971,12337.27,204.75,12658.75,321.48,1,next_choch,2022-07-12,0,1,2,1,2,0,1,42,1,2,1,1,1,2,0,2,0,2.8976953053539445,2.8976953053539445,2.8976953053539445,2.8976953053539445,0.9880881477069685,
13936,2022-07-12 15:10:00,2022-07-12,187,71,15,IS,down,18.864,-5498.99,-69.65,-5177.25,321.74,0,stop_loss,2022-07-13,0,1,1,1,1,0,2,8,0,1,1,6,1,1,1,1,3,5.316977751390264,5.316977751390264,1.7811610413430994,5.849735741434808,0.01132759401903032,0.7409766454352441
13950,2022-07-13 10:05:00,2022-07-13,188,10,10,IS,up,18.041,-1905.66,-14.35,-1582.75,322.91,0,stop_loss,2022-07-13,0,1,0,0,0,1,4,0,1,2,2,2,1,1,1,2,4,2.255934993597962,2.255934993597962,1.158453104820586,2.255934993597962,0.986486486486504,0.45604963805586196
13953,2022-07-13 10:20:00,2022-07-13,188,13,10,IS,down,18.453,-1300.69,-5.05,-978.25,322.44,0,next_choch,2022-07-13,0,1,1,1,1,0,1,3,0,3,3,3,2,2,1,3,3,2.8423562564353073,2.8423562564353073,2.5768167777596744,2.8423562564353073,0.038131553860819296,0.2546511627906988
13981,2022-07-13 12:40:00,2022-07-13,188,41,12,IS,down,14.792,2050.65,46.5,2372.5,321.85,1,next_choch,2022-07-13,0,1,2,2,2,0,1,8,1,3,3,7,4,2,1,4,3,2.9475192839421287,5.438713908099643,1.5616443912629285,5.438713908099643,0.03915475450589941,0.3333333333333333
14009,2022-07-13 15:00:00,2022-07-13,188,69,15,IS,down,22.135,-3778.58,-43.2,-3458.0,320.58,0,stop_loss,2022-07-14,0,1,2,2,2,0,3,19,1,4,3,10,6,2,0,4,1,2.8010445185365898,6.370117372800954,2.2973082865739776,7.971682343480376,0.06149050722584482,0.3074352548036772
14021,2022-07-14 09:45:00,2022-07-14,189,6,09,IS,up,21.717,-2979.69,-30.9,-2658.5,321.19,0,next_choch,2022-07-14,0,1,0,0,0,2,5,0,1,3,2,3,1,1,2,3,3,3.188760826821508,3.188760826821508,2.3253779314727243,3.188760826821508,0.9458483754512635,0.4077046548956704
14038,2022-07-14 11:10:00,2022-07-14,189,23,11,IS,down,18.613,-2179.97,-18.6,-1859.0,320.97,0,stop_loss,2022-07-15,0,1,1,1,1,0,1,17,0,3,2,4,2,1,0,3,2,3.4652640853583194,5.321463684569597,1.4586344173252264,5.321463684569597,0.23674911660776457,0.5937500000000128
14112,2022-07-15 11:05:00,2022-07-15,190,22,11,IS,down,17.641,-3342.58,-36.5,-3022.5,320.08,0,stop_loss,2022-07-15,0,1,1,1,1,0,1,10,0,2,3,3,2,1,1,2,1,3.6081130107477914,4.894902725499998,2.145594304113213,4.894902725499998,0.015634047481185385,0.3254073095552705
14124,2022-07-15 12:05:00,2022-07-15,190,34,12,IS,down,16.164,-3050.05,-32.0,-2730.0,320.05,0,next_choch,2022-07-15,0,1,3,3,3,0,1,22,0,4,3,5,4,2,0,4,1,3.424318538957446,5.6205842685507355,2.700478847795669,5.6205842685507355,0.05338470005503956,0.010593220338983295
14136,2022-07-15 13:05:00,2022-07-15,190,46,13,IS,up,18.88,92195.91,1433.65,92537.25,341.34,1,next_choch,2022-09-23,0,1,1,1,1,0,4,8,0,4,3,7,5,1,1,4,2,3.4269249307464937,4.290276961212719,2.3278724993247173,5.492613837997062,0.5756991321118641,0.421686746987958
17655,2022-09-23 12:35:00,2022-09-23,237,40,12,IS,down,25.856,-3201.53,-33.95,-2856.75,344.78,0,stop_loss,2022-09-23,0,1,0,0,0,1,3,0,1,1,2,4,1,1,1,1,3,3.3647375504710633,4.1769155798951125,2.3553162853298004,9.564363175074615,0.008087343307723437,0.3383364602876676
18027,2022-09-30 12:20:00,2022-09-30,242,37,12,IS,up,27.814,583.99,24.2,923.0,339.01,1,stop_loss,2022-10-03,0,1,1,1,1,0,1,37,0,1,1,2,1,1,0,1,0,3.559345799432662,10.093801345360806,1.1001614289154977,10.093801345360806,0.9850400712377534,0.4809665673617886
18069,2022-10-03 09:35:00,2022-10-03,243,4,09,IS,down,38.495,-4383.93,-52.25,-4046.25,337.68,0,next_choch,2022-10-03,0,1,0,0,0,1,4,0,1,2,4,2,1,1,1,1,2,3.377035638116861,3.377035638116861,3.377035638116861,3.377035638116861,0.0,
18117,2022-10-03 13:35:00,2022-10-03,243,52,13,IS,down,26.058,-13773.62,-196.7,-13435.5,338.12,0,stop_loss,2022-10-04,0,1,2,2,2,0,1,11,1,2,1,9,3,2,1,2,4,2.7956329028915152,5.255482855881986,1.1973060613619637,6.675365044035564,0.26990514515665726,0.2015882712278594
18141,2022-10-04 09:20:00,2022-10-04,244,1,09,IS,up,41.73,2121.16,47.9,2463.5,342.34,1,next_choch,2022-10-07,0,1,1,1,1,0,1,13,0,3,3,1,1,1,0,3,2,2.256181433891403,2.256181433891403,2.256181433891403,2.256181433891403,0.9607010090281395,
18298,2022-10-07 09:55:00,2022-10-07,246,8,09,IS,up,23.129,-4649.24,-56.25,-4306.25,342.99,0,stop_loss,2022-10-07,0,1,2,2,2,0,1,17,1,2,1,2,2,2,0,2,2,4.312730228455805,4.312730228455805,2.66978537952026,4.312730228455805,0.9448621553884712,0.25908183632735865
18310,2022-10-07 10:55:00,2022-10-07,246,20,10,IS,down,20.217,-2295.96,-20.05,-1953.25,342.71,0,stop_loss,2022-10-07,0,1,3,3,3,0,2,29,0,3,1,3,3,1,0,3,1,4.152425422043752,5.290076222603674,1.2068991101592936,5.290076222603674,0.25572697522205107,0.562657695542478
18345,2022-10-07 13:50:00,2022-10-07,246,55,13,IS,up,17.856,-15322.5,-220.5,-14982.5,340.0,0,stop_loss,2022-10-10,0,1,1,1,1,0,2,4,0,2,2,7,4,1,2,1,3,3.0381263860576597,4.903003964964902,2.0076835196343352,7.484711363992823,0.6326225215113981,0.095468543774733
18371,2022-10-10 09:45:00,2022-10-10,247,6,09,IS,down,32.002,-5562.1,-70.35,-5222.75,339.35,0,stop_loss,2022-10-10,0,1,1,1,1,0,6,18,0,2,3,1,1,1,0,2,4,2.621727527826605,2.621727527826605,2.621727527826605,2.621727527826605,0.16150178784265837,0.20907158043939605
18399,2022-10-10 12:05:00,2022-10-10,247,34,12,IS,up,21.142,-2291.01,-20.0,-1950.0,341.01,0,next_choch,2022-10-10,0,1,1,1,1,0,2,13,0,2,3,4,2,1,0,2,2,4.621242579760222,6.8940236028664,1.6673367547241207,6.8940236028664,0.9948542024013722,0.6395973154362211
18421,2022-10-10 13:55:00,2022-10-10,247,56,13,IS,down,25.527,-4682.6,-56.8,-4342.0,340.6,0,stop_loss,2022-10-10,0,1,1,1,1,0,2,13,0,2,3,7,3,1,0,2,3,4.675423373591146,8.136451065730032,2.3171453083193083,8.964982312914453,0.4151190736290173,0.6273122959738832
18436,2022-10-10 15:10:00,2022-10-10,247,71,15,IS,up,27.336,-4673.42,-56.65,-4332.25,341.17,0,stop_loss,2022-10-11,0,1,0,0,0,1,4,0,1,2,3,9,4,1,1,2,3,4.335022223848109,6.012328291050046,2.0632510837556093,8.371897349600284,0.8099191610225026,0.5817709835592696
18443,2022-10-11 09:30:00,2022-10-11,248,3,09,IS,down,27.223,4027.42,77.2,4368.0,340.58,1,next_choch,2022-10-12,0,1,1,1,1,0,3,7,0,3,3,1,1,2,1,3,2,2.9019472433337867,2.9019472433337867,2.9019472433337867,2.9019472433337867,0.06582278481013579,
18580,2022-10-12 14:40:00,2022-10-12,249,65,14,IS,up,24.978,-3940.17,-45.4,-3601.0,339.17,0,stop_loss,2022-10-13,0,1,0,0,0,1,5,2,1,1,2,7,1,1,1,1,4,3.623231922875205,4.175724746473971,2.0438230901965717,6.649931739111375,0.9500301023479663,0.6142589118198765
18594,2022-10-13 09:35:00,2022-10-13,250,4,09,IS,down,24.414,-19381.08,-282.95,-19041.75,339.33,0,stop_loss,2022-10-14,0,1,0,0,0,1,4,1,1,2,4,2,1,1,1,2,5,2.187242722502706,2.187242722502706,2.187242722502706,2.187242722502706,0.029962546816453373,
18698,2022-10-14 12:00:00,2022-10-14,251,33,12,IS,up,19.897,-5715.05,-72.65,-5372.25,342.8,0,stop_loss,2022-10-14,0,1,0,0,0,1,33,3,1,1,2,2,1,0,1,1,1,2.9124847339562416,4.354905991325443,4.354905991325443,4.354905991325443,0.9417195614541352,0.47277936962748746
18721,2022-10-14 13:55:00,2022-10-14,251,56,13,IS,down,19.878,-3611.62,-40.3,-3269.5,342.12,0,next_choch,2022-10-17,0,1,1,1,1,0,1,3,0,2,3,5,2,1,2,1,3,3.7730153939028073,6.6405070932689405,2.9630747560117445,6.6405070932689405,0.012878787878793391,0.4039829302987083
18757,2022-10-17 10:40:00,2022-10-17,252,17,10,IS,up,26.603,-4050.38,-47.05,-3708.25,342.13,0,stop_loss,2022-10-17,0,1,1,1,1,0,1,17,0,1,2,2,1,1,0,1,4,5.922375716567965,7.164740156000321,2.044920590170015,7.164740156000321,0.9614375655823788,0.6822904640960425
18977,2022-10-20 10:15:00,2022-10-20,255,12,10,IS,up,21.65,56743.99,888.5,57102.5,358.51,1,next_choch,2022-12-16,0,1,0,0,0,1,5,0,1,2,2,3,2,2,1,2,1,3.260969976905413,3.260969976905413,2.009237875288684,3.260969976905413,0.958923512747856,0.29934924078090475
21841,2022-12-16 11:25:00,2022-12-16,293,26,11,IS,up,23.075,-4121.32,-47.85,-3760.25,361.07,0,next_choch,2022-12-16,0,1,2,2,2,0,3,17,1,2,1,3,2,2,0,2,1,3.163596966413868,7.014084507042191,2.426868905742145,7.014084507042191,0.39481000926785315,0.0865766481334498
21882,2022-12-16 14:50:00,2022-12-16,293,67,14,IS,down,23.533,-3493.85,-38.2,-3133.0,360.85,0,stop_loss,2022-12-16,0,1,0,0,0,1,6,0,1,3,4,6,3,1,1,1,2,3.643819317554073,6.894573577529426,1.948327879998393,7.002932052861907,0.046419902912630394,0.2996277915632696
21894,2022-12-19 09:35:00,2022-12-19,294,4,09,IS,up,27.981,-3156.01,-33.0,-2795.0,361.01,0,next_choch,2022-12-20,0,1,1,1,1,0,4,4,0,3,4,2,1,3,1,4,2,2.784022072041537,2.784022072041537,2.784022072041537,2.784022072041537,0.8530166880616109,
21968,2022-12-20 09:30:00,2022-12-20,295,3,09,IS,down,26.202,-2576.8,-24.1,-2216.5,360.3,0,next_choch,2022-12-20,0,1,1,1,1,0,1,14,0,1,1,1,1,1,0,1,1,5.289692732206388,5.289692732206388,2.1219835202790085,5.289692732206388,0.0036075036075036452,
22023,2022-12-20 14:05:00,2022-12-20,295,58,14,IS,up,17.466,4194.61,80.1,4556.5,361.89,1,next_choch,2022-12-21,0,1,0,0,0,1,5,0,1,3,4,8,4,2,2,3,2,3.022964222531347,5.6079421514574195,2.1727555349444776,11.914372248272304,0.47597308986064374,0.1883463274517876
22056,2022-12-21 10:35:00,2022-12-21,296,16,10,IS,down,24.572,-2500.35,-22.9,-2138.5,361.85,0,stop_loss,2022-12-21,0,1,1,1,1,0,3,16,0,2,3,2,1,1,0,1,3,3.8397206587960406,5.262065513326208,1.3857179484050168,5.262065513326208,0.05413766434647983,0.5272244355909842
22412,2022-12-27 15:15:00,2022-12-27,300,72,15,IS,up,20.824,-4409.55,-52.35,-4052.75,356.8,0,stop_loss,2022-12-28,0,1,0,0,0,1,6,0,1,1,2,7,1,1,1,1,2,3.3951536222975984,6.482966605518686,2.0289284376530703,8.790422497334745,0.9636711281070863,0.2026480323648549
22463,2022-12-28 13:15:00,2022-12-28,301,48,13,IS,down,16.28,-2817.5,-27.85,-2460.25,357.25,0,stop_loss,2022-12-28,0,1,0,0,0,1,11,0,1,3,4,5,3,1,1,2,2,2.2910844261539434,4.539172629833326,2.2910844261539434,5.537299222996926,0.5474209650582517,0.2613693153423089
22470,2022-12-28 13:50:00,2022-12-28,301,55,13,IS,up,16.282,-2899.01,-29.1,-2541.5,357.51,0,stop_loss,2022-12-28,0,1,1,1,1,0,1,7,0,3,4,6,4,1,1,3,2,3.6082569201761445,3.632823775802965,2.300071858052753,6.243052186143155,0.9178553861288891,0.34345794392525647
22488,2022-12-28 15:20:00,2022-12-28,301,73,15,IS,down,19.149,-740.37,4.1,-383.5,356.87,0,next_choch,2022-12-29,0,1,1,1,1,0,6,8,0,2,4,9,5,1,1,2,3,3.7076879693358538,4.25078592540766,3.66591120348422,5.459701087240483,0.3032042085126719,0.3357448207826341
22555,2022-12-29 14:40:00,2022-12-29,302,65,14,IS,up,17.161,7447.4,130.1,7806.5,359.1,1,next_choch,2022-12-30,0,1,1,1,1,0,1,3,0,1,1,7,1,1,1,1,1,3.5983170947741367,6.969372057246664,2.7708498438300824,8.321290382732698,0.9866946778711637,0.5604719764011559
22656,2023-01-02 10:35:00,2023-01-02,304,16,10,IS,up,22.415,-3007.86,-30.75,-2648.75,359.11,0,stop_loss,2023-01-02,0,1,0,0,0,1,6,1,1,3,3,2,1,1,1,3,2,2.3644775173878325,4.474662169698073,1.7845113338776093,4.474662169698073,0.9700897308075771,0.5662983425414251
22687,2023-01-02 13:10:00,2023-01-02,304,47,13,IS,up,14.283,-1955.12,-14.55,-1595.75,359.37,0,stop_loss,2023-01-02,0,1,2,2,2,0,1,12,1,2,2,6,3,2,0,2,3,2.758466180784654,3.532096924380271,1.2777159339928448,7.753810393956578,0.892550790067707,0.05675539929685287
22697,2023-01-02 14:00:00,2023-01-02,304,57,14,IS,down,12.852,-1724.21,-11.0,-1365.0,359.21,0,stop_loss,2023-01-02,0,1,0,0,0,1,2,0,1,3,2,8,4,2,1,3,2,2.4782520736393767,3.489783532268023,1.3928010084188842,8.617469926391633,0.6799097065462688,0.17358490566037918
22713,2023-01-02 15:20:00,2023-01-02,304,73,15,IS,up,18.396,-4457.36,-53.05,-4098.25,359.11,0,stop_loss,2023-01-03,0,1,1,1,1,0,7,13,0,3,2,10,5,1,0,4,2,4.636827170828917,5.732162076950714,3.500722975397172,7.050369097965923,0.8928296067848775,0.6194295900178414
22726,2023-01-03 10:10:00,2023-01-03,305,11,10,IS,up,19.602,-3076.66,-31.8,-2717.0,359.66,0,stop_loss,2023-01-03,0,1,3,2,3,0,1,26,0,3,2,2,2,2,0,4,2,4.448571049597523,4.448571049597523,1.7396361558631628,4.448571049597523,0.9736238532110177,0.6081081081081081
22795,2023-01-04 09:40:00,2023-01-04,306,5,09,IS,down,20.362,1711.43,41.85,2070.25,358.82,1,next_choch,2023-01-05,0,1,1,1,1,0,1,25,0,1,2,1,1,1,0,1,2,4.164579465873003,4.164579465873003,3.26831088978594,4.164579465873003,0.08372641509432319,0.5621716287215486
22891,2023-01-05 11:25:00,2023-01-05,307,26,11,IS,down,22.031,699.76,26.25,1056.25,356.49,1,next_choch,2023-01-05,0,1,4,4,4,0,1,25,1,4,1,5,4,1,0,4,1,2.9050370619181414,4.893171801168337,1.4956401748469512,4.893171801168337,0.04638218923933241,0.5199240986717306
22937,2023-01-05 15:15:00,2023-01-05,307,72,15,IS,up,21.357,-2942.99,-29.8,-2587.0,355.99,0,next_choch,2023-01-06,0,1,1,1,1,0,3,24,0,2,2,9,5,1,0,1,2,4.495013344570867,5.506391347099243,1.8963337547408345,10.563281359741469,0.5070921985815539,0.7485080988917291
22949,2023-01-06 10:00:00,2023-01-06,308,9,10,IS,down,27.881,-3856.24,-43.85,-3500.25,355.99,0,stop_loss,2023-01-09,0,1,1,1,1,0,1,5,0,2,3,4,1,1,3,2,3,3.4306886125528218,3.4306886125528218,1.9547572334984415,3.4306886125528218,0.11134343962364134,0.11945636623749416
23024,2023-01-09 10:00:00,2023-01-09,309,9,10,IS,up,28.128,-741.34,4.1,-383.5,357.84,0,next_choch,2023-01-09,0,1,1,1,1,0,1,26,0,1,1,1,1,1,0,1,1,5.083902161547213,5.083902161547213,1.3011945392492243,5.083902161547213,0.9758741258741208,0.9196637085474209
23063,2023-01-09 13:15:00,2023-01-09,309,48,13,IS,down,14.561,-650.19,5.5,-292.5,357.69,0,next_choch,2023-01-09,0,1,1,1,1,0,1,16,0,1,1,7,2,1,0,1,4,3.8081175743422215,5.51816496119762,2.1255408282396187,14.360277453471502,0.646819703491157,0.7205987170349372
23076,2023-01-09 14:20:00,2023-01-09,309,61,14,IS,up,19.536,-3480.41,-38.05,-3123.25,357.16,0,stop_loss,2023-01-09,0,1,2,2,2,0,2,29,1,2,1,8,3,1,0,2,2,4.110297241545188,7.59099727174538,2.2547770048575866,10.703152592865514,0.6461023433763725,0.014084507042258113
23093,2023-01-10 09:30:00,2023-01-10,310,3,09,IS,down,25.037,543.94,23.85,900.25,356.31,1,next_choch,2023-01-11,0,1,3,1,3,0,1,46,0,3,1,1,1,1,0,3,0,4.309535696455375,4.309535696455375,2.3045431852221956,4.309535696455375,0.058850787766469854,
23207,2023-01-11 12:45:00,2023-01-11,311,42,12,IS,down,22.616,-2876.4,-28.8,-2522.0,354.4,0,stop_loss,2023-01-11,0,1,4,4,4,0,1,41,1,4,1,5,4,2,0,4,0,2.524727740611956,5.321383250133689,1.4149087162798513,7.717884888332719,0.37553709538813834,0.2026504693539255
23223,2023-01-11 14:05:00,2023-01-11,311,58,14,IS,down,19.09,-3035.5,-31.25,-2681.25,354.25,0,stop_loss,2023-01-11,0,1,6,6,6,0,1,57,1,5,0,7,6,2,0,5,0,3.9392145667126273,4.180177159889309,2.5222497524895866,9.143482747602123,0.32397593812660846,0.6003386960203415
23243,2023-01-12 09:30:00,2023-01-12,312,3,09,IS,up,24.417,-3848.37,-43.75,-3493.75,354.62,0,stop_loss,2023-01-12,0,1,0,0,0,1,3,0,1,3,3,2,1,1,2,3,2,2.0047343675769835,2.0047343675769835,2.0047343675769835,2.0047343675769835,0.9019407558733564,
23249,2023-01-12 10:00:00,2023-01-12,312,9,10,IS,down,28.215,1274.47,35.05,1628.25,353.78,1,next_choch,2023-01-12,0,1,0,0,0,1,4,0,1,2,5,4,2,2,2,4,3,3.3173843700160264,3.3173843700160264,2.9647350699982793,3.3173843700160264,0.039529914529921384,0.438904494382018
23310,2023-01-12 15:05:00,2023-01-12,312,70,15,IS,up,22.772,-3651.95,-40.75,-3298.75,353.2,0,stop_loss,2023-01-13,0,1,3,3,3,0,1,5,0,3,1,11,5,3,1,3,2,2.074898340959591,4.7755596736371535,1.6182011399864107,8.778247161012175,0.5247623811905987,0.20990166158020057
23316,2023-01-13 09:20:00,2023-01-13,313,1,09,IS,down,24.507,-2406.78,-21.6,-2054.0,352.78,0,next_choch,2023-01-13,0,1,4,1,4,0,1,11,1,4,1,1,1,4,1,4,2,3.2235950838134726,3.2235950838134726,3.2235950838134726,3.2235950838134726,0.024050632911410824,
23348,2023-01-13 12:00:00,2023-01-13,313,33,12,IS,up,19.814,5157.19,94.8,5512.0,354.81,1,next_choch,2023-01-16,0,1,0,0,0,1,5,1,1,3,2,7,4,3,1,4,3,1.9203593418794425,5.271525184213219,1.6579186433833928,5.271525184213219,0.6629966491144041,0.22274881516589312
23414,2023-01-16 11:15:00,2023-01-16,314,24,11,IS,down,20.567,-4576.53,-54.95,-4221.75,354.78,0,stop_loss,2023-01-17,0,1,0,0,0,3,18,0,1,1,2,5,1,0,2,1,4,2.66446248845234,6.17250935965385,3.1044877716731745,6.17250935965385,0.03269003544703766,0.301115241635676
23472,2023-01-17 09:50:00,2023-01-17,315,7,09,IS,up,22.648,-2783.29,-27.35,-2427.75,355.54,0,next_choch,2023-01-17,0,1,1,1,1,0,1,27,0,1,1,1,1,1,0,1,1,6.038034095575346,6.038034095575346,2.276129123414294,6.038034095575346,0.9806215722120551,0.821628608358433
23503,2023-01-17 12:25:00,2023-01-17,315,38,12,IS,down,15.981,-1496.36,-7.55,-1140.75,355.61,0,next_choch,2023-01-17,0,1,3,3,3,0,1,23,0,3,2,6,4,2,0,4,2,2.5498870540826353,5.6347810851567965,1.748940936481264,10.10255864740229,0.7073397336636743,0.05943827563682973
23529,2023-01-17 14:35:00,2023-01-17,315,64,14,IS,up,17.078,1775.47,42.8,2132.0,356.53,1,next_choch,2023-01-19,0,1,0,0,0,2,9,0,1,2,3,10,5,1,2,3,3,2.687636870396263,5.474815847103325,2.687636870396263,9.453572390533003,0.824403840198191,0.15489003275620086
23636,2023-01-19 11:00:00,2023-01-19,317,21,11,IS,up,18.893,-3721.09,-41.75,-3363.75,357.34,0,stop_loss,2023-01-19,0,1,2,2,2,0,1,45,1,2,1,2,2,1,0,2,0,5.1208629514166395,5.1208629514166395,2.7284804666204034,5.1208629514166395,0.8987080103359248,0.587596899224784
23668,2023-01-19 13:40:00,2023-01-19,317,53,13,IS,up,14.104,-1810.25,-12.35,-1452.75,357.5,0,stop_loss,2023-01-19,0,1,0,0,0,1,3,0,1,2,3,7,4,2,1,3,3,2.680052750244556,4.293047461039922,1.2762155953545753,6.8596588250308415,0.7405684754522114,0.12999273783588153
23676,2023-01-19 14:20:00,2023-01-19,317,61,14,IS,down,15.797,-2609.2,-24.65,-2252.25,356.95,0,next_choch,2023-01-19,0,1,1,1,1,0,1,8,0,3,3,8,5,2,1,3,3,3.544954453665546,4.03871596685463,3.544954453665546,6.124541846288243,0.2578811369509119,0.3591217982226662
23701,2023-01-20 10:10:00,2023-01-20,318,11,10,IS,up,19.816,-2615.84,-24.75,-2258.75,357.09,0,next_choch,2023-01-20,0,1,1,1,1,0,1,6,0,4,2,4,3,3,1,6,2,3.3205825654275514,3.3205825654275514,1.6830004339970401,3.3205825654275514,0.8290273556230984,0.2562862669245612
23722,2023-01-20 11:55:00,2023-01-20,318,32,11,IS,down,14.196,-2290.69,-19.75,-1933.75,356.94,0,next_choch,2023-01-20,0,1,2,2,2,0,1,27,1,4,2,5,4,1,0,5,1,3.1345754235198817,6.100095093861061,1.9159652026908554,6.100095093861061,0.2540415704388033,0.586890243902452
23728,2023-01-20 12:25:00,2023-01-20,318,38,12,IS,up,13.522,-2196.52,-18.3,-1839.5,357.02,0,stop_loss,2023-01-20,0,1,3,3,3,0,2,33,0,4,2,6,5,2,0,3,1,2.9138563483612483,6.404567506803821,1.671399834339024,6.404567506803821,0.5230946882217093,0.11530681051921138
23738,2023-01-20 13:15:00,2023-01-20,318,48,13,IS,up,12.637,-2170.67,-17.9,-1813.5,357.17,0,stop_loss,2023-01-20,0,1,5,5,5,0,1,43,0,5,1,8,7,2,0,4,0,2.8449108146179136,5.321842900780274,1.5747906873685529,6.853109222417308,0.615473441108547,0.1907514450867184
23743,2023-01-20 13:40:00,2023-01-20,318,53,13,IS,down,12.902,-2030.72,-15.75,-1673.75,356.97,0,stop_loss,2023-01-23,0,1,6,6,6,0,2,48,1,5,0,9,8,2,0,5,0,2.9724534561070692,5.212450975832829,1.619929002154851,6.712241702708036,0.2834872979214744,0.005641748942193061
23768,2023-01-23 09:30:00,2023-01-23,319,3,09,IS,up,22.733,-3447.95,-37.55,-3090.75,357.2,0,next_choch,2023-01-23,0,1,0,0,0,1,3,0,1,3,3,2,1,1,1,3,2,2.861466320035511,2.861466320035511,2.861466320035511,2.861466320035511,1.0,
23817,2023-01-23 13:35:00,2023-01-23,319,52,13,IS,up,11.582,-2840.33,-28.2,-2483.0,357.33,0,stop_loss,2023-01-23,0,1,2,2,2,0,2,23,1,3,3,5,3,2,0,2,1,3.919841824885077,6.2596593018537225,2.6333739131936347,8.893033215047357,0.6276699029126002,0.1769059955587946
23843,2023-01-24 09:30:00,2023-01-24,320,3,09,IS,up,15.752,-3338.43,-35.85,-2980.25,358.18,0,stop_loss,2023-01-24,0,1,2,1,2,0,3,18,1,4,3,1,1,2,0,4,1,2.5838152857748646,2.5838152857748646,2.5838152857748646,2.5838152857748646,0.880835380835408,
23868,2023-01-24 11:35:00,2023-01-24,320,28,11,IS,down,13.458,21408.34,344.85,21765.25,356.91,1,next_choch,2023-01-31,0,1,1,1,1,0,4,11,0,3,4,3,2,1,1,3,1,2.7307786620299157,4.636750707773353,1.463845976652555,4.636750707773353,0.09855769230771333,0.18523153942425943
24215,2023-02-01 09:15:00,2023-02-01,325,0,09,IS,up,34.56,-1363.26,-5.55,-1010.75,352.51,0,next_choch,2023-02-01,0,1,0,0,0,1,4,0,1,1,2,1,0,1,1,1,2,2.8573247338709447,2.8573247338709447,4.183991458407437,2.8573247338709447,0.2921518987341625,
24270,2023-02-01 13:50:00,2023-02-01,325,55,13,IS,down,43.179,4757.54,88.6,5109.0,351.46,1,next_choch,2023-02-02,0,1,0,0,0,1,3,0,1,1,2,8,1,1,2,1,4,6.344534020088532,6.344534020088532,2.2684690902269566,6.344534020088532,0.04690636977550104,0.7622292897167965
24323,2023-02-02 12:00:00,2023-02-02,326,33,12,IS,up,37.6,-4529.09,-54.3,-4179.5,349.59,0,stop_loss,2023-02-02,0,1,1,1,1,0,2,4,0,1,2,3,1,1,1,1,2,2.6024143809658637,5.772652441375843,1.8337912270576822,5.772652441375843,0.9325040313291799,0.4237918215613305
24330,2023-02-02 12:35:00,2023-02-02,326,40,12,IS,down,32.715,-2825.42,-28.1,-2476.5,348.92,0,next_choch,2023-02-02,0,1,2,2,2,0,2,11,1,2,1,4,2,2,1,2,2,3.389840870049012,4.386313479278871,1.5497288738637072,6.634490178937114,0.5208477309375704,0.25330687830687226
24351,2023-02-02 14:20:00,2023-02-02,326,61,14,IS,up,31.862,-460.43,8.3,-110.5,349.93,0,next_choch,2023-02-02,0,1,1,1,1,0,1,5,0,3,3,7,3,1,1,3,3,3.737995103885575,5.118950473918844,2.1138032766305375,6.812190069675453,0.781156415572448,0.3251218886322888
24365,2023-02-03 09:15:00,2023-02-03,327,0,09,IS,up,35.166,-6121.97,-78.8,-5772.0,349.97,0,stop_loss,2023-02-03,0,1,0,0,0,1,5,0,1,3,4,1,0,2,2,3,4,1.6777807794571382,1.6777807794571382,3.34987416644152,1.6777807794571382,0.7457627118644068,
24381,2023-02-03 10:35:00,2023-02-03,327,16,10,IS,down,33.057,-4103.18,-47.75,-3753.75,349.43,0,next_choch,2023-02-03,0,1,1,1,1,0,3,8,0,3,3,3,1,1,1,4,4,2.733190951277572,3.651313202204725,1.9572490818777708,3.651313202204725,0.0041425020712510105,0.218384835107753
24396,2023-02-03 11:50:00,2023-02-03,327,31,11,IS,up,28.555,2278.18,50.45,2629.25,351.07,1,next_choch,2023-02-06,0,1,1,1,1,0,1,6,0,2,4,5,2,1,1,2,3,3.1867877879490396,5.160144841255894,1.8858079382533093,5.160144841255894,0.5975568374618265,0.1289517470881895
24454,2023-02-06 10:25:00,2023-02-06,328,14,10,IS,down,28.296,-1436.52,-6.7,-1085.5,351.02,0,next_choch,2023-02-06,0,1,1,1,1,0,1,20,0,1,1,1,1,1,0,1,4,3.3732325427706353,3.956347649692742,1.3287956375921426,3.956347649692742,0.06029477445288036,0.1848874598070754
24465,2023-02-06 11:20:00,2023-02-06,328,25,11,IS,up,24.523,-2687.94,-25.95,-2336.75,351.19,0,stop_loss,2023-02-06,0,1,0,0,0,1,3,0,1,2,4,4,2,1,2,2,4,2.067472178838412,5.023916616033338,1.306952333959934,5.023916616033338,0.41112012987013924,0.1897810218977998
24531,2023-02-07 10:35:00,2023-02-07,329,16,10,IS,up,20.132,-2610.64,-24.75,-2258.75,351.89,0,stop_loss,2023-02-07,0,1,1,1,1,0,1,3,0,2,3,4,2,2,1,2,3,2.828801621283353,3.963799286714779,1.5870098647937496,3.963799286714779,0.6234335839599054,0.1400410677618052
24544,2023-02-07 11:40:00,2023-02-07,329,29,11,IS,down,15.948,288.86,19.85,640.25,351.39,1,next_choch,2023-02-07,0,1,2,2,2,0,2,16,1,3,3,5,3,1,0,3,2,3.072408517468837,5.003636728449203,1.2320985177197372,5.003636728449203,0.03759398496240636,0.5128688010044135
24579,2023-02-07 14:35:00,2023-02-07,329,64,14,IS,up,18.984,-3266.43,-34.85,-2915.25,351.18,0,stop_loss,2023-02-07,0,1,1,1,1,0,3,29,0,3,4,7,4,1,0,1,1,2.631204665054796,5.280846199634423,2.1676490884285706,8.523101397514672,0.6118665018541437,0.3034300791556806
24678,2023-02-09 10:20:00,2023-02-09,331,13,10,IS,up,19.532,-2800.55,-27.65,-2447.25,353.3,0,stop_loss,2023-02-09,0,1,0,0,0,1,2,0,1,2,2,3,2,2,1,2,3,5.0736991926110635,5.0736991926110635,1.4821754957224633,5.0736991926110635,0.9994954591321971,0.34357541899441674
24704,2023-02-09 12:30:00,2023-02-09,331,39,12,IS,down,15.592,-1815.55,-12.5,-1462.5,353.05,0,stop_loss,2023-02-09,0,1,1,1,1,0,1,13,0,2,2,6,3,1,0,3,3,3.1105695228322214,7.317855310415504,1.0550282195998415,7.317855310415504,0.518843120070095,0.5535939470365681
24718,2023-02-09 13:40:00,2023-02-09,331,53,13,IS,up,15.022,78.36,16.65,432.25,353.89,1,next_choch,2023-02-09,0,1,1,1,1,0,2,4,0,2,3,8,4,1,1,2,2,3.328473761641337,4.496768051977398,2.463070583614589,7.595577124065434,0.8422436459246255,0.4466446644664235
24739,2023-02-09 15:25:00,2023-02-09,331,74,15,IS,up,14.016,-6888.81,-90.55,-6535.75,353.06,0,stop_loss,2023-02-10,0,1,3,3,3,0,1,25,0,4,3,10,6,2,0,3,1,2.4186126153122762,7.669641774220016,1.3056227392392623,10.990775026219422,0.8935410580980102,0.2629213483145815
24765,2023-02-10 11:20:00,2023-02-10,332,25,11,IS,up,18.49,-2036.58,-15.9,-1683.5,353.08,0,stop_loss,2023-02-10,0,1,5,2,5,0,1,51,0,5,1,2,2,1,0,4,0,3.188261572659412,5.408416577878495,0.9681065674403293,5.408416577878495,0.98,0.7286432160804629
24793,2023-02-10 13:40:00,2023-02-10,332,53,13,IS,up,12.842,-2364.37,-20.95,-2011.75,352.62,0,stop_loss,2023-02-10,0,1,0,0,0,1,2,0,1,3,3,6,4,2,1,3,2,2.472452595101818,4.298563251956604,2.2933457929370187,7.857337538449672,0.7467789890980917,0.19883040935668533
24818,2023-02-13 09:30:00,2023-02-13,333,3,09,IS,down,16.593,330.27,20.5,682.5,352.23,1,next_choch,2023-02-13,0,1,0,0,0,1,3,1,1,1,2,3,1,1,3,3,5,4.182562211092917,4.182562211092917,4.182562211092917,4.182562211092917,0.08933717579251582,
24880,2023-02-13 14:40:00,2023-02-13,333,65,14,IS,up,13.026,-2288.7,-19.8,-1937.0,351.7,0,stop_loss,2023-02-13,0,1,1,1,1,0,2,31,0,2,3,6,2,1,0,1,1,3.0015967573544633,5.980163360560205,1.7579684333354921,11.937296566971687,0.48102893890674775,0.41264559068216927
25159,2023-02-17 12:55:00,2023-02-17,337,44,12,IS,down,14.663,-552.41,6.95,-198.25,354.16,0,next_choch,2023-02-17,0,1,0,0,0,1,5,0,1,1,2,4,1,1,2,1,2,4.4806350635268615,6.1037570500098886,2.564259945031988,6.806200598781927,0.027555110220441083,0.6991269308260412
25185,2023-02-17 15:05:00,2023-02-17,337,70,15,IS,up,18.998,-666.41,5.2,-312.0,354.41,0,stop_loss,2023-02-20,0,1,1,1,1,0,1,11,0,2,3,7,2,1,1,2,3,3.2713969891568295,5.7190230550585035,1.2659227287082466,7.971891778081941,0.41696929679763056,0.37709923664121153
25197,2023-02-20 09:50:00,2023-02-20,338,7,09,IS,up,24.702,-3552.53,-39.2,-3198.0,354.53,0,stop_loss,2023-02-20,0,1,2,2,2,0,2,7,1,3,3,3,2,2,1,3,3,3.82363895456153,3.82363895456153,1.6173041422416803,3.82363895456153,0.9920592906299627,0.26540284360186817
25216,2023-02-20 11:25:00,2023-02-20,338,26,11,IS,down,18.981,2376.06,52.0,2730.0,353.94,1,next_choch,2023-02-21,0,1,3,3,3,0,1,26,0,4,3,4,3,1,0,4,1,2.2179607405145134,5.652902314897704,1.962447448554901,5.652902314897704,0.3224603914258973,0.2881118881118678
25277,2023-02-21 10:15:00,2023-02-21,339,12,10,IS,up,20.353,-2462.6,-22.45,-2109.25,353.35,0,stop_loss,2023-02-21,0,1,3,3,3,0,2,17,0,3,1,3,3,3,0,3,3,4.023957038485609,4.023957038485609,1.4297576290590712,4.023957038485609,0.9188034188034024,0.2985586822237385
25299,2023-02-21 12:05:00,2023-02-21,339,34,12,IS,down,15.939,-1786.02,-12.05,-1433.25,352.77,0,next_choch,2023-02-21,0,1,4,4,4,0,5,39,1,4,1,4,4,1,0,4,0,3.9181609426173396,5.599613516870993,2.550412206843854,5.599613516870993,0.23081232492995568,0.457307490832926
25318,2023-02-21 13:40:00,2023-02-21,339,53,13,IS,up,14.234,-2575.71,-24.2,-2223.0,352.71,0,stop_loss,2023-02-21,0,1,5,5,5,0,1,58,0,5,1,5,5,1,0,2,0,3.9307568551135477,7.137889123852109,2.1533100555716604,7.629672823330116,0.5400552486187716,0.5997267759562483
25327,2023-02-21 14:25:00,2023-02-21,339,62,14,IS,down,16.135,-2740.89,-26.75,-2388.75,352.14,0,next_choch,2023-02-21,0,1,1,1,1,0,1,5,0,4,2,7,6,2,1,3,1,4.620447727892461,5.887894488930759,2.7982993281601147,6.854748741849825,0.02576853526219333,0.360381861575179
25345,2023-02-22 09:40:00,2023-02-22,340,5,09,IS,down,23.027,5981.01,107.4,6331.0,349.99,1,next_choch,2023-02-24,0,1,0,0,0,1,5,0,1,3,4,2,1,2,1,4,3,3.363486734964225,3.363486734964225,3.363486734964225,3.363486734964225,0.03292446739831179,0.7528795811517903
25520,2023-02-24 11:45:00,2023-02-24,342,30,11,IS,down,21.35,-48.89,14.6,299.0,347.89,0,next_choch,2023-02-24,0,1,2,2,2,0,1,11,1,2,1,3,2,2,1,2,1,2.6440776407989253,5.815097238355822,1.3302356952824155,5.815097238355822,0.05436971405557729,0.4735576923077264
25561,2023-02-24 15:10:00,2023-02-24,342,71,15,IS,up,19.357,-7769.24,-104.2,-7423.0,346.24,0,stop_loss,2023-02-27,0,1,1,1,1,0,1,11,0,2,2,7,3,1,1,1,2,3.357923666646003,3.853863162027491,1.3405864484533263,9.815469179426778,0.3223684210526316,0.2767676767676768
25573,2023-02-27 09:55:00,2023-02-27,343,8,09,IS,down,30.43,-3592.34,-39.95,-3246.75,345.59,0,next_choch,2023-02-27,0,1,0,0,0,1,8,1,1,2,2,2,1,1,1,2,2,3.9878540514427767,3.9878540514427767,3.9878540514427767,3.9878540514427767,0.05150391429748723,0.16089254257191976
25599,2023-02-27 12:05:00,2023-02-27,343,34,12,IS,down,23.334,-2724.48,-26.6,-2379.0,345.48,0,stop_loss,2023-02-27,0,1,2,2,2,0,1,15,1,3,2,5,3,2,0,3,2,2.4449196669251987,6.769063302205816,1.1399625440877748,6.769063302205816,0.24184868629313422,0.07565084226645356
25635,2023-02-27 15:05:00,2023-02-27,343,70,15,IS,up,19.817,-3478.85,-38.2,-3133.0,345.85,0,stop_loss,2023-02-28,0,1,1,1,1,0,2,23,0,3,3,7,4,1,0,1,1,3.1261196251684535,5.404477996053799,2.2455580842614133,8.202594754981822,0.6201168871116562,0.2500975419430341
25658,2023-02-28 10:45:00,2023-02-28,344,18,10,IS,down,22.406,-2874.07,-28.9,-2528.5,345.57,0,next_choch,2023-02-28,0,1,2,1,2,0,1,46,1,4,3,1,1,1,0,2,0,4.215294668957701,4.552250463035279,2.0976056055162564,4.552250463035279,0.07745098039217113,0.5415947531929436
25676,2023-02-28 12:15:00,2023-02-28,344,36,12,IS,up,17.245,-3381.18,-36.7,-3035.5,345.68,0,stop_loss,2023-02-28,0,1,1,1,1,0,5,7,0,3,4,3,2,1,1,2,1,3.299545370198637,5.914826498422713,2.542795509371067,5.914826498422713,0.4877450980392157,0.29664281783161517
25690,2023-02-28 13:25:00,2023-02-28,344,50,13,IS,down,17.145,-3748.09,-42.35,-3402.75,345.34,0,stop_loss,2023-03-01,0,1,0,0,0,1,7,0,1,3,3,5,3,1,1,3,2,3.843663787321244,4.8060378767112155,2.4875912068171933,6.5324786673743525,0.023660714285727278,0.46456055083029485
25719,2023-03-01 09:35:00,2023-03-01,345,4,09,IS,up,24.782,-4671.35,-56.55,-4325.75,345.6,0,next_choch,2023-03-02,0,1,0,0,0,1,4,0,1,2,3,2,1,1,1,1,3,3.1312797088233566,3.1312797088233566,3.1312797088233566,3.1312797088233566,0.9890463917525495,
25798,2023-03-02 09:55:00,2023-03-02,346,8,09,IS,down,17.563,-2100.3,-17.0,-1755.0,345.3,0,stop_loss,2023-03-02,0,1,1,1,1,0,1,21,0,1,1,1,1,1,0,1,3,5.2924664203112695,5.2924664203112695,1.0789912712738206,5.2924664203112695,0.010220548682094892,0.6934306569343158
25866,2023-03-03 09:20:00,2023-03-03,347,1,09,IS,up,22.432,7483.42,130.5,7832.5,349.08,1,next_choch,2023-03-09,0,1,1,1,1,0,1,2,0,1,2,1,1,1,1,1,3,2.897607467803123,2.897607467803123,2.897607467803123,2.897607467803123,1.0,
26143,2023-03-09 13:40:00,2023-03-09,350,53,13,IS,down,13.98,8439.04,145.2,8788.0,348.96,1,next_choch,2023-03-13,0,1,1,1,1,0,1,8,0,1,1,5,1,1,1,1,2,3.5623336862284525,7.904374946350397,1.9850353372056426,11.348679504420831,0.03498266624644955,0.303073286052013
26256,2023-03-13 10:35:00,2023-03-13,352,16,10,IS,down,25.389,20220.93,326.4,20566.0,345.07,1,next_choch,2023-03-17,0,1,1,1,1,0,2,5,0,2,3,3,2,1,1,2,3,2.4715719985662914,5.303540551505255,2.0836041230941897,5.303540551505255,0.2075751949498732,0.3983957219251634
26561,2023-03-17 11:00:00,2023-03-17,356,21,11,IS,down,27.265,-713.61,4.25,-373.75,339.86,0,next_choch,2023-03-17,0,1,1,1,1,0,5,6,0,2,3,5,2,2,1,2,3,2.06675982673702,3.7319043898932325,1.3955671944514476,3.7319043898932325,0.09828009828009827,0.1566731141199355
26595,2023-03-17 13:50:00,2023-03-17,356,55,13,IS,up,27.734,-5734.46,-73.0,-5395.0,339.46,0,stop_loss,2023-03-17,0,1,1,1,1,0,1,10,0,1,2,10,3,1,1,1,4,4.690959176756443,4.690959176756443,2.7439046375954073,6.535252504128477,0.7006896551724138,0.569686411149827
26617,2023-03-20 09:25:00,2023-03-20,357,2,09,IS,down,41.258,-1816.81,-12.75,-1478.75,338.06,0,next_choch,2023-03-20,0,1,1,1,1,0,2,9,0,2,3,1,1,1,1,2,2,3.0248972310555944,3.0248972310555944,3.0248972310555944,3.0248972310555944,0.1502403846153855,
26685,2023-03-20 15:05:00,2023-03-20,357,70,15,IS,up,24.322,2390.77,52.0,2730.0,339.23,1,next_choch,2023-03-23,0,1,1,1,1,0,1,2,0,1,1,8,2,1,1,1,3,5.346923001019607,6.950383185869786,2.2633457224615694,10.023681873499296,0.6726825266611998,0.7363770250368425
26916,2023-03-24 09:20:00,2023-03-24,361,1,09,IS,down,21.626,-3654.1,-41.0,-3315.0,339.1,0,next_choch,2023-03-24,0,1,0,0,0,1,6,0,1,1,2,1,0,1,1,1,1,2.966377966955882,2.966377966955882,2.966377966955882,2.966377966955882,0.09898674980512488,
26951,2023-03-24 12:15:00,2023-03-24,361,36,12,IS,up,18.465,-2328.55,-20.6,-1989.0,339.55,0,stop_loss,2023-03-24,0,1,0,0,0,1,4,0,1,2,4,4,1,1,1,1,3,3.3035293607941467,5.718896729505854,1.429724182376562,5.816377923758757,0.9292364990689134,0.45933562428406843
26955,2023-03-24 12:35:00,2023-03-24,361,40,12,IS,down,19.095,-3027.0,-31.35,-2687.75,339.25,0,stop_loss,2023-03-24,0,1,1,1,1,0,1,4,0,2,4,5,2,2,1,2,2,2.896061251957291,4.6923524082345835,1.9350716683512734,5.731896998674887,0.5459113750571182,0.14611193660228255
26994,2023-03-27 09:35:00,2023-03-27,362,4,09,IS,up,29.491,-3373.67,-36.7,-3035.5,338.17,0,stop_loss,2023-03-27,0,1,1,1,1,0,1,10,0,1,2,1,1,1,1,1,4,3.848566536120577,3.848566536120577,1.624196802468434,3.848566536120577,0.9013215859031093,
27019,2023-03-27 11:40:00,2023-03-27,362,29,11,IS,up,21.976,-2636.28,-25.35,-2297.75,338.53,0,next_choch,2023-03-27,0,1,3,3,3,0,1,35,0,3,1,3,3,2,0,3,1,3.098849193889604,5.826837581168594,1.772396124845887,5.826837581168594,0.8883248730964265,0.40129449838187
27037,2023-03-27 13:10:00,2023-03-27,362,47,13,IS,down,18.249,-3279.68,-35.25,-2941.25,338.43,0,stop_loss,2023-03-27,0,1,1,1,1,0,2,13,0,4,3,5,4,1,0,3,1,3.970058797420187,5.611235622578529,1.9316021064052475,8.4086338504365,0.5278592375366544,0.480283114256818
27051,2023-03-27 14:20:00,2023-03-27,362,61,14,IS,up,19.976,-4027.94,-46.75,-3688.75,339.19,0,stop_loss,2023-03-27,0,1,2,2,2,0,1,27,1,4,2,6,5,1,0,3,1,5.56406559740501,5.56406559740501,2.387817624797297,8.567609779539929,0.9944493134677141,0.7968936678614086
27080,2023-03-28 10:30:00,2023-03-28,363,15,10,IS,down,21.797,-2512.02,-23.45,-2174.25,337.77,0,next_choch,2023-03-28,0,1,1,1,1,0,1,26,0,3,4,1,1,1,0,2,1,3.578556190214025,4.872341889752975,1.9659119583418687,4.872341889752975,0.028248587570621275,0.5710332103321091
27115,2023-03-28 13:25:00,2023-03-28,363,50,13,IS,down,15.692,-2849.87,-28.65,-2512.25,337.62,0,stop_loss,2023-03-29,0,1,1,1,1,0,1,5,0,3,5,5,3,1,1,2,2,3.1099243549136975,3.7312719463155215,2.536372732081245,7.77481088728436,0.07377049180327869,0.07864164432528548
27146,2023-03-29 09:45:00,2023-03-29,364,6,09,IS,up,17.583,-3522.78,-39.0,-3185.0,337.78,0,stop_loss,2023-03-29,0,1,1,1,1,0,6,12,0,2,3,1,1,1,0,2,3,2.2266331486811652,2.2266331486811652,2.2266331486811652,2.2266331486811652,0.9961685823754419,0.8084632516702862
27173,2023-03-29 12:00:00,2023-03-29,364,33,12,IS,down,15.209,-1734.95,-11.5,-1397.5,337.45,0,stop_loss,2023-03-29,0,1,1,1,1,0,5,20,0,2,3,3,2,1,0,2,1,4.388964138710993,6.24317820180692,1.522165090803983,6.24317820180692,0.08162190626645541,0.5815188528942636
27188,2023-03-29 13:15:00,2023-03-29,364,48,13,IS,up,14.721,36866.04,582.5,37212.5,346.46,1,next_choch,2023-04-21,0,1,1,1,1,0,1,14,0,3,5,5,3,1,0,2,2,4.371217215871029,7.648781017980897,1.9767275987855817,7.648781017980897,0.5639431616340921,0.770114942528662
28169,2023-04-21 13:45:00,2023-04-21,377,54,13,IS,up,12.275,63.74,16.35,412.75,349.01,1,next_choch,2023-04-24,0,1,2,2,2,0,3,22,1,2,1,4,2,2,0,2,2,4.154853846905856,4.998044774660161,1.556033499527665,8.704826147880091,0.45718296677584663,0.17586206896550152
28200,2023-04-24 10:05:00,2023-04-24,378,10,10,IS,down,18.184,-2370.47,-21.1,-2021.5,348.97,0,stop_loss,2023-04-24,0,1,1,1,1,0,2,10,0,3,3,2,1,1,1,2,2,4.281236251649721,4.281236251649721,1.3115926088868535,4.281236251649721,0.035324341682723845,0.5303643724696372
28232,2023-04-24 12:45:00,2023-04-24,378,42,12,IS,up,11.038,1671.21,41.1,2021.5,350.29,1,next_choch,2023-04-26,0,1,0,0,0,1,3,0,1,2,4,5,2,1,2,2,2,4.919414018970934,4.919414018970934,1.9297148914194975,7.320233015337997,0.6392326732673055,0.7307692307692355
28362,2023-04-26 11:05:00,2023-04-26,380,22,11,IS,up,11.424,-923.33,1.2,-572.0,351.33,0,next_choch,2023-04-26,0,1,1,1,1,0,1,4,0,2,3,3,2,1,1,2,1,2.6741010468820483,5.663317110745486,1.9038198942614053,5.663317110745486,0.8948995363214962,0.5130434782609057
28380,2023-04-26 12:35:00,2023-04-26,380,40,12,IS,up,10.292,-2321.01,-20.3,-1969.5,351.51,0,stop_loss,2023-04-26,0,1,2,2,2,0,2,8,1,3,3,7,4,2,1,4,3,3.6435358815413617,8.739628067857284,2.2687083422396133,8.739628067857284,0.9660922734852779,0.49559082892409845
28389,2023-04-26 13:20:00,2023-04-26,380,49,13,IS,down,11.285,-2203.7,-18.5,-1852.5,351.2,0,stop_loss,2023-04-26,0,1,3,3,3,0,1,17,0,3,2,8,5,2,0,4,3,4.377414666997613,5.560379966682026,1.7190656789424605,8.58646723141827,0.4994840041279745,0.252221462747796
28399,2023-04-26 14:10:00,2023-04-26,380,59,14,IS,up,11.592,-2291.68,-19.85,-1940.25,351.43,0,stop_loss,2023-04-26,0,1,0,0,0,1,8,1,1,4,2,10,6,2,1,4,3,3.3169999482393355,4.52906364844114,2.307665763729533,8.3593574768372,0.8446852425180696,0.3116089613034814
28410,2023-04-26 15:05:00,2023-04-26,380,70,15,IS,up,12.559,22792.52,366.15,23149.75,357.23,1,next_choch,2023-05-17,0,1,2,2,2,0,1,12,1,4,2,12,8,2,0,6,1,3.5234538606702923,4.391378088496537,3.1054169619466983,7.926775860559047,0.9623304871923668,0.31785195936140775
29433,2023-05-17 12:55:00,2023-05-17,394,44,12,IS,down,13.42,-2187.87,-18.15,-1829.75,358.12,0,stop_loss,2023-05-17,0,1,1,1,1,0,1,5,0,1,1,5,1,1,2,1,4,2.876218294536567,10.98327918690959,1.7510655420106702,11.363297666239456,0.05803278688523636,0.13736654804272533
29454,2023-05-17 14:40:00,2023-05-17,394,65,14,IS,up,14.067,472.99,22.8,832.0,359.01,1,next_choch,2023-05-18,0,1,2,2,2,0,2,26,1,2,1,6,2,1,0,2,2,3.1777175883469986,4.336482614970106,2.249994668259183,11.463242978097208,0.3302325581395349,0.37122736418511987
29501,2023-05-18 12:20:00,2023-05-18,395,37,12,IS,down,13.498,1691.92,41.55,2050.75,358.83,1,next_choch,2023-05-19,0,1,1,1,1,0,1,6,0,2,2,3,1,1,1,1,2,4.515349967403598,7.582380133941693,2.2891601967638993,7.582380133941693,0.04494382022470552,0.5370985603544003
29578,2023-05-19 12:30:00,2023-05-19,396,39,12,IS,down,18.483,-2245.62,-19.05,-1888.25,357.37,0,next_choch,2023-05-19,0,1,0,0,0,1,4,0,1,2,2,5,2,2,1,2,2,3.129937022529172,6.541216698768663,2.5645464972840397,6.8144436990066835,0.37753076617704645,0.2846367606192926
29588,2023-05-19 13:20:00,2023-05-19,396,49,13,IS,up,17.354,9942.35,168.5,10302.5,360.15,1,next_choch,2023-05-24,0,1,0,0,0,1,4,0,1,3,4,7,3,1,2,3,3,3.1231272760798836,6.966532982989989,1.8439127829253679,7.257525469045357,0.563318777292579,0.13545150501671777
29810,2023-05-24 13:05:00,2023-05-24,399,46,13,IS,down,12.606,-2417.78,-21.65,-2057.25,360.53,0,stop_loss,2023-05-24,0,1,1,1,1,0,1,21,0,1,1,3,1,1,0,1,2,4.073586342578075,6.397950117408251,1.8682173002477398,8.726280383321697,0.2840909090909091,0.7421383647798602
29830,2023-05-24 14:45:00,2023-05-24,399,66,14,IS,down,16.108,-2287.14,-19.65,-1927.25,359.89,0,next_choch,2023-05-25,0,1,3,3,3,0,1,41,0,3,1,5,3,2,0,3,0,4.742867075563151,6.592833552680634,3.7433885426236793,7.868565468947878,0.08362919132148754,0.3518438177874439
29863,2023-05-25 11:15:00,2023-05-25,400,24,11,IS,down,15.629,-1980.85,-14.95,-1621.75,359.1,0,next_choch,2023-05-25,0,1,0,0,0,1,6,0,1,3,3,4,2,1,1,3,2,2.335342367589287,4.648291041242879,2.0154324542208912,4.648291041242879,0.010323468685478114,0.3439716312056625
29875,2023-05-25 12:15:00,2023-05-25,400,36,12,IS,up,12.977,-2634.07,-25.0,-2275.0,359.07,0,stop_loss,2023-05-25,0,1,1,1,1,0,2,12,0,3,4,5,3,1,0,3,1,3.394493291926367,7.139609614006539,2.045943175951057,7.139609614006539,0.45871559633026804,0.3056921995783806
29884,2023-05-25 13:00:00,2023-05-25,400,45,13,IS,down,12.887,-2175.63,-17.95,-1816.75,358.88,0,stop_loss,2023-05-25,0,1,0,0,0,1,4,1,1,3,3,7,4,2,1,3,2,3.2590224484570083,6.26585863602151,2.5451413406997023,7.189248329751108,0.08094981111710613,0.1816958277254481
29900,2023-05-25 14:20:00,2023-05-25,400,61,14,IS,up,15.045,20500.71,331.0,20865.0,364.29,1,next_choch,2023-06-01,0,1,1,1,1,0,1,10,0,2,2,10,5,1,1,3,3,4.054395363366876,4.054395363366876,2.0205511319075233,6.7894505961956115,0.5580029368575544,0.43731606827545083
30284,2023-06-01 15:05:00,2023-06-01,405,70,15,IS,down,14.667,-6085.0,-78.0,-5720.0,365.0,0,stop_loss,2023-06-02,0,1,0,0,0,2,14,0,1,1,2,5,1,0,2,1,2,2.727210745210336,4.448762528124361,2.8669802959023163,6.272584713983774,0.009782608695667992,0.31071136549465933
30339,2023-06-02 13:25:00,2023-06-02,406,50,13,IS,up,12.53,-4333.93,-51.05,-3968.25,365.68,0,stop_loss,2023-06-02,0,1,0,0,0,3,50,5,1,1,2,4,1,0,1,0,3,3.599217908303623,7.725150632456748,8.57507681257737,8.57507681257737,0.9930200093066543,0.6841243862520094
30355,2023-06-02 14:45:00,2023-06-02,406,66,14,IS,up,15.159,1106.04,32.65,1472.25,366.21,1,next_choch,2023-06-06,0,1,1,1,1,0,1,2,0,2,3,8,3,2,1,2,4,5.768736023430969,5.824807214053371,1.569993337423184,7.741122611202508,0.5752023860247018,0.4075327972915858
30451,2023-06-06 10:15:00,2023-06-06,408,12,10,IS,down,13.295,66.07,16.65,432.25,366.18,1,next_choch,2023-06-06,0,1,0,0,0,1,3,0,1,1,2,2,1,1,1,1,2,4.031439208754732,4.031439208754732,1.771275995637567,4.031439208754732,0.10541044776115617,0.3836978131212783
30509,2023-06-06 15:05:00,2023-06-06,408,70,15,IS,up,11.097,4663.29,87.4,5031.0,367.71,1,next_choch,2023-06-08,0,1,3,3,3,0,1,36,0,3,1,9,4,1,0,3,0,3.987564206542309,5.339280886726143,3.081914030819206,8.511309362890938,0.6320804658549526,0.646278555637428
30642,2023-06-08 13:40:00,2023-06-08,410,53,13,IS,up,11.096,-2506.5,-22.9,-2138.5,368.0,0,stop_loss,2023-06-08,0,1,2,2,2,0,2,35,1,2,1,5,2,2,0,2,1,2.694761887595214,8.656584592090493,2.1269692490719008,8.656584592090493,0.30973451327433865,0.12777777777779434
30653,2023-06-08 14:35:00,2023-06-08,410,64,14,IS,down,12.562,2641.75,56.3,3009.5,367.75,1,next_choch,2023-06-12,0,1,3,3,3,0,5,46,0,3,1,6,3,1,0,3,0,4.218939056231293,5.810991530280838,2.1890721518181238,8.000063682098961,0.09054726368157756,0.09355026147592468
30776,2023-06-12 12:20:00,2023-06-12,412,37,12,IS,down,11.138,-2316.44,-20.0,-1950.0,366.44,0,stop_loss,2023-06-12,0,1,2,2,2,0,1,9,1,2,1,6,2,2,2,2,4,3.492642107437034,5.8270558553383065,2.0964831159035118,6.5363584941238235,0.5116758241758037,0.24901806755696645
30798,2023-06-12 14:10:00,2023-06-12,412,59,14,IS,up,10.59,-2092.52,-16.55,-1725.75,366.77,0,stop_loss,2023-06-12,0,1,0,0,0,1,8,5,1,3,4,9,3,1,1,3,5,2.7101550548641833,4.693195338911096,2.7101550548641833,7.044514532852573,0.9886058981232955,0.41728395061726
30815,2023-06-13 09:20:00,2023-06-13,413,1,09,IS,up,14.784,1285.85,35.45,1654.25,368.4,1,next_choch,2023-06-15,0,1,2,1,2,0,1,22,1,3,4,1,1,1,0,3,2,2.0968756552736423,2.0968756552736423,2.0968756552736423,2.0968756552736423,0.9032258064516129,
31015,2023-06-15 13:30:00,2023-06-15,415,51,13,IS,up,11.938,-2923.01,-29.3,-2554.5,368.51,0,stop_loss,2023-06-15,0,1,2,2,2,0,1,8,1,2,1,6,2,2,1,2,3,3.375774836655995,7.304406098173959,2.898307924275301,8.087619366728033,0.41429311237700983,0.3188202247191081
31023,2023-06-15 14:10:00,2023-06-15,415,59,14,IS,down,14.383,-3413.49,-36.85,-3045.25,368.24,0,stop_loss,2023-06-16,0,1,3,3,3,0,1,16,0,3,1,7,3,2,0,3,3,4.161017832933469,4.161017832933469,1.977960857927537,7.338269544964666,0.029843675982960463,0.18658088235293574
31045,2023-06-16 09:45:00,2023-06-16,416,6,09,IS,up,14.716,-2416.55,-21.5,-2047.5,369.05,0,stop_loss,2023-06-16,0,1,0,0,0,1,3,0,1,4,2,2,1,1,1,4,1,4.61402555042141,4.61402555042141,1.6988312041315576,4.61402555042141,0.9484536082474238,0.8333333333333041
31092,2023-06-16 13:40:00,2023-06-16,416,53,13,IS,up,9.87,-1227.38,-3.2,-858.0,369.38,0,next_choch,2023-06-16,0,1,0,0,0,1,6,3,1,2,2,7,3,2,1,2,2,2.3404492446734197,3.687980627970036,1.4589813473288946,8.444867729156545,0.8170365926814686,0.2820976491862257
31096,2023-06-16 14:00:00,2023-06-16,416,57,14,IS,up,9.683,1846.25,44.1,2216.5,370.25,1,next_choch,2023-06-19,0,1,2,2,2,0,1,3,1,3,2,10,5,3,2,4,3,2.3443632007271376,3.759243194117554,1.7505267071508992,8.608047259057523,0.9448110377924168,0.2687782805429247
31126,2023-06-19 10:15:00,2023-06-19,417,12,10,IS,down,15.736,1827.12,43.8,2197.0,369.88,1,next_choch,2023-06-20,0,1,0,0,0,2,5,0,1,3,2,3,1,1,2,3,3,3.1774477468718025,3.3839818504184698,1.8905814093887225,3.3839818504184698,0.05258215962439948,0.4957081545064417
31256,2023-06-20 14:50:00,2023-06-20,418,67,14,IS,up,14.426,-77.13,14.5,292.5,369.63,0,next_choch,2023-06-21,0,1,0,0,0,1,5,0,1,3,2,6,3,2,1,3,1,3.37591936613133,5.36195817187396,2.47474992548027,8.848790699931472,0.9925577751664652,0.19607843137256079
31286,2023-06-21 11:05:00,2023-06-21,419,22,11,IS,down,15.946,-3015.0,-30.7,-2645.5,369.5,0,stop_loss,2023-06-21,0,1,1,1,1,0,2,15,0,1,2,3,1,1,0,2,4,4.1389171087782675,4.533995560070692,2.0286964919541046,4.533995560070692,0.022821576763455517,0.4591920857378488
31306,2023-06-21 12:45:00,2023-06-21,419,42,12,IS,up,13.811,-656.24,5.6,-286.0,370.24,0,next_choch,2023-06-21,0,1,4,4,4,0,1,35,1,4,1,6,4,3,0,4,1,2.7442887657939843,5.803555265920963,2.1722602367763657,5.803555265920963,0.6637554585152808,0.2697967764541325
31327,2023-06-21 14:30:00,2023-06-21,419,63,14,IS,down,13.277,-3161.73,-32.95,-2791.75,369.98,0,stop_loss,2023-06-21,0,1,1,1,1,0,2,4,0,2,2,10,5,1,2,4,3,3.1595279160673275,4.872978692957207,2.666204725358428,6.03661889088907,0.46412975670617657,0.3308270676691729
31352,2023-06-22 10:20:00,2023-06-22,420,13,10,IS,up,13.778,-1988.82,-14.9,-1618.5,370.32,0,stop_loss,2023-06-22,0,1,2,2,2,0,1,10,1,4,3,3,2,2,1,4,3,2.3951226593119466,3.338655828131804,1.0886921178690665,3.338655828131804,0.9130434782608695,0.12231884057969655
31366,2023-06-22 11:30:00,2023-06-22,420,27,11,IS,down,13.178,-2644.87,-25.0,-2275.0,369.87,0,stop_loss,2023-06-22,0,1,3,3,3,0,3,24,0,4,2,4,3,1,0,4,1,3.885351768518082,4.716301023699239,2.170333214445506,4.716301023699239,0.05792437650842253,0.717140661029887
31606,2023-06-27 12:45:00,2023-06-27,423,42,12,IS,down,8.811,-1726.48,-10.9,-1358.5,367.98,0,stop_loss,2023-06-27,0,1,3,3,3,0,1,23,1,3,1,6,3,3,0,3,3,1.9293407329224974,4.539625253935288,1.344863981478164,4.539625253935288,0.575,0.17300613496929185
31622,2023-06-27 14:05:00,2023-06-27,423,58,14,IS,up,8.007,47477.2,746.25,47856.25,379.05,1,next_choch,2023-08-02,0,1,3,3,3,0,16,39,0,3,1,6,3,0,0,3,0,3.7528255466885554,4.995441659485719,3.9463989109939903,5.395076992244667,0.9988425925926094,0.5793901156676553
33550,2023-08-03 12:15:00,2023-08-03,449,36,12,IS,down,17.558,-3046.06,-31.0,-2665.0,381.06,0,stop_loss,2023-08-04,0,1,0,0,0,4,52,5,1,1,2,4,0,0,1,0,3,3.6963207654629127,5.188518054448032,6.199453240687923,5.188518054448032,0.11086717892424486,0.6837209302324585
33600,2023-08-04 10:10:00,2023-08-04,450,11,10,IS,up,21.661,-3123.85,-32.2,-2743.0,380.85,0,stop_loss,2023-08-04,0,1,1,1,1,0,1,28,0,1,1,1,1,1,0,1,2,2.8922548508169617,2.8922548508169617,1.8973930465853177,2.8922548508169617,0.7645650438946583,0.004539826661157922
33645,2023-08-04 13:55:00,2023-08-04,450,56,13,IS,down,20.135,-4232.42,-49.25,-3851.25,381.17,0,next_choch,2023-08-04,0,1,0,0,0,1,5,0,1,1,2,8,2,1,2,1,5,3.359837893409029,3.6429284476209065,2.8383552935451113,5.20737624721266,0.3023366714353845,0.3518518518518586
33655,2023-08-04 14:45:00,2023-08-04,450,66,14,IS,up,19.468,-307.42,11.15,74.75,382.17,0,next_choch,2023-08-08,0,1,1,1,1,0,2,10,0,2,3,9,3,1,1,2,3,3.7240217380137866,4.296750598411844,2.236981333662037,5.385705920424188,0.845016690510256,0.2769468798349869
33774,2023-08-08 12:10:00,2023-08-08,452,35,12,IS,up,11.849,-2007.57,-15.0,-1625.0,382.57,0,stop_loss,2023-08-08,0,1,2,2,2,0,1,26,1,2,1,3,2,2,0,2,1,2.9412757625372237,6.992387286261546,1.2659723511638505,6.992387286261546,0.420639710319845,0.0989010989010989
33814,2023-08-09 09:15:00,2023-08-09,453,0,09,IS,down,12.989,3131.19,64.05,3513.25,382.06,1,next_choch,2023-08-09,0,1,1,1,1,0,8,1,1,2,3,1,1,2,1,2,3,2.582895152163928,2.582895152163928,2.6868268497918635,2.582895152163928,0.05067064083459255,
33828,2023-08-09 10:25:00,2023-08-09,453,14,10,IS,down,13.999,-3062.39,-31.25,-2681.25,381.14,0,stop_loss,2023-08-09,0,1,2,2,2,0,2,15,1,3,3,2,2,1,0,3,2,4.343105320303965,7.546859820561279,2.5894336819246813,7.546859820561279,0.04732607666824355,0.7726597325408284
33869,2023-08-09 13:50:00,2023-08-09,453,55,13,IS,up,12.136,3104.26,63.65,3487.25,382.99,1,next_choch,2023-08-10,0,1,3,3,3,0,3,56,0,4,3,3,3,1,0,1,0,3.172301277984229,5.273435890675082,1.9528192282656762,8.795926270774453,0.6145199063231713,0.3433734939759036
33902,2023-08-10 10:20:00,2023-08-10,454,13,10,IS,down,23.875,-3398.43,-36.4,-3016.0,382.43,0,next_choch,2023-08-10,0,1,1,1,1,0,4,26,0,4,3,1,1,1,0,1,1,3.727717464146897,3.727717464146897,3.727717464146897,3.727717464146897,0.15224719101122777,0.14861460957179604
33936,2023-08-10 13:10:00,2023-08-10,454,47,13,IS,up,16.859,-3054.16,-31.1,-2671.5,382.66,0,stop_loss,2023-08-10,0,1,2,2,2,0,2,60,1,4,2,2,2,1,0,1,0,3.882268502316355,7.829785214755587,2.1235326567291235,7.948418324070065,0.7746268656716364,0.5789473684210034
33943,2023-08-10 13:45:00,2023-08-10,454,54,13,IS,down,18.767,-1890.22,-13.2,-1508.0,382.22,0,next_choch,2023-08-10,0,1,0,0,0,1,4,0,1,3,3,4,3,2,1,2,1,4.196173090141791,4.657086070836808,2.5416819860287805,7.1401548454476185,0.3716417910447707,0.29094412331407454
33960,2023-08-10 15:10:00,2023-08-10,454,71,15,IS,up,18.657,-5006.35,-61.15,-4624.75,381.6,0,stop_loss,2023-08-11,0,1,1,1,1,0,1,17,0,4,3,5,4,1,0,3,1,2.197531261222149,5.153478799183239,1.5570312960610202,7.1821753415553165,0.5,0.022787493375742686
33965,2023-08-11 09:20:00,2023-08-11,455,1,09,IS,down,20.098,-1128.78,-1.5,-747.5,381.28,0,next_choch,2023-08-11,0,1,2,1,2,0,1,22,1,4,2,1,1,2,0,4,1,2.669353434335787,2.669353434335787,2.669353434335787,2.669353434335787,0.09785647716682598,
34039,2023-08-14 09:15:00,2023-08-14,456,0,09,IS,down,24.066,-3511.57,-38.2,-3133.0,378.57,0,next_choch,2023-08-14,0,1,2,0,2,0,6,8,1,4,3,0,0,3,1,4,1,3.683635351264713,3.683635351264713,7.271699790990572,3.683635351264713,0.0840383530738929,
34089,2023-08-14 13:25:00,2023-08-14,456,50,13,IS,up,12.953,-2829.46,-27.7,-2450.5,378.96,0,stop_loss,2023-08-16,0,1,0,0,0,1,4,0,1,1,3,5,1,1,3,1,4,2.8101598085386748,5.821045317687135,2.3469466532850656,10.163668648189722,0.7816179263197898,0.0887096774193781
34134,2023-08-16 10:55:00,2023-08-16,457,20,10,IS,down,15.827,-1552.42,-8.05,-1173.25,379.17,0,next_choch,2023-08-16,0,1,3,3,3,0,1,29,0,3,2,3,3,2,0,3,1,3.2034878210594315,5.155909392474555,1.7786623700753683,5.155909392474555,0.6311274509804035,0.08180088776158712
34153,2023-08-16 12:30:00,2023-08-16,457,39,12,IS,up,13.209,328.62,20.9,708.5,379.88,1,next_choch,2023-08-17,0,1,0,0,0,1,6,0,1,3,3,6,4,1,2,3,2,3.747530037021054,4.958852877270284,2.074390363926916,6.177746485270961,0.9417892156862735,0.09556907037359544
34191,2023-08-17 09:25:00,2023-08-17,458,2,09,IS,down,16.579,2327.91,51.65,2707.25,379.34,1,next_choch,2023-08-21,0,1,1,1,1,0,2,8,0,1,1,1,1,1,1,1,4,2.403686658181796,2.403686658181796,2.403686658181796,2.403686658181796,0.08531994981183386,
34362,2023-08-21 11:10:00,2023-08-21,460,23,11,IS,up,14.276,-2162.63,-17.45,-1784.25,378.38,0,stop_loss,2023-08-21,0,1,1,1,1,0,1,17,0,1,1,2,1,1,0,1,2,5.120517795725561,5.2220875741634,1.7722175134316767,5.2220875741634,0.894701542588885,0.8635394456290157
34385,2023-08-21 13:05:00,2023-08-21,460,46,13,IS,up,11.578,-2029.85,-15.4,-1651.0,378.85,0,next_choch,2023-08-21,0,1,0,0,0,1,5,0,1,4,1,7,5,2,1,5,1,3.5368497421857414,8.287197381262965,1.9303685406067097,8.287197381262965,0.9661281917665453,0.2720247295208247
34398,2023-08-21 14:10:00,2023-08-21,460,59,14,IS,down,11.796,-2731.82,-26.2,-2353.0,378.82,0,stop_loss,2023-08-21,0,1,1,1,1,0,1,5,0,3,2,9,6,1,1,5,2,3.458799593082339,5.569684638860693,2.8780942692438733,9.049677856900646,0.690398126463707,0.29411764705884175
34419,2023-08-22 09:40:00,2023-08-22,461,5,09,IS,up,13.032,-2524.17,-23.0,-2145.0,379.17,0,stop_loss,2023-08-22,0,1,0,0,0,1,12,3,1,2,3,1,0,0,1,2,3,2.69347350650364,2.69347350650364,3.7716302804743473,2.69347350650364,0.9686609686609085,1.0
34441,2023-08-22 11:30:00,2023-08-22,461,27,11,IS,up,11.251,-1659.63,-9.7,-1280.5,379.13,0,stop_loss,2023-08-22,0,1,0,0,0,1,12,0,1,3,3,4,2,0,1,3,2,2.0041772208149378,4.23943474203446,2.0041772208149378,4.23943474203446,0.6792452830188881,0.045212765957472284
34470,2023-08-22 13:55:00,2023-08-22,461,56,13,IS,down,8.471,-827.56,3.1,-448.5,379.06,0,next_choch,2023-08-23,0,1,1,1,1,0,2,5,0,2,2,7,3,1,1,1,3,2.939579250584546,3.789578070030287,1.7708308738460088,5.6312421788303935,0.4234800838574511,0.4619883040935672
34514,2023-08-23 11:20:00,2023-08-23,462,25,11,IS,up,11.719,2999.85,62.0,3380.0,380.15,1,next_choch,2023-08-24,0,1,1,1,1,0,1,15,0,2,3,3,1,1,0,1,2,4.612128917749595,5.226510568217696,2.039405756414866,5.226510568217696,0.9983673469387399,0.7947169811320861
34610,2023-08-24 13:05:00,2023-08-24,463,46,13,IS,down,14.721,7231.86,127.1,7611.5,379.64,1,next_choch,2023-08-28,0,1,1,1,1,0,1,7,0,1,2,2,1,1,1,1,1,3.213162417548276,7.869870318667059,1.5658222774734156,8.077061552779519,0.001682085786381204,0.28615009151919996
34753,2023-08-28 12:30:00,2023-08-28,465,39,12,IS,up,11.853,-2392.8,-21.0,-2015.0,377.8,0,stop_loss,2023-08-28,0,1,1,1,1,0,2,43,0,1,1,1,1,1,0,1,0,3.927342062634928,6.677747030237704,2.0459300755939522,8.592906317494478,0.9680903289150707,0.24560260586314994
34775,2023-08-28 14:20:00,2023-08-28,465,61,14,IS,down,13.939,-2928.82,-29.25,-2551.25,377.57,0,stop_loss,2023-08-29,0,1,1,1,1,0,2,4,0,2,3,4,2,1,1,2,2,3.7521702323044837,4.182629532377661,3.1710501772057977,8.150029414718734,0.5576584507042197,0.4668105774420153
34796,2023-08-29 09:50:00,2023-08-29,466,7,09,IS,up,14.962,-2779.75,-26.95,-2401.75,378.0,0,stop_loss,2023-08-29,0,1,0,0,0,1,7,0,1,2,4,2,1,1,1,2,4,2.3593102526399727,2.3593102526399727,2.3593102526399727,2.3593102526399727,0.9164305949008276,0.44573643410847685
34827,2023-08-29 12:25:00,2023-08-29,466,38,12,IS,up,9.607,-1905.45,-13.5,-1527.5,377.95,0,stop_loss,2023-08-29,0,1,0,0,0,1,4,0,1,4,2,8,5,3,1,4,3,2.706444460636847,5.095402167237524,1.665504283468829,5.095402167237524,0.6435137895811958,0.36721728081321287
34835,2023-08-29 13:05:00,2023-08-29,466,46,13,IS,up,9.694,-1980.39,-14.65,-1602.25,378.14,0,stop_loss,2023-08-29,0,1,2,2,2,0,2,8,1,4,2,10,7,2,1,6,2,2.9914794413154255,4.662581749912394,1.6349982463743458,5.049410988013526,0.8937691521961052,0.3412844036696981
34848,2023-08-29 14:10:00,2023-08-29,466,59,14,IS,down,9.849,-6098.03,-78.0,-5720.0,378.03,0,stop_loss,2023-08-30,0,1,0,0,0,1,3,0,1,3,3,12,8,1,1,6,2,3.081531119910503,4.162859173520154,2.0509696415880523,4.970047720580843,0.2655771195096998,0.355956678700382
34866,2023-08-30 09:25:00,2023-08-30,467,2,09,IS,up,15.33,-3391.73,-36.35,-3012.75,378.98,0,stop_loss,2023-08-30,0,1,1,1,1,0,2,18,0,4,3,1,1,1,0,3,1,2.563567337673303,2.563567337673303,2.563567337673303,2.563567337673303,0.9249363867684279,
34929,2023-08-30 14:40:00,2023-08-30,467,65,14,IS,down,9.819,-1902.62,-13.45,-1524.25,378.37,0,next_choch,2023-08-31,0,1,1,1,1,0,2,19,0,1,2,6,2,1,0,1,2,6.74196209428533,8.025175423409403,3.696876495809114,8.94684848916892,0.043824701195203285,0.8197802197802742
34946,2023-08-31 09:50:00,2023-08-31,468,7,09,IS,up,16.399,-2923.05,-29.15,-2544.75,378.3,0,stop_loss,2023-08-31,0,1,1,1,1,0,1,5,0,2,3,2,1,1,1,2,2,4.094637031616906,4.094637031616906,1.7774932162566819,4.094637031616906,1.0,0.24380165289258637
34955,2023-08-31 10:35:00,2023-08-31,468,16,10,IS,down,16.913,-7098.64,-93.4,-6721.0,377.64,0,stop_loss,2023-09-01,0,1,2,2,2,0,2,14,1,3,3,3,2,2,0,3,2,5.064032069246956,5.064032069246956,2.2437830359360467,5.064032069246956,0.08814944541738638,0.39176090468496655
35019,2023-09-01 09:40:00,2023-09-01,469,5,09,IS,up,20.428,22944.01,368.9,23328.5,384.49,1,next_choch,2023-09-21,0,1,1,1,1,0,5,11,0,1,2,1,1,1,1,1,3,1.6815237983347373,1.6815237983347373,1.6815237983347373,1.6815237983347373,0.9301310043667743,0.3415765069551322
36009,2023-09-21 10:55:00,2023-09-21,482,20,10,IS,down,14.14,-1724.4,-10.6,-1339.0,385.4,0,stop_loss,2023-09-21,0,1,1,1,1,0,2,22,0,1,1,1,1,1,0,1,2,3.8153093264688924,9.402138553364878,0.7637690588667416,9.402138553364878,0.0688228657390102,0.45979381443300915
36012,2023-09-21 11:10:00,2023-09-21,482,23,11,IS,up,14.491,-3089.55,-31.6,-2704.0,385.55,0,stop_loss,2023-09-21,0,1,2,2,2,0,1,25,1,2,1,2,2,2,0,2,2,2.998433499644655,9.174723447128939,2.3048947960445143,9.174723447128939,0.34712297856337876,0.42746615087044904
36023,2023-09-21 12:05:00,2023-09-21,482,34,12,IS,down,13.487,-1721.04,-10.55,-1335.75,385.29,0,next_choch,2023-09-21,0,1,3,3,3,0,1,36,0,3,1,3,3,1,0,3,0,3.4626192824148414,9.857713781521381,1.8981381933581611,9.857713781521381,0.022188792779245667,0.5491329479768888
36037,2023-09-21 13:15:00,2023-09-21,482,48,13,IS,up,12.124,-2234.71,-18.45,-1849.25,385.46,0,stop_loss,2023-09-21,0,1,6,6,6,0,1,50,1,5,0,6,6,3,0,6,0,2.705288509122041,4.107419748606056,1.6206987562272324,11.118075946026135,0.23442136498515367,0.47292993630574953
36050,2023-09-21 14:20:00,2023-09-21,482,61,14,IS,down,11.525,-1695.03,-10.15,-1309.75,385.28,0,next_choch,2023-09-21,0,1,1,1,1,0,2,5,0,4,2,8,7,1,1,5,1,2.9153760054144593,4.052025578953825,2.173516932607897,11.86106845059919,0.04169714703731307,0.36174242424237674
36058,2023-09-21 15:00:00,2023-09-21,482,69,15,IS,up,13.026,147.12,18.2,533.0,385.88,1,stop_loss,2023-09-22,0,1,1,1,1,0,1,7,0,3,4,10,8,2,1,5,2,3.485470807262789,3.838624237073433,2.679359717477368,11.285555256995893,0.2571428571428522,0.08759635599159253
36071,2023-09-22 09:50:00,2023-09-22,483,7,09,IS,down,20.715,-4232.88,-49.2,-3848.0,384.88,0,next_choch,2023-09-22,0,1,0,0,0,2,7,0,1,2,4,4,1,1,3,4,5,3.9826981935446497,3.9826981935446497,3.9826981935446497,3.9826981935446497,0.03575757575754048,0.5001808318264119
36084,2023-09-22 10:55:00,2023-09-22,483,20,10,IS,up,20.786,-3359.06,-35.75,-2973.75,385.31,0,next_choch,2023-09-22,0,1,1,1,1,0,3,13,0,2,4,5,2,1,0,3,4,5.2607524295199735,5.958337342442133,2.00134706052161,5.958337342442133,0.8671780379491285,0.7395993836671637
36115,2023-09-22 13:30:00,2023-09-22,483,51,13,IS,down,16.909,-1551.57,-7.95,-1166.75,384.82,0,next_choch,2023-09-22,0,1,1,1,1,0,1,11,0,2,3,8,3,1,1,2,2,5.4231795090160055,5.4231795090160055,3.530685023863216,7.95143386027481,0.3503161026404011,0.6645216645216644
36134,2023-09-22 15:05:00,2023-09-22,483,70,15,IS,down,18.79,1234.28,34.9,1618.5,384.22,1,next_choch,2023-09-25,0,1,0,0,0,1,3,1,1,3,2,11,5,2,1,3,2,2.991032225445101,6.70587296096224,1.6498576332526145,7.155592219058556,0.137969505392333,0.2862086010875072
36175,2023-09-25 12:15:00,2023-09-25,484,36,12,IS,up,16.419,-2720.53,-25.95,-2336.75,383.78,0,stop_loss,2023-09-25,0,1,0,0,0,1,4,0,1,3,2,5,3,2,1,2,1,4.1446643156887735,5.085664516679152,2.317479459396863,5.317107931809416,0.7445589919816786,0.6636125654449915
36198,2023-09-25 14:10:00,2023-09-25,484,59,14,IS,down,19.296,-4068.76,-46.7,-3685.5,383.26,0,stop_loss,2023-09-25,0,1,1,1,1,0,1,7,0,3,2,7,4,1,1,3,2,5.954694569256438,6.633602305176801,2.453914602735249,6.633602305176801,0.04414062500001137,0.715398230088472
36207,2023-09-25 14:55:00,2023-09-25,484,68,14,IS,up,21.084,-3406.55,-36.5,-3022.5,384.05,0,stop_loss,2023-09-26,0,1,2,2,2,0,1,16,1,3,2,8,5,2,0,2,2,4.636326985557426,6.4623995067232665,2.279033367325125,6.4623995067232665,0.7174311926605504,0.215895610913415
36244,2023-09-26 11:45:00,2023-09-26,485,30,11,IS,down,14.729,-959.0,1.15,-575.25,383.75,0,next_choch,2023-09-26,0,1,3,3,3,0,1,23,0,4,2,4,3,3,0,3,1,2.036839639615173,4.1279950029533685,1.4631298077904302,4.1279950029533685,0.28947368421050584,0.06486101211693925
36265,2023-09-26 13:30:00,2023-09-26,485,51,13,IS,up,13.007,-1693.56,-10.15,-1309.75,383.81,0,next_choch,2023-09-26,0,1,1,1,1,0,1,11,0,4,3,6,4,1,1,4,1,3.659596060552644,4.589871529726586,1.9489655490549003,5.958375938924725,0.5980645161290604,0.20042987641054133
36289,2023-09-27 09:15:00,2023-09-27,486,0,09,IS,down,14.003,-3684.91,-40.8,-3302.0,382.91,0,next_choch,2023-09-27,0,1,0,0,0,1,6,0,1,3,3,1,0,2,2,4,3,2.0174104305475216,2.0174104305475216,5.059593947054736,2.0174104305475216,0.24601769911507002,
36331,2023-09-27 12:45:00,2023-09-27,486,42,12,IS,up,16.319,-529.97,7.75,-146.25,383.72,0,next_choch,2023-09-28,0,1,0,0,0,1,14,0,1,1,3,5,1,0,1,1,3,2.012990992095238,7.84668178197189,2.6319014645505687,7.84668178197189,0.9711050370948789,0.06026280018125549
36369,2023-09-28 09:40:00,2023-09-28,487,5,09,IS,down,18.959,-4111.23,-47.35,-3727.75,383.48,0,stop_loss,2023-09-28,0,1,1,1,1,0,1,15,0,1,2,1,1,1,0,1,3,4.169457733144118,4.169457733144118,2.4974550748180864,4.169457733144118,0.0,1.0
36464,2023-09-29 11:20:00,2023-09-29,488,25,11,IS,up,17.725,-449.42,9.0,-65.0,384.42,0,next_choch,2023-09-29,0,1,1,1,1,0,2,6,0,3,3,4,3,2,1,3,3,3.046578804838419,3.9972242281999546,2.2539041343203157,3.9972242281999546,0.9858856739590681,0.2850241545893694
36509,2023-09-29 15:05:00,2023-09-29,488,70,15,IS,down,16.389,7926.54,137.85,8310.25,383.71,1,next_choch,2023-10-05,0,1,1,1,1,0,1,15,0,2,4,7,4,1,0,1,2,5.7935200439319505,5.976569650375296,3.6121789004820752,9.509427054731743,0.3715110683349269,0.7201336675020903
36683,2023-10-05 10:50:00,2023-10-05,491,19,10,IS,up,17.61,-2978.45,-29.95,-2596.75,381.7,0,next_choch,2023-10-05,0,1,3,3,3,0,1,10,0,3,1,4,3,3,1,3,1,3.5633365322914954,4.020465760736817,3.171511479338244,4.020465760736817,0.9533898305084844,0.16153028692880314
36705,2023-10-05 12:40:00,2023-10-05,491,41,12,IS,down,14.031,-2068.33,-15.95,-1686.75,381.58,0,next_choch,2023-10-05,0,1,1,1,1,0,5,18,0,4,3,6,4,1,0,4,2,3.064555211881922,6.62086463218221,2.2556551733969137,7.194577875336797,0.32293214462603576,0.4461942257217592
36715,2023-10-05 13:30:00,2023-10-05,491,51,13,IS,up,13.457,-2588.52,-23.95,-2206.75,381.77,0,stop_loss,2023-10-05,0,1,4,4,4,0,1,28,1,4,2,9,7,3,0,5,1,3.429390958000016,6.49838004934167,1.9952144576879696,7.5015605029278545,0.6582466567607751,0.2144469525959227
36737,2023-10-05 15:20:00,2023-10-05,491,73,15,IS,up,10.534,-1538.92,-7.8,-1157.0,381.92,0,stop_loss,2023-10-05,0,1,1,1,1,0,1,4,0,3,4,13,9,2,2,5,2,2.809948737421889,4.632618188722163,0.8781089804442757,9.583254224416244,0.6111936602278384,0.13186813186816074
36815,2023-10-09 09:20:00,2023-10-09,493,1,09,IS,down,21.151,-5864.12,-74.35,-5482.75,381.37,0,stop_loss,2023-10-09,0,1,1,1,1,0,1,2,0,1,1,1,1,1,2,1,5,4.446514178730451,4.446514178730451,4.446514178730451,4.446514178730451,0.2094630515683241,
36898,2023-10-10 10:00:00,2023-10-10,494,9,10,IS,up,16.312,3840.79,75.0,4225.0,384.21,1,next_choch,2023-10-13,0,1,4,1,4,0,9,25,1,4,1,1,1,2,0,4,2,3.0743860423487606,3.0743860423487606,3.0743860423487606,3.0743860423487606,0.8514456630109569,0.25316455696202533
37125,2023-10-13 10:10:00,2023-10-13,497,11,10,IS,down,15.698,-2006.06,-14.95,-1621.75,384.31,0,next_choch,2023-10-13,0,1,1,1,1,0,2,24,0,1,1,1,1,1,0,1,3,3.6532618181585614,3.6532618181585614,1.930145302357534,3.6532618181585614,0.25108979947686455,0.3213545266067791
37154,2023-10-13 12:35:00,2023-10-13,497,40,12,IS,up,9.965,-3205.19,-33.4,-2821.0,384.19,0,stop_loss,2023-10-16,0,1,1,1,1,0,3,23,0,2,3,3,2,1,0,2,1,3.045568121381412,5.413785836853957,2.2979739696749175,6.367093815539997,0.6926713947990579,0.35250616269519347
37236,2023-10-16 13:10:00,2023-10-16,498,47,13,IS,down,12.647,-1932.2,-13.8,-1547.0,385.2,0,next_choch,2023-10-16,0,1,7,7,7,0,1,65,0,5,0,7,7,3,0,6,0,2.6488285852092575,4.368590427845119,1.937202995153039,7.970206608629589,0.6527777777777752,0.3460490463214715
37258,2023-10-16 15:00:00,2023-10-16,498,69,15,IS,down,11.898,-5529.83,-69.15,-5144.75,385.08,0,stop_loss,2023-10-17,0,1,0,0,0,1,9,0,1,4,1,10,9,1,1,5,1,3.1224522386677944,4.147860510854917,3.1224522386677944,8.472225724299593,0.4960317460317496,0.4146718146717456
37266,2023-10-17 09:25:00,2023-10-17,499,2,09,IS,up,16.81,-2326.27,-19.85,-1940.25,386.02,0,stop_loss,2023-10-17,0,1,1,1,1,0,2,8,0,4,2,1,1,1,1,5,1,1.6775529143020744,1.6775529143020744,1.6775529143020744,1.6775529143020744,0.7039007092199174,
37348,2023-10-18 10:00:00,2023-10-18,500,9,10,IS,up,12.601,-2407.64,-21.1,-2021.5,386.14,0,stop_loss,2023-10-18,0,1,0,0,0,1,4,0,1,2,2,3,2,2,1,2,2,4.642378167331942,4.642378167331942,2.4560957996397774,4.642378167331942,0.9675213675213427,0.797770700636975
37357,2023-10-18 10:45:00,2023-10-18,500,18,10,IS,down,13.134,27100.89,432.85,27485.25,384.36,1,next_choch,2023-11-03,0,1,1,1,1,0,1,9,0,3,3,4,3,1,1,3,2,5.135604318628327,5.139411289954164,3.765094641307217,5.139411289954164,0.04296296296298452,0.31566925536778107
38205,2023-11-03 12:40:00,2023-11-03,511,41,12,IS,up,10.258,-1388.5,-5.55,-1010.75,377.75,0,next_choch,2023-11-03,0,1,3,3,3,0,1,54,0,3,1,3,3,2,0,2,0,2.7588223825309917,3.943263794111984,1.9643205303179427,5.09845973874078,0.3766730401529566,0.17443120260018166
38228,2023-11-03 14:35:00,2023-11-03,511,64,14,IS,down,10.198,-7641.63,-101.75,-7263.75,377.88,0,stop_loss,2023-11-06,0,1,1,1,1,0,1,4,0,3,2,6,4,1,2,3,2,2.7457171715190682,3.3487943359778636,2.7457171715190682,5.128607431087688,0.1175908221797536,0.22152341020264865
38240,2023-11-06 09:20:00,2023-11-06,512,1,09,IS,up,19.934,-3135.15,-32.4,-2756.0,379.15,0,stop_loss,2023-11-06,0,1,2,1,2,0,1,16,1,3,2,1,1,1,0,2,2,1.8812079863549713,1.8812079863549713,1.8812079863549713,1.8812079863549713,0.8640000000000388,
38368,2023-11-07 13:45:00,2023-11-07,513,54,13,IS,up,11.043,-263.12,11.8,117.0,380.12,0,next_choch,2023-11-07,0,1,2,2,2,0,3,15,1,2,1,4,2,2,0,2,1,2.766383236894703,6.587704762163484,2.155152898137266,7.094799561725077,0.5028717294193004,0.11759656652366465
38413,2023-11-08 11:15:00,2023-11-08,514,24,11,IS,down,12.507,-2444.13,-21.75,-2063.75,380.38,0,stop_loss,2023-11-08,0,1,0,0,0,1,9,1,1,2,3,5,2,1,2,3,3,3.45001279263127,3.45001279263127,2.77839964180632,3.45001279263127,0.03128621089220424,0.3220543806646701
38437,2023-11-08 13:15:00,2023-11-08,514,48,13,IS,up,9.158,-1589.76,-8.6,-1209.0,380.76,0,stop_loss,2023-11-08,0,1,1,1,1,0,1,4,0,3,4,9,5,2,1,4,3,3.4232738946700167,4.711778901276255,1.3977003461491468,4.711778901276255,0.7867902665121392,0.1985383678440781
38458,2023-11-08 15:00:00,2023-11-08,514,69,15,IS,up,11.13,-2011.97,-15.1,-1631.5,380.47,0,stop_loss,2023-11-08,0,1,2,2,2,0,2,13,1,3,4,12,7,2,0,4,2,4.752791928339888,4.9684195394552955,1.7250208889248921,4.9684195394552955,0.5461121157323893,0.24004424778760514
38473,2023-11-09 10:00:00,2023-11-09,515,9,10,IS,up,13.674,-2009.15,-15.05,-1628.25,380.9,0,stop_loss,2023-11-09,0,1,2,2,2,0,1,6,1,4,2,4,3,4,1,6,2,3.203229557471589,3.203229557471589,1.2103527209167433,3.203229557471589,0.9657534246575337,0.42909090909092673
38527,2023-11-09 14:30:00,2023-11-09,515,63,14,IS,down,9.724,1764.67,43.0,2145.0,380.33,1,next_choch,2023-11-10,0,1,3,3,3,0,2,14,0,3,2,9,6,3,0,3,2,3.3319278904990135,4.5248403451219135,2.7200460711017707,4.529982209150386,0.07377979568672086,0.32479999999996945
38579,2023-11-10 12:35:00,2023-11-10,516,40,12,IS,up,9.103,-1163.08,-2.05,-783.25,379.83,0,next_choch,2023-11-10,0,1,0,0,0,1,5,1,1,1,3,3,1,1,1,1,2,3.2957616505174343,7.657152901368919,2.1971744336782897,7.904335025157726,0.9166087560806124,0.5301587301588145
38599,2023-11-10 14:15:00,2023-11-10,516,60,14,IS,down,10.054,-2134.67,-17.0,-1755.0,379.67,0,stop_loss,2023-11-10,0,1,1,1,1,0,1,8,0,2,3,5,2,1,1,2,3,4.983140870707107,5.813664349158111,2.357294184346445,9.488855071166558,0.5445492662473788,0.5414407436096224
38613,2023-11-10 15:25:00,2023-11-10,516,74,15,IS,up,13.525,-1371.91,-5.25,-991.25,380.66,0,next_choch,2023-11-13,0,1,2,2,2,0,1,22,1,3,3,6,3,1,0,2,2,7.319561713516791,7.319561713516791,2.6727490499357844,9.090304168453482,0.9536396909312672,0.9160913436006939
38665,2023-11-13 13:30:00,2023-11-13,517,51,13,IS,up,8.275,-1505.18,-7.3,-1124.5,380.68,0,stop_loss,2023-11-13,0,1,4,4,4,0,1,13,1,4,1,6,4,4,0,4,2,3.220738413196908,4.725361049005807,1.9819928696595344,8.036739380022963,0.49624060150375937,0.23404255319147896
38681,2023-11-13 14:50:00,2023-11-13,517,67,14,IS,down,7.807,-1609.28,-8.9,-1228.5,380.78,0,stop_loss,2023-11-13,0,1,1,1,1,0,2,8,0,4,2,8,5,1,1,5,2,2.6194105365629654,4.226921648243266,1.383356175788612,8.517887563884157,0.4676691729323089,0.002192982456108159
38691,2023-11-15 09:25:00,2023-11-15,518,2,09,IS,up,21.888,3313.35,66.9,3698.5,385.15,1,next_choch,2023-11-20,0,1,1,1,1,0,2,8,0,3,4,1,1,1,1,5,2,2.969690878023374,2.969690878023374,2.969690878023374,2.969690878023374,0.9507692307692196,
38937,2023-11-20 11:10:00,2023-11-20,521,23,11,IS,down,17.904,-3703.01,-41.05,-3318.25,384.76,0,stop_loss,2023-11-20,0,1,0,0,0,1,15,0,1,1,2,2,1,0,1,1,1,4.789379028384402,4.789379028384402,4.789379028384402,4.789379028384402,0.020991253644306384,0.23047619047619117
38976,2023-11-20 14:25:00,2023-11-20,521,62,14,IS,up,13.407,-2100.99,-16.4,-1716.0,384.99,0,stop_loss,2023-11-20,0,1,3,3,3,0,1,29,0,3,2,6,4,3,0,3,1,3.3751780826004905,4.270252933234874,1.3761775828501488,7.086009234188875,0.46894736842104495,0.07138092061371892
38990,2023-11-21 09:20:00,2023-11-21,522,1,09,IS,up,16.016,919.74,30.1,1306.5,386.76,1,next_choch,2023-11-22,0,1,2,1,2,0,1,11,1,4,2,1,1,2,1,5,1,1.9355402654812002,1.9355402654812002,1.9355402654812002,1.9355402654812002,0.8241935483870733,
39071,2023-11-22 09:50:00,2023-11-22,523,7,09,IS,up,12.205,-2642.34,-24.7,-2255.5,386.84,0,stop_loss,2023-11-22,0,1,2,2,2,0,2,7,1,2,1,3,2,2,1,2,2,4.272698969308488,4.272698969308488,2.1547839480884914,4.272698969308488,0.9693192713327208,0.44349680170576206
39092,2023-11-22 11:35:00,2023-11-22,523,28,11,IS,down,11.616,-1384.49,-5.35,-997.75,386.74,0,next_choch,2023-11-22,0,1,0,0,0,2,15,0,1,3,2,6,3,0,2,3,3,2.8494933755737453,4.60998097468163,2.8494933755737453,4.60998097468163,0.4248366013071953,0.3406040268456545
39128,2023-11-22 14:35:00,2023-11-22,523,64,14,IS,up,16.623,-1495.3,-7.05,-1108.25,387.05,0,next_choch,2023-11-23,0,1,1,1,1,0,1,6,0,1,1,10,4,1,2,1,3,5.290925716485834,7.336309165724229,1.9852251124960896,7.5167841759511465,0.951980792316927,0.5281173594131938
39154,2023-11-23 10:30:00,2023-11-23,524,15,10,IS,down,18.676,-2297.79,-19.4,-1911.0,386.79,0,next_choch,2023-11-23,0,1,1,1,1,0,3,15,0,2,3,2,1,1,0,2,4,3.7239510826499167,3.935447945000107,1.9757554989184989,3.935447945000107,0.03945578231294497,0.554290718038519
39195,2023-11-23 13:55:00,2023-11-23,524,56,13,IS,up,10.045,-2034.75,-15.35,-1647.75,387.0,0,stop_loss,2023-11-23,0,1,1,1,1,0,2,5,0,2,3,5,2,1,1,1,2,2.2947881925431104,4.241126984916974,1.528199512170695,8.26820648115877,0.49307645996389027,0.15677966101696547
39205,2023-11-23 14:45:00,2023-11-23,524,66,14,IS,down,8.93,-2037.83,-15.4,-1651.0,386.83,0,stop_loss,2023-11-23,0,1,2,2,2,0,3,15,1,3,3,6,3,1,0,2,1,2.9953530037511897,4.339062762443312,1.8196069648955824,9.299591288281649,0.18723660445514037,0.3306288032455732
39218,2023-11-24 09:35:00,2023-11-24,525,4,09,IS,down,10.828,-2054.02,-15.65,-1667.25,386.77,0,stop_loss,2023-11-24,0,1,4,1,4,0,3,28,1,4,1,1,1,2,0,4,1,3.610908452850267,3.610908452850267,1.82854187637942,3.610908452850267,0.10613810741682791,
39239,2023-11-24 11:20:00,2023-11-24,525,25,11,IS,up,11.135,-1683.46,-9.95,-1296.75,386.71,0,stop_loss,2023-11-24,0,1,5,2,5,0,1,49,0,5,1,2,2,1,0,3,0,4.198510987974746,7.485473601020085,0.9115483749294071,7.485473601020085,0.6700659868026337,0.5096153846153908
39252,2023-11-24 12:25:00,2023-11-24,525,38,12,IS,down,8.437,-191.58,13.0,195.0,386.58,0,next_choch,2023-11-24,0,1,6,3,6,0,5,62,1,5,0,3,3,1,0,2,0,2.566077989806976,7.804906957449158,1.712694085575528,9.879103946900385,0.5062987402519672,0.3106960950763957
39271,2023-11-24 14:00:00,2023-11-24,525,57,14,IS,up,8.998,-1829.36,-12.2,-1443.0,386.36,0,stop_loss,2023-11-24,0,1,1,1,1,0,3,12,0,3,2,6,4,1,0,3,2,3.6563274469056193,5.717873773352232,1.739256065169475,9.263066647403178,0.4469106178764325,0.28444003964320924
39282,2023-11-24 14:55:00,2023-11-24,525,68,14,IS,down,8.791,-3181.39,-33.0,-2795.0,386.39,0,stop_loss,2023-11-28,0,1,1,1,1,0,4,5,0,2,4,8,5,1,1,3,3,2.5822157003265565,5.033614305702487,1.837127029087062,9.481395534017967,0.2813437312537629,0.3022170361726378
39308,2023-11-28 10:50:00,2023-11-28,526,19,10,IS,up,9.477,-1927.14,-13.7,-1540.5,386.64,0,stop_loss,2023-11-28,0,1,4,3,4,0,4,31,1,4,2,3,3,2,0,4,1,3.0231085786639036,3.798670465337132,1.5352959797403474,3.798670465337132,0.772222222222202,0.04585537918875632
42260,2024-01-23 13:05:00,2024-01-23,565,46,13,IS,down,31.889,-4800.0,-57.5,-4387.5,412.5,0,stop_loss,2024-01-24,0,1,1,1,1,0,2,24,0,1,1,3,1,1,0,1,1,2.9101217672717694,11.59344846293517,1.8893840137729039,13.729001182236946,0.00628140703517589,0.28702594810380655
42329,2024-01-24 12:35:00,2024-01-24,566,40,12,IS,down,42.56,-4388.3,-51.2,-3978.0,410.3,0,stop_loss,2024-01-24,0,1,0,0,0,1,2,0,1,2,4,6,2,1,1,2,3,2.7901720155732717,5.245523389277751,1.292290196686568,7.1017220354275485,0.2617038875103343,0.3842631140716238
42334,2024-01-24 13:00:00,2024-01-24,566,45,13,IS,up,42.693,2034.18,47.65,2447.25,413.07,1,next_choch,2024-01-25,0,1,1,1,1,0,1,5,0,2,4,7,3,2,1,2,3,3.4479043206551188,5.229243475450078,2.0296257431030544,7.079681256236444,0.6923076923076923,0.3154839917618389
42374,2024-01-25 10:05:00,2024-01-25,567,10,10,IS,down,39.156,-1221.77,-2.45,-809.25,412.52,0,next_choch,2024-01-25,0,1,1,1,1,0,4,24,0,2,3,1,1,1,0,1,2,2.66626485408333,2.66626485408333,1.353563575348798,2.66626485408333,0.052681992337164016,0.22951441578148837
42408,2024-01-25 12:55:00,2024-01-25,567,44,12,IS,down,29.795,-3453.03,-36.8,-3042.0,411.03,0,stop_loss,2024-01-25,0,1,0,0,0,1,8,0,1,3,4,5,3,1,1,2,2,1.9634430400139624,4.870010001812482,1.7738113617903428,7.160693548495439,0.10335130067962994,0.351127473538895
42434,2024-01-25 15:05:00,2024-01-25,567,70,15,IS,up,21.122,17056.03,278.8,17472.0,415.97,1,next_choch,2024-01-31,0,1,1,1,1,0,1,6,0,3,3,10,6,2,1,4,3,3.7710211347625866,3.7710211347625866,3.1058253162638505,10.101034012574909,0.38434497304897663,0.28165771297007625
42602,2024-01-31 10:20:00,2024-01-31,570,13,10,IS,up,32.797,935.89,30.85,1355.25,419.36,1,next_choch,2024-02-01,0,1,2,2,2,0,3,56,1,2,1,2,2,1,0,2,0,4.149820408213002,5.125531305074262,1.6739540074275328,5.125531305074262,0.9562760261749041,0.6695005313496125
42735,2024-02-01 15:10:00,2024-02-01,571,71,15,IS,down,23.161,-16919.9,-243.85,-16500.25,419.65,0,stop_loss,2024-02-02,0,1,0,0,0,2,20,2,1,1,2,7,1,0,2,1,3,2.875511094032604,5.153036772864784,2.931639688961138,7.970260479856248,0.004062838569880855,0.40378122889940127
42740,2024-02-02 09:20:00,2024-02-02,572,1,09,IS,up,37.759,-4979.53,-60.1,-4556.5,423.03,0,next_choch,2024-02-02,0,1,1,1,1,0,1,7,0,2,3,1,1,1,1,2,3,3.6891866839693654,3.6891866839693654,3.6891866839693654,3.6891866839693654,1.0,
42788,2024-02-02 13:20:00,2024-02-02,572,49,13,IS,down,36.543,-5203.47,-63.55,-4780.75,422.72,0,stop_loss,2024-02-02,0,1,1,1,1,0,2,28,0,2,4,3,2,1,0,1,1,5.316994680268813,7.0888701591540775,1.8799667243153508,8.602147595174987,0.19230157467791,0.5963726298433588
42804,2024-02-02 14:40:00,2024-02-02,572,65,14,IS,up,30.559,-2916.2,-28.35,-2492.75,423.45,0,stop_loss,2024-02-02,0,1,0,0,0,1,5,0,1,3,4,5,3,1,1,2,1,2.4706710080664953,8.801151888999811,1.8112800039268468,10.286826905770852,0.4356608875457336,0.44236760124609853
42807,2024-02-02 14:55:00,2024-02-02,572,68,14,IS,down,32.909,-4514.48,-52.95,-4091.75,422.73,0,next_choch,2024-02-05,0,1,1,1,1,0,1,3,0,3,4,6,4,2,1,3,1,3.1146494879820112,8.17253638822209,2.97942811996716,9.552098210216007,0.20009543502464802,0.24159367052838196
42821,2024-02-05 09:50:00,2024-02-05,573,7,09,IS,up,35.051,-5619.64,-69.95,-5196.75,422.89,0,stop_loss,2024-02-05,0,1,2,1,2,0,1,17,1,4,3,1,1,1,0,4,1,3.7545184031314904,3.7545184031314904,2.3422945356922376,3.7545184031314904,0.9076747720364646,0.4685869338342669
42841,2024-02-05 11:30:00,2024-02-05,573,27,11,IS,up,27.597,-2044.78,-14.95,-1621.75,423.03,0,next_choch,2024-02-05,0,1,1,1,1,0,4,5,0,4,3,4,3,1,1,4,1,2.92242969319023,4.935336940018652,1.58713478687821,4.935336940018652,0.6317914831130603,0.48520937379946794
42860,2024-02-05 13:05:00,2024-02-05,573,46,13,IS,up,23.209,-2588.06,-23.3,-2164.5,423.56,0,stop_loss,2024-02-05,0,1,0,0,0,1,9,0,1,3,4,8,5,1,1,4,3,2.9148426458929997,5.760745923959909,2.9148426458929997,5.868463686188029,0.9100587371512486,0.3887458624494439
42876,2024-02-05 14:25:00,2024-02-05,573,62,14,IS,down,24.272,6038.54,109.4,6461.0,422.46,1,next_choch,2024-02-06,0,1,1,1,1,0,4,16,0,3,4,9,6,1,0,3,2,3.1724319781143393,3.8172184775623137,2.348423672110615,5.611496563885394,0.42180616740088417,0.19765739385066097
42892,2024-02-06 09:30:00,2024-02-06,574,3,09,IS,up,37.309,-3199.53,-32.75,-2778.75,420.78,0,stop_loss,2024-02-06,0,1,1,1,1,0,1,15,0,3,4,1,1,1,0,2,2,2.3774360678762214,2.3774360678762214,1.144492898515395,2.3774360678762214,0.8878241262683129,
43015,2024-02-07 13:30:00,2024-02-07,575,51,13,IS,up,23.166,-2037.89,-14.85,-1615.25,422.64,0,stop_loss,2024-02-07,0,1,0,0,0,1,2,0,1,2,2,5,2,2,1,2,2,2.1583261748848535,6.651961270995212,1.6878110687598924,8.771437574732076,0.29552165354332033,0.008626887131539647
43059,2024-02-08 10:55:00,2024-02-08,576,20,10,IS,down,34.713,172.76,19.15,594.75,421.99,1,next_choch,2024-02-08,0,1,1,1,1,0,3,20,0,2,2,2,1,1,0,1,1,4.609171098192629,4.953418564588912,3.526015890117403,4.953418564588912,0.0,0.4232448773933428
43083,2024-02-08 12:55:00,2024-02-08,576,44,12,IS,up,24.91,-2082.25,-15.55,-1660.75,421.5,0,stop_loss,2024-02-08,0,1,0,0,0,1,4,0,1,4,2,6,4,3,1,4,1,1.7864454953472126,10.638383286899131,0.9715051907281763,11.118114155874423,0.31215020761870554,0.2790560471976573
43094,2024-02-08 13:50:00,2024-02-08,576,55,13,IS,down,20.791,349.23,21.85,770.25,421.02,1,next_choch,2024-02-09,0,1,1,1,1,0,6,11,0,4,2,7,5,1,1,4,1,2.4457815678974235,7.928949684717763,1.7796247396697593,13.320731666257869,0.17494132514894603,0.22480620155036965
43134,2024-02-09 10:55:00,2024-02-09,577,20,10,IS,down,30.064,-5466.25,-67.65,-5047.25,419.0,0,stop_loss,2024-02-09,0,1,2,2,2,0,13,20,1,3,3,3,2,0,0,2,2,3.4708940504186754,4.435493259447324,3.4708940504186754,4.435493259447324,0.11811023622047051,0.06917057902975218
43153,2024-02-09 12:30:00,2024-02-09,577,39,12,IS,up,27.574,-2678.79,-24.75,-2258.75,420.04,0,stop_loss,2024-02-09,0,1,1,1,1,0,2,18,0,3,3,5,3,1,0,2,1,3.655591096024518,6.021933546576121,1.519536378208536,6.156116949902445,0.8515463917525731,0.5710792874606998
43202,2024-02-12 10:20:00,2024-02-12,578,13,10,IS,down,30.494,-3913.09,-43.75,-3493.75,419.34,0,stop_loss,2024-02-12,0,1,0,0,0,1,2,0,1,2,4,3,1,1,1,1,3,4.49428253804807,4.625454593153451,1.8610035318075837,4.625454593153451,0.01453385324352558,0.546448087431694
43283,2024-02-13 10:50:00,2024-02-13,579,19,10,IS,up,30.888,-3952.4,-44.35,-3532.75,419.65,0,stop_loss,2024-02-13,0,1,0,0,0,1,8,0,1,1,2,3,1,1,1,1,4,3.82025382025382,6.248381248381248,2.342333592333545,6.248381248381248,0.9585492227979274,0.5691634773099703
43299,2024-02-13 12:10:00,2024-02-13,579,35,12,IS,down,27.678,-4708.55,-56.0,-4290.0,418.55,0,stop_loss,2024-02-13,0,1,1,1,1,0,1,16,0,2,3,4,2,1,0,2,2,4.516157003294988,7.225851205271981,2.0232383374761547,7.225851205271981,0.375,0.6273062730627162
43317,2024-02-13 13:40:00,2024-02-13,579,53,13,IS,up,27.699,-1512.06,-6.8,-1092.0,420.06,0,next_choch,2024-02-13,0,1,1,1,1,0,2,15,0,3,5,6,3,1,0,2,2,4.51639222935036,5.126520356257062,1.6823651309969834,7.220451205995862,0.8889999999999963,0.673392181588889
43329,2024-02-13 14:40:00,2024-02-13,579,65,14,IS,down,25.797,-3764.12,-41.45,-3344.25,419.87,0,stop_loss,2024-02-13,0,1,1,1,1,0,6,10,0,3,5,8,4,1,1,3,2,2.5448596935315,6.008427303844231,1.9633989867078647,8.25674203689562,0.7232394366197149,0.19734108849190102
43334,2024-02-13 15:05:00,2024-02-13,579,70,15,IS,up,23.885,-12053.14,-169.0,-11635.0,418.14,0,stop_loss,2024-02-14,0,1,2,2,2,0,1,15,1,3,4,9,5,2,0,3,2,2.317392797032489,6.489537191328304,1.0341391524246053,8.917880140341476,0.9483568075117371,0.06637330399705997
43340,2024-02-14 09:20:00,2024-02-14,580,1,09,IS,down,33.127,-3566.59,-38.45,-3149.25,417.34,0,stop_loss,2024-02-14,0,1,3,1,3,0,1,21,0,4,3,1,1,2,0,4,1,1.565188516919799,1.565188516919799,1.565188516919799,1.565188516919799,0.2584378013500654,
43351,2024-02-14 10:15:00,2024-02-14,580,12,10,IS,up,32.75,-3651.44,-39.75,-3233.75,417.69,0,stop_loss,2024-02-14,0,1,4,2,4,0,1,32,1,4,2,2,2,1,0,4,1,2.8748003822889534,2.8748003822889534,1.2473244356505335,2.8748003822889534,0.9883165161975728,0.17026619789051584
43359,2024-02-14 10:55:00,2024-02-14,580,20,10,IS,up,29.256,-3144.53,-31.95,-2726.75,417.78,0,stop_loss,2024-02-14,0,1,6,4,6,0,1,40,1,5,0,4,4,3,0,5,0,2.9805648033579457,3.7735591088385183,1.7329660037872563,3.7735591088385183,0.8301630434782631,0.20043278333783518
43376,2024-02-14 12:20:00,2024-02-14,580,37,12,IS,up,21.43,22508.63,362.8,22932.0,423.37,1,next_choch,2024-02-21,0,1,8,6,8,0,3,57,1,5,0,6,6,2,0,5,0,2.890820769112349,5.151680595803128,1.539904525919393,5.151680595803128,0.7821557971014588,0.24680073126140625
43792,2024-02-22 09:30:00,2024-02-22,586,3,09,IS,down,34.893,-3543.98,-38.0,-3120.0,423.98,0,stop_loss,2024-02-22,0,1,0,0,0,1,10,0,1,1,2,1,0,1,1,1,2,2.544944931174695,2.544944931174695,2.817208183946765,2.544944931174695,0.02139639639641296,
43798,2024-02-22 10:00:00,2024-02-22,586,9,10,IS,down,40.151,-2230.51,-17.8,-1807.0,423.51,0,next_choch,2024-02-22,0,1,2,2,2,0,1,6,1,3,3,3,2,2,1,3,1,3.337392997950243,3.337392997950243,2.36979808772366,3.337392997950243,0.13246268656716417,0.3781269381848363
43823,2024-02-22 12:05:00,2024-02-22,586,34,12,IS,up,27.048,-2893.66,-28.0,-2470.0,423.66,0,next_choch,2024-02-22,0,1,0,0,0,1,5,1,1,2,3,7,3,1,1,3,4,2.7673434981291702,6.268578358153746,1.9188393794644056,6.268578358153746,0.522264818637568,0.3437250199840168
43832,2024-02-22 12:50:00,2024-02-22,586,43,12,IS,down,24.06,-3198.96,-32.7,-2775.5,423.46,0,stop_loss,2024-02-22,0,1,0,0,0,1,6,0,1,2,4,10,4,1,3,3,5,1.9908396438932952,5.432207546071967,1.7456213996558634,7.04690734075358,0.28162783839575467,0.13823272090988079
43841,2024-02-22 13:35:00,2024-02-22,586,52,13,IS,up,21.908,8205.5,142.8,8632.0,426.5,1,next_choch,2024-02-26,0,1,1,1,1,0,1,9,0,2,4,11,5,1,1,3,4,3.1746249104212265,5.16932093609213,1.8417845454421964,7.739146708295072,0.6520200530816853,0.1715039577836428
43946,2024-02-26 09:50:00,2024-02-26,588,7,09,IS,down,24.897,-2181.47,-17.0,-1755.0,426.47,0,next_choch,2024-02-26,0,1,0,0,0,1,7,0,1,1,2,2,1,1,1,1,2,3.1810422733206436,3.1810422733206436,3.1810422733206436,3.1810422733206436,0.2702020202020361,0.267999999999983
44005,2024-02-26 14:45:00,2024-02-26,588,66,14,IS,down,22.614,-620.91,7.0,-195.0,425.91,0,next_choch,2024-02-27,0,1,4,4,4,0,2,30,1,4,1,11,5,4,0,4,2,3.0909645666680574,5.186983457370023,2.0915969099197973,6.199617056464305,0.3808844507846018,0.3037383177570059
44041,2024-02-27 11:30:00,2024-02-27,589,27,11,IS,up,19.25,-2025.19,-14.6,-1599.0,426.19,0,stop_loss,2024-02-27,0,1,5,5,5,0,1,27,0,5,1,6,5,1,0,5,1,3.4414869301417115,3.8856335452769435,0.7947886797157084,3.8856335452769435,0.9906417112299367,0.6284090909090566
44057,2024-02-27 12:50:00,2024-02-27,589,43,12,IS,up,19.756,-3611.51,-39.0,-3185.0,426.51,0,next_choch,2024-02-27,0,1,7,7,7,0,1,43,0,5,0,8,7,2,0,6,0,5.145298366563986,6.064011257396488,2.7358915564463917,6.064011257396488,0.9499165275459095,0.383580080753705
44068,2024-02-27 13:45:00,2024-02-27,589,54,13,IS,down,20.747,-3968.64,-44.5,-3542.5,426.14,0,stop_loss,2024-02-27,0,1,1,1,1,0,1,6,0,4,2,10,8,1,1,4,1,3.911446584533413,5.2634623170802595,2.4389303410645757,6.138296026375081,0.41067923046721533,0.2596750369276317
44083,2024-02-27 15:00:00,2024-02-27,589,69,15,IS,up,20.446,-3663.73,-39.8,-3237.0,426.73,0,stop_loss,2024-02-27,0,1,0,0,0,1,4,0,1,3,3,12,9,1,1,4,2,3.343001217860097,5.340976342213803,2.443056486204959,6.228693563927797,0.9988221436984859,0.5173017958826295
44108,2024-02-28 10:50:00,2024-02-28,590,19,10,IS,down,23.928,6926.6,123.1,7351.5,424.9,1,next_choch,2024-02-29,0,1,3,3,3,0,1,25,0,4,2,3,3,3,0,4,1,5.62102975593447,5.62102975593447,4.386074891340719,5.62102975593447,0.08178438661710037,0.4253908100426406
44227,2024-02-29 14:30:00,2024-02-29,591,63,14,IS,down,29.859,-4741.53,-56.45,-4319.25,422.28,0,stop_loss,2024-02-29,0,1,0,0,0,1,5,0,1,4,2,8,4,3,1,4,2,3.1732582245159735,3.995458640472331,2.650800933725002,6.234322094919822,0.40692989524576634,0.33318264014466764
44242,2024-03-01 09:30:00,2024-03-01,592,3,09,IS,up,42.435,7090.88,125.7,7520.5,429.62,1,next_choch,2024-03-05,0,1,3,1,3,0,3,15,0,4,2,1,1,2,0,7,1,1.1841751778030192,1.1841751778030192,1.1841751778030192,1.1841751778030192,0.9402985074626866,
44435,2024-03-05 11:15:00,2024-03-05,595,24,11,IS,down,18.166,-2334.35,-19.3,-1904.5,429.85,0,stop_loss,2024-03-05,0,1,1,1,1,0,2,4,0,1,1,2,1,1,1,1,1,3.055141169541068,6.93599616868783,1.954189396733476,6.93599616868783,0.12857142857143436,0.34764826175868085
44442,2024-03-05 11:50:00,2024-03-05,595,31,11,IS,up,19.946,-4271.85,-49.1,-3841.5,430.35,0,stop_loss,2024-03-05,0,1,2,2,2,0,2,11,1,2,1,3,2,2,1,2,1,4.607509387988462,6.317151065141861,2.556942097795515,6.317151065141861,0.7142857142857143,0.3293622985283711
44481,2024-03-05 15:05:00,2024-03-05,595,70,15,IS,down,21.625,-297.48,12.05,133.25,430.73,0,next_choch,2024-03-06,0,1,0,0,0,1,8,0,1,2,3,7,3,1,2,1,3,2.312181496998788,5.919184632316898,2.2659378670588124,7.5377116802160495,0.44509202453987284,0.19867060561300715
44539,2024-03-06 13:40:00,2024-03-06,596,53,13,IS,up,22.152,5953.67,108.25,6386.25,432.58,1,next_choch,2024-03-11,0,1,1,1,1,0,1,20,0,1,1,6,1,1,0,1,4,3.7919313118728075,5.733039007236269,2.889090523331663,6.36502755921507,0.8343971631205777,0.5052888527257902
44645,2024-03-11 10:00:00,2024-03-11,598,9,10,IS,down,16.539,493.83,24.25,926.25,432.42,1,next_choch,2024-03-12,0,1,0,0,0,1,4,0,1,1,2,2,1,1,1,1,1,4.655634224353199,4.655634224353199,2.128289931132935,4.655634224353199,0.10000000000000944,0.655307994757511
44719,2024-03-12 09:55:00,2024-03-12,599,8,09,IS,up,24.929,-4269.92,-49.05,-3838.25,431.67,0,stop_loss,2024-03-12,0,1,0,0,0,1,4,0,1,1,2,2,1,1,1,1,3,4.1075998620103755,4.1075998620103755,1.9815960271808168,4.1075998620103755,0.9965820312500142,0.4966608084358372
44761,2024-03-12 13:25:00,2024-03-12,599,50,13,IS,up,19.772,-2589.46,-23.2,-2158.0,431.46,0,stop_loss,2024-03-12,0,1,0,0,0,2,26,1,1,2,2,7,3,0,1,2,2,2.5895336310623023,7.682620284343005,3.004263626662155,8.082177231323389,0.6689612015018742,0.08416666666665454
44790,2024-03-13 09:35:00,2024-03-13,600,4,09,IS,down,23.138,6203.06,112.05,6633.25,430.19,1,next_choch,2024-03-14,0,1,0,0,0,1,16,1,1,1,3,1,0,0,1,1,3,4.328414974630165,4.328414974630165,4.328414974630165,4.328414974630165,0.12031952071891698,
44898,2024-03-14 12:20:00,2024-03-14,601,37,12,IS,up,24.046,-2352.58,-19.6,-1924.0,428.58,0,stop_loss,2024-03-14,0,1,0,0,0,1,4,0,1,1,2,3,1,1,1,1,1,5.142227397488057,9.232304749230641,1.4784163686267684,11.49047658654243,0.9949330437929865,0.7919655667144928
44917,2024-03-14 13:55:00,2024-03-14,601,56,13,IS,down,25.192,-3245.23,-33.35,-2817.75,427.48,0,next_choch,2024-03-14,0,1,1,1,1,0,4,19,0,2,3,4,2,1,0,2,1,3.1558138427094744,5.5454992934151495,2.3102939074930027,11.555439114625452,0.6485743730676751,0.27702303603071854
44930,2024-03-14 15:00:00,2024-03-14,601,69,15,IS,up,25.71,-7846.36,-104.15,-7419.75,426.61,0,stop_loss,2024-03-15,0,1,0,0,0,1,8,0,1,2,5,7,3,1,1,2,3,2.7751307831430174,4.690690573889988,2.3550689407051313,11.32222243830336,0.7944005496393032,0.32086989698586166
44939,2024-03-15 09:30:00,2024-03-15,602,3,09,IS,down,29.603,-1030.49,0.7,-604.5,425.99,0,next_choch,2024-03-15,0,1,0,0,0,1,3,0,1,2,5,2,1,1,2,3,3,1.699169332527076,1.699169332527076,1.699169332527076,1.699169332527076,0.0675944333996323,
45005,2024-03-15 15:00:00,2024-03-15,602,69,15,IS,up,26.366,-2729.92,-25.45,-2304.25,425.67,0,stop_loss,2024-03-15,0,1,1,1,1,0,1,34,0,1,1,7,2,1,0,1,1,3.246630104150018,5.643674760485147,1.9703555363387695,7.304917734337609,0.7699896157840104,0.2987111448066766
45011,2024-03-18 09:15:00,2024-03-18,603,0,09,IS,down,30.605,-2206.09,-17.4,-1781.0,425.09,0,next_choch,2024-03-18,0,1,1,0,1,0,1,3,0,2,3,0,0,2,1,2,1,1.3494306578882642,1.3494306578882642,2.8034176863635385,1.3494306578882642,0.8184019370460016,
45047,2024-03-18 12:15:00,2024-03-18,603,36,12,IS,up,27.752,-1761.49,-10.55,-1335.75,425.74,0,next_choch,2024-03-18,0,1,3,3,3,0,3,33,0,4,3,4,3,1,0,3,1,3.7564995549854245,4.6519337414735045,3.127713778155704,4.6519337414735045,0.936096049573973,0.7270806928602304
45086,2024-03-19 09:15:00,2024-03-19,604,0,09,IS,down,25.445,6108.36,110.5,6532.5,424.14,1,next_choch,2024-03-20,0,1,1,0,1,0,5,14,0,3,2,0,0,1,0,1,2,1.0591513427052466,1.0591513427052466,3.8121588216106175,1.0591513427052466,0.18552875695732338,
45208,2024-03-20 13:10:00,2024-03-20,605,47,13,IS,up,22.646,-3935.62,-44.05,-3513.25,422.37,0,next_choch,2024-03-20,0,1,1,1,1,0,11,40,0,1,1,2,1,1,0,1,0,3.0844026812444714,7.897572219621771,3.0844026812444714,7.897572219621771,0.9619793122728582,0.5058721183123195
45224,2024-03-20 14:30:00,2024-03-20,605,63,14,IS,down,23.957,-3119.22,-31.5,-2697.5,421.72,0,next_choch,2024-03-20,0,1,4,4,4,0,2,56,1,4,1,5,4,3,0,4,0,3.3372431324587373,5.148829773468126,2.279092870947349,7.922560932340965,0.48419388830348686,0.3483146067415703
45236,2024-03-21 09:15:00,2024-03-21,606,0,09,IS,up,29.776,-2420.0,-20.7,-1995.5,424.5,0,next_choch,2024-03-21,0,1,5,0,5,0,3,68,0,5,1,0,0,1,0,4,0,1.0646014964871753,1.0646014964871753,5.663881463172226,1.0646014964871753,0.8895899053627786,
45300,2024-03-21 14:35:00,2024-03-21,606,64,14,IS,up,16.585,-2439.84,-21.0,-2015.0,424.84,0,stop_loss,2024-03-21,0,1,2,2,2,0,3,12,1,2,2,5,2,2,0,2,1,2.505215430438776,5.7339587830259475,1.2661738637596922,7.777925163095253,0.5891472868217055,0.0335289186923734
45312,2024-03-22 09:20:00,2024-03-22,607,1,09,IS,down,21.349,-4323.81,-50.0,-3900.0,423.81,0,stop_loss,2024-03-22,0,1,1,1,1,0,1,5,0,3,3,1,1,1,1,3,2,2.5013232655853264,2.5013232655853264,2.5013232655853264,2.5013232655853264,0.06367041198504424,
45325,2024-03-22 10:25:00,2024-03-22,607,14,10,IS,up,28.934,-2583.39,-23.2,-2158.0,425.39,0,stop_loss,2024-03-26,0,1,2,2,2,0,2,18,1,4,3,2,2,1,0,4,1,6.5356766378074616,6.5356766378074616,2.028790156738754,6.5356766378074616,0.9307244843997777,0.8848602269581913
45429,2024-03-26 12:50:00,2024-03-26,608,43,12,IS,up,16.789,-2287.77,-18.65,-1862.25,425.52,0,stop_loss,2024-03-26,0,1,0,0,0,1,5,1,1,2,2,5,2,2,1,2,3,3.246134419746027,4.157434541252666,1.6022204750673918,5.149143497010026,0.9699248120300502,0.1527574426549421
45450,2024-03-26 14:35:00,2024-03-26,608,64,14,IS,down,16.847,-1263.61,-2.9,-838.5,425.11,0,stop_loss,2024-03-27,0,1,0,0,0,1,10,0,1,3,4,7,3,1,1,3,3,3.080612323636515,4.039222902186063,3.080612323636515,5.935669217025874,0.4354999999999927,0.2792475014697141
45463,2024-03-27 09:25:00,2024-03-27,609,2,09,IS,up,19.617,18143.68,295.75,18573.75,430.07,1,next_choch,2024-04-15,0,1,0,0,0,1,2,0,1,2,5,2,1,1,1,2,3,2.7450260739246573,2.7450260739246573,2.7450260739246573,2.7450260739246573,0.9925719591457486,
46289,2024-04-15 09:30:00,2024-04-15,620,3,09,IS,down,30.313,-6153.75,-78.05,-5723.25,430.5,0,stop_loss,2024-04-15,0,1,1,1,1,0,3,46,0,1,1,1,1,1,0,1,0,2.8552200548282385,2.8552200548282385,2.8552200548282385,2.8552200548282385,0.09820912767186267,
46306,2024-04-15 10:55:00,2024-04-15,620,20,10,IS,up,27.419,-3710.91,-40.45,-3279.25,431.66,0,stop_loss,2024-04-15,0,1,2,2,2,0,1,63,1,2,1,2,2,1,0,2,0,3.03626005704157,5.561917822208282,1.7068705185530724,5.561917822208282,0.9583606557377145,0.6394422310757184
46323,2024-04-15 12:20:00,2024-04-15,620,37,12,IS,up,19.755,-2641.51,-24.0,-2210.0,431.51,0,stop_loss,2024-04-15,0,1,4,4,4,0,2,80,1,4,1,4,4,2,0,3,0,2.5411416914284928,7.719603743881265,1.3920596915195724,7.719603743881265,0.8075409836065669,0.18119975262832902
46327,2024-04-15 12:40:00,2024-04-15,620,41,12,IS,down,19.167,9488.24,162.6,9919.0,430.76,1,next_choch,2024-04-18,0,1,5,5,5,0,1,84,0,5,1,5,5,3,0,4,0,2.8277178960109732,7.306676961924897,1.6564583615931217,7.956217327337041,0.5580327868852603,0.19980833732628062
46459,2024-04-18 11:10:00,2024-04-18,622,23,11,IS,up,25.652,-5344.83,-65.65,-4917.25,427.58,0,stop_loss,2024-04-18,0,1,1,1,1,0,1,13,0,1,1,3,1,1,0,1,3,5.451795369579822,5.451795369579822,3.177127798503826,5.451795369579822,0.8866642831605384,0.6059387565728552
46499,2024-04-18 14:30:00,2024-04-18,622,63,14,IS,down,36.765,4897.91,91.9,5323.5,425.59,1,next_choch,2024-04-19,0,1,1,1,1,0,13,22,0,2,3,7,2,0,0,1,3,3.522410144541216,5.648096266517287,5.0075344216991935,5.648096266517287,0.011798699735134652,0.4689150751727027
46565,2024-04-19 13:45:00,2024-04-19,623,54,13,IS,up,27.865,27129.0,434.0,27560.0,431.0,1,next_choch,2024-05-07,0,1,1,1,1,0,5,54,0,2,3,2,1,1,0,1,0,2.727465215846573,8.028078536643163,2.727465215846573,9.354129059347542,0.9952042969499328,0.24230254350735334
47345,2024-05-07 10:00:00,2024-05-07,634,9,10,IS,down,25.703,2971.3,62.35,3402.75,431.45,1,next_choch,2024-05-07,0,1,1,1,1,0,1,18,0,1,1,1,1,1,0,1,2,4.435228161364495,4.435228161364495,2.233176284757267,4.435228161364495,0.05701754385964912,0.6172592888533329
47398,2024-05-07 14:25:00,2024-05-07,634,62,14,IS,down,26.086,-5564.42,-69.0,-5135.0,429.42,0,stop_loss,2024-05-07,0,1,2,2,2,0,1,22,1,2,2,6,3,2,0,2,3,3.2105343862608295,4.019397377903801,2.6930154105650543,10.319711722763056,0.08302377414561213,0.24780553679946107
47406,2024-05-07 15:05:00,2024-05-07,634,70,15,IS,down,28.759,112.91,18.35,542.75,429.84,1,next_choch,2024-05-08,0,1,4,4,4,0,2,30,1,4,1,8,5,3,0,4,1,3.1242285050644334,3.727515812386239,1.6029708857369858,9.360515454238731,0.2267830609212479,0.16580086580086525
47421,2024-05-08 10:05:00,2024-05-08,635,10,10,IS,up,31.671,-4293.79,-49.45,-3864.25,429.54,0,stop_loss,2024-05-08,0,1,0,0,0,1,4,1,1,4,1,2,1,1,1,5,1,3.6895300703804637,3.6895300703804637,2.5181003261689825,3.6895300703804637,0.9097133076593975,0.5135515663498845
47425,2024-05-08 10:25:00,2024-05-08,635,14,10,IS,down,32.415,-5538.16,-68.6,-5109.0,429.16,0,stop_loss,2024-05-08,0,1,1,1,1,0,1,5,0,4,2,3,2,2,1,6,1,2.847403248445937,3.604756983541779,2.3414724437382675,3.604756983541779,0.27257167308514285,0.048366013071895426
47445,2024-05-08 12:05:00,2024-05-08,635,34,12,IS,up,28.759,-1669.17,-9.05,-1238.25,430.92,0,next_choch,2024-05-08,0,1,2,2,2,0,4,25,1,4,2,4,3,1,0,3,1,4.297844818593344,5.627881746677465,2.260193472561251,5.627881746677465,0.9481000926783965,0.4707412223667096
47465,2024-05-08 13:45:00,2024-05-08,635,54,13,IS,down,31.17,-1551.54,-7.25,-1121.25,430.29,0,next_choch,2024-05-08,0,1,1,1,1,0,2,6,0,3,3,7,4,1,2,2,2,3.44404983044438,6.0282902947414145,2.6820919033549306,6.472632075380899,0.5345724907063125,0.4060705496308482
47488,2024-05-09 09:25:00,2024-05-09,636,2,09,IS,down,27.432,8466.54,146.85,8895.25,428.71,1,next_choch,2024-05-13,0,1,2,1,2,0,1,17,1,3,3,1,1,2,0,3,3,2.1927026563964382,2.1927026563964382,1.981269981299224,2.1927026563964382,0.0,
47700,2024-05-13 14:35:00,2024-05-13,638,64,14,IS,up,31.809,-3263.92,-33.65,-2837.25,426.67,0,stop_loss,2024-05-13,0,1,0,0,0,2,7,1,1,1,2,6,1,1,2,1,3,5.941733288482154,6.597210214751171,1.7605135669576752,10.122953010006633,0.974068322981371,0.6582449373191955
47733,2024-05-14 11:05:00,2024-05-14,639,22,11,IS,up,28.232,472.02,23.85,900.25,428.23,1,next_choch,2024-05-15,0,1,2,2,2,0,1,14,1,2,1,3,2,1,0,2,3,3.834301501841882,3.834301501841882,1.6895721167469797,3.834301501841882,0.8739030023094554,0.4378891194782158
47796,2024-05-15 10:05:00,2024-05-15,640,10,10,IS,down,27.088,-5975.7,-75.35,-5547.75,427.95,0,stop_loss,2024-05-15,0,1,1,1,1,0,1,5,0,1,1,3,1,1,2,1,2,5.210755974926405,5.210755974926405,3.348321409322167,5.210755974926405,0.10874955720863186,0.47097759674135814
47838,2024-05-15 13:35:00,2024-05-15,640,52,13,IS,down,22.969,-2507.63,-22.0,-2080.0,427.63,0,stop_loss,2024-05-15,0,1,0,0,0,1,5,1,1,2,3,8,3,2,2,2,3,2.623089280816401,5.261416424674826,1.8067751892760273,7.059484263641216,0.16034535923527454,0.3871499176276957
47853,2024-05-15 14:50:00,2024-05-15,640,67,14,IS,up,22.299,-1205.22,-1.95,-776.75,428.47,0,next_choch,2024-05-16,0,1,0,0,0,1,8,1,1,2,3,11,4,1,1,3,4,2.641362207443415,3.57637752196277,2.4642250135656028,7.271593920830951,0.49337033610853703,0.4071550255536893
47879,2024-05-16 10:45:00,2024-05-16,641,18,10,IS,down,29.799,-1643.26,-8.7,-1215.5,427.76,0,next_choch,2024-05-16,0,1,1,1,1,0,5,7,0,1,2,4,1,1,2,2,4,4.060566197296535,5.167993342013772,3.2216062391774165,5.167993342013772,0.008766233766224317,0.4142736486486591
47895,2024-05-16 12:05:00,2024-05-16,641,34,12,IS,up,32.201,-5666.99,-70.6,-5239.0,427.99,0,stop_loss,2024-05-16,0,1,1,1,1,0,1,12,0,2,3,6,2,1,0,2,4,3.8849242579514724,6.058742787580619,2.4408876632692538,6.058742787580619,0.6002050230650918,0.3466755614854234
47912,2024-05-16 13:30:00,2024-05-16,641,51,13,IS,down,34.477,-5571.27,-69.15,-5144.75,426.52,0,stop_loss,2024-05-16,0,1,2,2,2,0,3,29,1,3,3,7,3,1,0,2,1,3.7053687965890307,6.645009716622634,2.1289555355743777,6.927806943759566,0.01779359430604993,0.7476739858578204
47925,2024-05-16 14:35:00,2024-05-16,641,64,14,IS,up,36.379,29422.77,469.35,29857.75,434.98,1,next_choch,2024-05-29,0,1,1,1,1,0,1,10,0,3,4,9,4,1,1,3,1,3.54324323581391,6.4679994832197405,1.7551286315493935,6.736010511529952,0.49438890022443654,0.4833984375000103
48524,2024-05-29 12:40:00,2024-05-29,650,41,12,IS,up,18.562,-2022.7,-14.4,-1586.0,436.7,0,next_choch,2024-05-29,0,1,2,2,2,0,6,67,1,2,1,2,2,1,0,2,0,2.8661322299802134,6.968688044134049,2.022993707438975,8.202417895009052,0.40853858784893743,0.44266191325014087
48548,2024-05-29 14:40:00,2024-05-29,650,65,14,IS,down,23.61,3454.19,69.85,3890.25,436.06,1,next_choch,2024-05-31,0,1,0,0,0,1,7,0,1,3,4,5,3,1,1,2,2,3.5091508998419525,4.898410399115679,2.450264086371218,6.448620694036773,0.15369458128079774,0.470588235294104
48670,2024-05-31 12:20:00,2024-05-31,652,37,12,IS,down,21.695,-2507.74,-21.9,-2073.5,434.24,0,stop_loss,2024-05-31,0,1,2,2,2,0,3,17,1,2,1,3,2,2,0,2,1,3.044480294998814,6.501498041023243,1.2445263885687947,6.501498041023243,0.03615739099609054,0.23146067415730337
48677,2024-05-31 12:55:00,2024-05-31,652,44,12,IS,up,21.246,-3954.23,-44.15,-3519.75,434.48,0,stop_loss,2024-05-31,0,1,1,1,1,0,1,2,0,3,3,6,3,2,2,3,3,3.2924154421109457,4.782121642865816,2.1227725009179315,7.0602189609240416,0.46,0.4083044982698924
48785,2024-06-04 09:25:00,2024-06-04,654,2,09,IS,down,90.105,-23311.57,-341.95,-22876.75,434.82,0,stop_loss,2024-06-04,0,1,1,1,1,0,1,6,0,1,1,1,1,1,1,1,3,6.231618667110593,6.231618667110593,3.7950169246989702,6.231618667110593,0.0,
48913,2024-06-05 13:50:00,2024-06-05,655,55,13,IS,up,50.893,94859.71,1476.35,95312.75,453.04,1,next_choch,2024-08-05,0,1,0,0,0,3,29,0,1,1,2,5,1,0,3,1,3,2.6722732006366297,6.472402884483159,4.562513508734025,13.129507004892632,0.9774019754564524,0.5717017208413285
51984,2024-08-05 13:30:00,2024-08-05,696,51,13,IS,up,44.554,-4514.76,-52.4,-4056.0,458.76,0,stop_loss,2024-08-05,0,1,0,0,0,1,3,1,1,2,2,4,2,2,1,2,2,3.5596933187294306,8.168665721006247,1.5542797119925305,10.722846677320309,0.40293040293040294,0.3816499614494967
52057,2024-08-06 13:20:00,2024-08-06,697,49,13,IS,down,30.4,-12466.51,-174.7,-12005.5,461.01,0,stop_loss,2024-08-07,0,1,0,0,0,1,2,0,1,1,2,4,1,1,1,1,2,3.2680598546724386,5.093699733226269,1.7680746571579884,7.955513596905245,0.03783336778994365,0.49829157175399047
52099,2024-08-07 10:35:00,2024-08-07,698,16,10,IS,up,42.82,-8110.09,-107.65,-7647.25,462.84,0,stop_loss,2024-08-07,0,1,0,0,0,1,16,2,1,1,2,2,1,0,1,1,3,3.9246046203140446,3.9246046203140446,3.9246046203140446,3.9246046203140446,0.9556679559654819,0.42820347714102275
52120,2024-08-07 12:20:00,2024-08-07,698,37,12,IS,up,31.057,-4576.77,-53.3,-4114.5,462.27,0,stop_loss,2024-08-07,0,1,2,2,2,0,1,23,1,3,3,4,3,2,0,2,1,2.5050955188413218,5.411070719039668,2.194373516825607,5.411070719039668,0.48527224040463923,0.4167938931297938
52133,2024-08-07 13:25:00,2024-08-07,698,50,13,IS,down,27.369,-4501.34,-52.15,-4039.75,461.59,0,stop_loss,2024-08-07,0,1,0,0,0,1,7,1,1,3,3,6,4,1,1,3,1,3.3998691936408845,6.850891712065242,2.210554392426385,6.850891712065242,0.04453333333332557,0.5063532401524894
52142,2024-08-07 14:10:00,2024-08-07,698,59,14,IS,up,25.506,-3965.63,-43.9,-3503.5,462.13,0,stop_loss,2024-08-08,0,1,0,0,0,1,6,0,1,3,3,8,5,1,2,4,2,3.3325622699061785,4.542086340807364,1.7544960185682528,7.351240301263629,0.45306666666667056,0.181282722513086
52160,2024-08-08 09:25:00,2024-08-08,699,2,09,IS,down,30.421,-3985.0,-44.2,-3523.0,462.0,0,stop_loss,2024-08-08,0,1,1,1,1,0,2,9,0,2,4,1,1,1,1,3,3,1.998599665366019,1.998599665366019,1.998599665366019,1.998599665366019,0.273026315789453,
52193,2024-08-08 12:10:00,2024-08-08,699,35,12,IS,up,38.917,-9395.69,-127.45,-8934.25,461.44,0,stop_loss,2024-08-08,0,1,0,0,0,1,21,0,1,3,3,6,4,0,1,4,2,3.3661381915358324,4.450497212015333,4.008530976180076,4.450497212015333,0.9942263279445728,0.41069776050343004
52204,2024-08-08 13:05:00,2024-08-08,699,46,13,IS,down,39.127,-12746.51,-179.0,-12285.0,461.51,0,stop_loss,2024-08-09,0,1,1,1,1,0,1,11,0,4,3,7,5,1,1,2,1,4.835572639655292,5.091152588897114,2.203099162464525,5.198496167578698,0.1991150442477862,0.2879270103967868
52234,2024-08-09 09:20:00,2024-08-09,700,1,09,IS,up,44.013,-4864.1,-57.7,-4400.5,463.6,0,stop_loss,2024-08-09,0,1,1,1,1,0,1,6,0,3,4,1,1,1,1,2,1,1.7949364615213335,1.7949364615213335,1.7949364615213335,1.7949364615213335,0.7303797468354523,
52314,2024-08-12 09:45:00,2024-08-12,701,6,09,IS,down,23.694,-5045.57,-60.5,-4582.5,463.07,0,stop_loss,2024-08-12,0,1,0,0,0,1,6,0,1,1,3,2,1,1,1,1,3,3.2856419346670966,3.2856419346670966,3.2856419346670966,3.2856419346670966,0.04495825305073734,0.37065409546258005
52325,2024-08-12 10:40:00,2024-08-12,701,17,10,IS,up,25.382,-2781.63,-25.65,-2317.25,464.38,0,next_choch,2024-08-12,0,1,1,1,1,0,1,11,0,2,3,3,2,1,1,2,1,5.564967299661177,5.564967299661177,2.354030415254905,5.564967299661177,0.9769911504424779,0.47186881538026404
52376,2024-08-12 14:55:00,2024-08-12,701,68,14,IS,down,23.79,-1757.51,-9.9,-1293.5,464.01,0,next_choch,2024-08-16,0,1,1,1,1,0,1,10,0,1,2,8,3,1,1,1,3,5.1912786518648675,5.1912786518648675,3.4300270282767973,10.781886430796263,0.36296296296295727,0.6523716699155329
52534,2024-08-16 09:20:00,2024-08-16,704,1,09,IS,up,29.459,-6970.11,-90.1,-6506.5,463.61,0,stop_loss,2024-08-16,0,1,1,1,1,0,1,12,0,1,1,1,1,1,0,1,3,3.2451441645111085,3.2451441645111085,3.2451441645111085,3.2451441645111085,0.9424686192468611,
52547,2024-08-16 10:25:00,2024-08-16,704,14,10,IS,down,31.258,-5028.66,-60.25,-4566.25,462.41,0,stop_loss,2024-08-16,0,1,2,2,2,0,2,25,1,2,1,2,2,1,0,2,2,5.416248104473216,5.721771845747371,2.2362418340382706,5.721771845747371,0.05395582890691271,0.8359531294655755
52560,2024-08-16 11:30:00,2024-08-16,704,27,11,IS,up,29.515,36633.18,580.85,37105.25,472.07,1,next_choch,2024-09-06,0,1,1,1,1,0,1,5,0,3,3,4,3,1,1,3,1,3.7269563979982854,6.808471710706892,2.8816149240886495,6.808471710706892,0.5819855685493919,0.5876288659793796
53681,2024-09-06 11:10:00,2024-09-06,719,23,11,IS,down,33.579,-4376.93,-50.05,-3903.25,473.68,0,stop_loss,2024-09-06,0,1,1,1,1,0,1,4,0,1,1,2,1,1,1,1,2,3.2162958992227284,9.14261889871646,1.8880848149141265,9.14261889871646,0.043485342019539235,0.3065573770491862
53694,2024-09-06 12:15:00,2024-09-06,719,36,12,IS,up,24.223,-2054.08,-14.3,-1579.5,474.58,0,stop_loss,2024-09-06,0,1,2,2,2,0,2,17,1,2,1,3,2,1,0,2,1,2.600876867058037,12.674114256933608,0.9082427154805842,12.674114256933608,0.28013029315960913,0.7207207207207365
53707,2024-09-06 13:20:00,2024-09-06,719,49,13,IS,down,24.832,-3752.2,-40.45,-3279.25,472.95,0,stop_loss,2024-09-06,0,1,0,0,0,1,4,0,1,3,4,6,3,1,1,3,3,5.370130236229438,5.533227554990031,1.9088426936428875,13.547145192857604,0.005499405469685419,0.9126179657462421
53750,2024-09-09 10:40:00,2024-09-09,720,17,10,IS,up,29.76,-4431.74,-50.9,-3958.5,473.24,0,next_choch,2024-09-09,0,1,0,0,0,1,11,2,1,1,3,2,1,1,1,1,3,2.9872010698817366,4.731135102804841,2.9872010698817366,4.731135102804841,0.952769886363627,0.35218365061591245
53774,2024-09-09 12:40:00,2024-09-09,720,41,12,IS,down,21.086,-2803.35,-25.85,-2330.25,473.1,0,stop_loss,2024-09-09,0,1,1,1,1,0,7,26,0,2,3,3,2,1,0,2,1,3.4287665451027096,5.735951779117281,1.8874814452985715,8.197265523112266,0.4573329476424756,0.3083521444694961
53778,2024-09-09 13:00:00,2024-09-09,720,45,13,IS,up,19.714,-1113.79,0.15,-640.25,473.54,0,next_choch,2024-09-09,0,1,2,2,2,0,2,30,1,3,3,4,3,2,0,2,1,2.2217375204800205,6.135140481782296,1.2173904221808534,8.767747269748465,0.6291582296789044,0.04547630445188896
53795,2024-09-09 14:25:00,2024-09-09,720,62,14,IS,down,20.048,-3349.8,-34.25,-2876.25,473.55,0,stop_loss,2024-09-09,0,1,3,3,3,0,2,47,0,4,3,5,4,1,0,3,0,3.990343369046906,5.701203088525731,1.9328225693820953,8.94834500508776,0.5791527313266478,0.729040097205385
53808,2024-09-10 09:15:00,2024-09-10,721,0,09,IS,up,21.761,-3851.28,-41.95,-3376.75,474.53,0,stop_loss,2024-09-10,0,1,0,0,0,1,4,1,1,4,2,0,0,1,1,3,1,1.4636343165952945,1.4636343165952945,3.5522427840759927,1.4636343165952945,0.20565149136576363,
53815,2024-09-10 09:50:00,2024-09-10,721,7,09,IS,down,25.012,-4185.44,-47.1,-3711.5,473.94,0,next_choch,2024-09-10,0,1,1,1,1,0,1,8,0,4,2,1,1,2,1,3,1,4.327853384721179,4.327853384721179,2.2768706721466443,4.327853384721179,0.05404157043881924,0.6473551637279554
53828,2024-09-10 10:55:00,2024-09-10,721,20,10,IS,up,21.436,2559.94,56.7,3035.5,475.56,1,next_choch,2024-09-11,0,1,2,2,2,0,1,21,1,4,2,2,2,1,0,4,1,3.5687461805085814,5.775304276430846,0.9190104543270804,5.775304276430846,0.6122778675282692,0.5022172949002096
53884,2024-09-11 09:20:00,2024-09-11,722,1,09,IS,down,23.091,-4339.62,-49.45,-3864.25,475.37,0,stop_loss,2024-09-11,0,1,1,1,1,0,1,22,0,1,2,1,1,1,0,1,2,2.150179073322685,2.150179073322685,2.150179073322685,2.150179073322685,0.004028197381686238,
53900,2024-09-11 10:40:00,2024-09-11,722,17,10,IS,up,23.872,-2838.9,-26.35,-2362.75,476.15,0,stop_loss,2024-09-11,0,1,0,0,0,1,5,0,1,2,2,3,2,1,1,2,1,3.2611700835294593,4.096884189713355,2.595112224465718,4.096884189713355,0.9182004089979544,0.09885931558934256
53915,2024-09-11 11:55:00,2024-09-11,722,32,11,IS,up,20.987,-996.7,2.0,-520.0,476.7,0,next_choch,2024-09-11,0,1,2,2,2,0,2,5,1,3,2,6,4,2,1,4,2,2.5182495663940454,4.993615034211946,1.665332494710996,4.993615034211946,0.9332061068702285,0.4163701067615948
53926,2024-09-11 12:50:00,2024-09-11,722,43,12,IS,down,19.811,-921.77,3.15,-445.25,476.52,0,next_choch,2024-09-12,0,1,1,1,1,0,1,4,0,3,3,8,5,1,1,4,3,2.8468601252821095,5.797196549443931,1.4410967478156038,6.804197604397454,0.6650593471809964,0.0935550935550879
54007,2024-09-12 13:20:00,2024-09-12,723,49,13,IS,up,24.389,-2555.5,-22.0,-2080.0,475.5,0,stop_loss,2024-09-12,0,1,5,5,5,0,4,58,0,5,1,5,5,1,0,4,0,2.1320650279833533,3.788515549724326,1.5170462699112321,5.012402878287787,0.5394683026584927,0.2599920854768415
54015,2024-09-12 14:00:00,2024-09-12,723,57,14,IS,up,29.783,33382.92,531.05,33868.25,485.33,1,next_choch,2024-10-03,0,1,7,7,7,0,1,66,0,5,0,7,7,2,0,5,0,4.767756535519786,5.8740775062619015,4.2271869564925915,5.8740775062619015,1.0,0.4887677208287631
55020,2024-10-03 10:15:00,2024-10-03,737,12,10,IS,down,35.239,4508.81,86.85,4995.25,486.44,1,next_choch,2024-10-04,0,1,1,1,1,0,1,18,0,1,1,1,1,1,0,1,1,4.001282680689129,4.001282680689129,1.504028241677474,4.001282680689129,0.11347517730496454,0.07155499367889484
55124,2024-10-04 12:40:00,2024-10-04,738,41,12,IS,down,48.12,15177.5,250.9,15658.5,481.0,1,next_choch,2024-10-08,0,1,2,2,2,0,1,14,1,2,1,3,2,2,0,2,1,4.987572631526446,5.611019210467252,3.942260534169044,6.3383735525648595,0.24885245901639821,0.2521109770808188
55287,2024-10-08 13:45:00,2024-10-08,740,54,13,IS,up,33.966,-5030.22,-60.05,-4553.25,476.97,0,stop_loss,2024-10-08,0,1,1,1,1,0,2,13,0,1,1,5,1,1,0,1,3,4.969734083896626,4.969734083896626,1.8548178156723272,7.30886544032786,0.9881168177240656,0.5634103709458103
55300,2024-10-08 14:50:00,2024-10-08,740,67,14,IS,down,35.524,-4489.79,-51.75,-4013.75,476.04,0,stop_loss,2024-10-08,0,1,1,1,1,0,1,10,0,2,3,7,2,1,1,2,4,4.501245654285233,5.342941996143378,2.101425816712921,7.5794896336228135,0.4911792014856082,0.40116539668309126
55306,2024-10-08 15:20:00,2024-10-08,740,73,15,IS,up,35.206,1329.13,37.8,1807.0,477.87,1,next_choch,2024-10-09,0,1,2,2,2,0,1,16,1,3,3,8,3,2,0,3,3,4.115728958371246,5.391065260861641,0.8521177967642246,7.647757225958916,0.8016713091921952,0.09941944847605542
55363,2024-10-09 13:50:00,2024-10-09,741,55,13,IS,up,30.906,-3513.42,-36.7,-3035.5,477.92,0,stop_loss,2024-10-09,0,1,2,2,2,0,2,12,1,2,1,8,2,2,0,2,3,3.5656506827153542,6.061929722384074,1.9025431954959968,6.99378761405557,0.3331020124913232,0.2757180156657978
55369,2024-10-09 14:20:00,2024-10-09,741,61,14,IS,down,31.056,-3688.25,-39.4,-3211.0,477.25,0,next_choch,2024-10-10,0,1,1,1,1,0,1,4,0,3,3,10,3,2,1,3,3,3.542045692389432,7.035790761700826,2.2363188485131693,7.101801613240905,0.0,0.20582032897512953
55391,2024-10-10 09:55:00,2024-10-10,742,8,09,IS,up,33.593,-3792.84,-41.0,-3315.0,477.84,0,stop_loss,2024-10-10,0,1,0,0,0,1,8,0,1,2,5,2,1,1,1,4,3,2.6196011657225187,2.6196011657225187,2.6196011657225187,2.6196011657225187,0.9528409090908926,0.3069053708439822
55411,2024-10-10 11:35:00,2024-10-10,742,28,11,IS,down,28.198,-2446.66,-20.3,-1969.5,477.16,0,stop_loss,2024-10-10,0,1,1,1,1,0,1,20,0,3,5,3,2,1,0,2,1,3.3672242652926143,5.284006482660303,1.1986538195564722,5.284006482660303,0.09060402684563758,0.3884297520661157
55420,2024-10-10 12:20:00,2024-10-10,742,37,12,IS,up,23.359,-2619.23,-22.95,-2141.75,477.48,0,stop_loss,2024-10-10,0,1,2,2,2,0,5,29,1,3,4,4,3,2,0,2,1,2.5343225182261766,6.378615797562427,1.179401780019062,6.378615797562427,0.3664429530201489,0.23630672926447657
55447,2024-10-10 14:35:00,2024-10-10,742,64,14,IS,down,17.572,-288.54,12.9,188.5,477.04,0,next_choch,2024-10-11,0,1,5,5,5,0,1,56,0,5,1,7,6,3,0,4,0,2.364530337692657,3.223842205301639,1.488146048872734,8.47930253468547,0.07953020134229653,0.1931506849314869
55468,2024-10-11 10:05:00,2024-10-11,743,10,10,IS,up,23.516,-4344.0,-49.5,-3867.5,476.5,0,stop_loss,2024-10-11,0,1,0,0,0,1,4,0,1,1,3,3,1,1,2,4,4,3.8336090356654413,3.8336090356654413,2.3941451881083395,3.8336090356654413,0.9245701608430457,0.49455676516329133
55480,2024-10-11 11:05:00,2024-10-11,743,22,11,IS,down,24.044,-1629.45,-7.75,-1153.75,475.7,0,next_choch,2024-10-11,0,1,1,1,1,0,2,12,0,2,3,4,2,1,0,4,4,5.051051175944633,5.051051175944633,2.8883944353178785,5.051051175944633,0.17702758336763993,0.7555648887021905
55506,2024-10-11 13:15:00,2024-10-11,743,48,13,IS,up,17.014,-2799.57,-25.75,-2323.75,475.82,0,stop_loss,2024-10-11,0,1,1,1,1,0,1,23,0,3,5,6,3,1,0,2,1,2.87699170697594,7.978582721593013,1.8073032684271466,8.751462005489586,0.5298858294157198,0.512406947890796
55527,2024-10-11 15:00:00,2024-10-11,743,69,15,IS,down,15.761,-8097.06,-107.25,-7621.25,475.81,0,stop_loss,2024-10-14,0,1,6,6,6,0,1,44,1,5,0,11,8,3,0,6,0,2.373021160496269,3.6991212207734065,1.592589067605631,9.44766980743006,0.26628609805239134,0.31372549019603646
55538,2024-10-14 09:40:00,2024-10-14,744,5,09,IS,up,25.506,-5251.45,-63.45,-4774.25,477.2,0,next_choch,2024-10-15,0,1,7,1,7,0,5,55,0,5,0,1,1,1,0,7,0,4.440166550353253,4.440166550353253,4.440166550353253,4.440166550353253,0.970419426048578,0.4556637621732553
55653,2024-10-15 13:00:00,2024-10-15,745,45,13,IS,down,19.505,-2085.24,-14.75,-1608.75,476.49,0,next_choch,2024-10-15,0,1,2,2,2,0,1,7,1,3,3,5,3,2,1,3,1,3.6529844241871148,4.798867959353291,2.5327358674364744,10.26937235318844,0.040189715426856225,0.6522613065326779
55670,2024-10-15 14:25:00,2024-10-15,745,62,14,IS,up,19.268,-2553.47,-21.95,-2076.75,476.72,0,stop_loss,2024-10-15,0,1,1,1,1,0,1,3,0,3,4,7,4,1,1,4,2,2.21606360673438,5.329970314089428,1.1910693155631547,11.487720827883921,0.28619832843911885,0.23140839218943815
55687,2024-10-16 09:35:00,2024-10-16,746,4,09,IS,up,24.059,-2537.64,-21.7,-2060.5,477.14,0,next_choch,2024-10-16,0,1,5,2,5,0,1,20,0,5,1,2,2,3,0,6,1,4.279081753529908,4.279081753529908,2.6455906130372315,4.279081753529908,0.9499757163671547,
55699,2024-10-16 10:35:00,2024-10-16,746,16,10,IS,down,23.358,1320.6,37.65,1797.25,476.65,1,next_choch,2024-10-16,0,1,6,3,6,0,2,32,1,5,0,3,3,1,0,6,1,3.0610628523968337,5.428570205369458,1.432063670107361,5.428570205369458,0.4467665615142096,0.3191159364094423
55741,2024-10-16 14:05:00,2024-10-16,746,58,14,IS,up,19.924,-2540.02,-21.75,-2063.75,476.27,0,next_choch,2024-10-16,0,1,1,1,1,0,1,2,0,2,2,7,4,1,1,1,3,4.138121408316431,6.687746242063791,3.6312078094807174,10.705412933825155,0.6247069854664813,0.5692171605484023
55750,2024-10-16 14:50:00,2024-10-16,746,67,14,IS,down,23.152,10320.97,176.1,10796.5,475.53,1,next_choch,2024-10-18,0,1,1,1,1,0,1,5,0,2,3,9,5,2,2,2,3,5.79225625874679,7.096701739836682,2.6974377580815463,9.21318612968431,0.4669479606188415,0.16835891381344606
55867,2024-10-18 12:05:00,2024-10-18,748,34,12,IS,up,29.464,-3368.53,-34.55,-2895.75,472.78,0,stop_loss,2024-10-18,0,1,1,1,1,0,1,14,0,1,1,3,1,1,0,1,2,4.798995401245616,9.367204602148348,1.4559894109861513,9.367204602148348,0.9697463768115995,0.6013531095498187
55912,2024-10-21 09:35:00,2024-10-21,749,4,09,IS,down,30.011,-4567.06,-53.0,-4095.0,472.06,0,next_choch,2024-10-21,0,1,1,1,1,0,1,4,0,1,1,2,1,1,1,1,4,6.6475625603945225,6.6475625603945225,3.7986071773682983,6.6475625603945225,0.0,
55971,2024-10-21 14:30:00,2024-10-21,749,63,14,IS,up,29.907,-4827.07,-57.0,-4355.0,472.07,0,stop_loss,2024-10-21,0,1,1,1,1,0,7,28,0,1,2,7,2,1,0,1,3,4.4955880041861995,6.174119189088805,2.830431569760954,10.281839429433145,0.5372357723577259,0.4815006468305176
55976,2024-10-21 14:55:00,2024-10-21,749,68,14,IS,down,30.606,-3280.01,-33.2,-2808.0,472.01,0,stop_loss,2024-10-22,0,1,2,2,2,0,2,33,1,2,1,8,3,1,0,2,1,3.143215620670632,6.03320960869899,1.4507149018479566,10.047180908069112,0.3515447154471497,0.29669097027482105
56014,2024-10-22 11:50:00,2024-10-22,750,31,11,IS,down,35.17,1584.49,41.6,2054.0,469.51,1,next_choch,2024-10-23,0,1,0,0,0,1,17,3,1,2,5,4,2,0,1,2,3,2.8418783977435775,6.984566567340759,2.8973227486750637,6.984566567340759,0.012008955831470425,0.3090513726555977
56093,2024-10-23 12:10:00,2024-10-23,751,35,12,IS,down,33.769,11846.96,199.45,12314.25,467.29,1,next_choch,2024-10-28,0,1,1,1,1,0,1,5,0,2,3,3,2,2,1,2,1,2.8428861216814485,6.3061729126256925,1.7738424863408635,6.3061729126256925,0.6057760037567483,0.3070555774536859
56312,2024-10-28 11:40:00,2024-10-28,754,29,11,IS,up,31.374,-1611.99,-7.65,-1147.25,464.74,0,next_choch,2024-10-28,0,1,0,0,0,1,2,0,1,1,2,3,1,1,1,1,2,2.8638089136650753,8.723700608459813,1.274928843033948,8.723700608459813,0.9316770186335379,0.016462346760059858
56340,2024-10-28 14:00:00,2024-10-28,754,57,14,IS,down,31.033,-4819.33,-57.0,-4355.0,464.33,0,stop_loss,2024-10-28,0,1,0,0,0,1,5,0,1,1,2,9,2,1,3,2,6,3.1321294613510924,4.709472435971844,2.199257569312865,10.633772862611654,0.6539393939393917,0.13309828118114156
56403,2024-10-29 13:00:00,2024-10-29,755,45,13,IS,up,27.608,-4499.78,-52.1,-4036.5,463.28,0,stop_loss,2024-10-29,0,1,1,1,1,0,2,27,0,2,3,2,1,1,0,1,1,3.01366290441765,7.517857401585044,2.0157492864282958,7.650067372752456,0.9659090909090876,0.4644412191581905
56415,2024-10-29 14:00:00,2024-10-29,755,57,14,IS,up,31.657,1309.57,37.3,1774.5,464.93,1,next_choch,2024-10-30,0,1,3,3,3,0,1,39,0,3,1,4,3,2,0,3,0,3.629483154017748,6.246564784221067,2.8650489301079913,7.225798707411221,0.9851366120218515,0.08292872402407764
56458,2024-10-30 11:20:00,2024-10-30,756,25,11,IS,up,26.613,-3270.25,-33.15,-2804.75,465.5,0,next_choch,2024-10-30,0,1,0,0,0,1,6,0,1,2,3,4,2,2,1,2,3,3.180836073273892,4.638797557538778,1.871301080319508,4.638797557538778,0.9882543539894636,0.5331874544128165
56467,2024-10-30 12:05:00,2024-10-30,756,34,12,IS,down,23.934,-2954.97,-28.3,-2489.5,465.47,0,stop_loss,2024-10-30,0,1,1,1,1,0,1,9,0,3,3,5,3,1,1,3,2,2.172686819729668,5.1726659285102174,1.846783796770248,5.1726659285102174,0.7084006462035641,0.11733223548785086
56478,2024-10-30 13:00:00,2024-10-30,756,45,13,IS,up,20.174,-2789.49,-25.75,-2323.75,465.74,0,stop_loss,2024-10-30,0,1,2,2,2,0,3,20,1,4,3,6,4,1,0,4,2,2.93697766409898,4.572762692204741,1.338369568450168,6.496049331310872,0.9904616558565432,0.40524492825335007
56481,2024-10-30 13:15:00,2024-10-30,756,48,13,IS,down,26.509,13127.28,219.1,13591.5,464.22,1,next_choch,2024-11-05,0,1,3,3,3,0,1,23,0,4,2,7,5,2,0,5,1,4.939813120777421,4.939813120777421,3.823215424137454,5.990395750893062,0.3387909319899214,0.34271999999998737
56714,2024-11-05 13:55:00,2024-11-05,759,56,13,IS,up,36.916,9156.11,158.0,9620.0,463.89,1,next_choch,2024-11-07,0,1,1,1,1,0,1,7,0,1,1,4,1,1,1,1,3,5.536939567717839,6.765414173373388,1.51290643276434,6.765414173373388,0.991991991991992,0.5555555555555505
56817,2024-11-07 10:00:00,2024-11-07,761,9,10,IS,down,35.925,-2439.43,-20.4,-1976.0,463.43,0,next_choch,2024-11-08,0,1,1,1,1,0,1,24,0,1,1,1,1,1,0,1,2,6.750267923005191,6.750267923005191,3.5685952483681254,6.750267923005191,0.03958762886597338,0.8096791734638406
56908,2024-11-08 11:20:00,2024-11-08,762,25,11,IS,down,29.798,-3513.5,-36.95,-3051.75,461.75,0,stop_loss,2024-11-08,0,1,2,2,2,0,1,26,1,2,1,2,2,1,0,2,1,2.8609014608215904,8.710228435850343,1.2400036243678574,8.710228435850343,0.28838374109034387,0.6989907854321931
56974,2024-11-11 10:35:00,2024-11-11,763,16,10,IS,up,37.711,-4086.55,-45.75,-3623.75,462.8,0,next_choch,2024-11-11,0,1,1,1,1,0,2,17,0,3,3,1,1,1,0,1,2,4.753318041394306,6.7567388393152905,3.2351732276156504,6.7567388393152905,0.9519230769230768,0.5129998206921351
57006,2024-11-11 13:15:00,2024-11-11,763,48,13,IS,down,28.997,-1996.24,-13.6,-1534.0,462.24,0,next_choch,2024-11-11,0,1,0,0,0,1,11,1,1,2,4,5,2,1,1,2,3,2.88992423432524,8.561141899418223,2.88992423432524,11.726953888810312,0.4975738861932101,0.3154613466334045
57068,2024-11-12 12:10:00,2024-11-12,764,35,12,IS,down,29.112,23193.72,373.9,23653.5,459.78,1,next_choch,2024-11-19,0,1,0,0,0,2,19,0,1,3,2,6,3,0,2,3,3,2.160583941605889,4.817518248175182,2.413052812365822,4.817518248175182,0.03672014260250592,0.3258030356512427
57358,2024-11-19 11:20:00,2024-11-19,768,25,11,IS,up,28.005,-2345.66,-19.1,-1891.5,454.16,0,next_choch,2024-11-19,0,1,1,1,1,0,11,39,0,1,1,1,1,1,0,1,0,2.4280944814411454,8.75363767831324,2.4280944814411454,8.75363767831324,0.9714460534366716,0.23937929280081122
57391,2024-11-19 14:05:00,2024-11-19,768,58,14,IS,down,19.35,9686.84,166.0,10140.0,453.16,1,next_choch,2024-11-22,0,1,1,1,1,0,1,7,0,2,3,5,2,1,1,1,3,3.5891843843347595,4.571106678105238,3.369543871254521,14.168105096693582,0.6935983950392137,0.4620580055621941
57493,2024-11-22 10:05:00,2024-11-22,770,10,10,IS,up,44.702,-5412.92,-66.35,-4962.75,450.17,0,next_choch,2024-11-22,0,1,1,1,1,0,1,22,0,1,1,1,1,1,0,1,2,5.78723899261329,5.78723899261329,2.955138271836977,5.78723899261329,0.9037495168148381,0.49782797567332754
57501,2024-11-22 10:45:00,2024-11-22,770,18,10,IS,down,46.134,-4924.45,-58.85,-4475.25,449.2,0,next_choch,2024-11-22,0,1,2,2,2,0,1,30,1,2,1,2,2,2,0,2,2,4.542173610524119,5.607541460475193,2.492722334575359,5.607541460475193,0.4329339002705825,0.08283592953850828
57511,2024-11-22 11:35:00,2024-11-22,770,28,11,IS,up,40.528,27847.0,445.45,28304.25,457.25,1,next_choch,2024-11-28,0,1,1,1,1,0,1,3,0,3,3,4,3,2,1,3,1,3.2903502798092794,6.38330421737287,1.6445582763350857,6.38330421737287,0.8378430614611495,0.05981196239248123
57823,2024-11-28 12:35:00,2024-11-28,774,40,12,IS,down,38.268,-3792.51,-41.3,-3334.5,458.01,0,next_choch,2024-11-28,0,1,1,1,1,0,1,2,0,1,1,3,1,1,1,1,1,3.625744747569771,9.583725305738476,2.769938329674924,9.583725305738476,0.06366734832992105,0.1875912408759227
57860,2024-11-29 09:25:00,2024-11-29,775,2,09,IS,up,51.006,15655.32,258.0,16120.0,464.68,1,next_choch,2024-12-13,0,1,4,1,4,0,2,39,1,4,1,1,1,1,0,3,0,1.529222860705442,1.529222860705442,1.529222860705442,1.529222860705442,1.0,
58618,2024-12-13 10:05:00,2024-12-13,785,10,10,IS,down,27.331,-4475.35,-51.7,-4010.5,464.85,0,stop_loss,2024-12-13,0,1,1,1,1,0,4,25,0,1,1,1,1,1,0,1,1,6.399233116488781,6.399233116488781,1.973920106544148,6.399233116488781,0.012864493996569361,0.6057912115824277
58652,2024-12-13 12:55:00,2024-12-13,785,44,12,IS,up,49.232,-5801.85,-72.05,-5333.25,468.6,0,stop_loss,2024-12-17,0,1,0,0,0,1,6,0,1,2,2,3,2,1,1,1,1,2.9665785122623847,9.466442421361789,2.783769839818964,9.466442421361789,1.0,0.29655853779021873
58764,2024-12-17 09:45:00,2024-12-17,787,6,09,IS,down,27.83,35608.81,565.0,36075.0,466.19,1,next_choch,2024-12-27,0,1,1,1,1,0,2,12,0,1,1,1,1,1,0,1,3,4.074680924456762,4.074680924456762,2.7595722662986977,4.074680924456762,0.04409171075837686,0.6497358797236993
59289,2024-12-27 09:45:00,2024-12-27,794,6,09,IS,up,30.564,-3025.73,-29.5,-2567.5,458.23,0,next_choch,2024-12-27,0,1,1,1,1,0,1,12,0,1,1,1,1,1,0,1,2,4.102906388951647,4.102906388951647,2.6256637776185476,4.102906388951647,0.9051036682615525,0.64694471387001
59319,2024-12-27 12:15:00,2024-12-27,794,36,12,IS,down,20.803,-2394.94,-19.8,-1937.0,457.94,0,next_choch,2024-12-27,0,1,1,1,1,0,2,25,0,2,3,3,2,1,0,2,1,2.9755037686510466,7.707948777111318,1.5983117981848947,8.931318258729567,0.36813778256189655,0.34459459459459457
59339,2024-12-27 13:55:00,2024-12-27,794,56,13,IS,up,15.603,-2112.46,-15.45,-1654.25,458.21,0,stop_loss,2024-12-27,0,1,0,0,0,1,3,0,1,4,1,9,7,4,1,6,1,2.8328248775861207,5.595149588535344,1.5189581357192765,11.908119055554318,0.5403659849300316,0.5520934761440963
59343,2024-12-27 14:15:00,2024-12-27,794,60,14,IS,down,14.808,35.96,17.6,494.0,458.04,1,next_choch,2024-12-30,0,1,1,1,1,0,2,4,0,4,2,10,8,3,1,7,1,2.23865478119945,4.1801728795246795,1.0399783900595256,12.547271745002899,0.43272335844994725,0.25925925925927007
59387,2024-12-30 11:40:00,2024-12-30,795,29,11,IS,up,29.908,-4029.42,-44.95,-3571.75,457.67,0,stop_loss,2024-12-30,0,1,3,3,3,0,2,29,0,3,2,4,3,3,0,3,1,3.841819999531942,6.077030329981912,1.671810269596124,6.077030329981912,0.9722145804676794,0.33792527656022114
59408,2024-12-30 13:25:00,2024-12-30,795,50,13,IS,down,28.184,4334.89,83.7,4790.5,455.61,1,next_choch,2024-12-31,0,1,0,0,0,2,11,1,1,3,1,7,4,1,2,4,2,3.1436275901221324,6.831890434289061,3.1436275901221324,7.802299176837973,0.14415643474306739,0.46960865945043123
59490,2024-12-31 14:00:00,2024-12-31,796,57,14,IS,up,30.06,-3831.07,-41.95,-3376.75,454.32,0,next_choch,2024-12-31,0,1,0,0,0,1,5,0,1,1,2,7,1,1,1,1,3,4.071856287425077,4.500998003991992,2.860944777112442,8.095475715236146,0.9654818163139599,0.5184590690208651
59511,2025-01-01 09:30:00,2025-01-01,797,3,09,IS,down,30.531,-4766.17,-56.35,-4312.75,453.42,0,stop_loss,2025-01-01,0,1,0,0,0,1,3,0,1,3,3,2,1,2,1,4,3,2.091310172250662,2.091310172250662,2.091310172250662,2.091310172250662,0.07752545027408862,
59524,2025-01-01 10:35:00,2025-01-01,797,16,10,IS,up,30.216,-454.78,10.0,0.0,454.78,0,next_choch,2025-01-01,0,1,1,1,1,0,2,13,0,4,3,3,2,1,0,4,2,3.903625622610936,3.903625622610936,1.4859922887260333,3.903625622610936,0.9580330648579848,0.37389911929542813
59545,2025-01-01 12:20:00,2025-01-01,797,37,12,IS,up,28.79,-3929.72,-43.45,-3474.25,455.47,0,stop_loss,2025-01-01,0,1,3,3,3,0,1,34,0,4,2,5,4,2,0,3,1,3.7269885376866716,7.566863494268793,2.1830496700242636,7.566863494268793,0.9109478999311547,0.12451361867705492
59565,2025-01-01 14:00:00,2025-01-01,797,57,14,IS,up,24.681,-4031.14,-45.0,-3575.0,456.14,0,stop_loss,2025-01-01,0,1,5,5,5,0,1,54,0,5,1,7,6,2,0,4,0,4.778902331310247,5.933618028150783,2.5525294351211842,10.41269944168483,0.9299610894941635,0.6115417743324797
59574,2025-01-01 14:45:00,2025-01-01,797,66,14,IS,down,22.327,-1437.43,-5.1,-981.5,455.93,0,stop_loss,2025-01-02,0,1,6,6,6,0,1,63,1,5,0,8,7,2,0,5,0,3.603179935057697,6.5591759041541025,1.7467248908296942,11.510469152390549,0.7315175097276264,0.0003963535473584881
59592,2025-01-02 10:00:00,2025-01-02,798,9,10,IS,up,26.308,9632.01,165.25,10091.25,459.24,1,next_choch,2025-01-03,0,1,0,0,0,1,5,1,1,2,3,4,1,1,3,3,3,4.32946506969342,4.32946506969342,2.9230541164128714,4.32946506969342,0.7374890254609212,0.43887423043098267
59673,2025-01-03 10:30:00,2025-01-03,799,15,10,IS,down,29.907,-4060.63,-45.4,-3601.0,459.63,0,stop_loss,2025-01-03,0,1,0,0,0,1,4,0,1,1,2,2,1,1,1,1,3,3.7232584111867797,5.599098526746628,1.7420903746998504,5.599098526746628,0.021200358315910762,0.38420926325894517
59695,2025-01-03 12:20:00,2025-01-03,799,37,12,IS,down,31.149,-3856.86,-42.25,-3396.25,460.61,0,next_choch,2025-01-03,0,1,2,2,2,0,1,17,1,3,3,5,3,2,0,3,2,2.757712928183937,4.8059327747279434,1.8620180423127548,5.738546983851809,0.4058741258741218,0.24285382291424423
59712,2025-01-03 13:45:00,2025-01-03,799,54,13,IS,down,24.702,2441.79,54.65,2902.25,460.46,1,next_choch,2025-01-06,0,1,0,0,0,1,2,0,1,4,2,8,5,2,1,4,2,2.3702534207757635,6.060238037405907,1.4148651931018026,7.236256173589182,0.44083916083915675,0.0473933649289105
59737,2025-01-06 09:35:00,2025-01-06,800,4,09,IS,down,35.879,-6893.47,-89.0,-6435.0,458.47,0,stop_loss,2025-01-06,0,1,2,2,2,0,1,5,1,2,2,2,2,2,2,4,3,4.707475940031981,4.707475940031981,3.8462503240047825,4.707475940031981,0.2901124925991686,
59843,2025-01-07 12:10:00,2025-01-07,801,35,12,IS,down,31.384,-3139.11,-31.3,-2684.5,454.61,0,stop_loss,2025-01-07,0,1,2,2,2,0,2,16,1,2,1,3,2,2,0,2,1,2.4518784989851783,4.601055948712929,1.3350709435670118,4.601055948712929,0.5124653739612137,0.13093525179856297
59864,2025-01-07 13:55:00,2025-01-07,801,56,13,IS,down,24.274,-3811.44,-41.65,-3357.25,454.19,0,stop_loss,2025-01-07,0,1,4,4,4,0,1,37,1,4,1,5,4,2,0,4,0,3.345115390002584,4.002191627324544,1.8970759077538815,5.948702737886375,0.3296398891966877,0.19415448851772912
59941,2025-01-08 14:05:00,2025-01-08,802,58,14,IS,up,30.662,-6449.1,-82.25,-5996.25,452.85,0,stop_loss,2025-01-09,0,1,1,1,1,0,3,19,0,1,1,7,1,1,0,1,4,5.609604164152673,6.341787963485414,1.8312748477743066,6.733155695868159,0.9261322354080894,0.6930147058823658
59976,2025-01-09 10:45:00,2025-01-09,803,18,10,IS,down,27.729,-2642.19,-23.7,-2190.5,451.69,0,next_choch,2025-01-10,0,1,0,0,0,1,3,0,1,2,4,3,1,1,2,1,3,3.874934636398086,4.05344488721403,3.155484231594511,4.05344488721403,0.05782918149466117,0.3127105666156088
60067,2025-01-10 12:05:00,2025-01-10,804,34,12,IS,down,38.902,14743.82,243.75,15193.75,449.93,1,next_choch,2025-01-15,0,1,0,0,0,1,5,0,1,2,2,5,2,2,1,2,3,2.6232854175663536,6.479167951960826,1.7968412610278615,6.479167951960826,0.6099980162666155,0.1280692457163032
60306,2025-01-15 13:15:00,2025-01-15,807,48,13,IS,down,18.817,-11313.11,-157.2,-10868.0,445.11,0,stop_loss,2025-01-16,0,1,0,0,0,1,21,0,1,2,2,4,2,0,1,2,1,3.9883299499399105,5.726083305876476,3.9883299499399105,6.95898476941558,0.18518518518518415,0.3113843712812304
60336,2025-01-16 09:30:00,2025-01-16,808,3,09,IS,up,24.028,-2852.25,-27.0,-2405.0,447.25,0,stop_loss,2025-01-16,0,1,1,1,1,0,3,24,0,3,3,1,1,1,0,1,2,1.456646051656831,1.456646051656831,1.456646051656831,1.456646051656831,0.7714285714285715,
60372,2025-01-16 12:30:00,2025-01-16,808,39,12,IS,up,13.04,-1782.85,-10.55,-1335.75,447.1,0,next_choch,2025-01-16,0,1,2,2,2,0,3,22,1,3,3,4,3,1,0,2,1,2.3695592159750816,5.172387350081062,1.840434342504831,5.567313886077002,0.5785123966942265,0.3950368879946095
60400,2025-01-16 14:50:00,2025-01-16,808,67,14,IS,down,12.166,-3033.9,-29.8,-2587.0,446.9,0,stop_loss,2025-01-16,0,1,1,1,1,0,6,11,0,2,2,8,4,1,1,2,3,4.989355493633905,4.989355493633905,2.5316663789772456,6.2716280751937195,0.21756225425948497,0.6715724244770209
60486,2025-01-20 09:30:00,2025-01-20,810,3,09,IS,down,27.331,-3457.46,-36.35,-3012.75,444.71,0,stop_loss,2025-01-20,0,1,2,2,2,0,1,25,1,2,1,2,2,2,0,2,2,4.017416120888342,4.017416120888342,1.6794116570925988,4.017416120888342,0.03506375227685401,
60495,2025-01-20 10:15:00,2025-01-20,810,12,10,IS,up,29.128,2225.16,51.1,2671.5,446.34,1,next_choch,2025-01-21,0,1,0,0,0,1,4,0,1,3,2,4,3,2,1,3,2,2.6434591551229896,4.117960073467591,1.6770516847760286,4.117960073467591,0.5994164235098043,0.07944585807182938
60568,2025-01-21 10:05:00,2025-01-21,811,10,10,IS,down,28.97,-6409.85,-81.75,-5963.75,446.1,0,stop_loss,2025-01-21,0,1,1,1,1,0,2,10,0,1,1,2,1,1,1,1,2,5.391803216441918,5.391803216441918,3.206776688908193,5.391803216441918,0.07138284250961206,0.7158176943699509
60714,2025-01-23 09:45:00,2025-01-23,813,6,09,IS,up,27.732,-1325.58,-3.55,-880.75,444.83,0,next_choch,2025-01-24,0,1,1,1,1,0,1,6,0,1,1,2,1,1,1,1,2,4.401005325919569,4.401005325919569,1.5162824576396214,4.401005325919569,0.9827939369111138,0.8806567881457653
60787,2025-01-24 09:35:00,2025-01-24,814,4,09,IS,down,19.209,-4507.01,-52.5,-4062.5,444.51,0,stop_loss,2025-01-24,0,1,1,1,1,0,1,4,0,1,2,2,1,1,1,1,2,4.750303238535501,4.750303238535501,2.8918284372673275,4.750303238535501,0.0334246575342386,
60812,2025-01-24 11:40:00,2025-01-24,814,29,11,IS,up,31.988,-7683.09,-101.35,-7237.75,445.34,0,stop_loss,2025-01-24,0,1,1,1,1,0,6,16,0,2,3,4,2,1,0,2,2,4.7330840700772,7.8202178344108795,3.2512598631969887,7.8202178344108795,0.9894063561862825,0.6883396023642909
60832,2025-01-24 13:20:00,2025-01-24,814,49,13,IS,down,31.076,9904.58,169.2,10348.0,443.42,1,next_choch,2025-01-28,0,1,2,2,2,0,4,36,1,3,3,5,3,1,0,2,0,5.550943177649489,6.381171200741389,2.2380759304667706,8.382728682769228,0.29500959692897716,0.65082072052867
60969,2025-01-28 12:15:00,2025-01-28,816,36,12,IS,up,31.544,-4500.15,-52.45,-4059.25,440.9,0,stop_loss,2025-01-28,0,1,0,0,0,2,7,0,1,1,2,3,1,1,2,1,2,3.246310650371755,6.093172919935984,1.9084755971912033,6.093172919935984,0.9908949011446411,0.5418267809636457
61018,2025-01-29 10:05:00,2025-01-29,817,10,10,IS,up,33.664,-4796.38,-57.0,-4355.0,441.38,0,stop_loss,2025-01-29,0,1,0,0,0,1,5,0,1,2,2,2,1,1,1,2,4,2.608111881464561,2.608111881464561,1.7526036561094576,2.608111881464561,1.0,0.36462636124673464
61087,2025-01-30 09:35:00,2025-01-30,818,4,09,IS,up,30.031,-2686.08,-24.5,-2242.5,443.58,0,next_choch,2025-01-30,0,1,0,0,0,2,43,2,1,2,2,1,0,0,1,0,2,2.4973860692475207,2.4973860692475207,4.2588757100901535,2.4973860692475207,0.86,
61152,2025-01-30 15:00:00,2025-01-30,818,69,15,IS,up,31.8,17108.12,280.1,17556.5,448.38,1,next_choch,2025-02-01,0,1,0,0,0,1,3,0,1,2,2,6,2,2,1,2,2,3.493743651669624,5.229609084362408,3.097513498555018,5.867979886602658,0.5085744908895957,0.15046296296296677
61275,2025-02-01 12:45:00,2025-02-01,820,42,12,IS,down,64.064,-5457.34,-67.05,-5008.25,449.09,0,stop_loss,2025-02-01,0,1,1,1,1,0,3,7,0,1,1,6,1,1,1,1,4,3.820398351648352,4.451017732267698,1.9020042457542232,4.451017732267698,0.19217955462037417,0.38553774623760506
61308,2025-02-03 09:15:00,2025-02-03,821,0,09,IS,down,42.378,-3674.06,-39.65,-3227.25,446.81,0,next_choch,2025-02-03,0,1,0,0,0,1,2,0,1,2,5,1,0,1,2,2,3,1.60460616357544,1.60460616357544,4.978998536976733,1.60460616357544,0.05955882352940106,
61332,2025-02-03 11:15:00,2025-02-03,821,24,11,IS,up,25.042,-2423.33,-20.4,-1976.0,447.33,0,stop_loss,2025-02-03,0,1,1,1,1,0,3,20,0,2,4,3,1,1,0,2,3,3.174691915117923,4.562371714493367,1.1460837479734176,4.562371714493367,0.9120350109409254,0.5831505046072866
61335,2025-02-03 11:30:00,2025-02-03,821,27,11,IS,down,24.625,-2848.64,-26.95,-2401.75,446.89,0,stop_loss,2025-02-03,0,1,2,2,2,0,1,23,1,3,3,4,2,2,0,3,3,2.5441624365482824,4.6395939086294415,1.291370558375605,4.6395939086294415,0.5015317286652015,0.008000000000015663
61354,2025-02-03 13:05:00,2025-02-03,821,46,13,IS,up,22.847,-5107.72,-61.7,-4660.5,447.22,0,stop_loss,2025-02-03,0,1,1,1,1,0,1,4,0,3,3,6,3,1,1,3,1,4.059649491394856,5.142952185864103,2.897561146418786,5.996463399688358,0.9671532846715328,0.4211590296496122
61378,2025-02-03 15:05:00,2025-02-03,821,70,15,IS,up,20.204,13270.01,221.1,13721.5,451.49,1,next_choch,2025-02-06,0,1,0,0,0,1,8,1,1,3,3,9,5,1,1,3,2,2.6207162796222967,5.149868345508863,2.6207162796222967,7.339985349725766,0.9730276466621711,0.31707317073167024
61605,2025-02-06 15:15:00,2025-02-06,824,72,15,IS,up,14.588,-2291.71,-18.3,-1839.5,452.21,0,stop_loss,2025-02-07,0,1,1,1,1,0,3,9,0,2,3,6,2,1,1,2,1,2.60141758407485,3.5645247528824666,1.9159320546743757,10.964341042760637,0.20881525476712287,0.24204204204205954
61609,2025-02-07 09:20:00,2025-02-07,825,1,09,IS,down,18.507,-5869.93,-73.35,-5417.75,452.18,0,stop_loss,2025-02-07,0,1,1,1,1,0,1,2,0,3,5,1,1,2,1,3,2,4.525290293995277,4.525290293995277,4.525290293995277,4.525290293995277,0.12417910447762931,
61634,2025-02-07 11:25:00,2025-02-07,825,26,11,IS,up,30.911,-4408.55,-50.85,-3955.25,453.3,0,stop_loss,2025-02-07,0,1,3,3,3,0,1,17,0,4,3,5,4,1,0,5,2,5.902486841126236,6.572157861193744,1.6628546102159272,6.572157861193744,0.9972926409057383,0.7216630196936377
61666,2025-02-07 14:05:00,2025-02-07,825,58,14,IS,down,28.803,-3193.18,-32.2,-2743.0,450.18,0,next_choch,2025-02-07,0,1,8,8,8,0,3,49,1,5,0,10,9,3,0,6,0,4.506412437420684,8.455598991785793,3.036099904872367,8.455598991785793,0.014781359063856045,0.48757841907151617
61678,2025-02-07 15:05:00,2025-02-07,825,70,15,IS,up,25.911,-4967.6,-59.5,-4517.5,450.1,0,stop_loss,2025-02-10,0,1,9,9,9,0,1,61,0,5,0,11,10,1,0,6,0,3.2380570114162337,6.4259415065648815,1.464651532577429,10.561314674303238,0.3065960168097972,0.3500697350069839
61685,2025-02-10 09:25:00,2025-02-10,826,2,09,IS,down,30.035,15554.08,256.2,16003.0,448.92,1,next_choch,2025-02-13,0,1,10,1,10,0,2,68,1,5,0,1,1,2,0,7,0,2.422198323938644,2.422198323938644,2.422198323938644,2.422198323938644,0.050171821305861924,
61935,2025-02-13 11:30:00,2025-02-13,829,27,11,IS,up,27.588,-1550.23,-7.0,-1105.0,445.23,0,next_choch,2025-02-13,0,1,0,0,0,1,11,0,1,1,2,4,1,1,1,1,3,2.1494774921072097,7.898332976899513,2.1494774921072097,7.898332976899513,0.9637448370812235,0.30634390651085935
61955,2025-02-13 13:10:00,2025-02-13,829,47,13,IS,down,20.637,11671.98,196.4,12116.0,444.02,1,next_choch,2025-02-17,0,1,0,0,0,1,10,0,1,2,4,7,2,1,1,2,4,2.858998090770766,5.230997354215361,2.7378541038737,11.777618406132758,0.675992594116436,0.3297653355290163
62136,2025-02-18 09:30:00,2025-02-18,832,3,09,IS,down,32.193,-5515.89,-68.1,-5076.5,439.39,0,stop_loss,2025-02-18,0,1,2,1,2,0,2,44,1,2,1,1,1,1,0,2,0,3.6452589888948834,3.6452589888948834,2.534751883202564,3.6452589888948834,0.11504047720494391,
62184,2025-02-18 13:30:00,2025-02-18,832,51,13,IS,up,23.618,-4251.35,-48.65,-3812.25,439.1,0,stop_loss,2025-02-19,0,1,0,0,0,1,12,1,1,2,3,5,2,0,1,1,2,3.2940837747320604,5.292551051947448,3.2940837747320604,7.695369229531589,0.6214580467675418,0.04201680672268715
62216,2025-02-19 09:55:00,2025-02-19,833,8,09,IS,up,29.664,-3557.5,-37.95,-3116.75,440.75,0,next_choch,2025-02-19,0,1,2,2,2,0,2,21,1,3,3,2,2,2,0,2,2,5.523586066471767,5.523586066471767,3.1351449751716745,5.523586066471767,0.969484284406469,0.8621346886912491
62241,2025-02-19 12:00:00,2025-02-19,833,33,12,IS,up,28.896,-3366.1,-35.0,-2925.0,441.1,0,stop_loss,2025-02-19,0,1,2,2,2,0,1,6,1,2,2,7,4,2,1,4,3,2.8290721335529687,7.7881673841723975,1.3998283523207296,7.7881673841723975,0.7873805820928579,0.351564702565543
62254,2025-02-19 13:05:00,2025-02-19,833,46,13,IS,down,25.437,-3128.1,-31.35,-2687.75,440.35,0,stop_loss,2025-02-19,0,1,0,0,0,1,5,0,1,3,4,10,5,1,2,3,5,4.499386715310131,5.617845011951245,1.9263429362183921,8.847417914203016,0.43923572539435174,0.6973434535104268
62998,2025-03-06 12:35:00,2025-03-06,843,40,12,IS,up,27.048,3661.01,73.0,4095.0,433.99,1,next_choch,2025-03-07,0,1,0,0,0,1,7,4,1,3,2,5,3,1,1,3,1,3.360729378098746,7.403586996306525,1.8615261186719088,7.403586996306525,0.9573033707865205,0.5615501519757011
63096,2025-03-07 14:30:00,2025-03-07,844,63,14,IS,up,22.76,-3467.01,-36.65,-3032.25,434.76,0,stop_loss,2025-03-07,0,1,2,2,2,0,1,11,1,2,1,6,2,2,1,2,2,3.776428408232163,4.743053480729043,1.6103094957732762,7.203553665266557,0.701433363830433,0.3362369337978882
63115,2025-03-10 09:50:00,2025-03-10,845,7,09,IS,up,26.194,-4490.94,-52.4,-4056.0,434.94,0,stop_loss,2025-03-10,0,1,4,2,4,0,2,30,1,4,1,2,2,2,0,4,2,5.224399108206417,5.224399108206417,2.227575359618933,5.224399108206417,0.9565217391304301,0.7225583405358288
63144,2025-03-10 12:15:00,2025-03-10,845,36,12,IS,down,19.794,-2420.34,-20.55,-1985.75,434.59,0,next_choch,2025-03-10,0,1,5,3,5,0,3,59,0,5,1,3,3,1,0,2,0,3.935476374511928,6.112870876969633,2.3668429800499227,7.219249986107185,0.4401679496151212,0.41176470588236075
63161,2025-03-10 13:40:00,2025-03-10,845,53,13,IS,down,17.087,6920.89,123.15,7354.75,433.86,1,next_choch,2025-03-11,0,1,7,5,7,0,1,76,0,5,0,5,5,2,0,3,0,3.1427033100801025,5.6621330586637955,1.3840769698956796,8.362985158481289,0.3019594121763542,0.3284174702212031
63203,2025-03-11 10:55:00,2025-03-11,846,20,10,IS,up,31.507,-4010.13,-45.05,-3578.25,431.88,0,next_choch,2025-03-11,0,1,1,1,1,0,3,21,0,2,2,1,1,1,0,1,3,2.99141772569731,5.816204755798749,2.1312859446215247,5.816204755798749,0.9061391541609783,0.48059930849023297
63223,2025-03-11 12:35:00,2025-03-11,846,40,12,IS,up,22.094,-2801.5,-26.45,-2369.25,432.25,0,stop_loss,2025-03-11,0,1,0,0,0,1,3,0,1,3,2,4,3,1,1,3,1,1.9914728752342243,7.19193272442548,1.1971467624987882,9.550017651691395,0.8151658767772512,0.43066585216860875
63236,2025-03-11 13:40:00,2025-03-11,846,53,13,IS,up,18.813,-1391.6,-4.75,-958.75,432.85,0,next_choch,2025-03-11,0,1,0,0,0,1,3,0,1,3,3,7,5,2,1,4,2,2.9261836293183356,4.898234721919612,1.8365058018701483,11.215708370320366,0.8936018957345937,0.11081202332883686
63257,2025-03-11 15:25:00,2025-03-11,846,74,15,IS,up,18.641,-2877.11,-27.6,-2444.0,433.11,0,stop_loss,2025-03-12,0,1,1,1,1,0,1,3,0,3,4,10,7,2,1,4,3,2.800324022166589,4.956895395559258,1.7488613625024032,12.338592434833457,0.9695652173913043,0.06147859922180121
63261,2025-03-12 09:30:00,2025-03-12,847,3,09,IS,down,23.447,-1013.99,1.05,-581.75,432.24,0,next_choch,2025-03-12,0,1,2,1,2,0,1,7,1,3,4,1,1,3,1,5,2,4.941014901947342,4.941014901947342,2.8895447527573292,4.941014901947342,0.09106603366421584,
63319,2025-03-12 14:20:00,2025-03-12,847,61,14,IS,up,21.531,-49.01,15.9,383.5,432.51,0,next_choch,2025-03-13,0,1,1,1,1,0,1,6,0,1,1,7,2,1,1,1,3,3.803764751780034,6.5253839758862675,2.124813643393571,10.967753921035785,0.5627778954054586,0.24631268436576165
63344,2025-03-13 10:10:00,2025-03-13,848,11,10,IS,up,24.431,-3839.0,-42.4,-3406.0,433.0,0,stop_loss,2025-03-13,0,1,2,2,2,0,3,11,1,3,3,3,2,2,1,3,3,3.8434932810498776,3.8434932810498776,2.0629612498926138,3.8434932810498776,0.914802981895635,0.8789088489687451
63361,2025-03-13 11:35:00,2025-03-13,848,28,11,IS,down,25.081,-1501.04,-6.45,-1069.25,431.79,0,next_choch,2025-03-13,0,1,3,3,3,0,2,28,0,3,2,4,3,1,0,3,2,4.306031234674715,5.516105752937413,2.908564616384478,5.516105752937413,0.04734369353089513,0.5139888089528276
63377,2025-03-13 12:55:00,2025-03-13,848,44,12,IS,up,19.823,-2222.55,-17.55,-1790.75,431.8,0,stop_loss,2025-03-13,0,1,0,0,0,1,8,2,1,4,2,6,4,1,1,2,1,1.6597133589269601,8.232985415710123,1.6546686374711452,8.232985415710123,0.293198529411761,0.3351955307262297
63383,2025-03-13 13:25:00,2025-03-13,848,50,13,IS,down,18.438,-1809.54,-11.2,-1378.0,431.54,0,stop_loss,2025-03-13,0,1,1,1,1,0,3,8,0,4,2,7,5,1,1,3,1,2.4243015896259807,8.018635123628455,1.3396028918067677,8.851141374204621,0.09773284313723882,0.16481994459834814
63409,2025-03-17 09:20:00,2025-03-17,849,1,09,IS,up,23.76,-3806.73,-41.9,-3373.5,433.23,0,next_choch,2025-03-17,0,1,1,1,1,0,1,7,0,2,4,1,1,1,1,2,3,4.160301006300517,4.160301006300517,4.160301006300517,4.160301006300517,0.9590288315629825,
63423,2025-03-17 10:30:00,2025-03-17,849,15,10,IS,down,25.329,-3497.7,-37.15,-3064.75,432.95,0,stop_loss,2025-03-17,0,1,2,2,2,0,1,21,1,3,3,2,2,1,0,2,2,4.376406490583858,6.310947925303099,1.5002566228433811,6.310947925303099,0.23396934626212665,0.7130325814536198
63482,2025-03-17 15:25:00,2025-03-17,849,74,15,IS,up,16.423,137517.64,2132.8,137982.0,464.36,1,next_choch,2025-07-28,0,1,0,0,0,1,6,0,1,1,3,7,3,1,2,1,3,2.7370484935577815,6.195654821345935,1.5100957205835348,10.135299705287816,0.5425052568338773,0.2441511697660336
68706,2025-07-28 13:15:00,2025-07-28,919,48,13,IS,down,22.632,-2582.44,-22.5,-2112.5,469.94,0,next_choch,2025-07-29,0,1,1,1,1,0,3,38,0,1,1,3,1,1,0,1,0,5.03276377824032,9.495530605301479,2.0767330779393505,9.495530605301479,0.004187994416014189,0.6537704918032679
68740,2025-07-29 09:50:00,2025-07-29,920,7,09,IS,up,27.868,-4876.68,-57.8,-4407.0,469.68,0,next_choch,2025-07-29,0,1,0,0,0,1,5,1,1,2,4,2,1,1,1,1,3,3.803686705397288,3.803686705397288,2.2822120232383205,3.803686705397288,1.0,0.254509018036055
68745,2025-07-29 10:15:00,2025-07-29,920,12,10,IS,down,27.933,-3270.9,-33.1,-2801.5,469.4,0,next_choch,2025-07-29,0,1,1,1,1,0,1,6,0,2,4,3,2,2,1,2,3,3.032223188810514,4.038190976361521,2.1121743582032915,4.038190976361521,0.31914893617021484,0.12795828319294458
68768,2025-07-29 12:10:00,2025-07-29,920,35,12,IS,up,21.97,-4629.24,-54.0,-4160.0,469.24,0,stop_loss,2025-07-31,0,1,2,2,2,0,1,29,1,3,3,4,3,1,0,3,1,2.325930713664663,5.361930294906133,1.679585975229587,5.361930294906133,0.6960950764006835,0.28601252609602906
68908,2025-07-31 11:20:00,2025-07-31,922,25,11,IS,up,29.087,-3421.78,-35.4,-2951.0,470.78,0,next_choch,2025-08-01,0,1,0,0,0,1,4,0,1,2,2,3,2,1,1,2,1,4.8922871700370365,5.799921613389008,2.8810517557913013,5.799921613389008,1.0,0.6203703703703582
68969,2025-08-01 10:10:00,2025-08-01,923,11,10,IS,up,30.706,-5826.65,-72.4,-5356.0,470.65,0,stop_loss,2025-08-01,0,1,2,2,2,0,8,43,1,2,1,2,2,2,0,2,0,2.4230028952279694,2.4230028952279694,2.4230028952279694,2.4230028952279694,0.973118279569893,0.15063520871145317
68987,2025-08-01 11:40:00,2025-08-01,923,29,11,IS,down,27.614,-4233.54,-47.9,-3763.5,470.04,0,stop_loss,2025-08-01,0,1,3,3,3,0,1,61,0,3,1,3,3,1,0,3,0,4.932227143183087,5.182097681273912,1.7816855759516166,5.182097681273912,0.009084556254362351,0.626858513189441
69064,2025-08-04 11:50:00,2025-08-04,924,31,11,IS,up,24.524,-2381.35,-19.4,-1911.0,470.35,0,next_choch,2025-08-05,0,1,1,1,1,0,9,38,0,1,2,1,1,1,0,1,0,2.821714150570285,5.464012950526217,1.945025505523168,5.464012950526217,0.9328358208955224,0.39494470774092083
69112,2025-08-05 09:35:00,2025-08-05,925,4,09,IS,down,20.736,-3329.71,-34.0,-2860.0,469.71,0,next_choch,2025-08-06,0,1,1,1,1,0,2,5,0,1,1,1,1,1,1,1,4,4.01234567901238,4.01234567901238,2.391975308641905,4.01234567901238,0.009615384615375786,
69199,2025-08-06 10:35:00,2025-08-06,926,16,10,IS,down,25.068,-3679.86,-39.4,-3211.0,468.86,0,next_choch,2025-08-06,0,1,2,2,2,0,7,33,1,2,2,2,2,1,0,2,1,3.578309936691469,4.264451864351395,3.578309936691469,4.264451864351395,0.1253507951356527,0.3491749174917432
69235,2025-08-06 13:35:00,2025-08-06,926,52,13,IS,up,16.811,-2289.26,-18.0,-1820.0,469.26,0,stop_loss,2025-08-06,0,1,0,0,0,1,7,2,1,2,3,6,3,1,2,1,3,2.611416470364376,5.2466271682490255,1.3622195255431897,7.072834130440041,0.5887300252312796,0.2601809954751088
69240,2025-08-06 14:00:00,2025-08-06,926,57,14,IS,down,16.685,4074.88,79.9,4543.5,468.62,1,next_choch,2025-08-07,0,1,1,1,1,0,4,7,0,2,4,7,4,1,1,2,3,2.6910559847527677,5.286216878734709,2.6371149961941636,7.126203932897498,0.2523128679562627,0.4754098360655591
69323,2025-08-07 14:40:00,2025-08-07,927,65,14,IS,up,25.945,-4607.61,-53.7,-4140.5,467.11,0,stop_loss,2025-08-08,0,1,1,1,1,0,1,19,0,2,3,3,1,1,0,1,1,6.313282174420773,7.276847829857403,2.193075431773686,7.901238374580367,0.9053658536585295,0.9594936708860667
69351,2025-08-08 10:45:00,2025-08-08,928,18,10,IS,down,25.797,-4041.39,-45.0,-3575.0,466.39,0,stop_loss,2025-08-08,0,1,2,1,2,0,3,47,1,2,2,1,1,1,0,2,0,2.9731793637318917,6.628600667511717,1.9381873296817884,6.628600667511717,0.029239766081871343,0.5273069679849124
69448,2025-08-11 12:35:00,2025-08-11,929,40,12,IS,up,20.558,4458.91,85.8,4927.0,468.09,1,next_choch,2025-08-12,0,1,0,0,0,1,2,0,1,4,1,6,5,2,1,5,1,2.651100571567554,5.545421379058737,1.4204061777940278,6.469658275568527,0.9270676691729268,0.262815296989421
69505,2025-08-12 11:05:00,2025-08-12,930,22,11,IS,down,28.342,-3711.67,-39.9,-3243.5,468.17,0,stop_loss,2025-08-12,0,1,1,1,1,0,1,21,0,1,1,2,1,1,0,1,3,5.945198326170869,6.125142014381331,1.9229276485241091,6.125142014381331,0.08410138248847158,0.7935684647302486
69564,2025-08-13 09:45:00,2025-08-13,931,6,09,IS,up,27.91,-2431.97,-20.2,-1963.0,468.97,0,next_choch,2025-08-13,0,1,1,1,1,0,2,3,0,1,2,2,1,1,1,1,4,2.647824949748706,2.647824949748706,1.988555950081871,2.647824949748706,0.8795669824086431,0.7241379310344828
69576,2025-08-13 10:45:00,2025-08-13,931,18,10,IS,down,23.592,-1736.39,-9.5,-1267.5,468.89,0,stop_loss,2025-08-13,0,1,2,2,2,0,1,15,1,2,1,3,2,1,0,2,4,2.466958858586489,3.5266490899380605,1.1232716452326656,3.5266490899380605,0.5048076923076878,0.2595936794582222
69587,2025-08-13 11:40:00,2025-08-13,931,29,11,IS,down,19.501,-1768.9,-10.0,-1300.0,468.9,0,next_choch,2025-08-13,0,1,4,4,4,0,1,26,1,4,1,5,4,2,0,4,2,2.7640175174097954,4.266535388654746,1.5537983446662809,4.266535388654746,0.5048076923076878,0.03608247422679373
69595,2025-08-13 12:20:00,2025-08-13,931,37,12,IS,up,20.182,1129.24,34.6,1599.0,469.76,1,next_choch,2025-08-14,0,1,1,1,1,0,1,5,0,4,2,7,5,2,1,5,2,3.220691705480131,4.122485383014604,1.8481815479139467,4.122485383014604,0.7812499999999931,0.012416427889200223
69636,2025-08-14 09:30:00,2025-08-14,932,3,09,IS,down,17.94,-3394.64,-35.0,-2925.0,469.64,0,stop_loss,2025-08-14,0,1,1,1,1,0,3,10,0,1,2,1,1,1,1,1,4,2.5474085552793633,2.5474085552793633,2.5474085552793633,2.5474085552793633,0.23413566739607347,
69662,2025-08-14 11:40:00,2025-08-14,932,29,11,IS,down,17.129,-2640.36,-23.4,-2171.0,469.36,0,next_choch,2025-08-14,0,1,5,5,5,0,3,36,0,5,1,5,5,3,0,5,0,3.1876510631340884,4.629683686932924,2.1776444075989443,4.629683686932924,0.10088272383354444,0.4185520361990537
69673,2025-08-14 12:35:00,2025-08-14,932,40,12,IS,up,15.604,-2302.57,-18.2,-1833.0,469.57,0,stop_loss,2025-08-14,0,1,6,6,6,0,2,47,1,5,0,6,6,1,0,5,0,2.710773884289,5.2549280972033525,1.1791545974211002,5.2549280972033525,0.5134146341463681,0.13463751438436158
69693,2025-08-14 14:15:00,2025-08-14,932,60,14,IS,down,14.509,-2477.89,-20.9,-2008.5,469.39,0,stop_loss,2025-08-14,0,1,1,1,1,0,2,12,0,3,2,9,7,1,0,3,2,3.0671252420961217,4.045848353057181,2.1711111264275917,5.651781344986112,0.15609756097560087,0.36779911373707314
69710,2025-08-18 09:25:00,2025-08-18,933,2,09,IS,up,35.094,-7324.83,-95.4,-6851.0,473.83,0,stop_loss,2025-08-18,0,1,2,1,2,0,2,29,1,3,2,1,1,1,0,2,2,2.772569513703358,2.772569513703358,2.772569513703358,2.772569513703358,0.9804727646454121,
69804,2025-08-19 11:00:00,2025-08-19,934,21,11,IS,up,17.078,-1670.46,-8.4,-1196.0,474.46,0,next_choch,2025-08-20,0,1,0,0,0,1,3,0,1,4,2,5,4,1,1,4,1,2.5178297478657004,3.800166293871805,1.0539752432926188,3.800166293871805,0.9707241910631523,0.3197674418604741
69860,2025-08-20 09:25:00,2025-08-20,935,2,09,IS,down,18.073,-2729.84,-24.7,-2255.5,474.34,0,stop_loss,2025-08-20,0,1,1,1,1,0,2,15,0,2,2,1,1,1,0,1,1,1.527097684455061,1.527097684455061,1.527097684455061,1.527097684455061,0.10507246376817421,
69869,2025-08-20 10:10:00,2025-08-20,935,11,10,IS,up,19.535,-2281.93,-17.8,-1807.0,474.93,0,stop_loss,2025-08-22,0,1,2,2,2,0,2,24,1,2,2,2,2,2,0,2,1,3.2097059049374557,3.2097059049374557,1.1671657836135694,3.2097059049374557,0.9409888357256669,0.3960216998191538
70020,2025-08-22 10:15:00,2025-08-22,937,12,10,IS,down,21.401,-3366.5,-34.5,-2892.5,474.0,0,next_choch,2025-08-25,0,1,0,0,0,1,9,0,1,1,2,2,1,1,1,1,2,4.5604919350317825,7.3874362185299045,3.03721286656823,7.3874362185299045,0.037318153067687376,0.5721583652618362
70117,2025-08-25 12:05:00,2025-08-25,938,34,12,IS,up,15.22,-1774.71,-10.0,-1300.0,474.71,0,next_choch,2025-08-25,0,1,1,1,1,0,4,23,0,1,1,2,1,1,0,1,1,2.7463682893015995,5.827819790934404,2.1484747143580347,5.827819790934404,0.990980834272838,0.44851657940659323
70146,2025-08-25 14:30:00,2025-08-25,938,63,14,IS,down,12.86,-2652.15,-23.5,-2177.5,474.65,0,stop_loss,2025-08-25,0,1,1,1,1,0,2,5,0,1,2,7,2,1,2,2,4,3.421435292105038,4.937753205651589,1.8662374320572936,9.012371598976793,0.6246764452113939,0.2515042117930424
70429,2025-09-01 13:05:00,2025-09-01,942,46,13,IS,up,14.245,-2569.38,-22.3,-2099.5,469.88,0,stop_loss,2025-09-02,0,1,1,1,1,0,1,19,0,1,1,3,1,1,0,1,2,4.204925167775914,6.388116698958245,1.7198775727964506,10.859798388229068,0.9857789269553929,0.6632064590541765
70515,2025-09-02 14:00:00,2025-09-02,943,57,14,IS,down,21.749,-3192.93,-31.9,-2723.5,469.43,0,next_choch,2025-09-03,0,1,1,1,1,0,1,19,0,1,1,6,1,1,0,1,2,8.487668511945367,9.108380997921863,3.0299965056186644,9.108380997921863,0.017163048965176262,0.7843222174101477
70543,2025-09-03 10:05:00,2025-09-03,944,10,10,IS,up,25.806,-3329.44,-34.0,-2860.0,469.44,0,stop_loss,2025-09-03,0,1,1,1,1,0,1,10,0,2,3,2,1,1,1,2,2,3.072952592052921,3.072952592052921,1.4725371815638344,3.072952592052921,0.9495586380832278,0.40256709451574924
70552,2025-09-03 10:50:00,2025-09-03,944,19,10,IS,down,21.255,-3023.64,-29.3,-2554.5,469.14,0,stop_loss,2025-09-03,0,1,2,2,2,0,3,19,1,3,3,3,2,2,0,2,2,2.6064823309668665,3.730939509849552,1.3973380005363862,3.730939509849552,0.30643127364438205,0.2636363636363462
70562,2025-09-03 11:40:00,2025-09-03,944,29,11,IS,up,19.207,9778.4,167.7,10250.5,472.1,1,next_choch,2025-09-04,0,1,0,0,0,1,4,1,1,3,4,6,3,1,2,3,3,2.301256319343607,4.128724572939895,1.5098740556779073,4.128724572939895,0.7704918032786773,0.27850467289718
70669,2025-09-04 14:20:00,2025-09-04,945,61,14,IS,down,20.633,-6491.26,-82.6,-6019.0,472.26,0,stop_loss,2025-09-05,0,1,1,1,1,0,1,17,0,1,1,6,1,1,0,1,2,4.904692899342361,5.767376037764197,2.423267242758066,9.886930350452909,0.03529411764706239,0.6847662141779621
70695,2025-09-05 10:15:00,2025-09-05,946,12,10,IS,down,31.372,-3603.51,-38.2,-3133.0,470.51,0,next_choch,2025-09-05,0,1,2,2,2,0,1,18,1,3,3,2,2,1,0,3,1,5.960748312980725,5.960748312980725,3.6752635320142955,5.960748312980725,0.00962566844919397,0.6171983356449189
70735,2025-09-05 13:35:00,2025-09-05,946,52,13,IS,up,21.393,24483.01,394.0,24960.0,476.99,1,next_choch,2025-09-23,0,1,1,1,1,0,2,13,0,2,2,6,3,1,0,1,3,3.68341342108704,4.019968962100107,1.7295215302058597,9.657274274068328,0.3610842207163556,0.5323671497584026
71607,2025-09-23 11:15:00,2025-09-23,958,24,11,IS,down,19.355,-3194.7,-31.8,-2717.0,477.7,0,stop_loss,2025-09-23,0,1,0,0,0,1,11,1,1,1,2,3,1,1,1,1,2,2.604005208010491,7.233347800028933,2.604005208010491,7.233347800028933,0.03571428571428571,0.2997145575642287
71618,2025-09-23 12:10:00,2025-09-23,958,35,12,IS,up,15.523,1990.84,48.0,2470.0,479.16,1,next_choch,2025-09-23,0,1,1,1,1,0,1,12,0,2,3,4,2,1,0,2,2,3.6074571292371513,9.018642823092879,1.4751922903488575,9.018642823092879,0.39285714285714285,0.4814814814814686
71653,2025-09-23 15:05:00,2025-09-23,958,70,15,IS,down,22.188,3843.52,76.5,4322.5,478.98,1,next_choch,2025-09-24,0,1,1,1,1,0,1,12,0,2,3,8,3,1,0,1,3,3.411815608718416,6.003353224323529,1.365627647875357,7.896302439200307,0.5553652968036465,0.6348623853210864
71705,2025-09-24 13:10:00,2025-09-24,959,47,13,IS,up,14.979,-2297.81,-18.0,-1820.0,477.81,0,next_choch,2025-09-24,0,1,1,1,1,0,2,5,0,2,3,3,1,1,1,1,2,3.7651456991222307,7.510264027504256,2.0494676057278767,8.037651456991076,0.9202657807309077,0.4964539007092711
71716,2025-09-24 14:05:00,2025-09-24,959,58,14,IS,down,14.88,20583.28,334.0,21060.0,476.72,1,next_choch,2025-10-01,0,1,2,2,2,0,4,16,1,3,3,4,2,1,0,2,1,2.4193223209365464,7.896399241945673,2.2177121275251674,8.091289095576526,0.7043189368770831,0.09367088607597641
72057,2025-10-01 11:15:00,2025-10-01,964,24,11,IS,up,23.578,1977.48,47.7,2450.5,473.02,1,next_choch,2025-10-03,0,1,1,1,1,0,1,40,0,1,1,1,1,1,0,1,0,4.105591748099861,5.403433767643927,2.0867263843648516,5.403433767643927,0.9458398744112921,0.5258181818181904
72142,2025-10-03 12:05:00,2025-10-03,965,34,12,IS,up,17.165,-2670.83,-23.8,-2197.0,473.83,0,stop_loss,2025-10-03,0,1,0,0,0,2,10,0,1,2,4,5,2,1,2,2,4,2.8545795612103415,5.359618767986763,2.5341675696459154,5.359618767986763,0.8891304347826008,0.4363852556480354
72154,2025-10-03 13:05:00,2025-10-03,965,46,13,IS,up,18.035,-2878.83,-27.0,-2405.0,473.83,0,stop_loss,2025-10-03,0,1,0,0,0,1,4,0,1,2,3,8,4,2,1,3,4,2.9941115805582355,4.26938132783304,1.5746809053305066,5.101078989099216,0.9195652173912885,0.022764227642269833
72167,2025-10-03 14:10:00,2025-10-03,965,59,14,IS,down,16.122,-2898.11,-27.3,-2424.5,473.61,0,stop_loss,2025-10-03,0,1,0,0,0,1,7,0,1,3,4,10,5,1,1,4,4,2.667146339496716,3.473492907251537,1.8607997717418947,5.706452633341811,0.4891304347826087,0.37142857142858404
72173,2025-10-03 14:40:00,2025-10-03,965,65,14,IS,up,16.878,7095.88,126.5,7572.5,476.62,1,next_choch,2025-10-08,0,1,1,1,1,0,1,6,0,3,4,11,6,1,1,4,4,4.556281031887913,4.894002772873155,2.8854471554347776,7.0269821896217834,0.9991568296796075,0.3660270078180602
72370,2025-10-08 12:20:00,2025-10-08,968,37,12,IS,down,21.806,-3219.5,-32.2,-2743.0,476.5,0,stop_loss,2025-10-08,0,1,0,0,0,1,3,0,1,1,2,6,1,1,3,1,4,3.2284840341376166,9.341508490821324,2.366332047748645,9.341508490821324,0.0328915071183147,0.26289926289927606
72376,2025-10-08 12:50:00,2025-10-08,968,43,12,IS,up,22.5,-3727.07,-40.0,-3250.0,477.07,0,stop_loss,2025-10-08,0,1,1,1,1,0,1,6,0,2,3,7,2,2,1,2,3,3.6844771953529123,8.000071111743216,1.906683614965531,9.102303131583358,0.3906250000000014,0.0950782997762848
72403,2025-10-08 15:05:00,2025-10-08,968,70,15,IS,down,22.21,-2764.94,-25.2,-2288.0,476.94,0,stop_loss,2025-10-09,0,1,2,2,2,0,3,33,1,3,3,8,3,1,0,2,1,2.4944055975542874,6.3035520515810655,1.2967307077539503,9.221196144027125,0.16992187499999706,0.3427299703264167
72409,2025-10-09 09:20:00,2025-10-09,969,1,09,IS,up,24.47,-5404.19,-65.8,-4927.0,477.19,0,stop_loss,2025-10-09,0,1,3,1,3,0,1,39,0,4,3,1,1,2,0,3,0,2.774769620563595,2.774769620563595,2.774769620563595,2.774769620563595,0.9690721649484757,
72582,2025-10-13 11:15:00,2025-10-13,971,24,11,IS,down,19.066,-2546.2,-21.8,-2067.0,479.2,0,stop_loss,2025-10-13,0,1,0,0,0,1,3,0,1,3,2,4,3,3,1,3,1,2.774645301723084,5.339487556056714,1.4633762555401881,5.339487556056714,0.11591355599213514,0.23606168446023712
72602,2025-10-13 12:55:00,2025-10-13,971,44,12,IS,up,17.103,-479.94,10.0,0.0,479.94,0,next_choch,2025-10-14,0,1,0,0,0,1,11,2,1,3,3,6,4,1,1,4,2,2.1633252062467476,4.233101214385613,2.1633252062467476,6.525056568030858,0.541218637992834,0.13986013986014698
72642,2025-10-14 10:00:00,2025-10-14,972,9,10,IS,down,23.0,-5530.23,-67.7,-5050.5,479.73,0,stop_loss,2025-10-15,0,1,1,1,1,0,1,9,0,2,3,2,1,1,1,1,2,4.895545749005393,4.895545749005393,2.508641116497341,4.895545749005393,0.16873889875666293,0.6503856041130878
72710,2025-10-15 09:25:00,2025-10-15,973,2,09,IS,up,29.23,26234.51,421.1,26721.5,486.99,1,next_choch,2025-10-24,0,1,1,1,1,0,2,4,0,1,2,1,1,1,1,1,1,3.691476077250772,3.691476077250772,3.691476077250772,3.691476077250772,0.9898053753475239,
73166,2025-10-24 15:05:00,2025-10-24,979,70,15,IS,up,25.036,9590.1,165.1,10081.5,491.4,1,next_choch,2025-10-28,0,1,2,2,2,0,1,8,1,2,1,6,2,2,1,2,3,2.79592912719081,7.668834177437651,2.4763943697975748,10.500710964835259,0.36097375427919715,0.4104211277659071
73256,2025-10-28 10:05:00,2025-10-28,981,10,10,IS,down,31.804,-3116.75,-30.4,-2626.0,490.75,0,next_choch,2025-10-28,0,1,3,3,3,0,1,11,0,3,1,3,3,3,1,3,3,5.099923281055474,5.099923281055474,2.5436732024500213,5.099923281055474,0.10110974106042775,0.33784487246226935
73300,2025-10-28 13:45:00,2025-10-28,981,54,13,IS,down,27.248,-4611.23,-53.4,-4121.0,490.23,0,stop_loss,2025-10-28,0,1,2,2,2,0,1,22,1,2,2,8,5,2,0,2,2,3.776451676832678,5.244460103201045,2.587364851474247,8.708959989430312,0.24062368310155383,0.2787301587301551
73334,2025-10-29 10:20:00,2025-10-29,982,13,10,IS,up,31.934,-4063.07,-44.9,-3568.5,494.57,0,stop_loss,2025-10-30,0,1,0,0,0,1,13,2,1,3,4,2,1,0,1,2,2,2.295373554039897,2.295373554039897,2.295373554039897,2.295373554039897,0.9017735334242729,0.17885117493473873
73419,2025-10-30 11:10:00,2025-10-30,983,23,11,IS,up,26.52,-2605.73,-22.5,-2112.5,493.23,0,stop_loss,2025-10-30,0,1,2,2,2,0,1,26,1,2,1,2,2,2,0,2,1,2.545239271345131,6.455480937100567,0.9992420843058661,6.455480937100567,0.4228971962616889,0.03147953830010637
73432,2025-10-30 12:15:00,2025-10-30,983,36,12,IS,down,21.303,-3079.59,-29.8,-2587.0,492.59,0,stop_loss,2025-10-30,0,1,0,0,0,1,3,0,1,3,2,4,3,1,1,3,1,4.26692452847909,6.16333543002539,1.5021076447890946,8.03627589962169,0.0665887850467372,0.6147110332749587
73443,2025-10-30 13:10:00,2025-10-30,983,47,13,IS,up,19.459,-2033.52,-13.7,-1540.5,493.02,0,stop_loss,2025-10-30,0,1,0,0,0,1,5,0,1,3,3,6,4,1,2,4,2,2.5026722578523644,4.810064134188568,1.5416872224963,8.797895083045589,0.30724299065421706,0.09817671809256762
73447,2025-10-30 13:30:00,2025-10-30,983,51,13,IS,down,20.995,-3670.94,-38.9,-3178.5,492.44,0,stop_loss,2025-10-30,0,1,1,1,1,0,1,4,0,3,4,7,5,2,1,5,2,3.500850206478716,5.210789286922131,2.2529280920604178,8.492538664151734,0.047111609646671285,0.21641791044777295
73471,2025-10-31 09:15:00,2025-10-31,984,0,09,IS,down,20.887,-3423.68,-35.1,-2931.5,492.18,0,stop_loss,2025-10-31,0,1,0,0,0,1,8,0,1,3,3,1,0,1,1,4,2,2.2502357959850046,2.2502357959850046,3.7823112315492633,2.2502357959850046,0.8723404255319149,
73473,2025-10-31 09:25:00,2025-10-31,984,2,09,IS,up,24.738,-6595.52,-83.9,-6103.5,492.02,0,stop_loss,2025-10-31,0,1,1,1,1,0,1,2,0,4,3,2,1,2,1,5,2,4.757862397930339,4.757862397930339,3.7876950440617967,4.757862397930339,0.916737468139344,
73491,2025-10-31 10:55:00,2025-10-31,984,20,10,IS,down,26.339,-296.07,13.0,195.0,491.07,0,next_choch,2025-10-31,0,1,2,2,2,0,5,20,1,4,2,3,2,1,0,4,1,6.017715242474059,6.685928417663553,2.1716928193660605,6.685928417663553,0.06814310051107382,0.6758080313418073
73523,2025-10-31 13:35:00,2025-10-31,984,52,13,IS,down,20.221,-1822.86,-10.5,-1332.5,490.36,0,next_choch,2025-11-03,0,1,2,2,2,0,2,31,1,4,3,6,4,1,0,2,1,2.759562030800237,3.7437069127523777,1.7803626005163051,10.474466633037558,0.010387157695943037,0.3333333333333333
73563,2025-11-03 10:40:00,2025-11-03,985,17,10,IS,up,28.5,-2895.5,-27.0,-2405.0,490.5,0,next_choch,2025-11-03,0,1,1,1,1,0,1,17,0,2,2,2,1,1,0,1,3,3.29471372130727,4.877158756780655,1.8947235457996787,4.877158756780655,1.0,0.34665226781856345
73574,2025-11-03 11:35:00,2025-11-03,985,28,11,IS,down,23.537,-2179.99,-16.0,-1690.0,489.99,0,next_choch,2025-11-03,0,1,0,0,0,1,4,0,1,2,2,4,2,1,1,2,3,2.8593278667629383,6.045800229425979,1.7376895951056404,6.045800229425979,0.590302178496138,0.31250000000000433
73594,2025-11-03 13:15:00,2025-11-03,985,48,13,IS,up,18.475,-2569.94,-22.0,-2080.0,489.94,0,stop_loss,2025-11-03,0,1,0,0,0,1,4,0,1,2,3,7,3,1,1,3,3,2.922805460233608,5.212336404083228,1.7103824545069954,7.702133647985931,0.7167955024595961,0.3333333333333333
73603,2025-11-03 14:00:00,2025-11-03,985,57,14,IS,up,17.163,-2648.0,-23.2,-2158.0,490.0,0,stop_loss,2025-11-03,0,1,2,2,2,0,1,9,1,3,3,9,5,2,1,4,3,2.767629801837706,4.358288614262282,2.1558379509051604,8.291236227400075,0.75193253689389,0.2142857142857083
73621,2025-11-04 09:15:00,2025-11-04,986,0,09,IS,down,17.341,12257.18,206.1,12746.5,489.32,1,next_choch,2025-11-10,0,1,0,0,0,1,9,0,1,3,4,1,0,1,1,4,3,2.7046197673681833,2.7046197673681833,2.808421805348154,2.7046197673681833,0.33901918976547896,
73853,2025-11-10 09:50:00,2025-11-10,989,7,09,IS,up,28.578,78.69,18.7,565.5,486.81,1,next_choch,2025-11-10,0,1,1,1,1,0,1,25,0,1,1,1,1,1,0,1,1,2.533381854827473,2.533381854827473,1.6935867648294327,2.533381854827473,0.8825966850828753,0.21152388172859096
73917,2025-11-10 15:10:00,2025-11-10,989,71,15,IS,down,14.456,1132.04,34.9,1618.5,486.46,1,stop_loss,2025-11-11,0,1,1,1,1,0,2,14,0,2,3,5,2,1,0,1,1,3.7353698016103594,4.323344677789768,1.784676682991566,8.715862870424171,0.5158730158730159,0.3399122807017381
73936,2025-11-11 10:30:00,2025-11-11,990,15,10,IS,down,25.49,-3643.8,-38.6,-3159.0,484.8,0,stop_loss,2025-11-11,0,1,0,0,0,1,8,0,1,3,2,3,2,1,1,3,2,3.1031290211217626,6.563255186266173,3.1031290211217626,6.563255186266173,0.03885236102809341,0.18395989974937374
73957,2025-11-11 12:15:00,2025-11-11,990,36,12,IS,up,21.189,11458.1,193.8,11947.0,488.9,1,next_choch,2025-11-14,0,1,1,1,1,0,4,21,0,4,3,4,3,1,0,2,1,4.601552729074734,5.545460981192628,1.7651084314605305,8.641480048139252,0.5734571272528718,0.7135036496350763
74196,2025-11-14 13:25:00,2025-11-14,993,50,13,IS,up,25.013,-3031.63,-29.1,-2541.5,490.13,0,stop_loss,2025-11-14,0,1,0,0,0,1,2,0,1,4,2,6,4,2,1,3,1,2.558679721263828,5.757029372843613,1.2993295459542877,6.208796261129229,0.6059240180296136,0.08971193415639057
74198,2025-11-14 13:35:00,2025-11-14,993,52,13,IS,down,27.977,-2458.97,-20.3,-1969.5,489.47,0,next_choch,2025-11-14,0,1,1,1,1,0,1,2,0,4,2,7,5,3,1,4,1,2.752270623264193,5.147103503247322,2.6450393002798736,5.551008153154898,0.18029620090148185,0.2886740331491677
74215,2025-11-14 15:00:00,2025-11-14,993,69,15,IS,up,32.059,-2102.65,-14.8,-1612.0,490.65,0,next_choch,2025-11-18,0,1,0,0,0,1,7,0,1,3,3,9,6,1,1,5,2,3.584039327735332,4.207892996618758,3.4592685939586465,5.156150573321499,0.7428917120387164,0.481481481481508
74316,2025-11-18 10:55:00,2025-11-18,995,20,10,IS,up,20.943,-471.93,10.3,19.5,491.43,0,next_choch,2025-11-18,0,1,2,2,2,0,2,7,1,2,1,3,2,2,1,2,1,3.108496557256432,5.6439983574150645,2.139180426499063,5.6439983574150645,0.476311336717419,0.31393568147014134
74342,2025-11-18 13:05:00,2025-11-18,995,46,13,IS,up,17.96,-1128.91,0.2,-637.0,491.91,0,next_choch,2025-11-18,0,1,2,2,2,0,1,17,1,4,3,6,4,2,0,4,2,2.767214356107678,6.002126913247511,1.3140092314715537,6.5811818288113635,0.7876480541454989,0.057565789473684896
74363,2025-11-18 14:50:00,2025-11-18,995,67,14,IS,down,17.206,-1674.66,-8.2,-1183.0,491.66,0,next_choch,2025-11-19,0,1,1,1,1,0,4,9,0,3,4,8,5,1,1,3,1,3.539462978031004,4.945949087527733,2.0051144949436246,7.875159827966988,0.5704797047970426,0.22044088176353668
74393,2025-11-19 11:05:00,2025-11-19,996,22,11,IS,down,21.96,-3474.78,-35.9,-2983.5,491.28,0,stop_loss,2025-11-19,0,1,0,0,0,1,4,0,1,3,3,3,2,2,1,3,1,2.4681575795662383,5.332495434819336,1.8215185089049484,5.332495434819336,0.583262169086234,0.04848910751933461
74401,2025-11-19 11:45:00,2025-11-19,996,30,11,IS,up,19.474,7514.12,133.2,8008.0,493.88,1,next_choch,2025-11-21,0,1,1,1,1,0,1,8,0,4,3,4,3,1,1,3,1,3.9950293208449783,6.213348943730679,1.6277947232749344,6.213348943730679,0.943801652892568,0.20483749055176076
74530,2025-11-21 10:00:00,2025-11-21,998,9,10,IS,down,25.439,-2053.85,-14.0,-1560.0,493.85,0,next_choch,2025-11-21,0,1,1,1,1,0,3,15,0,1,1,1,1,1,0,1,2,3.3374215764895143,3.3374215764895143,1.5920562290674087,3.3374215764895143,0.07067137809187159,0.49701789264414237
74554,2025-11-21 12:00:00,2025-11-21,998,33,12,IS,up,19.521,-1982.41,-12.9,-1488.5,493.91,0,next_choch,2025-11-21,0,1,0,0,0,2,10,0,1,2,4,5,2,1,3,2,3,2.5715237046333903,6.008759572778881,1.5367671541633583,6.008759572778881,0.4705882352941122,0.22887323943660798
74588,2025-11-21 14:50:00,2025-11-21,998,67,14,IS,down,19.666,-2638.74,-23.0,-2145.0,493.74,0,next_choch,2025-11-24,0,1,1,1,1,0,1,11,0,1,2,8,3,1,1,1,3,3.844276299731437,4.86128061182972,2.0340086241965665,6.274916605646482,0.24635332252837194,0.33989266547405195
74607,2025-11-24 10:10:00,2025-11-24,999,11,10,IS,up,21.814,-3334.49,-33.7,-2840.5,493.99,0,stop_loss,2025-11-24,0,1,0,0,0,1,11,2,1,2,4,2,1,1,1,2,3,2.9247138318793473,2.9247138318793473,2.9247138318793473,2.9247138318793473,0.9984326018809005,0.16820440028388836
74645,2025-11-24 13:20:00,2025-11-24,999,49,13,IS,up,17.579,-2521.53,-21.2,-2028.0,493.53,0,stop_loss,2025-11-24,0,1,4,4,4,0,3,33,1,4,1,7,5,2,0,4,1,2.764615200832922,5.8250328511375,1.3936846177037765,5.8250328511375,0.4423828124999866,0.1560283687943093
74653,2025-11-24 14:00:00,2025-11-24,999,57,14,IS,down,17.176,2822.02,61.0,3315.0,492.98,1,next_choch,2025-11-25,0,1,0,0,0,1,5,0,1,4,1,9,6,2,1,5,1,2.6141279350719007,4.8731070860916015,2.2124022613079957,5.9618418831037365,0.04589843750000645,0.21703011422640087
74734,2025-11-25 14:30:00,2025-11-25,1000,63,14,IS,down,19.985,-14765.7,-209.6,-14274.0,491.7,0,stop_loss,2025-11-26,0,1,4,4,4,0,1,43,1,4,1,5,4,3,0,4,0,3.872982196291217,4.173213374298283,1.876444862544159,5.529257528296789,0.2615384615384747,0.47138047138045985
74748,2025-11-26 09:25:00,2025-11-26,1001,2,09,IS,up,36.814,7550.13,133.8,8047.0,496.87,1,next_choch,2025-12-01,0,1,5,1,5,0,2,57,0,5,1,1,1,1,0,5,0,2.0128266768802594,2.0128266768802594,2.0128266768802594,2.0128266768802594,1.0,
75048,2025-12-02 09:25:00,2025-12-02,1005,2,09,IS,down,20.356,5788.83,106.7,6285.5,496.67,1,next_choch,2025-12-04,0,1,0,0,0,1,9,2,1,1,2,1,0,1,1,1,5,2.2056945235897043,2.2056945235897043,3.664695132734775,2.2056945235897043,0.5322939866369862,
75277,2025-12-05 09:45:00,2025-12-05,1008,6,09,IS,up,21.005,-3289.94,-33.0,-2795.0,494.94,0,stop_loss,2025-12-05,0,1,0,0,0,1,5,2,1,3,2,3,2,2,1,3,3,2.232854864433881,2.232854864433881,2.0852674426908173,2.232854864433881,0.8720682302771895,0.26570048309179367
75283,2025-12-05 10:15:00,2025-12-05,1008,12,10,IS,up,28.873,-3096.29,-30.0,-2600.0,496.29,0,next_choch,2025-12-08,0,1,2,2,2,0,3,8,1,4,2,5,4,3,1,5,3,4.5094344850517,4.5094344850517,4.5094344850517,4.5094344850517,0.9500768049155148,0.44664413326895536
75353,2025-12-08 09:50:00,2025-12-08,1009,7,09,IS,down,21.792,13739.69,229.0,14235.0,495.31,1,next_choch,2025-12-11,0,1,1,1,1,0,1,13,0,1,1,1,1,1,0,1,2,4.451154317390246,4.451154317390246,2.4366628273548003,4.451154317390246,0.06288659793812933,0.6492471213463303
75609,2025-12-11 12:25:00,2025-12-11,1012,38,12,IS,up,26.736,-2701.99,-24.0,-2210.0,491.99,0,stop_loss,2025-12-11,0,1,1,1,1,0,1,18,0,1,1,4,1,1,0,1,2,4.177887492519477,8.729802513465046,1.4362657091562483,8.729802513465046,0.9383033419023078,0.662251655629163
75617,2025-12-11 13:05:00,2025-12-11,1012,46,13,IS,down,24.419,-2747.02,-24.7,-2255.5,491.52,0,next_choch,2025-12-11,0,1,2,2,2,0,1,26,1,2,1,5,2,2,0,2,1,2.801097506040438,6.65055899094973,1.5438797657562033,9.558130963593982,0.7159383033418916,0.2625786163522187
75625,2025-12-11 13:45:00,2025-12-11,1012,54,13,IS,up,23.135,-3059.12,-29.5,-2567.5,491.62,0,stop_loss,2025-12-11,0,1,0,0,0,1,3,0,1,3,2,7,3,2,1,3,2,2.558882390826092,6.760290640628372,1.4393713448396277,10.088566723290647,0.865467009425873,0.05920000000001164
75633,2025-12-11 14:25:00,2025-12-11,1012,62,14,IS,up,22.614,-3189.45,-31.5,-2697.5,491.95,0,stop_loss,2025-12-11,0,1,2,2,2,0,1,8,1,4,2,9,5,3,1,5,1,2.564748853601482,4.9393525335739215,1.3929239463525291,10.320903145354995,0.9554413024849984,0.3210784313725493
75664,2025-12-12 10:45:00,2025-12-12,1013,18,10,IS,down,27.118,-5374.55,-65.1,-4881.5,493.05,0,stop_loss,2025-12-12,0,1,1,1,1,0,5,18,0,3,4,2,1,1,0,3,1,3.6396489416623914,4.004720112102743,2.950070064164024,4.004720112102743,0.1372007366482611,0.44802867383512157
75703,2025-12-12 14:00:00,2025-12-12,1013,57,14,IS,up,15.928,-2275.14,-17.4,-1781.0,494.14,0,next_choch,2025-12-12,0,1,0,0,0,2,10,0,1,2,3,8,4,2,2,3,3,2.718500241714179,4.639657456413053,2.511316620521224,6.81822462471526,0.9558011049723832,0.19639639639642262
75722,2025-12-15 09:20:00,2025-12-15,1014,1,09,IS,down,21.445,-4392.41,-50.0,-3900.0,492.41,0,next_choch,2025-12-15,0,1,1,1,1,0,1,3,0,3,3,1,1,2,1,5,3,2.961090800567037,2.961090800567037,2.961090800567037,2.961090800567037,0.07874015748031496,
75751,2025-12-15 11:45:00,2025-12-15,1014,30,11,IS,up,20.8,-4899.46,-57.8,-4407.0,492.46,0,stop_loss,2025-12-16,0,1,1,1,1,0,12,24,0,3,4,3,2,0,0,2,2,2.230747781271404,4.572071422390099,2.230747781271404,4.572071422390099,0.9621451104101093,0.08270676691730237
75797,2025-12-16 09:20:00,2025-12-16,1015,1,09,IS,down,19.792,3538.09,72.0,4030.0,491.91,1,next_choch,2025-12-18,0,1,1,1,1,0,1,11,0,1,2,1,1,1,1,1,3,1.3995341622752648,1.3995341622752648,1.3995341622752648,1.3995341622752648,0.0,
75977,2025-12-18 11:50:00,2025-12-18,1017,31,11,IS,up,20.553,-562.7,8.9,-71.5,491.2,0,next_choch,2025-12-18,0,1,0,0,0,1,4,0,1,1,2,3,1,1,1,1,2,3.113930948581215,7.833482542524619,1.9364758086489078,7.833482542524619,0.9260869565217301,0.22522522522521785
75997,2025-12-18 13:30:00,2025-12-18,1017,51,13,IS,down,17.774,-4728.81,-55.2,-4238.0,490.81,0,stop_loss,2025-12-19,0,1,1,1,1,0,4,12,0,2,3,5,2,1,0,2,2,3.0943553332620692,4.613402496863449,2.3348317514613797,10.070720084616553,0.6988826815642377,0.6006006006005481
76022,2025-12-19 09:20:00,2025-12-19,1018,1,09,IS,up,23.657,5213.7,97.8,5707.0,493.3,1,next_choch,2025-12-26,0,1,1,1,1,0,1,9,0,2,3,1,1,1,1,2,2,1.9782895404282452,1.9782895404282452,1.9782895404282452,1.9782895404282452,0.9829059829059218,
76344,2025-12-26 11:10:00,2025-12-26,1022,23,11,IS,down,14.184,-70.91,16.5,422.5,493.41,0,next_choch,2025-12-29,0,1,1,1,1,0,1,4,0,3,3,4,3,2,1,3,2,2.636680884063693,5.0759631992668055,2.2559836441185803,5.0759631992668055,0.16666666666666666,0.3206751054852622
76399,2025-12-29 09:30:00,2025-12-29,1023,3,09,IS,up,12.481,-2898.14,-27.0,-2405.0,493.14,0,stop_loss,2025-12-29,0,1,1,1,1,0,1,19,0,1,1,1,1,1,0,1,2,3.4211179925168635,3.4211179925168635,2.4035957792858116,3.4211179925168635,0.9297423887587833,
76408,2025-12-29 10:15:00,2025-12-29,1023,12,10,IS,down,13.399,4590.72,88.2,5083.0,492.28,1,next_choch,2025-12-30,0,1,1,1,1,0,4,6,0,2,3,3,2,2,1,2,3,5.075005597432645,5.075005597432645,3.0972460631390404,5.075005597432645,0.03235294117648129,0.25646123260437953
76546,2025-12-31 09:15:00,2025-12-31,1025,0,09,IS,up,29.513,9350.34,161.5,9847.5,497.16,1,next_choch,2026-01-06,0,1,0,0,0,1,7,0,1,1,2,1,0,1,1,1,3,1.277394521773333,1.277394521773333,8.260710461759583,1.277394521773333,0.8832891246683987,
76848,2026-01-06 09:25:00,2026-01-06,1029,2,09,OOS,down,20.486,-2863.26,-26.4,-2366.0,497.26,0,stop_loss,2026-01-06,0,1,1,1,1,0,1,2,0,1,1,2,1,1,1,1,2,3.895362175935608,3.895362175935608,1.5962198390112579,3.895362175935608,0.07894736842104423,
76869,2026-01-06 11:10:00,2026-01-06,1029,23,11,OOS,down,20.109,-932.78,3.3,-435.5,497.28,0,next_choch,2026-01-06,0,1,0,0,0,1,3,0,1,3,2,5,3,1,1,3,2,3.9235772681161585,4.8534998905972655,1.6708770115170442,4.8534998905972655,0.12397540983605251,0.5669515669515778
76892,2026-01-06 13:05:00,2026-01-06,1029,46,13,OOS,up,15.981,-2291.06,-17.6,-1794.0,497.06,0,stop_loss,2026-01-06,0,1,1,1,1,0,2,23,0,4,3,6,4,1,0,2,1,2.4529742312554426,7.427756154337179,1.4767906086128522,8.047257299475524,0.3483670295489874,0.28744939271256054
76896,2026-01-06 13:25:00,2026-01-06,1029,50,13,OOS,down,15.128,-2238.9,-16.8,-1742.0,496.9,0,stop_loss,2026-01-06,0,1,2,2,2,0,2,27,1,4,2,7,5,2,0,3,1,2.3797404760803027,6.306312261612659,1.315467652055597,8.500961811775653,0.1391912908242459,0.16975748930102286
76912,2026-01-06 14:45:00,2026-01-06,1029,66,14,OOS,up,15.016,-5117.48,-61.1,-4621.5,495.98,0,stop_loss,2026-01-07,0,1,1,1,1,0,1,8,0,3,4,9,6,1,1,3,1,3.4962240779957647,4.415231549926031,1.3718517334613407,9.563005287622603,0.22841225626740672,0.15151515151514316
76932,2026-01-07 10:10:00,2026-01-07,1030,11,10,OOS,up,22.899,-3284.74,-32.9,-2788.5,496.24,0,stop_loss,2026-01-07,0,1,2,2,2,0,1,17,1,3,4,2,2,2,0,3,2,3.2708137732265534,3.2708137732265534,1.4367125919780543,3.2708137732265534,1.0,0.3028571428571554
76953,2026-01-07 11:55:00,2026-01-07,1030,32,11,OOS,down,21.187,-216.43,14.3,279.5,495.93,0,next_choch,2026-01-07,0,1,3,3,3,0,1,38,0,4,3,3,3,1,0,3,0,3.100958134705278,4.389484117619294,1.2979657337046302,4.389484117619294,0.3354838709677498,0.32366412213737894
76988,2026-01-07 14:50:00,2026-01-07,1030,67,14,OOS,up,16.043,-2906.97,-27.1,-2411.5,495.47,0,stop_loss,2026-01-08,0,1,0,0,0,1,2,0,1,3,3,6,4,1,2,1,2,1.9946394065947766,3.7586486318019867,1.5333790438196437,6.8939724490431065,0.3851717902350733,0.28868778280546203
76998,2026-01-08 09:25:00,2026-01-08,1031,2,09,OOS,down,19.737,16113.46,265.5,16607.5,494.04,1,next_choch,2026-01-13,0,1,1,1,1,0,2,10,0,3,4,1,1,1,1,2,2,2.3813504790567825,2.3813504790567825,2.3813504790567825,2.3813504790567825,0.04680851063823595,
77224,2026-01-13 09:30:00,2026-01-13,1034,3,09,OOS,down,32.552,-4986.67,-59.2,-4498.0,488.67,0,next_choch,2026-01-13,0,1,2,2,2,0,1,14,1,2,1,2,2,2,0,2,1,4.414434617523208,4.414434617523208,3.271658223842862,4.414434617523208,0.10368823938762269,
77248,2026-01-13 11:30:00,2026-01-13,1034,27,11,OOS,up,31.794,-4687.95,-54.6,-4199.0,488.95,0,stop_loss,2026-01-13,0,1,0,0,0,1,13,2,1,3,4,5,3,0,1,3,2,2.3400936037441955,5.3469880730713095,2.607443007397761,5.3469880730713095,0.6647058823529411,0.09765624999999861
77254,2026-01-13 12:00:00,2026-01-13,1034,33,12,OOS,down,28.773,206.93,20.7,695.5,488.57,1,next_choch,2026-01-14,0,1,1,1,1,0,2,8,0,3,4,6,4,1,1,4,2,2.634441675616097,5.908378428162807,1.7308073277794322,5.908378428162807,0.2823529411764706,0.3008763388510238
77317,2026-01-14 11:00:00,2026-01-14,1035,21,11,OOS,up,32.155,-2249.59,-17.1,-1761.5,488.09,0,next_choch,2026-01-14,0,1,2,2,2,0,1,13,1,3,3,4,3,2,0,3,2,2.456849634582491,3.999378012750693,1.296843414710021,3.999378012750693,0.7278382581648492,0.045624532535514926
77346,2026-01-14 13:25:00,2026-01-14,1035,50,13,OOS,down,22.626,1260.71,36.9,1748.5,487.79,1,next_choch,2026-01-14,0,1,3,3,3,0,1,42,0,4,3,5,4,1,0,2,0,3.5048639379112814,5.9136291915829915,1.7944196201663838,6.788740237871029,0.43880208333332327,0.5088819226750299
77362,2026-01-14 14:45:00,2026-01-14,1035,66,14,OOS,up,26.574,-3938.57,-43.1,-3451.5,487.07,0,stop_loss,2026-01-14,0,1,1,1,1,0,1,8,0,4,3,7,5,1,1,2,1,3.729251101653084,6.773614513598031,2.2653977428810097,6.773614513598031,0.45555555555555555,0.23699421965317918
77419,2026-01-16 13:15:00,2026-01-16,1036,48,13,OOS,down,27.157,20403.69,331.4,20891.0,487.31,1,next_choch,2026-01-22,0,1,1,1,1,0,3,32,0,2,3,4,1,1,0,1,1,4.639738996269797,6.687115886687209,1.4729330146888244,7.515640707449673,0.1464968152866324,0.6516052318668278
77695,2026-01-22 11:15:00,2026-01-22,1040,24,11,OOS,down,41.871,-5341.1,-64.8,-4862.0,479.1,0,stop_loss,2026-01-22,0,1,2,2,2,0,4,28,1,2,1,2,2,1,0,2,1,4.091117522306484,5.94680830738073,1.975104606507593,5.94680830738073,0.07188755020079445,0.6300794021485399
77715,2026-01-22 12:55:00,2026-01-22,1040,44,12,OOS,down,35.063,-3111.42,-30.5,-2632.5,478.92,0,next_choch,2026-01-22,0,1,2,2,2,0,4,15,1,4,3,5,4,2,0,3,1,2.7835530800185535,6.933214690087259,2.0277727867757998,7.680438980010304,0.122911251392494,0.10183428209992848
77735,2026-01-22 14:35:00,2026-01-22,1040,64,14,OOS,up,33.878,-4821.65,-56.8,-4342.0,479.65,0,stop_loss,2026-01-23,0,1,3,3,3,0,1,13,0,3,1,11,7,3,0,5,4,4.285954643265139,4.339086312396503,2.181350193783047,8.005171482462142,0.47898230088495986,0.5265983406539809
77774,2026-01-23 11:35:00,2026-01-23,1041,28,11,OOS,down,29.841,-706.7,6.5,-227.5,479.2,0,next_choch,2026-01-23,0,1,0,0,0,1,3,0,1,3,2,4,3,1,1,3,2,3.072963617049108,4.014624223800196,1.9268855832096217,4.014624223800196,0.057595993322185804,0.4731965585704877
77787,2026-01-23 12:40:00,2026-01-23,1041,41,12,OOS,up,27.784,-2792.9,-25.6,-2314.0,478.9,0,stop_loss,2026-01-23,0,1,1,1,1,0,1,7,0,3,2,6,4,1,1,4,2,2.3358683563621443,5.290795814872535,1.4504698730569971,5.758689322310243,0.3137500000000045,0.14098360655737704
77794,2026-01-23 13:15:00,2026-01-23,1041,48,13,OOS,down,28.912,8492.44,148.0,8970.0,477.56,1,next_choch,2026-01-27,0,1,2,2,2,0,2,14,1,3,2,7,5,2,0,4,2,3.7942460276285006,6.3052967259495745,2.1547997039311872,6.7549339033349,0.04352278545826949,0.42763157894734793
77833,2026-01-27 10:15:00,2026-01-27,1042,12,10,OOS,up,50.872,-11922.35,-166.1,-11446.5,475.85,0,stop_loss,2026-01-27,0,1,0,0,0,2,12,0,1,1,3,4,1,0,2,1,4,4.865151753420349,4.865151753420349,4.865151753420349,4.865151753420349,0.9797979797979798,0.3721770551038772
77878,2026-01-27 14:00:00,2026-01-27,1042,57,14,OOS,down,39.821,-7710.03,-101.3,-7234.5,475.53,0,stop_loss,2026-01-27,0,1,1,1,1,0,5,20,0,2,3,6,2,1,0,1,1,3.425354149977218,4.864304243772729,2.747314838764708,6.215360352781342,0.273939393939391,0.27681799919646866
77893,2026-01-27 15:15:00,2026-01-27,1042,72,15,OOS,up,40.198,9666.36,166.1,10146.5,480.14,1,next_choch,2026-01-29,0,1,1,1,1,0,5,14,0,2,3,8,3,1,0,2,2,4.266402638950391,4.66443437203031,2.119518978650591,6.157053371080009,0.8626262626262626,0.5824577432617595
77976,2026-01-29 09:40:00,2026-01-29,1044,5,09,OOS,down,32.42,-1130.3,-0.0,-650.0,480.3,0,next_choch,2026-01-29,0,1,1,1,1,0,1,8,0,1,1,1,1,1,1,1,4,2.8346262395706874,2.8346262395706874,2.1868879258494305,2.8346262395706874,0.020674646354748912,0.6387665198237681
77991,2026-01-29 10:55:00,2026-01-29,1044,20,10,OOS,up,36.351,494.09,25.0,975.0,480.91,1,next_choch,2026-01-30,0,1,1,1,1,0,1,3,0,2,3,3,2,1,1,2,4,2.052218789631028,4.0549202358126335,1.7853753277085698,4.0549202358126335,0.4911804613297201,0.21612541993280437
78069,2026-01-30 11:10:00,2026-01-30,1045,23,11,OOS,down,27.065,-2898.93,-27.2,-2418.0,480.93,0,next_choch,2026-01-30,0,1,1,1,1,0,1,32,0,1,1,1,1,1,0,1,2,2.7784756809482554,3.728034524038302,2.253816709279813,3.728034524038302,0.28344895936572617,0.4174904942965729
78083,2026-01-30 12:20:00,2026-01-30,1045,37,12,OOS,up,27.391,-3692.09,-39.4,-3211.0,481.09,0,stop_loss,2026-01-30,0,1,3,3,3,0,1,10,0,4,3,5,4,3,1,4,1,2.847702670633979,3.68375896752529,1.7524324126978332,3.68375896752529,0.7462834489593838,0.19305628616517784
78094,2026-01-30 13:15:00,2026-01-30,1045,48,13,OOS,down,26.294,-3886.47,-42.4,-3406.0,480.47,0,stop_loss,2026-01-30,0,1,4,4,4,0,2,21,1,4,2,6,5,1,0,5,1,4.259510688709635,4.3850141286448014,2.5785252204866973,4.829980870233246,0.20000000000001145,0.30292230933712844
78102,2026-01-30 13:55:00,2026-01-30,1045,56,13,OOS,up,27.411,-4986.08,-59.3,-4504.5,481.58,0,stop_loss,2026-01-30,0,1,5,5,5,0,1,29,0,5,1,7,6,2,0,6,1,5.362849679688298,5.362849679688298,2.167029054241447,5.362849679688298,0.9993197278911664,0.25373134328358715
78137,2026-02-01 10:35:00,2026-02-01,1046,16,10,OOS,up,25.87,-2659.71,-23.5,-2177.5,482.21,0,stop_loss,2026-02-01,0,1,2,2,2,0,3,19,1,4,2,2,2,1,0,2,1,4.0278937440084395,5.040665491542253,1.5346197853851908,5.040665491542253,0.8811349693251547,0.6338289962825218
78156,2026-02-01 12:10:00,2026-02-01,1046,35,12,OOS,down,53.368,11759.84,198.3,12239.5,479.66,1,next_choch,2026-02-01,0,1,0,0,0,1,2,0,1,3,4,5,3,1,1,3,2,4.006168525156589,4.5683062976294515,3.372826634837177,4.5683062976294515,0.13863822805578085,0.45224940805050995
78188,2026-02-01 14:50:00,2026-02-01,1046,67,14,OOS,down,61.403,-1722.47,-9.2,-1248.0,474.47,0,next_choch,2026-02-02,0,1,2,2,2,0,1,8,1,2,2,9,5,2,1,3,3,3.0943113528654953,13.39673957298507,2.2181326645278037,14.435776753578839,0.38379963898916986,0.24296675191816197
78217,2026-02-02 11:00:00,2026-02-02,1047,21,11,OOS,down,50.669,-6009.82,-75.2,-5538.0,471.82,0,stop_loss,2026-02-02,0,1,4,2,4,0,1,37,1,4,1,2,2,1,0,4,0,2.684076322499665,4.385307050436967,1.6558382607185718,4.385307050436967,0.20207020702070796,0.26542324246771143
78231,2026-02-02 12:10:00,2026-02-02,1047,35,12,OOS,up,46.859,46431.84,731.8,46917.0,485.16,1,next_choch,2026-02-05,0,1,0,0,0,1,6,0,1,4,1,4,3,1,1,3,1,5.008675016592452,5.008675016592452,1.9889582937640338,5.008675016592452,0.9782701320835017,0.5986885245901592
78471,2026-02-05 13:25:00,2026-02-05,1050,50,13,OOS,down,19.973,-3366.32,-34.3,-2879.5,486.82,0,stop_loss,2026-02-05,0,1,0,0,0,2,44,11,1,1,2,3,1,0,1,0,2,2.228041276342207,3.1142509525502677,4.365959534764991,6.0732900409058,0.04286892003298235,0.15004492362983682
78500,2026-02-06 09:35:00,2026-02-06,1051,4,09,OOS,down,22.845,-5191.8,-62.4,-4706.0,485.8,0,stop_loss,2026-02-06,0,1,2,1,2,0,4,21,1,2,2,1,1,2,0,2,1,3.0684917115704704,3.0684917115704704,3.0684917115704704,3.0684917115704704,0.10984308131237161,
78564,2026-02-06 14:55:00,2026-02-06,1051,68,14,OOS,up,22.523,9273.38,160.2,9763.0,489.62,1,next_choch,2026-02-12,0,1,0,0,0,1,35,3,1,2,3,5,2,0,1,1,1,3.2855011721247425,6.033778503942666,6.033778503942666,7.494494565603435,0.9644549763033173,0.27743526510481387
78823,2026-02-12 11:30:00,2026-02-12,1055,27,11,OOS,down,16.339,-1529.86,-6.0,-1040.0,489.86,0,next_choch,2026-02-12,0,1,1,1,1,0,2,16,0,1,1,3,1,1,0,1,3,3.3968638683852963,5.067753663104505,1.7076126473505353,5.067753663104505,0.036231884057971335,0.6621983914209439
78832,2026-02-12 12:15:00,2026-02-12,1055,36,12,OOS,up,15.415,-1315.58,-2.7,-825.5,490.08,0,next_choch,2026-02-12,0,1,2,2,2,0,1,25,1,2,1,4,2,2,0,2,2,2.2964793803398957,4.592958760679555,0.8692888049872408,5.857968588832835,0.2967884828349888,0.021956087824359993
78851,2026-02-12 13:50:00,2026-02-12,1055,55,13,OOS,down,16.824,15578.82,257.2,16068.0,489.18,1,next_choch,2026-02-16,0,1,3,3,3,0,1,16,0,4,2,8,5,3,0,5,1,3.3820933315106165,3.596074631922444,2.211140104256488,5.367364285332133,0.13842746400886047,0.3218390804597701
79008,2026-02-16 14:25:00,2026-02-16,1057,62,14,OOS,up,18.744,-5093.65,-60.9,-4608.5,485.15,0,stop_loss,2026-02-17,0,1,3,3,3,0,3,36,0,3,1,5,3,3,0,3,0,3.8466668445060175,6.2901805959400034,3.681276175740923,12.110865099901298,0.9643171806167465,0.28122481869461613
79049,2026-02-17 11:35:00,2026-02-17,1058,28,11,OOS,up,25.197,-4178.92,-46.8,-3692.0,486.92,0,stop_loss,2026-02-17,0,1,0,0,0,1,14,0,1,4,1,3,2,0,1,2,1,4.401404957037742,7.088286071478268,4.401404957037742,7.088286071478268,0.9098544232922621,0.3216000000000152
79115,2026-02-18 10:50:00,2026-02-18,1059,19,10,OOS,up,24.228,-2352.16,-18.7,-1865.5,486.66,0,next_choch,2026-02-19,0,1,0,0,0,2,6,0,1,2,4,6,2,2,3,2,5,2.476504166718261,4.457707500092869,2.051370951431656,4.457707500092869,0.4425925925925859,0.08070175438597386
79200,2026-02-19 11:40:00,2026-02-19,1060,29,11,OOS,down,21.557,7183.84,128.0,7670.0,486.16,1,next_choch,2026-02-20,0,1,1,1,1,0,4,36,0,1,1,1,1,1,0,1,0,3.664753881623811,9.370636507443162,2.273075192399579,9.370636507443162,0.039603960396039604,0.5665634674922666
79260,2026-02-20 10:25:00,2026-02-20,1061,14,10,OOS,up,39.151,-16.7,17.2,468.0,484.7,0,next_choch,2026-02-20,0,1,1,1,1,0,2,12,0,1,1,2,1,1,0,1,3,4.88881396453698,4.914356357246159,2.411201871746575,4.914356357246159,0.889293139293125,0.5918367346938606
79318,2026-02-20 15:15:00,2026-02-20,1061,72,15,OOS,down,29.838,-2805.03,-25.7,-2320.5,484.53,0,stop_loss,2026-02-20,0,1,1,1,1,0,1,7,0,1,1,8,2,1,1,1,3,4.08542184745529,4.960151217583065,1.069113674600723,9.92030243516613,0.5787162162162137,0.3224181360201471
79322,2026-02-23 09:20:00,2026-02-23,1062,1,09,OOS,up,39.101,-8227.49,-109.1,-7741.5,485.99,0,stop_loss,2026-02-23,0,1,2,1,2,0,1,11,1,2,1,1,1,2,1,2,3,2.8950518142665884,2.8950518142665884,2.8950518142665884,2.8950518142665884,0.9637809187279283,
79368,2026-02-23 13:10:00,2026-02-23,1062,47,13,OOS,down,24.983,-2266.67,-17.4,-1781.0,485.67,0,next_choch,2026-02-23,0,1,3,3,3,0,3,24,0,4,2,5,4,2,0,3,1,2.8018716502623753,5.015350253969623,1.3168796756233747,6.216152389796355,0.05730843528652839,0.2175084175084371
79371,2026-02-23 13:25:00,2026-02-23,1062,50,13,OOS,up,24.386,-2429.31,-19.9,-1943.5,485.81,0,stop_loss,2026-02-23,0,1,1,1,1,0,1,2,0,4,3,7,5,3,1,4,2,3.034577783609999,4.0064628305229615,0.9964897316448753,6.438225838199593,0.24076433121018645,0.04429920116193429
79378,2026-02-23 14:00:00,2026-02-23,1062,57,14,OOS,down,24.836,-3566.57,-37.4,-3081.0,485.57,0,stop_loss,2026-02-23,0,1,1,1,1,0,1,4,0,3,4,9,6,2,2,5,3,2.894979485506896,4.151215367952237,2.2346503678113714,6.9898252946315464,0.10426267281105239,0.08417997097241146
79390,2026-02-23 15:00:00,2026-02-23,1062,69,15,OOS,up,29.027,-10183.05,-139.2,-9698.0,485.05,0,stop_loss,2026-02-24,0,1,0,0,0,1,6,0,1,3,4,11,7,1,1,5,3,4.047997188795144,4.1547954124994755,2.232427385820616,5.980700527445371,0.6370967741935454,0.447075882068629
79397,2026-02-24 09:20:00,2026-02-24,1063,1,09,OOS,down,33.54,-11118.82,-153.6,-10634.0,484.82,0,stop_loss,2026-02-25,0,1,1,1,1,0,1,7,0,3,4,1,1,1,1,6,3,2.6326930989452206,2.6326930989452206,2.6326930989452206,2.6326930989452206,0.16308040770103036,
79472,2026-02-25 09:20:00,2026-02-25,1064,1,09,OOS,up,43.284,-5510.9,-67.3,-5024.5,486.4,0,stop_loss,2026-02-25,0,1,1,1,1,0,1,10,0,1,1,1,1,1,1,1,3,1.587180571246404,1.587180571246404,1.587180571246404,1.587180571246404,0.9796215429402992,
79546,2026-02-26 09:15:00,2026-02-26,1065,0,09,OOS,up,25.577,-2429.62,-19.9,-1943.5,486.12,0,next_choch,2026-02-26,0,1,1,0,1,0,6,9,0,2,3,0,0,1,1,2,2,1.8024217354075602,1.8024217354075602,3.7886044720390615,1.8024217354075602,0.28850325379608877,
79575,2026-02-26 11:40:00,2026-02-26,1065,29,11,OOS,down,27.499,-4307.46,-48.8,-3822.0,485.46,0,stop_loss,2026-02-26,0,1,0,0,0,1,8,0,1,2,4,4,1,1,1,2,3,3.88737167855187,4.141923612601101,3.88737167855187,4.141923612601101,0.02721685689202935,0.35184067592034746
81426,2026-04-08 09:40:00,2026-04-08,1090,5,09,OOS,up,71.691,-3290.47,-33.6,-2834.0,456.47,0,next_choch,2026-04-08,0,1,1,1,1,0,1,35,0,1,1,1,1,1,0,1,1,1.6459573613350669,1.6459573613350669,0.6304853621385272,1.6459573613350669,0.9881355932203266,0.44763860369607694
81438,2026-04-08 10:40:00,2026-04-08,1090,17,10,OOS,up,50.651,-2407.08,-20.0,-1950.0,457.08,0,next_choch,2026-04-08,0,1,3,3,3,0,1,47,0,3,1,3,3,2,0,3,0,1.7768687229644489,3.0799057864717114,0.9081773472929405,3.0799057864717114,0.9038461538461539,0.14823815309843055
81471,2026-04-08 13:25:00,2026-04-08,1090,50,13,OOS,up,26.732,-3070.9,-30.2,-2613.0,457.9,0,stop_loss,2026-04-08,0,1,0,0,0,1,6,0,1,3,3,7,5,2,1,3,2,3.426656092414915,4.361878825060922,1.4888745903724159,8.252405392868312,0.8952855847688183,0.2425960932577234
81484,2026-04-08 14:30:00,2026-04-08,1090,63,14,OOS,up,23.812,-2102.68,-15.3,-1644.5,458.18,0,stop_loss,2026-04-08,0,1,2,2,2,0,2,13,1,4,3,9,7,2,0,4,1,2.931307455515909,5.098291190539093,1.0498952204569982,9.692632675258977,0.8721837088388211,0.03535690460306609
81502,2026-04-09 09:45:00,2026-04-09,1091,6,09,OOS,down,42.732,-4550.97,-53.0,-4095.0,455.97,0,next_choch,2026-04-09,0,1,0,0,0,1,6,0,1,4,1,2,1,2,1,5,2,3.5687875015211223,3.5687875015211223,3.5687875015211223,3.5687875015211223,0.08524590163934426,0.44813059505001523
81538,2026-04-09 12:45:00,2026-04-09,1091,42,12,OOS,down,32.951,-9555.81,-130.0,-9100.0,455.81,0,stop_loss,2026-04-10,0,1,2,2,2,0,2,17,1,3,2,5,3,2,0,2,1,3.1410371188647352,4.227502131959955,2.2518353064711656,6.051428033832201,0.19057171514543492,0.4901256732495428
81577,2026-04-10 09:45:00,2026-04-10,1092,6,09,OOS,up,35.896,-24827.71,-365.0,-24375.0,452.71,0,stop_loss,2026-04-13,0,1,0,0,0,1,6,1,1,2,3,2,1,1,1,1,3,3.0087253033798014,3.0087253033798014,3.0087253033798014,3.0087253033798014,0.9074074074074074,0.19101123595505617
81674,2026-04-13 11:35:00,2026-04-13,1093,28,11,OOS,up,30.327,21068.79,341.2,21528.0,459.21,1,next_choch,2026-04-16,0,1,0,0,0,1,3,0,1,2,4,4,2,1,2,2,3,1.912493528847327,5.701209157546649,1.2760948201102233,5.701209157546649,0.9994216310005868,0.3114754098360619
81851,2026-04-16 13:50:00,2026-04-16,1095,55,13,OOS,up,26.74,-3846.88,-42.1,-3386.5,460.38,0,stop_loss,2026-04-16,0,1,1,1,1,0,1,5,0,2,3,5,2,2,1,2,2,2.9917278724327234,8.040268657162944,1.7202435266488159,10.284064561487487,0.27672727272726744,0.2824242424242336
81880,2026-04-17 10:00:00,2026-04-17,1096,9,10,OOS,up,34.197,-1826.99,-11.0,-1365.0,461.99,0,next_choch,2026-04-17,0,1,2,2,2,0,1,22,1,3,4,2,2,2,0,3,2,4.678800355588827,4.678800355588827,1.526458616010876,4.678800355588827,0.99375,0.3317479191438706
81896,2026-04-17 11:20:00,2026-04-17,1096,25,11,OOS,up,26.788,-1769.03,-10.1,-1306.5,462.53,0,next_choch,2026-04-17,0,1,4,4,4,0,1,38,1,4,2,4,4,2,0,4,0,2.6877305102208418,7.988532349823058,0.9108420062415619,7.988532349823058,0.888317757009339,0.0415512465373978
81912,2026-04-17 12:40:00,2026-04-17,1096,41,12,OOS,down,19.88,-2743.97,-25.1,-2281.5,462.47,0,stop_loss,2026-04-17,0,1,0,0,0,1,8,0,1,2,3,8,5,1,2,4,3,3.088593331857857,7.565544578361811,1.5090846898327934,11.640073240910354,0.7523768366464886,0.20156862745098034
81922,2026-04-17 13:30:00,2026-04-17,1096,51,13,OOS,up,18.095,765.15,28.9,1228.5,463.35,1,stop_loss,2026-04-20,0,1,0,0,0,1,5,0,1,2,4,11,6,1,3,4,5,2.3321875034541093,4.940700540492824,1.9342787350922375,12.788345694295616,0.8863439930855542,0.4028892455858797
81972,2026-04-20 11:25:00,2026-04-20,1097,26,11,OOS,up,30.769,-2343.98,-18.9,-1878.5,465.48,0,next_choch,2026-04-20,0,1,1,1,1,0,1,4,0,2,3,3,2,1,1,2,2,2.255546238697941,6.6431361842918255,1.5047808480074787,6.6431361842918255,0.9931506849314998,0.3114930182599404
81981,2026-04-20 12:10:00,2026-04-20,1097,35,12,OOS,down,24.556,-3006.68,-29.1,-2541.5,465.18,0,stop_loss,2026-04-20,0,1,1,1,1,0,1,2,0,3,5,5,3,2,1,3,2,2.4189508920391045,8.323797345669771,1.54747700164114,8.323797345669771,0.8067514677103732,0.16324856439705676
81988,2026-04-20 12:45:00,2026-04-20,1097,42,12,OOS,up,21.703,-1960.62,-13.0,-1495.0,465.62,0,stop_loss,2026-04-20,0,1,2,2,2,0,3,9,1,3,4,6,4,2,1,3,2,2.326888696389406,8.722376836168571,0.8754630738890834,9.51490130305767,0.9975786924939467,0.04137235116042992
81992,2026-04-20 13:05:00,2026-04-20,1097,46,13,OOS,down,24.338,-3383.41,-34.9,-2918.5,464.91,0,next_choch,2026-04-21,0,1,3,3,3,0,1,13,0,4,3,7,5,2,0,4,2,3.0815881272572634,5.349636988918639,2.0543920848381756,9.162588698378263,0.6641255605381101,0.25139664804469786
82022,2026-04-21 09:20:00,2026-04-21,1098,1,09,OOS,up,35.592,-4663.73,-54.6,-4199.0,464.73,0,next_choch,2026-04-22,0,1,1,1,1,0,1,4,0,3,2,1,1,1,1,2,2,3.4979967295837806,3.4979967295837806,3.4979967295837806,3.4979967295837806,0.8465863453815378,
82102,2026-04-22 09:45:00,2026-04-22,1099,6,09,OOS,down,29.014,-3285.48,-33.4,-2821.0,464.48,0,stop_loss,2026-04-22,0,1,1,1,1,0,1,12,0,1,1,1,1,1,0,1,3,3.9636584222571485,3.9636584222571485,1.4613836269887728,3.9636584222571485,0.0782608695652174,0.6855575868372852
82156,2026-04-22 14:15:00,2026-04-22,1099,60,14,OOS,down,25.203,-2186.85,-16.5,-1722.5,464.35,0,stop_loss,2026-04-22,0,1,8,8,8,0,1,47,1,5,0,11,9,3,0,8,0,3.2535551041137634,3.2535551041137634,1.2696800406297613,6.784852717115287,0.3538011695906433,0.03121636167922118
82166,2026-04-22 15:05:00,2026-04-22,1099,70,15,OOS,down,23.22,15851.73,261.0,16315.0,463.27,1,next_choch,2026-04-27,0,1,10,10,10,0,1,57,1,5,0,13,11,3,0,7,0,2.2825445634525856,3.5314840415681514,2.041370043540677,7.364436233026266,0.23976608187134502,0.3076923076923077
82328,2026-04-27 09:50:00,2026-04-27,1102,7,09,OOS,up,38.161,-4801.0,-56.8,-4342.0,459.0,0,stop_loss,2026-04-27,0,1,1,1,1,0,1,24,0,1,1,1,1,1,0,1,2,2.8300922662487915,2.8300922662487915,1.493659807186862,2.8300922662487915,0.9981481481481415,0.4476409666283061
82348,2026-04-27 11:30:00,2026-04-27,1102,27,11,OOS,down,33.667,-3948.69,-43.7,-3490.5,458.19,0,next_choch,2026-04-27,0,1,2,2,2,0,1,44,1,2,1,2,2,1,0,2,0,2.762340682743688,3.3860950304600044,1.9098764075313668,3.3860950304600044,0.05175438596492504,0.060179257362350864
82360,2026-04-27 12:30:00,2026-04-27,1102,39,12,OOS,up,28.172,-1226.17,-1.8,-767.0,459.17,0,stop_loss,2026-04-28,0,1,3,3,3,0,1,56,0,3,1,3,3,1,0,3,0,3.783939201397095,5.281896371180982,1.2530305235395547,5.281896371180982,0.7163978494623593,0.4194780394653084
82404,2026-04-28 09:55:00,2026-04-28,1103,8,09,OOS,up,31.897,-5529.33,-68.0,-5070.0,459.33,0,stop_loss,2026-04-28,0,1,0,0,0,2,6,0,1,2,2,4,2,2,2,2,5,5.417488329513689,5.417488329513689,2.3105838535021093,5.417488329513689,0.9814814814814772,0.4911764705882431
82429,2026-04-28 12:00:00,2026-04-28,1103,33,12,OOS,down,27.23,-1504.83,-6.1,-1046.5,458.33,0,next_choch,2026-05-29,0,1,0,0,0,1,7,0,1,1,2,8,3,1,1,3,5,4.774093564889113,7.22724318130903,2.908524694917086,7.22724318130903,0.26829268292682656,0.6329896907216576
82481,2026-05-29 10:05:00,2026-05-29,1104,10,10,OOS,up,32.577,-3304.91,-33.8,-2847.0,457.91,0,next_choch,2026-05-29,0,1,3,3,3,0,1,10,0,3,1,4,3,3,1,3,2,3.0021088433285734,3.0021088433285734,1.9952666136641997,3.0021088433285734,0.8445807770961059,0.005432511491848374
82490,2026-05-29 10:50:00,2026-05-29,1104,19,10,OOS,down,29.716,-3180.96,-31.9,-2723.5,457.46,0,next_choch,2026-05-29,0,1,4,4,4,0,2,19,1,4,1,5,4,2,0,4,1,3.028630655126462,3.496385834084809,1.7162240379049951,3.496385834084809,0.2194417709335876,0.0955414012738883
82498,2026-05-29 11:30:00,2026-05-29,1104,27,11,OOS,down,26.269,-3174.49,-31.8,-2717.0,457.49,0,stop_loss,2026-05-29,0,1,6,6,6,0,1,27,1,5,0,7,6,3,0,6,1,2.257439462173586,3.9552775736902785,1.2752819895921763,3.9552775736902785,0.23580365736285386,0.2862092862092826
82506,2026-05-29 12:10:00,2026-05-29,1104,35,12,OOS,down,27.513,18069.28,295.0,18525.0,455.72,1,next_choch,2026-06-02,0,1,8,8,8,0,2,35,1,5,0,9,8,4,0,8,1,4.074481966509959,5.023134770487705,2.9840764446963965,5.023134770487705,0.051374819102740193,0.39018952062430007
82685,2026-06-02 14:35:00,2026-06-02,1106,64,14,OOS,down,29.278,7798.56,136.9,8248.5,449.94,1,next_choch,2026-06-03,0,1,2,2,2,0,4,29,1,2,1,6,2,2,0,2,2,2.7119524007951914,9.836804677947114,2.7119524007951914,12.319914747692817,0.7798724701968359,0.20340909090909098
82750,2026-06-03 13:45:00,2026-06-03,1107,54,13,OOS,up,40.208,-6115.88,-77.2,-5668.0,447.88,0,stop_loss,2026-06-04,0,1,0,0,0,1,4,1,1,1,2,8,1,1,2,1,4,4.528915671639899,7.961042869258301,3.2853913246767097,7.961042869258301,0.8684786004373672,0.5699588477366069
82778,2026-06-04 09:50:00,2026-06-04,1108,7,09,OOS,up,41.062,-1774.31,-10.4,-1326.0,448.31,0,next_choch,2026-06-04,0,1,1,1,1,0,1,2,0,2,3,3,2,2,1,3,4,3.238988656233714,3.238988656233714,0.9205546707190378,3.238988656233714,1.0,0.5789473684210142
82799,2026-06-04 11:35:00,2026-06-04,1108,28,11,OOS,up,34.497,-3718.16,-40.3,-3269.5,448.66,0,next_choch,2026-06-04,0,1,1,1,1,0,2,2,0,3,5,7,4,2,2,4,4,2.9683998759302037,5.478784927253912,2.8524467557766817,5.478784927253912,0.9449735449735372,0.32224770642199896
82812,2026-06-04 12:40:00,2026-06-04,1108,41,12,OOS,down,29.288,-2580.14,-22.8,-2132.0,448.14,0,next_choch,2026-06-04,0,1,2,2,2,0,2,15,1,3,4,8,5,1,0,4,2,2.5642163775236204,3.8377885597025867,1.908651071951632,6.794661240042748,0.5572864321608113,0.3625498007968022
82818,2026-06-04 13:10:00,2026-06-04,1108,47,13,OOS,down,33.851,-4373.26,-50.4,-3926.0,447.26,0,next_choch,2026-06-04,0,1,2,2,2,0,1,5,1,4,3,11,7,3,1,5,3,3.781287942122661,4.253948934887994,2.5671400169567558,5.878721097518825,0.27638190954773867,0.6411290322580753
82828,2026-06-04 14:00:00,2026-06-04,1108,57,14,OOS,up,31.782,-2892.21,-27.6,-2444.0,448.21,0,next_choch,2026-06-05,0,1,3,3,3,0,1,15,0,4,2,12,8,2,0,6,2,3.800929465698791,5.216838620967389,2.35984859211433,6.261464931076689,0.7115577889447163,0.013175829168549261
82863,2026-06-05 10:40:00,2026-06-05,1109,17,10,OOS,down,39.831,-6129.12,-77.4,-5681.0,448.12,0,stop_loss,2026-06-05,0,1,1,1,1,0,1,8,0,2,2,3,1,1,1,1,3,4.506483562004946,4.506483562004946,2.362451828326882,4.506483562004946,0.0930362116991684,0.4291695743196114
82883,2026-06-05 12:20:00,2026-06-05,1109,37,12,OOS,up,33.399,-2984.07,-29.0,-2535.0,449.07,0,stop_loss,2026-06-05,0,1,4,4,4,0,3,28,1,4,1,6,4,2,0,4,1,1.913208021701032,5.940226471134147,1.4640981574519738,5.940226471134147,0.6431451612903223,0.26315789473684803
82887,2026-06-05 12:40:00,2026-06-05,1109,41,12,OOS,down,33.773,338.39,22.1,786.5,448.11,1,next_choch,2026-06-05,0,1,5,5,5,0,1,32,0,5,1,7,5,3,0,5,1,2.806967675457665,5.874497751168765,1.6225931288510465,5.874497751168765,0.25504032258064063,0.27657266811279607
82911,2026-06-05 14:40:00,2026-06-05,1109,65,14,OOS,up,34.179,-19340.43,-280.7,-18895.5,444.93,0,stop_loss,2026-06-08,0,1,0,0,0,1,3,0,1,4,1,9,6,1,1,4,1,3.8240190528019125,5.266437869199239,3.2359334907413735,7.016065561299853,0.5788156797331097,0.5762299074524866
82941,2026-06-08 10:55:00,2026-06-08,1110,20,10,OOS,up,34.068,-3889.74,-43.0,-3445.0,444.74,0,stop_loss,2026-06-08,0,1,2,2,2,0,5,30,1,4,2,2,2,1,0,3,1,1.872730634996559,3.434317935652036,1.4089509479598097,3.434317935652036,0.9572649572649573,0.048019207683069456
82962,2026-06-08 12:40:00,2026-06-08,1110,41,12,OOS,up,23.771,-2720.55,-25.0,-2275.0,445.55,0,next_choch,2026-06-08,0,1,4,4,4,0,6,51,1,4,2,4,4,1,0,3,0,3.012111549091888,5.11554140180973,2.5914255785483196,6.545873701657862,0.9254498714653043,0.4474576271186241
82971,2026-06-08 13:25:00,2026-06-08,1110,50,13,OOS,down,22.609,-3.31,16.8,442.0,445.31,0,next_choch,2026-06-09,0,1,5,5,5,0,1,60,0,5,1,5,5,1,0,4,0,3.777290258660248,5.440359506033049,1.3313400091998933,8.284384841300701,0.5942338494394005,0.09911504424779086
83049,2026-06-09 13:40:00,2026-06-09,1111,53,13,OOS,up,21.564,-3109.75,-31.0,-2665.0,444.75,0,stop_loss,2026-06-09,0,1,1,1,1,0,1,28,0,1,1,2,1,1,0,1,1,2.7267541886748305,5.796671319461512,1.5256838912823376,6.724138730575355,0.8482758620689655,0.1225457007447394
83091,2026-06-10 10:55:00,2026-06-10,1112,20,10,OOS,up,26.034,-3352.61,-34.7,-2905.5,447.11,0,next_choch,2026-06-10,0,1,2,2,2,0,1,21,1,3,3,2,2,1,0,2,2,3.168957278614724,6.587589979180911,1.594081540151649,6.587589979180911,0.9906705539358686,0.10324483775811209
83130,2026-06-10 14:10:00,2026-06-10,1112,59,14,OOS,down,25.03,3011.83,63.2,3458.0,446.17,1,next_choch,2026-06-11,0,1,3,3,3,0,1,33,0,4,2,6,5,1,0,3,1,4.554534558529764,5.0339592489013185,2.1973631642029563,8.645625249700418,0.44085027726432907,0.4718693284936448
83176,2026-06-11 11:45:00,2026-06-11,1113,30,11,OOS,up,28.631,-2850.08,-27.0,-2405.0,445.08,0,next_choch,2026-06-11,0,1,1,1,1,0,1,30,0,2,2,2,1,1,0,1,1,4.044609457680017,6.734030254237559,2.0886670601836235,6.734030254237559,0.9284232365145263,0.5301047120419
83207,2026-06-11 14:20:00,2026-06-11,1113,61,14,OOS,down,23.841,-2381.94,-19.8,-1937.0,444.94,0,stop_loss,2026-06-11,0,1,0,0,0,1,8,3,1,1,3,7,2,1,1,2,4,2.6005511490661086,5.796712400015131,1.7826358683114454,10.838426079333649,0.5619195046439625,0.223609534619753
83211,2026-06-11 14:40:00,2026-06-11,1113,65,14,OOS,down,26.74,-16961.53,-244.1,-16516.5,445.03,0,stop_loss,2026-06-12,0,1,2,2,2,0,1,7,1,3,3,9,4,2,1,3,4,2.8010680708158424,5.546039985340314,2.314901382957294,9.663497857126885,0.44465944272446134,0.24456163480552062
83237,2026-06-12 10:35:00,2026-06-12,1114,16,10,OOS,up,30.622,-2007.25,-14.0,-1560.0,447.25,0,next_choch,2026-06-12,0,1,5,3,5,0,3,33,0,5,1,3,3,2,0,5,1,2.2336881980276093,3.7032199072562686,1.5413754816798617,3.7032199072562686,0.3386243386243471,0.20579268292682243
83262,2026-06-12 12:40:00,2026-06-12,1114,41,12,OOS,down,22.469,-4255.64,-48.6,-3809.0,446.64,0,stop_loss,2026-06-12,0,1,0,0,0,1,6,1,1,3,3,8,6,2,1,5,2,3.3378876956558505,3.3378876956558505,2.3142688023213895,5.785672005803474,0.0,0.4580863674851754
83272,2026-06-12 13:30:00,2026-06-12,1114,51,13,OOS,up,26.225,30094.44,480.0,30550.0,455.56,1,next_choch,2026-06-23,0,1,1,1,1,0,1,11,0,4,3,9,7,1,1,4,2,5.185832001921808,5.185832001921808,4.270685178053254,5.300225354905377,0.9640287769784173,0.5145317545747957
83797,2026-06-23 13:30:00,2026-06-23,1121,51,13,OOS,down,27.169,-3407.09,-35.4,-2951.0,456.09,0,next_choch,2026-06-23,0,1,0,0,0,1,3,1,1,1,2,3,1,1,1,1,1,3.9714088011425237,9.56597912341922,2.6353370728618635,9.772094872134623,0.03615819209039,0.3979357798165022
83811,2026-06-23 14:40:00,2026-06-23,1121,65,14,OOS,up,26.536,-2666.6,-24.0,-2210.0,456.6,0,stop_loss,2026-06-23,0,1,0,0,0,1,3,0,1,2,4,5,2,1,1,2,2,2.6379258365993365,8.47904733192644,1.352879107627429,10.193699125716009,0.2587800369685767,0.23151645979493135
83818,2026-06-23 15:15:00,2026-06-23,1121,72,15,OOS,down,29.621,-4615.16,-54.0,-4160.0,455.16,0,next_choch,2026-06-24,0,1,1,1,1,0,3,7,0,3,5,6,3,2,1,3,2,4.186162706691784,5.766101534701239,3.369185791353524,10.853639598398455,0.025505443234838967,0.36179981634526875
83832,2026-06-24 10:10:00,2026-06-24,1122,11,10,OOS,up,33.352,10201.14,174.0,10660.0,458.86,1,next_choch,2026-06-25,0,1,2,1,2,0,2,21,1,3,4,1,1,1,0,3,1,3.457064044135263,3.457064044135263,2.4616214919644563,3.457064044135263,0.9618386816999004,0.23277467411545308
83984,2026-06-29 10:20:00,2026-06-29,1124,13,10,OOS,up,30.478,-4423.96,-51.0,-3965.0,458.96,0,stop_loss,2026-06-29,0,1,3,3,3,0,4,13,0,4,3,4,3,2,0,4,2,2.8217537527684358,3.1170535641046673,1.8210155032400952,3.1170535641046673,0.9052631578947369,0.11080332409972374
84002,2026-06-29 11:50:00,2026-06-29,1124,31,11,OOS,down,27.392,2551.58,56.3,3009.5,457.92,1,next_choch,2026-06-30,0,1,4,4,4,0,4,31,1,4,2,5,4,1,0,4,1,3.5265127315870606,4.526786529159442,2.6540111344346347,4.526786529159442,0.04838709677419355,0.34793814432990344
84093,2026-06-30 13:10:00,2026-06-30,1125,47,13,OOS,down,23.923,-2738.24,-25.1,-2281.5,456.74,0,stop_loss,2026-06-30,0,1,2,2,2,0,2,8,1,2,1,6,2,2,2,2,3,2.29902354200107,5.994181380417396,1.2122124130551095,6.646268057784911,0.458490566037745,0.03921568627452379
84114,2026-06-30 14:55:00,2026-06-30,1125,68,14,OOS,down,28.3,-8431.98,-112.7,-7975.5,456.48,0,stop_loss,2026-07-01,0,1,2,2,2,0,1,11,1,3,2,10,4,2,1,4,4,4.317975427822345,4.317975427822345,1.7667657233315548,5.618315000194344,0.275471698113203,0.10589318600368466
84125,2026-07-01 09:35:00,2026-07-01,1126,4,09,OOS,up,32.799,15034.16,248.4,15496.0,461.84,1,next_choch,2026-07-08,0,1,3,1,3,0,4,22,0,3,2,1,1,1,0,4,2,1.7256676290972728,1.7256676290972728,1.7256676290972728,1.7256676290972728,0.8604240282685219,
84512,2026-07-08 10:35:00,2026-07-08,1131,16,10,OOS,up,24.809,-1762.87,-10.0,-1300.0,462.87,0,next_choch,2026-07-08,0,1,2,2,2,0,1,27,1,2,1,2,2,2,0,2,2,2.982836596986529,3.4262312262683103,1.6042823859467796,3.4262312262683103,0.8823529411764706,0.4071743234738745
84526,2026-07-08 11:45:00,2026-07-08,1131,30,11,OOS,down,20.206,11777.51,198.3,12239.5,461.99,1,next_choch,2026-07-09,0,1,1,1,1,0,3,7,0,3,3,5,3,1,2,3,2,2.721896419468983,4.701457451810062,1.98945883750282,4.701457451810062,0.48631578947369186,0.25810635538258436
84588,2026-07-09 10:40:00,2026-07-09,1132,17,10,OOS,up,39.434,-4651.48,-54.5,-4192.5,458.98,0,stop_loss,2026-07-09,0,1,0,0,0,1,8,0,1,2,4,2,1,1,1,1,2,3.793699820965826,5.39892173718996,3.793699820965826,5.39892173718996,0.713950211366834,0.21551724137931202
84622,2026-07-09 13:30:00,2026-07-09,1132,51,13,OOS,up,24.388,-2396.31,-19.8,-1937.0,459.31,0,stop_loss,2026-07-09,0,1,0,0,0,1,3,0,1,3,4,5,3,1,1,2,2,2.238805970149194,6.367885845497905,1.5294407085451562,8.729703132688266,0.6660403945514246,0.09069493521789095
84634,2026-07-09 14:30:00,2026-07-09,1132,63,14,OOS,up,22.716,-2831.66,-26.5,-2372.5,459.16,0,stop_loss,2026-07-09,0,1,2,2,2,0,1,12,1,4,3,7,5,2,0,3,1,2.764546887243433,3.085903452161829,1.4747184828448419,9.372166119333404,0.6528886801315127,0.026871401151626183
84640,2026-07-09 15:00:00,2026-07-09,1132,69,15,OOS,down,25.49,-13243.86,-186.7,-12785.5,458.36,0,stop_loss,2026-07-10,0,1,3,3,3,0,4,18,0,4,2,8,6,3,0,4,1,4.323297946629661,4.864690974428988,3.142433443965907,8.35236055206402,0.18788163457021947,0.39543057996485736
84649,2026-07-10 09:30:00,2026-07-10,1133,3,09,OOS,up,37.467,-12094.04,-169.0,-11635.0,459.04,0,stop_loss,2026-07-13,0,1,4,1,4,0,3,27,1,4,2,1,1,1,0,5,1,2.3727356921902953,2.3727356921902953,2.3727356921902953,2.3727356921902953,0.8908886389201286,
84755,2026-07-13 12:05:00,2026-07-13,1134,34,12,OOS,up,22.258,-4678.42,-54.9,-4218.5,459.92,0,stop_loss,2026-07-14,0,1,0,0,0,1,3,0,1,2,2,5,2,2,2,2,3,1.9228695683427053,6.909750925493264,1.1231714768357113,6.909750925493264,0.9421326397919515,0.10288675055515621
84803,2026-07-14 09:50:00,2026-07-14,1135,7,09,OOS,down,31.525,-5542.03,-68.2,-5083.0,459.03,0,stop_loss,2026-07-14,0,1,0,0,0,1,7,2,1,1,3,2,1,1,1,1,3,3.1372325104839223,3.1372325104839223,3.1372325104839223,3.1372325104839223,0.060667340748229645,0.4347826086956624
84872,2026-07-15 09:20:00,2026-07-15,1136,1,09,OOS,up,28.986,-8317.75,-110.9,-7858.5,459.25,0,stop_loss,2026-07-15,0,1,1,1,1,0,1,2,0,1,1,1,1,1,2,1,4,4.367655886675494,4.367655886675494,4.367655886675494,4.367655886675494,0.8759873617693739,
84965,2026-07-16 10:50:00,2026-07-16,1137,19,10,OOS,up,22.861,-3326.87,-34.1,-2866.5,460.37,0,stop_loss,2026-07-16,0,1,4,3,4,0,1,67,1,4,1,3,3,3,0,3,0,2.8170615947893745,3.101392345816246,1.7016101869147249,3.101392345816246,0.9055007052186095,0.4439140811455587
84989,2026-07-16 12:50:00,2026-07-16,1137,43,12,OOS,down,19.208,755.3,28.7,1215.5,460.2,1,next_choch,2026-07-16,0,1,5,4,5,0,6,91,0,5,1,4,4,1,0,4,0,2.696807042935421,4.966706407259589,2.696807042935421,5.206191202578106,0.3,0.2906057945566121
85023,2026-07-17 09:25:00,2026-07-17,1138,2,09,OOS,up,24.765,-376.76,11.3,84.5,461.26,0,next_choch,2026-07-20,0,1,3,1,3,0,2,12,0,3,1,1,1,3,0,3,3,4.498356525039833,4.498356525039833,4.498356525039833,4.498356525039833,0.9973070017953387,
85099,2026-07-20 09:30:00,2026-07-20,1139,3,09,OOS,down,32.559,-4399.66,-50.6,-3939.0,460.66,0,stop_loss,2026-07-20,0,1,1,1,1,0,2,18,0,1,1,1,1,1,0,1,1,3.5443675576728015,3.5443675576728015,1.8428254199338425,3.5443675576728015,0.08145580589255924,
85170,2026-07-20 15:25:00,2026-07-20,1139,74,15,OOS,up,16.248,-1235.79,-1.9,-773.5,462.29,0,stop_loss,2026-07-21,0,1,1,1,1,0,1,5,0,1,1,7,2,1,2,1,3,2.1848439529058425,9.964119323252367,0.9231735012278207,9.964119323252367,0.9141445336627466,0.013254786450683887
85184,2026-07-21 10:20:00,2026-07-21,1140,13,10,OOS,down,21.45,14073.56,233.6,14534.0,460.44,1,next_choch,2026-07-27,0,1,2,1,2,0,13,19,1,2,1,1,1,0,0,2,2,3.5338324832865236,4.219153558541338,4.219153558541338,4.219153558541338,0.10718232044199699,0.4193548387097053
85497,2026-07-27 11:25:00,2026-07-27,1144,26,11,OOS,up,22.689,-1984.68,-13.5,-1527.5,457.18,0,next_choch,2026-07-27,0,1,1,1,1,0,1,32,0,1,1,1,1,1,0,1,1,3.6978597369626343,3.6978597369626343,1.4720919572651623,3.6978597369626343,0.9249106078665145,0.2662406815761407
85519,2026-07-27 13:15:00,2026-07-27,1144,48,13,OOS,up,15.763,-2602.14,-23.0,-2145.0,457.14,0,stop_loss,2026-07-27,0,1,5,5,5,0,3,54,0,5,1,5,5,3,0,5,0,2.7787470261696607,6.115781126090266,2.2712133227596683,6.115781126090266,0.8672199170124527,0.20255183413081426
85529,2026-07-27 14:05:00,2026-07-27,1144,58,14,OOS,up,17.539,133.3,19.1,591.5,458.2,1,stop_loss,2026-07-28,0,1,7,7,7,0,1,64,0,5,0,7,7,2,0,7,0,4.24755551754611,4.430000855212562,1.9612873799139916,6.419795319136722,0.97335701598579,0.30864197530864196
85564,2026-07-28 10:45:00,2026-07-28,1145,18,10,OOS,up,20.046,-2277.93,-18.0,-1820.0,457.93,0,next_choch,2026-07-28,0,1,2,2,2,0,2,24,1,4,2,2,2,2,0,2,1,3.277380091287792,3.7363130721074227,1.5863118250068227,3.7363130721074227,0.8771695594125427,0.17622950819672484
85591,2026-07-28 13:00:00,2026-07-28,1145,45,13,OOS,down,14.154,218.24,20.4,676.0,457.76,1,next_choch,2026-07-28,0,1,5,5,5,0,2,51,0,5,1,5,5,1,0,4,0,2.1902090589872754,5.489653028493965,1.5543419128296794,5.489653028493965,0.5624195624195665,0.07407407407407407
85621,2026-07-29 09:15:00,2026-07-29,1146,0,09,OOS,up,35.651,14880.66,246.1,15346.5,465.84,1,next_choch,2026-08-11,0,1,0,0,0,1,2,0,1,1,3,1,0,1,2,2,4,1.4754268499636345,1.4754268499636345,8.184972525083639,1.4754268499636345,0.865019011406868,
86338,2026-08-11 12:45:00,2026-08-11,1155,42,12,OOS,up,14.497,-2481.68,-21.0,-2015.0,466.68,0,stop_loss,2026-08-11,0,1,1,1,1,0,1,6,0,2,3,4,2,2,1,2,2,2.269497675317071,3.4076955975885004,1.5106990604694517,7.587986148476194,0.2909090909090909,0.09044585987259293
86364,2026-08-11 14:55:00,2026-08-11,1155,68,14,OOS,up,13.114,-4561.36,-53.0,-4095.0,466.36,0,stop_loss,2026-08-12,0,1,2,2,2,0,1,18,1,3,3,8,4,2,0,4,3,2.2799713287887524,3.5000228759666205,1.7538240990681855,8.387854386847843,0.36363636363636365,0.1724137931034381
86379,2026-08-12 09:55:00,2026-08-12,1156,8,09,OOS,down,22.278,1198.5,35.6,1664.0,465.5,1,next_choch,2026-08-13,0,1,0,0,0,1,8,1,1,3,2,2,1,1,1,3,2,4.520093543941895,4.520093543941895,4.520093543941895,4.520093543941895,0.009930486593843027,0.2706766917293233
86478,2026-08-13 11:55:00,2026-08-13,1157,32,11,OOS,up,18.485,-1720.12,-9.3,-1254.5,465.62,0,next_choch,2026-08-13,0,1,1,1,1,0,3,17,0,1,1,3,1,1,0,1,2,4.327856791218779,4.57670855671378,2.5372060438520876,4.57670855671378,1.0,0.5282146160962009
86499,2026-08-13 13:40:00,2026-08-13,1157,53,13,OOS,up,17.018,-2357.19,-19.1,-1891.5,465.69,0,next_choch,2026-08-13,0,1,3,3,3,0,1,38,0,3,1,5,3,2,0,3,0,2.3210990844880066,7.262983464372512,1.9979080727238536,7.533288674211536,0.7542901716068587,0.03601108033243984
86513,2026-08-13 14:50:00,2026-08-13,1157,67,14,OOS,down,15.476,-1752.61,-9.8,-1287.0,465.61,0,next_choch,2026-08-13,0,1,4,4,4,0,1,52,1,4,1,6,4,1,0,3,0,2.507107779788012,4.755750840010244,1.2470922719048378,8.283794262083036,0.5834633385335489,0.48424068767907774
86523,2026-08-14 09:25:00,2026-08-14,1158,2,09,OOS,down,19.051,-3454.33,-36.0,-2990.0,464.33,0,next_choch,2026-08-14,0,1,2,1,2,0,2,7,1,4,2,1,1,3,1,5,1,3.674386377474962,3.674386377474962,3.674386377474962,3.674386377474962,0.02857142857142857,
86531,2026-08-14 10:05:00,2026-08-14,1158,10,10,OOS,up,18.656,-2128.64,-15.6,-1664.0,464.64,0,stop_loss,2026-08-14,0,1,3,2,3,0,1,15,0,4,2,2,2,2,0,6,1,4.2185046017614125,4.2185046017614125,0.8361965919627863,4.2185046017614125,0.6060991105463823,0.24188481675391146
86557,2026-08-14 12:15:00,2026-08-14,1158,36,12,OOS,up,15.282,-2674.43,-24.0,-2210.0,464.43,0,stop_loss,2026-08-14,0,1,1,1,1,0,1,9,0,3,2,6,4,1,1,3,2,2.8137678314356758,3.2587357675696422,1.5704750687082842,5.1694804344981025,0.5443037974683544,0.31464968152865713
86599,2026-08-17 09:30:00,2026-08-17,1159,3,09,OOS,down,20.45,-5702.75,-70.6,-5239.0,463.75,0,stop_loss,2026-08-17,0,1,1,1,1,0,3,25,0,2,3,1,1,1,0,1,2,4.161389542247079,4.161389542247079,4.161389542247079,4.161389542247079,0.17038777908343417,
86676,2026-08-18 09:40:00,2026-08-18,1160,5,09,OOS,down,21.957,-780.74,5.1,-318.5,462.24,0,next_choch,2026-08-20,0,1,0,0,0,1,5,2,1,2,4,2,1,1,1,2,2,2.0677248195295905,2.0677248195295905,2.0677248195295905,2.0677248195295905,0.06828193832595694,0.6445783132529711
86832,2026-08-20 10:10:00,2026-08-20,1162,11,10,OOS,up,18.625,-833.08,4.3,-370.5,462.58,0,next_choch,2026-08-21,0,1,0,0,0,1,7,0,1,1,2,2,1,1,1,1,2,3.092634054410952,3.092634054410952,1.7127608738839648,3.092634054410952,0.9427083333333445,0.7165991902834091
86958,2026-08-21 14:25:00,2026-08-21,1163,62,14,OOS,up,11.71,-1886.17,-11.9,-1423.5,462.67,0,stop_loss,2026-08-21,0,1,4,4,4,0,1,23,1,4,1,8,4,2,0,4,2,2.041025465849242,3.3390835027070103,1.0162428051718608,6.020598131479615,0.6368794326241342,0.03333333333333333
86990,2026-08-24 10:50:00,2026-08-24,1164,19,10,OOS,down,11.893,4724.29,89.8,5187.0,462.71,1,next_choch,2026-08-25,0,1,11,4,11,0,1,55,0,5,0,4,4,3,0,8,0,2.2366097704530854,4.347094929790388,1.816194400067144,4.347094929790388,0.20502901353963524,0.02689486552564062
87112,2026-08-25 14:45:00,2026-08-25,1165,66,14,OOS,up,17.529,6406.93,115.7,6870.5,463.57,1,next_choch,2026-08-27,0,1,1,1,1,0,3,21,0,1,1,5,1,1,0,1,1,5.847419433969799,6.206821799179608,3.4342892675608403,6.395080180956156,1.0,0.6292134831460601
87205,2026-08-27 10:00:00,2026-08-27,1167,9,10,OOS,down,20.727,524.36,25.2,988.0,463.64,1,next_choch,2026-08-27,0,1,1,1,1,0,1,27,0,2,3,1,1,1,0,1,1,4.462734956964761,4.462734956964761,1.5631633795207,4.462734956964761,0.14810810810811598,0.5081632653061339
87236,2026-08-27 12:35:00,2026-08-27,1167,40,12,OOS,up,19.784,-4466.92,-51.6,-4004.0,462.92,0,stop_loss,2026-08-27,0,1,1,1,1,0,2,7,0,2,3,5,2,1,1,2,3,2.729478366356652,5.054589567327134,2.6587141124139984,7.228063081277801,0.43356643356643354,0.3132628152970043
87270,2026-08-27 15:25:00,2026-08-27,1167,74,15,OOS,down,20.385,-3855.46,-42.2,-3393.0,462.46,0,stop_loss,2026-08-28,0,1,1,1,1,0,1,27,0,2,3,7,3,1,0,1,1,3.983281988893939,5.204756391892264,2.1682397033142045,7.858642544591209,0.01248439450686636,0.7672955974842434
87282,2026-08-28 10:10:00,2026-08-28,1168,11,10,OOS,up,23.084,-3901.67,-42.9,-3438.5,463.17,0,stop_loss,2026-08-28,0,1,2,1,2,0,6,39,1,3,3,1,1,1,0,2,0,3.833807685809713,3.833807685809713,2.075021335031535,3.833807685809713,0.943502824858757,0.4450386215092107
87333,2026-08-28 14:25:00,2026-08-28,1168,62,14,OOS,up,12.817,-1223.3,-1.7,-760.5,462.8,0,next_choch,2026-08-28,0,1,0,0,0,1,3,0,1,2,4,7,3,1,2,2,3,2.0676310409937115,5.032535929965825,1.279590531030184,10.158700435372934,0.3748079877112058,0.3182389937106681
87345,2026-08-28 15:25:00,2026-08-28,1168,74,15,OOS,up,17.705,-10562.61,-145.4,-10101.0,461.61,0,stop_loss,2026-08-31,0,1,2,2,2,0,3,8,1,3,3,10,5,2,1,3,4,3.8858201452663748,5.297818744563764,2.9200131033470424,7.353688705140845,0.7672811059907902,0.5230296827021289
87351,2026-08-31 09:40:00,2026-08-31,1169,5,09,OOS,down,25.356,-6057.55,-76.1,-5596.5,461.05,0,stop_loss,2026-08-31,0,1,3,1,3,0,5,14,0,3,2,1,1,3,0,4,4,3.119564917317669,3.119564917317669,3.119564917317669,3.119564917317669,0.03792667509481738,0.6574923547401197
87399,2026-08-31 13:40:00,2026-08-31,1169,53,13,OOS,down,14.565,-2282.04,-18.0,-1820.0,462.04,0,stop_loss,2026-08-31,0,1,3,3,3,0,2,10,0,4,3,9,5,3,1,4,3,1.3594139415451507,7.600359764093671,1.2358308559501823,7.600359764093671,0.713640469738026,0.1177142857142725
87422,2026-09-01 09:20:00,2026-09-01,1170,1,09,OOS,down,25.87,-3444.26,-35.9,-2983.5,460.76,0,stop_loss,2026-09-01,0,1,2,1,2,0,1,20,1,4,2,1,1,2,0,5,2,1.4495722795393837,1.4495722795393837,1.4495722795393837,1.4495722795393837,0.04266666666662786,
87466,2026-09-01 13:00:00,2026-09-01,1170,45,13,OOS,down,17.531,7104.9,126.4,7566.0,461.1,1,next_choch,2026-09-03,0,1,2,2,2,0,1,40,1,4,3,4,3,1,0,2,0,3.9072972340898846,7.928676139248087,1.6199597291701957,8.253808901792834,0.46164478230821654,0.48712667353247807
87575,2026-09-03 09:35:00,2026-09-03,1172,4,09,OOS,up,25.395,-3839.28,-42.0,-3380.0,459.28,0,stop_loss,2026-09-03,0,1,0,0,0,1,4,0,1,1,2,2,1,1,2,1,3,2.1027761370349065,2.1027761370349065,2.1027761370349065,2.1027761370349065,0.9625468164794018,
87592,2026-09-03 11:00:00,2026-09-03,1172,21,11,OOS,down,19.428,-2343.9,-19.0,-1885.0,458.9,0,stop_loss,2026-09-03,0,1,1,1,1,0,1,17,0,2,3,3,2,1,0,2,2,3.6750135110791597,4.2411920632061895,1.0088272383355474,4.2411920632061895,0.004854368932056409,0.711598746081457
87608,2026-09-03 12:20:00,2026-09-03,1172,37,12,OOS,down,18.962,-2993.14,-29.0,-2535.0,458.14,0,stop_loss,2026-09-03,0,1,3,3,3,0,1,33,0,4,3,5,4,2,0,3,1,4.308503625576835,6.908371786420568,1.6875411997363219,6.908371786420568,0.022900763358778626,0.47312961011595583
87645,2026-09-03 15:25:00,2026-09-03,1172,74,15,OOS,down,17.465,-5313.13,-64.7,-4855.5,457.63,0,stop_loss,2026-09-04,0,1,0,0,0,1,6,0,1,3,3,9,6,1,1,2,2,3.2979868538578745,4.328607745688486,2.7884020795637663,9.424455488628734,0.009720534629395863,0.5957446808510638
87653,2026-09-04 09:50:00,2026-09-04,1173,7,09,OOS,up,20.29,-2135.65,-15.8,-1677.0,458.65,0,next_choch,2026-09-04,0,1,0,0,0,1,7,1,1,3,4,2,1,1,2,3,3,2.1192914666482667,2.1192914666482667,2.1192914666482667,2.1192914666482667,0.9953488372092854,0.2850393700787172
87708,2026-09-04 14:25:00,2026-09-04,1173,62,14,OOS,up,13.845,-2772.85,-25.6,-2314.0,458.85,0,stop_loss,2026-09-04,0,1,2,2,2,0,3,39,1,2,2,6,3,1,0,2,0,2.390754785120877,5.055976886962802,2.0007222824124757,6.8616829180209455,0.6621052631579101,0.23057953144266616
87715,2026-09-04 15:00:00,2026-09-04,1173,69,15,OOS,down,14.121,-1921.23,-12.5,-1462.5,458.73,0,stop_loss,2026-09-04,0,1,3,3,3,0,4,46,0,3,1,7,4,2,0,3,0,2.669763686964948,2.83264051667363,1.2534434286281328,6.727521227099872,0.34210526315789475,0.13249651324964326
87732,2026-09-07 10:10:00,2026-09-07,1174,11,10,OOS,down,18.097,-924.28,2.8,-468.0,456.28,0,next_choch,2026-09-07,0,1,2,1,2,0,3,14,1,4,2,1,1,1,0,4,1,4.315632425263976,4.315632425263976,1.2930319942532715,4.315632425263976,0.0,0.4432497013142397
87785,2026-09-07 14:35:00,2026-09-07,1174,64,14,OOS,down,13.77,27293.9,436.9,27748.5,454.6,1,next_choch,2026-09-22,0,1,2,2,2,0,1,22,1,2,1,7,3,2,0,2,3,2.781388660939229,4.538819616415277,2.0987501906305295,9.723967146208194,0.19342793129201774,0.0703575547866061
88482,2026-09-22 10:10:00,2026-09-22,1184,11,10,OOS,up,15.954,-2508.87,-21.7,-2060.5,448.37,0,stop_loss,2026-09-22,0,1,3,3,3,0,6,41,0,3,1,3,3,3,0,3,0,2.5761887450010996,2.5761887450010996,1.5544885857914272,2.5761887450010996,0.8613138686132046,0.3303167420814554
88486,2026-09-22 10:30:00,2026-09-22,1184,15,10,OOS,down,17.378,-318.02,12.0,130.0,448.02,0,next_choch,2026-09-23,0,1,4,4,4,0,2,45,1,4,1,4,4,2,0,4,0,3.0786405643982553,3.2282567413595817,2.7909171471647736,3.2282567413595817,0.24064171122995276,0.17730496453899489
88553,2026-09-23 09:50:00,2026-09-23,1185,7,09,OOS,down,25.28,-3528.13,-37.4,-3081.0,447.13,0,stop_loss,2026-09-23,0,1,2,2,2,0,1,28,1,3,2,2,2,2,0,2,1,2.6898627774415447,2.6898627774415447,1.6613858331256601,2.6898627774415447,0.06764705882350801,0.6139896373056836
88560,2026-09-23 10:25:00,2026-09-23,1185,14,10,OOS,up,23.755,175.77,19.6,624.0,448.23,1,next_choch,2026-09-23,0,1,3,3,3,0,2,35,0,3,2,3,3,2,0,3,1,2.5679020661087444,2.862579352383518,1.7680637176486438,2.862579352383518,0.8529411764705882,0.30254777070062294
88615,2026-09-23 15:00:00,2026-09-23,1185,69,15,OOS,down,16.424,14990.15,247.5,15437.5,447.35,1,open,2026-09-25,1,1,1,1,1,0,3,7,0,1,1,12,4,1,1,1,3,3.2818227206859225,3.2818227206859225,1.7900851203741799,6.880259136131711,0.5530973451327433,0.22029988465971836
