run,strategy,choice,table,row,col,value
all-data_1m,ST5,-,headline,setups,,207
all-data_1m,ST5,-,headline,take,,29
all-data_1m,ST5,-,headline,watch,,114
all-data_1m,ST5,-,headline,block,,42
all-data_1m,ST5,-,headline,reenter,,22
all-data_1m,ST5,-,headline.at_setup,TAKE,,29
all-data_1m,ST5,-,headline.at_setup,REENTER,,2
all-data_1m,ST5,-,headline.at_setup,WATCH,,134
all-data_1m,ST5,-,headline.at_setup,BLOCK,,42
all-data_1m,ST5,-,headline,take_trades,,29
all-data_1m,ST5,-,headline,reenter_trades,,22
all-data_1m,ST5,-,headline,priced,,51
all-data_1m,ST5,-,headline,control_pct,,6.2
all-data_1m,ST5,-,headline,control_p_beat,,0.938
all-data_1m,ST5,-,headline,perm_p,,0.4373
all-data_1m,ST5,-,headline,active_sessions,,30
all-data_1m,ST5,-,headline,sessions,,60
all-data_1m,ST5,-,headline,pf_t,,ok
all-data_1m,ST5,-,stats,setups,,207
all-data_1m,ST5,-,stats.gates,TAKE,,29
all-data_1m,ST5,-,stats.gates,REENTER,,22
all-data_1m,ST5,-,stats.gates,WATCH,,114
all-data_1m,ST5,-,stats.gates,BLOCK,,42
all-data_1m,ST5,-,stats.gates_at_setup,TAKE,,29
all-data_1m,ST5,-,stats.gates_at_setup,REENTER,,2
all-data_1m,ST5,-,stats.gates_at_setup,WATCH,,134
all-data_1m,ST5,-,stats.gates_at_setup,BLOCK,,42
all-data_1m,ST5,-,stats.gate_read,TAKE,LEAVE,10
all-data_1m,ST5,-,stats.gate_read,TAKE,ACCEPTED,19
all-data_1m,ST5,-,stats.gate_read,REENTER,PENDING,21
all-data_1m,ST5,-,stats.gate_read,REENTER,ACCEPTED,1
all-data_1m,ST5,-,stats.gate_read,WATCH,RECYCLE,13
all-data_1m,ST5,-,stats.gate_read,WATCH,LEAVE,65
all-data_1m,ST5,-,stats.gate_read,WATCH,HUNT,2
all-data_1m,ST5,-,stats.gate_read,WATCH,PENDING,22
all-data_1m,ST5,-,stats.gate_read,WATCH,ACCEPTED,10
all-data_1m,ST5,-,stats.gate_read,WATCH,REJECT,2
all-data_1m,ST5,-,stats.gate_read,BLOCK,PENDING,14
all-data_1m,ST5,-,stats.gate_read,BLOCK,LEAVE,23
all-data_1m,ST5,-,stats.gate_read,BLOCK,ACCEPTED,3
all-data_1m,ST5,-,stats.gate_read,BLOCK,RECYCLE,2
all-data_1m,ST5,-,stats.block_read,clock,ACCEPTED,2
all-data_1m,ST5,-,stats.block_read,clock,PENDING,2
all-data_1m,ST5,-,stats.block_read,clock,RECYCLE,2
all-data_1m,ST5,-,stats.block_read,clock,LEAVE,2
all-data_1m,ST5,-,stats.block_read,hunt_fade,PENDING,8
all-data_1m,ST5,-,stats.block_read,hunt_fade,LEAVE,15
all-data_1m,ST5,-,stats.block_read,hunt_fade,ACCEPTED,1
all-data_1m,ST5,-,stats.block_read,open_pierce,LEAVE,6
all-data_1m,ST5,-,stats.block_read,open_pierce,PENDING,4
all-data_1m,ST5,-,stats.watch_reason,leave_into_recycle,,55
all-data_1m,ST5,-,stats.branches,TAKE,leave,10
all-data_1m,ST5,-,stats.branches,TAKE,defend,19
all-data_1m,ST5,-,stats.branches,REENTER,watch,2
all-data_1m,ST5,-,stats.take_why,leave_into_recycle,,55
all-data_1m,ST5,-,stats.take_why,accepted_no_defend,,10
all-data_1m,ST5,-,stats.take_why,leave_vol_fail,,10
all-data_1m,ST5,-,stats.by_hour,<09:25,BLOCK,10
all-data_1m,ST5,-,stats.by_hour,<09:25,WATCH,1
all-data_1m,ST5,-,stats.by_hour,09,WATCH,14
all-data_1m,ST5,-,stats.by_hour,09,BLOCK,4
all-data_1m,ST5,-,stats.by_hour,09,REENTER,3
all-data_1m,ST5,-,stats.by_hour,09,TAKE,4
all-data_1m,ST5,-,stats.by_hour,10,WATCH,14
all-data_1m,ST5,-,stats.by_hour,10,REENTER,6
all-data_1m,ST5,-,stats.by_hour,10,TAKE,5
all-data_1m,ST5,-,stats.by_hour,10,BLOCK,3
all-data_1m,ST5,-,stats.by_hour,11,WATCH,16
all-data_1m,ST5,-,stats.by_hour,11,BLOCK,1
all-data_1m,ST5,-,stats.by_hour,11,TAKE,1
all-data_1m,ST5,-,stats.by_hour,11,REENTER,1
all-data_1m,ST5,-,stats.by_hour,12,BLOCK,5
all-data_1m,ST5,-,stats.by_hour,12,WATCH,18
all-data_1m,ST5,-,stats.by_hour,12,TAKE,8
all-data_1m,ST5,-,stats.by_hour,12,REENTER,1
all-data_1m,ST5,-,stats.by_hour,13,BLOCK,7
all-data_1m,ST5,-,stats.by_hour,13,WATCH,23
all-data_1m,ST5,-,stats.by_hour,13,REENTER,4
all-data_1m,ST5,-,stats.by_hour,13,TAKE,5
all-data_1m,ST5,-,stats.by_hour,14,WATCH,20
all-data_1m,ST5,-,stats.by_hour,14,REENTER,6
all-data_1m,ST5,-,stats.by_hour,14,BLOCK,2
all-data_1m,ST5,-,stats.by_hour,14,TAKE,5
all-data_1m,ST5,-,stats.by_hour,15,REENTER,1
all-data_1m,ST5,-,stats.by_hour,15,WATCH,8
all-data_1m,ST5,-,stats.by_hour,15,TAKE,1
all-data_1m,ST5,-,stats.by_hour,15,BLOCK,2
all-data_1m,ST5,-,stats.by_hour,>=15:20,BLOCK,8
all-data_1m,ST5,-,stats.by_visit,1,TAKE,1
all-data_1m,ST5,-,stats.by_visit,2,WATCH,3
all-data_1m,ST5,-,stats.by_visit,2,TAKE,1
all-data_1m,ST5,-,stats.by_visit,2,REENTER,2
all-data_1m,ST5,-,stats.by_visit,3,REENTER,1
all-data_1m,ST5,-,stats.by_visit,4+,WATCH,111
all-data_1m,ST5,-,stats.by_visit,4+,REENTER,19
all-data_1m,ST5,-,stats.by_visit,4+,BLOCK,42
all-data_1m,ST5,-,stats.by_visit,4+,TAKE,24
all-data_1m,ST5,-,stats.by_visit,none,TAKE,3
all-data_1m,ST5,-,stats.by_dir,up,WATCH,59
all-data_1m,ST5,-,stats.by_dir,up,REENTER,13
all-data_1m,ST5,-,stats.by_dir,up,BLOCK,20
all-data_1m,ST5,-,stats.by_dir,up,TAKE,13
all-data_1m,ST5,-,stats.by_dir,down,WATCH,55
all-data_1m,ST5,-,stats.by_dir,down,REENTER,9
all-data_1m,ST5,-,stats.by_dir,down,BLOCK,22
all-data_1m,ST5,-,stats.by_dir,down,TAKE,16
all-data_1m,ST5,-,stats.by_zone_kind,A,WATCH,18
all-data_1m,ST5,-,stats.by_zone_kind,A,REENTER,4
all-data_1m,ST5,-,stats.by_zone_kind,A,TAKE,8
all-data_1m,ST5,-,stats.by_zone_kind,A,BLOCK,6
all-data_1m,ST5,-,stats.by_zone_kind,B,WATCH,96
all-data_1m,ST5,-,stats.by_zone_kind,B,BLOCK,36
all-data_1m,ST5,-,stats.by_zone_kind,B,REENTER,18
all-data_1m,ST5,-,stats.by_zone_kind,B,TAKE,18
all-data_1m,ST5,-,stats.by_zone_kind,none,TAKE,3
all-data_1m,ST5,-,stats.reads_at_setup,LEAVE,,98
all-data_1m,ST5,-,stats.reads_at_setup,PENDING,,57
all-data_1m,ST5,-,stats.reads_at_setup,ACCEPTED,,33
all-data_1m,ST5,-,stats.reads_at_setup,RECYCLE,,15
all-data_1m,ST5,-,stats.reads_at_setup,HUNT,,2
all-data_1m,ST5,-,stats.reads_at_setup,REJECT,,2
all-data_1m,ST5,-,stats,visit_n_median,,19.0
all-data_1m,ST5,-,stats.accepted_revisit,setups,,33
all-data_1m,ST5,-,stats.accepted_revisit,bars,,4845
all-data_1m,ST5,-,stats,accepted_time_only,,33
all-data_1m,ST5,-,stats,vol_na,,152
all-data_1m,ST5,-,stats,first_vol_na,,201
all-data_1m,ST5,-,stats.r4,bars_evaluated,,604
all-data_1m,ST5,-,stats.r4,bars_fail,,270
all-data_1m,ST5,-,stats.r4,bars_na,,1751
all-data_1m,ST5,-,stats.r4,leave_setups,none,73
all-data_1m,ST5,-,stats.r4,leave_setups,true,14
all-data_1m,ST5,-,stats.r4,leave_setups,false,11
all-data_1m,ST5,-,stats.leave_far_side,seeded,,block_list
all-data_1m,ST5,-,stats.leave_far_side,any,,65
all-data_1m,ST5,-,stats.leave_far_side,block_list,,10
all-data_1m,ST5,-,stats.leave_far_side,no_band,,4
all-data_1m,ST5,-,stats.branch1,n,,10
all-data_1m,ST5,-,stats.branch1,far_side_no_band,,4
all-data_1m,ST5,-,stats.branch1,far_side_in_band,,6
all-data_1m,ST5,-,stats.branch1,in_band_visit_n,4+,3
all-data_1m,ST5,-,stats.branch1,in_band_visit_n,1,2
all-data_1m,ST5,-,stats.branch1,in_band_visit_n,3,1
all-data_1m,ST5,-,stats.branch1,in_band_visit_n_median,,8.5
all-data_1m,ST5,-,stats.branch1,in_band_entered_read,ACCEPTED,4
all-data_1m,ST5,-,stats.branch1,in_band_entered_read,FIRST_PRINT,2
all-data_1m,ST5,-,stats.watches,opened,,134
all-data_1m,ST5,-,stats.watches,kinds,WATCH,92
all-data_1m,ST5,-,stats.watches,kinds,WATCH_EDGE,42
all-data_1m,ST5,-,stats.watches,outcomes,cancelled:opposite_leave,35
all-data_1m,ST5,-,stats.watches,outcomes,armed_expired:back_inside,29
all-data_1m,ST5,-,stats.watches,outcomes,replaced,24
all-data_1m,ST5,-,stats.watches,outcomes,reenter,22
all-data_1m,ST5,-,stats.watches,outcomes,armed_expired:session_end,13
all-data_1m,ST5,-,stats.watches,outcomes,armed_expired:opposite_leave,5
all-data_1m,ST5,-,stats.watches,outcomes,cancelled:opposite_take,3
all-data_1m,ST5,-,stats.watches,outcomes,armed_expired:opposite_take,2
all-data_1m,ST5,-,stats.watches,outcomes,cancelled:session_end,1
all-data_1m,ST5,-,stats.watches,armed,,89
all-data_1m,ST5,-,stats.watches,armed_expired,back_inside,29
all-data_1m,ST5,-,stats.watches,armed_expired,session_end,13
all-data_1m,ST5,-,stats.watches,armed_expired,opposite_leave,5
all-data_1m,ST5,-,stats.watches,armed_expired,opposite_take,2
all-data_1m,ST5,-,stats.watches,armed_bars_median,,7
all-data_1m,ST5,-,stats.watches,rearmed_bars_median,,5
all-data_1m,ST5,-,stats.watches,rearmed,,30
all-data_1m,ST5,-,stats.watches,no_same_dir_setup,,19
all-data_1m,ST5,-,stats.watches,clock_1520,,6
all-data_1m,ST5,-,stats.watches,reenter_refused,,0
all-data_1m,ST5,-,stats.watches,reenter_in_position,,0
all-data_1m,ST5,-,stats.positions,TAKE,,29
all-data_1m,ST5,-,stats.positions,REENTER,,22
all-data_1m,ST5,-,stats.positions,reenter_exits,next_choch,11
all-data_1m,ST5,-,stats.positions,reenter_exits,stop_loss,7
all-data_1m,ST5,-,stats.positions,reenter_exits,band_reclaim,4
all-data_1m,ST5,-,stats.positions,reenter_fill,reenter_close,20
all-data_1m,ST5,-,stats.positions,reenter_fill,setup_close,2
all-data_1m,ST5,-,stats.positions,reenter_sl_bar,setup,18
all-data_1m,ST5,-,stats.positions,reenter_sl_bar,fill,4
all-data_1m,ST5,-,stats.positions,reenter_sl_in_band,,18
all-data_1m,ST5,-,stats.positions,reenter_converted_take,,0
all-data_1m,ST5,-,stats.positions,take_refused,,0
all-data_1m,ST5,-,stats,active_sessions,,30
all-data_1m,ST5,-,stats,sessions,,60
all-data_1m,ST5,-,stats,dormant,,"[[""2026-07-03"", ""2026-07-07"", 3], [""2026-07-27"", ""2026-08-11"", 12], [""2026-08-19"", ""2026-08-19"", 1], [""2026-09-07"", ""2026-09-25"", 14]]"
all-data_1m,ST5,-,stats.card,bars,,22500
all-data_1m,ST5,-,stats.card,inside_pct,,94.7
all-data_1m,ST5,-,stats.card,ref_live_pct,,96.2
all-data_1m,ST5,-,stats.card,reads,FIRST_PRINT,1.0
all-data_1m,ST5,-,stats.card,reads,ACCEPTED,21.5
all-data_1m,ST5,-,stats.card,reads,RECYCLE,12.2
all-data_1m,ST5,-,stats.card,reads,THIN,4.0
all-data_1m,ST5,-,stats.card,reads,HUNT,2.1
all-data_1m,ST5,-,stats.card,reads,REJECT,5.4
all-data_1m,ST5,-,stats.card,reads,LEAVE,43.7
all-data_1m,ST5,-,stats.card,reads,PENDING,9.6
all-data_1m,ST5,-,stats.card,reads,NEW,0.4
all-data_1m,ST5,-,stats.card,leave_return_no_visit,,1164
all-data_1m,ST5,-,stats.card,zones_since_memory_start,,124
all-data_1m,ST5,-,stats.card,births_in_window,A,12
all-data_1m,ST5,-,stats.card,births_in_window,B,95
all-data_1m,ST5,-,stats.card,since_memory_start,births_A,14
all-data_1m,ST5,-,stats.card,since_memory_start,births_B,110
all-data_1m,ST5,-,stats.card,since_memory_start,births_B_drift,34
all-data_1m,ST5,-,stats.card,since_memory_start,merges_A,689
all-data_1m,ST5,-,stats.card,since_memory_start,merges_B,859
all-data_1m,ST5,-,bridge.lines,raw_net,label,Foundation net
all-data_1m,ST5,-,bridge.lines,raw_net,n,207
all-data_1m,ST5,-,bridge.lines,raw_net,value,-216468.42
all-data_1m,ST5,-,bridge.lines,avoided_price,label,avoided price move of Foundation positions FZ did not hold
all-data_1m,ST5,-,bridge.lines,avoided_price,n,156
all-data_1m,ST5,-,bridge.lines,avoided_price,value,-37160.5
all-data_1m,ST5,-,bridge.lines,avoided_cost,label,avoided charges + slippage of those positions
all-data_1m,ST5,-,bridge.lines,avoided_cost,n,156
all-data_1m,ST5,-,bridge.lines,avoided_cost,value,173697.53
all-data_1m,ST5,-,bridge.lines,reenter_delta,label,REENTER vs Foundation's exit of the same SETUP
all-data_1m,ST5,-,bridge.lines,reenter_delta,n,22
all-data_1m,ST5,-,bridge.lines,reenter_delta,value,-1091.41
all-data_1m,ST5,-,bridge.lines,reenter_new,label,REENTER with no Foundation position of its own
all-data_1m,ST5,-,bridge.lines,reenter_new,n,0
all-data_1m,ST5,-,bridge.lines,reenter_new,value,0.0
all-data_1m,ST5,-,bridge.lines,fz_net,label,FZ net
all-data_1m,ST5,-,bridge.lines,fz_net,n,51
all-data_1m,ST5,-,bridge.lines,fz_net,value,-81022.8
all-data_1m,ST5,-,bridge,kept,,29
all-data_1m,ST5,-,bridge,replaced,,22
all-data_1m,ST5,-,bridge,avoided,,156
all-data_1m,ST5,-,bridge,selection,,-38251.91
all-data_1m,ST5,-,bridge,costs,,173697.53
all-data_1m,ST5,-,control,scheme,,"session-matched: per session, as many Foundation positions drawn at random as FZ held"
all-data_1m,ST5,-,control,seed,,fz|ST5|all-data_1m|51|<draw>
all-data_1m,ST5,-,control,draws,,2000
all-data_1m,ST5,-,control,k,,51
all-data_1m,ST5,-,control,capped,,0
all-data_1m,ST5,-,control,p5,,-82711.76
all-data_1m,ST5,-,control,p50,,-44993.78
all-data_1m,ST5,-,control,p95,,17550.96
all-data_1m,ST5,-,control,fz_net,,-81022.8
all-data_1m,ST5,-,control,fz_pct,,6.2
all-data_1m,ST5,-,control,p_beat,,0.938
all-data_1m,ST5,-,permutation,kept_n,,51
all-data_1m,ST5,-,permutation,blocked_n,,156
all-data_1m,ST5,-,permutation,kept_mean,,-1567.28
all-data_1m,ST5,-,permutation,blocked_mean,,-875.24
all-data_1m,ST5,-,permutation,diff,,-692.04
all-data_1m,ST5,-,permutation,p,,0.4373
all-data_1m,ST5,-,permutation,draws,,2000
all-data_1m,ST5,-,books.fz,n,,51
all-data_1m,ST5,-,books.fz,net,,-81022.8
all-data_1m,ST5,-,books.fz,mean,,-1588.68
all-data_1m,ST5,-,books.fz,sd,,1733.8
all-data_1m,ST5,-,books.fz,wins,,6
all-data_1m,ST5,-,books.fz,pf,,0.11
all-data_1m,ST5,-,books.fz,t_trade,,-6.54
all-data_1m,ST5,-,books.fz,t_session,,-4.3
all-data_1m,ST5,-,books.fz,sessions,,22
all-data_1m,ST5,-,books.fz,weeks,,7
all-data_1m,ST5,-,books.fz,open,,0
all-data_1m,ST5,-,books.fz,net_ex_open,,-81022.8
all-data_1m,ST5,-,books.fz,ci_inr,,487.64
all-data_1m,ST5,-,books.fz,ci_pts,,7.5
all-data_1m,ST5,-,books.raw,n,,207
all-data_1m,ST5,-,books.raw,net,,-216468.42
all-data_1m,ST5,-,books.raw,mean,,-1045.74
all-data_1m,ST5,-,books.raw,sd,,5161.54
all-data_1m,ST5,-,books.raw,wins,,33
all-data_1m,ST5,-,books.raw,pf,,0.43
all-data_1m,ST5,-,books.raw,t_trade,,-2.91
all-data_1m,ST5,-,books.raw,t_session,,-2.68
all-data_1m,ST5,-,books.raw,sessions,,30
all-data_1m,ST5,-,books.raw,weeks,,8
all-data_1m,ST5,-,books.raw,open,,1
all-data_1m,ST5,-,books.raw,net_ex_open,,-270891.83
all-data_1m,ST5,-,books.raw,ci_inr,,707.3
all-data_1m,ST5,-,books.raw,ci_pts,,10.88
all-data_1m,ST5,-,flags,n,,51
all-data_1m,ST5,-,flags,pf_t,,ok
all-data_1m,ST5,-,flags,ci_inr,,487.64
all-data_1m,ST5,-,flags,ci_pts,,7.5
all-data_1m,ST5,-,flags,weeks,,ok
all-data_1m,ST5,-,flags,sharpe,,ok
all-data_1m,ST5,-,flags,rule,,"n < 10: ledger only, no PF / t; 10 <= n < 30: indicative, with the 95% CI on expectancy; weeks < 4: no week stats; active sessions < 10: no Sharpe / Calmar"
all-data_1m,ST5,-,all_na.gates,TAKE,,30
all-data_1m,ST5,-,all_na.gates,REENTER,,23
all-data_1m,ST5,-,all_na.gates,WATCH,,108
all-data_1m,ST5,-,all_na.gates,BLOCK,,46
all-data_1m,ST5,-,all_na.positions,TAKE,,30
all-data_1m,ST5,-,all_na.positions,REENTER,,23
design-period_1m,ST5,-,headline,setups,,55
design-period_1m,ST5,-,headline,take,,4
design-period_1m,ST5,-,headline,watch,,37
design-period_1m,ST5,-,headline,block,,8
design-period_1m,ST5,-,headline,reenter,,6
design-period_1m,ST5,-,headline.at_setup,TAKE,,4
design-period_1m,ST5,-,headline.at_setup,REENTER,,1
design-period_1m,ST5,-,headline.at_setup,WATCH,,42
design-period_1m,ST5,-,headline.at_setup,BLOCK,,8
design-period_1m,ST5,-,headline,take_trades,,4
design-period_1m,ST5,-,headline,reenter_trades,,6
design-period_1m,ST5,-,headline,priced,,10
design-period_1m,ST5,-,headline,control_pct,,37.0
design-period_1m,ST5,-,headline,control_p_beat,,0.6297
design-period_1m,ST5,-,headline,perm_p,,0.6182
design-period_1m,ST5,-,headline,active_sessions,,8
design-period_1m,ST5,-,headline,sessions,,22
design-period_1m,ST5,-,headline,pf_t,,indicative
design-period_1m,ST5,-,stats,setups,,55
design-period_1m,ST5,-,stats.gates,TAKE,,4
design-period_1m,ST5,-,stats.gates,REENTER,,6
design-period_1m,ST5,-,stats.gates,WATCH,,37
design-period_1m,ST5,-,stats.gates,BLOCK,,8
design-period_1m,ST5,-,stats.gates_at_setup,TAKE,,4
design-period_1m,ST5,-,stats.gates_at_setup,REENTER,,1
design-period_1m,ST5,-,stats.gates_at_setup,WATCH,,42
design-period_1m,ST5,-,stats.gates_at_setup,BLOCK,,8
design-period_1m,ST5,-,stats.gate_read,TAKE,ACCEPTED,3
design-period_1m,ST5,-,stats.gate_read,TAKE,LEAVE,1
design-period_1m,ST5,-,stats.gate_read,REENTER,PENDING,5
design-period_1m,ST5,-,stats.gate_read,REENTER,ACCEPTED,1
design-period_1m,ST5,-,stats.gate_read,WATCH,LEAVE,20
design-period_1m,ST5,-,stats.gate_read,WATCH,ACCEPTED,5
design-period_1m,ST5,-,stats.gate_read,WATCH,PENDING,9
design-period_1m,ST5,-,stats.gate_read,WATCH,RECYCLE,3
design-period_1m,ST5,-,stats.gate_read,BLOCK,RECYCLE,1
design-period_1m,ST5,-,stats.gate_read,BLOCK,PENDING,2
design-period_1m,ST5,-,stats.gate_read,BLOCK,LEAVE,4
design-period_1m,ST5,-,stats.gate_read,BLOCK,ACCEPTED,1
design-period_1m,ST5,-,stats.block_read,clock,RECYCLE,1
design-period_1m,ST5,-,stats.block_read,clock,LEAVE,2
design-period_1m,ST5,-,stats.block_read,clock,ACCEPTED,1
design-period_1m,ST5,-,stats.block_read,hunt_fade,PENDING,2
design-period_1m,ST5,-,stats.block_read,open_pierce,LEAVE,2
design-period_1m,ST5,-,stats.watch_reason,leave_into_recycle,,10
design-period_1m,ST5,-,stats.branches,TAKE,defend,3
design-period_1m,ST5,-,stats.branches,TAKE,leave,1
design-period_1m,ST5,-,stats.branches,REENTER,watch,1
design-period_1m,ST5,-,stats.take_why,leave_into_recycle,,10
design-period_1m,ST5,-,stats.take_why,leave_vol_fail,,10
design-period_1m,ST5,-,stats.take_why,accepted_no_defend,,5
design-period_1m,ST5,-,stats.by_hour,<09:25,WATCH,1
design-period_1m,ST5,-,stats.by_hour,<09:25,BLOCK,2
design-period_1m,ST5,-,stats.by_hour,09,WATCH,2
design-period_1m,ST5,-,stats.by_hour,09,TAKE,1
design-period_1m,ST5,-,stats.by_hour,09,REENTER,1
design-period_1m,ST5,-,stats.by_hour,10,WATCH,2
design-period_1m,ST5,-,stats.by_hour,11,REENTER,1
design-period_1m,ST5,-,stats.by_hour,11,WATCH,2
design-period_1m,ST5,-,stats.by_hour,12,WATCH,5
design-period_1m,ST5,-,stats.by_hour,12,TAKE,3
design-period_1m,ST5,-,stats.by_hour,12,BLOCK,1
design-period_1m,ST5,-,stats.by_hour,13,WATCH,13
design-period_1m,ST5,-,stats.by_hour,13,REENTER,3
design-period_1m,ST5,-,stats.by_hour,14,WATCH,10
design-period_1m,ST5,-,stats.by_hour,14,REENTER,1
design-period_1m,ST5,-,stats.by_hour,15,BLOCK,1
design-period_1m,ST5,-,stats.by_hour,15,WATCH,2
design-period_1m,ST5,-,stats.by_hour,>=15:20,BLOCK,4
design-period_1m,ST5,-,stats.by_visit,2,WATCH,1
design-period_1m,ST5,-,stats.by_visit,4+,WATCH,36
design-period_1m,ST5,-,stats.by_visit,4+,TAKE,4
design-period_1m,ST5,-,stats.by_visit,4+,BLOCK,8
design-period_1m,ST5,-,stats.by_visit,4+,REENTER,6
design-period_1m,ST5,-,stats.by_dir,up,WATCH,20
design-period_1m,ST5,-,stats.by_dir,up,TAKE,1
design-period_1m,ST5,-,stats.by_dir,up,BLOCK,2
design-period_1m,ST5,-,stats.by_dir,up,REENTER,2
design-period_1m,ST5,-,stats.by_dir,down,WATCH,17
design-period_1m,ST5,-,stats.by_dir,down,TAKE,3
design-period_1m,ST5,-,stats.by_dir,down,BLOCK,6
design-period_1m,ST5,-,stats.by_dir,down,REENTER,4
design-period_1m,ST5,-,stats.by_zone_kind,A,WATCH,5
design-period_1m,ST5,-,stats.by_zone_kind,B,WATCH,32
design-period_1m,ST5,-,stats.by_zone_kind,B,TAKE,4
design-period_1m,ST5,-,stats.by_zone_kind,B,BLOCK,8
design-period_1m,ST5,-,stats.by_zone_kind,B,REENTER,6
design-period_1m,ST5,-,stats.reads_at_setup,LEAVE,,25
design-period_1m,ST5,-,stats.reads_at_setup,PENDING,,16
design-period_1m,ST5,-,stats.reads_at_setup,ACCEPTED,,10
design-period_1m,ST5,-,stats.reads_at_setup,RECYCLE,,4
design-period_1m,ST5,-,stats,visit_n_median,,19
design-period_1m,ST5,-,stats.accepted_revisit,setups,,10
design-period_1m,ST5,-,stats.accepted_revisit,bars,,1361
design-period_1m,ST5,-,stats,accepted_time_only,,10
design-period_1m,ST5,-,stats,vol_na,,0
design-period_1m,ST5,-,stats,first_vol_na,,52
design-period_1m,ST5,-,stats.r4,bars_evaluated,,604
design-period_1m,ST5,-,stats.r4,bars_fail,,270
design-period_1m,ST5,-,stats.r4,bars_na,,0
design-period_1m,ST5,-,stats.r4,leave_setups,true,14
design-period_1m,ST5,-,stats.r4,leave_setups,false,11
design-period_1m,ST5,-,stats.leave_far_side,seeded,,block_list
design-period_1m,ST5,-,stats.leave_far_side,any,,11
design-period_1m,ST5,-,stats.leave_far_side,block_list,,1
design-period_1m,ST5,-,stats.leave_far_side,no_band,,0
design-period_1m,ST5,-,stats.branch1,n,,1
design-period_1m,ST5,-,stats.branch1,far_side_no_band,,0
design-period_1m,ST5,-,stats.branch1,far_side_in_band,,1
design-period_1m,ST5,-,stats.branch1,in_band_visit_n,3,1
design-period_1m,ST5,-,stats.branch1,in_band_visit_n_median,,3
design-period_1m,ST5,-,stats.branch1,in_band_entered_read,ACCEPTED,1
design-period_1m,ST5,-,stats.watches,opened,,42
design-period_1m,ST5,-,stats.watches,kinds,WATCH,28
design-period_1m,ST5,-,stats.watches,kinds,WATCH_EDGE,14
design-period_1m,ST5,-,stats.watches,outcomes,replaced,11
design-period_1m,ST5,-,stats.watches,outcomes,armed_expired:back_inside,9
design-period_1m,ST5,-,stats.watches,outcomes,cancelled:opposite_leave,9
design-period_1m,ST5,-,stats.watches,outcomes,reenter,6
design-period_1m,ST5,-,stats.watches,outcomes,armed_expired:session_end,5
design-period_1m,ST5,-,stats.watches,outcomes,armed_expired:opposite_leave,1
design-period_1m,ST5,-,stats.watches,outcomes,cancelled:opposite_take,1
design-period_1m,ST5,-,stats.watches,armed,,29
design-period_1m,ST5,-,stats.watches,armed_expired,back_inside,9
design-period_1m,ST5,-,stats.watches,armed_expired,session_end,5
design-period_1m,ST5,-,stats.watches,armed_expired,opposite_leave,1
design-period_1m,ST5,-,stats.watches,armed_bars_median,,6
design-period_1m,ST5,-,stats.watches,rearmed_bars_median,,5
design-period_1m,ST5,-,stats.watches,rearmed,,11
design-period_1m,ST5,-,stats.watches,no_same_dir_setup,,4
design-period_1m,ST5,-,stats.watches,clock_1520,,4
design-period_1m,ST5,-,stats.watches,reenter_refused,,0
design-period_1m,ST5,-,stats.watches,reenter_in_position,,0
design-period_1m,ST5,-,stats.positions,TAKE,,4
design-period_1m,ST5,-,stats.positions,REENTER,,6
design-period_1m,ST5,-,stats.positions,reenter_exits,next_choch,4
design-period_1m,ST5,-,stats.positions,reenter_exits,stop_loss,2
design-period_1m,ST5,-,stats.positions,reenter_fill,reenter_close,5
design-period_1m,ST5,-,stats.positions,reenter_fill,setup_close,1
design-period_1m,ST5,-,stats.positions,reenter_sl_bar,setup,6
design-period_1m,ST5,-,stats.positions,reenter_sl_in_band,,4
design-period_1m,ST5,-,stats.positions,reenter_converted_take,,0
design-period_1m,ST5,-,stats.positions,take_refused,,0
design-period_1m,ST5,-,stats,active_sessions,,8
design-period_1m,ST5,-,stats,sessions,,22
design-period_1m,ST5,-,stats,dormant,,"[[""2026-09-07"", ""2026-09-25"", 14]]"
design-period_1m,ST5,-,stats.card,bars,,8250
design-period_1m,ST5,-,stats.card,inside_pct,,93.5
design-period_1m,ST5,-,stats.card,ref_live_pct,,95.5
design-period_1m,ST5,-,stats.card,reads,FIRST_PRINT,1.6
design-period_1m,ST5,-,stats.card,reads,ACCEPTED,16.5
design-period_1m,ST5,-,stats.card,reads,RECYCLE,10.2
design-period_1m,ST5,-,stats.card,reads,THIN,10.8
design-period_1m,ST5,-,stats.card,reads,HUNT,0.9
design-period_1m,ST5,-,stats.card,reads,REJECT,6.9
design-period_1m,ST5,-,stats.card,reads,LEAVE,42.9
design-period_1m,ST5,-,stats.card,reads,PENDING,9.8
design-period_1m,ST5,-,stats.card,reads,NEW,0.3
design-period_1m,ST5,-,stats.card,leave_return_no_visit,,396
design-period_1m,ST5,-,stats.card,zones_since_memory_start,,124
design-period_1m,ST5,-,stats.card,births_in_window,A,1
design-period_1m,ST5,-,stats.card,births_in_window,B,53
design-period_1m,ST5,-,stats.card,since_memory_start,births_A,14
design-period_1m,ST5,-,stats.card,since_memory_start,births_B,110
design-period_1m,ST5,-,stats.card,since_memory_start,births_B_drift,34
design-period_1m,ST5,-,stats.card,since_memory_start,merges_A,689
design-period_1m,ST5,-,stats.card,since_memory_start,merges_B,859
design-period_1m,ST5,-,bridge.lines,raw_net,label,Foundation net
design-period_1m,ST5,-,bridge.lines,raw_net,n,55
design-period_1m,ST5,-,bridge.lines,raw_net,value,-16984.83
design-period_1m,ST5,-,bridge.lines,avoided_price,label,avoided price move of Foundation positions FZ did not hold
design-period_1m,ST5,-,bridge.lines,avoided_price,n,45
design-period_1m,ST5,-,bridge.lines,avoided_price,value,-46455.5
design-period_1m,ST5,-,bridge.lines,avoided_cost,label,avoided charges + slippage of those positions
design-period_1m,ST5,-,bridge.lines,avoided_cost,n,45
design-period_1m,ST5,-,bridge.lines,avoided_cost,value,49994.19
design-period_1m,ST5,-,bridge.lines,reenter_delta,label,REENTER vs Foundation's exit of the same SETUP
design-period_1m,ST5,-,bridge.lines,reenter_delta,n,6
design-period_1m,ST5,-,bridge.lines,reenter_delta,value,-890.44
design-period_1m,ST5,-,bridge.lines,reenter_new,label,REENTER with no Foundation position of its own
design-period_1m,ST5,-,bridge.lines,reenter_new,n,0
design-period_1m,ST5,-,bridge.lines,reenter_new,value,0.0
design-period_1m,ST5,-,bridge.lines,fz_net,label,FZ net
design-period_1m,ST5,-,bridge.lines,fz_net,n,10
design-period_1m,ST5,-,bridge.lines,fz_net,value,-14336.58
design-period_1m,ST5,-,bridge,kept,,4
design-period_1m,ST5,-,bridge,replaced,,6
design-period_1m,ST5,-,bridge,avoided,,45
design-period_1m,ST5,-,bridge,selection,,-47345.94
design-period_1m,ST5,-,bridge,costs,,49994.19
design-period_1m,ST5,-,control,scheme,,"session-matched: per session, as many Foundation positions drawn at random as FZ held"
design-period_1m,ST5,-,control,seed,,fz|ST5|design-period_1m|10|<draw>
design-period_1m,ST5,-,control,draws,,2000
design-period_1m,ST5,-,control,k,,10
design-period_1m,ST5,-,control,capped,,0
design-period_1m,ST5,-,control,p5,,-22284.65
design-period_1m,ST5,-,control,p50,,-12627.26
design-period_1m,ST5,-,control,p95,,45607.7
design-period_1m,ST5,-,control,fz_net,,-14336.58
design-period_1m,ST5,-,control,fz_pct,,37.0
design-period_1m,ST5,-,control,p_beat,,0.6297
design-period_1m,ST5,-,permutation,kept_n,,10
design-period_1m,ST5,-,permutation,blocked_n,,45
design-period_1m,ST5,-,permutation,kept_mean,,-1344.61
design-period_1m,ST5,-,permutation,blocked_mean,,-78.64
design-period_1m,ST5,-,permutation,diff,,-1265.98
design-period_1m,ST5,-,permutation,p,,0.6182
design-period_1m,ST5,-,permutation,draws,,2000
design-period_1m,ST5,-,books.fz,n,,10
design-period_1m,ST5,-,books.fz,net,,-14336.58
design-period_1m,ST5,-,books.fz,mean,,-1433.66
design-period_1m,ST5,-,books.fz,sd,,1075.2
design-period_1m,ST5,-,books.fz,wins,,2
design-period_1m,ST5,-,books.fz,pf,,0.06
design-period_1m,ST5,-,books.fz,t_trade,,-4.22
design-period_1m,ST5,-,books.fz,t_session,,-8.2
design-period_1m,ST5,-,books.fz,sessions,,6
design-period_1m,ST5,-,books.fz,weeks,,2
design-period_1m,ST5,-,books.fz,open,,0
design-period_1m,ST5,-,books.fz,net_ex_open,,-14336.58
design-period_1m,ST5,-,books.fz,ci_inr,,769.15
design-period_1m,ST5,-,books.fz,ci_pts,,11.83
design-period_1m,ST5,-,books.raw,n,,55
design-period_1m,ST5,-,books.raw,net,,-16984.83
design-period_1m,ST5,-,books.raw,mean,,-308.82
design-period_1m,ST5,-,books.raw,sd,,8022.36
design-period_1m,ST5,-,books.raw,wins,,11
design-period_1m,ST5,-,books.raw,pf,,0.82
design-period_1m,ST5,-,books.raw,t_trade,,-0.29
design-period_1m,ST5,-,books.raw,t_session,,-0.3
design-period_1m,ST5,-,books.raw,sessions,,8
design-period_1m,ST5,-,books.raw,weeks,,3
design-period_1m,ST5,-,books.raw,open,,1
design-period_1m,ST5,-,books.raw,net_ex_open,,-71408.24
design-period_1m,ST5,-,books.raw,ci_inr,,2168.75
design-period_1m,ST5,-,books.raw,ci_pts,,33.37
design-period_1m,ST5,-,flags,n,,10
design-period_1m,ST5,-,flags,pf_t,,indicative
design-period_1m,ST5,-,flags,ci_inr,,769.15
design-period_1m,ST5,-,flags,ci_pts,,11.83
design-period_1m,ST5,-,flags,weeks,,suppressed
design-period_1m,ST5,-,flags,sharpe,,suppressed
design-period_1m,ST5,-,flags,rule,,"n < 10: ledger only, no PF / t; 10 <= n < 30: indicative, with the 95% CI on expectancy; weeks < 4: no week stats; active sessions < 10: no Sharpe / Calmar"
design-period_1m,ST5,-,all_na.gates,TAKE,,5
design-period_1m,ST5,-,all_na.gates,REENTER,,7
design-period_1m,ST5,-,all_na.gates,WATCH,,31
design-period_1m,ST5,-,all_na.gates,BLOCK,,12
design-period_1m,ST5,-,all_na.positions,TAKE,,5
design-period_1m,ST5,-,all_na.positions,REENTER,,7
unseen-test_1m,ST5,-,headline,setups,,152
unseen-test_1m,ST5,-,headline,take,,25
unseen-test_1m,ST5,-,headline,watch,,77
unseen-test_1m,ST5,-,headline,block,,34
unseen-test_1m,ST5,-,headline,reenter,,16
unseen-test_1m,ST5,-,headline.at_setup,TAKE,,25
unseen-test_1m,ST5,-,headline.at_setup,REENTER,,1
unseen-test_1m,ST5,-,headline.at_setup,WATCH,,92
unseen-test_1m,ST5,-,headline.at_setup,BLOCK,,34
unseen-test_1m,ST5,-,headline,take_trades,,25
unseen-test_1m,ST5,-,headline,reenter_trades,,16
unseen-test_1m,ST5,-,headline,priced,,41
unseen-test_1m,ST5,-,headline,control_pct,,6.5
unseen-test_1m,ST5,-,headline,control_p_beat,,0.935
unseen-test_1m,ST5,-,headline,perm_p,,0.5362
unseen-test_1m,ST5,-,headline,active_sessions,,22
unseen-test_1m,ST5,-,headline,sessions,,35
unseen-test_1m,ST5,-,headline,pf_t,,ok
unseen-test_1m,ST5,-,stats,setups,,152
unseen-test_1m,ST5,-,stats.gates,TAKE,,25
unseen-test_1m,ST5,-,stats.gates,REENTER,,16
unseen-test_1m,ST5,-,stats.gates,WATCH,,77
unseen-test_1m,ST5,-,stats.gates,BLOCK,,34
unseen-test_1m,ST5,-,stats.gates_at_setup,TAKE,,25
unseen-test_1m,ST5,-,stats.gates_at_setup,REENTER,,1
unseen-test_1m,ST5,-,stats.gates_at_setup,WATCH,,92
unseen-test_1m,ST5,-,stats.gates_at_setup,BLOCK,,34
unseen-test_1m,ST5,-,stats.gate_read,TAKE,LEAVE,9
unseen-test_1m,ST5,-,stats.gate_read,TAKE,ACCEPTED,16
unseen-test_1m,ST5,-,stats.gate_read,REENTER,PENDING,16
unseen-test_1m,ST5,-,stats.gate_read,WATCH,RECYCLE,10
unseen-test_1m,ST5,-,stats.gate_read,WATCH,LEAVE,45
unseen-test_1m,ST5,-,stats.gate_read,WATCH,HUNT,2
unseen-test_1m,ST5,-,stats.gate_read,WATCH,PENDING,13
unseen-test_1m,ST5,-,stats.gate_read,WATCH,ACCEPTED,5
unseen-test_1m,ST5,-,stats.gate_read,WATCH,REJECT,2
unseen-test_1m,ST5,-,stats.gate_read,BLOCK,PENDING,12
unseen-test_1m,ST5,-,stats.gate_read,BLOCK,LEAVE,19
unseen-test_1m,ST5,-,stats.gate_read,BLOCK,ACCEPTED,2
unseen-test_1m,ST5,-,stats.gate_read,BLOCK,RECYCLE,1
unseen-test_1m,ST5,-,stats.block_read,clock,ACCEPTED,1
unseen-test_1m,ST5,-,stats.block_read,clock,PENDING,2
unseen-test_1m,ST5,-,stats.block_read,clock,RECYCLE,1
unseen-test_1m,ST5,-,stats.block_read,hunt_fade,PENDING,6
unseen-test_1m,ST5,-,stats.block_read,hunt_fade,LEAVE,15
unseen-test_1m,ST5,-,stats.block_read,hunt_fade,ACCEPTED,1
unseen-test_1m,ST5,-,stats.block_read,open_pierce,LEAVE,4
unseen-test_1m,ST5,-,stats.block_read,open_pierce,PENDING,4
unseen-test_1m,ST5,-,stats.watch_reason,leave_into_recycle,,45
unseen-test_1m,ST5,-,stats.branches,TAKE,leave,9
unseen-test_1m,ST5,-,stats.branches,TAKE,defend,16
unseen-test_1m,ST5,-,stats.branches,REENTER,watch,1
unseen-test_1m,ST5,-,stats.take_why,leave_into_recycle,,45
unseen-test_1m,ST5,-,stats.take_why,accepted_no_defend,,5
unseen-test_1m,ST5,-,stats.by_hour,<09:25,BLOCK,8
unseen-test_1m,ST5,-,stats.by_hour,09,WATCH,12
unseen-test_1m,ST5,-,stats.by_hour,09,BLOCK,4
unseen-test_1m,ST5,-,stats.by_hour,09,REENTER,2
unseen-test_1m,ST5,-,stats.by_hour,09,TAKE,3
unseen-test_1m,ST5,-,stats.by_hour,10,WATCH,12
unseen-test_1m,ST5,-,stats.by_hour,10,REENTER,6
unseen-test_1m,ST5,-,stats.by_hour,10,TAKE,5
unseen-test_1m,ST5,-,stats.by_hour,10,BLOCK,3
unseen-test_1m,ST5,-,stats.by_hour,11,WATCH,14
unseen-test_1m,ST5,-,stats.by_hour,11,BLOCK,1
unseen-test_1m,ST5,-,stats.by_hour,11,TAKE,1
unseen-test_1m,ST5,-,stats.by_hour,12,BLOCK,4
unseen-test_1m,ST5,-,stats.by_hour,12,WATCH,13
unseen-test_1m,ST5,-,stats.by_hour,12,TAKE,5
unseen-test_1m,ST5,-,stats.by_hour,12,REENTER,1
unseen-test_1m,ST5,-,stats.by_hour,13,BLOCK,7
unseen-test_1m,ST5,-,stats.by_hour,13,WATCH,10
unseen-test_1m,ST5,-,stats.by_hour,13,REENTER,1
unseen-test_1m,ST5,-,stats.by_hour,13,TAKE,5
unseen-test_1m,ST5,-,stats.by_hour,14,WATCH,10
unseen-test_1m,ST5,-,stats.by_hour,14,REENTER,5
unseen-test_1m,ST5,-,stats.by_hour,14,BLOCK,2
unseen-test_1m,ST5,-,stats.by_hour,14,TAKE,5
unseen-test_1m,ST5,-,stats.by_hour,15,REENTER,1
unseen-test_1m,ST5,-,stats.by_hour,15,WATCH,6
unseen-test_1m,ST5,-,stats.by_hour,15,TAKE,1
unseen-test_1m,ST5,-,stats.by_hour,15,BLOCK,1
unseen-test_1m,ST5,-,stats.by_hour,>=15:20,BLOCK,4
unseen-test_1m,ST5,-,stats.by_visit,1,TAKE,1
unseen-test_1m,ST5,-,stats.by_visit,2,WATCH,2
unseen-test_1m,ST5,-,stats.by_visit,2,TAKE,1
unseen-test_1m,ST5,-,stats.by_visit,2,REENTER,2
unseen-test_1m,ST5,-,stats.by_visit,3,REENTER,1
unseen-test_1m,ST5,-,stats.by_visit,4+,WATCH,75
unseen-test_1m,ST5,-,stats.by_visit,4+,REENTER,13
unseen-test_1m,ST5,-,stats.by_visit,4+,BLOCK,34
unseen-test_1m,ST5,-,stats.by_visit,4+,TAKE,20
unseen-test_1m,ST5,-,stats.by_visit,none,TAKE,3
unseen-test_1m,ST5,-,stats.by_dir,up,WATCH,39
unseen-test_1m,ST5,-,stats.by_dir,up,REENTER,11
unseen-test_1m,ST5,-,stats.by_dir,up,BLOCK,18
unseen-test_1m,ST5,-,stats.by_dir,up,TAKE,12
unseen-test_1m,ST5,-,stats.by_dir,down,WATCH,38
unseen-test_1m,ST5,-,stats.by_dir,down,REENTER,5
unseen-test_1m,ST5,-,stats.by_dir,down,BLOCK,16
unseen-test_1m,ST5,-,stats.by_dir,down,TAKE,13
unseen-test_1m,ST5,-,stats.by_zone_kind,A,WATCH,13
unseen-test_1m,ST5,-,stats.by_zone_kind,A,REENTER,4
unseen-test_1m,ST5,-,stats.by_zone_kind,A,TAKE,8
unseen-test_1m,ST5,-,stats.by_zone_kind,A,BLOCK,6
unseen-test_1m,ST5,-,stats.by_zone_kind,B,WATCH,64
unseen-test_1m,ST5,-,stats.by_zone_kind,B,BLOCK,28
unseen-test_1m,ST5,-,stats.by_zone_kind,B,REENTER,12
unseen-test_1m,ST5,-,stats.by_zone_kind,B,TAKE,14
unseen-test_1m,ST5,-,stats.by_zone_kind,none,TAKE,3
unseen-test_1m,ST5,-,stats.reads_at_setup,LEAVE,,73
unseen-test_1m,ST5,-,stats.reads_at_setup,PENDING,,41
unseen-test_1m,ST5,-,stats.reads_at_setup,ACCEPTED,,23
unseen-test_1m,ST5,-,stats.reads_at_setup,RECYCLE,,11
unseen-test_1m,ST5,-,stats.reads_at_setup,HUNT,,2
unseen-test_1m,ST5,-,stats.reads_at_setup,REJECT,,2
unseen-test_1m,ST5,-,stats,visit_n_median,,19
unseen-test_1m,ST5,-,stats.accepted_revisit,setups,,23
unseen-test_1m,ST5,-,stats.accepted_revisit,bars,,3353
unseen-test_1m,ST5,-,stats,accepted_time_only,,23
unseen-test_1m,ST5,-,stats,vol_na,,152
unseen-test_1m,ST5,-,stats,first_vol_na,,149
unseen-test_1m,ST5,-,stats.r4,bars_evaluated,,0
unseen-test_1m,ST5,-,stats.r4,bars_fail,,0
unseen-test_1m,ST5,-,stats.r4,bars_na,,1751
unseen-test_1m,ST5,-,stats.r4,leave_setups,none,73
unseen-test_1m,ST5,-,stats.leave_far_side,seeded,,block_list
unseen-test_1m,ST5,-,stats.leave_far_side,any,,54
unseen-test_1m,ST5,-,stats.leave_far_side,block_list,,9
unseen-test_1m,ST5,-,stats.leave_far_side,no_band,,4
unseen-test_1m,ST5,-,stats.branch1,n,,9
unseen-test_1m,ST5,-,stats.branch1,far_side_no_band,,4
unseen-test_1m,ST5,-,stats.branch1,far_side_in_band,,5
unseen-test_1m,ST5,-,stats.branch1,in_band_visit_n,4+,3
unseen-test_1m,ST5,-,stats.branch1,in_band_visit_n,1,2
unseen-test_1m,ST5,-,stats.branch1,in_band_visit_n_median,,14
unseen-test_1m,ST5,-,stats.branch1,in_band_entered_read,ACCEPTED,3
unseen-test_1m,ST5,-,stats.branch1,in_band_entered_read,FIRST_PRINT,2
unseen-test_1m,ST5,-,stats.watches,opened,,92
unseen-test_1m,ST5,-,stats.watches,kinds,WATCH,64
unseen-test_1m,ST5,-,stats.watches,kinds,WATCH_EDGE,28
unseen-test_1m,ST5,-,stats.watches,outcomes,cancelled:opposite_leave,26
unseen-test_1m,ST5,-,stats.watches,outcomes,armed_expired:back_inside,20
unseen-test_1m,ST5,-,stats.watches,outcomes,reenter,16
unseen-test_1m,ST5,-,stats.watches,outcomes,replaced,13
unseen-test_1m,ST5,-,stats.watches,outcomes,armed_expired:session_end,8
unseen-test_1m,ST5,-,stats.watches,outcomes,armed_expired:opposite_leave,4
unseen-test_1m,ST5,-,stats.watches,outcomes,armed_expired:opposite_take,2
unseen-test_1m,ST5,-,stats.watches,outcomes,cancelled:opposite_take,2
unseen-test_1m,ST5,-,stats.watches,outcomes,cancelled:session_end,1
unseen-test_1m,ST5,-,stats.watches,armed,,60
unseen-test_1m,ST5,-,stats.watches,armed_expired,back_inside,20
unseen-test_1m,ST5,-,stats.watches,armed_expired,session_end,8
unseen-test_1m,ST5,-,stats.watches,armed_expired,opposite_leave,4
unseen-test_1m,ST5,-,stats.watches,armed_expired,opposite_take,2
unseen-test_1m,ST5,-,stats.watches,armed_bars_median,,7.5
unseen-test_1m,ST5,-,stats.watches,rearmed_bars_median,,5.5
unseen-test_1m,ST5,-,stats.watches,rearmed,,19
unseen-test_1m,ST5,-,stats.watches,no_same_dir_setup,,15
unseen-test_1m,ST5,-,stats.watches,clock_1520,,2
unseen-test_1m,ST5,-,stats.watches,reenter_refused,,0
unseen-test_1m,ST5,-,stats.watches,reenter_in_position,,0
unseen-test_1m,ST5,-,stats.positions,TAKE,,25
unseen-test_1m,ST5,-,stats.positions,REENTER,,16
unseen-test_1m,ST5,-,stats.positions,reenter_exits,next_choch,7
unseen-test_1m,ST5,-,stats.positions,reenter_exits,stop_loss,5
unseen-test_1m,ST5,-,stats.positions,reenter_exits,band_reclaim,4
unseen-test_1m,ST5,-,stats.positions,reenter_fill,reenter_close,15
unseen-test_1m,ST5,-,stats.positions,reenter_fill,setup_close,1
unseen-test_1m,ST5,-,stats.positions,reenter_sl_bar,setup,12
unseen-test_1m,ST5,-,stats.positions,reenter_sl_bar,fill,4
unseen-test_1m,ST5,-,stats.positions,reenter_sl_in_band,,14
unseen-test_1m,ST5,-,stats.positions,reenter_converted_take,,0
unseen-test_1m,ST5,-,stats.positions,take_refused,,0
unseen-test_1m,ST5,-,stats,active_sessions,,22
unseen-test_1m,ST5,-,stats,sessions,,35
unseen-test_1m,ST5,-,stats,dormant,,"[[""2026-07-27"", ""2026-08-11"", 12], [""2026-08-19"", ""2026-08-19"", 1]]"
unseen-test_1m,ST5,-,stats.card,bars,,13125
unseen-test_1m,ST5,-,stats.card,inside_pct,,96.6
unseen-test_1m,ST5,-,stats.card,ref_live_pct,,97.4
unseen-test_1m,ST5,-,stats.card,reads,FIRST_PRINT,0.2
unseen-test_1m,ST5,-,stats.card,reads,ACCEPTED,25.5
unseen-test_1m,ST5,-,stats.card,reads,RECYCLE,13.0
unseen-test_1m,ST5,-,stats.card,reads,THIN,0.0
unseen-test_1m,ST5,-,stats.card,reads,HUNT,2.8
unseen-test_1m,ST5,-,stats.card,reads,REJECT,4.5
unseen-test_1m,ST5,-,stats.card,reads,LEAVE,44.3
unseen-test_1m,ST5,-,stats.card,reads,PENDING,9.3
unseen-test_1m,ST5,-,stats.card,reads,NEW,0.3
unseen-test_1m,ST5,-,stats.card,leave_return_no_visit,,710
unseen-test_1m,ST5,-,stats.card,zones_since_memory_start,,70
unseen-test_1m,ST5,-,stats.card,births_in_window,A,11
unseen-test_1m,ST5,-,stats.card,births_in_window,B,27
unseen-test_1m,ST5,-,stats.card,since_memory_start,births_A,13
unseen-test_1m,ST5,-,stats.card,since_memory_start,births_B,57
unseen-test_1m,ST5,-,stats.card,since_memory_start,births_B_drift,19
unseen-test_1m,ST5,-,stats.card,since_memory_start,merges_A,493
unseen-test_1m,ST5,-,stats.card,since_memory_start,merges_B,517
unseen-test_1m,ST5,-,bridge.lines,raw_net,label,Foundation net
unseen-test_1m,ST5,-,bridge.lines,raw_net,n,152
unseen-test_1m,ST5,-,bridge.lines,raw_net,value,-197287.08
unseen-test_1m,ST5,-,bridge.lines,avoided_price,label,avoided price move of Foundation positions FZ did not hold
unseen-test_1m,ST5,-,bridge.lines,avoided_price,n,111
unseen-test_1m,ST5,-,bridge.lines,avoided_price,value,7098.0
unseen-test_1m,ST5,-,bridge.lines,avoided_cost,label,avoided charges + slippage of those positions
unseen-test_1m,ST5,-,bridge.lines,avoided_cost,n,111
unseen-test_1m,ST5,-,bridge.lines,avoided_cost,value,123703.84
unseen-test_1m,ST5,-,bridge.lines,reenter_delta,label,REENTER vs Foundation's exit of the same SETUP
unseen-test_1m,ST5,-,bridge.lines,reenter_delta,n,16
unseen-test_1m,ST5,-,bridge.lines,reenter_delta,value,-200.97
unseen-test_1m,ST5,-,bridge.lines,reenter_new,label,REENTER with no Foundation position of its own
unseen-test_1m,ST5,-,bridge.lines,reenter_new,n,0
unseen-test_1m,ST5,-,bridge.lines,reenter_new,value,0.0
unseen-test_1m,ST5,-,bridge.lines,fz_net,label,FZ net
unseen-test_1m,ST5,-,bridge.lines,fz_net,n,41
unseen-test_1m,ST5,-,bridge.lines,fz_net,value,-66686.22
unseen-test_1m,ST5,-,bridge,kept,,25
unseen-test_1m,ST5,-,bridge,replaced,,16
unseen-test_1m,ST5,-,bridge,avoided,,111
unseen-test_1m,ST5,-,bridge,selection,,6897.03
unseen-test_1m,ST5,-,bridge,costs,,123703.84
unseen-test_1m,ST5,-,control,scheme,,"session-matched: per session, as many Foundation positions drawn at random as FZ held"
unseen-test_1m,ST5,-,control,seed,,fz|ST5|unseen-test_1m|41|<draw>
unseen-test_1m,ST5,-,control,draws,,2000
unseen-test_1m,ST5,-,control,k,,41
unseen-test_1m,ST5,-,control,capped,,0
unseen-test_1m,ST5,-,control,p5,,-68011.17
unseen-test_1m,ST5,-,control,p50,,-42806.75
unseen-test_1m,ST5,-,control,p95,,-8139.94
unseen-test_1m,ST5,-,control,fz_net,,-66686.22
unseen-test_1m,ST5,-,control,fz_pct,,6.5
unseen-test_1m,ST5,-,control,p_beat,,0.935
unseen-test_1m,ST5,-,permutation,kept_n,,41
unseen-test_1m,ST5,-,permutation,blocked_n,,111
unseen-test_1m,ST5,-,permutation,kept_mean,,-1621.59
unseen-test_1m,ST5,-,permutation,blocked_mean,,-1178.39
unseen-test_1m,ST5,-,permutation,diff,,-443.2
unseen-test_1m,ST5,-,permutation,p,,0.5362
unseen-test_1m,ST5,-,permutation,draws,,2000
unseen-test_1m,ST5,-,books.fz,n,,41
unseen-test_1m,ST5,-,books.fz,net,,-66686.22
unseen-test_1m,ST5,-,books.fz,mean,,-1626.49
unseen-test_1m,ST5,-,books.fz,sd,,1868.16
unseen-test_1m,ST5,-,books.fz,wins,,4
unseen-test_1m,ST5,-,books.fz,pf,,0.12
unseen-test_1m,ST5,-,books.fz,t_trade,,-5.57
unseen-test_1m,ST5,-,books.fz,t_session,,-3.6
unseen-test_1m,ST5,-,books.fz,sessions,,16
unseen-test_1m,ST5,-,books.fz,weeks,,6
unseen-test_1m,ST5,-,books.fz,open,,0
unseen-test_1m,ST5,-,books.fz,net_ex_open,,-66686.22
unseen-test_1m,ST5,-,books.fz,ci_inr,,589.66
unseen-test_1m,ST5,-,books.fz,ci_pts,,9.07
unseen-test_1m,ST5,-,books.raw,n,,152
unseen-test_1m,ST5,-,books.raw,net,,-197287.08
unseen-test_1m,ST5,-,books.raw,mean,,-1297.94
unseen-test_1m,ST5,-,books.raw,sd,,3647.83
unseen-test_1m,ST5,-,books.raw,wins,,22
unseen-test_1m,ST5,-,books.raw,pf,,0.3
unseen-test_1m,ST5,-,books.raw,t_trade,,-4.39
unseen-test_1m,ST5,-,books.raw,t_session,,-3.38
unseen-test_1m,ST5,-,books.raw,sessions,,22
unseen-test_1m,ST5,-,books.raw,weeks,,6
unseen-test_1m,ST5,-,books.raw,open,,1
unseen-test_1m,ST5,-,books.raw,net_ex_open,,-205544.54
unseen-test_1m,ST5,-,books.raw,ci_inr,,584.6
unseen-test_1m,ST5,-,books.raw,ci_pts,,8.99
unseen-test_1m,ST5,-,flags,n,,41
unseen-test_1m,ST5,-,flags,pf_t,,ok
unseen-test_1m,ST5,-,flags,ci_inr,,589.66
unseen-test_1m,ST5,-,flags,ci_pts,,9.07
unseen-test_1m,ST5,-,flags,weeks,,ok
unseen-test_1m,ST5,-,flags,sharpe,,ok
unseen-test_1m,ST5,-,flags,rule,,"n < 10: ledger only, no PF / t; 10 <= n < 30: indicative, with the 95% CI on expectancy; weeks < 4: no week stats; active sessions < 10: no Sharpe / Calmar"
unseen-test_1m,ST5,-,all_na.gates,TAKE,,25
unseen-test_1m,ST5,-,all_na.gates,REENTER,,16
unseen-test_1m,ST5,-,all_na.gates,WATCH,,77
unseen-test_1m,ST5,-,all_na.gates,BLOCK,,34
unseen-test_1m,ST5,-,all_na.positions,TAKE,,25
unseen-test_1m,ST5,-,all_na.positions,REENTER,,16
1m_1m,ST5,-,headline,setups,,55
1m_1m,ST5,-,headline,take,,4
1m_1m,ST5,-,headline,watch,,37
1m_1m,ST5,-,headline,block,,8
1m_1m,ST5,-,headline,reenter,,6
1m_1m,ST5,-,headline.at_setup,TAKE,,4
1m_1m,ST5,-,headline.at_setup,REENTER,,1
1m_1m,ST5,-,headline.at_setup,WATCH,,42
1m_1m,ST5,-,headline.at_setup,BLOCK,,8
1m_1m,ST5,-,headline,take_trades,,4
1m_1m,ST5,-,headline,reenter_trades,,6
1m_1m,ST5,-,headline,priced,,10
1m_1m,ST5,-,headline,control_pct,,35.9
1m_1m,ST5,-,headline,control_p_beat,,0.6412
1m_1m,ST5,-,headline,perm_p,,0.6217
1m_1m,ST5,-,headline,active_sessions,,8
1m_1m,ST5,-,headline,sessions,,22
1m_1m,ST5,-,headline,pf_t,,indicative
1m_1m,ST5,-,stats,setups,,55
1m_1m,ST5,-,stats.gates,TAKE,,4
1m_1m,ST5,-,stats.gates,REENTER,,6
1m_1m,ST5,-,stats.gates,WATCH,,37
1m_1m,ST5,-,stats.gates,BLOCK,,8
1m_1m,ST5,-,stats.gates_at_setup,TAKE,,4
1m_1m,ST5,-,stats.gates_at_setup,REENTER,,1
1m_1m,ST5,-,stats.gates_at_setup,WATCH,,42
1m_1m,ST5,-,stats.gates_at_setup,BLOCK,,8
1m_1m,ST5,-,stats.gate_read,TAKE,ACCEPTED,3
1m_1m,ST5,-,stats.gate_read,TAKE,LEAVE,1
1m_1m,ST5,-,stats.gate_read,REENTER,PENDING,5
1m_1m,ST5,-,stats.gate_read,REENTER,ACCEPTED,1
1m_1m,ST5,-,stats.gate_read,WATCH,LEAVE,20
1m_1m,ST5,-,stats.gate_read,WATCH,ACCEPTED,5
1m_1m,ST5,-,stats.gate_read,WATCH,PENDING,9
1m_1m,ST5,-,stats.gate_read,WATCH,RECYCLE,3
1m_1m,ST5,-,stats.gate_read,BLOCK,RECYCLE,1
1m_1m,ST5,-,stats.gate_read,BLOCK,PENDING,2
1m_1m,ST5,-,stats.gate_read,BLOCK,LEAVE,4
1m_1m,ST5,-,stats.gate_read,BLOCK,ACCEPTED,1
1m_1m,ST5,-,stats.block_read,clock,RECYCLE,1
1m_1m,ST5,-,stats.block_read,clock,LEAVE,2
1m_1m,ST5,-,stats.block_read,clock,ACCEPTED,1
1m_1m,ST5,-,stats.block_read,hunt_fade,PENDING,2
1m_1m,ST5,-,stats.block_read,open_pierce,LEAVE,2
1m_1m,ST5,-,stats.watch_reason,leave_into_recycle,,10
1m_1m,ST5,-,stats.branches,TAKE,defend,3
1m_1m,ST5,-,stats.branches,TAKE,leave,1
1m_1m,ST5,-,stats.branches,REENTER,watch,1
1m_1m,ST5,-,stats.take_why,leave_into_recycle,,10
1m_1m,ST5,-,stats.take_why,leave_vol_fail,,10
1m_1m,ST5,-,stats.take_why,accepted_no_defend,,5
1m_1m,ST5,-,stats.by_hour,<09:25,WATCH,1
1m_1m,ST5,-,stats.by_hour,<09:25,BLOCK,2
1m_1m,ST5,-,stats.by_hour,09,WATCH,2
1m_1m,ST5,-,stats.by_hour,09,TAKE,1
1m_1m,ST5,-,stats.by_hour,09,REENTER,1
1m_1m,ST5,-,stats.by_hour,10,WATCH,2
1m_1m,ST5,-,stats.by_hour,11,REENTER,1
1m_1m,ST5,-,stats.by_hour,11,WATCH,2
1m_1m,ST5,-,stats.by_hour,12,WATCH,5
1m_1m,ST5,-,stats.by_hour,12,TAKE,3
1m_1m,ST5,-,stats.by_hour,12,BLOCK,1
1m_1m,ST5,-,stats.by_hour,13,WATCH,13
1m_1m,ST5,-,stats.by_hour,13,REENTER,3
1m_1m,ST5,-,stats.by_hour,14,WATCH,10
1m_1m,ST5,-,stats.by_hour,14,REENTER,1
1m_1m,ST5,-,stats.by_hour,15,BLOCK,1
1m_1m,ST5,-,stats.by_hour,15,WATCH,2
1m_1m,ST5,-,stats.by_hour,>=15:20,BLOCK,4
1m_1m,ST5,-,stats.by_visit,2,WATCH,1
1m_1m,ST5,-,stats.by_visit,4+,WATCH,36
1m_1m,ST5,-,stats.by_visit,4+,TAKE,4
1m_1m,ST5,-,stats.by_visit,4+,BLOCK,8
1m_1m,ST5,-,stats.by_visit,4+,REENTER,6
1m_1m,ST5,-,stats.by_dir,up,WATCH,20
1m_1m,ST5,-,stats.by_dir,up,TAKE,1
1m_1m,ST5,-,stats.by_dir,up,BLOCK,2
1m_1m,ST5,-,stats.by_dir,up,REENTER,2
1m_1m,ST5,-,stats.by_dir,down,WATCH,17
1m_1m,ST5,-,stats.by_dir,down,TAKE,3
1m_1m,ST5,-,stats.by_dir,down,BLOCK,6
1m_1m,ST5,-,stats.by_dir,down,REENTER,4
1m_1m,ST5,-,stats.by_zone_kind,A,WATCH,5
1m_1m,ST5,-,stats.by_zone_kind,B,WATCH,32
1m_1m,ST5,-,stats.by_zone_kind,B,TAKE,4
1m_1m,ST5,-,stats.by_zone_kind,B,BLOCK,8
1m_1m,ST5,-,stats.by_zone_kind,B,REENTER,6
1m_1m,ST5,-,stats.reads_at_setup,LEAVE,,25
1m_1m,ST5,-,stats.reads_at_setup,PENDING,,16
1m_1m,ST5,-,stats.reads_at_setup,ACCEPTED,,10
1m_1m,ST5,-,stats.reads_at_setup,RECYCLE,,4
1m_1m,ST5,-,stats,visit_n_median,,19
1m_1m,ST5,-,stats.accepted_revisit,setups,,10
1m_1m,ST5,-,stats.accepted_revisit,bars,,1361
1m_1m,ST5,-,stats,accepted_time_only,,10
1m_1m,ST5,-,stats,vol_na,,0
1m_1m,ST5,-,stats,first_vol_na,,52
1m_1m,ST5,-,stats.r4,bars_evaluated,,604
1m_1m,ST5,-,stats.r4,bars_fail,,270
1m_1m,ST5,-,stats.r4,bars_na,,0
1m_1m,ST5,-,stats.r4,leave_setups,true,14
1m_1m,ST5,-,stats.r4,leave_setups,false,11
1m_1m,ST5,-,stats.leave_far_side,seeded,,block_list
1m_1m,ST5,-,stats.leave_far_side,any,,11
1m_1m,ST5,-,stats.leave_far_side,block_list,,1
1m_1m,ST5,-,stats.leave_far_side,no_band,,0
1m_1m,ST5,-,stats.branch1,n,,1
1m_1m,ST5,-,stats.branch1,far_side_no_band,,0
1m_1m,ST5,-,stats.branch1,far_side_in_band,,1
1m_1m,ST5,-,stats.branch1,in_band_visit_n,3,1
1m_1m,ST5,-,stats.branch1,in_band_visit_n_median,,3
1m_1m,ST5,-,stats.branch1,in_band_entered_read,ACCEPTED,1
1m_1m,ST5,-,stats.watches,opened,,42
1m_1m,ST5,-,stats.watches,kinds,WATCH,28
1m_1m,ST5,-,stats.watches,kinds,WATCH_EDGE,14
1m_1m,ST5,-,stats.watches,outcomes,replaced,11
1m_1m,ST5,-,stats.watches,outcomes,armed_expired:back_inside,9
1m_1m,ST5,-,stats.watches,outcomes,cancelled:opposite_leave,9
1m_1m,ST5,-,stats.watches,outcomes,reenter,6
1m_1m,ST5,-,stats.watches,outcomes,armed_expired:session_end,5
1m_1m,ST5,-,stats.watches,outcomes,armed_expired:opposite_leave,1
1m_1m,ST5,-,stats.watches,outcomes,cancelled:opposite_take,1
1m_1m,ST5,-,stats.watches,armed,,29
1m_1m,ST5,-,stats.watches,armed_expired,back_inside,9
1m_1m,ST5,-,stats.watches,armed_expired,session_end,5
1m_1m,ST5,-,stats.watches,armed_expired,opposite_leave,1
1m_1m,ST5,-,stats.watches,armed_bars_median,,6
1m_1m,ST5,-,stats.watches,rearmed_bars_median,,5
1m_1m,ST5,-,stats.watches,rearmed,,11
1m_1m,ST5,-,stats.watches,no_same_dir_setup,,4
1m_1m,ST5,-,stats.watches,clock_1520,,4
1m_1m,ST5,-,stats.watches,reenter_refused,,0
1m_1m,ST5,-,stats.watches,reenter_in_position,,0
1m_1m,ST5,-,stats.positions,TAKE,,4
1m_1m,ST5,-,stats.positions,REENTER,,6
1m_1m,ST5,-,stats.positions,reenter_exits,next_choch,4
1m_1m,ST5,-,stats.positions,reenter_exits,stop_loss,2
1m_1m,ST5,-,stats.positions,reenter_fill,reenter_close,5
1m_1m,ST5,-,stats.positions,reenter_fill,setup_close,1
1m_1m,ST5,-,stats.positions,reenter_sl_bar,setup,6
1m_1m,ST5,-,stats.positions,reenter_sl_in_band,,4
1m_1m,ST5,-,stats.positions,reenter_converted_take,,0
1m_1m,ST5,-,stats.positions,take_refused,,0
1m_1m,ST5,-,stats,active_sessions,,8
1m_1m,ST5,-,stats,sessions,,22
1m_1m,ST5,-,stats,dormant,,"[[""2026-09-07"", ""2026-09-25"", 14]]"
1m_1m,ST5,-,stats.card,bars,,8250
1m_1m,ST5,-,stats.card,inside_pct,,93.5
1m_1m,ST5,-,stats.card,ref_live_pct,,95.5
1m_1m,ST5,-,stats.card,reads,FIRST_PRINT,1.6
1m_1m,ST5,-,stats.card,reads,ACCEPTED,16.5
1m_1m,ST5,-,stats.card,reads,RECYCLE,10.2
1m_1m,ST5,-,stats.card,reads,THIN,10.8
1m_1m,ST5,-,stats.card,reads,HUNT,0.9
1m_1m,ST5,-,stats.card,reads,REJECT,6.9
1m_1m,ST5,-,stats.card,reads,LEAVE,42.9
1m_1m,ST5,-,stats.card,reads,PENDING,9.8
1m_1m,ST5,-,stats.card,reads,NEW,0.3
1m_1m,ST5,-,stats.card,leave_return_no_visit,,396
1m_1m,ST5,-,stats.card,zones_since_memory_start,,124
1m_1m,ST5,-,stats.card,births_in_window,A,1
1m_1m,ST5,-,stats.card,births_in_window,B,53
1m_1m,ST5,-,stats.card,since_memory_start,births_A,14
1m_1m,ST5,-,stats.card,since_memory_start,births_B,110
1m_1m,ST5,-,stats.card,since_memory_start,births_B_drift,34
1m_1m,ST5,-,stats.card,since_memory_start,merges_A,689
1m_1m,ST5,-,stats.card,since_memory_start,merges_B,859
1m_1m,ST5,-,bridge.lines,raw_net,label,Foundation net
1m_1m,ST5,-,bridge.lines,raw_net,n,55
1m_1m,ST5,-,bridge.lines,raw_net,value,-16984.83
1m_1m,ST5,-,bridge.lines,avoided_price,label,avoided price move of Foundation positions FZ did not hold
1m_1m,ST5,-,bridge.lines,avoided_price,n,45
1m_1m,ST5,-,bridge.lines,avoided_price,value,-46455.5
1m_1m,ST5,-,bridge.lines,avoided_cost,label,avoided charges + slippage of those positions
1m_1m,ST5,-,bridge.lines,avoided_cost,n,45
1m_1m,ST5,-,bridge.lines,avoided_cost,value,49994.19
1m_1m,ST5,-,bridge.lines,reenter_delta,label,REENTER vs Foundation's exit of the same SETUP
1m_1m,ST5,-,bridge.lines,reenter_delta,n,6
1m_1m,ST5,-,bridge.lines,reenter_delta,value,-890.44
1m_1m,ST5,-,bridge.lines,reenter_new,label,REENTER with no Foundation position of its own
1m_1m,ST5,-,bridge.lines,reenter_new,n,0
1m_1m,ST5,-,bridge.lines,reenter_new,value,0.0
1m_1m,ST5,-,bridge.lines,fz_net,label,FZ net
1m_1m,ST5,-,bridge.lines,fz_net,n,10
1m_1m,ST5,-,bridge.lines,fz_net,value,-14336.58
1m_1m,ST5,-,bridge,kept,,4
1m_1m,ST5,-,bridge,replaced,,6
1m_1m,ST5,-,bridge,avoided,,45
1m_1m,ST5,-,bridge,selection,,-47345.94
1m_1m,ST5,-,bridge,costs,,49994.19
1m_1m,ST5,-,control,scheme,,"session-matched: per session, as many Foundation positions drawn at random as FZ held"
1m_1m,ST5,-,control,seed,,fz|ST5|1m_1m|10|<draw>
1m_1m,ST5,-,control,draws,,2000
1m_1m,ST5,-,control,k,,10
1m_1m,ST5,-,control,capped,,0
1m_1m,ST5,-,control,p5,,-22376.98
1m_1m,ST5,-,control,p50,,-12354.35
1m_1m,ST5,-,control,p95,,45407.26
1m_1m,ST5,-,control,fz_net,,-14336.58
1m_1m,ST5,-,control,fz_pct,,35.9
1m_1m,ST5,-,control,p_beat,,0.6412
1m_1m,ST5,-,permutation,kept_n,,10
1m_1m,ST5,-,permutation,blocked_n,,45
1m_1m,ST5,-,permutation,kept_mean,,-1344.61
1m_1m,ST5,-,permutation,blocked_mean,,-78.64
1m_1m,ST5,-,permutation,diff,,-1265.98
1m_1m,ST5,-,permutation,p,,0.6217
1m_1m,ST5,-,permutation,draws,,2000
1m_1m,ST5,-,books.fz,n,,10
1m_1m,ST5,-,books.fz,net,,-14336.58
1m_1m,ST5,-,books.fz,mean,,-1433.66
1m_1m,ST5,-,books.fz,sd,,1075.2
1m_1m,ST5,-,books.fz,wins,,2
1m_1m,ST5,-,books.fz,pf,,0.06
1m_1m,ST5,-,books.fz,t_trade,,-4.22
1m_1m,ST5,-,books.fz,t_session,,-8.2
1m_1m,ST5,-,books.fz,sessions,,6
1m_1m,ST5,-,books.fz,weeks,,2
1m_1m,ST5,-,books.fz,open,,0
1m_1m,ST5,-,books.fz,net_ex_open,,-14336.58
1m_1m,ST5,-,books.fz,ci_inr,,769.15
1m_1m,ST5,-,books.fz,ci_pts,,11.83
1m_1m,ST5,-,books.raw,n,,55
1m_1m,ST5,-,books.raw,net,,-16984.83
1m_1m,ST5,-,books.raw,mean,,-308.82
1m_1m,ST5,-,books.raw,sd,,8022.36
1m_1m,ST5,-,books.raw,wins,,11
1m_1m,ST5,-,books.raw,pf,,0.82
1m_1m,ST5,-,books.raw,t_trade,,-0.29
1m_1m,ST5,-,books.raw,t_session,,-0.3
1m_1m,ST5,-,books.raw,sessions,,8
1m_1m,ST5,-,books.raw,weeks,,3
1m_1m,ST5,-,books.raw,open,,1
1m_1m,ST5,-,books.raw,net_ex_open,,-71408.24
1m_1m,ST5,-,books.raw,ci_inr,,2168.75
1m_1m,ST5,-,books.raw,ci_pts,,33.37
1m_1m,ST5,-,flags,n,,10
1m_1m,ST5,-,flags,pf_t,,indicative
1m_1m,ST5,-,flags,ci_inr,,769.15
1m_1m,ST5,-,flags,ci_pts,,11.83
1m_1m,ST5,-,flags,weeks,,suppressed
1m_1m,ST5,-,flags,sharpe,,suppressed
1m_1m,ST5,-,flags,rule,,"n < 10: ledger only, no PF / t; 10 <= n < 30: indicative, with the 95% CI on expectancy; weeks < 4: no week stats; active sessions < 10: no Sharpe / Calmar"
1m_1m,ST5,-,all_na.gates,TAKE,,5
1m_1m,ST5,-,all_na.gates,REENTER,,7
1m_1m,ST5,-,all_na.gates,WATCH,,31
1m_1m,ST5,-,all_na.gates,BLOCK,,12
1m_1m,ST5,-,all_na.positions,TAKE,,5
1m_1m,ST5,-,all_na.positions,REENTER,,7
all-data_1m,ST5_FB,W-ATR2,headline,setups,,207
all-data_1m,ST5_FB,W-ATR2,headline,take,,29
all-data_1m,ST5_FB,W-ATR2,headline,watch,,114
all-data_1m,ST5_FB,W-ATR2,headline,block,,42
all-data_1m,ST5_FB,W-ATR2,headline,reenter,,22
all-data_1m,ST5_FB,W-ATR2,headline.at_setup,TAKE,,29
all-data_1m,ST5_FB,W-ATR2,headline.at_setup,REENTER,,2
all-data_1m,ST5_FB,W-ATR2,headline.at_setup,WATCH,,134
all-data_1m,ST5_FB,W-ATR2,headline.at_setup,BLOCK,,42
all-data_1m,ST5_FB,W-ATR2,headline,take_trades,,29
all-data_1m,ST5_FB,W-ATR2,headline,reenter_trades,,22
all-data_1m,ST5_FB,W-ATR2,headline,priced,,37
all-data_1m,ST5_FB,W-ATR2,headline,control_pct,,11.0
all-data_1m,ST5_FB,W-ATR2,headline,control_p_beat,,0.8901
all-data_1m,ST5_FB,W-ATR2,headline,perm_p,,0.7441
all-data_1m,ST5_FB,W-ATR2,headline,active_sessions,,30
all-data_1m,ST5_FB,W-ATR2,headline,sessions,,60
all-data_1m,ST5_FB,W-ATR2,headline,pf_t,,ok
all-data_1m,ST5_FB,W-ATR2,stats,setups,,207
all-data_1m,ST5_FB,W-ATR2,stats.gates,TAKE,,29
all-data_1m,ST5_FB,W-ATR2,stats.gates,REENTER,,22
all-data_1m,ST5_FB,W-ATR2,stats.gates,WATCH,,114
all-data_1m,ST5_FB,W-ATR2,stats.gates,BLOCK,,42
all-data_1m,ST5_FB,W-ATR2,stats.gates_at_setup,TAKE,,29
all-data_1m,ST5_FB,W-ATR2,stats.gates_at_setup,REENTER,,2
all-data_1m,ST5_FB,W-ATR2,stats.gates_at_setup,WATCH,,134
all-data_1m,ST5_FB,W-ATR2,stats.gates_at_setup,BLOCK,,42
all-data_1m,ST5_FB,W-ATR2,stats.gate_read,TAKE,LEAVE,10
all-data_1m,ST5_FB,W-ATR2,stats.gate_read,TAKE,ACCEPTED,19
all-data_1m,ST5_FB,W-ATR2,stats.gate_read,REENTER,PENDING,21
all-data_1m,ST5_FB,W-ATR2,stats.gate_read,REENTER,ACCEPTED,1
all-data_1m,ST5_FB,W-ATR2,stats.gate_read,WATCH,RECYCLE,13
all-data_1m,ST5_FB,W-ATR2,stats.gate_read,WATCH,LEAVE,65
all-data_1m,ST5_FB,W-ATR2,stats.gate_read,WATCH,HUNT,2
all-data_1m,ST5_FB,W-ATR2,stats.gate_read,WATCH,PENDING,22
all-data_1m,ST5_FB,W-ATR2,stats.gate_read,WATCH,ACCEPTED,10
all-data_1m,ST5_FB,W-ATR2,stats.gate_read,WATCH,REJECT,2
all-data_1m,ST5_FB,W-ATR2,stats.gate_read,BLOCK,PENDING,14
all-data_1m,ST5_FB,W-ATR2,stats.gate_read,BLOCK,LEAVE,23
all-data_1m,ST5_FB,W-ATR2,stats.gate_read,BLOCK,ACCEPTED,3
all-data_1m,ST5_FB,W-ATR2,stats.gate_read,BLOCK,RECYCLE,2
all-data_1m,ST5_FB,W-ATR2,stats.block_read,clock,ACCEPTED,2
all-data_1m,ST5_FB,W-ATR2,stats.block_read,clock,PENDING,2
all-data_1m,ST5_FB,W-ATR2,stats.block_read,clock,RECYCLE,2
all-data_1m,ST5_FB,W-ATR2,stats.block_read,clock,LEAVE,2
all-data_1m,ST5_FB,W-ATR2,stats.block_read,hunt_fade,PENDING,8
all-data_1m,ST5_FB,W-ATR2,stats.block_read,hunt_fade,LEAVE,15
all-data_1m,ST5_FB,W-ATR2,stats.block_read,hunt_fade,ACCEPTED,1
all-data_1m,ST5_FB,W-ATR2,stats.block_read,open_pierce,LEAVE,6
all-data_1m,ST5_FB,W-ATR2,stats.block_read,open_pierce,PENDING,4
all-data_1m,ST5_FB,W-ATR2,stats.watch_reason,leave_into_recycle,,55
all-data_1m,ST5_FB,W-ATR2,stats.branches,TAKE,leave,10
all-data_1m,ST5_FB,W-ATR2,stats.branches,TAKE,defend,19
all-data_1m,ST5_FB,W-ATR2,stats.branches,REENTER,watch,2
all-data_1m,ST5_FB,W-ATR2,stats.take_why,leave_into_recycle,,55
all-data_1m,ST5_FB,W-ATR2,stats.take_why,accepted_no_defend,,10
all-data_1m,ST5_FB,W-ATR2,stats.take_why,leave_vol_fail,,10
all-data_1m,ST5_FB,W-ATR2,stats.by_hour,<09:25,BLOCK,10
all-data_1m,ST5_FB,W-ATR2,stats.by_hour,<09:25,WATCH,1
all-data_1m,ST5_FB,W-ATR2,stats.by_hour,09,WATCH,14
all-data_1m,ST5_FB,W-ATR2,stats.by_hour,09,BLOCK,4
all-data_1m,ST5_FB,W-ATR2,stats.by_hour,09,REENTER,3
all-data_1m,ST5_FB,W-ATR2,stats.by_hour,09,TAKE,4
all-data_1m,ST5_FB,W-ATR2,stats.by_hour,10,WATCH,14
all-data_1m,ST5_FB,W-ATR2,stats.by_hour,10,REENTER,6
all-data_1m,ST5_FB,W-ATR2,stats.by_hour,10,TAKE,5
all-data_1m,ST5_FB,W-ATR2,stats.by_hour,10,BLOCK,3
all-data_1m,ST5_FB,W-ATR2,stats.by_hour,11,WATCH,16
all-data_1m,ST5_FB,W-ATR2,stats.by_hour,11,BLOCK,1
all-data_1m,ST5_FB,W-ATR2,stats.by_hour,11,TAKE,1
all-data_1m,ST5_FB,W-ATR2,stats.by_hour,11,REENTER,1
all-data_1m,ST5_FB,W-ATR2,stats.by_hour,12,BLOCK,5
all-data_1m,ST5_FB,W-ATR2,stats.by_hour,12,WATCH,18
all-data_1m,ST5_FB,W-ATR2,stats.by_hour,12,TAKE,8
all-data_1m,ST5_FB,W-ATR2,stats.by_hour,12,REENTER,1
all-data_1m,ST5_FB,W-ATR2,stats.by_hour,13,BLOCK,7
all-data_1m,ST5_FB,W-ATR2,stats.by_hour,13,WATCH,23
all-data_1m,ST5_FB,W-ATR2,stats.by_hour,13,REENTER,4
all-data_1m,ST5_FB,W-ATR2,stats.by_hour,13,TAKE,5
all-data_1m,ST5_FB,W-ATR2,stats.by_hour,14,WATCH,20
all-data_1m,ST5_FB,W-ATR2,stats.by_hour,14,REENTER,6
all-data_1m,ST5_FB,W-ATR2,stats.by_hour,14,BLOCK,2
all-data_1m,ST5_FB,W-ATR2,stats.by_hour,14,TAKE,5
all-data_1m,ST5_FB,W-ATR2,stats.by_hour,15,REENTER,1
all-data_1m,ST5_FB,W-ATR2,stats.by_hour,15,WATCH,8
all-data_1m,ST5_FB,W-ATR2,stats.by_hour,15,TAKE,1
all-data_1m,ST5_FB,W-ATR2,stats.by_hour,15,BLOCK,2
all-data_1m,ST5_FB,W-ATR2,stats.by_hour,>=15:20,BLOCK,8
all-data_1m,ST5_FB,W-ATR2,stats.by_visit,1,TAKE,1
all-data_1m,ST5_FB,W-ATR2,stats.by_visit,2,WATCH,3
all-data_1m,ST5_FB,W-ATR2,stats.by_visit,2,TAKE,1
all-data_1m,ST5_FB,W-ATR2,stats.by_visit,2,REENTER,2
all-data_1m,ST5_FB,W-ATR2,stats.by_visit,3,REENTER,1
all-data_1m,ST5_FB,W-ATR2,stats.by_visit,4+,WATCH,111
all-data_1m,ST5_FB,W-ATR2,stats.by_visit,4+,REENTER,19
all-data_1m,ST5_FB,W-ATR2,stats.by_visit,4+,BLOCK,42
all-data_1m,ST5_FB,W-ATR2,stats.by_visit,4+,TAKE,24
all-data_1m,ST5_FB,W-ATR2,stats.by_visit,none,TAKE,3
all-data_1m,ST5_FB,W-ATR2,stats.by_dir,up,WATCH,59
all-data_1m,ST5_FB,W-ATR2,stats.by_dir,up,REENTER,13
all-data_1m,ST5_FB,W-ATR2,stats.by_dir,up,BLOCK,20
all-data_1m,ST5_FB,W-ATR2,stats.by_dir,up,TAKE,13
all-data_1m,ST5_FB,W-ATR2,stats.by_dir,down,WATCH,55
all-data_1m,ST5_FB,W-ATR2,stats.by_dir,down,REENTER,9
all-data_1m,ST5_FB,W-ATR2,stats.by_dir,down,BLOCK,22
all-data_1m,ST5_FB,W-ATR2,stats.by_dir,down,TAKE,16
all-data_1m,ST5_FB,W-ATR2,stats.by_zone_kind,A,WATCH,18
all-data_1m,ST5_FB,W-ATR2,stats.by_zone_kind,A,REENTER,4
all-data_1m,ST5_FB,W-ATR2,stats.by_zone_kind,A,TAKE,8
all-data_1m,ST5_FB,W-ATR2,stats.by_zone_kind,A,BLOCK,6
all-data_1m,ST5_FB,W-ATR2,stats.by_zone_kind,B,WATCH,96
all-data_1m,ST5_FB,W-ATR2,stats.by_zone_kind,B,BLOCK,36
all-data_1m,ST5_FB,W-ATR2,stats.by_zone_kind,B,REENTER,18
all-data_1m,ST5_FB,W-ATR2,stats.by_zone_kind,B,TAKE,18
all-data_1m,ST5_FB,W-ATR2,stats.by_zone_kind,none,TAKE,3
all-data_1m,ST5_FB,W-ATR2,stats.reads_at_setup,LEAVE,,98
all-data_1m,ST5_FB,W-ATR2,stats.reads_at_setup,PENDING,,57
all-data_1m,ST5_FB,W-ATR2,stats.reads_at_setup,ACCEPTED,,33
all-data_1m,ST5_FB,W-ATR2,stats.reads_at_setup,RECYCLE,,15
all-data_1m,ST5_FB,W-ATR2,stats.reads_at_setup,HUNT,,2
all-data_1m,ST5_FB,W-ATR2,stats.reads_at_setup,REJECT,,2
all-data_1m,ST5_FB,W-ATR2,stats,visit_n_median,,19.0
all-data_1m,ST5_FB,W-ATR2,stats.accepted_revisit,setups,,33
all-data_1m,ST5_FB,W-ATR2,stats.accepted_revisit,bars,,4845
all-data_1m,ST5_FB,W-ATR2,stats,accepted_time_only,,33
all-data_1m,ST5_FB,W-ATR2,stats,vol_na,,152
all-data_1m,ST5_FB,W-ATR2,stats,first_vol_na,,201
all-data_1m,ST5_FB,W-ATR2,stats.r4,bars_evaluated,,604
all-data_1m,ST5_FB,W-ATR2,stats.r4,bars_fail,,270
all-data_1m,ST5_FB,W-ATR2,stats.r4,bars_na,,1751
all-data_1m,ST5_FB,W-ATR2,stats.r4,leave_setups,none,73
all-data_1m,ST5_FB,W-ATR2,stats.r4,leave_setups,true,14
all-data_1m,ST5_FB,W-ATR2,stats.r4,leave_setups,false,11
all-data_1m,ST5_FB,W-ATR2,stats.leave_far_side,seeded,,block_list
all-data_1m,ST5_FB,W-ATR2,stats.leave_far_side,any,,65
all-data_1m,ST5_FB,W-ATR2,stats.leave_far_side,block_list,,10
all-data_1m,ST5_FB,W-ATR2,stats.leave_far_side,no_band,,4
all-data_1m,ST5_FB,W-ATR2,stats.branch1,n,,10
all-data_1m,ST5_FB,W-ATR2,stats.branch1,far_side_no_band,,4
all-data_1m,ST5_FB,W-ATR2,stats.branch1,far_side_in_band,,6
all-data_1m,ST5_FB,W-ATR2,stats.branch1,in_band_visit_n,4+,3
all-data_1m,ST5_FB,W-ATR2,stats.branch1,in_band_visit_n,1,2
all-data_1m,ST5_FB,W-ATR2,stats.branch1,in_band_visit_n,3,1
all-data_1m,ST5_FB,W-ATR2,stats.branch1,in_band_visit_n_median,,8.5
all-data_1m,ST5_FB,W-ATR2,stats.branch1,in_band_entered_read,ACCEPTED,4
all-data_1m,ST5_FB,W-ATR2,stats.branch1,in_band_entered_read,FIRST_PRINT,2
all-data_1m,ST5_FB,W-ATR2,stats.watches,opened,,134
all-data_1m,ST5_FB,W-ATR2,stats.watches,kinds,WATCH,92
all-data_1m,ST5_FB,W-ATR2,stats.watches,kinds,WATCH_EDGE,42
all-data_1m,ST5_FB,W-ATR2,stats.watches,outcomes,cancelled:opposite_leave,35
all-data_1m,ST5_FB,W-ATR2,stats.watches,outcomes,armed_expired:back_inside,29
all-data_1m,ST5_FB,W-ATR2,stats.watches,outcomes,replaced,24
all-data_1m,ST5_FB,W-ATR2,stats.watches,outcomes,reenter,22
all-data_1m,ST5_FB,W-ATR2,stats.watches,outcomes,armed_expired:session_end,13
all-data_1m,ST5_FB,W-ATR2,stats.watches,outcomes,armed_expired:opposite_leave,5
all-data_1m,ST5_FB,W-ATR2,stats.watches,outcomes,cancelled:opposite_take,3
all-data_1m,ST5_FB,W-ATR2,stats.watches,outcomes,armed_expired:opposite_take,2
all-data_1m,ST5_FB,W-ATR2,stats.watches,outcomes,cancelled:session_end,1
all-data_1m,ST5_FB,W-ATR2,stats.watches,armed,,89
all-data_1m,ST5_FB,W-ATR2,stats.watches,armed_expired,back_inside,29
all-data_1m,ST5_FB,W-ATR2,stats.watches,armed_expired,session_end,13
all-data_1m,ST5_FB,W-ATR2,stats.watches,armed_expired,opposite_leave,5
all-data_1m,ST5_FB,W-ATR2,stats.watches,armed_expired,opposite_take,2
all-data_1m,ST5_FB,W-ATR2,stats.watches,armed_bars_median,,7
all-data_1m,ST5_FB,W-ATR2,stats.watches,rearmed_bars_median,,5
all-data_1m,ST5_FB,W-ATR2,stats.watches,rearmed,,30
all-data_1m,ST5_FB,W-ATR2,stats.watches,no_same_dir_setup,,19
all-data_1m,ST5_FB,W-ATR2,stats.watches,clock_1520,,6
all-data_1m,ST5_FB,W-ATR2,stats.watches,reenter_refused,,0
all-data_1m,ST5_FB,W-ATR2,stats.watches,reenter_in_position,,0
all-data_1m,ST5_FB,W-ATR2,stats.positions,TAKE,,29
all-data_1m,ST5_FB,W-ATR2,stats.positions,REENTER,,22
all-data_1m,ST5_FB,W-ATR2,stats.positions,reenter_exits,next_choch,11
all-data_1m,ST5_FB,W-ATR2,stats.positions,reenter_exits,stop_loss,7
all-data_1m,ST5_FB,W-ATR2,stats.positions,reenter_exits,band_reclaim,4
all-data_1m,ST5_FB,W-ATR2,stats.positions,reenter_fill,reenter_close,20
all-data_1m,ST5_FB,W-ATR2,stats.positions,reenter_fill,setup_close,2
all-data_1m,ST5_FB,W-ATR2,stats.positions,reenter_sl_bar,setup,18
all-data_1m,ST5_FB,W-ATR2,stats.positions,reenter_sl_bar,fill,4
all-data_1m,ST5_FB,W-ATR2,stats.positions,reenter_sl_in_band,,18
all-data_1m,ST5_FB,W-ATR2,stats.positions,reenter_converted_take,,0
all-data_1m,ST5_FB,W-ATR2,stats.positions,take_refused,,0
all-data_1m,ST5_FB,W-ATR2,stats,active_sessions,,30
all-data_1m,ST5_FB,W-ATR2,stats,sessions,,60
all-data_1m,ST5_FB,W-ATR2,stats,dormant,,"[[""2026-07-03"", ""2026-07-07"", 3], [""2026-07-27"", ""2026-08-11"", 12], [""2026-08-19"", ""2026-08-19"", 1], [""2026-09-07"", ""2026-09-25"", 14]]"
all-data_1m,ST5_FB,W-ATR2,stats.card,bars,,22500
all-data_1m,ST5_FB,W-ATR2,stats.card,inside_pct,,94.7
all-data_1m,ST5_FB,W-ATR2,stats.card,ref_live_pct,,96.2
all-data_1m,ST5_FB,W-ATR2,stats.card,reads,FIRST_PRINT,1.0
all-data_1m,ST5_FB,W-ATR2,stats.card,reads,ACCEPTED,21.5
all-data_1m,ST5_FB,W-ATR2,stats.card,reads,RECYCLE,12.2
all-data_1m,ST5_FB,W-ATR2,stats.card,reads,THIN,4.0
all-data_1m,ST5_FB,W-ATR2,stats.card,reads,HUNT,2.1
all-data_1m,ST5_FB,W-ATR2,stats.card,reads,REJECT,5.4
all-data_1m,ST5_FB,W-ATR2,stats.card,reads,LEAVE,43.7
all-data_1m,ST5_FB,W-ATR2,stats.card,reads,PENDING,9.6
all-data_1m,ST5_FB,W-ATR2,stats.card,reads,NEW,0.4
all-data_1m,ST5_FB,W-ATR2,stats.card,leave_return_no_visit,,1164
all-data_1m,ST5_FB,W-ATR2,stats.card,zones_since_memory_start,,124
all-data_1m,ST5_FB,W-ATR2,stats.card,births_in_window,A,12
all-data_1m,ST5_FB,W-ATR2,stats.card,births_in_window,B,95
all-data_1m,ST5_FB,W-ATR2,stats.card,since_memory_start,births_A,14
all-data_1m,ST5_FB,W-ATR2,stats.card,since_memory_start,births_B,110
all-data_1m,ST5_FB,W-ATR2,stats.card,since_memory_start,births_B_drift,34
all-data_1m,ST5_FB,W-ATR2,stats.card,since_memory_start,merges_A,689
all-data_1m,ST5_FB,W-ATR2,stats.card,since_memory_start,merges_B,859
all-data_1m,ST5_FB,W-ATR2,bridge.lines,raw_net,label,Foundation net
all-data_1m,ST5_FB,W-ATR2,bridge.lines,raw_net,n,153
all-data_1m,ST5_FB,W-ATR2,bridge.lines,raw_net,value,-53797.64
all-data_1m,ST5_FB,W-ATR2,bridge.lines,avoided_price,label,avoided price move of Foundation positions FZ did not hold
all-data_1m,ST5_FB,W-ATR2,bridge.lines,avoided_price,n,116
all-data_1m,ST5_FB,W-ATR2,bridge.lines,avoided_price,value,20361.25
all-data_1m,ST5_FB,W-ATR2,bridge.lines,avoided_cost,label,avoided charges + slippage of those positions
all-data_1m,ST5_FB,W-ATR2,bridge.lines,avoided_cost,n,116
all-data_1m,ST5_FB,W-ATR2,bridge.lines,avoided_cost,value,17367.01
all-data_1m,ST5_FB,W-ATR2,bridge.lines,reenter_delta,label,REENTER vs Foundation's exit of the same SETUP
all-data_1m,ST5_FB,W-ATR2,bridge.lines,reenter_delta,n,19
all-data_1m,ST5_FB,W-ATR2,bridge.lines,reenter_delta,value,1875.44
all-data_1m,ST5_FB,W-ATR2,bridge.lines,reenter_new,label,REENTER with no Foundation position of its own
all-data_1m,ST5_FB,W-ATR2,bridge.lines,reenter_new,n,0
all-data_1m,ST5_FB,W-ATR2,bridge.lines,reenter_new,value,0.0
all-data_1m,ST5_FB,W-ATR2,bridge.lines,fz_net,label,FZ net
all-data_1m,ST5_FB,W-ATR2,bridge.lines,fz_net,n,37
all-data_1m,ST5_FB,W-ATR2,bridge.lines,fz_net,value,-14193.93
all-data_1m,ST5_FB,W-ATR2,bridge,kept,,18
all-data_1m,ST5_FB,W-ATR2,bridge,replaced,,19
all-data_1m,ST5_FB,W-ATR2,bridge,avoided,,116
all-data_1m,ST5_FB,W-ATR2,bridge,selection,,22236.69
all-data_1m,ST5_FB,W-ATR2,bridge,costs,,17367.01
all-data_1m,ST5_FB,W-ATR2,control,scheme,,"session-matched: per session, as many Foundation positions drawn at random as FZ held"
all-data_1m,ST5_FB,W-ATR2,control,seed,,fz|ST5_FB|all-data_1m|37|<draw>
all-data_1m,ST5_FB,W-ATR2,control,draws,,2000
all-data_1m,ST5_FB,W-ATR2,control,k,,37
all-data_1m,ST5_FB,W-ATR2,control,capped,,0
all-data_1m,ST5_FB,W-ATR2,control,p5,,-16233.94
all-data_1m,ST5_FB,W-ATR2,control,p50,,-8357.01
all-data_1m,ST5_FB,W-ATR2,control,p95,,438.15
all-data_1m,ST5_FB,W-ATR2,control,fz_net,,-14193.93
all-data_1m,ST5_FB,W-ATR2,control,fz_pct,,11.0
all-data_1m,ST5_FB,W-ATR2,control,p_beat,,0.8901
all-data_1m,ST5_FB,W-ATR2,permutation,kept_n,,37
all-data_1m,ST5_FB,W-ATR2,permutation,blocked_n,,116
all-data_1m,ST5_FB,W-ATR2,permutation,kept_mean,,-434.31
all-data_1m,ST5_FB,W-ATR2,permutation,blocked_mean,,-325.24
all-data_1m,ST5_FB,W-ATR2,permutation,diff,,-109.06
all-data_1m,ST5_FB,W-ATR2,permutation,p,,0.7441
all-data_1m,ST5_FB,W-ATR2,permutation,draws,,2000
all-data_1m,ST5_FB,W-ATR2,books.fz,n,,37
all-data_1m,ST5_FB,W-ATR2,books.fz,net,,-14193.93
all-data_1m,ST5_FB,W-ATR2,books.fz,mean,,-383.62
all-data_1m,ST5_FB,W-ATR2,books.fz,sd,,932.97
all-data_1m,ST5_FB,W-ATR2,books.fz,wins,,8
all-data_1m,ST5_FB,W-ATR2,books.fz,pf,,0.25
all-data_1m,ST5_FB,W-ATR2,books.fz,t_trade,,-2.5
all-data_1m,ST5_FB,W-ATR2,books.fz,t_session,,-2.41
all-data_1m,ST5_FB,W-ATR2,books.fz,sessions,,22
all-data_1m,ST5_FB,W-ATR2,books.fz,weeks,,7
all-data_1m,ST5_FB,W-ATR2,books.fz,open,,0
all-data_1m,ST5_FB,W-ATR2,books.fz,net_ex_open,,-14193.93
all-data_1m,ST5_FB,W-ATR2,books.fz,ci_inr,,311.07
all-data_1m,ST5_FB,W-ATR2,books.fz,ci_pts,,4.79
all-data_1m,ST5_FB,W-ATR2,books.raw,n,,153
all-data_1m,ST5_FB,W-ATR2,books.raw,net,,-53797.64
all-data_1m,ST5_FB,W-ATR2,books.raw,mean,,-351.62
all-data_1m,ST5_FB,W-ATR2,books.raw,sd,,1732.27
all-data_1m,ST5_FB,W-ATR2,books.raw,wins,,38
all-data_1m,ST5_FB,W-ATR2,books.raw,pf,,0.46
all-data_1m,ST5_FB,W-ATR2,books.raw,t_trade,,-2.51
all-data_1m,ST5_FB,W-ATR2,books.raw,t_session,,-2.14
all-data_1m,ST5_FB,W-ATR2,books.raw,sessions,,29
all-data_1m,ST5_FB,W-ATR2,books.raw,weeks,,8
all-data_1m,ST5_FB,W-ATR2,books.raw,open,,0
all-data_1m,ST5_FB,W-ATR2,books.raw,net_ex_open,,-53797.64
all-data_1m,ST5_FB,W-ATR2,books.raw,ci_inr,,276.69
all-data_1m,ST5_FB,W-ATR2,books.raw,ci_pts,,4.26
all-data_1m,ST5_FB,W-ATR2,flags,n,,37
all-data_1m,ST5_FB,W-ATR2,flags,pf_t,,ok
all-data_1m,ST5_FB,W-ATR2,flags,ci_inr,,311.07
all-data_1m,ST5_FB,W-ATR2,flags,ci_pts,,4.79
all-data_1m,ST5_FB,W-ATR2,flags,weeks,,ok
all-data_1m,ST5_FB,W-ATR2,flags,sharpe,,ok
all-data_1m,ST5_FB,W-ATR2,flags,rule,,"n < 10: ledger only, no PF / t; 10 <= n < 30: indicative, with the 95% CI on expectancy; weeks < 4: no week stats; active sessions < 10: no Sharpe / Calmar"
all-data_1m,ST5_FB,W-ATR2,all_na.gates,TAKE,,30
all-data_1m,ST5_FB,W-ATR2,all_na.gates,REENTER,,23
all-data_1m,ST5_FB,W-ATR2,all_na.gates,WATCH,,108
all-data_1m,ST5_FB,W-ATR2,all_na.gates,BLOCK,,46
all-data_1m,ST5_FB,W-ATR2,all_na.positions,TAKE,,30
all-data_1m,ST5_FB,W-ATR2,all_na.positions,REENTER,,23
design-period_1m,ST5_FB,W-ATR2,headline,setups,,55
design-period_1m,ST5_FB,W-ATR2,headline,take,,4
design-period_1m,ST5_FB,W-ATR2,headline,watch,,37
design-period_1m,ST5_FB,W-ATR2,headline,block,,8
design-period_1m,ST5_FB,W-ATR2,headline,reenter,,6
design-period_1m,ST5_FB,W-ATR2,headline.at_setup,TAKE,,4
design-period_1m,ST5_FB,W-ATR2,headline.at_setup,REENTER,,1
design-period_1m,ST5_FB,W-ATR2,headline.at_setup,WATCH,,42
design-period_1m,ST5_FB,W-ATR2,headline.at_setup,BLOCK,,8
design-period_1m,ST5_FB,W-ATR2,headline,take_trades,,4
design-period_1m,ST5_FB,W-ATR2,headline,reenter_trades,,6
design-period_1m,ST5_FB,W-ATR2,headline,priced,,9
design-period_1m,ST5_FB,W-ATR2,headline,control_pct,,45.0
design-period_1m,ST5_FB,W-ATR2,headline,control_p_beat,,0.5502
design-period_1m,ST5_FB,W-ATR2,headline,perm_p,,0.7716
design-period_1m,ST5_FB,W-ATR2,headline,active_sessions,,8
design-period_1m,ST5_FB,W-ATR2,headline,sessions,,22
design-period_1m,ST5_FB,W-ATR2,headline,pf_t,,not reported
design-period_1m,ST5_FB,W-ATR2,stats,setups,,55
design-period_1m,ST5_FB,W-ATR2,stats.gates,TAKE,,4
design-period_1m,ST5_FB,W-ATR2,stats.gates,REENTER,,6
design-period_1m,ST5_FB,W-ATR2,stats.gates,WATCH,,37
design-period_1m,ST5_FB,W-ATR2,stats.gates,BLOCK,,8
design-period_1m,ST5_FB,W-ATR2,stats.gates_at_setup,TAKE,,4
design-period_1m,ST5_FB,W-ATR2,stats.gates_at_setup,REENTER,,1
design-period_1m,ST5_FB,W-ATR2,stats.gates_at_setup,WATCH,,42
design-period_1m,ST5_FB,W-ATR2,stats.gates_at_setup,BLOCK,,8
design-period_1m,ST5_FB,W-ATR2,stats.gate_read,TAKE,ACCEPTED,3
design-period_1m,ST5_FB,W-ATR2,stats.gate_read,TAKE,LEAVE,1
design-period_1m,ST5_FB,W-ATR2,stats.gate_read,REENTER,PENDING,5
design-period_1m,ST5_FB,W-ATR2,stats.gate_read,REENTER,ACCEPTED,1
design-period_1m,ST5_FB,W-ATR2,stats.gate_read,WATCH,LEAVE,20
design-period_1m,ST5_FB,W-ATR2,stats.gate_read,WATCH,ACCEPTED,5
design-period_1m,ST5_FB,W-ATR2,stats.gate_read,WATCH,PENDING,9
design-period_1m,ST5_FB,W-ATR2,stats.gate_read,WATCH,RECYCLE,3
design-period_1m,ST5_FB,W-ATR2,stats.gate_read,BLOCK,RECYCLE,1
design-period_1m,ST5_FB,W-ATR2,stats.gate_read,BLOCK,PENDING,2
design-period_1m,ST5_FB,W-ATR2,stats.gate_read,BLOCK,LEAVE,4
design-period_1m,ST5_FB,W-ATR2,stats.gate_read,BLOCK,ACCEPTED,1
design-period_1m,ST5_FB,W-ATR2,stats.block_read,clock,RECYCLE,1
design-period_1m,ST5_FB,W-ATR2,stats.block_read,clock,LEAVE,2
design-period_1m,ST5_FB,W-ATR2,stats.block_read,clock,ACCEPTED,1
design-period_1m,ST5_FB,W-ATR2,stats.block_read,hunt_fade,PENDING,2
design-period_1m,ST5_FB,W-ATR2,stats.block_read,open_pierce,LEAVE,2
design-period_1m,ST5_FB,W-ATR2,stats.watch_reason,leave_into_recycle,,10
design-period_1m,ST5_FB,W-ATR2,stats.branches,TAKE,defend,3
design-period_1m,ST5_FB,W-ATR2,stats.branches,TAKE,leave,1
design-period_1m,ST5_FB,W-ATR2,stats.branches,REENTER,watch,1
design-period_1m,ST5_FB,W-ATR2,stats.take_why,leave_into_recycle,,10
design-period_1m,ST5_FB,W-ATR2,stats.take_why,leave_vol_fail,,10
design-period_1m,ST5_FB,W-ATR2,stats.take_why,accepted_no_defend,,5
design-period_1m,ST5_FB,W-ATR2,stats.by_hour,<09:25,WATCH,1
design-period_1m,ST5_FB,W-ATR2,stats.by_hour,<09:25,BLOCK,2
design-period_1m,ST5_FB,W-ATR2,stats.by_hour,09,WATCH,2
design-period_1m,ST5_FB,W-ATR2,stats.by_hour,09,TAKE,1
design-period_1m,ST5_FB,W-ATR2,stats.by_hour,09,REENTER,1
design-period_1m,ST5_FB,W-ATR2,stats.by_hour,10,WATCH,2
design-period_1m,ST5_FB,W-ATR2,stats.by_hour,11,REENTER,1
design-period_1m,ST5_FB,W-ATR2,stats.by_hour,11,WATCH,2
design-period_1m,ST5_FB,W-ATR2,stats.by_hour,12,WATCH,5
design-period_1m,ST5_FB,W-ATR2,stats.by_hour,12,TAKE,3
design-period_1m,ST5_FB,W-ATR2,stats.by_hour,12,BLOCK,1
design-period_1m,ST5_FB,W-ATR2,stats.by_hour,13,WATCH,13
design-period_1m,ST5_FB,W-ATR2,stats.by_hour,13,REENTER,3
design-period_1m,ST5_FB,W-ATR2,stats.by_hour,14,WATCH,10
design-period_1m,ST5_FB,W-ATR2,stats.by_hour,14,REENTER,1
design-period_1m,ST5_FB,W-ATR2,stats.by_hour,15,BLOCK,1
design-period_1m,ST5_FB,W-ATR2,stats.by_hour,15,WATCH,2
design-period_1m,ST5_FB,W-ATR2,stats.by_hour,>=15:20,BLOCK,4
design-period_1m,ST5_FB,W-ATR2,stats.by_visit,2,WATCH,1
design-period_1m,ST5_FB,W-ATR2,stats.by_visit,4+,WATCH,36
design-period_1m,ST5_FB,W-ATR2,stats.by_visit,4+,TAKE,4
design-period_1m,ST5_FB,W-ATR2,stats.by_visit,4+,BLOCK,8
design-period_1m,ST5_FB,W-ATR2,stats.by_visit,4+,REENTER,6
design-period_1m,ST5_FB,W-ATR2,stats.by_dir,up,WATCH,20
design-period_1m,ST5_FB,W-ATR2,stats.by_dir,up,TAKE,1
design-period_1m,ST5_FB,W-ATR2,stats.by_dir,up,BLOCK,2
design-period_1m,ST5_FB,W-ATR2,stats.by_dir,up,REENTER,2
design-period_1m,ST5_FB,W-ATR2,stats.by_dir,down,WATCH,17
design-period_1m,ST5_FB,W-ATR2,stats.by_dir,down,TAKE,3
design-period_1m,ST5_FB,W-ATR2,stats.by_dir,down,BLOCK,6
design-period_1m,ST5_FB,W-ATR2,stats.by_dir,down,REENTER,4
design-period_1m,ST5_FB,W-ATR2,stats.by_zone_kind,A,WATCH,5
design-period_1m,ST5_FB,W-ATR2,stats.by_zone_kind,B,WATCH,32
design-period_1m,ST5_FB,W-ATR2,stats.by_zone_kind,B,TAKE,4
design-period_1m,ST5_FB,W-ATR2,stats.by_zone_kind,B,BLOCK,8
design-period_1m,ST5_FB,W-ATR2,stats.by_zone_kind,B,REENTER,6
design-period_1m,ST5_FB,W-ATR2,stats.reads_at_setup,LEAVE,,25
design-period_1m,ST5_FB,W-ATR2,stats.reads_at_setup,PENDING,,16
design-period_1m,ST5_FB,W-ATR2,stats.reads_at_setup,ACCEPTED,,10
design-period_1m,ST5_FB,W-ATR2,stats.reads_at_setup,RECYCLE,,4
design-period_1m,ST5_FB,W-ATR2,stats,visit_n_median,,19
design-period_1m,ST5_FB,W-ATR2,stats.accepted_revisit,setups,,10
design-period_1m,ST5_FB,W-ATR2,stats.accepted_revisit,bars,,1361
design-period_1m,ST5_FB,W-ATR2,stats,accepted_time_only,,10
design-period_1m,ST5_FB,W-ATR2,stats,vol_na,,0
design-period_1m,ST5_FB,W-ATR2,stats,first_vol_na,,52
design-period_1m,ST5_FB,W-ATR2,stats.r4,bars_evaluated,,604
design-period_1m,ST5_FB,W-ATR2,stats.r4,bars_fail,,270
design-period_1m,ST5_FB,W-ATR2,stats.r4,bars_na,,0
design-period_1m,ST5_FB,W-ATR2,stats.r4,leave_setups,true,14
design-period_1m,ST5_FB,W-ATR2,stats.r4,leave_setups,false,11
design-period_1m,ST5_FB,W-ATR2,stats.leave_far_side,seeded,,block_list
design-period_1m,ST5_FB,W-ATR2,stats.leave_far_side,any,,11
design-period_1m,ST5_FB,W-ATR2,stats.leave_far_side,block_list,,1
design-period_1m,ST5_FB,W-ATR2,stats.leave_far_side,no_band,,0
design-period_1m,ST5_FB,W-ATR2,stats.branch1,n,,1
design-period_1m,ST5_FB,W-ATR2,stats.branch1,far_side_no_band,,0
design-period_1m,ST5_FB,W-ATR2,stats.branch1,far_side_in_band,,1
design-period_1m,ST5_FB,W-ATR2,stats.branch1,in_band_visit_n,3,1
design-period_1m,ST5_FB,W-ATR2,stats.branch1,in_band_visit_n_median,,3
design-period_1m,ST5_FB,W-ATR2,stats.branch1,in_band_entered_read,ACCEPTED,1
design-period_1m,ST5_FB,W-ATR2,stats.watches,opened,,42
design-period_1m,ST5_FB,W-ATR2,stats.watches,kinds,WATCH,28
design-period_1m,ST5_FB,W-ATR2,stats.watches,kinds,WATCH_EDGE,14
design-period_1m,ST5_FB,W-ATR2,stats.watches,outcomes,replaced,11
design-period_1m,ST5_FB,W-ATR2,stats.watches,outcomes,armed_expired:back_inside,9
design-period_1m,ST5_FB,W-ATR2,stats.watches,outcomes,cancelled:opposite_leave,9
design-period_1m,ST5_FB,W-ATR2,stats.watches,outcomes,reenter,6
design-period_1m,ST5_FB,W-ATR2,stats.watches,outcomes,armed_expired:session_end,5
design-period_1m,ST5_FB,W-ATR2,stats.watches,outcomes,armed_expired:opposite_leave,1
design-period_1m,ST5_FB,W-ATR2,stats.watches,outcomes,cancelled:opposite_take,1
design-period_1m,ST5_FB,W-ATR2,stats.watches,armed,,29
design-period_1m,ST5_FB,W-ATR2,stats.watches,armed_expired,back_inside,9
design-period_1m,ST5_FB,W-ATR2,stats.watches,armed_expired,session_end,5
design-period_1m,ST5_FB,W-ATR2,stats.watches,armed_expired,opposite_leave,1
design-period_1m,ST5_FB,W-ATR2,stats.watches,armed_bars_median,,6
design-period_1m,ST5_FB,W-ATR2,stats.watches,rearmed_bars_median,,5
design-period_1m,ST5_FB,W-ATR2,stats.watches,rearmed,,11
design-period_1m,ST5_FB,W-ATR2,stats.watches,no_same_dir_setup,,4
design-period_1m,ST5_FB,W-ATR2,stats.watches,clock_1520,,4
design-period_1m,ST5_FB,W-ATR2,stats.watches,reenter_refused,,0
design-period_1m,ST5_FB,W-ATR2,stats.watches,reenter_in_position,,0
design-period_1m,ST5_FB,W-ATR2,stats.positions,TAKE,,4
design-period_1m,ST5_FB,W-ATR2,stats.positions,REENTER,,6
design-period_1m,ST5_FB,W-ATR2,stats.positions,reenter_exits,next_choch,4
design-period_1m,ST5_FB,W-ATR2,stats.positions,reenter_exits,stop_loss,2
design-period_1m,ST5_FB,W-ATR2,stats.positions,reenter_fill,reenter_close,5
design-period_1m,ST5_FB,W-ATR2,stats.positions,reenter_fill,setup_close,1
design-period_1m,ST5_FB,W-ATR2,stats.positions,reenter_sl_bar,setup,6
design-period_1m,ST5_FB,W-ATR2,stats.positions,reenter_sl_in_band,,4
design-period_1m,ST5_FB,W-ATR2,stats.positions,reenter_converted_take,,0
design-period_1m,ST5_FB,W-ATR2,stats.positions,take_refused,,0
design-period_1m,ST5_FB,W-ATR2,stats,active_sessions,,8
design-period_1m,ST5_FB,W-ATR2,stats,sessions,,22
design-period_1m,ST5_FB,W-ATR2,stats,dormant,,"[[""2026-09-07"", ""2026-09-25"", 14]]"
design-period_1m,ST5_FB,W-ATR2,stats.card,bars,,8250
design-period_1m,ST5_FB,W-ATR2,stats.card,inside_pct,,93.5
design-period_1m,ST5_FB,W-ATR2,stats.card,ref_live_pct,,95.5
design-period_1m,ST5_FB,W-ATR2,stats.card,reads,FIRST_PRINT,1.6
design-period_1m,ST5_FB,W-ATR2,stats.card,reads,ACCEPTED,16.5
design-period_1m,ST5_FB,W-ATR2,stats.card,reads,RECYCLE,10.2
design-period_1m,ST5_FB,W-ATR2,stats.card,reads,THIN,10.8
design-period_1m,ST5_FB,W-ATR2,stats.card,reads,HUNT,0.9
design-period_1m,ST5_FB,W-ATR2,stats.card,reads,REJECT,6.9
design-period_1m,ST5_FB,W-ATR2,stats.card,reads,LEAVE,42.9
design-period_1m,ST5_FB,W-ATR2,stats.card,reads,PENDING,9.8
design-period_1m,ST5_FB,W-ATR2,stats.card,reads,NEW,0.3
design-period_1m,ST5_FB,W-ATR2,stats.card,leave_return_no_visit,,396
design-period_1m,ST5_FB,W-ATR2,stats.card,zones_since_memory_start,,124
design-period_1m,ST5_FB,W-ATR2,stats.card,births_in_window,A,1
design-period_1m,ST5_FB,W-ATR2,stats.card,births_in_window,B,53
design-period_1m,ST5_FB,W-ATR2,stats.card,since_memory_start,births_A,14
design-period_1m,ST5_FB,W-ATR2,stats.card,since_memory_start,births_B,110
design-period_1m,ST5_FB,W-ATR2,stats.card,since_memory_start,births_B_drift,34
design-period_1m,ST5_FB,W-ATR2,stats.card,since_memory_start,merges_A,689
design-period_1m,ST5_FB,W-ATR2,stats.card,since_memory_start,merges_B,859
design-period_1m,ST5_FB,W-ATR2,bridge.lines,raw_net,label,Foundation net
design-period_1m,ST5_FB,W-ATR2,bridge.lines,raw_net,n,40
design-period_1m,ST5_FB,W-ATR2,bridge.lines,raw_net,value,-2044.7
design-period_1m,ST5_FB,W-ATR2,bridge.lines,avoided_price,label,avoided price move of Foundation positions FZ did not hold
design-period_1m,ST5_FB,W-ATR2,bridge.lines,avoided_price,n,31
design-period_1m,ST5_FB,W-ATR2,bridge.lines,avoided_price,value,-4735.25
design-period_1m,ST5_FB,W-ATR2,bridge.lines,avoided_cost,label,avoided charges + slippage of those positions
design-period_1m,ST5_FB,W-ATR2,bridge.lines,avoided_cost,n,31
design-period_1m,ST5_FB,W-ATR2,bridge.lines,avoided_cost,value,4764.16
design-period_1m,ST5_FB,W-ATR2,bridge.lines,reenter_delta,label,REENTER vs Foundation's exit of the same SETUP
design-period_1m,ST5_FB,W-ATR2,bridge.lines,reenter_delta,n,5
design-period_1m,ST5_FB,W-ATR2,bridge.lines,reenter_delta,value,-42.19
design-period_1m,ST5_FB,W-ATR2,bridge.lines,reenter_new,label,REENTER with no Foundation position of its own
design-period_1m,ST5_FB,W-ATR2,bridge.lines,reenter_new,n,0
design-period_1m,ST5_FB,W-ATR2,bridge.lines,reenter_new,value,0.0
design-period_1m,ST5_FB,W-ATR2,bridge.lines,fz_net,label,FZ net
design-period_1m,ST5_FB,W-ATR2,bridge.lines,fz_net,n,9
design-period_1m,ST5_FB,W-ATR2,bridge.lines,fz_net,value,-2057.98
design-period_1m,ST5_FB,W-ATR2,bridge,kept,,4
design-period_1m,ST5_FB,W-ATR2,bridge,replaced,,5
design-period_1m,ST5_FB,W-ATR2,bridge,avoided,,31
design-period_1m,ST5_FB,W-ATR2,bridge,selection,,-4777.44
design-period_1m,ST5_FB,W-ATR2,bridge,costs,,4764.16
design-period_1m,ST5_FB,W-ATR2,control,scheme,,"session-matched: per session, as many Foundation positions drawn at random as FZ held"
design-period_1m,ST5_FB,W-ATR2,control,seed,,fz|ST5_FB|design-period_1m|9|<draw>
design-period_1m,ST5_FB,W-ATR2,control,draws,,2000
design-period_1m,ST5_FB,W-ATR2,control,k,,9
design-period_1m,ST5_FB,W-ATR2,control,capped,,0
design-period_1m,ST5_FB,W-ATR2,control,p5,,-4112.65
design-period_1m,ST5_FB,W-ATR2,control,p50,,-1777.5
design-period_1m,ST5_FB,W-ATR2,control,p95,,2881.73
design-period_1m,ST5_FB,W-ATR2,control,fz_net,,-2057.98
design-period_1m,ST5_FB,W-ATR2,control,fz_pct,,45.0
design-period_1m,ST5_FB,W-ATR2,control,p_beat,,0.5502
design-period_1m,ST5_FB,W-ATR2,permutation,kept_n,,9
design-period_1m,ST5_FB,W-ATR2,permutation,blocked_n,,31
design-period_1m,ST5_FB,W-ATR2,permutation,kept_mean,,-223.98
design-period_1m,ST5_FB,W-ATR2,permutation,blocked_mean,,-0.93
design-period_1m,ST5_FB,W-ATR2,permutation,diff,,-223.04
design-period_1m,ST5_FB,W-ATR2,permutation,p,,0.7716
design-period_1m,ST5_FB,W-ATR2,permutation,draws,,2000
design-period_1m,ST5_FB,W-ATR2,books.fz,n,,9
design-period_1m,ST5_FB,W-ATR2,books.fz,net,,-2057.98
design-period_1m,ST5_FB,W-ATR2,books.fz,mean,,-228.66
design-period_1m,ST5_FB,W-ATR2,books.fz,sd,,557.8
design-period_1m,ST5_FB,W-ATR2,books.fz,wins,,2
design-period_1m,ST5_FB,W-ATR2,books.fz,pf,,0.39
design-period_1m,ST5_FB,W-ATR2,books.fz,t_trade,,-1.23
design-period_1m,ST5_FB,W-ATR2,books.fz,t_session,,-2.22
design-period_1m,ST5_FB,W-ATR2,books.fz,sessions,,6
design-period_1m,ST5_FB,W-ATR2,books.fz,weeks,,2
design-period_1m,ST5_FB,W-ATR2,books.fz,open,,0
design-period_1m,ST5_FB,W-ATR2,books.fz,net_ex_open,,-2057.98
design-period_1m,ST5_FB,W-ATR2,books.fz,ci_inr,,428.76
design-period_1m,ST5_FB,W-ATR2,books.fz,ci_pts,,6.6
design-period_1m,ST5_FB,W-ATR2,books.raw,n,,40
design-period_1m,ST5_FB,W-ATR2,books.raw,net,,-2044.7
design-period_1m,ST5_FB,W-ATR2,books.raw,mean,,-51.12
design-period_1m,ST5_FB,W-ATR2,books.raw,sd,,2547.26
design-period_1m,ST5_FB,W-ATR2,books.raw,wins,,12
design-period_1m,ST5_FB,W-ATR2,books.raw,pf,,0.92
design-period_1m,ST5_FB,W-ATR2,books.raw,t_trade,,-0.13
design-period_1m,ST5_FB,W-ATR2,books.raw,t_session,,-0.11
design-period_1m,ST5_FB,W-ATR2,books.raw,sessions,,8
design-period_1m,ST5_FB,W-ATR2,books.raw,weeks,,2
design-period_1m,ST5_FB,W-ATR2,books.raw,open,,0
design-period_1m,ST5_FB,W-ATR2,books.raw,net_ex_open,,-2044.7
design-period_1m,ST5_FB,W-ATR2,books.raw,ci_inr,,814.65
design-period_1m,ST5_FB,W-ATR2,books.raw,ci_pts,,12.53
design-period_1m,ST5_FB,W-ATR2,flags,n,,9
design-period_1m,ST5_FB,W-ATR2,flags,pf_t,,not reported
design-period_1m,ST5_FB,W-ATR2,flags,ci_inr,,428.76
design-period_1m,ST5_FB,W-ATR2,flags,ci_pts,,6.6
design-period_1m,ST5_FB,W-ATR2,flags,weeks,,suppressed
design-period_1m,ST5_FB,W-ATR2,flags,sharpe,,suppressed
design-period_1m,ST5_FB,W-ATR2,flags,rule,,"n < 10: ledger only, no PF / t; 10 <= n < 30: indicative, with the 95% CI on expectancy; weeks < 4: no week stats; active sessions < 10: no Sharpe / Calmar"
design-period_1m,ST5_FB,W-ATR2,all_na.gates,TAKE,,5
design-period_1m,ST5_FB,W-ATR2,all_na.gates,REENTER,,7
design-period_1m,ST5_FB,W-ATR2,all_na.gates,WATCH,,31
design-period_1m,ST5_FB,W-ATR2,all_na.gates,BLOCK,,12
design-period_1m,ST5_FB,W-ATR2,all_na.positions,TAKE,,5
design-period_1m,ST5_FB,W-ATR2,all_na.positions,REENTER,,7
unseen-test_1m,ST5_FB,W-ATR2,headline,setups,,152
unseen-test_1m,ST5_FB,W-ATR2,headline,take,,25
unseen-test_1m,ST5_FB,W-ATR2,headline,watch,,77
unseen-test_1m,ST5_FB,W-ATR2,headline,block,,34
unseen-test_1m,ST5_FB,W-ATR2,headline,reenter,,16
unseen-test_1m,ST5_FB,W-ATR2,headline.at_setup,TAKE,,25
unseen-test_1m,ST5_FB,W-ATR2,headline.at_setup,REENTER,,1
unseen-test_1m,ST5_FB,W-ATR2,headline.at_setup,WATCH,,92
unseen-test_1m,ST5_FB,W-ATR2,headline.at_setup,BLOCK,,34
unseen-test_1m,ST5_FB,W-ATR2,headline,take_trades,,25
unseen-test_1m,ST5_FB,W-ATR2,headline,reenter_trades,,16
unseen-test_1m,ST5_FB,W-ATR2,headline,priced,,28
unseen-test_1m,ST5_FB,W-ATR2,headline,control_pct,,15.7
unseen-test_1m,ST5_FB,W-ATR2,headline,control_p_beat,,0.8431
unseen-test_1m,ST5_FB,W-ATR2,headline,perm_p,,0.8001
unseen-test_1m,ST5_FB,W-ATR2,headline,active_sessions,,22
unseen-test_1m,ST5_FB,W-ATR2,headline,sessions,,35
unseen-test_1m,ST5_FB,W-ATR2,headline,pf_t,,indicative
unseen-test_1m,ST5_FB,W-ATR2,stats,setups,,152
unseen-test_1m,ST5_FB,W-ATR2,stats.gates,TAKE,,25
unseen-test_1m,ST5_FB,W-ATR2,stats.gates,REENTER,,16
unseen-test_1m,ST5_FB,W-ATR2,stats.gates,WATCH,,77
unseen-test_1m,ST5_FB,W-ATR2,stats.gates,BLOCK,,34
unseen-test_1m,ST5_FB,W-ATR2,stats.gates_at_setup,TAKE,,25
unseen-test_1m,ST5_FB,W-ATR2,stats.gates_at_setup,REENTER,,1
unseen-test_1m,ST5_FB,W-ATR2,stats.gates_at_setup,WATCH,,92
unseen-test_1m,ST5_FB,W-ATR2,stats.gates_at_setup,BLOCK,,34
unseen-test_1m,ST5_FB,W-ATR2,stats.gate_read,TAKE,LEAVE,9
unseen-test_1m,ST5_FB,W-ATR2,stats.gate_read,TAKE,ACCEPTED,16
unseen-test_1m,ST5_FB,W-ATR2,stats.gate_read,REENTER,PENDING,16
unseen-test_1m,ST5_FB,W-ATR2,stats.gate_read,WATCH,RECYCLE,10
unseen-test_1m,ST5_FB,W-ATR2,stats.gate_read,WATCH,LEAVE,45
unseen-test_1m,ST5_FB,W-ATR2,stats.gate_read,WATCH,HUNT,2
unseen-test_1m,ST5_FB,W-ATR2,stats.gate_read,WATCH,PENDING,13
unseen-test_1m,ST5_FB,W-ATR2,stats.gate_read,WATCH,ACCEPTED,5
unseen-test_1m,ST5_FB,W-ATR2,stats.gate_read,WATCH,REJECT,2
unseen-test_1m,ST5_FB,W-ATR2,stats.gate_read,BLOCK,PENDING,12
unseen-test_1m,ST5_FB,W-ATR2,stats.gate_read,BLOCK,LEAVE,19
unseen-test_1m,ST5_FB,W-ATR2,stats.gate_read,BLOCK,ACCEPTED,2
unseen-test_1m,ST5_FB,W-ATR2,stats.gate_read,BLOCK,RECYCLE,1
unseen-test_1m,ST5_FB,W-ATR2,stats.block_read,clock,ACCEPTED,1
unseen-test_1m,ST5_FB,W-ATR2,stats.block_read,clock,PENDING,2
unseen-test_1m,ST5_FB,W-ATR2,stats.block_read,clock,RECYCLE,1
unseen-test_1m,ST5_FB,W-ATR2,stats.block_read,hunt_fade,PENDING,6
unseen-test_1m,ST5_FB,W-ATR2,stats.block_read,hunt_fade,LEAVE,15
unseen-test_1m,ST5_FB,W-ATR2,stats.block_read,hunt_fade,ACCEPTED,1
unseen-test_1m,ST5_FB,W-ATR2,stats.block_read,open_pierce,LEAVE,4
unseen-test_1m,ST5_FB,W-ATR2,stats.block_read,open_pierce,PENDING,4
unseen-test_1m,ST5_FB,W-ATR2,stats.watch_reason,leave_into_recycle,,45
unseen-test_1m,ST5_FB,W-ATR2,stats.branches,TAKE,leave,9
unseen-test_1m,ST5_FB,W-ATR2,stats.branches,TAKE,defend,16
unseen-test_1m,ST5_FB,W-ATR2,stats.branches,REENTER,watch,1
unseen-test_1m,ST5_FB,W-ATR2,stats.take_why,leave_into_recycle,,45
unseen-test_1m,ST5_FB,W-ATR2,stats.take_why,accepted_no_defend,,5
unseen-test_1m,ST5_FB,W-ATR2,stats.by_hour,<09:25,BLOCK,8
unseen-test_1m,ST5_FB,W-ATR2,stats.by_hour,09,WATCH,12
unseen-test_1m,ST5_FB,W-ATR2,stats.by_hour,09,BLOCK,4
unseen-test_1m,ST5_FB,W-ATR2,stats.by_hour,09,REENTER,2
unseen-test_1m,ST5_FB,W-ATR2,stats.by_hour,09,TAKE,3
unseen-test_1m,ST5_FB,W-ATR2,stats.by_hour,10,WATCH,12
unseen-test_1m,ST5_FB,W-ATR2,stats.by_hour,10,REENTER,6
unseen-test_1m,ST5_FB,W-ATR2,stats.by_hour,10,TAKE,5
unseen-test_1m,ST5_FB,W-ATR2,stats.by_hour,10,BLOCK,3
unseen-test_1m,ST5_FB,W-ATR2,stats.by_hour,11,WATCH,14
unseen-test_1m,ST5_FB,W-ATR2,stats.by_hour,11,BLOCK,1
unseen-test_1m,ST5_FB,W-ATR2,stats.by_hour,11,TAKE,1
unseen-test_1m,ST5_FB,W-ATR2,stats.by_hour,12,BLOCK,4
unseen-test_1m,ST5_FB,W-ATR2,stats.by_hour,12,WATCH,13
unseen-test_1m,ST5_FB,W-ATR2,stats.by_hour,12,TAKE,5
unseen-test_1m,ST5_FB,W-ATR2,stats.by_hour,12,REENTER,1
unseen-test_1m,ST5_FB,W-ATR2,stats.by_hour,13,BLOCK,7
unseen-test_1m,ST5_FB,W-ATR2,stats.by_hour,13,WATCH,10
unseen-test_1m,ST5_FB,W-ATR2,stats.by_hour,13,REENTER,1
unseen-test_1m,ST5_FB,W-ATR2,stats.by_hour,13,TAKE,5
unseen-test_1m,ST5_FB,W-ATR2,stats.by_hour,14,WATCH,10
unseen-test_1m,ST5_FB,W-ATR2,stats.by_hour,14,REENTER,5
unseen-test_1m,ST5_FB,W-ATR2,stats.by_hour,14,BLOCK,2
unseen-test_1m,ST5_FB,W-ATR2,stats.by_hour,14,TAKE,5
unseen-test_1m,ST5_FB,W-ATR2,stats.by_hour,15,REENTER,1
unseen-test_1m,ST5_FB,W-ATR2,stats.by_hour,15,WATCH,6
unseen-test_1m,ST5_FB,W-ATR2,stats.by_hour,15,TAKE,1
unseen-test_1m,ST5_FB,W-ATR2,stats.by_hour,15,BLOCK,1
unseen-test_1m,ST5_FB,W-ATR2,stats.by_hour,>=15:20,BLOCK,4
unseen-test_1m,ST5_FB,W-ATR2,stats.by_visit,1,TAKE,1
unseen-test_1m,ST5_FB,W-ATR2,stats.by_visit,2,WATCH,2
unseen-test_1m,ST5_FB,W-ATR2,stats.by_visit,2,TAKE,1
unseen-test_1m,ST5_FB,W-ATR2,stats.by_visit,2,REENTER,2
unseen-test_1m,ST5_FB,W-ATR2,stats.by_visit,3,REENTER,1
unseen-test_1m,ST5_FB,W-ATR2,stats.by_visit,4+,WATCH,75
unseen-test_1m,ST5_FB,W-ATR2,stats.by_visit,4+,REENTER,13
unseen-test_1m,ST5_FB,W-ATR2,stats.by_visit,4+,BLOCK,34
unseen-test_1m,ST5_FB,W-ATR2,stats.by_visit,4+,TAKE,20
unseen-test_1m,ST5_FB,W-ATR2,stats.by_visit,none,TAKE,3
unseen-test_1m,ST5_FB,W-ATR2,stats.by_dir,up,WATCH,39
unseen-test_1m,ST5_FB,W-ATR2,stats.by_dir,up,REENTER,11
unseen-test_1m,ST5_FB,W-ATR2,stats.by_dir,up,BLOCK,18
unseen-test_1m,ST5_FB,W-ATR2,stats.by_dir,up,TAKE,12
unseen-test_1m,ST5_FB,W-ATR2,stats.by_dir,down,WATCH,38
unseen-test_1m,ST5_FB,W-ATR2,stats.by_dir,down,REENTER,5
unseen-test_1m,ST5_FB,W-ATR2,stats.by_dir,down,BLOCK,16
unseen-test_1m,ST5_FB,W-ATR2,stats.by_dir,down,TAKE,13
unseen-test_1m,ST5_FB,W-ATR2,stats.by_zone_kind,A,WATCH,13
unseen-test_1m,ST5_FB,W-ATR2,stats.by_zone_kind,A,REENTER,4
unseen-test_1m,ST5_FB,W-ATR2,stats.by_zone_kind,A,TAKE,8
unseen-test_1m,ST5_FB,W-ATR2,stats.by_zone_kind,A,BLOCK,6
unseen-test_1m,ST5_FB,W-ATR2,stats.by_zone_kind,B,WATCH,64
unseen-test_1m,ST5_FB,W-ATR2,stats.by_zone_kind,B,BLOCK,28
unseen-test_1m,ST5_FB,W-ATR2,stats.by_zone_kind,B,REENTER,12
unseen-test_1m,ST5_FB,W-ATR2,stats.by_zone_kind,B,TAKE,14
unseen-test_1m,ST5_FB,W-ATR2,stats.by_zone_kind,none,TAKE,3
unseen-test_1m,ST5_FB,W-ATR2,stats.reads_at_setup,LEAVE,,73
unseen-test_1m,ST5_FB,W-ATR2,stats.reads_at_setup,PENDING,,41
unseen-test_1m,ST5_FB,W-ATR2,stats.reads_at_setup,ACCEPTED,,23
unseen-test_1m,ST5_FB,W-ATR2,stats.reads_at_setup,RECYCLE,,11
unseen-test_1m,ST5_FB,W-ATR2,stats.reads_at_setup,HUNT,,2
unseen-test_1m,ST5_FB,W-ATR2,stats.reads_at_setup,REJECT,,2
unseen-test_1m,ST5_FB,W-ATR2,stats,visit_n_median,,19
unseen-test_1m,ST5_FB,W-ATR2,stats.accepted_revisit,setups,,23
unseen-test_1m,ST5_FB,W-ATR2,stats.accepted_revisit,bars,,3353
unseen-test_1m,ST5_FB,W-ATR2,stats,accepted_time_only,,23
unseen-test_1m,ST5_FB,W-ATR2,stats,vol_na,,152
unseen-test_1m,ST5_FB,W-ATR2,stats,first_vol_na,,149
unseen-test_1m,ST5_FB,W-ATR2,stats.r4,bars_evaluated,,0
unseen-test_1m,ST5_FB,W-ATR2,stats.r4,bars_fail,,0
unseen-test_1m,ST5_FB,W-ATR2,stats.r4,bars_na,,1751
unseen-test_1m,ST5_FB,W-ATR2,stats.r4,leave_setups,none,73
unseen-test_1m,ST5_FB,W-ATR2,stats.leave_far_side,seeded,,block_list
unseen-test_1m,ST5_FB,W-ATR2,stats.leave_far_side,any,,54
unseen-test_1m,ST5_FB,W-ATR2,stats.leave_far_side,block_list,,9
unseen-test_1m,ST5_FB,W-ATR2,stats.leave_far_side,no_band,,4
unseen-test_1m,ST5_FB,W-ATR2,stats.branch1,n,,9
unseen-test_1m,ST5_FB,W-ATR2,stats.branch1,far_side_no_band,,4
unseen-test_1m,ST5_FB,W-ATR2,stats.branch1,far_side_in_band,,5
unseen-test_1m,ST5_FB,W-ATR2,stats.branch1,in_band_visit_n,4+,3
unseen-test_1m,ST5_FB,W-ATR2,stats.branch1,in_band_visit_n,1,2
unseen-test_1m,ST5_FB,W-ATR2,stats.branch1,in_band_visit_n_median,,14
unseen-test_1m,ST5_FB,W-ATR2,stats.branch1,in_band_entered_read,ACCEPTED,3
unseen-test_1m,ST5_FB,W-ATR2,stats.branch1,in_band_entered_read,FIRST_PRINT,2
unseen-test_1m,ST5_FB,W-ATR2,stats.watches,opened,,92
unseen-test_1m,ST5_FB,W-ATR2,stats.watches,kinds,WATCH,64
unseen-test_1m,ST5_FB,W-ATR2,stats.watches,kinds,WATCH_EDGE,28
unseen-test_1m,ST5_FB,W-ATR2,stats.watches,outcomes,cancelled:opposite_leave,26
unseen-test_1m,ST5_FB,W-ATR2,stats.watches,outcomes,armed_expired:back_inside,20
unseen-test_1m,ST5_FB,W-ATR2,stats.watches,outcomes,reenter,16
unseen-test_1m,ST5_FB,W-ATR2,stats.watches,outcomes,replaced,13
unseen-test_1m,ST5_FB,W-ATR2,stats.watches,outcomes,armed_expired:session_end,8
unseen-test_1m,ST5_FB,W-ATR2,stats.watches,outcomes,armed_expired:opposite_leave,4
unseen-test_1m,ST5_FB,W-ATR2,stats.watches,outcomes,armed_expired:opposite_take,2
unseen-test_1m,ST5_FB,W-ATR2,stats.watches,outcomes,cancelled:opposite_take,2
unseen-test_1m,ST5_FB,W-ATR2,stats.watches,outcomes,cancelled:session_end,1
unseen-test_1m,ST5_FB,W-ATR2,stats.watches,armed,,60
unseen-test_1m,ST5_FB,W-ATR2,stats.watches,armed_expired,back_inside,20
unseen-test_1m,ST5_FB,W-ATR2,stats.watches,armed_expired,session_end,8
unseen-test_1m,ST5_FB,W-ATR2,stats.watches,armed_expired,opposite_leave,4
unseen-test_1m,ST5_FB,W-ATR2,stats.watches,armed_expired,opposite_take,2
unseen-test_1m,ST5_FB,W-ATR2,stats.watches,armed_bars_median,,7.5
unseen-test_1m,ST5_FB,W-ATR2,stats.watches,rearmed_bars_median,,5.5
unseen-test_1m,ST5_FB,W-ATR2,stats.watches,rearmed,,19
unseen-test_1m,ST5_FB,W-ATR2,stats.watches,no_same_dir_setup,,15
unseen-test_1m,ST5_FB,W-ATR2,stats.watches,clock_1520,,2
unseen-test_1m,ST5_FB,W-ATR2,stats.watches,reenter_refused,,0
unseen-test_1m,ST5_FB,W-ATR2,stats.watches,reenter_in_position,,0
unseen-test_1m,ST5_FB,W-ATR2,stats.positions,TAKE,,25
unseen-test_1m,ST5_FB,W-ATR2,stats.positions,REENTER,,16
unseen-test_1m,ST5_FB,W-ATR2,stats.positions,reenter_exits,next_choch,7
unseen-test_1m,ST5_FB,W-ATR2,stats.positions,reenter_exits,stop_loss,5
unseen-test_1m,ST5_FB,W-ATR2,stats.positions,reenter_exits,band_reclaim,4
unseen-test_1m,ST5_FB,W-ATR2,stats.positions,reenter_fill,reenter_close,15
unseen-test_1m,ST5_FB,W-ATR2,stats.positions,reenter_fill,setup_close,1
unseen-test_1m,ST5_FB,W-ATR2,stats.positions,reenter_sl_bar,setup,12
unseen-test_1m,ST5_FB,W-ATR2,stats.positions,reenter_sl_bar,fill,4
unseen-test_1m,ST5_FB,W-ATR2,stats.positions,reenter_sl_in_band,,14
unseen-test_1m,ST5_FB,W-ATR2,stats.positions,reenter_converted_take,,0
unseen-test_1m,ST5_FB,W-ATR2,stats.positions,take_refused,,0
unseen-test_1m,ST5_FB,W-ATR2,stats,active_sessions,,22
unseen-test_1m,ST5_FB,W-ATR2,stats,sessions,,35
unseen-test_1m,ST5_FB,W-ATR2,stats,dormant,,"[[""2026-07-27"", ""2026-08-11"", 12], [""2026-08-19"", ""2026-08-19"", 1]]"
unseen-test_1m,ST5_FB,W-ATR2,stats.card,bars,,13125
unseen-test_1m,ST5_FB,W-ATR2,stats.card,inside_pct,,96.6
unseen-test_1m,ST5_FB,W-ATR2,stats.card,ref_live_pct,,97.4
unseen-test_1m,ST5_FB,W-ATR2,stats.card,reads,FIRST_PRINT,0.2
unseen-test_1m,ST5_FB,W-ATR2,stats.card,reads,ACCEPTED,25.5
unseen-test_1m,ST5_FB,W-ATR2,stats.card,reads,RECYCLE,13.0
unseen-test_1m,ST5_FB,W-ATR2,stats.card,reads,THIN,0.0
unseen-test_1m,ST5_FB,W-ATR2,stats.card,reads,HUNT,2.8
unseen-test_1m,ST5_FB,W-ATR2,stats.card,reads,REJECT,4.5
unseen-test_1m,ST5_FB,W-ATR2,stats.card,reads,LEAVE,44.3
unseen-test_1m,ST5_FB,W-ATR2,stats.card,reads,PENDING,9.3
unseen-test_1m,ST5_FB,W-ATR2,stats.card,reads,NEW,0.3
unseen-test_1m,ST5_FB,W-ATR2,stats.card,leave_return_no_visit,,710
unseen-test_1m,ST5_FB,W-ATR2,stats.card,zones_since_memory_start,,70
unseen-test_1m,ST5_FB,W-ATR2,stats.card,births_in_window,A,11
unseen-test_1m,ST5_FB,W-ATR2,stats.card,births_in_window,B,27
unseen-test_1m,ST5_FB,W-ATR2,stats.card,since_memory_start,births_A,13
unseen-test_1m,ST5_FB,W-ATR2,stats.card,since_memory_start,births_B,57
unseen-test_1m,ST5_FB,W-ATR2,stats.card,since_memory_start,births_B_drift,19
unseen-test_1m,ST5_FB,W-ATR2,stats.card,since_memory_start,merges_A,493
unseen-test_1m,ST5_FB,W-ATR2,stats.card,since_memory_start,merges_B,517
unseen-test_1m,ST5_FB,W-ATR2,bridge.lines,raw_net,label,Foundation net
unseen-test_1m,ST5_FB,W-ATR2,bridge.lines,raw_net,n,113
unseen-test_1m,ST5_FB,W-ATR2,bridge.lines,raw_net,value,-49815.43
unseen-test_1m,ST5_FB,W-ATR2,bridge.lines,avoided_price,label,avoided price move of Foundation positions FZ did not hold
unseen-test_1m,ST5_FB,W-ATR2,bridge.lines,avoided_price,n,85
unseen-test_1m,ST5_FB,W-ATR2,bridge.lines,avoided_price,value,23156.25
unseen-test_1m,ST5_FB,W-ATR2,bridge.lines,avoided_cost,label,avoided charges + slippage of those positions
unseen-test_1m,ST5_FB,W-ATR2,bridge.lines,avoided_cost,n,85
unseen-test_1m,ST5_FB,W-ATR2,bridge.lines,avoided_cost,value,12605.6
unseen-test_1m,ST5_FB,W-ATR2,bridge.lines,reenter_delta,label,REENTER vs Foundation's exit of the same SETUP
unseen-test_1m,ST5_FB,W-ATR2,bridge.lines,reenter_delta,n,14
unseen-test_1m,ST5_FB,W-ATR2,bridge.lines,reenter_delta,value,1917.63
unseen-test_1m,ST5_FB,W-ATR2,bridge.lines,reenter_new,label,REENTER with no Foundation position of its own
unseen-test_1m,ST5_FB,W-ATR2,bridge.lines,reenter_new,n,0
unseen-test_1m,ST5_FB,W-ATR2,bridge.lines,reenter_new,value,0.0
unseen-test_1m,ST5_FB,W-ATR2,bridge.lines,fz_net,label,FZ net
unseen-test_1m,ST5_FB,W-ATR2,bridge.lines,fz_net,n,28
unseen-test_1m,ST5_FB,W-ATR2,bridge.lines,fz_net,value,-12135.95
unseen-test_1m,ST5_FB,W-ATR2,bridge,kept,,14
unseen-test_1m,ST5_FB,W-ATR2,bridge,replaced,,14
unseen-test_1m,ST5_FB,W-ATR2,bridge,avoided,,85
unseen-test_1m,ST5_FB,W-ATR2,bridge,selection,,25073.88
unseen-test_1m,ST5_FB,W-ATR2,bridge,costs,,12605.6
unseen-test_1m,ST5_FB,W-ATR2,control,scheme,,"session-matched: per session, as many Foundation positions drawn at random as FZ held"
unseen-test_1m,ST5_FB,W-ATR2,control,seed,,fz|ST5_FB|unseen-test_1m|28|<draw>
unseen-test_1m,ST5_FB,W-ATR2,control,draws,,2000
unseen-test_1m,ST5_FB,W-ATR2,control,k,,28
unseen-test_1m,ST5_FB,W-ATR2,control,capped,,0
unseen-test_1m,ST5_FB,W-ATR2,control,p5,,-15175.26
unseen-test_1m,ST5_FB,W-ATR2,control,p50,,-6821.87
unseen-test_1m,ST5_FB,W-ATR2,control,p95,,1446.08
unseen-test_1m,ST5_FB,W-ATR2,control,fz_net,,-12135.95
unseen-test_1m,ST5_FB,W-ATR2,control,fz_pct,,15.7
unseen-test_1m,ST5_FB,W-ATR2,control,p_beat,,0.8431
unseen-test_1m,ST5_FB,W-ATR2,permutation,kept_n,,28
unseen-test_1m,ST5_FB,W-ATR2,permutation,blocked_n,,85
unseen-test_1m,ST5_FB,W-ATR2,permutation,kept_mean,,-501.91
unseen-test_1m,ST5_FB,W-ATR2,permutation,blocked_mean,,-420.73
unseen-test_1m,ST5_FB,W-ATR2,permutation,diff,,-81.19
unseen-test_1m,ST5_FB,W-ATR2,permutation,p,,0.8001
unseen-test_1m,ST5_FB,W-ATR2,permutation,draws,,2000
unseen-test_1m,ST5_FB,W-ATR2,books.fz,n,,28
unseen-test_1m,ST5_FB,W-ATR2,books.fz,net,,-12135.95
unseen-test_1m,ST5_FB,W-ATR2,books.fz,mean,,-433.43
unseen-test_1m,ST5_FB,W-ATR2,books.fz,sd,,1028.5
unseen-test_1m,ST5_FB,W-ATR2,books.fz,wins,,6
unseen-test_1m,ST5_FB,W-ATR2,books.fz,pf,,0.22
unseen-test_1m,ST5_FB,W-ATR2,books.fz,t_trade,,-2.23
unseen-test_1m,ST5_FB,W-ATR2,books.fz,t_session,,-2.09
unseen-test_1m,ST5_FB,W-ATR2,books.fz,sessions,,16
unseen-test_1m,ST5_FB,W-ATR2,books.fz,weeks,,6
unseen-test_1m,ST5_FB,W-ATR2,books.fz,open,,0
unseen-test_1m,ST5_FB,W-ATR2,books.fz,net_ex_open,,-12135.95
unseen-test_1m,ST5_FB,W-ATR2,books.fz,ci_inr,,398.81
unseen-test_1m,ST5_FB,W-ATR2,books.fz,ci_pts,,6.14
unseen-test_1m,ST5_FB,W-ATR2,books.raw,n,,113
unseen-test_1m,ST5_FB,W-ATR2,books.raw,net,,-49815.43
unseen-test_1m,ST5_FB,W-ATR2,books.raw,mean,,-440.84
unseen-test_1m,ST5_FB,W-ATR2,books.raw,sd,,1391.69
unseen-test_1m,ST5_FB,W-ATR2,books.raw,wins,,26
unseen-test_1m,ST5_FB,W-ATR2,books.raw,pf,,0.35
unseen-test_1m,ST5_FB,W-ATR2,books.raw,t_trade,,-3.37
unseen-test_1m,ST5_FB,W-ATR2,books.raw,t_session,,-2.84
unseen-test_1m,ST5_FB,W-ATR2,books.raw,sessions,,21
unseen-test_1m,ST5_FB,W-ATR2,books.raw,weeks,,7
unseen-test_1m,ST5_FB,W-ATR2,books.raw,open,,1
unseen-test_1m,ST5_FB,W-ATR2,books.raw,net_ex_open,,-55173.53
unseen-test_1m,ST5_FB,W-ATR2,books.raw,ci_inr,,259.4
unseen-test_1m,ST5_FB,W-ATR2,books.raw,ci_pts,,3.99
unseen-test_1m,ST5_FB,W-ATR2,flags,n,,28
unseen-test_1m,ST5_FB,W-ATR2,flags,pf_t,,indicative
unseen-test_1m,ST5_FB,W-ATR2,flags,ci_inr,,398.81
unseen-test_1m,ST5_FB,W-ATR2,flags,ci_pts,,6.14
unseen-test_1m,ST5_FB,W-ATR2,flags,weeks,,ok
unseen-test_1m,ST5_FB,W-ATR2,flags,sharpe,,ok
unseen-test_1m,ST5_FB,W-ATR2,flags,rule,,"n < 10: ledger only, no PF / t; 10 <= n < 30: indicative, with the 95% CI on expectancy; weeks < 4: no week stats; active sessions < 10: no Sharpe / Calmar"
unseen-test_1m,ST5_FB,W-ATR2,all_na.gates,TAKE,,25
unseen-test_1m,ST5_FB,W-ATR2,all_na.gates,REENTER,,16
unseen-test_1m,ST5_FB,W-ATR2,all_na.gates,WATCH,,77
unseen-test_1m,ST5_FB,W-ATR2,all_na.gates,BLOCK,,34
unseen-test_1m,ST5_FB,W-ATR2,all_na.positions,TAKE,,25
unseen-test_1m,ST5_FB,W-ATR2,all_na.positions,REENTER,,16
1m_1m,ST5_FB,W-ATR2,headline,setups,,55
1m_1m,ST5_FB,W-ATR2,headline,take,,4
1m_1m,ST5_FB,W-ATR2,headline,watch,,37
1m_1m,ST5_FB,W-ATR2,headline,block,,8
1m_1m,ST5_FB,W-ATR2,headline,reenter,,6
1m_1m,ST5_FB,W-ATR2,headline.at_setup,TAKE,,4
1m_1m,ST5_FB,W-ATR2,headline.at_setup,REENTER,,1
1m_1m,ST5_FB,W-ATR2,headline.at_setup,WATCH,,42
1m_1m,ST5_FB,W-ATR2,headline.at_setup,BLOCK,,8
1m_1m,ST5_FB,W-ATR2,headline,take_trades,,4
1m_1m,ST5_FB,W-ATR2,headline,reenter_trades,,6
1m_1m,ST5_FB,W-ATR2,headline,priced,,9
1m_1m,ST5_FB,W-ATR2,headline,control_pct,,43.9
1m_1m,ST5_FB,W-ATR2,headline,control_p_beat,,0.5617
1m_1m,ST5_FB,W-ATR2,headline,perm_p,,0.8011
1m_1m,ST5_FB,W-ATR2,headline,active_sessions,,8
1m_1m,ST5_FB,W-ATR2,headline,sessions,,22
1m_1m,ST5_FB,W-ATR2,headline,pf_t,,not reported
1m_1m,ST5_FB,W-ATR2,stats,setups,,55
1m_1m,ST5_FB,W-ATR2,stats.gates,TAKE,,4
1m_1m,ST5_FB,W-ATR2,stats.gates,REENTER,,6
1m_1m,ST5_FB,W-ATR2,stats.gates,WATCH,,37
1m_1m,ST5_FB,W-ATR2,stats.gates,BLOCK,,8
1m_1m,ST5_FB,W-ATR2,stats.gates_at_setup,TAKE,,4
1m_1m,ST5_FB,W-ATR2,stats.gates_at_setup,REENTER,,1
1m_1m,ST5_FB,W-ATR2,stats.gates_at_setup,WATCH,,42
1m_1m,ST5_FB,W-ATR2,stats.gates_at_setup,BLOCK,,8
1m_1m,ST5_FB,W-ATR2,stats.gate_read,TAKE,ACCEPTED,3
1m_1m,ST5_FB,W-ATR2,stats.gate_read,TAKE,LEAVE,1
1m_1m,ST5_FB,W-ATR2,stats.gate_read,REENTER,PENDING,5
1m_1m,ST5_FB,W-ATR2,stats.gate_read,REENTER,ACCEPTED,1
1m_1m,ST5_FB,W-ATR2,stats.gate_read,WATCH,LEAVE,20
1m_1m,ST5_FB,W-ATR2,stats.gate_read,WATCH,ACCEPTED,5
1m_1m,ST5_FB,W-ATR2,stats.gate_read,WATCH,PENDING,9
1m_1m,ST5_FB,W-ATR2,stats.gate_read,WATCH,RECYCLE,3
1m_1m,ST5_FB,W-ATR2,stats.gate_read,BLOCK,RECYCLE,1
1m_1m,ST5_FB,W-ATR2,stats.gate_read,BLOCK,PENDING,2
1m_1m,ST5_FB,W-ATR2,stats.gate_read,BLOCK,LEAVE,4
1m_1m,ST5_FB,W-ATR2,stats.gate_read,BLOCK,ACCEPTED,1
1m_1m,ST5_FB,W-ATR2,stats.block_read,clock,RECYCLE,1
1m_1m,ST5_FB,W-ATR2,stats.block_read,clock,LEAVE,2
1m_1m,ST5_FB,W-ATR2,stats.block_read,clock,ACCEPTED,1
1m_1m,ST5_FB,W-ATR2,stats.block_read,hunt_fade,PENDING,2
1m_1m,ST5_FB,W-ATR2,stats.block_read,open_pierce,LEAVE,2
1m_1m,ST5_FB,W-ATR2,stats.watch_reason,leave_into_recycle,,10
1m_1m,ST5_FB,W-ATR2,stats.branches,TAKE,defend,3
1m_1m,ST5_FB,W-ATR2,stats.branches,TAKE,leave,1
1m_1m,ST5_FB,W-ATR2,stats.branches,REENTER,watch,1
1m_1m,ST5_FB,W-ATR2,stats.take_why,leave_into_recycle,,10
1m_1m,ST5_FB,W-ATR2,stats.take_why,leave_vol_fail,,10
1m_1m,ST5_FB,W-ATR2,stats.take_why,accepted_no_defend,,5
1m_1m,ST5_FB,W-ATR2,stats.by_hour,<09:25,WATCH,1
1m_1m,ST5_FB,W-ATR2,stats.by_hour,<09:25,BLOCK,2
1m_1m,ST5_FB,W-ATR2,stats.by_hour,09,WATCH,2
1m_1m,ST5_FB,W-ATR2,stats.by_hour,09,TAKE,1
1m_1m,ST5_FB,W-ATR2,stats.by_hour,09,REENTER,1
1m_1m,ST5_FB,W-ATR2,stats.by_hour,10,WATCH,2
1m_1m,ST5_FB,W-ATR2,stats.by_hour,11,REENTER,1
1m_1m,ST5_FB,W-ATR2,stats.by_hour,11,WATCH,2
1m_1m,ST5_FB,W-ATR2,stats.by_hour,12,WATCH,5
1m_1m,ST5_FB,W-ATR2,stats.by_hour,12,TAKE,3
1m_1m,ST5_FB,W-ATR2,stats.by_hour,12,BLOCK,1
1m_1m,ST5_FB,W-ATR2,stats.by_hour,13,WATCH,13
1m_1m,ST5_FB,W-ATR2,stats.by_hour,13,REENTER,3
1m_1m,ST5_FB,W-ATR2,stats.by_hour,14,WATCH,10
1m_1m,ST5_FB,W-ATR2,stats.by_hour,14,REENTER,1
1m_1m,ST5_FB,W-ATR2,stats.by_hour,15,BLOCK,1
1m_1m,ST5_FB,W-ATR2,stats.by_hour,15,WATCH,2
1m_1m,ST5_FB,W-ATR2,stats.by_hour,>=15:20,BLOCK,4
1m_1m,ST5_FB,W-ATR2,stats.by_visit,2,WATCH,1
1m_1m,ST5_FB,W-ATR2,stats.by_visit,4+,WATCH,36
1m_1m,ST5_FB,W-ATR2,stats.by_visit,4+,TAKE,4
1m_1m,ST5_FB,W-ATR2,stats.by_visit,4+,BLOCK,8
1m_1m,ST5_FB,W-ATR2,stats.by_visit,4+,REENTER,6
1m_1m,ST5_FB,W-ATR2,stats.by_dir,up,WATCH,20
1m_1m,ST5_FB,W-ATR2,stats.by_dir,up,TAKE,1
1m_1m,ST5_FB,W-ATR2,stats.by_dir,up,BLOCK,2
1m_1m,ST5_FB,W-ATR2,stats.by_dir,up,REENTER,2
1m_1m,ST5_FB,W-ATR2,stats.by_dir,down,WATCH,17
1m_1m,ST5_FB,W-ATR2,stats.by_dir,down,TAKE,3
1m_1m,ST5_FB,W-ATR2,stats.by_dir,down,BLOCK,6
1m_1m,ST5_FB,W-ATR2,stats.by_dir,down,REENTER,4
1m_1m,ST5_FB,W-ATR2,stats.by_zone_kind,A,WATCH,5
1m_1m,ST5_FB,W-ATR2,stats.by_zone_kind,B,WATCH,32
1m_1m,ST5_FB,W-ATR2,stats.by_zone_kind,B,TAKE,4
1m_1m,ST5_FB,W-ATR2,stats.by_zone_kind,B,BLOCK,8
1m_1m,ST5_FB,W-ATR2,stats.by_zone_kind,B,REENTER,6
1m_1m,ST5_FB,W-ATR2,stats.reads_at_setup,LEAVE,,25
1m_1m,ST5_FB,W-ATR2,stats.reads_at_setup,PENDING,,16
1m_1m,ST5_FB,W-ATR2,stats.reads_at_setup,ACCEPTED,,10
1m_1m,ST5_FB,W-ATR2,stats.reads_at_setup,RECYCLE,,4
1m_1m,ST5_FB,W-ATR2,stats,visit_n_median,,19
1m_1m,ST5_FB,W-ATR2,stats.accepted_revisit,setups,,10
1m_1m,ST5_FB,W-ATR2,stats.accepted_revisit,bars,,1361
1m_1m,ST5_FB,W-ATR2,stats,accepted_time_only,,10
1m_1m,ST5_FB,W-ATR2,stats,vol_na,,0
1m_1m,ST5_FB,W-ATR2,stats,first_vol_na,,52
1m_1m,ST5_FB,W-ATR2,stats.r4,bars_evaluated,,604
1m_1m,ST5_FB,W-ATR2,stats.r4,bars_fail,,270
1m_1m,ST5_FB,W-ATR2,stats.r4,bars_na,,0
1m_1m,ST5_FB,W-ATR2,stats.r4,leave_setups,true,14
1m_1m,ST5_FB,W-ATR2,stats.r4,leave_setups,false,11
1m_1m,ST5_FB,W-ATR2,stats.leave_far_side,seeded,,block_list
1m_1m,ST5_FB,W-ATR2,stats.leave_far_side,any,,11
1m_1m,ST5_FB,W-ATR2,stats.leave_far_side,block_list,,1
1m_1m,ST5_FB,W-ATR2,stats.leave_far_side,no_band,,0
1m_1m,ST5_FB,W-ATR2,stats.branch1,n,,1
1m_1m,ST5_FB,W-ATR2,stats.branch1,far_side_no_band,,0
1m_1m,ST5_FB,W-ATR2,stats.branch1,far_side_in_band,,1
1m_1m,ST5_FB,W-ATR2,stats.branch1,in_band_visit_n,3,1
1m_1m,ST5_FB,W-ATR2,stats.branch1,in_band_visit_n_median,,3
1m_1m,ST5_FB,W-ATR2,stats.branch1,in_band_entered_read,ACCEPTED,1
1m_1m,ST5_FB,W-ATR2,stats.watches,opened,,42
1m_1m,ST5_FB,W-ATR2,stats.watches,kinds,WATCH,28
1m_1m,ST5_FB,W-ATR2,stats.watches,kinds,WATCH_EDGE,14
1m_1m,ST5_FB,W-ATR2,stats.watches,outcomes,replaced,11
1m_1m,ST5_FB,W-ATR2,stats.watches,outcomes,armed_expired:back_inside,9
1m_1m,ST5_FB,W-ATR2,stats.watches,outcomes,cancelled:opposite_leave,9
1m_1m,ST5_FB,W-ATR2,stats.watches,outcomes,reenter,6
1m_1m,ST5_FB,W-ATR2,stats.watches,outcomes,armed_expired:session_end,5
1m_1m,ST5_FB,W-ATR2,stats.watches,outcomes,armed_expired:opposite_leave,1
1m_1m,ST5_FB,W-ATR2,stats.watches,outcomes,cancelled:opposite_take,1
1m_1m,ST5_FB,W-ATR2,stats.watches,armed,,29
1m_1m,ST5_FB,W-ATR2,stats.watches,armed_expired,back_inside,9
1m_1m,ST5_FB,W-ATR2,stats.watches,armed_expired,session_end,5
1m_1m,ST5_FB,W-ATR2,stats.watches,armed_expired,opposite_leave,1
1m_1m,ST5_FB,W-ATR2,stats.watches,armed_bars_median,,6
1m_1m,ST5_FB,W-ATR2,stats.watches,rearmed_bars_median,,5
1m_1m,ST5_FB,W-ATR2,stats.watches,rearmed,,11
1m_1m,ST5_FB,W-ATR2,stats.watches,no_same_dir_setup,,4
1m_1m,ST5_FB,W-ATR2,stats.watches,clock_1520,,4
1m_1m,ST5_FB,W-ATR2,stats.watches,reenter_refused,,0
1m_1m,ST5_FB,W-ATR2,stats.watches,reenter_in_position,,0
1m_1m,ST5_FB,W-ATR2,stats.positions,TAKE,,4
1m_1m,ST5_FB,W-ATR2,stats.positions,REENTER,,6
1m_1m,ST5_FB,W-ATR2,stats.positions,reenter_exits,next_choch,4
1m_1m,ST5_FB,W-ATR2,stats.positions,reenter_exits,stop_loss,2
1m_1m,ST5_FB,W-ATR2,stats.positions,reenter_fill,reenter_close,5
1m_1m,ST5_FB,W-ATR2,stats.positions,reenter_fill,setup_close,1
1m_1m,ST5_FB,W-ATR2,stats.positions,reenter_sl_bar,setup,6
1m_1m,ST5_FB,W-ATR2,stats.positions,reenter_sl_in_band,,4
1m_1m,ST5_FB,W-ATR2,stats.positions,reenter_converted_take,,0
1m_1m,ST5_FB,W-ATR2,stats.positions,take_refused,,0
1m_1m,ST5_FB,W-ATR2,stats,active_sessions,,8
1m_1m,ST5_FB,W-ATR2,stats,sessions,,22
1m_1m,ST5_FB,W-ATR2,stats,dormant,,"[[""2026-09-07"", ""2026-09-25"", 14]]"
1m_1m,ST5_FB,W-ATR2,stats.card,bars,,8250
1m_1m,ST5_FB,W-ATR2,stats.card,inside_pct,,93.5
1m_1m,ST5_FB,W-ATR2,stats.card,ref_live_pct,,95.5
1m_1m,ST5_FB,W-ATR2,stats.card,reads,FIRST_PRINT,1.6
1m_1m,ST5_FB,W-ATR2,stats.card,reads,ACCEPTED,16.5
1m_1m,ST5_FB,W-ATR2,stats.card,reads,RECYCLE,10.2
1m_1m,ST5_FB,W-ATR2,stats.card,reads,THIN,10.8
1m_1m,ST5_FB,W-ATR2,stats.card,reads,HUNT,0.9
1m_1m,ST5_FB,W-ATR2,stats.card,reads,REJECT,6.9
1m_1m,ST5_FB,W-ATR2,stats.card,reads,LEAVE,42.9
1m_1m,ST5_FB,W-ATR2,stats.card,reads,PENDING,9.8
1m_1m,ST5_FB,W-ATR2,stats.card,reads,NEW,0.3
1m_1m,ST5_FB,W-ATR2,stats.card,leave_return_no_visit,,396
1m_1m,ST5_FB,W-ATR2,stats.card,zones_since_memory_start,,124
1m_1m,ST5_FB,W-ATR2,stats.card,births_in_window,A,1
1m_1m,ST5_FB,W-ATR2,stats.card,births_in_window,B,53
1m_1m,ST5_FB,W-ATR2,stats.card,since_memory_start,births_A,14
1m_1m,ST5_FB,W-ATR2,stats.card,since_memory_start,births_B,110
1m_1m,ST5_FB,W-ATR2,stats.card,since_memory_start,births_B_drift,34
1m_1m,ST5_FB,W-ATR2,stats.card,since_memory_start,merges_A,689
1m_1m,ST5_FB,W-ATR2,stats.card,since_memory_start,merges_B,859
1m_1m,ST5_FB,W-ATR2,bridge.lines,raw_net,label,Foundation net
1m_1m,ST5_FB,W-ATR2,bridge.lines,raw_net,n,40
1m_1m,ST5_FB,W-ATR2,bridge.lines,raw_net,value,-2044.7
1m_1m,ST5_FB,W-ATR2,bridge.lines,avoided_price,label,avoided price move of Foundation positions FZ did not hold
1m_1m,ST5_FB,W-ATR2,bridge.lines,avoided_price,n,31
1m_1m,ST5_FB,W-ATR2,bridge.lines,avoided_price,value,-4735.25
1m_1m,ST5_FB,W-ATR2,bridge.lines,avoided_cost,label,avoided charges + slippage of those positions
1m_1m,ST5_FB,W-ATR2,bridge.lines,avoided_cost,n,31
1m_1m,ST5_FB,W-ATR2,bridge.lines,avoided_cost,value,4764.16
1m_1m,ST5_FB,W-ATR2,bridge.lines,reenter_delta,label,REENTER vs Foundation's exit of the same SETUP
1m_1m,ST5_FB,W-ATR2,bridge.lines,reenter_delta,n,5
1m_1m,ST5_FB,W-ATR2,bridge.lines,reenter_delta,value,-42.19
1m_1m,ST5_FB,W-ATR2,bridge.lines,reenter_new,label,REENTER with no Foundation position of its own
1m_1m,ST5_FB,W-ATR2,bridge.lines,reenter_new,n,0
1m_1m,ST5_FB,W-ATR2,bridge.lines,reenter_new,value,0.0
1m_1m,ST5_FB,W-ATR2,bridge.lines,fz_net,label,FZ net
1m_1m,ST5_FB,W-ATR2,bridge.lines,fz_net,n,9
1m_1m,ST5_FB,W-ATR2,bridge.lines,fz_net,value,-2057.98
1m_1m,ST5_FB,W-ATR2,bridge,kept,,4
1m_1m,ST5_FB,W-ATR2,bridge,replaced,,5
1m_1m,ST5_FB,W-ATR2,bridge,avoided,,31
1m_1m,ST5_FB,W-ATR2,bridge,selection,,-4777.44
1m_1m,ST5_FB,W-ATR2,bridge,costs,,4764.16
1m_1m,ST5_FB,W-ATR2,control,scheme,,"session-matched: per session, as many Foundation positions drawn at random as FZ held"
1m_1m,ST5_FB,W-ATR2,control,seed,,fz|ST5_FB|1m_1m|9|<draw>
1m_1m,ST5_FB,W-ATR2,control,draws,,2000
1m_1m,ST5_FB,W-ATR2,control,k,,9
1m_1m,ST5_FB,W-ATR2,control,capped,,0
1m_1m,ST5_FB,W-ATR2,control,p5,,-3988.8
1m_1m,ST5_FB,W-ATR2,control,p50,,-1748.52
1m_1m,ST5_FB,W-ATR2,control,p95,,2995.76
1m_1m,ST5_FB,W-ATR2,control,fz_net,,-2057.98
1m_1m,ST5_FB,W-ATR2,control,fz_pct,,43.9
1m_1m,ST5_FB,W-ATR2,control,p_beat,,0.5617
1m_1m,ST5_FB,W-ATR2,permutation,kept_n,,9
1m_1m,ST5_FB,W-ATR2,permutation,blocked_n,,31
1m_1m,ST5_FB,W-ATR2,permutation,kept_mean,,-223.98
1m_1m,ST5_FB,W-ATR2,permutation,blocked_mean,,-0.93
1m_1m,ST5_FB,W-ATR2,permutation,diff,,-223.04
1m_1m,ST5_FB,W-ATR2,permutation,p,,0.8011
1m_1m,ST5_FB,W-ATR2,permutation,draws,,2000
1m_1m,ST5_FB,W-ATR2,books.fz,n,,9
1m_1m,ST5_FB,W-ATR2,books.fz,net,,-2057.98
1m_1m,ST5_FB,W-ATR2,books.fz,mean,,-228.66
1m_1m,ST5_FB,W-ATR2,books.fz,sd,,557.8
1m_1m,ST5_FB,W-ATR2,books.fz,wins,,2
1m_1m,ST5_FB,W-ATR2,books.fz,pf,,0.39
1m_1m,ST5_FB,W-ATR2,books.fz,t_trade,,-1.23
1m_1m,ST5_FB,W-ATR2,books.fz,t_session,,-2.22
1m_1m,ST5_FB,W-ATR2,books.fz,sessions,,6
1m_1m,ST5_FB,W-ATR2,books.fz,weeks,,2
1m_1m,ST5_FB,W-ATR2,books.fz,open,,0
1m_1m,ST5_FB,W-ATR2,books.fz,net_ex_open,,-2057.98
1m_1m,ST5_FB,W-ATR2,books.fz,ci_inr,,428.76
1m_1m,ST5_FB,W-ATR2,books.fz,ci_pts,,6.6
1m_1m,ST5_FB,W-ATR2,books.raw,n,,40
1m_1m,ST5_FB,W-ATR2,books.raw,net,,-2044.7
1m_1m,ST5_FB,W-ATR2,books.raw,mean,,-51.12
1m_1m,ST5_FB,W-ATR2,books.raw,sd,,2547.26
1m_1m,ST5_FB,W-ATR2,books.raw,wins,,12
1m_1m,ST5_FB,W-ATR2,books.raw,pf,,0.92
1m_1m,ST5_FB,W-ATR2,books.raw,t_trade,,-0.13
1m_1m,ST5_FB,W-ATR2,books.raw,t_session,,-0.11
1m_1m,ST5_FB,W-ATR2,books.raw,sessions,,8
1m_1m,ST5_FB,W-ATR2,books.raw,weeks,,2
1m_1m,ST5_FB,W-ATR2,books.raw,open,,0
1m_1m,ST5_FB,W-ATR2,books.raw,net_ex_open,,-2044.7
1m_1m,ST5_FB,W-ATR2,books.raw,ci_inr,,814.65
1m_1m,ST5_FB,W-ATR2,books.raw,ci_pts,,12.53
1m_1m,ST5_FB,W-ATR2,flags,n,,9
1m_1m,ST5_FB,W-ATR2,flags,pf_t,,not reported
1m_1m,ST5_FB,W-ATR2,flags,ci_inr,,428.76
1m_1m,ST5_FB,W-ATR2,flags,ci_pts,,6.6
1m_1m,ST5_FB,W-ATR2,flags,weeks,,suppressed
1m_1m,ST5_FB,W-ATR2,flags,sharpe,,suppressed
1m_1m,ST5_FB,W-ATR2,flags,rule,,"n < 10: ledger only, no PF / t; 10 <= n < 30: indicative, with the 95% CI on expectancy; weeks < 4: no week stats; active sessions < 10: no Sharpe / Calmar"
1m_1m,ST5_FB,W-ATR2,all_na.gates,TAKE,,5
1m_1m,ST5_FB,W-ATR2,all_na.gates,REENTER,,7
1m_1m,ST5_FB,W-ATR2,all_na.gates,WATCH,,31
1m_1m,ST5_FB,W-ATR2,all_na.gates,BLOCK,,12
1m_1m,ST5_FB,W-ATR2,all_na.positions,TAKE,,5
1m_1m,ST5_FB,W-ATR2,all_na.positions,REENTER,,7
all-data_5m,ST6,-,headline,setups,,73
all-data_5m,ST6,-,headline,take,,14
all-data_5m,ST6,-,headline,watch,,32
all-data_5m,ST6,-,headline,block,,15
all-data_5m,ST6,-,headline,reenter,,12
all-data_5m,ST6,-,headline.at_setup,TAKE,,14
all-data_5m,ST6,-,headline.at_setup,REENTER,,0
all-data_5m,ST6,-,headline.at_setup,WATCH,,44
all-data_5m,ST6,-,headline.at_setup,BLOCK,,15
all-data_5m,ST6,-,headline,take_trades,,14
all-data_5m,ST6,-,headline,reenter_trades,,12
all-data_5m,ST6,-,headline,priced,,26
all-data_5m,ST6,-,headline,control_pct,,49.8
all-data_5m,ST6,-,headline,control_p_beat,,0.5022
all-data_5m,ST6,-,headline,perm_p,,0.1754
all-data_5m,ST6,-,headline,active_sessions,,31
all-data_5m,ST6,-,headline,sessions,,57
all-data_5m,ST6,-,headline,pf_t,,indicative
all-data_5m,ST6,-,stats,setups,,73
all-data_5m,ST6,-,stats.gates,TAKE,,14
all-data_5m,ST6,-,stats.gates,REENTER,,12
all-data_5m,ST6,-,stats.gates,WATCH,,32
all-data_5m,ST6,-,stats.gates,BLOCK,,15
all-data_5m,ST6,-,stats.gates_at_setup,TAKE,,14
all-data_5m,ST6,-,stats.gates_at_setup,REENTER,,0
all-data_5m,ST6,-,stats.gates_at_setup,WATCH,,44
all-data_5m,ST6,-,stats.gates_at_setup,BLOCK,,15
all-data_5m,ST6,-,stats.gate_read,TAKE,LEAVE,14
all-data_5m,ST6,-,stats.gate_read,REENTER,PENDING,12
all-data_5m,ST6,-,stats.gate_read,WATCH,PENDING,16
all-data_5m,ST6,-,stats.gate_read,WATCH,ACCEPTED,2
all-data_5m,ST6,-,stats.gate_read,WATCH,LEAVE,14
all-data_5m,ST6,-,stats.gate_read,BLOCK,PENDING,4
all-data_5m,ST6,-,stats.gate_read,BLOCK,LEAVE,10
all-data_5m,ST6,-,stats.gate_read,BLOCK,REJECT,1
all-data_5m,ST6,-,stats.block_read,clock,LEAVE,6
all-data_5m,ST6,-,stats.block_read,clock,REJECT,1
all-data_5m,ST6,-,stats.block_read,clock,PENDING,1
all-data_5m,ST6,-,stats.block_read,hunt_fade,LEAVE,3
all-data_5m,ST6,-,stats.block_read,hunt_fade,PENDING,2
all-data_5m,ST6,-,stats.block_read,new,PENDING,1
all-data_5m,ST6,-,stats.block_read,open_pierce,LEAVE,1
all-data_5m,ST6,-,stats.watch_reason,leave_into_recycle,,9
all-data_5m,ST6,-,stats.branches,TAKE,leave,14
all-data_5m,ST6,-,stats.take_why,leave_into_recycle,,9
all-data_5m,ST6,-,stats.take_why,leave_vol_fail,,5
all-data_5m,ST6,-,stats.take_why,accepted_no_defend,,2
all-data_5m,ST6,-,stats.by_hour,<09:25,BLOCK,1
all-data_5m,ST6,-,stats.by_hour,09,WATCH,6
all-data_5m,ST6,-,stats.by_hour,09,REENTER,2
all-data_5m,ST6,-,stats.by_hour,09,BLOCK,2
all-data_5m,ST6,-,stats.by_hour,09,TAKE,4
all-data_5m,ST6,-,stats.by_hour,10,TAKE,2
all-data_5m,ST6,-,stats.by_hour,10,WATCH,6
all-data_5m,ST6,-,stats.by_hour,10,REENTER,5
all-data_5m,ST6,-,stats.by_hour,11,WATCH,7
all-data_5m,ST6,-,stats.by_hour,11,TAKE,3
all-data_5m,ST6,-,stats.by_hour,12,TAKE,2
all-data_5m,ST6,-,stats.by_hour,12,BLOCK,1
all-data_5m,ST6,-,stats.by_hour,12,WATCH,3
all-data_5m,ST6,-,stats.by_hour,12,REENTER,2
all-data_5m,ST6,-,stats.by_hour,13,TAKE,2
all-data_5m,ST6,-,stats.by_hour,13,BLOCK,2
all-data_5m,ST6,-,stats.by_hour,13,WATCH,3
all-data_5m,ST6,-,stats.by_hour,13,REENTER,2
all-data_5m,ST6,-,stats.by_hour,14,WATCH,6
all-data_5m,ST6,-,stats.by_hour,14,BLOCK,1
all-data_5m,ST6,-,stats.by_hour,15,TAKE,1
all-data_5m,ST6,-,stats.by_hour,15,REENTER,1
all-data_5m,ST6,-,stats.by_hour,15,WATCH,1
all-data_5m,ST6,-,stats.by_hour,>=15:20,BLOCK,8
all-data_5m,ST6,-,stats.by_visit,1,TAKE,1
all-data_5m,ST6,-,stats.by_visit,1,BLOCK,1
all-data_5m,ST6,-,stats.by_visit,1,WATCH,2
all-data_5m,ST6,-,stats.by_visit,2,WATCH,6
all-data_5m,ST6,-,stats.by_visit,2,TAKE,2
all-data_5m,ST6,-,stats.by_visit,2,REENTER,3
all-data_5m,ST6,-,stats.by_visit,3,REENTER,1
all-data_5m,ST6,-,stats.by_visit,3,TAKE,1
all-data_5m,ST6,-,stats.by_visit,3,BLOCK,2
all-data_5m,ST6,-,stats.by_visit,3,WATCH,3
all-data_5m,ST6,-,stats.by_visit,4+,TAKE,9
all-data_5m,ST6,-,stats.by_visit,4+,WATCH,21
all-data_5m,ST6,-,stats.by_visit,4+,BLOCK,12
all-data_5m,ST6,-,stats.by_visit,4+,REENTER,8
all-data_5m,ST6,-,stats.by_visit,none,TAKE,1
all-data_5m,ST6,-,stats.by_dir,up,TAKE,6
all-data_5m,ST6,-,stats.by_dir,up,WATCH,16
all-data_5m,ST6,-,stats.by_dir,up,REENTER,7
all-data_5m,ST6,-,stats.by_dir,up,BLOCK,6
all-data_5m,ST6,-,stats.by_dir,down,WATCH,16
all-data_5m,ST6,-,stats.by_dir,down,TAKE,8
all-data_5m,ST6,-,stats.by_dir,down,BLOCK,9
all-data_5m,ST6,-,stats.by_dir,down,REENTER,5
all-data_5m,ST6,-,stats.by_zone_kind,A,TAKE,5
all-data_5m,ST6,-,stats.by_zone_kind,A,WATCH,7
all-data_5m,ST6,-,stats.by_zone_kind,A,REENTER,1
all-data_5m,ST6,-,stats.by_zone_kind,B,WATCH,25
all-data_5m,ST6,-,stats.by_zone_kind,B,TAKE,8
all-data_5m,ST6,-,stats.by_zone_kind,B,REENTER,11
all-data_5m,ST6,-,stats.by_zone_kind,B,BLOCK,15
all-data_5m,ST6,-,stats.by_zone_kind,none,TAKE,1
all-data_5m,ST6,-,stats.reads_at_setup,LEAVE,,38
all-data_5m,ST6,-,stats.reads_at_setup,PENDING,,32
all-data_5m,ST6,-,stats.reads_at_setup,ACCEPTED,,2
all-data_5m,ST6,-,stats.reads_at_setup,REJECT,,1
all-data_5m,ST6,-,stats,visit_n_median,,7.0
all-data_5m,ST6,-,stats.accepted_revisit,setups,,2
all-data_5m,ST6,-,stats.accepted_revisit,bars,,958
all-data_5m,ST6,-,stats,accepted_time_only,,2
all-data_5m,ST6,-,stats,vol_na,,47
all-data_5m,ST6,-,stats,first_vol_na,,61
all-data_5m,ST6,-,stats.r4,bars_evaluated,,83
all-data_5m,ST6,-,stats.r4,bars_fail,,67
all-data_5m,ST6,-,stats.r4,bars_na,,20
all-data_5m,ST6,-,stats.r4,leave_setups,none,24
all-data_5m,ST6,-,stats.r4,leave_setups,false,7
all-data_5m,ST6,-,stats.r4,leave_setups,true,7
all-data_5m,ST6,-,stats.leave_far_side,seeded,,block_list
all-data_5m,ST6,-,stats.leave_far_side,any,,23
all-data_5m,ST6,-,stats.leave_far_side,block_list,,14
all-data_5m,ST6,-,stats.leave_far_side,no_band,,3
all-data_5m,ST6,-,stats.branch1,n,,14
all-data_5m,ST6,-,stats.branch1,far_side_no_band,,3
all-data_5m,ST6,-,stats.branch1,far_side_in_band,,11
all-data_5m,ST6,-,stats.branch1,in_band_visit_n,4+,8
all-data_5m,ST6,-,stats.branch1,in_band_visit_n,2,2
all-data_5m,ST6,-,stats.branch1,in_band_visit_n,1,1
all-data_5m,ST6,-,stats.branch1,in_band_visit_n_median,,8
all-data_5m,ST6,-,stats.branch1,in_band_entered_read,ACCEPTED,10
all-data_5m,ST6,-,stats.branch1,in_band_entered_read,FIRST_PRINT,1
all-data_5m,ST6,-,stats.watches,opened,,44
all-data_5m,ST6,-,stats.watches,kinds,WATCH_EDGE,27
all-data_5m,ST6,-,stats.watches,kinds,WATCH,17
all-data_5m,ST6,-,stats.watches,outcomes,armed_expired:back_inside,23
all-data_5m,ST6,-,stats.watches,outcomes,reenter,12
all-data_5m,ST6,-,stats.watches,outcomes,cancelled:opposite_leave,5
all-data_5m,ST6,-,stats.watches,outcomes,armed_expired:session_end,3
all-data_5m,ST6,-,stats.watches,outcomes,replaced,1
all-data_5m,ST6,-,stats.watches,armed,,38
all-data_5m,ST6,-,stats.watches,armed_expired,back_inside,23
all-data_5m,ST6,-,stats.watches,armed_expired,session_end,3
all-data_5m,ST6,-,stats.watches,armed_bars_median,,1.0
all-data_5m,ST6,-,stats.watches,rearmed_bars_median,,1.0
all-data_5m,ST6,-,stats.watches,rearmed,,0
all-data_5m,ST6,-,stats.watches,no_same_dir_setup,,5
all-data_5m,ST6,-,stats.watches,clock_1520,,1
all-data_5m,ST6,-,stats.watches,reenter_refused,,0
all-data_5m,ST6,-,stats.watches,reenter_in_position,,0
all-data_5m,ST6,-,stats.positions,TAKE,,14
all-data_5m,ST6,-,stats.positions,REENTER,,12
all-data_5m,ST6,-,stats.positions,reenter_exits,next_choch,5
all-data_5m,ST6,-,stats.positions,reenter_exits,stop_loss,4
all-data_5m,ST6,-,stats.positions,reenter_exits,band_reclaim,3
all-data_5m,ST6,-,stats.positions,reenter_fill,reenter_close,12
all-data_5m,ST6,-,stats.positions,reenter_sl_bar,setup,12
all-data_5m,ST6,-,stats.positions,reenter_sl_in_band,,9
all-data_5m,ST6,-,stats.positions,reenter_converted_take,,0
all-data_5m,ST6,-,stats.positions,take_refused,,0
all-data_5m,ST6,-,stats,active_sessions,,31
all-data_5m,ST6,-,stats,sessions,,57
all-data_5m,ST6,-,stats,dormant,,"[[""2026-07-14"", ""2026-07-14"", 1], [""2026-07-22"", ""2026-07-24"", 3], [""2026-07-29"", ""2026-08-10"", 9], [""2026-08-19"", ""2026-08-19"", 1], [""2026-09-02"", ""2026-09-02"", 1], [""2026-09-08"", ""2026-09-21"", 9], [""2026-09-24"", ""2026-09-25"", 2]]"
all-data_5m,ST6,-,stats.card,bars,,4275
all-data_5m,ST6,-,stats.card,inside_pct,,83.5
all-data_5m,ST6,-,stats.card,ref_live_pct,,88.5
all-data_5m,ST6,-,stats.card,reads,FIRST_PRINT,2.9
all-data_5m,ST6,-,stats.card,reads,ACCEPTED,22.4
all-data_5m,ST6,-,stats.card,reads,RECYCLE,1.7
all-data_5m,ST6,-,stats.card,reads,THIN,3.6
all-data_5m,ST6,-,stats.card,reads,HUNT,1.0
all-data_5m,ST6,-,stats.card,reads,REJECT,6.2
all-data_5m,ST6,-,stats.card,reads,LEAVE,38.4
all-data_5m,ST6,-,stats.card,reads,PENDING,18.2
all-data_5m,ST6,-,stats.card,reads,NEW,5.7
all-data_5m,ST6,-,stats.card,leave_return_no_visit,,205
all-data_5m,ST6,-,stats.card,zones_since_memory_start,,101
all-data_5m,ST6,-,stats.card,births_in_window,A,11
all-data_5m,ST6,-,stats.card,births_in_window,B,67
all-data_5m,ST6,-,stats.card,since_memory_start,births_A,14
all-data_5m,ST6,-,stats.card,since_memory_start,births_B,87
all-data_5m,ST6,-,stats.card,since_memory_start,births_B_drift,18
all-data_5m,ST6,-,stats.card,since_memory_start,merges_A,241
all-data_5m,ST6,-,stats.card,since_memory_start,merges_B,273
all-data_5m,ST6,-,bridge.lines,raw_net,label,Foundation net
all-data_5m,ST6,-,bridge.lines,raw_net,n,73
all-data_5m,ST6,-,bridge.lines,raw_net,value,-73753.13
all-data_5m,ST6,-,bridge.lines,avoided_price,label,avoided price move of Foundation positions FZ did not hold
all-data_5m,ST6,-,bridge.lines,avoided_price,n,47
all-data_5m,ST6,-,bridge.lines,avoided_price,value,-39695.5
all-data_5m,ST6,-,bridge.lines,avoided_cost,label,avoided charges + slippage of those positions
all-data_5m,ST6,-,bridge.lines,avoided_cost,n,47
all-data_5m,ST6,-,bridge.lines,avoided_cost,value,52245.59
all-data_5m,ST6,-,bridge.lines,reenter_delta,label,REENTER vs Foundation's exit of the same SETUP
all-data_5m,ST6,-,bridge.lines,reenter_delta,n,12
all-data_5m,ST6,-,bridge.lines,reenter_delta,value,8942.05
all-data_5m,ST6,-,bridge.lines,reenter_new,label,REENTER with no Foundation position of its own
all-data_5m,ST6,-,bridge.lines,reenter_new,n,0
all-data_5m,ST6,-,bridge.lines,reenter_new,value,0.0
all-data_5m,ST6,-,bridge.lines,fz_net,label,FZ net
all-data_5m,ST6,-,bridge.lines,fz_net,n,26
all-data_5m,ST6,-,bridge.lines,fz_net,value,-52260.99
all-data_5m,ST6,-,bridge,kept,,14
all-data_5m,ST6,-,bridge,replaced,,12
all-data_5m,ST6,-,bridge,avoided,,47
all-data_5m,ST6,-,bridge,selection,,-30753.45
all-data_5m,ST6,-,bridge,costs,,52245.59
all-data_5m,ST6,-,control,scheme,,"session-matched: per session, as many Foundation positions drawn at random as FZ held"
all-data_5m,ST6,-,control,seed,,fz|ST6|all-data_5m|26|<draw>
all-data_5m,ST6,-,control,draws,,2000
all-data_5m,ST6,-,control,k,,26
all-data_5m,ST6,-,control,capped,,0
all-data_5m,ST6,-,control,p5,,-74503.14
all-data_5m,ST6,-,control,p50,,-52015.0
all-data_5m,ST6,-,control,p95,,-26428.64
all-data_5m,ST6,-,control,fz_net,,-52260.99
all-data_5m,ST6,-,control,fz_pct,,49.8
all-data_5m,ST6,-,control,p_beat,,0.5022
all-data_5m,ST6,-,permutation,kept_n,,26
all-data_5m,ST6,-,permutation,blocked_n,,47
all-data_5m,ST6,-,permutation,kept_mean,,-2353.96
all-data_5m,ST6,-,permutation,blocked_mean,,-267.02
all-data_5m,ST6,-,permutation,diff,,-2086.94
all-data_5m,ST6,-,permutation,p,,0.1754
all-data_5m,ST6,-,permutation,draws,,2000
all-data_5m,ST6,-,books.fz,n,,26
all-data_5m,ST6,-,books.fz,net,,-52260.99
all-data_5m,ST6,-,books.fz,mean,,-2010.04
all-data_5m,ST6,-,books.fz,sd,,2724.7
all-data_5m,ST6,-,books.fz,wins,,4
all-data_5m,ST6,-,books.fz,pf,,0.18
all-data_5m,ST6,-,books.fz,t_trade,,-3.76
all-data_5m,ST6,-,books.fz,t_session,,-3.15
all-data_5m,ST6,-,books.fz,sessions,,19
all-data_5m,ST6,-,books.fz,weeks,,7
all-data_5m,ST6,-,books.fz,open,,0
all-data_5m,ST6,-,books.fz,net_ex_open,,-52260.99
all-data_5m,ST6,-,books.fz,ci_inr,,1100.53
all-data_5m,ST6,-,books.fz,ci_pts,,16.93
all-data_5m,ST6,-,books.raw,n,,73
all-data_5m,ST6,-,books.raw,net,,-73753.13
all-data_5m,ST6,-,books.raw,mean,,-1010.32
all-data_5m,ST6,-,books.raw,sd,,6238.72
all-data_5m,ST6,-,books.raw,wins,,13
all-data_5m,ST6,-,books.raw,pf,,0.6
all-data_5m,ST6,-,books.raw,t_trade,,-1.38
all-data_5m,ST6,-,books.raw,t_session,,-1.28
all-data_5m,ST6,-,books.raw,sessions,,31
all-data_5m,ST6,-,books.raw,weeks,,10
all-data_5m,ST6,-,books.raw,open,,1
all-data_5m,ST6,-,books.raw,net_ex_open,,-88743.28
all-data_5m,ST6,-,books.raw,ci_inr,,1455.6
all-data_5m,ST6,-,books.raw,ci_pts,,22.39
all-data_5m,ST6,-,flags,n,,26
all-data_5m,ST6,-,flags,pf_t,,indicative
all-data_5m,ST6,-,flags,ci_inr,,1100.53
all-data_5m,ST6,-,flags,ci_pts,,16.93
all-data_5m,ST6,-,flags,weeks,,ok
all-data_5m,ST6,-,flags,sharpe,,ok
all-data_5m,ST6,-,flags,rule,,"n < 10: ledger only, no PF / t; 10 <= n < 30: indicative, with the 95% CI on expectancy; weeks < 4: no week stats; active sessions < 10: no Sharpe / Calmar"
all-data_5m,ST6,-,all_na.gates,TAKE,,16
all-data_5m,ST6,-,all_na.gates,REENTER,,13
all-data_5m,ST6,-,all_na.gates,WATCH,,29
all-data_5m,ST6,-,all_na.gates,BLOCK,,15
all-data_5m,ST6,-,all_na.positions,TAKE,,16
all-data_5m,ST6,-,all_na.positions,REENTER,,13
design-period_5m,ST6,-,headline,setups,,26
design-period_5m,ST6,-,headline,take,,1
design-period_5m,ST6,-,headline,watch,,14
design-period_5m,ST6,-,headline,block,,6
design-period_5m,ST6,-,headline,reenter,,5
design-period_5m,ST6,-,headline.at_setup,TAKE,,1
design-period_5m,ST6,-,headline.at_setup,REENTER,,0
design-period_5m,ST6,-,headline.at_setup,WATCH,,19
design-period_5m,ST6,-,headline.at_setup,BLOCK,,6
design-period_5m,ST6,-,headline,take_trades,,1
design-period_5m,ST6,-,headline,reenter_trades,,5
design-period_5m,ST6,-,headline,priced,,6
design-period_5m,ST6,-,headline,control_pct,,42.1
design-period_5m,ST6,-,headline,control_p_beat,,0.5787
design-period_5m,ST6,-,headline,perm_p,,0.965
design-period_5m,ST6,-,headline,active_sessions,,10
design-period_5m,ST6,-,headline,sessions,,22
design-period_5m,ST6,-,headline,pf_t,,not reported
design-period_5m,ST6,-,stats,setups,,26
design-period_5m,ST6,-,stats.gates,TAKE,,1
design-period_5m,ST6,-,stats.gates,REENTER,,5
design-period_5m,ST6,-,stats.gates,WATCH,,14
design-period_5m,ST6,-,stats.gates,BLOCK,,6
design-period_5m,ST6,-,stats.gates_at_setup,TAKE,,1
design-period_5m,ST6,-,stats.gates_at_setup,REENTER,,0
design-period_5m,ST6,-,stats.gates_at_setup,WATCH,,19
design-period_5m,ST6,-,stats.gates_at_setup,BLOCK,,6
design-period_5m,ST6,-,stats.gate_read,TAKE,LEAVE,1
design-period_5m,ST6,-,stats.gate_read,REENTER,PENDING,5
design-period_5m,ST6,-,stats.gate_read,WATCH,LEAVE,8
design-period_5m,ST6,-,stats.gate_read,WATCH,PENDING,6
design-period_5m,ST6,-,stats.gate_read,BLOCK,LEAVE,5
design-period_5m,ST6,-,stats.gate_read,BLOCK,PENDING,1
design-period_5m,ST6,-,stats.block_read,clock,LEAVE,3
design-period_5m,ST6,-,stats.block_read,clock,PENDING,1
design-period_5m,ST6,-,stats.block_read,hunt_fade,LEAVE,1
design-period_5m,ST6,-,stats.block_read,open_pierce,LEAVE,1
design-period_5m,ST6,-,stats.watch_reason,leave_into_recycle,,3
design-period_5m,ST6,-,stats.branches,TAKE,leave,1
design-period_5m,ST6,-,stats.take_why,leave_vol_fail,,5
design-period_5m,ST6,-,stats.take_why,leave_into_recycle,,3
design-period_5m,ST6,-,stats.by_hour,<09:25,BLOCK,1
design-period_5m,ST6,-,stats.by_hour,09,WATCH,3
design-period_5m,ST6,-,stats.by_hour,09,REENTER,1
design-period_5m,ST6,-,stats.by_hour,10,REENTER,2
design-period_5m,ST6,-,stats.by_hour,10,WATCH,3
design-period_5m,ST6,-,stats.by_hour,11,WATCH,2
design-period_5m,ST6,-,stats.by_hour,12,REENTER,1
design-period_5m,ST6,-,stats.by_hour,13,WATCH,2
design-period_5m,ST6,-,stats.by_hour,13,TAKE,1
design-period_5m,ST6,-,stats.by_hour,14,BLOCK,1
design-period_5m,ST6,-,stats.by_hour,14,WATCH,3
design-period_5m,ST6,-,stats.by_hour,15,REENTER,1
design-period_5m,ST6,-,stats.by_hour,15,WATCH,1
design-period_5m,ST6,-,stats.by_hour,>=15:20,BLOCK,4
design-period_5m,ST6,-,stats.by_visit,1,WATCH,2
design-period_5m,ST6,-,stats.by_visit,2,WATCH,2
design-period_5m,ST6,-,stats.by_visit,2,REENTER,1
design-period_5m,ST6,-,stats.by_visit,3,WATCH,2
design-period_5m,ST6,-,stats.by_visit,4+,WATCH,8
design-period_5m,ST6,-,stats.by_visit,4+,BLOCK,6
design-period_5m,ST6,-,stats.by_visit,4+,REENTER,4
design-period_5m,ST6,-,stats.by_visit,4+,TAKE,1
design-period_5m,ST6,-,stats.by_dir,up,BLOCK,2
design-period_5m,ST6,-,stats.by_dir,up,REENTER,2
design-period_5m,ST6,-,stats.by_dir,up,WATCH,5
design-period_5m,ST6,-,stats.by_dir,down,WATCH,9
design-period_5m,ST6,-,stats.by_dir,down,BLOCK,4
design-period_5m,ST6,-,stats.by_dir,down,TAKE,1
design-period_5m,ST6,-,stats.by_dir,down,REENTER,3
design-period_5m,ST6,-,stats.by_zone_kind,A,WATCH,3
design-period_5m,ST6,-,stats.by_zone_kind,A,TAKE,1
design-period_5m,ST6,-,stats.by_zone_kind,A,REENTER,1
design-period_5m,ST6,-,stats.by_zone_kind,B,WATCH,11
design-period_5m,ST6,-,stats.by_zone_kind,B,BLOCK,6
design-period_5m,ST6,-,stats.by_zone_kind,B,REENTER,4
design-period_5m,ST6,-,stats.reads_at_setup,LEAVE,,14
design-period_5m,ST6,-,stats.reads_at_setup,PENDING,,12
design-period_5m,ST6,-,stats,visit_n_median,,6.5
design-period_5m,ST6,-,stats.accepted_revisit,setups,,0
design-period_5m,ST6,-,stats.accepted_revisit,bars,,200
design-period_5m,ST6,-,stats,accepted_time_only,,0
design-period_5m,ST6,-,stats,vol_na,,0
design-period_5m,ST6,-,stats,first_vol_na,,15
design-period_5m,ST6,-,stats.r4,bars_evaluated,,83
design-period_5m,ST6,-,stats.r4,bars_fail,,67
design-period_5m,ST6,-,stats.r4,bars_na,,0
design-period_5m,ST6,-,stats.r4,leave_setups,false,7
design-period_5m,ST6,-,stats.r4,leave_setups,true,7
design-period_5m,ST6,-,stats.leave_far_side,seeded,,block_list
design-period_5m,ST6,-,stats.leave_far_side,any,,4
design-period_5m,ST6,-,stats.leave_far_side,block_list,,1
design-period_5m,ST6,-,stats.leave_far_side,no_band,,0
design-period_5m,ST6,-,stats.branch1,n,,1
design-period_5m,ST6,-,stats.branch1,far_side_no_band,,0
design-period_5m,ST6,-,stats.branch1,far_side_in_band,,1
design-period_5m,ST6,-,stats.branch1,in_band_visit_n,4+,1
design-period_5m,ST6,-,stats.branch1,in_band_visit_n_median,,12
design-period_5m,ST6,-,stats.branch1,in_band_entered_read,ACCEPTED,1
design-period_5m,ST6,-,stats.watches,opened,,19
design-period_5m,ST6,-,stats.watches,kinds,WATCH_EDGE,11
design-period_5m,ST6,-,stats.watches,kinds,WATCH,8
design-period_5m,ST6,-,stats.watches,outcomes,armed_expired:back_inside,10
design-period_5m,ST6,-,stats.watches,outcomes,reenter,5
design-period_5m,ST6,-,stats.watches,outcomes,armed_expired:session_end,2
design-period_5m,ST6,-,stats.watches,outcomes,cancelled:opposite_leave,2
design-period_5m,ST6,-,stats.watches,armed,,17
design-period_5m,ST6,-,stats.watches,armed_expired,back_inside,10
design-period_5m,ST6,-,stats.watches,armed_expired,session_end,2
design-period_5m,ST6,-,stats.watches,armed_bars_median,,1.0
design-period_5m,ST6,-,stats.watches,rearmed_bars_median,,1.0
design-period_5m,ST6,-,stats.watches,rearmed,,0
design-period_5m,ST6,-,stats.watches,no_same_dir_setup,,3
design-period_5m,ST6,-,stats.watches,clock_1520,,1
design-period_5m,ST6,-,stats.watches,reenter_refused,,0
design-period_5m,ST6,-,stats.watches,reenter_in_position,,0
design-period_5m,ST6,-,stats.positions,TAKE,,1
design-period_5m,ST6,-,stats.positions,REENTER,,5
design-period_5m,ST6,-,stats.positions,reenter_exits,next_choch,2
design-period_5m,ST6,-,stats.positions,reenter_exits,stop_loss,2
design-period_5m,ST6,-,stats.positions,reenter_exits,band_reclaim,1
design-period_5m,ST6,-,stats.positions,reenter_fill,reenter_close,5
design-period_5m,ST6,-,stats.positions,reenter_sl_bar,setup,5
design-period_5m,ST6,-,stats.positions,reenter_sl_in_band,,3
design-period_5m,ST6,-,stats.positions,reenter_converted_take,,0
design-period_5m,ST6,-,stats.positions,take_refused,,0
design-period_5m,ST6,-,stats,active_sessions,,10
design-period_5m,ST6,-,stats,sessions,,22
design-period_5m,ST6,-,stats,dormant,,"[[""2026-09-02"", ""2026-09-02"", 1], [""2026-09-08"", ""2026-09-21"", 9], [""2026-09-24"", ""2026-09-25"", 2]]"
design-period_5m,ST6,-,stats.card,bars,,1650
design-period_5m,ST6,-,stats.card,inside_pct,,73.5
design-period_5m,ST6,-,stats.card,ref_live_pct,,81.0
design-period_5m,ST6,-,stats.card,reads,FIRST_PRINT,5.5
design-period_5m,ST6,-,stats.card,reads,ACCEPTED,12.1
design-period_5m,ST6,-,stats.card,reads,RECYCLE,2.8
design-period_5m,ST6,-,stats.card,reads,THIN,9.4
design-period_5m,ST6,-,stats.card,reads,HUNT,0.5
design-period_5m,ST6,-,stats.card,reads,REJECT,5.4
design-period_5m,ST6,-,stats.card,reads,LEAVE,37.4
design-period_5m,ST6,-,stats.card,reads,PENDING,17.7
design-period_5m,ST6,-,stats.card,reads,NEW,9.2
design-period_5m,ST6,-,stats.card,leave_return_no_visit,,54
design-period_5m,ST6,-,stats.card,zones_since_memory_start,,101
design-period_5m,ST6,-,stats.card,births_in_window,A,4
design-period_5m,ST6,-,stats.card,births_in_window,B,41
design-period_5m,ST6,-,stats.card,since_memory_start,births_A,14
design-period_5m,ST6,-,stats.card,since_memory_start,births_B,87
design-period_5m,ST6,-,stats.card,since_memory_start,births_B_drift,18
design-period_5m,ST6,-,stats.card,since_memory_start,merges_A,241
design-period_5m,ST6,-,stats.card,since_memory_start,merges_B,273
design-period_5m,ST6,-,bridge.lines,raw_net,label,Foundation net
design-period_5m,ST6,-,bridge.lines,raw_net,n,26
design-period_5m,ST6,-,bridge.lines,raw_net,value,-15559.63
design-period_5m,ST6,-,bridge.lines,avoided_price,label,avoided price move of Foundation positions FZ did not hold
design-period_5m,ST6,-,bridge.lines,avoided_price,n,20
design-period_5m,ST6,-,bridge.lines,avoided_price,value,-11368.5
design-period_5m,ST6,-,bridge.lines,avoided_cost,label,avoided charges + slippage of those positions
design-period_5m,ST6,-,bridge.lines,avoided_cost,n,20
design-period_5m,ST6,-,bridge.lines,avoided_cost,value,22157.05
design-period_5m,ST6,-,bridge.lines,reenter_delta,label,REENTER vs Foundation's exit of the same SETUP
design-period_5m,ST6,-,bridge.lines,reenter_delta,n,5
design-period_5m,ST6,-,bridge.lines,reenter_delta,value,402.81
design-period_5m,ST6,-,bridge.lines,reenter_new,label,REENTER with no Foundation position of its own
design-period_5m,ST6,-,bridge.lines,reenter_new,n,0
design-period_5m,ST6,-,bridge.lines,reenter_new,value,0.0
design-period_5m,ST6,-,bridge.lines,fz_net,label,FZ net
design-period_5m,ST6,-,bridge.lines,fz_net,n,6
design-period_5m,ST6,-,bridge.lines,fz_net,value,-4368.26
design-period_5m,ST6,-,bridge,kept,,1
design-period_5m,ST6,-,bridge,replaced,,5
design-period_5m,ST6,-,bridge,avoided,,20
design-period_5m,ST6,-,bridge,selection,,-10965.69
design-period_5m,ST6,-,bridge,costs,,22157.05
design-period_5m,ST6,-,control,scheme,,"session-matched: per session, as many Foundation positions drawn at random as FZ held"
design-period_5m,ST6,-,control,seed,,fz|ST6|design-period_5m|6|<draw>
design-period_5m,ST6,-,control,draws,,2000
design-period_5m,ST6,-,control,k,,6
design-period_5m,ST6,-,control,capped,,0
design-period_5m,ST6,-,control,p5,,-21383.93
design-period_5m,ST6,-,control,p50,,-1443.46
design-period_5m,ST6,-,control,p95,,24512.13
design-period_5m,ST6,-,control,fz_net,,-4368.26
design-period_5m,ST6,-,control,fz_pct,,42.1
design-period_5m,ST6,-,control,p_beat,,0.5787
design-period_5m,ST6,-,permutation,kept_n,,6
design-period_5m,ST6,-,permutation,blocked_n,,20
design-period_5m,ST6,-,permutation,kept_mean,,-795.18
design-period_5m,ST6,-,permutation,blocked_mean,,-539.43
design-period_5m,ST6,-,permutation,diff,,-255.75
design-period_5m,ST6,-,permutation,p,,0.965
design-period_5m,ST6,-,permutation,draws,,2000
design-period_5m,ST6,-,books.fz,n,,6
design-period_5m,ST6,-,books.fz,net,,-4368.26
design-period_5m,ST6,-,books.fz,mean,,-728.04
design-period_5m,ST6,-,books.fz,sd,,3845.67
design-period_5m,ST6,-,books.fz,wins,,1
design-period_5m,ST6,-,books.fz,pf,,0.62
design-period_5m,ST6,-,books.fz,t_trade,,-0.46
design-period_5m,ST6,-,books.fz,t_session,,-0.43
design-period_5m,ST6,-,books.fz,sessions,,5
design-period_5m,ST6,-,books.fz,weeks,,3
design-period_5m,ST6,-,books.fz,open,,0
design-period_5m,ST6,-,books.fz,net_ex_open,,-4368.26
design-period_5m,ST6,-,books.fz,ci_inr,,4035.79
design-period_5m,ST6,-,books.fz,ci_pts,,62.09
design-period_5m,ST6,-,books.raw,n,,26
design-period_5m,ST6,-,books.raw,net,,-15559.63
design-period_5m,ST6,-,books.raw,mean,,-598.45
design-period_5m,ST6,-,books.raw,sd,,7310.66
design-period_5m,ST6,-,books.raw,wins,,5
design-period_5m,ST6,-,books.raw,pf,,0.77
design-period_5m,ST6,-,books.raw,t_trade,,-0.42
design-period_5m,ST6,-,books.raw,t_session,,-0.38
design-period_5m,ST6,-,books.raw,sessions,,10
design-period_5m,ST6,-,books.raw,weeks,,4
design-period_5m,ST6,-,books.raw,open,,1
design-period_5m,ST6,-,books.raw,net_ex_open,,-30549.77
design-period_5m,ST6,-,books.raw,ci_inr,,2952.84
design-period_5m,ST6,-,books.raw,ci_pts,,45.43
design-period_5m,ST6,-,flags,n,,6
design-period_5m,ST6,-,flags,pf_t,,not reported
design-period_5m,ST6,-,flags,ci_inr,,4035.78
design-period_5m,ST6,-,flags,ci_pts,,62.09
design-period_5m,ST6,-,flags,weeks,,suppressed
design-period_5m,ST6,-,flags,sharpe,,ok
design-period_5m,ST6,-,flags,rule,,"n < 10: ledger only, no PF / t; 10 <= n < 30: indicative, with the 95% CI on expectancy; weeks < 4: no week stats; active sessions < 10: no Sharpe / Calmar"
design-period_5m,ST6,-,all_na.gates,TAKE,,3
design-period_5m,ST6,-,all_na.gates,REENTER,,6
design-period_5m,ST6,-,all_na.gates,WATCH,,11
design-period_5m,ST6,-,all_na.gates,BLOCK,,6
design-period_5m,ST6,-,all_na.positions,TAKE,,3
design-period_5m,ST6,-,all_na.positions,REENTER,,6
unseen-test_5m,ST6,-,headline,setups,,47
unseen-test_5m,ST6,-,headline,take,,13
unseen-test_5m,ST6,-,headline,watch,,18
unseen-test_5m,ST6,-,headline,block,,9
unseen-test_5m,ST6,-,headline,reenter,,7
unseen-test_5m,ST6,-,headline.at_setup,TAKE,,13
unseen-test_5m,ST6,-,headline.at_setup,REENTER,,0
unseen-test_5m,ST6,-,headline.at_setup,WATCH,,25
unseen-test_5m,ST6,-,headline.at_setup,BLOCK,,9
unseen-test_5m,ST6,-,headline,take_trades,,13
unseen-test_5m,ST6,-,headline,reenter_trades,,7
unseen-test_5m,ST6,-,headline,priced,,20
unseen-test_5m,ST6,-,headline,control_pct,,80.6
unseen-test_5m,ST6,-,headline,control_p_beat,,0.1944
unseen-test_5m,ST6,-,headline,perm_p,,0.0815
unseen-test_5m,ST6,-,headline,active_sessions,,21
unseen-test_5m,ST6,-,headline,sessions,,35
unseen-test_5m,ST6,-,headline,pf_t,,indicative
unseen-test_5m,ST6,-,stats,setups,,47
unseen-test_5m,ST6,-,stats.gates,TAKE,,13
unseen-test_5m,ST6,-,stats.gates,REENTER,,7
unseen-test_5m,ST6,-,stats.gates,WATCH,,18
unseen-test_5m,ST6,-,stats.gates,BLOCK,,9
unseen-test_5m,ST6,-,stats.gates_at_setup,TAKE,,13
unseen-test_5m,ST6,-,stats.gates_at_setup,REENTER,,0
unseen-test_5m,ST6,-,stats.gates_at_setup,WATCH,,25
unseen-test_5m,ST6,-,stats.gates_at_setup,BLOCK,,9
unseen-test_5m,ST6,-,stats.gate_read,TAKE,LEAVE,13
unseen-test_5m,ST6,-,stats.gate_read,REENTER,PENDING,7
unseen-test_5m,ST6,-,stats.gate_read,WATCH,PENDING,10
unseen-test_5m,ST6,-,stats.gate_read,WATCH,ACCEPTED,2
unseen-test_5m,ST6,-,stats.gate_read,WATCH,LEAVE,6
unseen-test_5m,ST6,-,stats.gate_read,BLOCK,PENDING,3
unseen-test_5m,ST6,-,stats.gate_read,BLOCK,LEAVE,5
unseen-test_5m,ST6,-,stats.gate_read,BLOCK,REJECT,1
unseen-test_5m,ST6,-,stats.block_read,clock,LEAVE,3
unseen-test_5m,ST6,-,stats.block_read,clock,REJECT,1
unseen-test_5m,ST6,-,stats.block_read,hunt_fade,LEAVE,2
unseen-test_5m,ST6,-,stats.block_read,hunt_fade,PENDING,2
unseen-test_5m,ST6,-,stats.block_read,new,PENDING,1
unseen-test_5m,ST6,-,stats.watch_reason,leave_into_recycle,,6
unseen-test_5m,ST6,-,stats.branches,TAKE,leave,13
unseen-test_5m,ST6,-,stats.take_why,leave_into_recycle,,6
unseen-test_5m,ST6,-,stats.take_why,accepted_no_defend,,2
unseen-test_5m,ST6,-,stats.by_hour,09,WATCH,3
unseen-test_5m,ST6,-,stats.by_hour,09,REENTER,1
unseen-test_5m,ST6,-,stats.by_hour,09,BLOCK,2
unseen-test_5m,ST6,-,stats.by_hour,09,TAKE,4
unseen-test_5m,ST6,-,stats.by_hour,10,TAKE,2
unseen-test_5m,ST6,-,stats.by_hour,10,WATCH,3
unseen-test_5m,ST6,-,stats.by_hour,10,REENTER,3
unseen-test_5m,ST6,-,stats.by_hour,11,WATCH,5
unseen-test_5m,ST6,-,stats.by_hour,11,TAKE,3
unseen-test_5m,ST6,-,stats.by_hour,12,TAKE,2
unseen-test_5m,ST6,-,stats.by_hour,12,BLOCK,1
unseen-test_5m,ST6,-,stats.by_hour,12,WATCH,3
unseen-test_5m,ST6,-,stats.by_hour,12,REENTER,1
unseen-test_5m,ST6,-,stats.by_hour,13,TAKE,1
unseen-test_5m,ST6,-,stats.by_hour,13,BLOCK,2
unseen-test_5m,ST6,-,stats.by_hour,13,WATCH,1
unseen-test_5m,ST6,-,stats.by_hour,13,REENTER,2
unseen-test_5m,ST6,-,stats.by_hour,14,WATCH,3
unseen-test_5m,ST6,-,stats.by_hour,15,TAKE,1
unseen-test_5m,ST6,-,stats.by_hour,>=15:20,BLOCK,4
unseen-test_5m,ST6,-,stats.by_visit,1,TAKE,1
unseen-test_5m,ST6,-,stats.by_visit,1,BLOCK,1
unseen-test_5m,ST6,-,stats.by_visit,2,WATCH,4
unseen-test_5m,ST6,-,stats.by_visit,2,TAKE,2
unseen-test_5m,ST6,-,stats.by_visit,2,REENTER,2
unseen-test_5m,ST6,-,stats.by_visit,3,REENTER,1
unseen-test_5m,ST6,-,stats.by_visit,3,TAKE,1
unseen-test_5m,ST6,-,stats.by_visit,3,BLOCK,2
unseen-test_5m,ST6,-,stats.by_visit,3,WATCH,1
unseen-test_5m,ST6,-,stats.by_visit,4+,TAKE,8
unseen-test_5m,ST6,-,stats.by_visit,4+,WATCH,13
unseen-test_5m,ST6,-,stats.by_visit,4+,BLOCK,6
unseen-test_5m,ST6,-,stats.by_visit,4+,REENTER,4
unseen-test_5m,ST6,-,stats.by_visit,none,TAKE,1
unseen-test_5m,ST6,-,stats.by_dir,up,TAKE,6
unseen-test_5m,ST6,-,stats.by_dir,up,WATCH,11
unseen-test_5m,ST6,-,stats.by_dir,up,REENTER,5
unseen-test_5m,ST6,-,stats.by_dir,up,BLOCK,4
unseen-test_5m,ST6,-,stats.by_dir,down,WATCH,7
unseen-test_5m,ST6,-,stats.by_dir,down,TAKE,7
unseen-test_5m,ST6,-,stats.by_dir,down,BLOCK,5
unseen-test_5m,ST6,-,stats.by_dir,down,REENTER,2
unseen-test_5m,ST6,-,stats.by_zone_kind,A,TAKE,4
unseen-test_5m,ST6,-,stats.by_zone_kind,A,WATCH,4
unseen-test_5m,ST6,-,stats.by_zone_kind,B,WATCH,14
unseen-test_5m,ST6,-,stats.by_zone_kind,B,TAKE,8
unseen-test_5m,ST6,-,stats.by_zone_kind,B,REENTER,7
unseen-test_5m,ST6,-,stats.by_zone_kind,B,BLOCK,9
unseen-test_5m,ST6,-,stats.by_zone_kind,none,TAKE,1
unseen-test_5m,ST6,-,stats.reads_at_setup,LEAVE,,24
unseen-test_5m,ST6,-,stats.reads_at_setup,PENDING,,20
unseen-test_5m,ST6,-,stats.reads_at_setup,ACCEPTED,,2
unseen-test_5m,ST6,-,stats.reads_at_setup,REJECT,,1
unseen-test_5m,ST6,-,stats,visit_n_median,,8.0
unseen-test_5m,ST6,-,stats.accepted_revisit,setups,,2
unseen-test_5m,ST6,-,stats.accepted_revisit,bars,,758
unseen-test_5m,ST6,-,stats,accepted_time_only,,2
unseen-test_5m,ST6,-,stats,vol_na,,47
unseen-test_5m,ST6,-,stats,first_vol_na,,46
unseen-test_5m,ST6,-,stats.r4,bars_evaluated,,0
unseen-test_5m,ST6,-,stats.r4,bars_fail,,0
unseen-test_5m,ST6,-,stats.r4,bars_na,,20
unseen-test_5m,ST6,-,stats.r4,leave_setups,none,24
unseen-test_5m,ST6,-,stats.leave_far_side,seeded,,block_list
unseen-test_5m,ST6,-,stats.leave_far_side,any,,19
unseen-test_5m,ST6,-,stats.leave_far_side,block_list,,13
unseen-test_5m,ST6,-,stats.leave_far_side,no_band,,3
unseen-test_5m,ST6,-,stats.branch1,n,,13
unseen-test_5m,ST6,-,stats.branch1,far_side_no_band,,3
unseen-test_5m,ST6,-,stats.branch1,far_side_in_band,,10
unseen-test_5m,ST6,-,stats.branch1,in_band_visit_n,4+,7
unseen-test_5m,ST6,-,stats.branch1,in_band_visit_n,2,2
unseen-test_5m,ST6,-,stats.branch1,in_band_visit_n,1,1
unseen-test_5m,ST6,-,stats.branch1,in_band_visit_n_median,,7.0
unseen-test_5m,ST6,-,stats.branch1,in_band_entered_read,ACCEPTED,9
unseen-test_5m,ST6,-,stats.branch1,in_band_entered_read,FIRST_PRINT,1
unseen-test_5m,ST6,-,stats.watches,opened,,25
unseen-test_5m,ST6,-,stats.watches,kinds,WATCH_EDGE,16
unseen-test_5m,ST6,-,stats.watches,kinds,WATCH,9
unseen-test_5m,ST6,-,stats.watches,outcomes,armed_expired:back_inside,13
unseen-test_5m,ST6,-,stats.watches,outcomes,reenter,7
unseen-test_5m,ST6,-,stats.watches,outcomes,cancelled:opposite_leave,3
unseen-test_5m,ST6,-,stats.watches,outcomes,active,1
unseen-test_5m,ST6,-,stats.watches,outcomes,replaced,1
unseen-test_5m,ST6,-,stats.watches,armed,,21
unseen-test_5m,ST6,-,stats.watches,armed_expired,back_inside,13
unseen-test_5m,ST6,-,stats.watches,armed_bars_median,,1
unseen-test_5m,ST6,-,stats.watches,rearmed_bars_median,,1
unseen-test_5m,ST6,-,stats.watches,rearmed,,0
unseen-test_5m,ST6,-,stats.watches,no_same_dir_setup,,1
unseen-test_5m,ST6,-,stats.watches,clock_1520,,0
unseen-test_5m,ST6,-,stats.watches,reenter_refused,,0
unseen-test_5m,ST6,-,stats.watches,reenter_in_position,,0
unseen-test_5m,ST6,-,stats.positions,TAKE,,13
unseen-test_5m,ST6,-,stats.positions,REENTER,,7
unseen-test_5m,ST6,-,stats.positions,reenter_exits,next_choch,3
unseen-test_5m,ST6,-,stats.positions,reenter_exits,band_reclaim,2
unseen-test_5m,ST6,-,stats.positions,reenter_exits,stop_loss,2
unseen-test_5m,ST6,-,stats.positions,reenter_fill,reenter_close,7
unseen-test_5m,ST6,-,stats.positions,reenter_sl_bar,setup,7
unseen-test_5m,ST6,-,stats.positions,reenter_sl_in_band,,6
unseen-test_5m,ST6,-,stats.positions,reenter_converted_take,,0
unseen-test_5m,ST6,-,stats.positions,take_refused,,0
unseen-test_5m,ST6,-,stats,active_sessions,,21
unseen-test_5m,ST6,-,stats,sessions,,35
unseen-test_5m,ST6,-,stats,dormant,,"[[""2026-07-14"", ""2026-07-14"", 1], [""2026-07-22"", ""2026-07-24"", 3], [""2026-07-29"", ""2026-08-10"", 9], [""2026-08-19"", ""2026-08-19"", 1]]"
unseen-test_5m,ST6,-,stats.card,bars,,2625
unseen-test_5m,ST6,-,stats.card,inside_pct,,89.7
unseen-test_5m,ST6,-,stats.card,ref_live_pct,,93.2
unseen-test_5m,ST6,-,stats.card,reads,FIRST_PRINT,1.3
unseen-test_5m,ST6,-,stats.card,reads,ACCEPTED,28.9
unseen-test_5m,ST6,-,stats.card,reads,RECYCLE,0.9
unseen-test_5m,ST6,-,stats.card,reads,THIN,0.0
unseen-test_5m,ST6,-,stats.card,reads,HUNT,1.3
unseen-test_5m,ST6,-,stats.card,reads,REJECT,6.7
unseen-test_5m,ST6,-,stats.card,reads,LEAVE,39.0
unseen-test_5m,ST6,-,stats.card,reads,PENDING,18.5
unseen-test_5m,ST6,-,stats.card,reads,NEW,3.5
unseen-test_5m,ST6,-,stats.card,leave_return_no_visit,,151
unseen-test_5m,ST6,-,stats.card,zones_since_memory_start,,56
unseen-test_5m,ST6,-,stats.card,births_in_window,A,7
unseen-test_5m,ST6,-,stats.card,births_in_window,B,26
unseen-test_5m,ST6,-,stats.card,since_memory_start,births_A,10
unseen-test_5m,ST6,-,stats.card,since_memory_start,births_B,46
unseen-test_5m,ST6,-,stats.card,since_memory_start,births_B_drift,10
unseen-test_5m,ST6,-,stats.card,since_memory_start,merges_A,158
unseen-test_5m,ST6,-,stats.card,since_memory_start,merges_B,191
unseen-test_5m,ST6,-,bridge.lines,raw_net,label,Foundation net
unseen-test_5m,ST6,-,bridge.lines,raw_net,n,47
unseen-test_5m,ST6,-,bridge.lines,raw_net,value,-56783.32
unseen-test_5m,ST6,-,bridge.lines,avoided_price,label,avoided price move of Foundation positions FZ did not hold
unseen-test_5m,ST6,-,bridge.lines,avoided_price,n,27
unseen-test_5m,ST6,-,bridge.lines,avoided_price,value,-29737.5
unseen-test_5m,ST6,-,bridge.lines,avoided_cost,label,avoided charges + slippage of those positions
unseen-test_5m,ST6,-,bridge.lines,avoided_cost,n,27
unseen-test_5m,ST6,-,bridge.lines,avoided_cost,value,30088.85
unseen-test_5m,ST6,-,bridge.lines,reenter_delta,label,REENTER vs Foundation's exit of the same SETUP
unseen-test_5m,ST6,-,bridge.lines,reenter_delta,n,7
unseen-test_5m,ST6,-,bridge.lines,reenter_delta,value,8539.24
unseen-test_5m,ST6,-,bridge.lines,reenter_new,label,REENTER with no Foundation position of its own
unseen-test_5m,ST6,-,bridge.lines,reenter_new,n,0
unseen-test_5m,ST6,-,bridge.lines,reenter_new,value,0.0
unseen-test_5m,ST6,-,bridge.lines,fz_net,label,FZ net
unseen-test_5m,ST6,-,bridge.lines,fz_net,n,20
unseen-test_5m,ST6,-,bridge.lines,fz_net,value,-47892.73
unseen-test_5m,ST6,-,bridge,kept,,13
unseen-test_5m,ST6,-,bridge,replaced,,7
unseen-test_5m,ST6,-,bridge,avoided,,27
unseen-test_5m,ST6,-,bridge,selection,,-21198.26
unseen-test_5m,ST6,-,bridge,costs,,30088.85
unseen-test_5m,ST6,-,control,scheme,,"session-matched: per session, as many Foundation positions drawn at random as FZ held"
unseen-test_5m,ST6,-,control,seed,,fz|ST6|unseen-test_5m|20|<draw>
unseen-test_5m,ST6,-,control,draws,,2000
unseen-test_5m,ST6,-,control,k,,20
unseen-test_5m,ST6,-,control,capped,,0
unseen-test_5m,ST6,-,control,p5,,-58876.67
unseen-test_5m,ST6,-,control,p50,,-53273.64
unseen-test_5m,ST6,-,control,p95,,-44325.37
unseen-test_5m,ST6,-,control,fz_net,,-47892.73
unseen-test_5m,ST6,-,control,fz_pct,,80.6
unseen-test_5m,ST6,-,control,p_beat,,0.1944
unseen-test_5m,ST6,-,permutation,kept_n,,20
unseen-test_5m,ST6,-,permutation,blocked_n,,27
unseen-test_5m,ST6,-,permutation,kept_mean,,-2821.6
unseen-test_5m,ST6,-,permutation,blocked_mean,,-13.01
unseen-test_5m,ST6,-,permutation,diff,,-2808.59
unseen-test_5m,ST6,-,permutation,p,,0.0815
unseen-test_5m,ST6,-,permutation,draws,,2000
unseen-test_5m,ST6,-,books.fz,n,,20
unseen-test_5m,ST6,-,books.fz,net,,-47892.73
unseen-test_5m,ST6,-,books.fz,mean,,-2394.64
unseen-test_5m,ST6,-,books.fz,sd,,2280.75
unseen-test_5m,ST6,-,books.fz,wins,,3
unseen-test_5m,ST6,-,books.fz,pf,,0.09
unseen-test_5m,ST6,-,books.fz,t_trade,,-4.7
unseen-test_5m,ST6,-,books.fz,t_session,,-3.72
unseen-test_5m,ST6,-,books.fz,sessions,,14
unseen-test_5m,ST6,-,books.fz,weeks,,5
unseen-test_5m,ST6,-,books.fz,open,,0
unseen-test_5m,ST6,-,books.fz,net_ex_open,,-47892.73
unseen-test_5m,ST6,-,books.fz,ci_inr,,1067.42
unseen-test_5m,ST6,-,books.fz,ci_pts,,16.42
unseen-test_5m,ST6,-,books.raw,n,,47
unseen-test_5m,ST6,-,books.raw,net,,-56783.32
unseen-test_5m,ST6,-,books.raw,mean,,-1208.16
unseen-test_5m,ST6,-,books.raw,sd,,5662.52
unseen-test_5m,ST6,-,books.raw,wins,,8
unseen-test_5m,ST6,-,books.raw,pf,,0.51
unseen-test_5m,ST6,-,books.raw,t_trade,,-1.46
unseen-test_5m,ST6,-,books.raw,t_session,,-1.34
unseen-test_5m,ST6,-,books.raw,sessions,,21
unseen-test_5m,ST6,-,books.raw,weeks,,7
unseen-test_5m,ST6,-,books.raw,open,,1
unseen-test_5m,ST6,-,books.raw,net_ex_open,,-61790.65
unseen-test_5m,ST6,-,books.raw,ci_inr,,1662.58
unseen-test_5m,ST6,-,books.raw,ci_pts,,25.58
unseen-test_5m,ST6,-,flags,n,,20
unseen-test_5m,ST6,-,flags,pf_t,,indicative
unseen-test_5m,ST6,-,flags,ci_inr,,1067.42
unseen-test_5m,ST6,-,flags,ci_pts,,16.42
unseen-test_5m,ST6,-,flags,weeks,,ok
unseen-test_5m,ST6,-,flags,sharpe,,ok
unseen-test_5m,ST6,-,flags,rule,,"n < 10: ledger only, no PF / t; 10 <= n < 30: indicative, with the 95% CI on expectancy; weeks < 4: no week stats; active sessions < 10: no Sharpe / Calmar"
unseen-test_5m,ST6,-,all_na.gates,TAKE,,13
unseen-test_5m,ST6,-,all_na.gates,REENTER,,7
unseen-test_5m,ST6,-,all_na.gates,WATCH,,18
unseen-test_5m,ST6,-,all_na.gates,BLOCK,,9
unseen-test_5m,ST6,-,all_na.positions,TAKE,,13
unseen-test_5m,ST6,-,all_na.positions,REENTER,,7
1m_5m,ST6,-,headline,setups,,26
1m_5m,ST6,-,headline,take,,1
1m_5m,ST6,-,headline,watch,,14
1m_5m,ST6,-,headline,block,,6
1m_5m,ST6,-,headline,reenter,,5
1m_5m,ST6,-,headline.at_setup,TAKE,,1
1m_5m,ST6,-,headline.at_setup,REENTER,,0
1m_5m,ST6,-,headline.at_setup,WATCH,,19
1m_5m,ST6,-,headline.at_setup,BLOCK,,6
1m_5m,ST6,-,headline,take_trades,,1
1m_5m,ST6,-,headline,reenter_trades,,5
1m_5m,ST6,-,headline,priced,,6
1m_5m,ST6,-,headline,control_pct,,44.0
1m_5m,ST6,-,headline,control_p_beat,,0.5597
1m_5m,ST6,-,headline,perm_p,,0.962
1m_5m,ST6,-,headline,active_sessions,,10
1m_5m,ST6,-,headline,sessions,,22
1m_5m,ST6,-,headline,pf_t,,not reported
1m_5m,ST6,-,stats,setups,,26
1m_5m,ST6,-,stats.gates,TAKE,,1
1m_5m,ST6,-,stats.gates,REENTER,,5
1m_5m,ST6,-,stats.gates,WATCH,,14
1m_5m,ST6,-,stats.gates,BLOCK,,6
1m_5m,ST6,-,stats.gates_at_setup,TAKE,,1
1m_5m,ST6,-,stats.gates_at_setup,REENTER,,0
1m_5m,ST6,-,stats.gates_at_setup,WATCH,,19
1m_5m,ST6,-,stats.gates_at_setup,BLOCK,,6
1m_5m,ST6,-,stats.gate_read,TAKE,LEAVE,1
1m_5m,ST6,-,stats.gate_read,REENTER,PENDING,5
1m_5m,ST6,-,stats.gate_read,WATCH,LEAVE,8
1m_5m,ST6,-,stats.gate_read,WATCH,PENDING,6
1m_5m,ST6,-,stats.gate_read,BLOCK,LEAVE,5
1m_5m,ST6,-,stats.gate_read,BLOCK,PENDING,1
1m_5m,ST6,-,stats.block_read,clock,LEAVE,3
1m_5m,ST6,-,stats.block_read,clock,PENDING,1
1m_5m,ST6,-,stats.block_read,hunt_fade,LEAVE,1
1m_5m,ST6,-,stats.block_read,open_pierce,LEAVE,1
1m_5m,ST6,-,stats.watch_reason,leave_into_recycle,,3
1m_5m,ST6,-,stats.branches,TAKE,leave,1
1m_5m,ST6,-,stats.take_why,leave_vol_fail,,5
1m_5m,ST6,-,stats.take_why,leave_into_recycle,,3
1m_5m,ST6,-,stats.by_hour,<09:25,BLOCK,1
1m_5m,ST6,-,stats.by_hour,09,WATCH,3
1m_5m,ST6,-,stats.by_hour,09,REENTER,1
1m_5m,ST6,-,stats.by_hour,10,REENTER,2
1m_5m,ST6,-,stats.by_hour,10,WATCH,3
1m_5m,ST6,-,stats.by_hour,11,WATCH,2
1m_5m,ST6,-,stats.by_hour,12,REENTER,1
1m_5m,ST6,-,stats.by_hour,13,WATCH,2
1m_5m,ST6,-,stats.by_hour,13,TAKE,1
1m_5m,ST6,-,stats.by_hour,14,BLOCK,1
1m_5m,ST6,-,stats.by_hour,14,WATCH,3
1m_5m,ST6,-,stats.by_hour,15,REENTER,1
1m_5m,ST6,-,stats.by_hour,15,WATCH,1
1m_5m,ST6,-,stats.by_hour,>=15:20,BLOCK,4
1m_5m,ST6,-,stats.by_visit,1,WATCH,2
1m_5m,ST6,-,stats.by_visit,2,WATCH,2
1m_5m,ST6,-,stats.by_visit,2,REENTER,1
1m_5m,ST6,-,stats.by_visit,3,WATCH,2
1m_5m,ST6,-,stats.by_visit,4+,WATCH,8
1m_5m,ST6,-,stats.by_visit,4+,BLOCK,6
1m_5m,ST6,-,stats.by_visit,4+,REENTER,4
1m_5m,ST6,-,stats.by_visit,4+,TAKE,1
1m_5m,ST6,-,stats.by_dir,up,BLOCK,2
1m_5m,ST6,-,stats.by_dir,up,REENTER,2
1m_5m,ST6,-,stats.by_dir,up,WATCH,5
1m_5m,ST6,-,stats.by_dir,down,WATCH,9
1m_5m,ST6,-,stats.by_dir,down,BLOCK,4
1m_5m,ST6,-,stats.by_dir,down,TAKE,1
1m_5m,ST6,-,stats.by_dir,down,REENTER,3
1m_5m,ST6,-,stats.by_zone_kind,A,WATCH,3
1m_5m,ST6,-,stats.by_zone_kind,A,TAKE,1
1m_5m,ST6,-,stats.by_zone_kind,A,REENTER,1
1m_5m,ST6,-,stats.by_zone_kind,B,WATCH,11
1m_5m,ST6,-,stats.by_zone_kind,B,BLOCK,6
1m_5m,ST6,-,stats.by_zone_kind,B,REENTER,4
1m_5m,ST6,-,stats.reads_at_setup,LEAVE,,14
1m_5m,ST6,-,stats.reads_at_setup,PENDING,,12
1m_5m,ST6,-,stats,visit_n_median,,6.5
1m_5m,ST6,-,stats.accepted_revisit,setups,,0
1m_5m,ST6,-,stats.accepted_revisit,bars,,200
1m_5m,ST6,-,stats,accepted_time_only,,0
1m_5m,ST6,-,stats,vol_na,,0
1m_5m,ST6,-,stats,first_vol_na,,15
1m_5m,ST6,-,stats.r4,bars_evaluated,,83
1m_5m,ST6,-,stats.r4,bars_fail,,67
1m_5m,ST6,-,stats.r4,bars_na,,0
1m_5m,ST6,-,stats.r4,leave_setups,false,7
1m_5m,ST6,-,stats.r4,leave_setups,true,7
1m_5m,ST6,-,stats.leave_far_side,seeded,,block_list
1m_5m,ST6,-,stats.leave_far_side,any,,4
1m_5m,ST6,-,stats.leave_far_side,block_list,,1
1m_5m,ST6,-,stats.leave_far_side,no_band,,0
1m_5m,ST6,-,stats.branch1,n,,1
1m_5m,ST6,-,stats.branch1,far_side_no_band,,0
1m_5m,ST6,-,stats.branch1,far_side_in_band,,1
1m_5m,ST6,-,stats.branch1,in_band_visit_n,4+,1
1m_5m,ST6,-,stats.branch1,in_band_visit_n_median,,12
1m_5m,ST6,-,stats.branch1,in_band_entered_read,ACCEPTED,1
1m_5m,ST6,-,stats.watches,opened,,19
1m_5m,ST6,-,stats.watches,kinds,WATCH_EDGE,11
1m_5m,ST6,-,stats.watches,kinds,WATCH,8
1m_5m,ST6,-,stats.watches,outcomes,armed_expired:back_inside,10
1m_5m,ST6,-,stats.watches,outcomes,reenter,5
1m_5m,ST6,-,stats.watches,outcomes,armed_expired:session_end,2
1m_5m,ST6,-,stats.watches,outcomes,cancelled:opposite_leave,2
1m_5m,ST6,-,stats.watches,armed,,17
1m_5m,ST6,-,stats.watches,armed_expired,back_inside,10
1m_5m,ST6,-,stats.watches,armed_expired,session_end,2
1m_5m,ST6,-,stats.watches,armed_bars_median,,1.0
1m_5m,ST6,-,stats.watches,rearmed_bars_median,,1.0
1m_5m,ST6,-,stats.watches,rearmed,,0
1m_5m,ST6,-,stats.watches,no_same_dir_setup,,3
1m_5m,ST6,-,stats.watches,clock_1520,,1
1m_5m,ST6,-,stats.watches,reenter_refused,,0
1m_5m,ST6,-,stats.watches,reenter_in_position,,0
1m_5m,ST6,-,stats.positions,TAKE,,1
1m_5m,ST6,-,stats.positions,REENTER,,5
1m_5m,ST6,-,stats.positions,reenter_exits,next_choch,2
1m_5m,ST6,-,stats.positions,reenter_exits,stop_loss,2
1m_5m,ST6,-,stats.positions,reenter_exits,band_reclaim,1
1m_5m,ST6,-,stats.positions,reenter_fill,reenter_close,5
1m_5m,ST6,-,stats.positions,reenter_sl_bar,setup,5
1m_5m,ST6,-,stats.positions,reenter_sl_in_band,,3
1m_5m,ST6,-,stats.positions,reenter_converted_take,,0
1m_5m,ST6,-,stats.positions,take_refused,,0
1m_5m,ST6,-,stats,active_sessions,,10
1m_5m,ST6,-,stats,sessions,,22
1m_5m,ST6,-,stats,dormant,,"[[""2026-09-02"", ""2026-09-02"", 1], [""2026-09-08"", ""2026-09-21"", 9], [""2026-09-24"", ""2026-09-25"", 2]]"
1m_5m,ST6,-,stats.card,bars,,1650
1m_5m,ST6,-,stats.card,inside_pct,,73.5
1m_5m,ST6,-,stats.card,ref_live_pct,,81.0
1m_5m,ST6,-,stats.card,reads,FIRST_PRINT,5.5
1m_5m,ST6,-,stats.card,reads,ACCEPTED,12.1
1m_5m,ST6,-,stats.card,reads,RECYCLE,2.8
1m_5m,ST6,-,stats.card,reads,THIN,9.4
1m_5m,ST6,-,stats.card,reads,HUNT,0.5
1m_5m,ST6,-,stats.card,reads,REJECT,5.4
1m_5m,ST6,-,stats.card,reads,LEAVE,37.4
1m_5m,ST6,-,stats.card,reads,PENDING,17.7
1m_5m,ST6,-,stats.card,reads,NEW,9.2
1m_5m,ST6,-,stats.card,leave_return_no_visit,,54
1m_5m,ST6,-,stats.card,zones_since_memory_start,,101
1m_5m,ST6,-,stats.card,births_in_window,A,4
1m_5m,ST6,-,stats.card,births_in_window,B,41
1m_5m,ST6,-,stats.card,since_memory_start,births_A,14
1m_5m,ST6,-,stats.card,since_memory_start,births_B,87
1m_5m,ST6,-,stats.card,since_memory_start,births_B_drift,18
1m_5m,ST6,-,stats.card,since_memory_start,merges_A,241
1m_5m,ST6,-,stats.card,since_memory_start,merges_B,273
1m_5m,ST6,-,bridge.lines,raw_net,label,Foundation net
1m_5m,ST6,-,bridge.lines,raw_net,n,26
1m_5m,ST6,-,bridge.lines,raw_net,value,-15559.63
1m_5m,ST6,-,bridge.lines,avoided_price,label,avoided price move of Foundation positions FZ did not hold
1m_5m,ST6,-,bridge.lines,avoided_price,n,20
1m_5m,ST6,-,bridge.lines,avoided_price,value,-11368.5
1m_5m,ST6,-,bridge.lines,avoided_cost,label,avoided charges + slippage of those positions
1m_5m,ST6,-,bridge.lines,avoided_cost,n,20
1m_5m,ST6,-,bridge.lines,avoided_cost,value,22157.05
1m_5m,ST6,-,bridge.lines,reenter_delta,label,REENTER vs Foundation's exit of the same SETUP
1m_5m,ST6,-,bridge.lines,reenter_delta,n,5
1m_5m,ST6,-,bridge.lines,reenter_delta,value,402.81
1m_5m,ST6,-,bridge.lines,reenter_new,label,REENTER with no Foundation position of its own
1m_5m,ST6,-,bridge.lines,reenter_new,n,0
1m_5m,ST6,-,bridge.lines,reenter_new,value,0.0
1m_5m,ST6,-,bridge.lines,fz_net,label,FZ net
1m_5m,ST6,-,bridge.lines,fz_net,n,6
1m_5m,ST6,-,bridge.lines,fz_net,value,-4368.26
1m_5m,ST6,-,bridge,kept,,1
1m_5m,ST6,-,bridge,replaced,,5
1m_5m,ST6,-,bridge,avoided,,20
1m_5m,ST6,-,bridge,selection,,-10965.69
1m_5m,ST6,-,bridge,costs,,22157.05
1m_5m,ST6,-,control,scheme,,"session-matched: per session, as many Foundation positions drawn at random as FZ held"
1m_5m,ST6,-,control,seed,,fz|ST6|1m_5m|6|<draw>
1m_5m,ST6,-,control,draws,,2000
1m_5m,ST6,-,control,k,,6
1m_5m,ST6,-,control,capped,,0
1m_5m,ST6,-,control,p5,,-22235.55
1m_5m,ST6,-,control,p50,,-2092.7
1m_5m,ST6,-,control,p95,,24487.17
1m_5m,ST6,-,control,fz_net,,-4368.26
1m_5m,ST6,-,control,fz_pct,,44.0
1m_5m,ST6,-,control,p_beat,,0.5597
1m_5m,ST6,-,permutation,kept_n,,6
1m_5m,ST6,-,permutation,blocked_n,,20
1m_5m,ST6,-,permutation,kept_mean,,-795.18
1m_5m,ST6,-,permutation,blocked_mean,,-539.43
1m_5m,ST6,-,permutation,diff,,-255.75
1m_5m,ST6,-,permutation,p,,0.962
1m_5m,ST6,-,permutation,draws,,2000
1m_5m,ST6,-,books.fz,n,,6
1m_5m,ST6,-,books.fz,net,,-4368.26
1m_5m,ST6,-,books.fz,mean,,-728.04
1m_5m,ST6,-,books.fz,sd,,3845.67
1m_5m,ST6,-,books.fz,wins,,1
1m_5m,ST6,-,books.fz,pf,,0.62
1m_5m,ST6,-,books.fz,t_trade,,-0.46
1m_5m,ST6,-,books.fz,t_session,,-0.43
1m_5m,ST6,-,books.fz,sessions,,5
1m_5m,ST6,-,books.fz,weeks,,3
1m_5m,ST6,-,books.fz,open,,0
1m_5m,ST6,-,books.fz,net_ex_open,,-4368.26
1m_5m,ST6,-,books.fz,ci_inr,,4035.79
1m_5m,ST6,-,books.fz,ci_pts,,62.09
1m_5m,ST6,-,books.raw,n,,26
1m_5m,ST6,-,books.raw,net,,-15559.63
1m_5m,ST6,-,books.raw,mean,,-598.45
1m_5m,ST6,-,books.raw,sd,,7310.66
1m_5m,ST6,-,books.raw,wins,,5
1m_5m,ST6,-,books.raw,pf,,0.77
1m_5m,ST6,-,books.raw,t_trade,,-0.42
1m_5m,ST6,-,books.raw,t_session,,-0.38
1m_5m,ST6,-,books.raw,sessions,,10
1m_5m,ST6,-,books.raw,weeks,,4
1m_5m,ST6,-,books.raw,open,,1
1m_5m,ST6,-,books.raw,net_ex_open,,-30549.77
1m_5m,ST6,-,books.raw,ci_inr,,2952.84
1m_5m,ST6,-,books.raw,ci_pts,,45.43
1m_5m,ST6,-,flags,n,,6
1m_5m,ST6,-,flags,pf_t,,not reported
1m_5m,ST6,-,flags,ci_inr,,4035.78
1m_5m,ST6,-,flags,ci_pts,,62.09
1m_5m,ST6,-,flags,weeks,,suppressed
1m_5m,ST6,-,flags,sharpe,,ok
1m_5m,ST6,-,flags,rule,,"n < 10: ledger only, no PF / t; 10 <= n < 30: indicative, with the 95% CI on expectancy; weeks < 4: no week stats; active sessions < 10: no Sharpe / Calmar"
1m_5m,ST6,-,all_na.gates,TAKE,,3
1m_5m,ST6,-,all_na.gates,REENTER,,6
1m_5m,ST6,-,all_na.gates,WATCH,,11
1m_5m,ST6,-,all_na.gates,BLOCK,,6
1m_5m,ST6,-,all_na.positions,TAKE,,3
1m_5m,ST6,-,all_na.positions,REENTER,,6
all-data_5m,ST6_FB,W-ATR2,headline,setups,,73
all-data_5m,ST6_FB,W-ATR2,headline,take,,14
all-data_5m,ST6_FB,W-ATR2,headline,watch,,32
all-data_5m,ST6_FB,W-ATR2,headline,block,,15
all-data_5m,ST6_FB,W-ATR2,headline,reenter,,12
all-data_5m,ST6_FB,W-ATR2,headline.at_setup,TAKE,,14
all-data_5m,ST6_FB,W-ATR2,headline.at_setup,REENTER,,0
all-data_5m,ST6_FB,W-ATR2,headline.at_setup,WATCH,,44
all-data_5m,ST6_FB,W-ATR2,headline.at_setup,BLOCK,,15
all-data_5m,ST6_FB,W-ATR2,headline,take_trades,,14
all-data_5m,ST6_FB,W-ATR2,headline,reenter_trades,,12
all-data_5m,ST6_FB,W-ATR2,headline,priced,,26
all-data_5m,ST6_FB,W-ATR2,headline,control_pct,,79.3
all-data_5m,ST6_FB,W-ATR2,headline,control_p_beat,,0.2074
all-data_5m,ST6_FB,W-ATR2,headline,perm_p,,0.2514
all-data_5m,ST6_FB,W-ATR2,headline,active_sessions,,31
all-data_5m,ST6_FB,W-ATR2,headline,sessions,,57
all-data_5m,ST6_FB,W-ATR2,headline,pf_t,,indicative
all-data_5m,ST6_FB,W-ATR2,stats,setups,,73
all-data_5m,ST6_FB,W-ATR2,stats.gates,TAKE,,14
all-data_5m,ST6_FB,W-ATR2,stats.gates,REENTER,,12
all-data_5m,ST6_FB,W-ATR2,stats.gates,WATCH,,32
all-data_5m,ST6_FB,W-ATR2,stats.gates,BLOCK,,15
all-data_5m,ST6_FB,W-ATR2,stats.gates_at_setup,TAKE,,14
all-data_5m,ST6_FB,W-ATR2,stats.gates_at_setup,REENTER,,0
all-data_5m,ST6_FB,W-ATR2,stats.gates_at_setup,WATCH,,44
all-data_5m,ST6_FB,W-ATR2,stats.gates_at_setup,BLOCK,,15
all-data_5m,ST6_FB,W-ATR2,stats.gate_read,TAKE,LEAVE,14
all-data_5m,ST6_FB,W-ATR2,stats.gate_read,REENTER,PENDING,12
all-data_5m,ST6_FB,W-ATR2,stats.gate_read,WATCH,PENDING,16
all-data_5m,ST6_FB,W-ATR2,stats.gate_read,WATCH,ACCEPTED,2
all-data_5m,ST6_FB,W-ATR2,stats.gate_read,WATCH,LEAVE,14
all-data_5m,ST6_FB,W-ATR2,stats.gate_read,BLOCK,PENDING,4
all-data_5m,ST6_FB,W-ATR2,stats.gate_read,BLOCK,LEAVE,10
all-data_5m,ST6_FB,W-ATR2,stats.gate_read,BLOCK,REJECT,1
all-data_5m,ST6_FB,W-ATR2,stats.block_read,clock,LEAVE,6
all-data_5m,ST6_FB,W-ATR2,stats.block_read,clock,REJECT,1
all-data_5m,ST6_FB,W-ATR2,stats.block_read,clock,PENDING,1
all-data_5m,ST6_FB,W-ATR2,stats.block_read,hunt_fade,LEAVE,3
all-data_5m,ST6_FB,W-ATR2,stats.block_read,hunt_fade,PENDING,2
all-data_5m,ST6_FB,W-ATR2,stats.block_read,new,PENDING,1
all-data_5m,ST6_FB,W-ATR2,stats.block_read,open_pierce,LEAVE,1
all-data_5m,ST6_FB,W-ATR2,stats.watch_reason,leave_into_recycle,,9
all-data_5m,ST6_FB,W-ATR2,stats.branches,TAKE,leave,14
all-data_5m,ST6_FB,W-ATR2,stats.take_why,leave_into_recycle,,9
all-data_5m,ST6_FB,W-ATR2,stats.take_why,leave_vol_fail,,5
all-data_5m,ST6_FB,W-ATR2,stats.take_why,accepted_no_defend,,2
all-data_5m,ST6_FB,W-ATR2,stats.by_hour,<09:25,BLOCK,1
all-data_5m,ST6_FB,W-ATR2,stats.by_hour,09,WATCH,6
all-data_5m,ST6_FB,W-ATR2,stats.by_hour,09,REENTER,2
all-data_5m,ST6_FB,W-ATR2,stats.by_hour,09,BLOCK,2
all-data_5m,ST6_FB,W-ATR2,stats.by_hour,09,TAKE,4
all-data_5m,ST6_FB,W-ATR2,stats.by_hour,10,TAKE,2
all-data_5m,ST6_FB,W-ATR2,stats.by_hour,10,WATCH,6
all-data_5m,ST6_FB,W-ATR2,stats.by_hour,10,REENTER,5
all-data_5m,ST6_FB,W-ATR2,stats.by_hour,11,WATCH,7
all-data_5m,ST6_FB,W-ATR2,stats.by_hour,11,TAKE,3
all-data_5m,ST6_FB,W-ATR2,stats.by_hour,12,TAKE,2
all-data_5m,ST6_FB,W-ATR2,stats.by_hour,12,BLOCK,1
all-data_5m,ST6_FB,W-ATR2,stats.by_hour,12,WATCH,3
all-data_5m,ST6_FB,W-ATR2,stats.by_hour,12,REENTER,2
all-data_5m,ST6_FB,W-ATR2,stats.by_hour,13,TAKE,2
all-data_5m,ST6_FB,W-ATR2,stats.by_hour,13,BLOCK,2
all-data_5m,ST6_FB,W-ATR2,stats.by_hour,13,WATCH,3
all-data_5m,ST6_FB,W-ATR2,stats.by_hour,13,REENTER,2
all-data_5m,ST6_FB,W-ATR2,stats.by_hour,14,WATCH,6
all-data_5m,ST6_FB,W-ATR2,stats.by_hour,14,BLOCK,1
all-data_5m,ST6_FB,W-ATR2,stats.by_hour,15,TAKE,1
all-data_5m,ST6_FB,W-ATR2,stats.by_hour,15,REENTER,1
all-data_5m,ST6_FB,W-ATR2,stats.by_hour,15,WATCH,1
all-data_5m,ST6_FB,W-ATR2,stats.by_hour,>=15:20,BLOCK,8
all-data_5m,ST6_FB,W-ATR2,stats.by_visit,1,TAKE,1
all-data_5m,ST6_FB,W-ATR2,stats.by_visit,1,BLOCK,1
all-data_5m,ST6_FB,W-ATR2,stats.by_visit,1,WATCH,2
all-data_5m,ST6_FB,W-ATR2,stats.by_visit,2,WATCH,6
all-data_5m,ST6_FB,W-ATR2,stats.by_visit,2,TAKE,2
all-data_5m,ST6_FB,W-ATR2,stats.by_visit,2,REENTER,3
all-data_5m,ST6_FB,W-ATR2,stats.by_visit,3,REENTER,1
all-data_5m,ST6_FB,W-ATR2,stats.by_visit,3,TAKE,1
all-data_5m,ST6_FB,W-ATR2,stats.by_visit,3,BLOCK,2
all-data_5m,ST6_FB,W-ATR2,stats.by_visit,3,WATCH,3
all-data_5m,ST6_FB,W-ATR2,stats.by_visit,4+,TAKE,9
all-data_5m,ST6_FB,W-ATR2,stats.by_visit,4+,WATCH,21
all-data_5m,ST6_FB,W-ATR2,stats.by_visit,4+,BLOCK,12
all-data_5m,ST6_FB,W-ATR2,stats.by_visit,4+,REENTER,8
all-data_5m,ST6_FB,W-ATR2,stats.by_visit,none,TAKE,1
all-data_5m,ST6_FB,W-ATR2,stats.by_dir,up,TAKE,6
all-data_5m,ST6_FB,W-ATR2,stats.by_dir,up,WATCH,16
all-data_5m,ST6_FB,W-ATR2,stats.by_dir,up,REENTER,7
all-data_5m,ST6_FB,W-ATR2,stats.by_dir,up,BLOCK,6
all-data_5m,ST6_FB,W-ATR2,stats.by_dir,down,WATCH,16
all-data_5m,ST6_FB,W-ATR2,stats.by_dir,down,TAKE,8
all-data_5m,ST6_FB,W-ATR2,stats.by_dir,down,BLOCK,9
all-data_5m,ST6_FB,W-ATR2,stats.by_dir,down,REENTER,5
all-data_5m,ST6_FB,W-ATR2,stats.by_zone_kind,A,TAKE,5
all-data_5m,ST6_FB,W-ATR2,stats.by_zone_kind,A,WATCH,7
all-data_5m,ST6_FB,W-ATR2,stats.by_zone_kind,A,REENTER,1
all-data_5m,ST6_FB,W-ATR2,stats.by_zone_kind,B,WATCH,25
all-data_5m,ST6_FB,W-ATR2,stats.by_zone_kind,B,TAKE,8
all-data_5m,ST6_FB,W-ATR2,stats.by_zone_kind,B,REENTER,11
all-data_5m,ST6_FB,W-ATR2,stats.by_zone_kind,B,BLOCK,15
all-data_5m,ST6_FB,W-ATR2,stats.by_zone_kind,none,TAKE,1
all-data_5m,ST6_FB,W-ATR2,stats.reads_at_setup,LEAVE,,38
all-data_5m,ST6_FB,W-ATR2,stats.reads_at_setup,PENDING,,32
all-data_5m,ST6_FB,W-ATR2,stats.reads_at_setup,ACCEPTED,,2
all-data_5m,ST6_FB,W-ATR2,stats.reads_at_setup,REJECT,,1
all-data_5m,ST6_FB,W-ATR2,stats,visit_n_median,,7.0
all-data_5m,ST6_FB,W-ATR2,stats.accepted_revisit,setups,,2
all-data_5m,ST6_FB,W-ATR2,stats.accepted_revisit,bars,,958
all-data_5m,ST6_FB,W-ATR2,stats,accepted_time_only,,2
all-data_5m,ST6_FB,W-ATR2,stats,vol_na,,47
all-data_5m,ST6_FB,W-ATR2,stats,first_vol_na,,61
all-data_5m,ST6_FB,W-ATR2,stats.r4,bars_evaluated,,83
all-data_5m,ST6_FB,W-ATR2,stats.r4,bars_fail,,67
all-data_5m,ST6_FB,W-ATR2,stats.r4,bars_na,,20
all-data_5m,ST6_FB,W-ATR2,stats.r4,leave_setups,none,24
all-data_5m,ST6_FB,W-ATR2,stats.r4,leave_setups,false,7
all-data_5m,ST6_FB,W-ATR2,stats.r4,leave_setups,true,7
all-data_5m,ST6_FB,W-ATR2,stats.leave_far_side,seeded,,block_list
all-data_5m,ST6_FB,W-ATR2,stats.leave_far_side,any,,23
all-data_5m,ST6_FB,W-ATR2,stats.leave_far_side,block_list,,14
all-data_5m,ST6_FB,W-ATR2,stats.leave_far_side,no_band,,3
all-data_5m,ST6_FB,W-ATR2,stats.branch1,n,,14
all-data_5m,ST6_FB,W-ATR2,stats.branch1,far_side_no_band,,3
all-data_5m,ST6_FB,W-ATR2,stats.branch1,far_side_in_band,,11
all-data_5m,ST6_FB,W-ATR2,stats.branch1,in_band_visit_n,4+,8
all-data_5m,ST6_FB,W-ATR2,stats.branch1,in_band_visit_n,2,2
all-data_5m,ST6_FB,W-ATR2,stats.branch1,in_band_visit_n,1,1
all-data_5m,ST6_FB,W-ATR2,stats.branch1,in_band_visit_n_median,,8
all-data_5m,ST6_FB,W-ATR2,stats.branch1,in_band_entered_read,ACCEPTED,10
all-data_5m,ST6_FB,W-ATR2,stats.branch1,in_band_entered_read,FIRST_PRINT,1
all-data_5m,ST6_FB,W-ATR2,stats.watches,opened,,44
all-data_5m,ST6_FB,W-ATR2,stats.watches,kinds,WATCH_EDGE,27
all-data_5m,ST6_FB,W-ATR2,stats.watches,kinds,WATCH,17
all-data_5m,ST6_FB,W-ATR2,stats.watches,outcomes,armed_expired:back_inside,23
all-data_5m,ST6_FB,W-ATR2,stats.watches,outcomes,reenter,12
all-data_5m,ST6_FB,W-ATR2,stats.watches,outcomes,cancelled:opposite_leave,5
all-data_5m,ST6_FB,W-ATR2,stats.watches,outcomes,armed_expired:session_end,3
all-data_5m,ST6_FB,W-ATR2,stats.watches,outcomes,replaced,1
all-data_5m,ST6_FB,W-ATR2,stats.watches,armed,,38
all-data_5m,ST6_FB,W-ATR2,stats.watches,armed_expired,back_inside,23
all-data_5m,ST6_FB,W-ATR2,stats.watches,armed_expired,session_end,3
all-data_5m,ST6_FB,W-ATR2,stats.watches,armed_bars_median,,1.0
all-data_5m,ST6_FB,W-ATR2,stats.watches,rearmed_bars_median,,1.0
all-data_5m,ST6_FB,W-ATR2,stats.watches,rearmed,,0
all-data_5m,ST6_FB,W-ATR2,stats.watches,no_same_dir_setup,,5
all-data_5m,ST6_FB,W-ATR2,stats.watches,clock_1520,,1
all-data_5m,ST6_FB,W-ATR2,stats.watches,reenter_refused,,0
all-data_5m,ST6_FB,W-ATR2,stats.watches,reenter_in_position,,0
all-data_5m,ST6_FB,W-ATR2,stats.positions,TAKE,,14
all-data_5m,ST6_FB,W-ATR2,stats.positions,REENTER,,12
all-data_5m,ST6_FB,W-ATR2,stats.positions,reenter_exits,next_choch,5
all-data_5m,ST6_FB,W-ATR2,stats.positions,reenter_exits,stop_loss,4
all-data_5m,ST6_FB,W-ATR2,stats.positions,reenter_exits,band_reclaim,3
all-data_5m,ST6_FB,W-ATR2,stats.positions,reenter_fill,reenter_close,12
all-data_5m,ST6_FB,W-ATR2,stats.positions,reenter_sl_bar,setup,12
all-data_5m,ST6_FB,W-ATR2,stats.positions,reenter_sl_in_band,,9
all-data_5m,ST6_FB,W-ATR2,stats.positions,reenter_converted_take,,0
all-data_5m,ST6_FB,W-ATR2,stats.positions,take_refused,,0
all-data_5m,ST6_FB,W-ATR2,stats,active_sessions,,31
all-data_5m,ST6_FB,W-ATR2,stats,sessions,,57
all-data_5m,ST6_FB,W-ATR2,stats,dormant,,"[[""2026-07-14"", ""2026-07-14"", 1], [""2026-07-22"", ""2026-07-24"", 3], [""2026-07-29"", ""2026-08-10"", 9], [""2026-08-19"", ""2026-08-19"", 1], [""2026-09-02"", ""2026-09-02"", 1], [""2026-09-08"", ""2026-09-21"", 9], [""2026-09-24"", ""2026-09-25"", 2]]"
all-data_5m,ST6_FB,W-ATR2,stats.card,bars,,4275
all-data_5m,ST6_FB,W-ATR2,stats.card,inside_pct,,83.5
all-data_5m,ST6_FB,W-ATR2,stats.card,ref_live_pct,,88.5
all-data_5m,ST6_FB,W-ATR2,stats.card,reads,FIRST_PRINT,2.9
all-data_5m,ST6_FB,W-ATR2,stats.card,reads,ACCEPTED,22.4
all-data_5m,ST6_FB,W-ATR2,stats.card,reads,RECYCLE,1.7
all-data_5m,ST6_FB,W-ATR2,stats.card,reads,THIN,3.6
all-data_5m,ST6_FB,W-ATR2,stats.card,reads,HUNT,1.0
all-data_5m,ST6_FB,W-ATR2,stats.card,reads,REJECT,6.2
all-data_5m,ST6_FB,W-ATR2,stats.card,reads,LEAVE,38.4
all-data_5m,ST6_FB,W-ATR2,stats.card,reads,PENDING,18.2
all-data_5m,ST6_FB,W-ATR2,stats.card,reads,NEW,5.7
all-data_5m,ST6_FB,W-ATR2,stats.card,leave_return_no_visit,,205
all-data_5m,ST6_FB,W-ATR2,stats.card,zones_since_memory_start,,101
all-data_5m,ST6_FB,W-ATR2,stats.card,births_in_window,A,11
all-data_5m,ST6_FB,W-ATR2,stats.card,births_in_window,B,67
all-data_5m,ST6_FB,W-ATR2,stats.card,since_memory_start,births_A,14
all-data_5m,ST6_FB,W-ATR2,stats.card,since_memory_start,births_B,87
all-data_5m,ST6_FB,W-ATR2,stats.card,since_memory_start,births_B_drift,18
all-data_5m,ST6_FB,W-ATR2,stats.card,since_memory_start,merges_A,241
all-data_5m,ST6_FB,W-ATR2,stats.card,since_memory_start,merges_B,273
all-data_5m,ST6_FB,W-ATR2,bridge.lines,raw_net,label,Foundation net
all-data_5m,ST6_FB,W-ATR2,bridge.lines,raw_net,n,73
all-data_5m,ST6_FB,W-ATR2,bridge.lines,raw_net,value,-22413.79
all-data_5m,ST6_FB,W-ATR2,bridge.lines,avoided_price,label,avoided price move of Foundation positions FZ did not hold
all-data_5m,ST6_FB,W-ATR2,bridge.lines,avoided_price,n,47
all-data_5m,ST6_FB,W-ATR2,bridge.lines,avoided_price,value,-23474.75
all-data_5m,ST6_FB,W-ATR2,bridge.lines,avoided_cost,label,avoided charges + slippage of those positions
all-data_5m,ST6_FB,W-ATR2,bridge.lines,avoided_cost,n,47
all-data_5m,ST6_FB,W-ATR2,bridge.lines,avoided_cost,value,11634.09
all-data_5m,ST6_FB,W-ATR2,bridge.lines,reenter_delta,label,REENTER vs Foundation's exit of the same SETUP
all-data_5m,ST6_FB,W-ATR2,bridge.lines,reenter_delta,n,12
all-data_5m,ST6_FB,W-ATR2,bridge.lines,reenter_delta,value,9354.74
all-data_5m,ST6_FB,W-ATR2,bridge.lines,reenter_new,label,REENTER with no Foundation position of its own
all-data_5m,ST6_FB,W-ATR2,bridge.lines,reenter_new,n,0
all-data_5m,ST6_FB,W-ATR2,bridge.lines,reenter_new,value,0.0
all-data_5m,ST6_FB,W-ATR2,bridge.lines,fz_net,label,FZ net
all-data_5m,ST6_FB,W-ATR2,bridge.lines,fz_net,n,26
all-data_5m,ST6_FB,W-ATR2,bridge.lines,fz_net,value,-24899.72
all-data_5m,ST6_FB,W-ATR2,bridge,kept,,14
all-data_5m,ST6_FB,W-ATR2,bridge,replaced,,12
all-data_5m,ST6_FB,W-ATR2,bridge,avoided,,47
all-data_5m,ST6_FB,W-ATR2,bridge,selection,,-14120.01
all-data_5m,ST6_FB,W-ATR2,bridge,costs,,11634.09
all-data_5m,ST6_FB,W-ATR2,control,scheme,,"session-matched: per session, as many Foundation positions drawn at random as FZ held"
all-data_5m,ST6_FB,W-ATR2,control,seed,,fz|ST6_FB|all-data_5m|26|<draw>
all-data_5m,ST6_FB,W-ATR2,control,draws,,2000
all-data_5m,ST6_FB,W-ATR2,control,k,,26
all-data_5m,ST6_FB,W-ATR2,control,capped,,0
all-data_5m,ST6_FB,W-ATR2,control,p5,,-46074.91
all-data_5m,ST6_FB,W-ATR2,control,p50,,-31925.97
all-data_5m,ST6_FB,W-ATR2,control,p95,,-18700.99
all-data_5m,ST6_FB,W-ATR2,control,fz_net,,-24899.72
all-data_5m,ST6_FB,W-ATR2,control,fz_pct,,79.3
all-data_5m,ST6_FB,W-ATR2,control,p_beat,,0.2074
all-data_5m,ST6_FB,W-ATR2,permutation,kept_n,,26
all-data_5m,ST6_FB,W-ATR2,permutation,blocked_n,,47
all-data_5m,ST6_FB,W-ATR2,permutation,kept_mean,,-1317.48
all-data_5m,ST6_FB,W-ATR2,permutation,blocked_mean,,251.93
all-data_5m,ST6_FB,W-ATR2,permutation,diff,,-1569.41
all-data_5m,ST6_FB,W-ATR2,permutation,p,,0.2514
all-data_5m,ST6_FB,W-ATR2,permutation,draws,,2000
all-data_5m,ST6_FB,W-ATR2,books.fz,n,,26
all-data_5m,ST6_FB,W-ATR2,books.fz,net,,-24899.72
all-data_5m,ST6_FB,W-ATR2,books.fz,mean,,-957.68
all-data_5m,ST6_FB,W-ATR2,books.fz,sd,,2616.86
all-data_5m,ST6_FB,W-ATR2,books.fz,wins,,5
all-data_5m,ST6_FB,W-ATR2,books.fz,pf,,0.36
all-data_5m,ST6_FB,W-ATR2,books.fz,t_trade,,-1.87
all-data_5m,ST6_FB,W-ATR2,books.fz,t_session,,-1.65
all-data_5m,ST6_FB,W-ATR2,books.fz,sessions,,19
all-data_5m,ST6_FB,W-ATR2,books.fz,weeks,,7
all-data_5m,ST6_FB,W-ATR2,books.fz,open,,0
all-data_5m,ST6_FB,W-ATR2,books.fz,net_ex_open,,-24899.72
all-data_5m,ST6_FB,W-ATR2,books.fz,ci_inr,,1056.97
all-data_5m,ST6_FB,W-ATR2,books.fz,ci_pts,,16.26
all-data_5m,ST6_FB,W-ATR2,books.raw,n,,73
all-data_5m,ST6_FB,W-ATR2,books.raw,net,,-22413.79
all-data_5m,ST6_FB,W-ATR2,books.raw,mean,,-307.04
all-data_5m,ST6_FB,W-ATR2,books.raw,sd,,5605.5
all-data_5m,ST6_FB,W-ATR2,books.raw,wins,,15
all-data_5m,ST6_FB,W-ATR2,books.raw,pf,,0.82
all-data_5m,ST6_FB,W-ATR2,books.raw,t_trade,,-0.47
all-data_5m,ST6_FB,W-ATR2,books.raw,t_session,,-0.46
all-data_5m,ST6_FB,W-ATR2,books.raw,sessions,,31
all-data_5m,ST6_FB,W-ATR2,books.raw,weeks,,11
all-data_5m,ST6_FB,W-ATR2,books.raw,open,,1
all-data_5m,ST6_FB,W-ATR2,books.raw,net_ex_open,,-36982.0
all-data_5m,ST6_FB,W-ATR2,books.raw,ci_inr,,1307.86
all-data_5m,ST6_FB,W-ATR2,books.raw,ci_pts,,20.12
all-data_5m,ST6_FB,W-ATR2,flags,n,,26
all-data_5m,ST6_FB,W-ATR2,flags,pf_t,,indicative
all-data_5m,ST6_FB,W-ATR2,flags,ci_inr,,1056.97
all-data_5m,ST6_FB,W-ATR2,flags,ci_pts,,16.26
all-data_5m,ST6_FB,W-ATR2,flags,weeks,,ok
all-data_5m,ST6_FB,W-ATR2,flags,sharpe,,ok
all-data_5m,ST6_FB,W-ATR2,flags,rule,,"n < 10: ledger only, no PF / t; 10 <= n < 30: indicative, with the 95% CI on expectancy; weeks < 4: no week stats; active sessions < 10: no Sharpe / Calmar"
all-data_5m,ST6_FB,W-ATR2,all_na.gates,TAKE,,16
all-data_5m,ST6_FB,W-ATR2,all_na.gates,REENTER,,13
all-data_5m,ST6_FB,W-ATR2,all_na.gates,WATCH,,29
all-data_5m,ST6_FB,W-ATR2,all_na.gates,BLOCK,,15
all-data_5m,ST6_FB,W-ATR2,all_na.positions,TAKE,,16
all-data_5m,ST6_FB,W-ATR2,all_na.positions,REENTER,,13
design-period_5m,ST6_FB,W-ATR2,headline,setups,,26
design-period_5m,ST6_FB,W-ATR2,headline,take,,1
design-period_5m,ST6_FB,W-ATR2,headline,watch,,14
design-period_5m,ST6_FB,W-ATR2,headline,block,,6
design-period_5m,ST6_FB,W-ATR2,headline,reenter,,5
design-period_5m,ST6_FB,W-ATR2,headline.at_setup,TAKE,,1
design-period_5m,ST6_FB,W-ATR2,headline.at_setup,REENTER,,0
design-period_5m,ST6_FB,W-ATR2,headline.at_setup,WATCH,,19
design-period_5m,ST6_FB,W-ATR2,headline.at_setup,BLOCK,,6
design-period_5m,ST6_FB,W-ATR2,headline,take_trades,,1
design-period_5m,ST6_FB,W-ATR2,headline,reenter_trades,,5
design-period_5m,ST6_FB,W-ATR2,headline,priced,,6
design-period_5m,ST6_FB,W-ATR2,headline,control_pct,,62.7
design-period_5m,ST6_FB,W-ATR2,headline,control_p_beat,,0.3733
design-period_5m,ST6_FB,W-ATR2,headline,perm_p,,0.8911
design-period_5m,ST6_FB,W-ATR2,headline,active_sessions,,10
design-period_5m,ST6_FB,W-ATR2,headline,sessions,,22
design-period_5m,ST6_FB,W-ATR2,headline,pf_t,,not reported
design-period_5m,ST6_FB,W-ATR2,stats,setups,,26
design-period_5m,ST6_FB,W-ATR2,stats.gates,TAKE,,1
design-period_5m,ST6_FB,W-ATR2,stats.gates,REENTER,,5
design-period_5m,ST6_FB,W-ATR2,stats.gates,WATCH,,14
design-period_5m,ST6_FB,W-ATR2,stats.gates,BLOCK,,6
design-period_5m,ST6_FB,W-ATR2,stats.gates_at_setup,TAKE,,1
design-period_5m,ST6_FB,W-ATR2,stats.gates_at_setup,REENTER,,0
design-period_5m,ST6_FB,W-ATR2,stats.gates_at_setup,WATCH,,19
design-period_5m,ST6_FB,W-ATR2,stats.gates_at_setup,BLOCK,,6
design-period_5m,ST6_FB,W-ATR2,stats.gate_read,TAKE,LEAVE,1
design-period_5m,ST6_FB,W-ATR2,stats.gate_read,REENTER,PENDING,5
design-period_5m,ST6_FB,W-ATR2,stats.gate_read,WATCH,LEAVE,8
design-period_5m,ST6_FB,W-ATR2,stats.gate_read,WATCH,PENDING,6
design-period_5m,ST6_FB,W-ATR2,stats.gate_read,BLOCK,LEAVE,5
design-period_5m,ST6_FB,W-ATR2,stats.gate_read,BLOCK,PENDING,1
design-period_5m,ST6_FB,W-ATR2,stats.block_read,clock,LEAVE,3
design-period_5m,ST6_FB,W-ATR2,stats.block_read,clock,PENDING,1
design-period_5m,ST6_FB,W-ATR2,stats.block_read,hunt_fade,LEAVE,1
design-period_5m,ST6_FB,W-ATR2,stats.block_read,open_pierce,LEAVE,1
design-period_5m,ST6_FB,W-ATR2,stats.watch_reason,leave_into_recycle,,3
design-period_5m,ST6_FB,W-ATR2,stats.branches,TAKE,leave,1
design-period_5m,ST6_FB,W-ATR2,stats.take_why,leave_vol_fail,,5
design-period_5m,ST6_FB,W-ATR2,stats.take_why,leave_into_recycle,,3
design-period_5m,ST6_FB,W-ATR2,stats.by_hour,<09:25,BLOCK,1
design-period_5m,ST6_FB,W-ATR2,stats.by_hour,09,WATCH,3
design-period_5m,ST6_FB,W-ATR2,stats.by_hour,09,REENTER,1
design-period_5m,ST6_FB,W-ATR2,stats.by_hour,10,REENTER,2
design-period_5m,ST6_FB,W-ATR2,stats.by_hour,10,WATCH,3
design-period_5m,ST6_FB,W-ATR2,stats.by_hour,11,WATCH,2
design-period_5m,ST6_FB,W-ATR2,stats.by_hour,12,REENTER,1
design-period_5m,ST6_FB,W-ATR2,stats.by_hour,13,WATCH,2
design-period_5m,ST6_FB,W-ATR2,stats.by_hour,13,TAKE,1
design-period_5m,ST6_FB,W-ATR2,stats.by_hour,14,BLOCK,1
design-period_5m,ST6_FB,W-ATR2,stats.by_hour,14,WATCH,3
design-period_5m,ST6_FB,W-ATR2,stats.by_hour,15,REENTER,1
design-period_5m,ST6_FB,W-ATR2,stats.by_hour,15,WATCH,1
design-period_5m,ST6_FB,W-ATR2,stats.by_hour,>=15:20,BLOCK,4
design-period_5m,ST6_FB,W-ATR2,stats.by_visit,1,WATCH,2
design-period_5m,ST6_FB,W-ATR2,stats.by_visit,2,WATCH,2
design-period_5m,ST6_FB,W-ATR2,stats.by_visit,2,REENTER,1
design-period_5m,ST6_FB,W-ATR2,stats.by_visit,3,WATCH,2
design-period_5m,ST6_FB,W-ATR2,stats.by_visit,4+,WATCH,8
design-period_5m,ST6_FB,W-ATR2,stats.by_visit,4+,BLOCK,6
design-period_5m,ST6_FB,W-ATR2,stats.by_visit,4+,REENTER,4
design-period_5m,ST6_FB,W-ATR2,stats.by_visit,4+,TAKE,1
design-period_5m,ST6_FB,W-ATR2,stats.by_dir,up,BLOCK,2
design-period_5m,ST6_FB,W-ATR2,stats.by_dir,up,REENTER,2
design-period_5m,ST6_FB,W-ATR2,stats.by_dir,up,WATCH,5
design-period_5m,ST6_FB,W-ATR2,stats.by_dir,down,WATCH,9
design-period_5m,ST6_FB,W-ATR2,stats.by_dir,down,BLOCK,4
design-period_5m,ST6_FB,W-ATR2,stats.by_dir,down,TAKE,1
design-period_5m,ST6_FB,W-ATR2,stats.by_dir,down,REENTER,3
design-period_5m,ST6_FB,W-ATR2,stats.by_zone_kind,A,WATCH,3
design-period_5m,ST6_FB,W-ATR2,stats.by_zone_kind,A,TAKE,1
design-period_5m,ST6_FB,W-ATR2,stats.by_zone_kind,A,REENTER,1
design-period_5m,ST6_FB,W-ATR2,stats.by_zone_kind,B,WATCH,11
design-period_5m,ST6_FB,W-ATR2,stats.by_zone_kind,B,BLOCK,6
design-period_5m,ST6_FB,W-ATR2,stats.by_zone_kind,B,REENTER,4
design-period_5m,ST6_FB,W-ATR2,stats.reads_at_setup,LEAVE,,14
design-period_5m,ST6_FB,W-ATR2,stats.reads_at_setup,PENDING,,12
design-period_5m,ST6_FB,W-ATR2,stats,visit_n_median,,6.5
design-period_5m,ST6_FB,W-ATR2,stats.accepted_revisit,setups,,0
design-period_5m,ST6_FB,W-ATR2,stats.accepted_revisit,bars,,200
design-period_5m,ST6_FB,W-ATR2,stats,accepted_time_only,,0
design-period_5m,ST6_FB,W-ATR2,stats,vol_na,,0
design-period_5m,ST6_FB,W-ATR2,stats,first_vol_na,,15
design-period_5m,ST6_FB,W-ATR2,stats.r4,bars_evaluated,,83
design-period_5m,ST6_FB,W-ATR2,stats.r4,bars_fail,,67
design-period_5m,ST6_FB,W-ATR2,stats.r4,bars_na,,0
design-period_5m,ST6_FB,W-ATR2,stats.r4,leave_setups,false,7
design-period_5m,ST6_FB,W-ATR2,stats.r4,leave_setups,true,7
design-period_5m,ST6_FB,W-ATR2,stats.leave_far_side,seeded,,block_list
design-period_5m,ST6_FB,W-ATR2,stats.leave_far_side,any,,4
design-period_5m,ST6_FB,W-ATR2,stats.leave_far_side,block_list,,1
design-period_5m,ST6_FB,W-ATR2,stats.leave_far_side,no_band,,0
design-period_5m,ST6_FB,W-ATR2,stats.branch1,n,,1
design-period_5m,ST6_FB,W-ATR2,stats.branch1,far_side_no_band,,0
design-period_5m,ST6_FB,W-ATR2,stats.branch1,far_side_in_band,,1
design-period_5m,ST6_FB,W-ATR2,stats.branch1,in_band_visit_n,4+,1
design-period_5m,ST6_FB,W-ATR2,stats.branch1,in_band_visit_n_median,,12
design-period_5m,ST6_FB,W-ATR2,stats.branch1,in_band_entered_read,ACCEPTED,1
design-period_5m,ST6_FB,W-ATR2,stats.watches,opened,,19
design-period_5m,ST6_FB,W-ATR2,stats.watches,kinds,WATCH_EDGE,11
design-period_5m,ST6_FB,W-ATR2,stats.watches,kinds,WATCH,8
design-period_5m,ST6_FB,W-ATR2,stats.watches,outcomes,armed_expired:back_inside,10
design-period_5m,ST6_FB,W-ATR2,stats.watches,outcomes,reenter,5
design-period_5m,ST6_FB,W-ATR2,stats.watches,outcomes,armed_expired:session_end,2
design-period_5m,ST6_FB,W-ATR2,stats.watches,outcomes,cancelled:opposite_leave,2
design-period_5m,ST6_FB,W-ATR2,stats.watches,armed,,17
design-period_5m,ST6_FB,W-ATR2,stats.watches,armed_expired,back_inside,10
design-period_5m,ST6_FB,W-ATR2,stats.watches,armed_expired,session_end,2
design-period_5m,ST6_FB,W-ATR2,stats.watches,armed_bars_median,,1.0
design-period_5m,ST6_FB,W-ATR2,stats.watches,rearmed_bars_median,,1.0
design-period_5m,ST6_FB,W-ATR2,stats.watches,rearmed,,0
design-period_5m,ST6_FB,W-ATR2,stats.watches,no_same_dir_setup,,3
design-period_5m,ST6_FB,W-ATR2,stats.watches,clock_1520,,1
design-period_5m,ST6_FB,W-ATR2,stats.watches,reenter_refused,,0
design-period_5m,ST6_FB,W-ATR2,stats.watches,reenter_in_position,,0
design-period_5m,ST6_FB,W-ATR2,stats.positions,TAKE,,1
design-period_5m,ST6_FB,W-ATR2,stats.positions,REENTER,,5
design-period_5m,ST6_FB,W-ATR2,stats.positions,reenter_exits,next_choch,2
design-period_5m,ST6_FB,W-ATR2,stats.positions,reenter_exits,stop_loss,2
design-period_5m,ST6_FB,W-ATR2,stats.positions,reenter_exits,band_reclaim,1
design-period_5m,ST6_FB,W-ATR2,stats.positions,reenter_fill,reenter_close,5
design-period_5m,ST6_FB,W-ATR2,stats.positions,reenter_sl_bar,setup,5
design-period_5m,ST6_FB,W-ATR2,stats.positions,reenter_sl_in_band,,3
design-period_5m,ST6_FB,W-ATR2,stats.positions,reenter_converted_take,,0
design-period_5m,ST6_FB,W-ATR2,stats.positions,take_refused,,0
design-period_5m,ST6_FB,W-ATR2,stats,active_sessions,,10
design-period_5m,ST6_FB,W-ATR2,stats,sessions,,22
design-period_5m,ST6_FB,W-ATR2,stats,dormant,,"[[""2026-09-02"", ""2026-09-02"", 1], [""2026-09-08"", ""2026-09-21"", 9], [""2026-09-24"", ""2026-09-25"", 2]]"
design-period_5m,ST6_FB,W-ATR2,stats.card,bars,,1650
design-period_5m,ST6_FB,W-ATR2,stats.card,inside_pct,,73.5
design-period_5m,ST6_FB,W-ATR2,stats.card,ref_live_pct,,81.0
design-period_5m,ST6_FB,W-ATR2,stats.card,reads,FIRST_PRINT,5.5
design-period_5m,ST6_FB,W-ATR2,stats.card,reads,ACCEPTED,12.1
design-period_5m,ST6_FB,W-ATR2,stats.card,reads,RECYCLE,2.8
design-period_5m,ST6_FB,W-ATR2,stats.card,reads,THIN,9.4
design-period_5m,ST6_FB,W-ATR2,stats.card,reads,HUNT,0.5
design-period_5m,ST6_FB,W-ATR2,stats.card,reads,REJECT,5.4
design-period_5m,ST6_FB,W-ATR2,stats.card,reads,LEAVE,37.4
design-period_5m,ST6_FB,W-ATR2,stats.card,reads,PENDING,17.7
design-period_5m,ST6_FB,W-ATR2,stats.card,reads,NEW,9.2
design-period_5m,ST6_FB,W-ATR2,stats.card,leave_return_no_visit,,54
design-period_5m,ST6_FB,W-ATR2,stats.card,zones_since_memory_start,,101
design-period_5m,ST6_FB,W-ATR2,stats.card,births_in_window,A,4
design-period_5m,ST6_FB,W-ATR2,stats.card,births_in_window,B,41
design-period_5m,ST6_FB,W-ATR2,stats.card,since_memory_start,births_A,14
design-period_5m,ST6_FB,W-ATR2,stats.card,since_memory_start,births_B,87
design-period_5m,ST6_FB,W-ATR2,stats.card,since_memory_start,births_B_drift,18
design-period_5m,ST6_FB,W-ATR2,stats.card,since_memory_start,merges_A,241
design-period_5m,ST6_FB,W-ATR2,stats.card,since_memory_start,merges_B,273
design-period_5m,ST6_FB,W-ATR2,bridge.lines,raw_net,label,Foundation net
design-period_5m,ST6_FB,W-ATR2,bridge.lines,raw_net,n,26
design-period_5m,ST6_FB,W-ATR2,bridge.lines,raw_net,value,-9158.01
design-period_5m,ST6_FB,W-ATR2,bridge.lines,avoided_price,label,avoided price move of Foundation positions FZ did not hold
design-period_5m,ST6_FB,W-ATR2,bridge.lines,avoided_price,n,20
design-period_5m,ST6_FB,W-ATR2,bridge.lines,avoided_price,value,3617.25
design-period_5m,ST6_FB,W-ATR2,bridge.lines,avoided_cost,label,avoided charges + slippage of those positions
design-period_5m,ST6_FB,W-ATR2,bridge.lines,avoided_cost,n,20
design-period_5m,ST6_FB,W-ATR2,bridge.lines,avoided_cost,value,4928.92
design-period_5m,ST6_FB,W-ATR2,bridge.lines,reenter_delta,label,REENTER vs Foundation's exit of the same SETUP
design-period_5m,ST6_FB,W-ATR2,bridge.lines,reenter_delta,n,5
design-period_5m,ST6_FB,W-ATR2,bridge.lines,reenter_delta,value,2103.52
design-period_5m,ST6_FB,W-ATR2,bridge.lines,reenter_new,label,REENTER with no Foundation position of its own
design-period_5m,ST6_FB,W-ATR2,bridge.lines,reenter_new,n,0
design-period_5m,ST6_FB,W-ATR2,bridge.lines,reenter_new,value,0.0
design-period_5m,ST6_FB,W-ATR2,bridge.lines,fz_net,label,FZ net
design-period_5m,ST6_FB,W-ATR2,bridge.lines,fz_net,n,6
design-period_5m,ST6_FB,W-ATR2,bridge.lines,fz_net,value,1491.68
design-period_5m,ST6_FB,W-ATR2,bridge,kept,,1
design-period_5m,ST6_FB,W-ATR2,bridge,replaced,,5
design-period_5m,ST6_FB,W-ATR2,bridge,avoided,,20
design-period_5m,ST6_FB,W-ATR2,bridge,selection,,5720.77
design-period_5m,ST6_FB,W-ATR2,bridge,costs,,4928.92
design-period_5m,ST6_FB,W-ATR2,control,scheme,,"session-matched: per session, as many Foundation positions drawn at random as FZ held"
design-period_5m,ST6_FB,W-ATR2,control,seed,,fz|ST6_FB|design-period_5m|6|<draw>
design-period_5m,ST6_FB,W-ATR2,control,draws,,2000
design-period_5m,ST6_FB,W-ATR2,control,k,,6
design-period_5m,ST6_FB,W-ATR2,control,capped,,0
design-period_5m,ST6_FB,W-ATR2,control,p5,,-16038.05
design-period_5m,ST6_FB,W-ATR2,control,p50,,-199.96
design-period_5m,ST6_FB,W-ATR2,control,p95,,11636.61
design-period_5m,ST6_FB,W-ATR2,control,fz_net,,1491.68
design-period_5m,ST6_FB,W-ATR2,control,fz_pct,,62.7
design-period_5m,ST6_FB,W-ATR2,control,p_beat,,0.3733
design-period_5m,ST6_FB,W-ATR2,permutation,kept_n,,6
design-period_5m,ST6_FB,W-ATR2,permutation,blocked_n,,20
design-period_5m,ST6_FB,W-ATR2,permutation,kept_mean,,-101.97
design-period_5m,ST6_FB,W-ATR2,permutation,blocked_mean,,-427.31
design-period_5m,ST6_FB,W-ATR2,permutation,diff,,325.33
design-period_5m,ST6_FB,W-ATR2,permutation,p,,0.8911
design-period_5m,ST6_FB,W-ATR2,permutation,draws,,2000
design-period_5m,ST6_FB,W-ATR2,books.fz,n,,6
design-period_5m,ST6_FB,W-ATR2,books.fz,net,,1491.68
design-period_5m,ST6_FB,W-ATR2,books.fz,mean,,248.61
design-period_5m,ST6_FB,W-ATR2,books.fz,sd,,3349.87
design-period_5m,ST6_FB,W-ATR2,books.fz,wins,,1
design-period_5m,ST6_FB,W-ATR2,books.fz,pf,,1.27
design-period_5m,ST6_FB,W-ATR2,books.fz,t_trade,,0.18
design-period_5m,ST6_FB,W-ATR2,books.fz,t_session,,0.18
design-period_5m,ST6_FB,W-ATR2,books.fz,sessions,,5
design-period_5m,ST6_FB,W-ATR2,books.fz,weeks,,3
design-period_5m,ST6_FB,W-ATR2,books.fz,open,,0
design-period_5m,ST6_FB,W-ATR2,books.fz,net_ex_open,,1491.68
design-period_5m,ST6_FB,W-ATR2,books.fz,ci_inr,,3515.48
design-period_5m,ST6_FB,W-ATR2,books.fz,ci_pts,,54.08
design-period_5m,ST6_FB,W-ATR2,books.raw,n,,26
design-period_5m,ST6_FB,W-ATR2,books.raw,net,,-9158.01
design-period_5m,ST6_FB,W-ATR2,books.raw,mean,,-352.23
design-period_5m,ST6_FB,W-ATR2,books.raw,sd,,4702.36
design-period_5m,ST6_FB,W-ATR2,books.raw,wins,,6
design-period_5m,ST6_FB,W-ATR2,books.raw,pf,,0.8
design-period_5m,ST6_FB,W-ATR2,books.raw,t_trade,,-0.38
design-period_5m,ST6_FB,W-ATR2,books.raw,t_session,,-0.35
design-period_5m,ST6_FB,W-ATR2,books.raw,sessions,,10
design-period_5m,ST6_FB,W-ATR2,books.raw,weeks,,4
design-period_5m,ST6_FB,W-ATR2,books.raw,open,,1
design-period_5m,ST6_FB,W-ATR2,books.raw,net_ex_open,,-23726.21
design-period_5m,ST6_FB,W-ATR2,books.raw,ci_inr,,1899.32
design-period_5m,ST6_FB,W-ATR2,books.raw,ci_pts,,29.22
design-period_5m,ST6_FB,W-ATR2,flags,n,,6
design-period_5m,ST6_FB,W-ATR2,flags,pf_t,,not reported
design-period_5m,ST6_FB,W-ATR2,flags,ci_inr,,3515.47
design-period_5m,ST6_FB,W-ATR2,flags,ci_pts,,54.08
design-period_5m,ST6_FB,W-ATR2,flags,weeks,,suppressed
design-period_5m,ST6_FB,W-ATR2,flags,sharpe,,ok
design-period_5m,ST6_FB,W-ATR2,flags,rule,,"n < 10: ledger only, no PF / t; 10 <= n < 30: indicative, with the 95% CI on expectancy; weeks < 4: no week stats; active sessions < 10: no Sharpe / Calmar"
design-period_5m,ST6_FB,W-ATR2,all_na.gates,TAKE,,3
design-period_5m,ST6_FB,W-ATR2,all_na.gates,REENTER,,6
design-period_5m,ST6_FB,W-ATR2,all_na.gates,WATCH,,11
design-period_5m,ST6_FB,W-ATR2,all_na.gates,BLOCK,,6
design-period_5m,ST6_FB,W-ATR2,all_na.positions,TAKE,,3
design-period_5m,ST6_FB,W-ATR2,all_na.positions,REENTER,,6
unseen-test_5m,ST6_FB,W-ATR2,headline,setups,,47
unseen-test_5m,ST6_FB,W-ATR2,headline,take,,13
unseen-test_5m,ST6_FB,W-ATR2,headline,watch,,18
unseen-test_5m,ST6_FB,W-ATR2,headline,block,,9
unseen-test_5m,ST6_FB,W-ATR2,headline,reenter,,7
unseen-test_5m,ST6_FB,W-ATR2,headline.at_setup,TAKE,,13
unseen-test_5m,ST6_FB,W-ATR2,headline.at_setup,REENTER,,0
unseen-test_5m,ST6_FB,W-ATR2,headline.at_setup,WATCH,,25
unseen-test_5m,ST6_FB,W-ATR2,headline.at_setup,BLOCK,,9
unseen-test_5m,ST6_FB,W-ATR2,headline,take_trades,,13
unseen-test_5m,ST6_FB,W-ATR2,headline,reenter_trades,,7
unseen-test_5m,ST6_FB,W-ATR2,headline,priced,,20
unseen-test_5m,ST6_FB,W-ATR2,headline,control_pct,,83.8
unseen-test_5m,ST6_FB,W-ATR2,headline,control_p_beat,,0.1619
unseen-test_5m,ST6_FB,W-ATR2,headline,perm_p,,0.1569
unseen-test_5m,ST6_FB,W-ATR2,headline,active_sessions,,21
unseen-test_5m,ST6_FB,W-ATR2,headline,sessions,,35
unseen-test_5m,ST6_FB,W-ATR2,headline,pf_t,,indicative
unseen-test_5m,ST6_FB,W-ATR2,stats,setups,,47
unseen-test_5m,ST6_FB,W-ATR2,stats.gates,TAKE,,13
unseen-test_5m,ST6_FB,W-ATR2,stats.gates,REENTER,,7
unseen-test_5m,ST6_FB,W-ATR2,stats.gates,WATCH,,18
unseen-test_5m,ST6_FB,W-ATR2,stats.gates,BLOCK,,9
unseen-test_5m,ST6_FB,W-ATR2,stats.gates_at_setup,TAKE,,13
unseen-test_5m,ST6_FB,W-ATR2,stats.gates_at_setup,REENTER,,0
unseen-test_5m,ST6_FB,W-ATR2,stats.gates_at_setup,WATCH,,25
unseen-test_5m,ST6_FB,W-ATR2,stats.gates_at_setup,BLOCK,,9
unseen-test_5m,ST6_FB,W-ATR2,stats.gate_read,TAKE,LEAVE,13
unseen-test_5m,ST6_FB,W-ATR2,stats.gate_read,REENTER,PENDING,7
unseen-test_5m,ST6_FB,W-ATR2,stats.gate_read,WATCH,PENDING,10
unseen-test_5m,ST6_FB,W-ATR2,stats.gate_read,WATCH,ACCEPTED,2
unseen-test_5m,ST6_FB,W-ATR2,stats.gate_read,WATCH,LEAVE,6
unseen-test_5m,ST6_FB,W-ATR2,stats.gate_read,BLOCK,PENDING,3
unseen-test_5m,ST6_FB,W-ATR2,stats.gate_read,BLOCK,LEAVE,5
unseen-test_5m,ST6_FB,W-ATR2,stats.gate_read,BLOCK,REJECT,1
unseen-test_5m,ST6_FB,W-ATR2,stats.block_read,clock,LEAVE,3
unseen-test_5m,ST6_FB,W-ATR2,stats.block_read,clock,REJECT,1
unseen-test_5m,ST6_FB,W-ATR2,stats.block_read,hunt_fade,LEAVE,2
unseen-test_5m,ST6_FB,W-ATR2,stats.block_read,hunt_fade,PENDING,2
unseen-test_5m,ST6_FB,W-ATR2,stats.block_read,new,PENDING,1
unseen-test_5m,ST6_FB,W-ATR2,stats.watch_reason,leave_into_recycle,,6
unseen-test_5m,ST6_FB,W-ATR2,stats.branches,TAKE,leave,13
unseen-test_5m,ST6_FB,W-ATR2,stats.take_why,leave_into_recycle,,6
unseen-test_5m,ST6_FB,W-ATR2,stats.take_why,accepted_no_defend,,2
unseen-test_5m,ST6_FB,W-ATR2,stats.by_hour,09,WATCH,3
unseen-test_5m,ST6_FB,W-ATR2,stats.by_hour,09,REENTER,1
unseen-test_5m,ST6_FB,W-ATR2,stats.by_hour,09,BLOCK,2
unseen-test_5m,ST6_FB,W-ATR2,stats.by_hour,09,TAKE,4
unseen-test_5m,ST6_FB,W-ATR2,stats.by_hour,10,TAKE,2
unseen-test_5m,ST6_FB,W-ATR2,stats.by_hour,10,WATCH,3
unseen-test_5m,ST6_FB,W-ATR2,stats.by_hour,10,REENTER,3
unseen-test_5m,ST6_FB,W-ATR2,stats.by_hour,11,WATCH,5
unseen-test_5m,ST6_FB,W-ATR2,stats.by_hour,11,TAKE,3
unseen-test_5m,ST6_FB,W-ATR2,stats.by_hour,12,TAKE,2
unseen-test_5m,ST6_FB,W-ATR2,stats.by_hour,12,BLOCK,1
unseen-test_5m,ST6_FB,W-ATR2,stats.by_hour,12,WATCH,3
unseen-test_5m,ST6_FB,W-ATR2,stats.by_hour,12,REENTER,1
unseen-test_5m,ST6_FB,W-ATR2,stats.by_hour,13,TAKE,1
unseen-test_5m,ST6_FB,W-ATR2,stats.by_hour,13,BLOCK,2
unseen-test_5m,ST6_FB,W-ATR2,stats.by_hour,13,WATCH,1
unseen-test_5m,ST6_FB,W-ATR2,stats.by_hour,13,REENTER,2
unseen-test_5m,ST6_FB,W-ATR2,stats.by_hour,14,WATCH,3
unseen-test_5m,ST6_FB,W-ATR2,stats.by_hour,15,TAKE,1
unseen-test_5m,ST6_FB,W-ATR2,stats.by_hour,>=15:20,BLOCK,4
unseen-test_5m,ST6_FB,W-ATR2,stats.by_visit,1,TAKE,1
unseen-test_5m,ST6_FB,W-ATR2,stats.by_visit,1,BLOCK,1
unseen-test_5m,ST6_FB,W-ATR2,stats.by_visit,2,WATCH,4
unseen-test_5m,ST6_FB,W-ATR2,stats.by_visit,2,TAKE,2
unseen-test_5m,ST6_FB,W-ATR2,stats.by_visit,2,REENTER,2
unseen-test_5m,ST6_FB,W-ATR2,stats.by_visit,3,REENTER,1
unseen-test_5m,ST6_FB,W-ATR2,stats.by_visit,3,TAKE,1
unseen-test_5m,ST6_FB,W-ATR2,stats.by_visit,3,BLOCK,2
unseen-test_5m,ST6_FB,W-ATR2,stats.by_visit,3,WATCH,1
unseen-test_5m,ST6_FB,W-ATR2,stats.by_visit,4+,TAKE,8
unseen-test_5m,ST6_FB,W-ATR2,stats.by_visit,4+,WATCH,13
unseen-test_5m,ST6_FB,W-ATR2,stats.by_visit,4+,BLOCK,6
unseen-test_5m,ST6_FB,W-ATR2,stats.by_visit,4+,REENTER,4
unseen-test_5m,ST6_FB,W-ATR2,stats.by_visit,none,TAKE,1
unseen-test_5m,ST6_FB,W-ATR2,stats.by_dir,up,TAKE,6
unseen-test_5m,ST6_FB,W-ATR2,stats.by_dir,up,WATCH,11
unseen-test_5m,ST6_FB,W-ATR2,stats.by_dir,up,REENTER,5
unseen-test_5m,ST6_FB,W-ATR2,stats.by_dir,up,BLOCK,4
unseen-test_5m,ST6_FB,W-ATR2,stats.by_dir,down,WATCH,7
unseen-test_5m,ST6_FB,W-ATR2,stats.by_dir,down,TAKE,7
unseen-test_5m,ST6_FB,W-ATR2,stats.by_dir,down,BLOCK,5
unseen-test_5m,ST6_FB,W-ATR2,stats.by_dir,down,REENTER,2
unseen-test_5m,ST6_FB,W-ATR2,stats.by_zone_kind,A,TAKE,4
unseen-test_5m,ST6_FB,W-ATR2,stats.by_zone_kind,A,WATCH,4
unseen-test_5m,ST6_FB,W-ATR2,stats.by_zone_kind,B,WATCH,14
unseen-test_5m,ST6_FB,W-ATR2,stats.by_zone_kind,B,TAKE,8
unseen-test_5m,ST6_FB,W-ATR2,stats.by_zone_kind,B,REENTER,7
unseen-test_5m,ST6_FB,W-ATR2,stats.by_zone_kind,B,BLOCK,9
unseen-test_5m,ST6_FB,W-ATR2,stats.by_zone_kind,none,TAKE,1
unseen-test_5m,ST6_FB,W-ATR2,stats.reads_at_setup,LEAVE,,24
unseen-test_5m,ST6_FB,W-ATR2,stats.reads_at_setup,PENDING,,20
unseen-test_5m,ST6_FB,W-ATR2,stats.reads_at_setup,ACCEPTED,,2
unseen-test_5m,ST6_FB,W-ATR2,stats.reads_at_setup,REJECT,,1
unseen-test_5m,ST6_FB,W-ATR2,stats,visit_n_median,,8.0
unseen-test_5m,ST6_FB,W-ATR2,stats.accepted_revisit,setups,,2
unseen-test_5m,ST6_FB,W-ATR2,stats.accepted_revisit,bars,,758
unseen-test_5m,ST6_FB,W-ATR2,stats,accepted_time_only,,2
unseen-test_5m,ST6_FB,W-ATR2,stats,vol_na,,47
unseen-test_5m,ST6_FB,W-ATR2,stats,first_vol_na,,46
unseen-test_5m,ST6_FB,W-ATR2,stats.r4,bars_evaluated,,0
unseen-test_5m,ST6_FB,W-ATR2,stats.r4,bars_fail,,0
unseen-test_5m,ST6_FB,W-ATR2,stats.r4,bars_na,,20
unseen-test_5m,ST6_FB,W-ATR2,stats.r4,leave_setups,none,24
unseen-test_5m,ST6_FB,W-ATR2,stats.leave_far_side,seeded,,block_list
unseen-test_5m,ST6_FB,W-ATR2,stats.leave_far_side,any,,19
unseen-test_5m,ST6_FB,W-ATR2,stats.leave_far_side,block_list,,13
unseen-test_5m,ST6_FB,W-ATR2,stats.leave_far_side,no_band,,3
unseen-test_5m,ST6_FB,W-ATR2,stats.branch1,n,,13
unseen-test_5m,ST6_FB,W-ATR2,stats.branch1,far_side_no_band,,3
unseen-test_5m,ST6_FB,W-ATR2,stats.branch1,far_side_in_band,,10
unseen-test_5m,ST6_FB,W-ATR2,stats.branch1,in_band_visit_n,4+,7
unseen-test_5m,ST6_FB,W-ATR2,stats.branch1,in_band_visit_n,2,2
unseen-test_5m,ST6_FB,W-ATR2,stats.branch1,in_band_visit_n,1,1
unseen-test_5m,ST6_FB,W-ATR2,stats.branch1,in_band_visit_n_median,,7.0
unseen-test_5m,ST6_FB,W-ATR2,stats.branch1,in_band_entered_read,ACCEPTED,9
unseen-test_5m,ST6_FB,W-ATR2,stats.branch1,in_band_entered_read,FIRST_PRINT,1
unseen-test_5m,ST6_FB,W-ATR2,stats.watches,opened,,25
unseen-test_5m,ST6_FB,W-ATR2,stats.watches,kinds,WATCH_EDGE,16
unseen-test_5m,ST6_FB,W-ATR2,stats.watches,kinds,WATCH,9
unseen-test_5m,ST6_FB,W-ATR2,stats.watches,outcomes,armed_expired:back_inside,13
unseen-test_5m,ST6_FB,W-ATR2,stats.watches,outcomes,reenter,7
unseen-test_5m,ST6_FB,W-ATR2,stats.watches,outcomes,cancelled:opposite_leave,3
unseen-test_5m,ST6_FB,W-ATR2,stats.watches,outcomes,active,1
unseen-test_5m,ST6_FB,W-ATR2,stats.watches,outcomes,replaced,1
unseen-test_5m,ST6_FB,W-ATR2,stats.watches,armed,,21
unseen-test_5m,ST6_FB,W-ATR2,stats.watches,armed_expired,back_inside,13
unseen-test_5m,ST6_FB,W-ATR2,stats.watches,armed_bars_median,,1
unseen-test_5m,ST6_FB,W-ATR2,stats.watches,rearmed_bars_median,,1
unseen-test_5m,ST6_FB,W-ATR2,stats.watches,rearmed,,0
unseen-test_5m,ST6_FB,W-ATR2,stats.watches,no_same_dir_setup,,1
unseen-test_5m,ST6_FB,W-ATR2,stats.watches,clock_1520,,0
unseen-test_5m,ST6_FB,W-ATR2,stats.watches,reenter_refused,,0
unseen-test_5m,ST6_FB,W-ATR2,stats.watches,reenter_in_position,,0
unseen-test_5m,ST6_FB,W-ATR2,stats.positions,TAKE,,13
unseen-test_5m,ST6_FB,W-ATR2,stats.positions,REENTER,,7
unseen-test_5m,ST6_FB,W-ATR2,stats.positions,reenter_exits,next_choch,3
unseen-test_5m,ST6_FB,W-ATR2,stats.positions,reenter_exits,band_reclaim,2
unseen-test_5m,ST6_FB,W-ATR2,stats.positions,reenter_exits,stop_loss,2
unseen-test_5m,ST6_FB,W-ATR2,stats.positions,reenter_fill,reenter_close,7
unseen-test_5m,ST6_FB,W-ATR2,stats.positions,reenter_sl_bar,setup,7
unseen-test_5m,ST6_FB,W-ATR2,stats.positions,reenter_sl_in_band,,6
unseen-test_5m,ST6_FB,W-ATR2,stats.positions,reenter_converted_take,,0
unseen-test_5m,ST6_FB,W-ATR2,stats.positions,take_refused,,0
unseen-test_5m,ST6_FB,W-ATR2,stats,active_sessions,,21
unseen-test_5m,ST6_FB,W-ATR2,stats,sessions,,35
unseen-test_5m,ST6_FB,W-ATR2,stats,dormant,,"[[""2026-07-14"", ""2026-07-14"", 1], [""2026-07-22"", ""2026-07-24"", 3], [""2026-07-29"", ""2026-08-10"", 9], [""2026-08-19"", ""2026-08-19"", 1]]"
unseen-test_5m,ST6_FB,W-ATR2,stats.card,bars,,2625
unseen-test_5m,ST6_FB,W-ATR2,stats.card,inside_pct,,89.7
unseen-test_5m,ST6_FB,W-ATR2,stats.card,ref_live_pct,,93.2
unseen-test_5m,ST6_FB,W-ATR2,stats.card,reads,FIRST_PRINT,1.3
unseen-test_5m,ST6_FB,W-ATR2,stats.card,reads,ACCEPTED,28.9
unseen-test_5m,ST6_FB,W-ATR2,stats.card,reads,RECYCLE,0.9
unseen-test_5m,ST6_FB,W-ATR2,stats.card,reads,THIN,0.0
unseen-test_5m,ST6_FB,W-ATR2,stats.card,reads,HUNT,1.3
unseen-test_5m,ST6_FB,W-ATR2,stats.card,reads,REJECT,6.7
unseen-test_5m,ST6_FB,W-ATR2,stats.card,reads,LEAVE,39.0
unseen-test_5m,ST6_FB,W-ATR2,stats.card,reads,PENDING,18.5
unseen-test_5m,ST6_FB,W-ATR2,stats.card,reads,NEW,3.5
unseen-test_5m,ST6_FB,W-ATR2,stats.card,leave_return_no_visit,,151
unseen-test_5m,ST6_FB,W-ATR2,stats.card,zones_since_memory_start,,56
unseen-test_5m,ST6_FB,W-ATR2,stats.card,births_in_window,A,7
unseen-test_5m,ST6_FB,W-ATR2,stats.card,births_in_window,B,26
unseen-test_5m,ST6_FB,W-ATR2,stats.card,since_memory_start,births_A,10
unseen-test_5m,ST6_FB,W-ATR2,stats.card,since_memory_start,births_B,46
unseen-test_5m,ST6_FB,W-ATR2,stats.card,since_memory_start,births_B_drift,10
unseen-test_5m,ST6_FB,W-ATR2,stats.card,since_memory_start,merges_A,158
unseen-test_5m,ST6_FB,W-ATR2,stats.card,since_memory_start,merges_B,191
unseen-test_5m,ST6_FB,W-ATR2,bridge.lines,raw_net,label,Foundation net
unseen-test_5m,ST6_FB,W-ATR2,bridge.lines,raw_net,n,47
unseen-test_5m,ST6_FB,W-ATR2,bridge.lines,raw_net,value,-11652.08
unseen-test_5m,ST6_FB,W-ATR2,bridge.lines,avoided_price,label,avoided price move of Foundation positions FZ did not hold
unseen-test_5m,ST6_FB,W-ATR2,bridge.lines,avoided_price,n,27
unseen-test_5m,ST6_FB,W-ATR2,bridge.lines,avoided_price,value,-28697.5
unseen-test_5m,ST6_FB,W-ATR2,bridge.lines,avoided_cost,label,avoided charges + slippage of those positions
unseen-test_5m,ST6_FB,W-ATR2,bridge.lines,avoided_cost,n,27
unseen-test_5m,ST6_FB,W-ATR2,bridge.lines,avoided_cost,value,6706.96
unseen-test_5m,ST6_FB,W-ATR2,bridge.lines,reenter_delta,label,REENTER vs Foundation's exit of the same SETUP
unseen-test_5m,ST6_FB,W-ATR2,bridge.lines,reenter_delta,n,7
unseen-test_5m,ST6_FB,W-ATR2,bridge.lines,reenter_delta,value,7251.22
unseen-test_5m,ST6_FB,W-ATR2,bridge.lines,reenter_new,label,REENTER with no Foundation position of its own
unseen-test_5m,ST6_FB,W-ATR2,bridge.lines,reenter_new,n,0
unseen-test_5m,ST6_FB,W-ATR2,bridge.lines,reenter_new,value,0.0
unseen-test_5m,ST6_FB,W-ATR2,bridge.lines,fz_net,label,FZ net
unseen-test_5m,ST6_FB,W-ATR2,bridge.lines,fz_net,n,20
unseen-test_5m,ST6_FB,W-ATR2,bridge.lines,fz_net,value,-26391.39
unseen-test_5m,ST6_FB,W-ATR2,bridge,kept,,13
unseen-test_5m,ST6_FB,W-ATR2,bridge,replaced,,7
unseen-test_5m,ST6_FB,W-ATR2,bridge,avoided,,27
unseen-test_5m,ST6_FB,W-ATR2,bridge,selection,,-21446.28
unseen-test_5m,ST6_FB,W-ATR2,bridge,costs,,6706.96
unseen-test_5m,ST6_FB,W-ATR2,control,scheme,,"session-matched: per session, as many Foundation positions drawn at random as FZ held"
unseen-test_5m,ST6_FB,W-ATR2,control,seed,,fz|ST6_FB|unseen-test_5m|20|<draw>
unseen-test_5m,ST6_FB,W-ATR2,control,draws,,2000
unseen-test_5m,ST6_FB,W-ATR2,control,k,,20
unseen-test_5m,ST6_FB,W-ATR2,control,capped,,0
unseen-test_5m,ST6_FB,W-ATR2,control,p5,,-36489.58
unseen-test_5m,ST6_FB,W-ATR2,control,p50,,-31246.76
unseen-test_5m,ST6_FB,W-ATR2,control,p95,,-22623.17
unseen-test_5m,ST6_FB,W-ATR2,control,fz_net,,-26391.39
unseen-test_5m,ST6_FB,W-ATR2,control,fz_pct,,83.8
unseen-test_5m,ST6_FB,W-ATR2,control,p_beat,,0.1619
unseen-test_5m,ST6_FB,W-ATR2,permutation,kept_n,,20
unseen-test_5m,ST6_FB,W-ATR2,permutation,blocked_n,,27
unseen-test_5m,ST6_FB,W-ATR2,permutation,kept_mean,,-1682.13
unseen-test_5m,ST6_FB,W-ATR2,permutation,blocked_mean,,814.46
unseen-test_5m,ST6_FB,W-ATR2,permutation,diff,,-2496.6
unseen-test_5m,ST6_FB,W-ATR2,permutation,p,,0.1569
unseen-test_5m,ST6_FB,W-ATR2,permutation,draws,,2000
unseen-test_5m,ST6_FB,W-ATR2,books.fz,n,,20
unseen-test_5m,ST6_FB,W-ATR2,books.fz,net,,-26391.39
unseen-test_5m,ST6_FB,W-ATR2,books.fz,mean,,-1319.57
unseen-test_5m,ST6_FB,W-ATR2,books.fz,sd,,2336.67
unseen-test_5m,ST6_FB,W-ATR2,books.fz,wins,,4
unseen-test_5m,ST6_FB,W-ATR2,books.fz,pf,,0.21
unseen-test_5m,ST6_FB,W-ATR2,books.fz,t_trade,,-2.53
unseen-test_5m,ST6_FB,W-ATR2,books.fz,t_session,,-2.14
unseen-test_5m,ST6_FB,W-ATR2,books.fz,sessions,,14
unseen-test_5m,ST6_FB,W-ATR2,books.fz,weeks,,5
unseen-test_5m,ST6_FB,W-ATR2,books.fz,open,,0
unseen-test_5m,ST6_FB,W-ATR2,books.fz,net_ex_open,,-26391.39
unseen-test_5m,ST6_FB,W-ATR2,books.fz,ci_inr,,1093.6
unseen-test_5m,ST6_FB,W-ATR2,books.fz,ci_pts,,16.82
unseen-test_5m,ST6_FB,W-ATR2,books.raw,n,,47
unseen-test_5m,ST6_FB,W-ATR2,books.raw,net,,-11652.08
unseen-test_5m,ST6_FB,W-ATR2,books.raw,mean,,-247.92
unseen-test_5m,ST6_FB,W-ATR2,books.raw,sd,,6117.12
unseen-test_5m,ST6_FB,W-ATR2,books.raw,wins,,9
unseen-test_5m,ST6_FB,W-ATR2,books.raw,pf,,0.85
unseen-test_5m,ST6_FB,W-ATR2,books.raw,t_trade,,-0.28
unseen-test_5m,ST6_FB,W-ATR2,books.raw,t_session,,-0.28
unseen-test_5m,ST6_FB,W-ATR2,books.raw,sessions,,21
unseen-test_5m,ST6_FB,W-ATR2,books.raw,weeks,,8
unseen-test_5m,ST6_FB,W-ATR2,books.raw,open,,1
unseen-test_5m,ST6_FB,W-ATR2,books.raw,net_ex_open,,-15871.25
unseen-test_5m,ST6_FB,W-ATR2,books.raw,ci_inr,,1796.05
unseen-test_5m,ST6_FB,W-ATR2,books.raw,ci_pts,,27.63
unseen-test_5m,ST6_FB,W-ATR2,flags,n,,20
unseen-test_5m,ST6_FB,W-ATR2,flags,pf_t,,indicative
unseen-test_5m,ST6_FB,W-ATR2,flags,ci_inr,,1093.6
unseen-test_5m,ST6_FB,W-ATR2,flags,ci_pts,,16.82
unseen-test_5m,ST6_FB,W-ATR2,flags,weeks,,ok
unseen-test_5m,ST6_FB,W-ATR2,flags,sharpe,,ok
unseen-test_5m,ST6_FB,W-ATR2,flags,rule,,"n < 10: ledger only, no PF / t; 10 <= n < 30: indicative, with the 95% CI on expectancy; weeks < 4: no week stats; active sessions < 10: no Sharpe / Calmar"
unseen-test_5m,ST6_FB,W-ATR2,all_na.gates,TAKE,,13
unseen-test_5m,ST6_FB,W-ATR2,all_na.gates,REENTER,,7
unseen-test_5m,ST6_FB,W-ATR2,all_na.gates,WATCH,,18
unseen-test_5m,ST6_FB,W-ATR2,all_na.gates,BLOCK,,9
unseen-test_5m,ST6_FB,W-ATR2,all_na.positions,TAKE,,13
unseen-test_5m,ST6_FB,W-ATR2,all_na.positions,REENTER,,7
1m_5m,ST6_FB,W-ATR2,headline,setups,,26
1m_5m,ST6_FB,W-ATR2,headline,take,,1
1m_5m,ST6_FB,W-ATR2,headline,watch,,14
1m_5m,ST6_FB,W-ATR2,headline,block,,6
1m_5m,ST6_FB,W-ATR2,headline,reenter,,5
1m_5m,ST6_FB,W-ATR2,headline.at_setup,TAKE,,1
1m_5m,ST6_FB,W-ATR2,headline.at_setup,REENTER,,0
1m_5m,ST6_FB,W-ATR2,headline.at_setup,WATCH,,19
1m_5m,ST6_FB,W-ATR2,headline.at_setup,BLOCK,,6
1m_5m,ST6_FB,W-ATR2,headline,take_trades,,1
1m_5m,ST6_FB,W-ATR2,headline,reenter_trades,,5
1m_5m,ST6_FB,W-ATR2,headline,priced,,6
1m_5m,ST6_FB,W-ATR2,headline,control_pct,,63.9
1m_5m,ST6_FB,W-ATR2,headline,control_p_beat,,0.3618
1m_5m,ST6_FB,W-ATR2,headline,perm_p,,0.8956
1m_5m,ST6_FB,W-ATR2,headline,active_sessions,,10
1m_5m,ST6_FB,W-ATR2,headline,sessions,,22
1m_5m,ST6_FB,W-ATR2,headline,pf_t,,not reported
1m_5m,ST6_FB,W-ATR2,stats,setups,,26
1m_5m,ST6_FB,W-ATR2,stats.gates,TAKE,,1
1m_5m,ST6_FB,W-ATR2,stats.gates,REENTER,,5
1m_5m,ST6_FB,W-ATR2,stats.gates,WATCH,,14
1m_5m,ST6_FB,W-ATR2,stats.gates,BLOCK,,6
1m_5m,ST6_FB,W-ATR2,stats.gates_at_setup,TAKE,,1
1m_5m,ST6_FB,W-ATR2,stats.gates_at_setup,REENTER,,0
1m_5m,ST6_FB,W-ATR2,stats.gates_at_setup,WATCH,,19
1m_5m,ST6_FB,W-ATR2,stats.gates_at_setup,BLOCK,,6
1m_5m,ST6_FB,W-ATR2,stats.gate_read,TAKE,LEAVE,1
1m_5m,ST6_FB,W-ATR2,stats.gate_read,REENTER,PENDING,5
1m_5m,ST6_FB,W-ATR2,stats.gate_read,WATCH,LEAVE,8
1m_5m,ST6_FB,W-ATR2,stats.gate_read,WATCH,PENDING,6
1m_5m,ST6_FB,W-ATR2,stats.gate_read,BLOCK,LEAVE,5
1m_5m,ST6_FB,W-ATR2,stats.gate_read,BLOCK,PENDING,1
1m_5m,ST6_FB,W-ATR2,stats.block_read,clock,LEAVE,3
1m_5m,ST6_FB,W-ATR2,stats.block_read,clock,PENDING,1
1m_5m,ST6_FB,W-ATR2,stats.block_read,hunt_fade,LEAVE,1
1m_5m,ST6_FB,W-ATR2,stats.block_read,open_pierce,LEAVE,1
1m_5m,ST6_FB,W-ATR2,stats.watch_reason,leave_into_recycle,,3
1m_5m,ST6_FB,W-ATR2,stats.branches,TAKE,leave,1
1m_5m,ST6_FB,W-ATR2,stats.take_why,leave_vol_fail,,5
1m_5m,ST6_FB,W-ATR2,stats.take_why,leave_into_recycle,,3
1m_5m,ST6_FB,W-ATR2,stats.by_hour,<09:25,BLOCK,1
1m_5m,ST6_FB,W-ATR2,stats.by_hour,09,WATCH,3
1m_5m,ST6_FB,W-ATR2,stats.by_hour,09,REENTER,1
1m_5m,ST6_FB,W-ATR2,stats.by_hour,10,REENTER,2
1m_5m,ST6_FB,W-ATR2,stats.by_hour,10,WATCH,3
1m_5m,ST6_FB,W-ATR2,stats.by_hour,11,WATCH,2
1m_5m,ST6_FB,W-ATR2,stats.by_hour,12,REENTER,1
1m_5m,ST6_FB,W-ATR2,stats.by_hour,13,WATCH,2
1m_5m,ST6_FB,W-ATR2,stats.by_hour,13,TAKE,1
1m_5m,ST6_FB,W-ATR2,stats.by_hour,14,BLOCK,1
1m_5m,ST6_FB,W-ATR2,stats.by_hour,14,WATCH,3
1m_5m,ST6_FB,W-ATR2,stats.by_hour,15,REENTER,1
1m_5m,ST6_FB,W-ATR2,stats.by_hour,15,WATCH,1
1m_5m,ST6_FB,W-ATR2,stats.by_hour,>=15:20,BLOCK,4
1m_5m,ST6_FB,W-ATR2,stats.by_visit,1,WATCH,2
1m_5m,ST6_FB,W-ATR2,stats.by_visit,2,WATCH,2
1m_5m,ST6_FB,W-ATR2,stats.by_visit,2,REENTER,1
1m_5m,ST6_FB,W-ATR2,stats.by_visit,3,WATCH,2
1m_5m,ST6_FB,W-ATR2,stats.by_visit,4+,WATCH,8
1m_5m,ST6_FB,W-ATR2,stats.by_visit,4+,BLOCK,6
1m_5m,ST6_FB,W-ATR2,stats.by_visit,4+,REENTER,4
1m_5m,ST6_FB,W-ATR2,stats.by_visit,4+,TAKE,1
1m_5m,ST6_FB,W-ATR2,stats.by_dir,up,BLOCK,2
1m_5m,ST6_FB,W-ATR2,stats.by_dir,up,REENTER,2
1m_5m,ST6_FB,W-ATR2,stats.by_dir,up,WATCH,5
1m_5m,ST6_FB,W-ATR2,stats.by_dir,down,WATCH,9
1m_5m,ST6_FB,W-ATR2,stats.by_dir,down,BLOCK,4
1m_5m,ST6_FB,W-ATR2,stats.by_dir,down,TAKE,1
1m_5m,ST6_FB,W-ATR2,stats.by_dir,down,REENTER,3
1m_5m,ST6_FB,W-ATR2,stats.by_zone_kind,A,WATCH,3
1m_5m,ST6_FB,W-ATR2,stats.by_zone_kind,A,TAKE,1
1m_5m,ST6_FB,W-ATR2,stats.by_zone_kind,A,REENTER,1
1m_5m,ST6_FB,W-ATR2,stats.by_zone_kind,B,WATCH,11
1m_5m,ST6_FB,W-ATR2,stats.by_zone_kind,B,BLOCK,6
1m_5m,ST6_FB,W-ATR2,stats.by_zone_kind,B,REENTER,4
1m_5m,ST6_FB,W-ATR2,stats.reads_at_setup,LEAVE,,14
1m_5m,ST6_FB,W-ATR2,stats.reads_at_setup,PENDING,,12
1m_5m,ST6_FB,W-ATR2,stats,visit_n_median,,6.5
1m_5m,ST6_FB,W-ATR2,stats.accepted_revisit,setups,,0
1m_5m,ST6_FB,W-ATR2,stats.accepted_revisit,bars,,200
1m_5m,ST6_FB,W-ATR2,stats,accepted_time_only,,0
1m_5m,ST6_FB,W-ATR2,stats,vol_na,,0
1m_5m,ST6_FB,W-ATR2,stats,first_vol_na,,15
1m_5m,ST6_FB,W-ATR2,stats.r4,bars_evaluated,,83
1m_5m,ST6_FB,W-ATR2,stats.r4,bars_fail,,67
1m_5m,ST6_FB,W-ATR2,stats.r4,bars_na,,0
1m_5m,ST6_FB,W-ATR2,stats.r4,leave_setups,false,7
1m_5m,ST6_FB,W-ATR2,stats.r4,leave_setups,true,7
1m_5m,ST6_FB,W-ATR2,stats.leave_far_side,seeded,,block_list
1m_5m,ST6_FB,W-ATR2,stats.leave_far_side,any,,4
1m_5m,ST6_FB,W-ATR2,stats.leave_far_side,block_list,,1
1m_5m,ST6_FB,W-ATR2,stats.leave_far_side,no_band,,0
1m_5m,ST6_FB,W-ATR2,stats.branch1,n,,1
1m_5m,ST6_FB,W-ATR2,stats.branch1,far_side_no_band,,0
1m_5m,ST6_FB,W-ATR2,stats.branch1,far_side_in_band,,1
1m_5m,ST6_FB,W-ATR2,stats.branch1,in_band_visit_n,4+,1
1m_5m,ST6_FB,W-ATR2,stats.branch1,in_band_visit_n_median,,12
1m_5m,ST6_FB,W-ATR2,stats.branch1,in_band_entered_read,ACCEPTED,1
1m_5m,ST6_FB,W-ATR2,stats.watches,opened,,19
1m_5m,ST6_FB,W-ATR2,stats.watches,kinds,WATCH_EDGE,11
1m_5m,ST6_FB,W-ATR2,stats.watches,kinds,WATCH,8
1m_5m,ST6_FB,W-ATR2,stats.watches,outcomes,armed_expired:back_inside,10
1m_5m,ST6_FB,W-ATR2,stats.watches,outcomes,reenter,5
1m_5m,ST6_FB,W-ATR2,stats.watches,outcomes,armed_expired:session_end,2
1m_5m,ST6_FB,W-ATR2,stats.watches,outcomes,cancelled:opposite_leave,2
1m_5m,ST6_FB,W-ATR2,stats.watches,armed,,17
1m_5m,ST6_FB,W-ATR2,stats.watches,armed_expired,back_inside,10
1m_5m,ST6_FB,W-ATR2,stats.watches,armed_expired,session_end,2
1m_5m,ST6_FB,W-ATR2,stats.watches,armed_bars_median,,1.0
1m_5m,ST6_FB,W-ATR2,stats.watches,rearmed_bars_median,,1.0
1m_5m,ST6_FB,W-ATR2,stats.watches,rearmed,,0
1m_5m,ST6_FB,W-ATR2,stats.watches,no_same_dir_setup,,3
1m_5m,ST6_FB,W-ATR2,stats.watches,clock_1520,,1
1m_5m,ST6_FB,W-ATR2,stats.watches,reenter_refused,,0
1m_5m,ST6_FB,W-ATR2,stats.watches,reenter_in_position,,0
1m_5m,ST6_FB,W-ATR2,stats.positions,TAKE,,1
1m_5m,ST6_FB,W-ATR2,stats.positions,REENTER,,5
1m_5m,ST6_FB,W-ATR2,stats.positions,reenter_exits,next_choch,2
1m_5m,ST6_FB,W-ATR2,stats.positions,reenter_exits,stop_loss,2
1m_5m,ST6_FB,W-ATR2,stats.positions,reenter_exits,band_reclaim,1
1m_5m,ST6_FB,W-ATR2,stats.positions,reenter_fill,reenter_close,5
1m_5m,ST6_FB,W-ATR2,stats.positions,reenter_sl_bar,setup,5
1m_5m,ST6_FB,W-ATR2,stats.positions,reenter_sl_in_band,,3
1m_5m,ST6_FB,W-ATR2,stats.positions,reenter_converted_take,,0
1m_5m,ST6_FB,W-ATR2,stats.positions,take_refused,,0
1m_5m,ST6_FB,W-ATR2,stats,active_sessions,,10
1m_5m,ST6_FB,W-ATR2,stats,sessions,,22
1m_5m,ST6_FB,W-ATR2,stats,dormant,,"[[""2026-09-02"", ""2026-09-02"", 1], [""2026-09-08"", ""2026-09-21"", 9], [""2026-09-24"", ""2026-09-25"", 2]]"
1m_5m,ST6_FB,W-ATR2,stats.card,bars,,1650
1m_5m,ST6_FB,W-ATR2,stats.card,inside_pct,,73.5
1m_5m,ST6_FB,W-ATR2,stats.card,ref_live_pct,,81.0
1m_5m,ST6_FB,W-ATR2,stats.card,reads,FIRST_PRINT,5.5
1m_5m,ST6_FB,W-ATR2,stats.card,reads,ACCEPTED,12.1
1m_5m,ST6_FB,W-ATR2,stats.card,reads,RECYCLE,2.8
1m_5m,ST6_FB,W-ATR2,stats.card,reads,THIN,9.4
1m_5m,ST6_FB,W-ATR2,stats.card,reads,HUNT,0.5
1m_5m,ST6_FB,W-ATR2,stats.card,reads,REJECT,5.4
1m_5m,ST6_FB,W-ATR2,stats.card,reads,LEAVE,37.4
1m_5m,ST6_FB,W-ATR2,stats.card,reads,PENDING,17.7
1m_5m,ST6_FB,W-ATR2,stats.card,reads,NEW,9.2
1m_5m,ST6_FB,W-ATR2,stats.card,leave_return_no_visit,,54
1m_5m,ST6_FB,W-ATR2,stats.card,zones_since_memory_start,,101
1m_5m,ST6_FB,W-ATR2,stats.card,births_in_window,A,4
1m_5m,ST6_FB,W-ATR2,stats.card,births_in_window,B,41
1m_5m,ST6_FB,W-ATR2,stats.card,since_memory_start,births_A,14
1m_5m,ST6_FB,W-ATR2,stats.card,since_memory_start,births_B,87
1m_5m,ST6_FB,W-ATR2,stats.card,since_memory_start,births_B_drift,18
1m_5m,ST6_FB,W-ATR2,stats.card,since_memory_start,merges_A,241
1m_5m,ST6_FB,W-ATR2,stats.card,since_memory_start,merges_B,273
1m_5m,ST6_FB,W-ATR2,bridge.lines,raw_net,label,Foundation net
1m_5m,ST6_FB,W-ATR2,bridge.lines,raw_net,n,26
1m_5m,ST6_FB,W-ATR2,bridge.lines,raw_net,value,-9158.01
1m_5m,ST6_FB,W-ATR2,bridge.lines,avoided_price,label,avoided price move of Foundation positions FZ did not hold
1m_5m,ST6_FB,W-ATR2,bridge.lines,avoided_price,n,20
1m_5m,ST6_FB,W-ATR2,bridge.lines,avoided_price,value,3617.25
1m_5m,ST6_FB,W-ATR2,bridge.lines,avoided_cost,label,avoided charges + slippage of those positions
1m_5m,ST6_FB,W-ATR2,bridge.lines,avoided_cost,n,20
1m_5m,ST6_FB,W-ATR2,bridge.lines,avoided_cost,value,4928.92
1m_5m,ST6_FB,W-ATR2,bridge.lines,reenter_delta,label,REENTER vs Foundation's exit of the same SETUP
1m_5m,ST6_FB,W-ATR2,bridge.lines,reenter_delta,n,5
1m_5m,ST6_FB,W-ATR2,bridge.lines,reenter_delta,value,2103.52
1m_5m,ST6_FB,W-ATR2,bridge.lines,reenter_new,label,REENTER with no Foundation position of its own
1m_5m,ST6_FB,W-ATR2,bridge.lines,reenter_new,n,0
1m_5m,ST6_FB,W-ATR2,bridge.lines,reenter_new,value,0.0
1m_5m,ST6_FB,W-ATR2,bridge.lines,fz_net,label,FZ net
1m_5m,ST6_FB,W-ATR2,bridge.lines,fz_net,n,6
1m_5m,ST6_FB,W-ATR2,bridge.lines,fz_net,value,1491.68
1m_5m,ST6_FB,W-ATR2,bridge,kept,,1
1m_5m,ST6_FB,W-ATR2,bridge,replaced,,5
1m_5m,ST6_FB,W-ATR2,bridge,avoided,,20
1m_5m,ST6_FB,W-ATR2,bridge,selection,,5720.77
1m_5m,ST6_FB,W-ATR2,bridge,costs,,4928.92
1m_5m,ST6_FB,W-ATR2,control,scheme,,"session-matched: per session, as many Foundation positions drawn at random as FZ held"
1m_5m,ST6_FB,W-ATR2,control,seed,,fz|ST6_FB|1m_5m|6|<draw>
1m_5m,ST6_FB,W-ATR2,control,draws,,2000
1m_5m,ST6_FB,W-ATR2,control,k,,6
1m_5m,ST6_FB,W-ATR2,control,capped,,0
1m_5m,ST6_FB,W-ATR2,control,p5,,-16478.18
1m_5m,ST6_FB,W-ATR2,control,p50,,-442.6
1m_5m,ST6_FB,W-ATR2,control,p95,,11636.61
1m_5m,ST6_FB,W-ATR2,control,fz_net,,1491.68
1m_5m,ST6_FB,W-ATR2,control,fz_pct,,63.9
1m_5m,ST6_FB,W-ATR2,control,p_beat,,0.3618
1m_5m,ST6_FB,W-ATR2,permutation,kept_n,,6
1m_5m,ST6_FB,W-ATR2,permutation,blocked_n,,20
1m_5m,ST6_FB,W-ATR2,permutation,kept_mean,,-101.97
1m_5m,ST6_FB,W-ATR2,permutation,blocked_mean,,-427.31
1m_5m,ST6_FB,W-ATR2,permutation,diff,,325.33
1m_5m,ST6_FB,W-ATR2,permutation,p,,0.8956
1m_5m,ST6_FB,W-ATR2,permutation,draws,,2000
1m_5m,ST6_FB,W-ATR2,books.fz,n,,6
1m_5m,ST6_FB,W-ATR2,books.fz,net,,1491.68
1m_5m,ST6_FB,W-ATR2,books.fz,mean,,248.61
1m_5m,ST6_FB,W-ATR2,books.fz,sd,,3349.87
1m_5m,ST6_FB,W-ATR2,books.fz,wins,,1
1m_5m,ST6_FB,W-ATR2,books.fz,pf,,1.27
1m_5m,ST6_FB,W-ATR2,books.fz,t_trade,,0.18
1m_5m,ST6_FB,W-ATR2,books.fz,t_session,,0.18
1m_5m,ST6_FB,W-ATR2,books.fz,sessions,,5
1m_5m,ST6_FB,W-ATR2,books.fz,weeks,,3
1m_5m,ST6_FB,W-ATR2,books.fz,open,,0
1m_5m,ST6_FB,W-ATR2,books.fz,net_ex_open,,1491.68
1m_5m,ST6_FB,W-ATR2,books.fz,ci_inr,,3515.48
1m_5m,ST6_FB,W-ATR2,books.fz,ci_pts,,54.08
1m_5m,ST6_FB,W-ATR2,books.raw,n,,26
1m_5m,ST6_FB,W-ATR2,books.raw,net,,-9158.01
1m_5m,ST6_FB,W-ATR2,books.raw,mean,,-352.23
1m_5m,ST6_FB,W-ATR2,books.raw,sd,,4702.36
1m_5m,ST6_FB,W-ATR2,books.raw,wins,,6
1m_5m,ST6_FB,W-ATR2,books.raw,pf,,0.8
1m_5m,ST6_FB,W-ATR2,books.raw,t_trade,,-0.38
1m_5m,ST6_FB,W-ATR2,books.raw,t_session,,-0.35
1m_5m,ST6_FB,W-ATR2,books.raw,sessions,,10
1m_5m,ST6_FB,W-ATR2,books.raw,weeks,,4
1m_5m,ST6_FB,W-ATR2,books.raw,open,,1
1m_5m,ST6_FB,W-ATR2,books.raw,net_ex_open,,-23726.21
1m_5m,ST6_FB,W-ATR2,books.raw,ci_inr,,1899.32
1m_5m,ST6_FB,W-ATR2,books.raw,ci_pts,,29.22
1m_5m,ST6_FB,W-ATR2,flags,n,,6
1m_5m,ST6_FB,W-ATR2,flags,pf_t,,not reported
1m_5m,ST6_FB,W-ATR2,flags,ci_inr,,3515.47
1m_5m,ST6_FB,W-ATR2,flags,ci_pts,,54.08
1m_5m,ST6_FB,W-ATR2,flags,weeks,,suppressed
1m_5m,ST6_FB,W-ATR2,flags,sharpe,,ok
1m_5m,ST6_FB,W-ATR2,flags,rule,,"n < 10: ledger only, no PF / t; 10 <= n < 30: indicative, with the 95% CI on expectancy; weeks < 4: no week stats; active sessions < 10: no Sharpe / Calmar"
1m_5m,ST6_FB,W-ATR2,all_na.gates,TAKE,,3
1m_5m,ST6_FB,W-ATR2,all_na.gates,REENTER,,6
1m_5m,ST6_FB,W-ATR2,all_na.gates,WATCH,,11
1m_5m,ST6_FB,W-ATR2,all_na.gates,BLOCK,,6
1m_5m,ST6_FB,W-ATR2,all_na.positions,TAKE,,3
1m_5m,ST6_FB,W-ATR2,all_na.positions,REENTER,,6
