run,strategy,choice,time,dir,choch_time,zone_id,zone_kind,band_lo,band_hi,visit_n,this_bars,this_vol,first_bars,first_vol,vol_na,first_vol_na,read,left_id,in_id,session_bar,level_in_band,gate,outcome_gate,block_reason,branch,take_why,refused,entered_zone_id,entered_visit_n,entered_read,leave_vol_ok,leave_kind,watch_kind,watch_band_id,watch_outcome,reenter_reason,fill_used,fill_time,fill_delay_bars,edge_dist_pts,armed_bars,rearmed_bars,sl_bar,fnd_pts,fnd_exit_reason,fnd_exit_time,fnd_net,fz_kind,fz_entry_time,fz_pts,fz_exit_reason,fz_exit_time,fz_net
all-data_1m,ST5,-,2026-07-08 09:34:00,down,2026-07-08 09:30:00,B2026-07-02 14:48:00,B,24507.5,24527.5,5,2,1430.0,15,6565.0,True,True,RECYCLE,,B2026-07-02 14:48:00,19,True,WATCH,WATCH,,,,,,,,,,WATCH,B2026-07-02 14:48:00,armed_expired:back_inside,,,,,,,,,-14.6,stop_loss,2026-07-08 09:42:00,-2065.56,,,,,,
all-data_1m,ST5,-,2026-07-08 10:12:00,up,2026-07-08 10:11:00,A2026-07-08 10:05:00,A,24530.0,24550.0,2,3,3510.0,8,2925.0,True,True,LEAVE,B2026-07-02 14:48:00,A2026-07-08 10:05:00,57,True,WATCH,WATCH,leave_into_recycle,,leave_into_recycle,,A2026-07-08 10:05:00,2,RECYCLE,,normal,WATCH,A2026-07-08 10:05:00,cancelled:opposite_leave,,,,,,,,,-23.0,stop_loss,2026-07-08 10:14:00,-2611.79,,,,,,
all-data_1m,ST5,-,2026-07-08 10:24:00,down,2026-07-08 10:14:00,A2026-07-08 10:05:00,A,24530.0,24550.0,3,7,910.0,8,2925.0,True,True,PENDING,,B2026-07-02 14:48:00,69,False,WATCH,REENTER,,,,,,,,,,WATCH_EDGE,A2026-07-08 10:05:00,reenter,watch_edge,reenter_close,2026-07-08 10:25:00,1,10.0,1,1,fill,-25.0,stop_loss,2026-07-08 10:31:00,-2741.76,REENTER,2026-07-08 10:25:00,-15.1,stop_loss,2026-07-08 10:30:00,-2098.15
all-data_1m,ST5,-,2026-07-08 10:37:00,up,2026-07-08 10:31:00,A2026-07-08 10:05:00,A,24530.0,24550.0,4,4,65.0,8,2925.0,True,True,PENDING,,A2026-07-08 09:54:00,82,True,WATCH,REENTER,,,,,,,,,,WATCH_EDGE,A2026-07-08 10:05:00,reenter,watch_edge,reenter_close,2026-07-08 10:38:00,1,14.0,1,1,fill,-8.1,next_choch,2026-07-08 11:40:00,-1643.65,REENTER,2026-07-08 10:38:00,-14.0,next_choch,2026-07-08 11:40:00,-2027.16
all-data_1m,ST5,-,2026-07-08 11:44:00,down,2026-07-08 11:40:00,A2026-07-08 09:54:00,A,24550.0,24570.0,7,8,845.0,4,910.0,True,True,LEAVE,B2026-07-08 11:27:00,A2026-07-08 10:05:00,149,True,WATCH,WATCH,leave_into_recycle,,leave_into_recycle,,A2026-07-08 10:05:00,4,RECYCLE,,normal,WATCH,A2026-07-08 10:05:00,cancelled:opposite_leave,,,,,,,,,-11.6,stop_loss,2026-07-08 11:48:00,-1871.02,,,,,,
all-data_1m,ST5,-,2026-07-09 09:28:00,up,2026-07-09 09:24:00,B2026-07-01 09:47:00,B,24275.1,24295.1,4,4,2925.0,15,5395.0,True,True,PENDING,,,13,True,BLOCK,BLOCK,hunt_fade,,,,,,,,,,,,,,,,,,,,-16.0,stop_loss,2026-07-09 09:32:00,-2152.62,,,,,,
all-data_1m,ST5,-,2026-07-09 09:35:00,up,2026-07-09 09:34:00,B2026-07-01 10:04:00,B,24307.95,24327.95,8,1,260.0,14,5070.0,True,True,LEAVE,B2026-07-01 09:47:00,B2026-07-01 10:04:00,20,True,BLOCK,BLOCK,hunt_fade,,,,B2026-07-01 10:04:00,8,RECYCLE,,normal,,,,,,,,,,,,-20.7,next_choch,2026-07-09 09:58:00,-2458.42,,,,,,
all-data_1m,ST5,-,2026-07-09 10:01:00,up,2026-07-09 10:00:00,B2026-07-01 11:41:00,B,24333.2,24353.2,4,1,585.0,9,1495.0,True,True,LEAVE,A2026-07-09 09:44:00,B2026-07-01 11:41:00,46,False,WATCH,WATCH,leave_into_recycle,,leave_into_recycle,,B2026-07-01 11:41:00,4,RECYCLE,,normal,WATCH,B2026-07-01 11:41:00,cancelled:opposite_leave,,,,,,,,,-24.3,next_choch,2026-07-09 10:14:00,-2692.68,,,,,,
all-data_1m,ST5,-,2026-07-09 10:15:00,down,2026-07-09 10:14:00,B2026-07-01 10:04:00,B,24307.95,24327.95,11,1,65.0,14,5070.0,True,True,LEAVE,B2026-07-01 11:10:00,B2026-07-01 10:04:00,60,True,WATCH,WATCH,leave_into_recycle,,leave_into_recycle,,B2026-07-01 10:04:00,11,RECYCLE,,normal,WATCH,B2026-07-01 10:04:00,armed_expired:opposite_leave,,,,,,,,,-22.8,stop_loss,2026-07-09 10:41:00,-2595.17,,,,,,
all-data_1m,ST5,-,2026-07-09 10:42:00,up,2026-07-09 10:41:00,,,,,,,,,,True,,LEAVE,B2026-07-01 09:47:00,,87,,TAKE,TAKE,,leave,,,,,,,normal,,,,,setup_close,2026-07-09 10:42:00,0,,,,,-112.9,stop_loss,2026-07-09 11:00:00,-8451.44,TAKE,2026-07-09 10:42:00,-112.9,stop_loss,2026-07-09 11:00:00,-8451.44
all-data_1m,ST5,-,2026-07-09 11:01:00,down,2026-07-09 11:00:00,B2026-07-01 09:47:00,B,24275.1,24295.1,9,1,455.0,15,5395.0,True,True,LEAVE,A2026-07-09 09:44:00,B2026-07-01 09:47:00,106,True,WATCH,WATCH,leave_into_recycle,,leave_into_recycle,,B2026-07-01 09:47:00,9,RECYCLE,,normal,WATCH,B2026-07-01 09:47:00,cancelled:opposite_leave,,,,,,,,,-26.1,stop_loss,2026-07-09 11:05:00,-2809.01,,,,,,
all-data_1m,ST5,-,2026-07-09 12:03:00,up,2026-07-09 11:59:00,B2026-07-01 11:41:00,B,24333.2,24353.2,6,4,520.0,9,1495.0,True,True,LEAVE,B2026-07-01 11:10:00,B2026-07-01 11:41:00,168,True,BLOCK,BLOCK,hunt_fade,,,,B2026-07-01 11:41:00,6,RECYCLE,,normal,,,,,,,,,,,,-1.5,stop_loss,2026-07-09 12:07:00,-1211.18,,,,,,
all-data_1m,ST5,-,2026-07-09 12:40:00,down,2026-07-09 12:35:00,B2026-07-01 11:10:00,B,24319.5,24339.5,12,6,195.0,9,390.0,True,True,LEAVE,B2026-07-01 10:34:00,B2026-07-01 11:10:00,205,False,WATCH,WATCH,leave_into_recycle,,leave_into_recycle,,B2026-07-01 11:10:00,12,RECYCLE,,normal,WATCH,B2026-07-01 11:10:00,armed_expired:opposite_leave,,,,,,,,,-26.3,next_choch,2026-07-09 12:55:00,-2822.76,,,,,,
all-data_1m,ST5,-,2026-07-09 13:29:00,down,2026-07-09 13:28:00,B2026-07-01 10:04:00,B,24307.95,24327.95,14,1,260.0,14,5070.0,True,True,LEAVE,B2026-07-01 11:41:00,B2026-07-01 10:04:00,254,True,BLOCK,BLOCK,hunt_fade,,,,B2026-07-01 10:04:00,14,RECYCLE,,normal,,,,,,,,,,,,-18.9,stop_loss,2026-07-09 13:35:00,-2341.66,,,,,,
all-data_1m,ST5,-,2026-07-09 13:38:00,up,2026-07-09 13:35:00,B2026-07-01 10:34:00,B,24343.95,24363.95,19,3,585.0,12,1885.0,True,True,LEAVE,B2026-07-01 11:10:00,B2026-07-01 10:34:00,263,False,WATCH,WATCH,leave_into_recycle,,leave_into_recycle,,B2026-07-01 10:34:00,19,RECYCLE,,normal,WATCH,B2026-07-01 10:34:00,cancelled:opposite_leave,,,,,,,,,-25.7,stop_loss,2026-07-09 13:52:00,-2783.93,,,,,,
all-data_1m,ST5,-,2026-07-09 13:56:00,down,2026-07-09 13:52:00,B2026-07-01 11:10:00,B,24319.5,24339.5,15,3,195.0,9,390.0,True,True,HUNT,,B2026-07-01 11:10:00,281,True,WATCH,WATCH,,,,,,,,,,WATCH,B2026-07-01 11:10:00,armed_expired:back_inside,,,,,,,,,-99.2,stop_loss,2026-07-10 09:15:00,-7561.56,,,,,,
all-data_1m,ST5,-,2026-07-10 09:16:00,up,2026-07-10 09:15:00,B2026-07-02 10:31:00,B,24429.85,24449.85,6,1,3185.0,11,1040.0,True,True,LEAVE,B2026-07-01 09:26:00,B2026-07-02 10:31:00,1,False,BLOCK,BLOCK,open_pierce,,,,B2026-07-02 10:31:00,6,RECYCLE,,gap,,,,,,,,,,,,0.0,next_choch,2026-07-10 11:16:00,-1115.24,,,,,,
all-data_1m,ST5,-,2026-07-10 11:37:00,up,2026-07-10 11:34:00,B2026-07-02 10:31:00,B,24429.85,24449.85,8,11,715.0,11,1040.0,True,True,PENDING,,B2026-07-02 09:32:00,142,True,WATCH,WATCH,,,,,,,,,,WATCH_EDGE,B2026-07-02 10:31:00,armed_expired:back_inside,,,,,,,,,-8.0,stop_loss,2026-07-10 11:38:00,-1635.3,,,,,,
all-data_1m,ST5,-,2026-07-10 12:01:00,up,2026-07-10 12:00:00,B2026-07-02 09:32:00,B,24446.6,24466.6,15,1,65.0,11,3965.0,True,True,LEAVE,B2026-07-02 10:31:00,B2026-07-02 09:32:00,166,True,WATCH,WATCH,leave_into_recycle,,leave_into_recycle,,B2026-07-02 09:32:00,15,RECYCLE,,normal,WATCH,B2026-07-02 09:32:00,cancelled:opposite_leave,,,,,,,,,-20.9,stop_loss,2026-07-10 12:12:00,-2473.71,,,,,,
all-data_1m,ST5,-,2026-07-10 12:26:00,up,2026-07-10 12:19:00,B2026-07-02 10:31:00,B,24429.85,24449.85,10,14,1040.0,11,1040.0,True,True,PENDING,,B2026-07-02 09:32:00,191,True,WATCH,WATCH,,,,,,,,,,WATCH_EDGE,B2026-07-02 10:31:00,replaced,,,,,,,,,-4.9,next_choch,2026-07-10 13:10:00,-1433.84,,,,,,
all-data_1m,ST5,-,2026-07-10 13:16:00,down,2026-07-10 13:10:00,B2026-07-02 09:32:00,B,24446.6,24466.6,17,3,130.0,11,3965.0,True,True,PENDING,,B2026-07-02 10:31:00,241,True,WATCH,WATCH,,,,,,,,,,WATCH_EDGE,B2026-07-02 09:32:00,armed_expired:back_inside,,,,,,,,,-13.3,next_choch,2026-07-10 13:34:00,-1979.86,,,,,,
all-data_1m,ST5,-,2026-07-10 13:40:00,up,2026-07-10 13:34:00,B2026-07-02 09:32:00,B,24446.6,24466.6,18,6,1560.0,11,3965.0,True,True,LEAVE,B2026-07-02 10:31:00,B2026-07-02 09:32:00,265,True,BLOCK,BLOCK,hunt_fade,,,,B2026-07-02 09:32:00,18,RECYCLE,,normal,,,,,,,,,,,,-28.0,stop_loss,2026-07-10 14:09:00,-2935.27,,,,,,
all-data_1m,ST5,-,2026-07-10 14:24:00,up,2026-07-10 14:23:00,B2026-07-02 09:54:00,B,24465.0,24485.0,9,1,130.0,17,4160.0,True,True,LEAVE,B2026-07-02 09:32:00,B2026-07-02 09:54:00,309,True,WATCH,WATCH,leave_into_recycle,,leave_into_recycle,,B2026-07-02 09:54:00,9,REJECT,,normal,WATCH,B2026-07-02 09:54:00,armed_expired:opposite_leave,,,,,,,,,-7.5,next_choch,2026-07-10 14:52:00,-1603.13,,,,,,
all-data_1m,ST5,-,2026-07-10 14:58:00,down,2026-07-10 14:52:00,B2026-07-02 09:32:00,B,24446.6,24466.6,20,5,715.0,11,3965.0,True,True,HUNT,,B2026-07-02 09:32:00,343,True,WATCH,WATCH,,,,,,,,,,WATCH,B2026-07-02 09:32:00,cancelled:opposite_leave,,,,,,,,,-13.8,next_choch,2026-07-10 15:00:00,-2012.55,,,,,,
all-data_1m,ST5,-,2026-07-10 15:26:00,up,2026-07-10 15:23:00,B2026-07-02 09:54:00,B,24465.0,24485.0,10,24,5525.0,17,4160.0,True,True,ACCEPTED,,B2026-07-02 09:54:00,371,True,BLOCK,BLOCK,clock,,,,,,,,,,,,,,,,,,,,-193.4,stop_loss,2026-07-13 09:15:00,-13684.14,,,,,,
all-data_1m,ST5,-,2026-07-13 09:49:00,up,2026-07-13 09:48:00,B2026-07-01 10:34:00,B,24343.95,24363.95,21,1,845.0,12,1885.0,True,True,LEAVE,B2026-07-01 11:10:00,B2026-07-01 10:34:00,34,False,WATCH,WATCH,leave_into_recycle,,leave_into_recycle,,B2026-07-01 10:34:00,21,RECYCLE,,normal,WATCH,B2026-07-01 10:34:00,armed_expired:back_inside,,,,,,,,,-19.7,stop_loss,2026-07-14 09:15:00,-2393.92,,,,,,
all-data_1m,ST5,-,2026-07-14 09:35:00,down,2026-07-14 09:30:00,B2026-07-01 12:19:00,B,24365.35,24385.35,18,11,4745.0,12,1365.0,True,True,PENDING,,B2026-07-01 13:25:00,20,True,WATCH,REENTER,,,,,,,,,,WATCH_EDGE,B2026-07-01 12:19:00,reenter,watch_edge,reenter_close,2026-07-14 09:36:00,1,9.85,1,1,setup,25.0,next_choch,2026-07-14 10:32:00,511.18,REENTER,2026-07-14 09:36:00,19.5,next_choch,2026-07-14 10:32:00,153.76
all-data_1m,ST5,-,2026-07-14 10:33:00,up,2026-07-14 10:32:00,B2026-07-01 11:41:00,B,24333.2,24353.2,12,1,260.0,9,1495.0,True,True,LEAVE,B2026-07-01 10:04:00,B2026-07-01 11:41:00,78,False,WATCH,WATCH,leave_into_recycle,,leave_into_recycle,,B2026-07-01 11:41:00,12,RECYCLE,,normal,WATCH,B2026-07-01 11:41:00,cancelled:opposite_leave,,,,,,,,,-16.7,stop_loss,2026-07-14 10:37:00,-2198.77,,,,,,
all-data_1m,ST5,-,2026-07-14 10:38:00,down,2026-07-14 10:37:00,B2026-07-01 11:10:00,B,24319.5,24339.5,21,2,520.0,9,390.0,True,True,LEAVE,B2026-07-01 11:41:00,A2026-07-09 09:44:00,83,True,WATCH,WATCH,leave_into_recycle,,leave_into_recycle,,A2026-07-09 09:44:00,16,RECYCLE,,normal,WATCH,A2026-07-09 09:44:00,cancelled:opposite_leave,,,,,,,,,-32.3,stop_loss,2026-07-14 10:49:00,-3212.59,,,,,,
all-data_1m,ST5,-,2026-07-14 10:52:00,up,2026-07-14 10:49:00,B2026-07-01 11:10:00,B,24319.5,24339.5,22,2,195.0,9,390.0,True,True,LEAVE,B2026-07-01 10:04:00,B2026-07-01 10:34:00,97,False,WATCH,WATCH,leave_into_recycle,,leave_into_recycle,,B2026-07-01 10:34:00,24,RECYCLE,,normal,WATCH,B2026-07-01 10:34:00,cancelled:opposite_leave,,,,,,,,,-4.6,next_choch,2026-07-14 11:37:00,-1412.66,,,,,,
all-data_1m,ST5,-,2026-07-14 11:38:00,down,2026-07-14 11:37:00,B2026-07-01 11:41:00,B,24333.2,24353.2,14,1,130.0,9,1495.0,True,True,LEAVE,B2026-07-01 13:25:00,B2026-07-01 11:41:00,143,True,BLOCK,BLOCK,hunt_fade,,,,B2026-07-01 11:41:00,14,RECYCLE,,normal,,,,,,,,,,,,-12.0,next_choch,2026-07-15 09:16:00,-1893.56,,,,,,
all-data_1m,ST5,-,2026-07-15 09:17:00,up,2026-07-15 09:16:00,B2026-07-01 10:34:00,B,24343.95,24363.95,27,1,910.0,12,1885.0,True,True,LEAVE,B2026-07-01 09:26:00,B2026-07-01 12:19:00,2,True,BLOCK,BLOCK,open_pierce,,,,B2026-07-01 12:19:00,18,ACCEPTED,,gap,,,,,,,,,,,,35.0,next_choch,2026-07-15 12:33:00,1160.45,,,,,,
all-data_1m,ST5,-,2026-07-15 12:36:00,down,2026-07-15 12:33:00,B2026-07-02 11:39:00,B,24402.5,24422.5,11,7,520.0,10,455.0,True,True,LEAVE,B2026-07-02 11:28:00,B2026-07-13 12:10:00,201,True,WATCH,WATCH,leave_into_recycle,,leave_into_recycle,,B2026-07-13 12:10:00,2,RECYCLE,,normal,WATCH,B2026-07-13 12:10:00,replaced,,,,,,,,,86.0,next_choch,2026-07-15 13:59:00,4475.66,,,,,,
all-data_1m,ST5,-,2026-07-15 14:00:00,up,2026-07-15 13:59:00,B2026-07-01 11:10:00,B,24319.5,24339.5,27,1,1300.0,9,390.0,True,True,LEAVE,A2026-07-09 09:44:00,B2026-07-01 11:10:00,285,False,WATCH,WATCH,leave_into_recycle,,leave_into_recycle,,B2026-07-01 11:10:00,27,RECYCLE,,normal,WATCH,B2026-07-01 11:10:00,cancelled:opposite_leave,,,,,,,,,-26.7,next_choch,2026-07-15 14:06:00,-2848.37,,,,,,
all-data_1m,ST5,-,2026-07-15 14:15:00,up,2026-07-15 14:08:00,B2026-07-01 10:04:00,B,24307.95,24327.95,29,12,4745.0,14,5070.0,True,True,PENDING,,B2026-07-01 11:10:00,300,True,WATCH,REENTER,,,,,,,,,,WATCH_EDGE,B2026-07-01 10:04:00,reenter,watch_edge,reenter_close,2026-07-15 14:16:00,1,3.45,1,1,setup,-15.0,next_choch,2026-07-15 14:51:00,-2088.19,REENTER,2026-07-15 14:16:00,-31.3,band_reclaim,2026-07-15 14:25:00,-3147.43
all-data_1m,ST5,-,2026-07-15 15:02:00,down,2026-07-15 14:51:00,B2026-07-01 10:04:00,B,24307.95,24327.95,32,1,0.0,14,5070.0,True,True,PENDING,,A2026-07-09 09:44:00,347,False,WATCH,REENTER,,,,,,,,,,WATCH_EDGE,B2026-07-01 10:04:00,reenter,watch_edge,reenter_close,2026-07-15 15:03:00,1,7.95,1,1,fill,-12.7,stop_loss,2026-07-15 15:25:00,-1938.47,REENTER,2026-07-15 15:03:00,-19.6,band_reclaim,2026-07-15 15:25:00,-2386.9
all-data_1m,ST5,-,2026-07-16 09:15:00,up,2026-07-15 15:29:00,B2026-07-01 10:04:00,B,24307.95,24327.95,33,9,1625.0,14,5070.0,True,True,PENDING,,B2026-07-01 12:19:00,0,True,BLOCK,BLOCK,open_pierce,,,,,,,,,,,,,,,,,,,,1.4,next_choch,2026-07-16 09:28:00,-1023.18,,,,,,
all-data_1m,ST5,-,2026-07-16 09:34:00,down,2026-07-16 09:28:00,B2026-07-01 12:19:00,B,24365.35,24385.35,23,2,520.0,12,1365.0,True,True,LEAVE,B2026-07-13 10:41:00,B2026-07-01 12:19:00,19,True,WATCH,WATCH,leave_into_recycle,,leave_into_recycle,,B2026-07-01 12:19:00,23,RECYCLE,,normal,WATCH,B2026-07-01 12:19:00,armed_expired:opposite_leave,,,,,,,,,-19.6,next_choch,2026-07-16 09:56:00,-2388.11,,,,,,
all-data_1m,ST5,-,2026-07-16 09:59:00,up,2026-07-16 09:56:00,B2026-07-13 10:41:00,B,24380.5,24400.5,12,3,260.0,9,1755.0,True,True,LEAVE,B2026-07-01 12:19:00,B2026-07-13 10:41:00,44,True,WATCH,WATCH,leave_into_recycle,,leave_into_recycle,,B2026-07-13 10:41:00,12,RECYCLE,,normal,WATCH,B2026-07-13 10:41:00,cancelled:opposite_leave,,,,,,,,,-26.8,next_choch,2026-07-16 10:21:00,-2856.15,,,,,,
all-data_1m,ST5,-,2026-07-16 10:27:00,down,2026-07-16 10:21:00,B2026-07-01 12:19:00,B,24365.35,24385.35,25,19,325.0,12,1365.0,True,True,PENDING,,B2026-07-01 13:25:00,72,True,WATCH,WATCH,,,,,,,,,,WATCH_EDGE,B2026-07-01 12:19:00,armed_expired:back_inside,,,,,,,,,-25.2,next_choch,2026-07-16 10:41:00,-2751.94,,,,,,
all-data_1m,ST5,-,2026-07-16 10:45:00,up,2026-07-16 10:41:00,B2026-07-01 12:19:00,B,24365.35,24385.35,25,36,13390.0,12,1365.0,True,True,PENDING,,B2026-07-13 10:41:00,90,True,WATCH,REENTER,,,,,,,,,,WATCH_EDGE,B2026-07-01 12:19:00,reenter,watch_edge,reenter_close,2026-07-16 10:46:00,1,9.65,1,1,fill,-2.7,next_choch,2026-07-16 12:02:00,-1289.93,REENTER,2026-07-16 10:46:00,-2.8,next_choch,2026-07-16 12:02:00,-1296.43
all-data_1m,ST5,-,2026-07-16 12:17:00,down,2026-07-16 12:02:00,B2026-07-13 10:41:00,B,24380.5,24400.5,14,15,520.0,9,1755.0,True,True,LEAVE,B2026-07-02 11:39:00,B2026-07-13 10:41:00,182,True,TAKE,TAKE,,leave,,,B2026-07-13 10:41:00,14,ACCEPTED,,normal,,,,,setup_close,2026-07-16 12:17:00,0,,,,,40.0,next_choch,2026-07-16 14:17:00,1485.72,TAKE,2026-07-16 12:17:00,40.0,next_choch,2026-07-16 14:17:00,1485.72
all-data_1m,ST5,-,2026-07-16 14:25:00,down,2026-07-16 14:21:00,B2026-07-01 11:41:00,B,24333.2,24353.2,17,18,1235.0,9,1495.0,True,True,PENDING,,B2026-07-01 11:10:00,310,True,BLOCK,BLOCK,hunt_fade,,,,,,,,,,,,,,,,,,,,-16.8,stop_loss,2026-07-16 14:45:00,-2205.34,,,,,,
all-data_1m,ST5,-,2026-07-16 14:47:00,up,2026-07-16 14:45:00,B2026-07-01 11:10:00,B,24319.5,24339.5,31,21,1105.0,9,390.0,True,True,PENDING,,B2026-07-01 10:34:00,332,False,WATCH,REENTER,,,,,,,,,,WATCH_EDGE,B2026-07-01 11:10:00,reenter,watch_edge,reenter_close,2026-07-16 14:48:00,1,10.5,1,1,setup,-25.0,stop_loss,2026-07-16 15:05:00,-2738.34,REENTER,2026-07-16 14:48:00,-24.4,band_reclaim,2026-07-16 15:02:00,-2699.35
all-data_1m,ST5,-,2026-07-17 09:17:00,up,2026-07-17 09:16:00,B2026-07-13 10:41:00,B,24380.5,24400.5,16,2,4680.0,9,1755.0,True,True,LEAVE,B2026-07-01 11:41:00,B2026-07-13 10:41:00,2,False,BLOCK,BLOCK,open_pierce,,,,B2026-07-13 10:41:00,16,RECYCLE,,gap,,,,,,,,,,,,41.7,next_choch,2026-07-17 13:47:00,1595.46,,,,,,
all-data_1m,ST5,-,2026-07-17 13:51:00,down,2026-07-17 13:47:00,B2026-07-02 10:31:00,B,24429.85,24449.85,24,11,4810.0,11,1040.0,True,True,PENDING,,B2026-07-02 11:39:00,276,True,WATCH,REENTER,,,,,,,,,,WATCH_EDGE,B2026-07-02 10:31:00,reenter,watch_edge,reenter_close,2026-07-17 13:52:00,1,13.85,1,1,setup,-25.0,stop_loss,2026-07-17 13:59:00,-2739.88,REENTER,2026-07-17 13:52:00,-24.0,stop_loss,2026-07-17 13:59:00,-2674.9
all-data_1m,ST5,-,2026-07-17 14:00:00,up,2026-07-17 13:59:00,B2026-07-02 09:32:00,B,24446.6,24466.6,40,1,715.0,11,3965.0,True,True,LEAVE,B2026-07-02 11:28:00,B2026-07-02 09:32:00,285,False,WATCH,WATCH,leave_into_recycle,,leave_into_recycle,,B2026-07-02 09:32:00,40,REJECT,,normal,WATCH,B2026-07-02 09:32:00,armed_expired:session_end,,,,,,,,,69.2,next_choch,2026-07-17 14:51:00,3381.49,,,,,,
all-data_1m,ST5,-,2026-07-17 15:23:00,up,2026-07-17 15:21:00,B2026-07-08 10:25:00,B,24517.55,24537.55,6,18,11570.0,9,1755.0,True,True,PENDING,,A2026-07-08 10:05:00,368,True,BLOCK,BLOCK,clock,,,,,,,,,,,,,,,,,,,,-44.2,stop_loss,2026-07-20 09:15:00,-3989.45,,,,,,
all-data_1m,ST5,-,2026-07-20 09:16:00,down,2026-07-20 09:15:00,B2026-07-02 10:31:00,B,24429.85,24449.85,25,1,6240.0,11,1040.0,True,True,LEAVE,A2026-07-08 09:54:00,B2026-07-02 10:31:00,1,False,BLOCK,BLOCK,open_pierce,,,,B2026-07-02 10:31:00,25,RECYCLE,,gap,,,,,,,,,,,,-2.3,next_choch,2026-07-20 10:29:00,-1264.83,,,,,,
all-data_1m,ST5,-,2026-07-20 11:16:00,down,2026-07-20 11:15:00,B2026-07-02 11:28:00,B,24417.5,24437.5,23,1,65.0,11,520.0,True,True,LEAVE,B2026-07-02 10:31:00,B2026-07-02 11:28:00,121,True,WATCH,WATCH,leave_into_recycle,,leave_into_recycle,,B2026-07-02 11:28:00,23,RECYCLE,,normal,WATCH,B2026-07-02 11:28:00,armed_expired:back_inside,,,,,,,,,11.2,next_choch,2026-07-20 12:11:00,-386.96,,,,,,
all-data_1m,ST5,-,2026-07-20 12:16:00,up,2026-07-20 12:11:00,B2026-07-02 11:39:00,B,24402.5,24422.5,22,5,390.0,10,455.0,True,True,RECYCLE,,B2026-07-02 11:39:00,181,True,WATCH,WATCH,,,,,,,,,,WATCH,B2026-07-02 11:39:00,cancelled:opposite_leave,,,,,,,,,-21.4,stop_loss,2026-07-20 12:29:00,-2505.59,,,,,,
all-data_1m,ST5,-,2026-07-20 12:38:00,down,2026-07-20 12:29:00,B2026-07-13 12:10:00,B,24391.35,24411.35,9,3,260.0,9,1170.0,True,True,PENDING,,B2026-07-13 10:41:00,203,True,BLOCK,BLOCK,hunt_fade,,,,,,,,,,,,,,,,,,,,-6.4,next_choch,2026-07-20 12:54:00,-1530.4,,,,,,
all-data_1m,ST5,-,2026-07-20 12:55:00,up,2026-07-20 12:54:00,B2026-07-13 12:10:00,B,24391.35,24411.35,10,3,845.0,9,1170.0,True,True,LEAVE,B2026-07-01 12:19:00,B2026-07-13 12:10:00,220,True,WATCH,WATCH,leave_into_recycle,,leave_into_recycle,,B2026-07-13 12:10:00,10,RECYCLE,,normal,WATCH,B2026-07-13 12:10:00,armed_expired:session_end,,,,,,,,,69.6,next_choch,2026-07-21 09:25:00,3408.4,,,,,,
all-data_1m,ST5,-,2026-07-21 09:32:00,down,2026-07-21 09:25:00,B2026-07-02 09:32:00,B,24446.6,24466.6,42,1,390.0,11,3965.0,True,True,LEAVE,B2026-07-02 14:27:00,B2026-07-02 09:32:00,17,True,WATCH,WATCH,leave_into_recycle,,leave_into_recycle,,B2026-07-02 09:32:00,42,RECYCLE,,normal,WATCH,B2026-07-02 09:32:00,cancelled:opposite_leave,,,,,,,,,50.5,next_choch,2026-07-21 13:42:00,2167.05,,,,,,
all-data_1m,ST5,-,2026-07-21 14:50:00,up,2026-07-21 14:49:00,B2026-07-13 12:10:00,B,24391.35,24411.35,13,54,3055.0,9,1170.0,True,True,PENDING,,B2026-07-02 11:39:00,335,True,WATCH,WATCH,,,,,,,,,,WATCH_EDGE,B2026-07-13 12:10:00,armed_expired:session_end,,,,,,,,,5.7,next_choch,2026-07-21 15:15:00,-744.39,,,,,,
all-data_1m,ST5,-,2026-07-22 09:27:00,down,2026-07-22 09:26:00,A2026-07-09 09:44:00,A,24293.1,24313.1,31,1,1495.0,3,585.0,True,True,LEAVE,B2026-07-01 10:04:00,A2026-07-09 09:44:00,12,True,WATCH,WATCH,leave_into_recycle,,leave_into_recycle,,A2026-07-09 09:44:00,31,RECYCLE,,normal,WATCH,A2026-07-09 09:44:00,replaced,,,,,,,,,26.0,next_choch,2026-07-22 11:33:00,577.12,,,,,,
all-data_1m,ST5,-,2026-07-22 11:34:00,up,2026-07-22 11:33:00,B2026-07-01 09:47:00,B,24275.1,24295.1,26,1,390.0,15,5395.0,True,True,LEAVE,B2026-07-14 14:26:00,B2026-07-01 09:47:00,139,True,WATCH,WATCH,leave_into_recycle,,leave_into_recycle,,B2026-07-01 09:47:00,26,RECYCLE,,normal,WATCH,B2026-07-01 09:47:00,cancelled:opposite_leave,,,,,,,,,-11.9,stop_loss,2026-07-22 11:39:00,-1885.84,,,,,,
all-data_1m,ST5,-,2026-07-22 12:02:00,down,2026-07-22 12:01:00,A2026-07-01 09:27:00,A,24230.7,24250.7,10,2,715.0,2,19240.0,True,True,LEAVE,B2026-07-01 09:26:00,B2026-07-22 10:41:00,167,True,TAKE,TAKE,,leave,,,B2026-07-22 10:41:00,1,FIRST_PRINT,,normal,,,,,setup_close,2026-07-22 12:02:00,0,,,,,-2.9,next_choch,2026-07-22 12:48:00,-1300.16,TAKE,2026-07-22 12:02:00,-2.9,next_choch,2026-07-22 12:48:00,-1300.16
all-data_1m,ST5,-,2026-07-22 12:51:00,up,2026-07-22 12:48:00,B2026-07-22 10:41:00,B,24220.05,24240.05,4,2,390.0,9,3250.0,True,True,LEAVE,B2026-07-22 12:36:00,A2026-07-01 09:27:00,216,True,BLOCK,BLOCK,hunt_fade,,,,A2026-07-01 09:27:00,10,RECYCLE,,normal,,,,,,,,,,,,-36.0,next_choch,2026-07-22 13:10:00,-3451.4,,,,,,
all-data_1m,ST5,-,2026-07-22 13:12:00,down,2026-07-22 13:10:00,A2026-07-01 09:18:00,A,24209.9,24229.9,10,11,2340.0,1,325.0,True,True,LEAVE,A2026-07-01 09:27:00,B2026-07-22 12:36:00,237,True,WATCH,WATCH,leave_into_recycle,,leave_into_recycle,,B2026-07-22 12:36:00,2,RECYCLE,,normal,WATCH,B2026-07-22 12:36:00,cancelled:opposite_leave,,,,,,,,,-23.6,stop_loss,2026-07-22 13:32:00,-2645.21,,,,,,
all-data_1m,ST5,-,2026-07-22 13:35:00,up,2026-07-22 13:32:00,A2026-07-01 09:27:00,A,24230.7,24250.7,12,1,2015.0,2,19240.0,True,True,LEAVE,B2026-07-22 12:36:00,A2026-07-01 09:27:00,260,False,BLOCK,BLOCK,hunt_fade,,,,A2026-07-01 09:27:00,12,RECYCLE,,normal,,,,,,,,,,,,-37.8,next_choch,2026-07-22 13:46:00,-3568.41,,,,,,
all-data_1m,ST5,-,2026-07-22 13:54:00,down,2026-07-22 13:46:00,A2026-07-01 09:18:00,A,24209.9,24229.9,12,4,195.0,1,325.0,True,True,LEAVE,B2026-07-22 10:41:00,B2026-07-22 12:36:00,279,True,BLOCK,BLOCK,hunt_fade,,,,B2026-07-22 12:36:00,4,RECYCLE,,normal,,,,,,,,,,,,-11.5,next_choch,2026-07-22 14:53:00,-1858.77,,,,,,
all-data_1m,ST5,-,2026-07-22 15:04:00,down,2026-07-22 14:58:00,B2026-07-22 12:36:00,B,24195.0,24215.0,9,6,845.0,11,7865.0,True,True,RECYCLE,,B2026-07-22 12:36:00,349,True,WATCH,WATCH,,,,,,,,,,WATCH,B2026-07-22 12:36:00,cancelled:opposite_leave,,,,,,,,,-12.0,stop_loss,2026-07-22 15:05:00,-1891.22,,,,,,
all-data_1m,ST5,-,2026-07-22 15:07:00,up,2026-07-22 15:05:00,A2026-07-01 09:18:00,A,24209.9,24229.9,17,2,455.0,1,325.0,True,True,LEAVE,B2026-07-22 12:36:00,A2026-07-01 09:18:00,352,True,WATCH,WATCH,leave_into_recycle,,leave_into_recycle,,A2026-07-01 09:18:00,17,RECYCLE,,normal,WATCH,A2026-07-01 09:18:00,armed_expired:session_end,,,,,,,,,-75.9,stop_loss,2026-07-23 09:15:00,-6043.96,,,,,,
all-data_1m,ST5,-,2026-07-23 09:55:00,up,2026-07-23 09:50:00,A2026-07-23 09:47:00,A,24151.4,24171.4,1,5,4095.0,5,4095.0,True,True,LEAVE,B2026-07-23 09:39:00,A2026-07-23 09:47:00,40,True,TAKE,TAKE,,leave,,,A2026-07-23 09:47:00,1,FIRST_PRINT,,normal,,,,,setup_close,2026-07-23 09:55:00,0,,,,,4.5,next_choch,2026-07-23 11:18:00,-818.17,TAKE,2026-07-23 09:55:00,4.5,next_choch,2026-07-23 11:18:00,-818.17
all-data_1m,ST5,-,2026-07-23 11:21:00,down,2026-07-23 11:18:00,B2026-07-08 15:17:00,B,24168.35,24188.35,6,5,1365.0,10,15340.0,True,True,LEAVE,B2026-07-22 12:36:00,B2026-07-08 15:17:00,126,True,WATCH,WATCH,leave_into_recycle,,leave_into_recycle,,B2026-07-08 15:17:00,6,RECYCLE,,normal,WATCH,B2026-07-08 15:17:00,armed_expired:opposite_take,,,,,,,,,88.7,next_choch,2026-07-23 15:15:00,4655.12,,,,,,
all-data_1m,ST5,-,2026-07-23 15:19:00,up,2026-07-23 15:15:00,B2026-07-23 15:10:00,B,24062.6,24082.6,2,9,2535.0,9,3445.0,True,True,LEAVE,B2026-07-23 12:51:00,,364,True,TAKE,TAKE,,leave,,,,,,,normal,,,,,setup_close,2026-07-23 15:19:00,0,,,,,-10.0,stop_loss,2026-07-23 15:20:00,-1759.02,TAKE,2026-07-23 15:19:00,-10.0,stop_loss,2026-07-23 15:20:00,-1759.02
all-data_1m,ST5,-,2026-07-24 09:37:00,down,2026-07-24 09:15:00,,,,,,,,,,True,,LEAVE,A2026-07-24 09:22:00,,22,,TAKE,TAKE,,leave,,,,,,,normal,,,,,setup_close,2026-07-24 09:37:00,0,,,,,-25.1,next_choch,2026-07-24 11:50:00,-2737.57,TAKE,2026-07-24 09:37:00,-25.1,next_choch,2026-07-24 11:50:00,-2737.57
all-data_1m,ST5,-,2026-07-24 12:04:00,up,2026-07-24 11:50:00,A2026-07-24 11:49:00,A,23910.0,23930.0,2,3,1560.0,10,2925.0,True,True,RECYCLE,,A2026-07-24 11:49:00,169,True,WATCH,WATCH,,,,,,,,,,WATCH,A2026-07-24 11:49:00,armed_expired:back_inside,,,,,,,,,27.5,next_choch,2026-07-24 13:41:00,680.6,,,,,,
all-data_1m,ST5,-,2026-07-24 13:42:00,down,2026-07-24 13:41:00,,,,,,,,,,True,,LEAVE,A2026-07-24 09:22:00,,267,,TAKE,TAKE,,leave,,,,,,,normal,,,,,setup_close,2026-07-24 13:42:00,0,,,,,-36.1,stop_loss,2026-07-24 13:50:00,-3453.46,TAKE,2026-07-24 13:42:00,-36.1,stop_loss,2026-07-24 13:50:00,-3453.46
all-data_1m,ST5,-,2026-07-24 13:54:00,up,2026-07-24 13:50:00,B2026-07-24 13:12:00,B,23980.0,24000.0,4,4,195.0,15,5525.0,True,True,LEAVE,A2026-07-24 09:22:00,B2026-07-24 13:12:00,279,False,WATCH,WATCH,leave_into_recycle,,leave_into_recycle,,B2026-07-24 13:12:00,4,RECYCLE,,normal,WATCH,B2026-07-24 13:12:00,reenter,,,,,,,,,9.4,next_choch,2026-07-24 14:13:00,-496.71,,,,,,
all-data_1m,ST5,-,2026-07-24 14:16:00,up,2026-07-24 14:15:00,B2026-07-24 13:28:00,B,23996.1,24016.1,2,2,195.0,9,2015.0,True,True,PENDING,,B2026-07-24 12:52:00,301,False,REENTER,REENTER,,watch,,,,,,,,,,,watch,setup_close,2026-07-24 14:16:00,0,19.9,18,18,setup,-19.9,stop_loss,2026-07-24 14:19:00,-2401.27,REENTER,2026-07-24 14:16:00,-19.9,stop_loss,2026-07-24 14:19:00,-2401.27
all-data_1m,ST5,-,2026-07-24 14:21:00,down,2026-07-24 14:19:00,B2026-07-24 13:28:00,B,23996.1,24016.1,2,6,2795.0,9,2015.0,True,True,PENDING,,B2026-07-24 13:12:00,306,True,WATCH,REENTER,,,,,,,,,,WATCH_EDGE,B2026-07-24 13:28:00,reenter,watch_edge,reenter_close,2026-07-24 14:22:00,1,5.3,1,1,setup,-17.2,next_choch,2026-07-24 14:53:00,-2225.6,REENTER,2026-07-24 14:22:00,-16.0,band_reclaim,2026-07-24 14:40:00,-2147.6
all-data_1m,ST5,-,2026-07-24 14:55:00,up,2026-07-24 14:53:00,B2026-07-24 13:28:00,B,23996.1,24016.1,4,2,455.0,9,2015.0,True,True,LEAVE,B2026-07-24 13:12:00,B2026-07-24 13:28:00,340,True,WATCH,WATCH,leave_into_recycle,,leave_into_recycle,,B2026-07-24 13:28:00,4,RECYCLE,,normal,WATCH,B2026-07-24 13:28:00,cancelled:opposite_leave,,,,,,,,,-14.0,stop_loss,2026-07-24 14:58:00,-2017.67,,,,,,
all-data_1m,ST5,-,2026-07-24 15:00:00,down,2026-07-24 14:58:00,B2026-07-24 13:28:00,B,23996.1,24016.1,4,5,780.0,9,2015.0,True,True,PENDING,,B2026-07-24 13:12:00,345,False,BLOCK,BLOCK,hunt_fade,,,,,,,,,,,,,,,,,,,,-20.0,stop_loss,2026-07-24 15:14:00,-2407.6,,,,,,
all-data_1m,ST5,-,2026-07-24 15:15:00,up,2026-07-24 15:14:00,B2026-07-23 13:10:00,B,24038.45,24058.45,7,1,6565.0,9,5005.0,True,True,LEAVE,B2026-07-24 13:12:00,B2026-07-23 13:10:00,360,False,WATCH,WATCH,leave_into_recycle,,leave_into_recycle,,B2026-07-23 13:10:00,7,RECYCLE,,normal,WATCH,B2026-07-23 13:10:00,cancelled:opposite_leave,,,,,,,,,534.2,next_choch,2026-08-12 10:46:00,33606.72,,,,,,
all-data_1m,ST5,-,2026-08-12 10:47:00,down,2026-08-12 10:46:00,A2026-07-08 09:21:00,A,24578.6,24598.6,7,3,1040.0,1,65.0,True,True,LEAVE,B2026-07-03 14:25:00,A2026-07-08 09:21:00,92,True,BLOCK,BLOCK,hunt_fade,,,,A2026-07-08 09:21:00,7,RECYCLE,,normal,,,,,,,,,,,,50.0,next_choch,2026-08-12 12:42:00,2132.5,,,,,,
all-data_1m,ST5,-,2026-08-12 12:44:00,down,2026-08-12 12:43:00,B2026-07-08 10:25:00,B,24517.55,24537.55,11,8,17160.0,9,1755.0,True,True,RECYCLE,,B2026-07-08 10:25:00,209,True,WATCH,WATCH,,,,,,,,,,WATCH,B2026-07-08 10:25:00,armed_expired:back_inside,,,,,,,,,-18.0,stop_loss,2026-08-12 13:19:00,-2286.66,,,,,,
all-data_1m,ST5,-,2026-08-12 13:39:00,down,2026-08-12 13:38:00,B2026-07-02 14:48:00,B,24507.5,24527.5,17,1,195.0,15,6565.0,True,True,LEAVE,A2026-07-08 10:05:00,B2026-07-02 14:48:00,264,True,BLOCK,BLOCK,hunt_fade,,,,B2026-07-02 14:48:00,17,RECYCLE,,normal,,,,,,,,,,,,-9.7,next_choch,2026-08-12 14:21:00,-1747.14,,,,,,
all-data_1m,ST5,-,2026-08-12 14:22:00,up,2026-08-12 14:21:00,B2026-07-08 10:25:00,B,24517.55,24537.55,13,1,715.0,9,1755.0,True,True,LEAVE,B2026-07-02 14:48:00,B2026-07-08 10:25:00,307,True,WATCH,WATCH,leave_into_recycle,,leave_into_recycle,,B2026-07-08 10:25:00,13,RECYCLE,,normal,WATCH,B2026-07-08 10:25:00,armed_expired:session_end,,,,,,,,,23.6,next_choch,2026-08-13 09:26:00,416.84,,,,,,
all-data_1m,ST5,-,2026-08-13 09:27:00,down,2026-08-13 09:26:00,A2026-07-08 09:54:00,A,24550.0,24570.0,13,11,33800.0,4,910.0,True,True,LEAVE,B2026-07-03 14:25:00,A2026-07-08 10:05:00,12,True,WATCH,WATCH,leave_into_recycle,,leave_into_recycle,,A2026-07-08 10:05:00,17,RECYCLE,,gap,WATCH,A2026-07-08 10:05:00,cancelled:opposite_leave,,,,,,,,,-6.0,next_choch,2026-08-13 09:39:00,-1507.02,,,,,,
all-data_1m,ST5,-,2026-08-13 09:40:00,up,2026-08-13 09:39:00,A2026-07-08 10:05:00,A,24530.0,24550.0,18,11,10075.0,8,2925.0,True,True,PENDING,,A2026-07-08 09:54:00,25,False,BLOCK,BLOCK,hunt_fade,,,,,,,,,,,,,,,,,,,,-5.0,next_choch,2026-08-13 10:11:00,-1442.23,,,,,,
all-data_1m,ST5,-,2026-08-13 10:12:00,down,2026-08-13 10:11:00,A2026-07-08 09:54:00,A,24550.0,24570.0,14,31,14105.0,4,910.0,True,True,ACCEPTED,,A2026-07-08 09:54:00,57,True,TAKE,TAKE,,defend,,,,,,,,,,,,setup_close,2026-08-13 10:12:00,0,,,,,-5.0,next_choch,2026-08-13 10:49:00,-1442.14,TAKE,2026-08-13 10:12:00,-5.0,next_choch,2026-08-13 10:49:00,-1442.14
all-data_1m,ST5,-,2026-08-13 10:50:00,up,2026-08-13 10:49:00,A2026-07-08 09:54:00,A,24550.0,24570.0,15,1,260.0,4,910.0,True,True,LEAVE,A2026-07-08 10:05:00,A2026-07-08 09:54:00,95,True,BLOCK,BLOCK,hunt_fade,,,,A2026-07-08 09:54:00,15,RECYCLE,,normal,,,,,,,,,,,,-17.5,stop_loss,2026-08-13 11:06:00,-2254.5,,,,,,
all-data_1m,ST5,-,2026-08-13 11:07:00,down,2026-08-13 11:06:00,A2026-07-08 10:05:00,A,24530.0,24550.0,20,3,3835.0,8,2925.0,True,True,LEAVE,A2026-07-08 09:54:00,A2026-07-08 10:05:00,112,True,WATCH,WATCH,leave_into_recycle,,leave_into_recycle,,A2026-07-08 10:05:00,20,RECYCLE,,normal,WATCH,A2026-07-08 10:05:00,cancelled:opposite_leave,,,,,,,,,-36.5,stop_loss,2026-08-13 11:36:00,-3489.44,,,,,,
all-data_1m,ST5,-,2026-08-13 11:39:00,up,2026-08-13 11:36:00,A2026-07-08 09:54:00,A,24550.0,24570.0,16,7,1105.0,4,910.0,True,True,LEAVE,A2026-07-08 10:05:00,B2026-07-08 11:27:00,144,True,WATCH,WATCH,leave_into_recycle,,leave_into_recycle,,B2026-07-08 11:27:00,7,RECYCLE,,normal,WATCH,B2026-07-08 11:27:00,replaced,,,,,,,,,-9.0,next_choch,2026-08-13 11:42:00,-1702.34,,,,,,
all-data_1m,ST5,-,2026-08-13 11:49:00,up,2026-08-13 11:47:00,B2026-07-08 11:27:00,B,24560.05,24580.05,8,10,4225.0,9,1105.0,True,True,ACCEPTED,,B2026-07-08 11:27:00,154,True,TAKE,TAKE,,defend,,,,,,,,,,,,setup_close,2026-08-13 11:49:00,0,,,,,41.0,next_choch,2026-08-13 12:11:00,1546.79,TAKE,2026-08-13 11:49:00,41.0,next_choch,2026-08-13 12:11:00,1546.79
all-data_1m,ST5,-,2026-08-13 12:14:00,down,2026-08-13 12:11:00,B2026-07-03 13:50:00,B,24610.0,24630.0,10,3,2405.0,12,1755.0,True,True,PENDING,,B2026-07-03 14:25:00,179,True,WATCH,WATCH,,,,,,,,,,WATCH_EDGE,B2026-07-03 13:50:00,armed_expired:back_inside,,,,,,,,,-14.3,next_choch,2026-08-13 13:43:00,-2047.64,,,,,,
all-data_1m,ST5,-,2026-08-13 13:55:00,up,2026-08-13 13:43:00,B2026-07-03 13:50:00,B,24610.0,24630.0,12,8,1170.0,12,1755.0,True,True,RECYCLE,,B2026-07-03 13:50:00,280,True,WATCH,WATCH,,,,,,,,,,WATCH,B2026-07-03 13:50:00,cancelled:opposite_leave,,,,,,,,,-14.0,stop_loss,2026-08-13 14:04:00,-2028.24,,,,,,
all-data_1m,ST5,-,2026-08-13 14:24:00,up,2026-08-13 14:21:00,B2026-07-03 14:25:00,B,24598.0,24618.0,15,11,6045.0,19,1495.0,True,True,ACCEPTED,,B2026-07-03 14:25:00,309,True,TAKE,TAKE,,defend,,,,,,,,,,,,setup_close,2026-08-13 14:24:00,0,,,,,-9.0,next_choch,2026-08-13 14:47:00,-1703.05,TAKE,2026-08-13 14:24:00,-9.0,next_choch,2026-08-13 14:47:00,-1703.05
all-data_1m,ST5,-,2026-08-13 14:49:00,down,2026-08-13 14:47:00,B2026-07-03 14:25:00,B,24598.0,24618.0,15,35,9035.0,19,1495.0,True,True,PENDING,,A2026-07-08 09:21:00,334,True,WATCH,WATCH,,,,,,,,,,WATCH_EDGE,B2026-07-03 14:25:00,armed_expired:back_inside,,,,,,,,,-8.5,next_choch,2026-08-13 15:14:00,-1670.4,,,,,,
all-data_1m,ST5,-,2026-08-13 15:22:00,down,2026-08-13 15:20:00,B2026-07-03 14:25:00,B,24598.0,24618.0,16,18,6630.0,19,1495.0,True,True,PENDING,,A2026-07-08 09:21:00,367,True,BLOCK,BLOCK,clock,,,,,,,,,,,,,,,,,,,,-9.9,stop_loss,2026-08-13 15:29:00,-1761.47,,,,,,
all-data_1m,ST5,-,2026-08-14 09:29:00,down,2026-08-14 09:28:00,A2026-07-08 10:05:00,A,24530.0,24550.0,21,13,21125.0,8,2925.0,True,True,LEAVE,B2026-07-03 14:25:00,B2026-07-08 10:25:00,14,True,WATCH,WATCH,leave_into_recycle,,leave_into_recycle,,B2026-07-08 10:25:00,13,RECYCLE,,gap,WATCH,B2026-07-08 10:25:00,cancelled:opposite_leave,,,,,,,,,-19.5,stop_loss,2026-08-14 09:33:00,-2384.25,,,,,,
all-data_1m,ST5,-,2026-08-14 09:38:00,up,2026-08-14 09:33:00,A2026-07-08 10:05:00,A,24530.0,24550.0,22,3,520.0,8,2925.0,True,True,LEAVE,B2026-07-08 10:25:00,A2026-07-08 10:05:00,23,True,BLOCK,BLOCK,hunt_fade,,,,A2026-07-08 10:05:00,22,RECYCLE,,normal,,,,,,,,,,,,-14.0,next_choch,2026-08-14 09:53:00,-2026.9,,,,,,
all-data_1m,ST5,-,2026-08-14 09:54:00,down,2026-08-14 09:53:00,A2026-07-08 10:05:00,A,24530.0,24550.0,22,18,8060.0,8,2925.0,True,True,ACCEPTED,,A2026-07-08 10:05:00,39,True,TAKE,TAKE,,defend,,,,,,,,,,,,setup_close,2026-08-14 09:54:00,0,,,,,-18.0,next_choch,2026-08-14 09:59:00,-2286.86,TAKE,2026-08-14 09:54:00,-18.0,next_choch,2026-08-14 09:59:00,-2286.86
all-data_1m,ST5,-,2026-08-14 10:10:00,up,2026-08-14 09:59:00,A2026-07-08 10:05:00,A,24530.0,24550.0,22,33,11505.0,8,2925.0,True,True,PENDING,,A2026-07-08 09:54:00,55,True,WATCH,REENTER,,,,,,,,,,WATCH_EDGE,A2026-07-08 10:05:00,reenter,watch_edge,reenter_close,2026-08-14 10:11:00,1,4.0,1,1,setup,-7.6,stop_loss,2026-08-14 10:13:00,-1611.09,REENTER,2026-08-14 10:11:00,-7.0,stop_loss,2026-08-14 10:13:00,-1572.09
all-data_1m,ST5,-,2026-08-14 10:30:00,down,2026-08-14 10:25:00,A2026-07-08 10:05:00,A,24530.0,24550.0,23,15,2600.0,8,2925.0,True,True,ACCEPTED,,A2026-07-08 10:05:00,75,True,TAKE,TAKE,,defend,,,,,,,,,,,,setup_close,2026-08-14 10:30:00,0,,,,,14.3,next_choch,2026-08-14 10:38:00,-187.33,TAKE,2026-08-14 10:30:00,14.3,next_choch,2026-08-14 10:38:00,-187.33
all-data_1m,ST5,-,2026-08-14 10:39:00,up,2026-08-14 10:38:00,B2026-07-02 14:48:00,B,24507.5,24527.5,18,6,5005.0,15,6565.0,True,True,PENDING,,A2026-07-08 10:05:00,84,False,WATCH,REENTER,,,,,,,,,,WATCH_EDGE,B2026-07-02 14:48:00,reenter,watch_edge,reenter_close,2026-08-14 10:40:00,1,3.7,1,1,setup,-12.0,next_choch,2026-08-14 10:46:00,-1896.71,REENTER,2026-08-14 10:40:00,-7.2,next_choch,2026-08-14 10:46:00,-1584.7
all-data_1m,ST5,-,2026-08-14 10:48:00,up,2026-08-14 10:47:00,B2026-07-08 10:25:00,B,24517.55,24537.55,15,8,18590.0,9,1755.0,True,True,PENDING,,A2026-07-08 10:05:00,93,True,WATCH,REENTER,,,,,,,,,,WATCH_EDGE,B2026-07-08 10:25:00,reenter,watch_edge,reenter_close,2026-08-14 10:49:00,1,1.15,1,1,setup,-18.2,stop_loss,2026-08-14 10:58:00,-2299.73,REENTER,2026-08-14 10:49:00,-14.7,stop_loss,2026-08-14 10:58:00,-2072.22
all-data_1m,ST5,-,2026-08-14 10:59:00,down,2026-08-14 10:58:00,B2026-07-02 14:48:00,B,24507.5,24527.5,19,1,10075.0,15,6565.0,True,True,LEAVE,A2026-07-08 10:05:00,B2026-07-02 14:48:00,104,True,WATCH,WATCH,leave_into_recycle,,leave_into_recycle,,B2026-07-02 14:48:00,19,RECYCLE,,normal,WATCH,B2026-07-02 14:48:00,replaced,,,,,,,,,3.2,next_choch,2026-08-14 11:12:00,-908.53,,,,,,
all-data_1m,ST5,-,2026-08-14 11:19:00,up,2026-08-14 11:12:00,B2026-07-02 14:48:00,B,24507.5,24527.5,19,20,70850.0,15,6565.0,True,True,PENDING,,B2026-07-08 10:25:00,124,True,WATCH,WATCH,,,,,,,,,,WATCH_EDGE,B2026-07-02 14:48:00,replaced,,,,,,,,,-8.5,next_choch,2026-08-14 11:24:00,-1669.17,,,,,,
all-data_1m,ST5,-,2026-08-14 11:28:00,down,2026-08-14 11:24:00,B2026-07-08 10:25:00,B,24517.55,24537.55,16,6,22295.0,9,1755.0,True,True,RECYCLE,,B2026-07-08 10:25:00,133,True,WATCH,WATCH,,,,,,,,,,WATCH,B2026-07-08 10:25:00,armed_expired:back_inside,,,,,,,,,-6.5,next_choch,2026-08-14 11:46:00,-1539.1,,,,,,
all-data_1m,ST5,-,2026-08-14 11:48:00,up,2026-08-14 11:46:00,B2026-07-02 14:48:00,B,24507.5,24527.5,20,17,18395.0,15,6565.0,True,True,PENDING,,B2026-07-08 10:25:00,153,True,WATCH,WATCH,,,,,,,,,,WATCH_EDGE,B2026-07-02 14:48:00,armed_expired:back_inside,,,,,,,,,6.5,next_choch,2026-08-14 12:42:00,-694.35,,,,,,
all-data_1m,ST5,-,2026-08-14 13:13:00,up,2026-08-14 12:48:00,A2026-07-08 10:05:00,A,24530.0,24550.0,26,25,4680.0,8,2925.0,True,True,ACCEPTED,,A2026-07-08 10:05:00,238,True,WATCH,WATCH,,,accepted_no_defend,,,,,,,WATCH,A2026-07-08 10:05:00,cancelled:opposite_take,,,,,,,,,-5.0,next_choch,2026-08-14 13:27:00,-1441.97,,,,,,
all-data_1m,ST5,-,2026-08-14 13:32:00,down,2026-08-14 13:27:00,A2026-07-08 10:05:00,A,24530.0,24550.0,26,44,8450.0,8,2925.0,True,True,ACCEPTED,,A2026-07-08 10:05:00,257,True,TAKE,TAKE,,defend,,,,,,,,,,,,setup_close,2026-08-14 13:32:00,0,,,,,-9.2,stop_loss,2026-08-14 13:41:00,-1714.96,TAKE,2026-08-14 13:32:00,-9.2,stop_loss,2026-08-14 13:41:00,-1714.96
all-data_1m,ST5,-,2026-08-14 13:43:00,up,2026-08-14 13:41:00,A2026-07-08 10:05:00,A,24530.0,24550.0,27,5,325.0,8,2925.0,True,True,LEAVE,B2026-07-08 10:25:00,A2026-07-08 09:54:00,268,True,WATCH,WATCH,leave_into_recycle,,leave_into_recycle,,A2026-07-08 09:54:00,17,RECYCLE,,normal,WATCH,A2026-07-08 09:54:00,armed_expired:opposite_take,,,,,,,,,31.9,next_choch,2026-08-14 14:11:00,955.86,,,,,,
all-data_1m,ST5,-,2026-08-14 14:18:00,down,2026-08-14 14:11:00,A2026-07-08 09:21:00,A,24578.6,24598.6,16,13,3510.0,1,65.0,True,True,LEAVE,B2026-07-03 14:25:00,A2026-07-08 09:21:00,303,True,TAKE,TAKE,,leave,,,A2026-07-08 09:21:00,16,ACCEPTED,,normal,,,,,setup_close,2026-08-14 14:18:00,0,,,,,-16.9,stop_loss,2026-08-14 14:52:00,-2216.19,TAKE,2026-08-14 14:18:00,-16.9,stop_loss,2026-08-14 14:52:00,-2216.19
all-data_1m,ST5,-,2026-08-14 14:54:00,up,2026-08-14 14:52:00,A2026-07-08 09:21:00,A,24578.6,24598.6,17,22,2990.0,1,65.0,True,True,PENDING,,B2026-07-03 14:25:00,339,True,WATCH,REENTER,,,,,,,,,,WATCH_EDGE,A2026-07-08 09:21:00,reenter,watch_edge,reenter_close,2026-08-14 14:55:00,1,1.4,1,1,setup,-15.0,next_choch,2026-08-14 15:04:00,-2092.85,REENTER,2026-08-14 14:55:00,-10.0,next_choch,2026-08-14 15:04:00,-1767.84
all-data_1m,ST5,-,2026-08-14 15:05:00,down,2026-08-14 15:04:00,A2026-07-08 09:21:00,A,24578.6,24598.6,18,4,1430.0,1,65.0,True,True,RECYCLE,,A2026-07-08 09:21:00,350,True,WATCH,WATCH,,,,,,,,,,WATCH,A2026-07-08 09:21:00,cancelled:session_end,,,,,,,,,110.0,next_choch,2026-08-17 12:01:00,6032.56,,,,,,
all-data_1m,ST5,-,2026-08-17 12:02:00,up,2026-08-17 12:01:00,B2026-07-02 09:54:00,B,24465.0,24485.0,47,12,9165.0,17,4160.0,True,True,ACCEPTED,,B2026-07-02 09:54:00,167,True,TAKE,TAKE,,defend,,,,,,,,,,,,setup_close,2026-08-17 12:02:00,0,,,,,-13.8,stop_loss,2026-08-17 12:04:00,-2012.72,TAKE,2026-08-17 12:02:00,-13.8,stop_loss,2026-08-17 12:04:00,-2012.72
all-data_1m,ST5,-,2026-08-17 12:05:00,down,2026-08-17 12:04:00,B2026-07-02 09:54:00,B,24465.0,24485.0,47,15,11895.0,17,4160.0,True,True,ACCEPTED,,B2026-07-02 09:54:00,170,True,WATCH,WATCH,,,accepted_no_defend,,,,,,,WATCH,B2026-07-02 09:54:00,replaced,,,,,,,,,-15.0,stop_loss,2026-08-17 12:17:00,-2090.71,,,,,,
all-data_1m,ST5,-,2026-08-17 12:18:00,up,2026-08-17 12:17:00,B2026-07-02 14:27:00,B,24476.0,24496.0,18,2,650.0,21,5395.0,True,True,LEAVE,B2026-07-02 09:32:00,B2026-07-02 14:27:00,183,True,WATCH,WATCH,leave_into_recycle,,leave_into_recycle,,B2026-07-02 14:27:00,18,RECYCLE,,normal,WATCH,B2026-07-02 14:27:00,armed_expired:session_end,,,,,,,,,-60.4,stop_loss,2026-08-18 09:15:00,-5041.12,,,,,,
all-data_1m,ST5,-,2026-08-18 09:32:00,down,2026-08-18 09:15:00,B2026-07-02 11:39:00,B,24402.5,24422.5,49,4,13910.0,10,455.0,True,True,LEAVE,B2026-07-02 10:31:00,B2026-07-02 11:39:00,17,False,WATCH,WATCH,leave_into_recycle,,leave_into_recycle,,B2026-07-02 11:39:00,49,RECYCLE,,normal,WATCH,B2026-07-02 11:39:00,armed_expired:session_end,,,,,,,,,47.9,next_choch,2026-08-20 09:26:00,1998.99,,,,,,
all-data_1m,ST5,-,2026-08-20 09:35:00,up,2026-08-20 09:34:00,B2026-07-01 10:34:00,B,24343.95,24363.95,31,17,425425.0,12,1885.0,True,True,PENDING,,B2026-07-01 12:19:00,20,True,WATCH,REENTER,,,,,,,,,,WATCH_EDGE,B2026-07-01 10:34:00,reenter,watch_edge,reenter_close,2026-08-20 09:36:00,1,4.15,1,1,setup,-7.5,next_choch,2026-08-20 11:17:00,-1601.47,REENTER,2026-08-20 09:36:00,-3.6,next_choch,2026-08-20 11:17:00,-1347.96
all-data_1m,ST5,-,2026-08-20 11:20:00,down,2026-08-20 11:17:00,B2026-07-01 13:25:00,B,24354.0,24374.0,27,3,11895.0,9,1430.0,True,True,RECYCLE,,B2026-07-01 13:25:00,125,True,WATCH,WATCH,,,,,,,,,,WATCH,B2026-07-01 13:25:00,cancelled:opposite_leave,,,,,,,,,-13.6,stop_loss,2026-08-20 11:31:00,-1997.93,,,,,,
all-data_1m,ST5,-,2026-08-20 11:32:00,up,2026-08-20 11:31:00,B2026-07-01 12:19:00,B,24365.35,24385.35,46,1,18395.0,12,1365.0,True,True,LEAVE,B2026-07-01 13:25:00,B2026-07-01 12:19:00,137,True,WATCH,WATCH,leave_into_recycle,,leave_into_recycle,,B2026-07-01 12:19:00,46,RECYCLE,,normal,WATCH,B2026-07-01 12:19:00,armed_expired:back_inside,,,,,,,,,-2.8,next_choch,2026-08-20 12:08:00,-1296.2,,,,,,
all-data_1m,ST5,-,2026-08-20 12:09:00,down,2026-08-20 12:08:00,B2026-07-01 12:19:00,B,24365.35,24385.35,47,1,4095.0,12,1365.0,True,True,LEAVE,B2026-07-13 10:41:00,B2026-07-01 12:19:00,174,True,WATCH,WATCH,leave_into_recycle,,leave_into_recycle,,B2026-07-01 12:19:00,47,REJECT,,normal,WATCH,B2026-07-01 12:19:00,replaced,,,,,,,,,-6.5,next_choch,2026-08-20 12:13:00,-1536.69,,,,,,
all-data_1m,ST5,-,2026-08-20 12:14:00,up,2026-08-20 12:13:00,B2026-07-01 12:19:00,B,24365.35,24385.35,47,5,19175.0,12,1365.0,True,True,PENDING,,B2026-07-13 10:41:00,179,False,WATCH,REENTER,,,,,,,,,,WATCH_EDGE,B2026-07-01 12:19:00,reenter,watch_edge,reenter_close,2026-08-20 12:15:00,1,1.55,1,1,setup,-8.8,next_choch,2026-08-20 12:30:00,-1686.23,REENTER,2026-08-20 12:15:00,-7.7,next_choch,2026-08-20 12:30:00,-1614.72
all-data_1m,ST5,-,2026-08-20 12:34:00,down,2026-08-20 12:30:00,B2026-07-01 12:19:00,B,24365.35,24385.35,48,4,21060.0,12,1365.0,True,True,LEAVE,B2026-07-13 10:41:00,B2026-07-01 12:19:00,199,True,BLOCK,BLOCK,hunt_fade,,,,B2026-07-01 12:19:00,48,RECYCLE,,normal,,,,,,,,,,,,-9.7,stop_loss,2026-08-20 12:39:00,-1744.71,,,,,,
all-data_1m,ST5,-,2026-08-20 12:40:00,up,2026-08-20 12:39:00,B2026-07-13 10:41:00,B,24380.5,24400.5,30,1,11245.0,9,1755.0,True,True,LEAVE,B2026-07-01 12:19:00,B2026-07-13 10:41:00,205,True,WATCH,WATCH,leave_into_recycle,,leave_into_recycle,,B2026-07-13 10:41:00,30,RECYCLE,,normal,WATCH,B2026-07-13 10:41:00,replaced,,,,,,,,,24.0,next_choch,2026-08-20 13:40:00,445.21,,,,,,
all-data_1m,ST5,-,2026-08-20 13:51:00,down,2026-08-20 13:50:00,B2026-07-02 11:28:00,B,24417.5,24437.5,49,54,386685.0,11,520.0,True,True,ACCEPTED,,B2026-07-02 11:28:00,276,True,BLOCK,BLOCK,hunt_fade,,,,,,,,,,,,,,,,,,,,4.4,next_choch,2026-08-20 14:11:00,-828.88,,,,,,
all-data_1m,ST5,-,2026-08-20 14:16:00,down,2026-08-20 14:15:00,B2026-07-02 11:39:00,B,24402.5,24422.5,50,21,133835.0,10,455.0,True,True,PENDING,,B2026-07-13 12:10:00,301,True,WATCH,WATCH,,,,,,,,,,WATCH_EDGE,B2026-07-02 11:39:00,armed_expired:back_inside,,,,,,,,,-12.4,next_choch,2026-08-20 14:25:00,-1920.61,,,,,,
all-data_1m,ST5,-,2026-08-20 14:32:00,up,2026-08-20 14:31:00,B2026-07-02 11:39:00,B,24402.5,24422.5,50,37,200980.0,10,455.0,True,True,ACCEPTED,,B2026-07-02 11:39:00,317,True,TAKE,TAKE,,defend,,,,,,,,,,,,setup_close,2026-08-20 14:32:00,0,,,,,-8.9,next_choch,2026-08-20 14:43:00,-1693.29,TAKE,2026-08-20 14:32:00,-8.9,next_choch,2026-08-20 14:43:00,-1693.29
all-data_1m,ST5,-,2026-08-20 15:01:00,down,2026-08-20 15:00:00,B2026-07-02 11:39:00,B,24402.5,24422.5,50,66,312130.0,10,455.0,True,True,ACCEPTED,,B2026-07-02 11:39:00,346,True,WATCH,WATCH,,,accepted_no_defend,,,,,,,WATCH,B2026-07-02 11:39:00,armed_expired:session_end,,,,,,,,,-2.7,stop_loss,2026-08-21 09:15:00,-1290.12,,,,,,
all-data_1m,ST5,-,2026-08-21 09:20:00,down,2026-08-21 09:17:00,B2026-07-13 12:10:00,B,24391.35,24411.35,17,30,145015.0,9,1170.0,True,True,PENDING,,B2026-07-01 12:19:00,5,False,BLOCK,BLOCK,open_pierce,,,,,,,,,,,,,,,,,,,,-0.0,next_choch,2026-08-21 09:42:00,-1114.25,,,,,,
all-data_1m,ST5,-,2026-08-21 09:51:00,up,2026-08-21 09:42:00,B2026-07-13 10:41:00,B,24380.5,24400.5,31,8,58890.0,9,1755.0,True,True,RECYCLE,,B2026-07-13 10:41:00,36,True,WATCH,WATCH,,,,,,,,,,WATCH,B2026-07-13 10:41:00,cancelled:opposite_leave,,,,,,,,,-10.5,next_choch,2026-08-21 10:08:00,-1796.75,,,,,,
all-data_1m,ST5,-,2026-08-21 10:16:00,up,2026-08-21 10:12:00,B2026-07-13 10:41:00,B,24380.5,24400.5,32,5,23595.0,9,1755.0,True,True,REJECT,,B2026-07-13 10:41:00,61,True,WATCH,WATCH,,,,,,,,,,WATCH,B2026-07-13 10:41:00,replaced,,,,,,,,,-8.1,next_choch,2026-08-21 10:21:00,-1640.82,,,,,,
all-data_1m,ST5,-,2026-08-21 10:24:00,up,2026-08-21 10:23:00,B2026-07-13 10:41:00,B,24380.5,24400.5,32,12,60450.0,9,1755.0,True,True,PENDING,,B2026-07-13 12:10:00,69,True,WATCH,WATCH,,,,,,,,,,WATCH_EDGE,B2026-07-13 10:41:00,replaced,,,,,,,,,-1.4,next_choch,2026-08-21 11:40:00,-1205.56,,,,,,
all-data_1m,ST5,-,2026-08-21 11:42:00,down,2026-08-21 11:40:00,B2026-07-13 12:10:00,B,24391.35,24411.35,19,2,4160.0,9,1170.0,True,True,LEAVE,B2026-07-02 11:39:00,B2026-07-13 12:10:00,147,True,WATCH,WATCH,leave_into_recycle,,leave_into_recycle,,B2026-07-13 12:10:00,19,RECYCLE,,normal,WATCH,B2026-07-13 12:10:00,armed_expired:back_inside,,,,,,,,,1.3,next_choch,2026-08-21 12:33:00,-1030.04,,,,,,
all-data_1m,ST5,-,2026-08-21 12:34:00,up,2026-08-21 12:33:00,B2026-07-13 10:41:00,B,24380.5,24400.5,33,26,219245.0,9,1755.0,True,True,ACCEPTED,,B2026-07-13 10:41:00,199,True,TAKE,TAKE,,defend,,,,,,,,,,,,setup_close,2026-08-21 12:34:00,0,,,,,-13.8,stop_loss,2026-08-21 12:40:00,-2011.34,TAKE,2026-08-21 12:34:00,-13.8,stop_loss,2026-08-21 12:40:00,-2011.34
all-data_1m,ST5,-,2026-08-21 12:47:00,down,2026-08-21 12:40:00,B2026-07-13 10:41:00,B,24380.5,24400.5,33,39,297505.0,9,1755.0,True,True,ACCEPTED,,B2026-07-13 10:41:00,212,True,TAKE,TAKE,,defend,,,,,,,,,,,,setup_close,2026-08-21 12:47:00,0,,,,,-12.6,stop_loss,2026-08-21 13:05:00,-1933.27,TAKE,2026-08-21 12:47:00,-12.6,stop_loss,2026-08-21 13:05:00,-1933.27
all-data_1m,ST5,-,2026-08-21 13:07:00,up,2026-08-21 13:05:00,B2026-07-13 10:41:00,B,24380.5,24400.5,33,57,385580.0,9,1755.0,True,True,PENDING,,B2026-07-13 12:10:00,232,True,BLOCK,BLOCK,hunt_fade,,,,,,,,,,,,,,,,,,,,-9.0,next_choch,2026-08-21 13:33:00,-1699.49,,,,,,
all-data_1m,ST5,-,2026-08-21 13:34:00,down,2026-08-21 13:33:00,B2026-07-13 10:41:00,B,24380.5,24400.5,34,11,73775.0,9,1755.0,True,True,ACCEPTED,,B2026-07-13 10:41:00,259,True,TAKE,TAKE,,defend,,,,,,,,,,,,setup_close,2026-08-21 13:34:00,0,,,,,-0.9,next_choch,2026-08-21 13:48:00,-1172.87,TAKE,2026-08-21 13:34:00,-0.9,next_choch,2026-08-21 13:48:00,-1172.87
all-data_1m,ST5,-,2026-08-21 13:55:00,up,2026-08-21 13:53:00,B2026-07-13 10:41:00,B,24380.5,24400.5,34,32,239460.0,9,1755.0,True,True,ACCEPTED,,B2026-07-13 10:41:00,280,True,TAKE,TAKE,,defend,,,,,,,,,,,,setup_close,2026-08-21 13:55:00,0,,,,,-7.6,next_choch,2026-08-21 14:06:00,-1608.29,TAKE,2026-08-21 13:55:00,-7.6,next_choch,2026-08-21 14:06:00,-1608.29
all-data_1m,ST5,-,2026-08-21 14:09:00,down,2026-08-21 14:06:00,B2026-07-13 10:41:00,B,24380.5,24400.5,34,46,286910.0,9,1755.0,True,True,ACCEPTED,,B2026-07-13 10:41:00,294,True,WATCH,WATCH,,,accepted_no_defend,,,,,,,WATCH,B2026-07-13 10:41:00,cancelled:opposite_take,,,,,,,,,-11.4,stop_loss,2026-08-21 14:12:00,-1855.28,,,,,,
all-data_1m,ST5,-,2026-08-21 14:17:00,up,2026-08-21 14:09:00,B2026-07-13 10:41:00,B,24380.5,24400.5,34,54,306475.0,9,1755.0,True,True,ACCEPTED,,B2026-07-13 10:41:00,302,True,TAKE,TAKE,,defend,,,,,,,,,,,,setup_close,2026-08-21 14:17:00,0,,,,,2.1,next_choch,2026-08-21 14:41:00,-977.98,TAKE,2026-08-21 14:17:00,2.1,next_choch,2026-08-21 14:41:00,-977.98
all-data_1m,ST5,-,2026-08-21 14:53:00,up,2026-08-21 14:47:00,B2026-07-13 12:10:00,B,24391.35,24411.35,21,22,126490.0,9,1170.0,True,True,ACCEPTED,,B2026-07-13 12:10:00,338,True,TAKE,TAKE,,defend,,,,,,,,,,,,setup_close,2026-08-21 14:53:00,0,,,,,-11.3,stop_loss,2026-08-21 14:56:00,-1848.94,TAKE,2026-08-21 14:53:00,-11.3,stop_loss,2026-08-21 14:56:00,-1848.94
all-data_1m,ST5,-,2026-08-21 15:28:00,down,2026-08-21 15:25:00,B2026-07-13 10:41:00,B,24380.5,24400.5,35,5,19045.0,9,1755.0,True,True,RECYCLE,,B2026-07-13 10:41:00,373,True,BLOCK,BLOCK,clock,,,,,,,,,,,,,,,,,,,,-7.0,stop_loss,2026-08-21 15:29:00,-1569.37,,,,,,
all-data_1m,ST5,-,2026-08-24 09:15:00,up,2026-08-21 15:29:00,B2026-07-13 10:41:00,B,24380.5,24400.5,35,6,21710.0,9,1755.0,True,True,PENDING,,B2026-07-02 10:31:00,0,True,BLOCK,BLOCK,open_pierce,,,,,,,,,,,,,,,,,,,,-20.0,next_choch,2026-08-24 09:42:00,-2415.04,,,,,,
all-data_1m,ST5,-,2026-08-24 09:58:00,down,2026-08-24 09:54:00,B2026-07-02 11:28:00,B,24417.5,24437.5,50,28,250770.0,11,520.0,True,True,REJECT,,B2026-07-02 11:28:00,43,True,WATCH,WATCH,,,,,,,,,,WATCH,B2026-07-02 11:28:00,replaced,,,,,,,,,3.0,next_choch,2026-08-24 10:08:00,-919.98,,,,,,
all-data_1m,ST5,-,2026-08-24 10:16:00,up,2026-08-24 10:08:00,B2026-07-02 11:28:00,B,24417.5,24437.5,50,46,398580.0,11,520.0,True,True,ACCEPTED,,B2026-07-02 11:28:00,61,True,WATCH,WATCH,,,accepted_no_defend,,,,,,,WATCH,B2026-07-02 11:28:00,armed_expired:back_inside,,,,,,,,,0.0,next_choch,2026-08-24 10:45:00,-1115.07,,,,,,
all-data_1m,ST5,-,2026-08-24 10:48:00,down,2026-08-24 10:45:00,B2026-07-02 11:28:00,B,24417.5,24437.5,50,76,637780.0,11,520.0,True,True,ACCEPTED,,B2026-07-02 11:28:00,93,True,TAKE,TAKE,,defend,,,,,,,,,,,,setup_close,2026-08-24 10:48:00,0,,,,,105.1,next_choch,2026-08-24 14:50:00,5716.73,TAKE,2026-08-24 10:48:00,105.1,next_choch,2026-08-24 14:50:00,5716.73
all-data_1m,ST5,-,2026-08-24 15:05:00,down,2026-08-24 15:04:00,B2026-07-01 11:10:00,B,24319.5,24339.5,34,33,353275.0,9,390.0,True,True,PENDING,,B2026-07-01 10:04:00,350,True,WATCH,WATCH,,,,,,,,,,WATCH_EDGE,B2026-07-01 11:10:00,armed_expired:back_inside,,,,,,,,,-5.9,next_choch,2026-08-24 15:10:00,-1496.67,,,,,,
all-data_1m,ST5,-,2026-08-25 09:15:00,down,2026-08-24 15:26:00,B2026-07-01 11:10:00,B,24319.5,24339.5,34,57,694005.0,9,390.0,True,True,PENDING,,B2026-07-01 09:47:00,0,True,BLOCK,BLOCK,open_pierce,,,,,,,,,,,,,,,,,,,,-51.5,stop_loss,2026-08-25 09:21:00,-4460.2,,,,,,
all-data_1m,ST5,-,2026-08-25 09:33:00,up,2026-08-25 09:21:00,B2026-07-01 11:10:00,B,24319.5,24339.5,35,13,154050.0,9,390.0,True,True,LEAVE,A2026-07-09 09:44:00,B2026-07-01 11:41:00,18,True,WATCH,WATCH,leave_into_recycle,,leave_into_recycle,,B2026-07-01 11:41:00,20,RECYCLE,,normal,WATCH,B2026-07-01 11:41:00,cancelled:opposite_leave,,,,,,,,,-14.7,stop_loss,2026-08-25 09:38:00,-2068.86,,,,,,
all-data_1m,ST5,-,2026-08-25 10:01:00,down,2026-08-25 09:52:00,B2026-07-01 09:47:00,B,24275.1,24295.1,31,9,118235.0,15,5395.0,True,True,LEAVE,B2026-07-01 10:04:00,B2026-07-01 09:47:00,46,False,BLOCK,BLOCK,hunt_fade,,,,B2026-07-01 09:47:00,31,REJECT,,normal,,,,,,,,,,,,-15.5,stop_loss,2026-08-25 10:06:00,-2120.19,,,,,,
all-data_1m,ST5,-,2026-08-25 10:22:00,down,2026-08-25 10:19:00,B2026-07-01 09:47:00,B,24275.1,24295.1,31,28,345735.0,15,5395.0,True,True,ACCEPTED,,B2026-07-01 09:47:00,67,True,TAKE,TAKE,,defend,,,,,,,,,,,,setup_close,2026-08-25 10:22:00,0,,,,,-7.4,next_choch,2026-08-25 10:43:00,-1593.64,TAKE,2026-08-25 10:22:00,-7.4,next_choch,2026-08-25 10:43:00,-1593.64
all-data_1m,ST5,-,2026-08-25 10:44:00,up,2026-08-25 10:43:00,B2026-07-01 09:47:00,B,24275.1,24295.1,31,49,590330.0,15,5395.0,True,True,PENDING,,A2026-07-09 09:44:00,89,True,WATCH,WATCH,,,,,,,,,,WATCH_EDGE,B2026-07-01 09:47:00,replaced,,,,,,,,,21.4,next_choch,2026-08-25 12:58:00,277.93,,,,,,
all-data_1m,ST5,-,2026-08-25 13:01:00,down,2026-08-25 12:58:00,B2026-07-01 10:04:00,B,24307.95,24327.95,44,2,6175.0,14,5070.0,True,True,LEAVE,B2026-07-01 11:10:00,A2026-07-09 09:44:00,226,True,WATCH,WATCH,leave_into_recycle,,leave_into_recycle,,A2026-07-09 09:44:00,39,RECYCLE,,normal,WATCH,A2026-07-09 09:44:00,armed_expired:back_inside,,,,,,,,,0.8,next_choch,2026-08-25 13:40:00,-1060.93,,,,,,
all-data_1m,ST5,-,2026-08-25 13:41:00,up,2026-08-25 13:40:00,A2026-07-09 09:44:00,A,24293.1,24313.1,41,11,50310.0,3,585.0,True,True,LEAVE,B2026-07-01 09:47:00,A2026-07-09 09:44:00,266,True,TAKE,TAKE,,leave,,,A2026-07-09 09:44:00,41,ACCEPTED,,normal,,,,,setup_close,2026-08-25 13:41:00,0,,,,,-11.0,stop_loss,2026-08-25 13:50:00,-1827.79,TAKE,2026-08-25 13:41:00,-11.0,stop_loss,2026-08-25 13:50:00,-1827.79
all-data_1m,ST5,-,2026-08-25 13:53:00,up,2026-08-25 13:52:00,B2026-07-01 11:10:00,B,24319.5,24339.5,38,1,14820.0,9,390.0,True,True,LEAVE,A2026-07-09 09:44:00,B2026-07-01 11:10:00,278,False,WATCH,WATCH,leave_into_recycle,,leave_into_recycle,,B2026-07-01 11:10:00,38,RECYCLE,,normal,WATCH,B2026-07-01 11:10:00,armed_expired:back_inside,,,,,,,,,-19.6,next_choch,2026-08-25 14:03:00,-2387.03,,,,,,
all-data_1m,ST5,-,2026-08-25 14:20:00,up,2026-08-25 14:11:00,B2026-07-01 11:10:00,B,24319.5,24339.5,39,1,15340.0,9,390.0,True,True,LEAVE,B2026-07-01 10:04:00,B2026-07-01 11:10:00,305,True,BLOCK,BLOCK,hunt_fade,,,,B2026-07-01 11:10:00,39,RECYCLE,,normal,,,,,,,,,,,,110.4,next_choch,2026-08-26 12:09:00,6060.95,,,,,,
all-data_1m,ST5,-,2026-08-26 12:10:00,down,2026-08-26 12:09:00,B2026-07-02 10:31:00,B,24429.85,24449.85,51,1,8840.0,11,1040.0,False,True,LEAVE,B2026-07-02 09:32:00,B2026-07-02 10:31:00,175,True,WATCH,WATCH,leave_into_recycle,,leave_into_recycle,,B2026-07-02 10:31:00,51,RECYCLE,True,normal,WATCH,B2026-07-02 10:31:00,cancelled:opposite_leave,,,,,,,,,-18.9,stop_loss,2026-08-26 12:18:00,-2343.9,,,,,,
all-data_1m,ST5,-,2026-08-26 12:30:00,down,2026-08-26 12:28:00,B2026-07-02 09:32:00,B,24446.6,24466.6,63,17,78455.0,11,3965.0,False,True,ACCEPTED,,B2026-07-02 09:32:00,195,True,TAKE,TAKE,,defend,,,,,,,,,,,,setup_close,2026-08-26 12:30:00,0,,,,,-9.0,stop_loss,2026-08-26 12:34:00,-1700.44,TAKE,2026-08-26 12:30:00,-9.0,stop_loss,2026-08-26 12:34:00,-1700.44
all-data_1m,ST5,-,2026-08-26 12:35:00,up,2026-08-26 12:34:00,B2026-07-02 09:32:00,B,24446.6,24466.6,64,1,2015.0,11,3965.0,False,True,LEAVE,B2026-07-02 10:31:00,B2026-07-02 09:32:00,200,True,WATCH,WATCH,,,leave_vol_fail,,B2026-07-02 09:32:00,64,RECYCLE,False,normal,WATCH,B2026-07-02 09:32:00,cancelled:opposite_leave,,,,,,,,,-16.6,next_choch,2026-08-26 12:50:00,-2194.41,,,,,,
all-data_1m,ST5,-,2026-08-26 12:54:00,up,2026-08-26 12:51:00,B2026-07-02 09:32:00,B,24446.6,24466.6,64,18,38935.0,11,3965.0,False,True,ACCEPTED,,B2026-07-02 09:32:00,219,True,TAKE,TAKE,,defend,,,,,,,,,,,,setup_close,2026-08-26 12:54:00,0,,,,,-10.0,stop_loss,2026-08-26 13:01:00,-1765.34,TAKE,2026-08-26 12:54:00,-10.0,stop_loss,2026-08-26 13:01:00,-1765.34
all-data_1m,ST5,-,2026-08-26 13:02:00,down,2026-08-26 13:01:00,B2026-07-02 10:31:00,B,24429.85,24449.85,53,1,23270.0,11,1040.0,False,True,LEAVE,B2026-07-02 09:32:00,B2026-07-02 10:31:00,227,True,WATCH,WATCH,leave_into_recycle,,leave_into_recycle,,B2026-07-02 10:31:00,53,REJECT,True,normal,WATCH,B2026-07-02 10:31:00,cancelled:opposite_leave,,,,,,,,,-0.0,next_choch,2026-08-26 13:35:00,-1115.24,,,,,,
all-data_1m,ST5,-,2026-08-26 13:45:00,down,2026-08-26 13:44:00,B2026-07-02 10:31:00,B,24429.85,24449.85,54,35,124540.0,11,1040.0,False,True,ACCEPTED,,B2026-07-02 10:31:00,270,True,WATCH,WATCH,,,accepted_no_defend,,,,,,,WATCH,B2026-07-02 10:31:00,replaced,,,,,,,,,-3.3,next_choch,2026-08-26 14:02:00,-1329.58,,,,,,
all-data_1m,ST5,-,2026-08-26 14:04:00,up,2026-08-26 14:02:00,B2026-07-02 11:28:00,B,24417.5,24437.5,51,15,108550.0,11,520.0,False,True,PENDING,,B2026-07-02 10:31:00,289,False,WATCH,WATCH,,,,,,,,,,WATCH_EDGE,B2026-07-02 11:28:00,armed_expired:session_end,,,,,,,,,17.4,next_choch,2026-08-26 15:20:00,15.54,,,,,,
all-data_1m,ST5,-,2026-08-26 15:21:00,down,2026-08-26 15:20:00,B2026-07-02 09:32:00,B,24446.6,24466.6,68,6,43030.0,11,3965.0,False,True,RECYCLE,,B2026-07-02 09:32:00,366,True,BLOCK,BLOCK,clock,,,,,,,,,,,,,,,,,,,,103.8,next_choch,2026-08-27 12:44:00,5631.91,,,,,,
all-data_1m,ST5,-,2026-08-27 12:51:00,up,2026-08-27 12:50:00,B2026-07-01 11:41:00,B,24333.2,24353.2,26,12,113750.0,9,1495.0,False,True,PENDING,,B2026-07-01 13:25:00,216,False,WATCH,WATCH,,,,,,,,,,WATCH_EDGE,B2026-07-01 11:41:00,replaced,,,,,,,,,2.0,next_choch,2026-08-27 13:02:00,-983.9,,,,,,
all-data_1m,ST5,-,2026-08-27 13:05:00,down,2026-08-27 13:02:00,B2026-07-01 10:34:00,B,24343.95,24363.95,34,9,40495.0,12,1885.0,False,True,RECYCLE,,B2026-07-01 10:34:00,230,True,WATCH,WATCH,,,,,,,,,,WATCH,B2026-07-01 10:34:00,cancelled:opposite_leave,,,,,,,,,-17.0,stop_loss,2026-08-27 13:12:00,-2218.71,,,,,,
all-data_1m,ST5,-,2026-08-27 13:14:00,up,2026-08-27 13:12:00,B2026-07-01 12:19:00,B,24365.35,24385.35,55,2,7670.0,12,1365.0,False,True,LEAVE,B2026-07-01 10:34:00,B2026-07-01 12:19:00,239,False,WATCH,WATCH,leave_into_recycle,,leave_into_recycle,,B2026-07-01 12:19:00,55,REJECT,True,normal,WATCH,B2026-07-01 12:19:00,cancelled:opposite_leave,,,,,,,,,-8.4,next_choch,2026-08-27 13:29:00,-1659.97,,,,,,
all-data_1m,ST5,-,2026-08-27 13:31:00,down,2026-08-27 13:29:00,B2026-07-01 13:25:00,B,24354.0,24374.0,35,14,31720.0,9,1430.0,False,True,PENDING,,B2026-07-01 11:41:00,256,True,WATCH,REENTER,,,,,,,,,,WATCH_EDGE,B2026-07-01 13:25:00,reenter,watch_edge,reenter_close,2026-08-27 13:32:00,1,11.8,1,1,setup,-16.0,next_choch,2026-08-27 13:38:00,-2153.66,REENTER,2026-08-27 13:32:00,-18.8,next_choch,2026-08-27 13:38:00,-2335.62
all-data_1m,ST5,-,2026-08-27 13:39:00,up,2026-08-27 13:38:00,B2026-07-01 10:34:00,B,24343.95,24363.95,35,6,9945.0,12,1885.0,False,True,RECYCLE,,B2026-07-01 10:34:00,264,True,WATCH,WATCH,,,,,,,,,,WATCH,B2026-07-01 10:34:00,replaced,,,,,,,,,-13.7,stop_loss,2026-08-27 13:42:00,-2004.22,,,,,,
all-data_1m,ST5,-,2026-08-27 13:43:00,down,2026-08-27 13:42:00,B2026-07-01 10:34:00,B,24343.95,24363.95,35,9,17030.0,12,1885.0,False,True,PENDING,,B2026-07-01 11:41:00,268,True,WATCH,REENTER,,,,,,,,,,WATCH_EDGE,B2026-07-01 10:34:00,reenter,watch_edge,reenter_close,2026-08-27 13:44:00,1,3.85,1,1,setup,19.2,next_choch,2026-08-27 14:17:00,134.5,REENTER,2026-08-27 13:44:00,18.1,next_choch,2026-08-27 14:17:00,63.02
all-data_1m,ST5,-,2026-08-27 14:19:00,up,2026-08-27 14:17:00,B2026-07-01 10:04:00,B,24307.95,24327.95,52,2,3965.0,14,5070.0,False,True,LEAVE,A2026-07-09 09:44:00,B2026-07-01 10:04:00,304,True,WATCH,WATCH,leave_into_recycle,,leave_into_recycle,,B2026-07-01 10:04:00,52,RECYCLE,True,normal,WATCH,B2026-07-01 10:04:00,armed_expired:back_inside,,,,,,,,,6.0,next_choch,2026-08-27 14:45:00,-723.36,,,,,,
all-data_1m,ST5,-,2026-08-27 15:05:00,down,2026-08-27 15:04:00,B2026-07-01 11:10:00,B,24319.5,24339.5,45,36,154375.0,9,390.0,False,True,PENDING,,B2026-07-01 10:04:00,350,True,BLOCK,BLOCK,hunt_fade,,,,,,,,,,,,,,,,,,,,-1.9,next_choch,2026-08-27 15:10:00,-1236.68,,,,,,
all-data_1m,ST5,-,2026-08-27 15:15:00,down,2026-08-27 15:12:00,A2026-07-09 09:44:00,A,24293.1,24313.1,47,1,10985.0,3,585.0,False,True,LEAVE,B2026-07-01 10:04:00,A2026-07-09 09:44:00,360,True,WATCH,WATCH,,,leave_vol_fail,,A2026-07-09 09:44:00,47,RECYCLE,False,normal,WATCH,A2026-07-09 09:44:00,armed_expired:session_end,,,,,,,,,8.1,next_choch,2026-08-28 09:17:00,-586.38,,,,,,
all-data_1m,ST5,-,2026-08-28 09:25:00,up,2026-08-28 09:17:00,B2026-07-01 10:04:00,B,24307.95,24327.95,54,1,11115.0,14,5070.0,False,True,LEAVE,B2026-07-01 09:47:00,B2026-07-01 10:04:00,10,False,WATCH,WATCH,,,leave_vol_fail,,B2026-07-01 10:04:00,54,RECYCLE,False,normal,WATCH,B2026-07-01 10:04:00,armed_expired:back_inside,,,,,,,,,-43.7,stop_loss,2026-08-28 11:35:00,-3953.06,,,,,,
all-data_1m,ST5,-,2026-08-28 11:54:00,down,2026-08-28 11:35:00,B2026-07-01 09:47:00,B,24275.1,24295.1,36,19,102375.0,15,5395.0,False,True,PENDING,,B2026-07-14 14:26:00,159,True,WATCH,REENTER,,,,,,,,,,WATCH_EDGE,B2026-07-01 09:47:00,reenter,watch_edge,reenter_close,2026-08-28 11:55:00,1,7.1,1,1,setup,-15.0,stop_loss,2026-08-28 13:22:00,-2087.37,REENTER,2026-08-28 11:55:00,-17.0,stop_loss,2026-08-28 13:22:00,-2217.35
all-data_1m,ST5,-,2026-08-28 13:40:00,up,2026-08-28 13:34:00,B2026-07-01 09:47:00,B,24275.1,24295.1,37,19,58760.0,15,5395.0,False,True,PENDING,,A2026-07-09 09:44:00,265,True,WATCH,WATCH,,,,,,,,,,WATCH_EDGE,B2026-07-01 09:47:00,armed_expired:back_inside,,,,,,,,,-14.0,stop_loss,2026-08-28 13:48:00,-2022.65,,,,,,
all-data_1m,ST5,-,2026-08-28 13:59:00,up,2026-08-28 13:58:00,B2026-07-01 09:47:00,B,24275.1,24295.1,37,38,89635.0,15,5395.0,False,True,ACCEPTED,,B2026-07-01 09:47:00,284,True,WATCH,WATCH,,,accepted_no_defend,,,,,,,WATCH,B2026-07-01 09:47:00,replaced,,,,,,,,,-10.5,stop_loss,2026-08-28 14:07:00,-1795.04,,,,,,
all-data_1m,ST5,-,2026-08-28 14:29:00,up,2026-08-28 14:21:00,B2026-07-01 09:47:00,B,24275.1,24295.1,37,67,175630.0,15,5395.0,False,True,PENDING,,A2026-07-09 09:44:00,314,True,WATCH,WATCH,,,,,,,,,,WATCH_EDGE,B2026-07-01 09:47:00,armed_expired:session_end,,,,,,,,,-6.7,next_choch,2026-08-28 15:02:00,-1548.23,,,,,,
all-data_1m,ST5,-,2026-08-28 15:28:00,up,2026-08-28 15:11:00,B2026-07-01 11:41:00,B,24333.2,24353.2,33,8,119210.0,9,1495.0,False,True,LEAVE,B2026-07-01 11:10:00,B2026-07-01 11:41:00,373,False,BLOCK,BLOCK,clock,,,,B2026-07-01 11:41:00,33,RECYCLE,True,normal,,,,,,,,,,,,-146.8,stop_loss,2026-08-31 09:15:00,-10653.58,,,,,,
all-data_1m,ST5,-,2026-08-31 09:26:00,down,2026-08-31 09:15:00,B2026-07-22 12:36:00,B,24195.0,24215.0,15,9,161395.0,11,7865.0,False,True,LEAVE,B2026-07-01 11:41:00,A2026-07-23 09:27:00,11,False,TAKE,TAKE,,leave,,,A2026-07-23 09:27:00,3,ACCEPTED,True,gap,,,,,setup_close,2026-08-31 09:26:00,0,,,,,-10.5,next_choch,2026-08-31 11:35:00,-1793.53,TAKE,2026-08-31 09:26:00,-10.5,next_choch,2026-08-31 11:35:00,-1793.53
all-data_1m,ST5,-,2026-08-31 11:42:00,up,2026-08-31 11:35:00,B2026-07-22 12:36:00,B,24195.0,24215.0,17,7,41795.0,11,7865.0,False,True,RECYCLE,,B2026-07-22 12:36:00,147,True,WATCH,WATCH,,,,,,,,,,WATCH,B2026-07-22 12:36:00,replaced,,,,,,,,,23.1,next_choch,2026-08-31 14:04:00,389.86,,,,,,
all-data_1m,ST5,-,2026-08-31 14:05:00,down,2026-08-31 14:04:00,A2026-07-01 09:27:00,A,24230.7,24250.7,36,5,21905.0,2,19240.0,False,True,LEAVE,B2026-07-01 09:26:00,A2026-07-01 09:18:00,290,True,WATCH,WATCH,leave_into_recycle,,leave_into_recycle,,A2026-07-01 09:18:00,33,RECYCLE,True,normal,WATCH,A2026-07-01 09:18:00,cancelled:opposite_leave,,,,,,,,,-13.5,next_choch,2026-08-31 14:35:00,-1988.95,,,,,,
all-data_1m,ST5,-,2026-08-31 14:39:00,up,2026-08-31 14:35:00,B2026-07-22 10:41:00,B,24220.05,24240.05,24,33,123045.0,9,3250.0,False,True,PENDING,,A2026-07-01 09:27:00,324,True,WATCH,REENTER,,,,,,,,,,WATCH_EDGE,B2026-07-22 10:41:00,reenter,watch_edge,reenter_close,2026-08-31 14:40:00,1,6.55,1,1,setup,6.5,next_choch,2026-08-31 15:05:00,-689.43,REENTER,2026-08-31 14:40:00,0.7,next_choch,2026-08-31 15:05:00,-1066.44
all-data_1m,ST5,-,2026-09-01 09:22:00,down,2026-09-01 09:15:00,A2026-07-23 09:27:00,A,24180.0,24200.0,10,6,100750.0,1,195.0,False,True,LEAVE,B2026-07-01 09:26:00,B2026-07-08 15:17:00,7,False,WATCH,WATCH,,,leave_vol_fail,,B2026-07-08 15:17:00,15,ACCEPTED,False,gap,WATCH,B2026-07-08 15:17:00,cancelled:opposite_leave,,,,,,,,,-18.4,next_choch,2026-09-01 10:48:00,-2306.81,,,,,,
all-data_1m,ST5,-,2026-09-01 10:50:00,up,2026-09-01 10:48:00,A2026-07-23 09:27:00,A,24180.0,24200.0,11,26,146835.0,1,195.0,False,True,PENDING,,B2026-07-22 12:36:00,95,True,WATCH,WATCH,,,,,,,,,,WATCH_EDGE,A2026-07-23 09:27:00,armed_expired:opposite_leave,,,,,,,,,44.0,next_choch,2026-09-01 12:51:00,1748.21,,,,,,
all-data_1m,ST5,-,2026-09-01 12:54:00,down,2026-09-01 12:51:00,B2026-07-01 09:26:00,B,24247.25,24267.25,41,12,15730.0,18,8645.0,False,True,PENDING,,A2026-07-01 09:27:00,219,True,BLOCK,BLOCK,hunt_fade,,,,,,,,,,,,,,,,,,,,202.6,next_choch,2026-09-02 14:32:00,12057.71,,,,,,
all-data_1m,ST5,-,2026-09-02 14:33:00,up,2026-09-02 14:32:00,B2026-07-23 14:52:00,B,24022.0,24042.0,5,3,29510.0,15,6890.0,False,True,LEAVE,B2026-07-24 12:52:00,B2026-07-23 13:10:00,318,True,WATCH,WATCH,leave_into_recycle,,leave_into_recycle,,B2026-07-23 13:10:00,7,RECYCLE,True,normal,WATCH,B2026-07-23 13:10:00,cancelled:opposite_leave,,,,,,,,,-21.3,next_choch,2026-09-02 14:43:00,-2492.71,,,,,,
all-data_1m,ST5,-,2026-09-02 14:44:00,down,2026-09-02 14:43:00,B2026-07-23 14:52:00,B,24022.0,24042.0,5,12,87360.0,15,6890.0,False,True,PENDING,,B2026-07-24 12:52:00,329,True,WATCH,WATCH,,,,,,,,,,WATCH_EDGE,B2026-07-23 14:52:00,armed_expired:back_inside,,,,,,,,,12.3,next_choch,2026-09-02 15:22:00,-308.53,,,,,,
all-data_1m,ST5,-,2026-09-02 15:26:00,down,2026-09-02 15:25:00,B2026-07-24 13:28:00,B,23996.1,24016.1,11,16,115765.0,9,2015.0,False,True,ACCEPTED,,B2026-07-24 13:28:00,371,True,BLOCK,BLOCK,clock,,,,,,,,,,,,,,,,,,,,-108.3,stop_loss,2026-09-03 09:15:00,-8147.51,,,,,,
all-data_1m,ST5,-,2026-09-03 09:16:00,up,2026-09-03 09:15:00,B2026-07-27 10:05:00,B,24120.0,24140.0,5,1,57005.0,9,5395.0,False,True,LEAVE,B2026-07-24 13:28:00,B2026-07-27 10:05:00,1,False,BLOCK,BLOCK,open_pierce,,,,B2026-07-27 10:05:00,5,RECYCLE,True,gap,,,,,,,,,,,,-23.0,next_choch,2026-09-03 09:22:00,-2604.5,,,,,,
all-data_1m,ST5,-,2026-09-03 09:24:00,down,2026-09-03 09:22:00,B2026-07-23 12:39:00,B,24085.5,24105.5,7,6,111670.0,10,24765.0,False,True,LEAVE,B2026-07-27 10:05:00,B2026-09-01 14:45:00,9,True,BLOCK,BLOCK,open_pierce,,,,B2026-09-01 14:45:00,3,ACCEPTED,False,normal,,,,,,,,,,,,-28.6,stop_loss,2026-09-03 09:30:00,-2968.14,,,,,,
all-data_1m,ST5,-,2026-09-03 09:33:00,up,2026-09-03 09:30:00,A2026-09-02 09:15:00,A,24100.9,24120.9,2,4,43615.0,1,11505.0,False,False,LEAVE,B2026-09-01 14:45:00,A2026-09-02 09:15:00,18,True,WATCH,WATCH,,,leave_vol_fail,,A2026-09-02 09:15:00,2,RECYCLE,False,normal,WATCH,A2026-09-02 09:15:00,replaced,,,,,,,,,17.9,next_choch,2026-09-03 10:13:00,53.58,,,,,,
all-data_1m,ST5,-,2026-09-03 10:15:00,down,2026-09-03 10:13:00,B2026-07-27 10:05:00,B,24120.0,24140.0,7,14,45305.0,9,5395.0,False,True,PENDING,,A2026-09-02 09:15:00,60,True,WATCH,WATCH,,,,,,,,,,WATCH_EDGE,B2026-07-27 10:05:00,armed_expired:back_inside,,,,,,,,,21.3,next_choch,2026-09-03 11:35:00,274.84,,,,,,
all-data_1m,ST5,-,2026-09-03 11:47:00,down,2026-09-03 11:41:00,B2026-09-01 14:45:00,B,24075.0,24095.0,7,6,17160.0,9,84370.0,False,False,LEAVE,B2026-07-23 12:39:00,B2026-09-01 14:45:00,152,True,WATCH,WATCH,leave_into_recycle,,leave_into_recycle,,B2026-09-01 14:45:00,7,THIN,True,normal,WATCH,B2026-09-01 14:45:00,reenter,,,,,,,,,33.9,next_choch,2026-09-03 12:54:00,1094.58,,,,,,
all-data_1m,ST5,-,2026-09-03 13:02:00,down,2026-09-03 13:01:00,B2026-07-23 14:52:00,B,24022.0,24042.0,7,42,272220.0,15,6890.0,False,True,ACCEPTED,,B2026-07-23 14:52:00,227,True,REENTER,REENTER,,watch,,,,,,,,,,,watch,setup_close,2026-09-03 13:02:00,0,46.3,71,69,setup,-16.3,stop_loss,2026-09-03 13:05:00,-2167.75,REENTER,2026-09-03 13:02:00,-16.3,stop_loss,2026-09-03 13:05:00,-2167.75
all-data_1m,ST5,-,2026-09-03 13:11:00,up,2026-09-03 13:05:00,B2026-07-23 13:10:00,B,24038.45,24058.45,10,1,2340.0,9,5005.0,False,True,LEAVE,B2026-07-23 14:52:00,B2026-07-23 13:10:00,236,True,WATCH,WATCH,,,leave_vol_fail,,B2026-07-23 13:10:00,10,REJECT,False,normal,WATCH,B2026-07-23 13:10:00,cancelled:opposite_leave,,,,,,,,,-10.0,next_choch,2026-09-03 13:21:00,-1758.37,,,,,,
all-data_1m,ST5,-,2026-09-03 13:23:00,down,2026-09-03 13:21:00,B2026-07-23 14:52:00,B,24022.0,24042.0,8,3,13000.0,15,6890.0,False,True,LEAVE,B2026-07-23 13:10:00,B2026-07-23 14:52:00,248,True,WATCH,WATCH,leave_into_recycle,,leave_into_recycle,,B2026-07-23 14:52:00,8,REJECT,True,normal,WATCH,B2026-07-23 14:52:00,armed_expired:back_inside,,,,,,,,,-19.9,stop_loss,2026-09-03 13:33:00,-2401.78,,,,,,
all-data_1m,ST5,-,2026-09-03 14:29:00,up,2026-09-03 14:20:00,B2026-07-23 14:52:00,B,24022.0,24042.0,11,28,42055.0,15,6890.0,False,True,ACCEPTED,,B2026-07-23 14:52:00,314,True,WATCH,WATCH,,,accepted_no_defend,,,,,,,WATCH,B2026-07-23 14:52:00,replaced,,,,,,,,,-14.9,stop_loss,2026-09-03 14:40:00,-2076.7,,,,,,
all-data_1m,ST5,-,2026-09-03 14:43:00,down,2026-09-03 14:40:00,B2026-07-23 14:52:00,B,24022.0,24042.0,11,42,100685.0,15,6890.0,False,True,ACCEPTED,,B2026-07-23 14:52:00,328,True,WATCH,WATCH,,,accepted_no_defend,,,,,,,WATCH,B2026-07-23 14:52:00,armed_expired:back_inside,,,,,,,,,7.1,next_choch,2026-09-03 14:56:00,-646.58,,,,,,
all-data_1m,ST5,-,2026-09-03 15:07:00,down,2026-09-03 15:05:00,B2026-07-24 13:28:00,B,23996.1,24016.1,12,1,11635.0,9,2015.0,False,True,LEAVE,B2026-07-24 12:52:00,B2026-07-24 13:28:00,352,True,WATCH,WATCH,,,leave_vol_fail,,B2026-07-24 13:28:00,12,RECYCLE,False,normal,WATCH,B2026-07-24 13:28:00,armed_expired:session_end,,,,,,,,,-24.0,stop_loss,2026-09-04 09:15:00,-2667.81,,,,,,
all-data_1m,ST5,-,2026-09-04 09:45:00,up,2026-09-04 09:40:00,B2026-07-23 14:52:00,B,24022.0,24042.0,12,15,129090.0,15,6890.0,False,True,PENDING,,B2026-07-23 13:10:00,30,True,WATCH,REENTER,,,,,,,,,,WATCH_EDGE,B2026-07-23 14:52:00,reenter,watch_edge,reenter_close,2026-09-04 09:46:00,1,8.0,1,1,setup,32.0,next_choch,2026-09-04 12:12:00,971.0,REENTER,2026-09-04 09:46:00,30.0,next_choch,2026-09-04 12:12:00,841.0
all-data_1m,ST5,-,2026-09-04 12:13:00,down,2026-09-04 12:12:00,B2026-09-01 14:45:00,B,24075.0,24095.0,11,12,43550.0,9,84370.0,False,False,LEAVE,A2026-09-02 09:15:00,B2026-09-01 14:45:00,178,True,WATCH,WATCH,,,leave_vol_fail,,B2026-09-01 14:45:00,11,RECYCLE,False,normal,WATCH,B2026-09-01 14:45:00,replaced,,,,,,,,,9.5,next_choch,2026-09-04 12:49:00,-491.47,,,,,,
all-data_1m,ST5,-,2026-09-04 12:53:00,up,2026-09-04 12:49:00,B2026-07-23 12:51:00,B,24048.5,24068.5,18,27,93925.0,10,17550.0,False,True,ACCEPTED,,B2026-07-23 12:51:00,218,True,WATCH,WATCH,,,accepted_no_defend,,,,,,,WATCH,B2026-07-23 12:51:00,cancelled:opposite_take,,,,,,,,,-12.0,stop_loss,2026-09-04 12:56:00,-1888.71,,,,,,
all-data_1m,ST5,-,2026-09-04 12:57:00,down,2026-09-04 12:56:00,B2026-07-23 12:51:00,B,24048.5,24068.5,18,31,117130.0,10,17550.0,False,True,ACCEPTED,,B2026-07-23 12:51:00,222,True,TAKE,TAKE,,defend,,,,,,,,,,,,setup_close,2026-09-04 12:57:00,0,,,,,-16.7,stop_loss,2026-09-04 13:10:00,-2194.14,TAKE,2026-09-04 12:57:00,-16.7,stop_loss,2026-09-04 13:10:00,-2194.14
all-data_1m,ST5,-,2026-09-04 13:16:00,up,2026-09-04 13:10:00,B2026-07-23 15:10:00,B,24062.6,24082.6,10,6,12740.0,9,3445.0,False,True,LEAVE,B2026-07-23 12:51:00,B2026-07-23 15:10:00,241,True,WATCH,WATCH,,,leave_vol_fail,,B2026-07-23 15:10:00,10,RECYCLE,False,normal,WATCH,B2026-07-23 15:10:00,armed_expired:back_inside,,,,,,,,,-21.0,next_choch,2026-09-04 13:32:00,-2473.8,,,,,,
all-data_1m,ST5,-,2026-09-04 13:33:00,down,2026-09-04 13:32:00,B2026-07-23 12:51:00,B,24048.5,24068.5,19,1,3445.0,10,17550.0,False,True,LEAVE,B2026-07-23 15:10:00,B2026-07-23 12:51:00,258,True,WATCH,WATCH,leave_into_recycle,,leave_into_recycle,,B2026-07-23 12:51:00,19,RECYCLE,True,normal,WATCH,B2026-07-23 12:51:00,replaced,,,,,,,,,-12.9,stop_loss,2026-09-04 13:39:00,-1947.23,,,,,,
all-data_1m,ST5,-,2026-09-04 13:40:00,up,2026-09-04 13:39:00,B2026-07-23 12:51:00,B,24048.5,24068.5,19,7,10270.0,10,17550.0,False,True,PENDING,,B2026-07-23 15:10:00,265,False,WATCH,WATCH,,,,,,,,,,WATCH_EDGE,B2026-07-23 12:51:00,replaced,,,,,,,,,2.7,next_choch,2026-09-04 13:49:00,-933.48,,,,,,
all-data_1m,ST5,-,2026-09-04 13:51:00,down,2026-09-04 13:49:00,B2026-07-23 15:10:00,B,24062.6,24082.6,12,5,7280.0,9,3445.0,False,True,PENDING,,B2026-07-23 12:51:00,276,True,WATCH,WATCH,,,,,,,,,,WATCH_EDGE,B2026-07-23 15:10:00,replaced,,,,,,,,,-0.5,next_choch,2026-09-04 14:03:00,-1141.24,,,,,,
all-data_1m,ST5,-,2026-09-04 14:06:00,up,2026-09-04 14:03:00,B2026-07-23 15:10:00,B,24062.6,24082.6,14,1,910.0,9,3445.0,False,True,LEAVE,B2026-07-23 12:51:00,B2026-07-23 15:10:00,291,True,WATCH,WATCH,leave_into_recycle,,leave_into_recycle,,B2026-07-23 15:10:00,14,REJECT,True,normal,WATCH,B2026-07-23 15:10:00,armed_expired:back_inside,,,,,,,,,-9.9,next_choch,2026-09-04 14:39:00,-1752.32,,,,,,
all-data_1m,ST5,-,2026-09-04 14:44:00,down,2026-09-04 14:39:00,B2026-07-23 15:10:00,B,24062.6,24082.6,15,6,9230.0,9,3445.0,False,True,LEAVE,B2026-09-01 14:45:00,B2026-07-23 12:51:00,329,True,WATCH,WATCH,,,leave_vol_fail,,B2026-07-23 12:51:00,21,RECYCLE,False,normal,WATCH,B2026-07-23 12:51:00,armed_expired:session_end,,,,,,,,,-11.6,stop_loss,2026-09-04 14:50:00,-1862.75,,,,,,
all-data_1m,ST5,-,2026-09-04 15:22:00,down,2026-09-04 15:20:00,B2026-07-23 13:10:00,B,24038.45,24058.45,15,2,10530.0,9,5005.0,False,True,LEAVE,B2026-07-23 12:51:00,B2026-07-23 13:10:00,367,True,BLOCK,BLOCK,clock,,,,B2026-07-23 13:10:00,15,RECYCLE,True,normal,,,,,,,,,,,,854.3,open,2026-09-25 15:29:00,54423.41,,,,,,
design-period_1m,ST5,-,2026-08-26 12:10:00,down,2026-08-26 12:09:00,B2026-07-02 10:31:00,B,24429.85,24449.85,51,1,8840.0,11,1040.0,False,True,LEAVE,B2026-07-02 09:32:00,B2026-07-02 10:31:00,175,True,WATCH,WATCH,leave_into_recycle,,leave_into_recycle,,B2026-07-02 10:31:00,51,RECYCLE,True,normal,WATCH,B2026-07-02 10:31:00,cancelled:opposite_leave,,,,,,,,,-18.9,stop_loss,2026-08-26 12:18:00,-2343.9,,,,,,
design-period_1m,ST5,-,2026-08-26 12:30:00,down,2026-08-26 12:28:00,B2026-07-02 09:32:00,B,24446.6,24466.6,63,17,78455.0,11,3965.0,False,True,ACCEPTED,,B2026-07-02 09:32:00,195,True,TAKE,TAKE,,defend,,,,,,,,,,,,setup_close,2026-08-26 12:30:00,0,,,,,-9.0,stop_loss,2026-08-26 12:34:00,-1700.44,TAKE,2026-08-26 12:30:00,-9.0,stop_loss,2026-08-26 12:34:00,-1700.44
design-period_1m,ST5,-,2026-08-26 12:35:00,up,2026-08-26 12:34:00,B2026-07-02 09:32:00,B,24446.6,24466.6,64,1,2015.0,11,3965.0,False,True,LEAVE,B2026-07-02 10:31:00,B2026-07-02 09:32:00,200,True,WATCH,WATCH,,,leave_vol_fail,,B2026-07-02 09:32:00,64,RECYCLE,False,normal,WATCH,B2026-07-02 09:32:00,cancelled:opposite_leave,,,,,,,,,-16.6,next_choch,2026-08-26 12:50:00,-2194.41,,,,,,
design-period_1m,ST5,-,2026-08-26 12:54:00,up,2026-08-26 12:51:00,B2026-07-02 09:32:00,B,24446.6,24466.6,64,18,38935.0,11,3965.0,False,True,ACCEPTED,,B2026-07-02 09:32:00,219,True,TAKE,TAKE,,defend,,,,,,,,,,,,setup_close,2026-08-26 12:54:00,0,,,,,-10.0,stop_loss,2026-08-26 13:01:00,-1765.34,TAKE,2026-08-26 12:54:00,-10.0,stop_loss,2026-08-26 13:01:00,-1765.34
design-period_1m,ST5,-,2026-08-26 13:02:00,down,2026-08-26 13:01:00,B2026-07-02 10:31:00,B,24429.85,24449.85,53,1,23270.0,11,1040.0,False,True,LEAVE,B2026-07-02 09:32:00,B2026-07-02 10:31:00,227,True,WATCH,WATCH,leave_into_recycle,,leave_into_recycle,,B2026-07-02 10:31:00,53,REJECT,True,normal,WATCH,B2026-07-02 10:31:00,cancelled:opposite_leave,,,,,,,,,-0.0,next_choch,2026-08-26 13:35:00,-1115.24,,,,,,
design-period_1m,ST5,-,2026-08-26 13:45:00,down,2026-08-26 13:44:00,B2026-07-02 10:31:00,B,24429.85,24449.85,54,35,124540.0,11,1040.0,False,True,ACCEPTED,,B2026-07-02 10:31:00,270,True,WATCH,WATCH,,,accepted_no_defend,,,,,,,WATCH,B2026-07-02 10:31:00,replaced,,,,,,,,,-3.3,next_choch,2026-08-26 14:02:00,-1329.58,,,,,,
design-period_1m,ST5,-,2026-08-26 14:04:00,up,2026-08-26 14:02:00,B2026-07-02 11:28:00,B,24417.5,24437.5,51,15,108550.0,11,520.0,False,True,PENDING,,B2026-07-02 10:31:00,289,False,WATCH,WATCH,,,,,,,,,,WATCH_EDGE,B2026-07-02 11:28:00,armed_expired:session_end,,,,,,,,,17.4,next_choch,2026-08-26 15:20:00,15.54,,,,,,
design-period_1m,ST5,-,2026-08-26 15:21:00,down,2026-08-26 15:20:00,B2026-07-02 09:32:00,B,24446.6,24466.6,68,6,43030.0,11,3965.0,False,True,RECYCLE,,B2026-07-02 09:32:00,366,True,BLOCK,BLOCK,clock,,,,,,,,,,,,,,,,,,,,103.8,next_choch,2026-08-27 12:44:00,5631.91,,,,,,
design-period_1m,ST5,-,2026-08-27 12:51:00,up,2026-08-27 12:50:00,B2026-07-01 11:41:00,B,24333.2,24353.2,26,12,113750.0,9,1495.0,False,True,PENDING,,B2026-07-01 13:25:00,216,False,WATCH,WATCH,,,,,,,,,,WATCH_EDGE,B2026-07-01 11:41:00,replaced,,,,,,,,,2.0,next_choch,2026-08-27 13:02:00,-983.9,,,,,,
design-period_1m,ST5,-,2026-08-27 13:05:00,down,2026-08-27 13:02:00,B2026-07-01 10:34:00,B,24343.95,24363.95,34,9,40495.0,12,1885.0,False,True,RECYCLE,,B2026-07-01 10:34:00,230,True,WATCH,WATCH,,,,,,,,,,WATCH,B2026-07-01 10:34:00,cancelled:opposite_leave,,,,,,,,,-17.0,stop_loss,2026-08-27 13:12:00,-2218.71,,,,,,
design-period_1m,ST5,-,2026-08-27 13:14:00,up,2026-08-27 13:12:00,B2026-07-01 12:19:00,B,24365.35,24385.35,55,2,7670.0,12,1365.0,False,True,LEAVE,B2026-07-01 10:34:00,B2026-07-01 12:19:00,239,False,WATCH,WATCH,leave_into_recycle,,leave_into_recycle,,B2026-07-01 12:19:00,55,REJECT,True,normal,WATCH,B2026-07-01 12:19:00,cancelled:opposite_leave,,,,,,,,,-8.4,next_choch,2026-08-27 13:29:00,-1659.97,,,,,,
design-period_1m,ST5,-,2026-08-27 13:31:00,down,2026-08-27 13:29:00,B2026-07-01 13:25:00,B,24354.0,24374.0,35,14,31720.0,9,1430.0,False,True,PENDING,,B2026-07-01 11:41:00,256,True,WATCH,REENTER,,,,,,,,,,WATCH_EDGE,B2026-07-01 13:25:00,reenter,watch_edge,reenter_close,2026-08-27 13:32:00,1,11.8,1,1,setup,-16.0,next_choch,2026-08-27 13:38:00,-2153.66,REENTER,2026-08-27 13:32:00,-18.8,next_choch,2026-08-27 13:38:00,-2335.62
design-period_1m,ST5,-,2026-08-27 13:39:00,up,2026-08-27 13:38:00,B2026-07-01 10:34:00,B,24343.95,24363.95,35,6,9945.0,12,1885.0,False,True,RECYCLE,,B2026-07-01 10:34:00,264,True,WATCH,WATCH,,,,,,,,,,WATCH,B2026-07-01 10:34:00,replaced,,,,,,,,,-13.7,stop_loss,2026-08-27 13:42:00,-2004.22,,,,,,
design-period_1m,ST5,-,2026-08-27 13:43:00,down,2026-08-27 13:42:00,B2026-07-01 10:34:00,B,24343.95,24363.95,35,9,17030.0,12,1885.0,False,True,PENDING,,B2026-07-01 11:41:00,268,True,WATCH,REENTER,,,,,,,,,,WATCH_EDGE,B2026-07-01 10:34:00,reenter,watch_edge,reenter_close,2026-08-27 13:44:00,1,3.85,1,1,setup,19.2,next_choch,2026-08-27 14:17:00,134.5,REENTER,2026-08-27 13:44:00,18.1,next_choch,2026-08-27 14:17:00,63.02
design-period_1m,ST5,-,2026-08-27 14:19:00,up,2026-08-27 14:17:00,B2026-07-01 10:04:00,B,24307.95,24327.95,52,2,3965.0,14,5070.0,False,True,LEAVE,A2026-07-09 09:44:00,B2026-07-01 10:04:00,304,True,WATCH,WATCH,leave_into_recycle,,leave_into_recycle,,B2026-07-01 10:04:00,52,RECYCLE,True,normal,WATCH,B2026-07-01 10:04:00,armed_expired:back_inside,,,,,,,,,6.0,next_choch,2026-08-27 14:45:00,-723.36,,,,,,
design-period_1m,ST5,-,2026-08-27 15:05:00,down,2026-08-27 15:04:00,B2026-07-01 11:10:00,B,24319.5,24339.5,45,36,154375.0,9,390.0,False,True,PENDING,,B2026-07-01 10:04:00,350,True,BLOCK,BLOCK,hunt_fade,,,,,,,,,,,,,,,,,,,,-1.9,next_choch,2026-08-27 15:10:00,-1236.68,,,,,,
design-period_1m,ST5,-,2026-08-27 15:15:00,down,2026-08-27 15:12:00,A2026-07-09 09:44:00,A,24293.1,24313.1,47,1,10985.0,3,585.0,False,True,LEAVE,B2026-07-01 10:04:00,A2026-07-09 09:44:00,360,True,WATCH,WATCH,,,leave_vol_fail,,A2026-07-09 09:44:00,47,RECYCLE,False,normal,WATCH,A2026-07-09 09:44:00,armed_expired:session_end,,,,,,,,,8.1,next_choch,2026-08-28 09:17:00,-586.38,,,,,,
design-period_1m,ST5,-,2026-08-28 09:25:00,up,2026-08-28 09:17:00,B2026-07-01 10:04:00,B,24307.95,24327.95,54,1,11115.0,14,5070.0,False,True,LEAVE,B2026-07-01 09:47:00,B2026-07-01 10:04:00,10,False,WATCH,WATCH,,,leave_vol_fail,,B2026-07-01 10:04:00,54,RECYCLE,False,normal,WATCH,B2026-07-01 10:04:00,armed_expired:back_inside,,,,,,,,,-43.7,stop_loss,2026-08-28 11:35:00,-3953.06,,,,,,
design-period_1m,ST5,-,2026-08-28 11:54:00,down,2026-08-28 11:35:00,B2026-07-01 09:47:00,B,24275.1,24295.1,36,19,102375.0,15,5395.0,False,True,PENDING,,B2026-07-14 14:26:00,159,True,WATCH,REENTER,,,,,,,,,,WATCH_EDGE,B2026-07-01 09:47:00,reenter,watch_edge,reenter_close,2026-08-28 11:55:00,1,7.1,1,1,setup,-15.0,stop_loss,2026-08-28 13:22:00,-2087.37,REENTER,2026-08-28 11:55:00,-17.0,stop_loss,2026-08-28 13:22:00,-2217.35
design-period_1m,ST5,-,2026-08-28 13:40:00,up,2026-08-28 13:34:00,B2026-07-01 09:47:00,B,24275.1,24295.1,37,19,58760.0,15,5395.0,False,True,PENDING,,A2026-07-09 09:44:00,265,True,WATCH,WATCH,,,,,,,,,,WATCH_EDGE,B2026-07-01 09:47:00,armed_expired:back_inside,,,,,,,,,-14.0,stop_loss,2026-08-28 13:48:00,-2022.65,,,,,,
design-period_1m,ST5,-,2026-08-28 13:59:00,up,2026-08-28 13:58:00,B2026-07-01 09:47:00,B,24275.1,24295.1,37,38,89635.0,15,5395.0,False,True,ACCEPTED,,B2026-07-01 09:47:00,284,True,WATCH,WATCH,,,accepted_no_defend,,,,,,,WATCH,B2026-07-01 09:47:00,replaced,,,,,,,,,-10.5,stop_loss,2026-08-28 14:07:00,-1795.04,,,,,,
design-period_1m,ST5,-,2026-08-28 14:29:00,up,2026-08-28 14:21:00,B2026-07-01 09:47:00,B,24275.1,24295.1,37,67,175630.0,15,5395.0,False,True,PENDING,,A2026-07-09 09:44:00,314,True,WATCH,WATCH,,,,,,,,,,WATCH_EDGE,B2026-07-01 09:47:00,armed_expired:session_end,,,,,,,,,-6.7,next_choch,2026-08-28 15:02:00,-1548.23,,,,,,
design-period_1m,ST5,-,2026-08-28 15:28:00,up,2026-08-28 15:11:00,B2026-07-01 11:41:00,B,24333.2,24353.2,33,8,119210.0,9,1495.0,False,True,LEAVE,B2026-07-01 11:10:00,B2026-07-01 11:41:00,373,False,BLOCK,BLOCK,clock,,,,B2026-07-01 11:41:00,33,RECYCLE,True,normal,,,,,,,,,,,,-146.8,stop_loss,2026-08-31 09:15:00,-10653.58,,,,,,
design-period_1m,ST5,-,2026-08-31 09:26:00,down,2026-08-31 09:15:00,B2026-07-22 12:36:00,B,24195.0,24215.0,15,9,161395.0,11,7865.0,False,True,LEAVE,B2026-07-01 11:41:00,A2026-07-23 09:27:00,11,False,TAKE,TAKE,,leave,,,A2026-07-23 09:27:00,3,ACCEPTED,True,gap,,,,,setup_close,2026-08-31 09:26:00,0,,,,,-10.5,next_choch,2026-08-31 11:35:00,-1793.53,TAKE,2026-08-31 09:26:00,-10.5,next_choch,2026-08-31 11:35:00,-1793.53
design-period_1m,ST5,-,2026-08-31 11:42:00,up,2026-08-31 11:35:00,B2026-07-22 12:36:00,B,24195.0,24215.0,17,7,41795.0,11,7865.0,False,True,RECYCLE,,B2026-07-22 12:36:00,147,True,WATCH,WATCH,,,,,,,,,,WATCH,B2026-07-22 12:36:00,replaced,,,,,,,,,23.1,next_choch,2026-08-31 14:04:00,389.86,,,,,,
design-period_1m,ST5,-,2026-08-31 14:05:00,down,2026-08-31 14:04:00,A2026-07-01 09:27:00,A,24230.7,24250.7,36,5,21905.0,2,19240.0,False,True,LEAVE,B2026-07-01 09:26:00,A2026-07-01 09:18:00,290,True,WATCH,WATCH,leave_into_recycle,,leave_into_recycle,,A2026-07-01 09:18:00,33,RECYCLE,True,normal,WATCH,A2026-07-01 09:18:00,cancelled:opposite_leave,,,,,,,,,-13.5,next_choch,2026-08-31 14:35:00,-1988.95,,,,,,
design-period_1m,ST5,-,2026-08-31 14:39:00,up,2026-08-31 14:35:00,B2026-07-22 10:41:00,B,24220.05,24240.05,24,33,123045.0,9,3250.0,False,True,PENDING,,A2026-07-01 09:27:00,324,True,WATCH,REENTER,,,,,,,,,,WATCH_EDGE,B2026-07-22 10:41:00,reenter,watch_edge,reenter_close,2026-08-31 14:40:00,1,6.55,1,1,setup,6.5,next_choch,2026-08-31 15:05:00,-689.43,REENTER,2026-08-31 14:40:00,0.7,next_choch,2026-08-31 15:05:00,-1066.44
design-period_1m,ST5,-,2026-09-01 09:22:00,down,2026-09-01 09:15:00,A2026-07-23 09:27:00,A,24180.0,24200.0,10,6,100750.0,1,195.0,False,True,LEAVE,B2026-07-01 09:26:00,B2026-07-08 15:17:00,7,False,WATCH,WATCH,,,leave_vol_fail,,B2026-07-08 15:17:00,15,ACCEPTED,False,gap,WATCH,B2026-07-08 15:17:00,cancelled:opposite_leave,,,,,,,,,-18.4,next_choch,2026-09-01 10:48:00,-2306.81,,,,,,
design-period_1m,ST5,-,2026-09-01 10:50:00,up,2026-09-01 10:48:00,A2026-07-23 09:27:00,A,24180.0,24200.0,11,26,146835.0,1,195.0,False,True,PENDING,,B2026-07-22 12:36:00,95,True,WATCH,WATCH,,,,,,,,,,WATCH_EDGE,A2026-07-23 09:27:00,armed_expired:opposite_leave,,,,,,,,,44.0,next_choch,2026-09-01 12:51:00,1748.21,,,,,,
design-period_1m,ST5,-,2026-09-01 12:54:00,down,2026-09-01 12:51:00,B2026-07-01 09:26:00,B,24247.25,24267.25,41,12,15730.0,18,8645.0,False,True,PENDING,,A2026-07-01 09:27:00,219,True,BLOCK,BLOCK,hunt_fade,,,,,,,,,,,,,,,,,,,,202.6,next_choch,2026-09-02 14:32:00,12057.71,,,,,,
design-period_1m,ST5,-,2026-09-02 14:33:00,up,2026-09-02 14:32:00,B2026-07-23 14:52:00,B,24022.0,24042.0,5,3,29510.0,15,6890.0,False,True,LEAVE,B2026-07-24 12:52:00,B2026-07-23 13:10:00,318,True,WATCH,WATCH,leave_into_recycle,,leave_into_recycle,,B2026-07-23 13:10:00,7,RECYCLE,True,normal,WATCH,B2026-07-23 13:10:00,cancelled:opposite_leave,,,,,,,,,-21.3,next_choch,2026-09-02 14:43:00,-2492.71,,,,,,
design-period_1m,ST5,-,2026-09-02 14:44:00,down,2026-09-02 14:43:00,B2026-07-23 14:52:00,B,24022.0,24042.0,5,12,87360.0,15,6890.0,False,True,PENDING,,B2026-07-24 12:52:00,329,True,WATCH,WATCH,,,,,,,,,,WATCH_EDGE,B2026-07-23 14:52:00,armed_expired:back_inside,,,,,,,,,12.3,next_choch,2026-09-02 15:22:00,-308.53,,,,,,
design-period_1m,ST5,-,2026-09-02 15:26:00,down,2026-09-02 15:25:00,B2026-07-24 13:28:00,B,23996.1,24016.1,11,16,115765.0,9,2015.0,False,True,ACCEPTED,,B2026-07-24 13:28:00,371,True,BLOCK,BLOCK,clock,,,,,,,,,,,,,,,,,,,,-108.3,stop_loss,2026-09-03 09:15:00,-8147.51,,,,,,
design-period_1m,ST5,-,2026-09-03 09:16:00,up,2026-09-03 09:15:00,B2026-07-27 10:05:00,B,24120.0,24140.0,5,1,57005.0,9,5395.0,False,True,LEAVE,B2026-07-24 13:28:00,B2026-07-27 10:05:00,1,False,BLOCK,BLOCK,open_pierce,,,,B2026-07-27 10:05:00,5,RECYCLE,True,gap,,,,,,,,,,,,-23.0,next_choch,2026-09-03 09:22:00,-2604.5,,,,,,
design-period_1m,ST5,-,2026-09-03 09:24:00,down,2026-09-03 09:22:00,B2026-07-23 12:39:00,B,24085.5,24105.5,7,6,111670.0,10,24765.0,False,True,LEAVE,B2026-07-27 10:05:00,B2026-09-01 14:45:00,9,True,BLOCK,BLOCK,open_pierce,,,,B2026-09-01 14:45:00,3,ACCEPTED,False,normal,,,,,,,,,,,,-28.6,stop_loss,2026-09-03 09:30:00,-2968.14,,,,,,
design-period_1m,ST5,-,2026-09-03 09:33:00,up,2026-09-03 09:30:00,A2026-09-02 09:15:00,A,24100.9,24120.9,2,4,43615.0,1,11505.0,False,False,LEAVE,B2026-09-01 14:45:00,A2026-09-02 09:15:00,18,True,WATCH,WATCH,,,leave_vol_fail,,A2026-09-02 09:15:00,2,RECYCLE,False,normal,WATCH,A2026-09-02 09:15:00,replaced,,,,,,,,,17.9,next_choch,2026-09-03 10:13:00,53.58,,,,,,
design-period_1m,ST5,-,2026-09-03 10:15:00,down,2026-09-03 10:13:00,B2026-07-27 10:05:00,B,24120.0,24140.0,7,14,45305.0,9,5395.0,False,True,PENDING,,A2026-09-02 09:15:00,60,True,WATCH,WATCH,,,,,,,,,,WATCH_EDGE,B2026-07-27 10:05:00,armed_expired:back_inside,,,,,,,,,21.3,next_choch,2026-09-03 11:35:00,274.84,,,,,,
design-period_1m,ST5,-,2026-09-03 11:47:00,down,2026-09-03 11:41:00,B2026-09-01 14:45:00,B,24075.0,24095.0,7,6,17160.0,9,84370.0,False,False,LEAVE,B2026-07-23 12:39:00,B2026-09-01 14:45:00,152,True,WATCH,WATCH,leave_into_recycle,,leave_into_recycle,,B2026-09-01 14:45:00,7,THIN,True,normal,WATCH,B2026-09-01 14:45:00,reenter,,,,,,,,,33.9,next_choch,2026-09-03 12:54:00,1094.58,,,,,,
design-period_1m,ST5,-,2026-09-03 13:02:00,down,2026-09-03 13:01:00,B2026-07-23 14:52:00,B,24022.0,24042.0,7,42,272220.0,15,6890.0,False,True,ACCEPTED,,B2026-07-23 14:52:00,227,True,REENTER,REENTER,,watch,,,,,,,,,,,watch,setup_close,2026-09-03 13:02:00,0,46.3,71,69,setup,-16.3,stop_loss,2026-09-03 13:05:00,-2167.75,REENTER,2026-09-03 13:02:00,-16.3,stop_loss,2026-09-03 13:05:00,-2167.75
design-period_1m,ST5,-,2026-09-03 13:11:00,up,2026-09-03 13:05:00,B2026-07-23 13:10:00,B,24038.45,24058.45,10,1,2340.0,9,5005.0,False,True,LEAVE,B2026-07-23 14:52:00,B2026-07-23 13:10:00,236,True,WATCH,WATCH,,,leave_vol_fail,,B2026-07-23 13:10:00,10,REJECT,False,normal,WATCH,B2026-07-23 13:10:00,cancelled:opposite_leave,,,,,,,,,-10.0,next_choch,2026-09-03 13:21:00,-1758.37,,,,,,
design-period_1m,ST5,-,2026-09-03 13:23:00,down,2026-09-03 13:21:00,B2026-07-23 14:52:00,B,24022.0,24042.0,8,3,13000.0,15,6890.0,False,True,LEAVE,B2026-07-23 13:10:00,B2026-07-23 14:52:00,248,True,WATCH,WATCH,leave_into_recycle,,leave_into_recycle,,B2026-07-23 14:52:00,8,REJECT,True,normal,WATCH,B2026-07-23 14:52:00,armed_expired:back_inside,,,,,,,,,-19.9,stop_loss,2026-09-03 13:33:00,-2401.78,,,,,,
design-period_1m,ST5,-,2026-09-03 14:29:00,up,2026-09-03 14:20:00,B2026-07-23 14:52:00,B,24022.0,24042.0,11,28,42055.0,15,6890.0,False,True,ACCEPTED,,B2026-07-23 14:52:00,314,True,WATCH,WATCH,,,accepted_no_defend,,,,,,,WATCH,B2026-07-23 14:52:00,replaced,,,,,,,,,-14.9,stop_loss,2026-09-03 14:40:00,-2076.7,,,,,,
design-period_1m,ST5,-,2026-09-03 14:43:00,down,2026-09-03 14:40:00,B2026-07-23 14:52:00,B,24022.0,24042.0,11,42,100685.0,15,6890.0,False,True,ACCEPTED,,B2026-07-23 14:52:00,328,True,WATCH,WATCH,,,accepted_no_defend,,,,,,,WATCH,B2026-07-23 14:52:00,armed_expired:back_inside,,,,,,,,,7.1,next_choch,2026-09-03 14:56:00,-646.58,,,,,,
design-period_1m,ST5,-,2026-09-03 15:07:00,down,2026-09-03 15:05:00,B2026-07-24 13:28:00,B,23996.1,24016.1,12,1,11635.0,9,2015.0,False,True,LEAVE,B2026-07-24 12:52:00,B2026-07-24 13:28:00,352,True,WATCH,WATCH,,,leave_vol_fail,,B2026-07-24 13:28:00,12,RECYCLE,False,normal,WATCH,B2026-07-24 13:28:00,armed_expired:session_end,,,,,,,,,-24.0,stop_loss,2026-09-04 09:15:00,-2667.81,,,,,,
design-period_1m,ST5,-,2026-09-04 09:45:00,up,2026-09-04 09:40:00,B2026-07-23 14:52:00,B,24022.0,24042.0,12,15,129090.0,15,6890.0,False,True,PENDING,,B2026-07-23 13:10:00,30,True,WATCH,REENTER,,,,,,,,,,WATCH_EDGE,B2026-07-23 14:52:00,reenter,watch_edge,reenter_close,2026-09-04 09:46:00,1,8.0,1,1,setup,32.0,next_choch,2026-09-04 12:12:00,971.0,REENTER,2026-09-04 09:46:00,30.0,next_choch,2026-09-04 12:12:00,841.0
design-period_1m,ST5,-,2026-09-04 12:13:00,down,2026-09-04 12:12:00,B2026-09-01 14:45:00,B,24075.0,24095.0,11,12,43550.0,9,84370.0,False,False,LEAVE,A2026-09-02 09:15:00,B2026-09-01 14:45:00,178,True,WATCH,WATCH,,,leave_vol_fail,,B2026-09-01 14:45:00,11,RECYCLE,False,normal,WATCH,B2026-09-01 14:45:00,replaced,,,,,,,,,9.5,next_choch,2026-09-04 12:49:00,-491.47,,,,,,
design-period_1m,ST5,-,2026-09-04 12:53:00,up,2026-09-04 12:49:00,B2026-07-23 12:51:00,B,24048.5,24068.5,18,27,93925.0,10,17550.0,False,True,ACCEPTED,,B2026-07-23 12:51:00,218,True,WATCH,WATCH,,,accepted_no_defend,,,,,,,WATCH,B2026-07-23 12:51:00,cancelled:opposite_take,,,,,,,,,-12.0,stop_loss,2026-09-04 12:56:00,-1888.71,,,,,,
design-period_1m,ST5,-,2026-09-04 12:57:00,down,2026-09-04 12:56:00,B2026-07-23 12:51:00,B,24048.5,24068.5,18,31,117130.0,10,17550.0,False,True,ACCEPTED,,B2026-07-23 12:51:00,222,True,TAKE,TAKE,,defend,,,,,,,,,,,,setup_close,2026-09-04 12:57:00,0,,,,,-16.7,stop_loss,2026-09-04 13:10:00,-2194.14,TAKE,2026-09-04 12:57:00,-16.7,stop_loss,2026-09-04 13:10:00,-2194.14
design-period_1m,ST5,-,2026-09-04 13:16:00,up,2026-09-04 13:10:00,B2026-07-23 15:10:00,B,24062.6,24082.6,10,6,12740.0,9,3445.0,False,True,LEAVE,B2026-07-23 12:51:00,B2026-07-23 15:10:00,241,True,WATCH,WATCH,,,leave_vol_fail,,B2026-07-23 15:10:00,10,RECYCLE,False,normal,WATCH,B2026-07-23 15:10:00,armed_expired:back_inside,,,,,,,,,-21.0,next_choch,2026-09-04 13:32:00,-2473.8,,,,,,
design-period_1m,ST5,-,2026-09-04 13:33:00,down,2026-09-04 13:32:00,B2026-07-23 12:51:00,B,24048.5,24068.5,19,1,3445.0,10,17550.0,False,True,LEAVE,B2026-07-23 15:10:00,B2026-07-23 12:51:00,258,True,WATCH,WATCH,leave_into_recycle,,leave_into_recycle,,B2026-07-23 12:51:00,19,RECYCLE,True,normal,WATCH,B2026-07-23 12:51:00,replaced,,,,,,,,,-12.9,stop_loss,2026-09-04 13:39:00,-1947.23,,,,,,
design-period_1m,ST5,-,2026-09-04 13:40:00,up,2026-09-04 13:39:00,B2026-07-23 12:51:00,B,24048.5,24068.5,19,7,10270.0,10,17550.0,False,True,PENDING,,B2026-07-23 15:10:00,265,False,WATCH,WATCH,,,,,,,,,,WATCH_EDGE,B2026-07-23 12:51:00,replaced,,,,,,,,,2.7,next_choch,2026-09-04 13:49:00,-933.48,,,,,,
design-period_1m,ST5,-,2026-09-04 13:51:00,down,2026-09-04 13:49:00,B2026-07-23 15:10:00,B,24062.6,24082.6,12,5,7280.0,9,3445.0,False,True,PENDING,,B2026-07-23 12:51:00,276,True,WATCH,WATCH,,,,,,,,,,WATCH_EDGE,B2026-07-23 15:10:00,replaced,,,,,,,,,-0.5,next_choch,2026-09-04 14:03:00,-1141.24,,,,,,
design-period_1m,ST5,-,2026-09-04 14:06:00,up,2026-09-04 14:03:00,B2026-07-23 15:10:00,B,24062.6,24082.6,14,1,910.0,9,3445.0,False,True,LEAVE,B2026-07-23 12:51:00,B2026-07-23 15:10:00,291,True,WATCH,WATCH,leave_into_recycle,,leave_into_recycle,,B2026-07-23 15:10:00,14,REJECT,True,normal,WATCH,B2026-07-23 15:10:00,armed_expired:back_inside,,,,,,,,,-9.9,next_choch,2026-09-04 14:39:00,-1752.32,,,,,,
design-period_1m,ST5,-,2026-09-04 14:44:00,down,2026-09-04 14:39:00,B2026-07-23 15:10:00,B,24062.6,24082.6,15,6,9230.0,9,3445.0,False,True,LEAVE,B2026-09-01 14:45:00,B2026-07-23 12:51:00,329,True,WATCH,WATCH,,,leave_vol_fail,,B2026-07-23 12:51:00,21,RECYCLE,False,normal,WATCH,B2026-07-23 12:51:00,armed_expired:session_end,,,,,,,,,-11.6,stop_loss,2026-09-04 14:50:00,-1862.75,,,,,,
design-period_1m,ST5,-,2026-09-04 15:22:00,down,2026-09-04 15:20:00,B2026-07-23 13:10:00,B,24038.45,24058.45,15,2,10530.0,9,5005.0,False,True,LEAVE,B2026-07-23 12:51:00,B2026-07-23 13:10:00,367,True,BLOCK,BLOCK,clock,,,,B2026-07-23 13:10:00,15,RECYCLE,True,normal,,,,,,,,,,,,854.3,open,2026-09-25 15:29:00,54423.41,,,,,,
unseen-test_1m,ST5,-,2026-07-08 09:34:00,down,2026-07-08 09:30:00,B2026-07-02 14:48:00,B,24507.5,24527.5,5,2,1430.0,15,6565.0,True,True,RECYCLE,,B2026-07-02 14:48:00,19,True,WATCH,WATCH,,,,,,,,,,WATCH,B2026-07-02 14:48:00,armed_expired:back_inside,,,,,,,,,-14.6,stop_loss,2026-07-08 09:42:00,-2065.56,,,,,,
unseen-test_1m,ST5,-,2026-07-08 10:12:00,up,2026-07-08 10:11:00,A2026-07-08 10:05:00,A,24530.0,24550.0,2,3,3510.0,8,2925.0,True,True,LEAVE,B2026-07-02 14:48:00,A2026-07-08 10:05:00,57,True,WATCH,WATCH,leave_into_recycle,,leave_into_recycle,,A2026-07-08 10:05:00,2,RECYCLE,,normal,WATCH,A2026-07-08 10:05:00,cancelled:opposite_leave,,,,,,,,,-23.0,stop_loss,2026-07-08 10:14:00,-2611.79,,,,,,
unseen-test_1m,ST5,-,2026-07-08 10:24:00,down,2026-07-08 10:14:00,A2026-07-08 10:05:00,A,24530.0,24550.0,3,7,910.0,8,2925.0,True,True,PENDING,,B2026-07-02 14:48:00,69,False,WATCH,REENTER,,,,,,,,,,WATCH_EDGE,A2026-07-08 10:05:00,reenter,watch_edge,reenter_close,2026-07-08 10:25:00,1,10.0,1,1,fill,-25.0,stop_loss,2026-07-08 10:31:00,-2741.76,REENTER,2026-07-08 10:25:00,-15.1,stop_loss,2026-07-08 10:30:00,-2098.15
unseen-test_1m,ST5,-,2026-07-08 10:37:00,up,2026-07-08 10:31:00,A2026-07-08 10:05:00,A,24530.0,24550.0,4,4,65.0,8,2925.0,True,True,PENDING,,A2026-07-08 09:54:00,82,True,WATCH,REENTER,,,,,,,,,,WATCH_EDGE,A2026-07-08 10:05:00,reenter,watch_edge,reenter_close,2026-07-08 10:38:00,1,14.0,1,1,fill,-8.1,next_choch,2026-07-08 11:40:00,-1643.65,REENTER,2026-07-08 10:38:00,-14.0,next_choch,2026-07-08 11:40:00,-2027.16
unseen-test_1m,ST5,-,2026-07-08 11:44:00,down,2026-07-08 11:40:00,A2026-07-08 09:54:00,A,24550.0,24570.0,7,8,845.0,4,910.0,True,True,LEAVE,B2026-07-08 11:27:00,A2026-07-08 10:05:00,149,True,WATCH,WATCH,leave_into_recycle,,leave_into_recycle,,A2026-07-08 10:05:00,4,RECYCLE,,normal,WATCH,A2026-07-08 10:05:00,cancelled:opposite_leave,,,,,,,,,-11.6,stop_loss,2026-07-08 11:48:00,-1871.02,,,,,,
unseen-test_1m,ST5,-,2026-07-09 09:28:00,up,2026-07-09 09:24:00,B2026-07-01 09:47:00,B,24275.1,24295.1,4,4,2925.0,15,5395.0,True,True,PENDING,,,13,True,BLOCK,BLOCK,hunt_fade,,,,,,,,,,,,,,,,,,,,-16.0,stop_loss,2026-07-09 09:32:00,-2152.62,,,,,,
unseen-test_1m,ST5,-,2026-07-09 09:35:00,up,2026-07-09 09:34:00,B2026-07-01 10:04:00,B,24307.95,24327.95,8,1,260.0,14,5070.0,True,True,LEAVE,B2026-07-01 09:47:00,B2026-07-01 10:04:00,20,True,BLOCK,BLOCK,hunt_fade,,,,B2026-07-01 10:04:00,8,RECYCLE,,normal,,,,,,,,,,,,-20.7,next_choch,2026-07-09 09:58:00,-2458.42,,,,,,
unseen-test_1m,ST5,-,2026-07-09 10:01:00,up,2026-07-09 10:00:00,B2026-07-01 11:41:00,B,24333.2,24353.2,4,1,585.0,9,1495.0,True,True,LEAVE,A2026-07-09 09:44:00,B2026-07-01 11:41:00,46,False,WATCH,WATCH,leave_into_recycle,,leave_into_recycle,,B2026-07-01 11:41:00,4,RECYCLE,,normal,WATCH,B2026-07-01 11:41:00,cancelled:opposite_leave,,,,,,,,,-24.3,next_choch,2026-07-09 10:14:00,-2692.68,,,,,,
unseen-test_1m,ST5,-,2026-07-09 10:15:00,down,2026-07-09 10:14:00,B2026-07-01 10:04:00,B,24307.95,24327.95,11,1,65.0,14,5070.0,True,True,LEAVE,B2026-07-01 11:10:00,B2026-07-01 10:04:00,60,True,WATCH,WATCH,leave_into_recycle,,leave_into_recycle,,B2026-07-01 10:04:00,11,RECYCLE,,normal,WATCH,B2026-07-01 10:04:00,armed_expired:opposite_leave,,,,,,,,,-22.8,stop_loss,2026-07-09 10:41:00,-2595.17,,,,,,
unseen-test_1m,ST5,-,2026-07-09 10:42:00,up,2026-07-09 10:41:00,,,,,,,,,,True,,LEAVE,B2026-07-01 09:47:00,,87,,TAKE,TAKE,,leave,,,,,,,normal,,,,,setup_close,2026-07-09 10:42:00,0,,,,,-112.9,stop_loss,2026-07-09 11:00:00,-8451.44,TAKE,2026-07-09 10:42:00,-112.9,stop_loss,2026-07-09 11:00:00,-8451.44
unseen-test_1m,ST5,-,2026-07-09 11:01:00,down,2026-07-09 11:00:00,B2026-07-01 09:47:00,B,24275.1,24295.1,9,1,455.0,15,5395.0,True,True,LEAVE,A2026-07-09 09:44:00,B2026-07-01 09:47:00,106,True,WATCH,WATCH,leave_into_recycle,,leave_into_recycle,,B2026-07-01 09:47:00,9,RECYCLE,,normal,WATCH,B2026-07-01 09:47:00,cancelled:opposite_leave,,,,,,,,,-26.1,stop_loss,2026-07-09 11:05:00,-2809.01,,,,,,
unseen-test_1m,ST5,-,2026-07-09 12:03:00,up,2026-07-09 11:59:00,B2026-07-01 11:41:00,B,24333.2,24353.2,6,4,520.0,9,1495.0,True,True,LEAVE,B2026-07-01 11:10:00,B2026-07-01 11:41:00,168,True,BLOCK,BLOCK,hunt_fade,,,,B2026-07-01 11:41:00,6,RECYCLE,,normal,,,,,,,,,,,,-1.5,stop_loss,2026-07-09 12:07:00,-1211.18,,,,,,
unseen-test_1m,ST5,-,2026-07-09 12:40:00,down,2026-07-09 12:35:00,B2026-07-01 11:10:00,B,24319.5,24339.5,12,6,195.0,9,390.0,True,True,LEAVE,B2026-07-01 10:34:00,B2026-07-01 11:10:00,205,False,WATCH,WATCH,leave_into_recycle,,leave_into_recycle,,B2026-07-01 11:10:00,12,RECYCLE,,normal,WATCH,B2026-07-01 11:10:00,armed_expired:opposite_leave,,,,,,,,,-26.3,next_choch,2026-07-09 12:55:00,-2822.76,,,,,,
unseen-test_1m,ST5,-,2026-07-09 13:29:00,down,2026-07-09 13:28:00,B2026-07-01 10:04:00,B,24307.95,24327.95,14,1,260.0,14,5070.0,True,True,LEAVE,B2026-07-01 11:41:00,B2026-07-01 10:04:00,254,True,BLOCK,BLOCK,hunt_fade,,,,B2026-07-01 10:04:00,14,RECYCLE,,normal,,,,,,,,,,,,-18.9,stop_loss,2026-07-09 13:35:00,-2341.66,,,,,,
unseen-test_1m,ST5,-,2026-07-09 13:38:00,up,2026-07-09 13:35:00,B2026-07-01 10:34:00,B,24343.95,24363.95,19,3,585.0,12,1885.0,True,True,LEAVE,B2026-07-01 11:10:00,B2026-07-01 10:34:00,263,False,WATCH,WATCH,leave_into_recycle,,leave_into_recycle,,B2026-07-01 10:34:00,19,RECYCLE,,normal,WATCH,B2026-07-01 10:34:00,cancelled:opposite_leave,,,,,,,,,-25.7,stop_loss,2026-07-09 13:52:00,-2783.93,,,,,,
unseen-test_1m,ST5,-,2026-07-09 13:56:00,down,2026-07-09 13:52:00,B2026-07-01 11:10:00,B,24319.5,24339.5,15,3,195.0,9,390.0,True,True,HUNT,,B2026-07-01 11:10:00,281,True,WATCH,WATCH,,,,,,,,,,WATCH,B2026-07-01 11:10:00,armed_expired:back_inside,,,,,,,,,-99.2,stop_loss,2026-07-10 09:15:00,-7561.56,,,,,,
unseen-test_1m,ST5,-,2026-07-10 09:16:00,up,2026-07-10 09:15:00,B2026-07-02 10:31:00,B,24429.85,24449.85,6,1,3185.0,11,1040.0,True,True,LEAVE,B2026-07-01 09:26:00,B2026-07-02 10:31:00,1,False,BLOCK,BLOCK,open_pierce,,,,B2026-07-02 10:31:00,6,RECYCLE,,gap,,,,,,,,,,,,0.0,next_choch,2026-07-10 11:16:00,-1115.24,,,,,,
unseen-test_1m,ST5,-,2026-07-10 11:37:00,up,2026-07-10 11:34:00,B2026-07-02 10:31:00,B,24429.85,24449.85,8,11,715.0,11,1040.0,True,True,PENDING,,B2026-07-02 09:32:00,142,True,WATCH,WATCH,,,,,,,,,,WATCH_EDGE,B2026-07-02 10:31:00,armed_expired:back_inside,,,,,,,,,-8.0,stop_loss,2026-07-10 11:38:00,-1635.3,,,,,,
unseen-test_1m,ST5,-,2026-07-10 12:01:00,up,2026-07-10 12:00:00,B2026-07-02 09:32:00,B,24446.6,24466.6,15,1,65.0,11,3965.0,True,True,LEAVE,B2026-07-02 10:31:00,B2026-07-02 09:32:00,166,True,WATCH,WATCH,leave_into_recycle,,leave_into_recycle,,B2026-07-02 09:32:00,15,RECYCLE,,normal,WATCH,B2026-07-02 09:32:00,cancelled:opposite_leave,,,,,,,,,-20.9,stop_loss,2026-07-10 12:12:00,-2473.71,,,,,,
unseen-test_1m,ST5,-,2026-07-10 12:26:00,up,2026-07-10 12:19:00,B2026-07-02 10:31:00,B,24429.85,24449.85,10,14,1040.0,11,1040.0,True,True,PENDING,,B2026-07-02 09:32:00,191,True,WATCH,WATCH,,,,,,,,,,WATCH_EDGE,B2026-07-02 10:31:00,replaced,,,,,,,,,-4.9,next_choch,2026-07-10 13:10:00,-1433.84,,,,,,
unseen-test_1m,ST5,-,2026-07-10 13:16:00,down,2026-07-10 13:10:00,B2026-07-02 09:32:00,B,24446.6,24466.6,17,3,130.0,11,3965.0,True,True,PENDING,,B2026-07-02 10:31:00,241,True,WATCH,WATCH,,,,,,,,,,WATCH_EDGE,B2026-07-02 09:32:00,armed_expired:back_inside,,,,,,,,,-13.3,next_choch,2026-07-10 13:34:00,-1979.86,,,,,,
unseen-test_1m,ST5,-,2026-07-10 13:40:00,up,2026-07-10 13:34:00,B2026-07-02 09:32:00,B,24446.6,24466.6,18,6,1560.0,11,3965.0,True,True,LEAVE,B2026-07-02 10:31:00,B2026-07-02 09:32:00,265,True,BLOCK,BLOCK,hunt_fade,,,,B2026-07-02 09:32:00,18,RECYCLE,,normal,,,,,,,,,,,,-28.0,stop_loss,2026-07-10 14:09:00,-2935.27,,,,,,
unseen-test_1m,ST5,-,2026-07-10 14:24:00,up,2026-07-10 14:23:00,B2026-07-02 09:54:00,B,24465.0,24485.0,9,1,130.0,17,4160.0,True,True,LEAVE,B2026-07-02 09:32:00,B2026-07-02 09:54:00,309,True,WATCH,WATCH,leave_into_recycle,,leave_into_recycle,,B2026-07-02 09:54:00,9,REJECT,,normal,WATCH,B2026-07-02 09:54:00,armed_expired:opposite_leave,,,,,,,,,-7.5,next_choch,2026-07-10 14:52:00,-1603.13,,,,,,
unseen-test_1m,ST5,-,2026-07-10 14:58:00,down,2026-07-10 14:52:00,B2026-07-02 09:32:00,B,24446.6,24466.6,20,5,715.0,11,3965.0,True,True,HUNT,,B2026-07-02 09:32:00,343,True,WATCH,WATCH,,,,,,,,,,WATCH,B2026-07-02 09:32:00,cancelled:opposite_leave,,,,,,,,,-13.8,next_choch,2026-07-10 15:00:00,-2012.55,,,,,,
unseen-test_1m,ST5,-,2026-07-10 15:26:00,up,2026-07-10 15:23:00,B2026-07-02 09:54:00,B,24465.0,24485.0,10,24,5525.0,17,4160.0,True,True,ACCEPTED,,B2026-07-02 09:54:00,371,True,BLOCK,BLOCK,clock,,,,,,,,,,,,,,,,,,,,-193.4,stop_loss,2026-07-13 09:15:00,-13684.14,,,,,,
unseen-test_1m,ST5,-,2026-07-13 09:49:00,up,2026-07-13 09:48:00,B2026-07-01 10:34:00,B,24343.95,24363.95,21,1,845.0,12,1885.0,True,True,LEAVE,B2026-07-01 11:10:00,B2026-07-01 10:34:00,34,False,WATCH,WATCH,leave_into_recycle,,leave_into_recycle,,B2026-07-01 10:34:00,21,RECYCLE,,normal,WATCH,B2026-07-01 10:34:00,armed_expired:back_inside,,,,,,,,,-19.7,stop_loss,2026-07-14 09:15:00,-2393.92,,,,,,
unseen-test_1m,ST5,-,2026-07-14 09:35:00,down,2026-07-14 09:30:00,B2026-07-01 12:19:00,B,24365.35,24385.35,18,11,4745.0,12,1365.0,True,True,PENDING,,B2026-07-01 13:25:00,20,True,WATCH,REENTER,,,,,,,,,,WATCH_EDGE,B2026-07-01 12:19:00,reenter,watch_edge,reenter_close,2026-07-14 09:36:00,1,9.85,1,1,setup,25.0,next_choch,2026-07-14 10:32:00,511.18,REENTER,2026-07-14 09:36:00,19.5,next_choch,2026-07-14 10:32:00,153.76
unseen-test_1m,ST5,-,2026-07-14 10:33:00,up,2026-07-14 10:32:00,B2026-07-01 11:41:00,B,24333.2,24353.2,12,1,260.0,9,1495.0,True,True,LEAVE,B2026-07-01 10:04:00,B2026-07-01 11:41:00,78,False,WATCH,WATCH,leave_into_recycle,,leave_into_recycle,,B2026-07-01 11:41:00,12,RECYCLE,,normal,WATCH,B2026-07-01 11:41:00,cancelled:opposite_leave,,,,,,,,,-16.7,stop_loss,2026-07-14 10:37:00,-2198.77,,,,,,
unseen-test_1m,ST5,-,2026-07-14 10:38:00,down,2026-07-14 10:37:00,B2026-07-01 11:10:00,B,24319.5,24339.5,21,2,520.0,9,390.0,True,True,LEAVE,B2026-07-01 11:41:00,A2026-07-09 09:44:00,83,True,WATCH,WATCH,leave_into_recycle,,leave_into_recycle,,A2026-07-09 09:44:00,16,RECYCLE,,normal,WATCH,A2026-07-09 09:44:00,cancelled:opposite_leave,,,,,,,,,-32.3,stop_loss,2026-07-14 10:49:00,-3212.59,,,,,,
unseen-test_1m,ST5,-,2026-07-14 10:52:00,up,2026-07-14 10:49:00,B2026-07-01 11:10:00,B,24319.5,24339.5,22,2,195.0,9,390.0,True,True,LEAVE,B2026-07-01 10:04:00,B2026-07-01 10:34:00,97,False,WATCH,WATCH,leave_into_recycle,,leave_into_recycle,,B2026-07-01 10:34:00,24,RECYCLE,,normal,WATCH,B2026-07-01 10:34:00,cancelled:opposite_leave,,,,,,,,,-4.6,next_choch,2026-07-14 11:37:00,-1412.66,,,,,,
unseen-test_1m,ST5,-,2026-07-14 11:38:00,down,2026-07-14 11:37:00,B2026-07-01 11:41:00,B,24333.2,24353.2,14,1,130.0,9,1495.0,True,True,LEAVE,B2026-07-01 13:25:00,B2026-07-01 11:41:00,143,True,BLOCK,BLOCK,hunt_fade,,,,B2026-07-01 11:41:00,14,RECYCLE,,normal,,,,,,,,,,,,-12.0,next_choch,2026-07-15 09:16:00,-1893.56,,,,,,
unseen-test_1m,ST5,-,2026-07-15 09:17:00,up,2026-07-15 09:16:00,B2026-07-01 10:34:00,B,24343.95,24363.95,27,1,910.0,12,1885.0,True,True,LEAVE,B2026-07-01 09:26:00,B2026-07-01 12:19:00,2,True,BLOCK,BLOCK,open_pierce,,,,B2026-07-01 12:19:00,18,ACCEPTED,,gap,,,,,,,,,,,,35.0,next_choch,2026-07-15 12:33:00,1160.45,,,,,,
unseen-test_1m,ST5,-,2026-07-15 12:36:00,down,2026-07-15 12:33:00,B2026-07-02 11:39:00,B,24402.5,24422.5,11,7,520.0,10,455.0,True,True,LEAVE,B2026-07-02 11:28:00,B2026-07-13 12:10:00,201,True,WATCH,WATCH,leave_into_recycle,,leave_into_recycle,,B2026-07-13 12:10:00,2,RECYCLE,,normal,WATCH,B2026-07-13 12:10:00,replaced,,,,,,,,,86.0,next_choch,2026-07-15 13:59:00,4475.66,,,,,,
unseen-test_1m,ST5,-,2026-07-15 14:00:00,up,2026-07-15 13:59:00,B2026-07-01 11:10:00,B,24319.5,24339.5,27,1,1300.0,9,390.0,True,True,LEAVE,A2026-07-09 09:44:00,B2026-07-01 11:10:00,285,False,WATCH,WATCH,leave_into_recycle,,leave_into_recycle,,B2026-07-01 11:10:00,27,RECYCLE,,normal,WATCH,B2026-07-01 11:10:00,cancelled:opposite_leave,,,,,,,,,-26.7,next_choch,2026-07-15 14:06:00,-2848.37,,,,,,
unseen-test_1m,ST5,-,2026-07-15 14:15:00,up,2026-07-15 14:08:00,B2026-07-01 10:04:00,B,24307.95,24327.95,29,12,4745.0,14,5070.0,True,True,PENDING,,B2026-07-01 11:10:00,300,True,WATCH,REENTER,,,,,,,,,,WATCH_EDGE,B2026-07-01 10:04:00,reenter,watch_edge,reenter_close,2026-07-15 14:16:00,1,3.45,1,1,setup,-15.0,next_choch,2026-07-15 14:51:00,-2088.19,REENTER,2026-07-15 14:16:00,-31.3,band_reclaim,2026-07-15 14:25:00,-3147.43
unseen-test_1m,ST5,-,2026-07-15 15:02:00,down,2026-07-15 14:51:00,B2026-07-01 10:04:00,B,24307.95,24327.95,32,1,0.0,14,5070.0,True,True,PENDING,,A2026-07-09 09:44:00,347,False,WATCH,REENTER,,,,,,,,,,WATCH_EDGE,B2026-07-01 10:04:00,reenter,watch_edge,reenter_close,2026-07-15 15:03:00,1,7.95,1,1,fill,-12.7,stop_loss,2026-07-15 15:25:00,-1938.47,REENTER,2026-07-15 15:03:00,-19.6,band_reclaim,2026-07-15 15:25:00,-2386.9
unseen-test_1m,ST5,-,2026-07-16 09:15:00,up,2026-07-15 15:29:00,B2026-07-01 10:04:00,B,24307.95,24327.95,33,9,1625.0,14,5070.0,True,True,PENDING,,B2026-07-01 12:19:00,0,True,BLOCK,BLOCK,open_pierce,,,,,,,,,,,,,,,,,,,,1.4,next_choch,2026-07-16 09:28:00,-1023.18,,,,,,
unseen-test_1m,ST5,-,2026-07-16 09:34:00,down,2026-07-16 09:28:00,B2026-07-01 12:19:00,B,24365.35,24385.35,23,2,520.0,12,1365.0,True,True,LEAVE,B2026-07-13 10:41:00,B2026-07-01 12:19:00,19,True,WATCH,WATCH,leave_into_recycle,,leave_into_recycle,,B2026-07-01 12:19:00,23,RECYCLE,,normal,WATCH,B2026-07-01 12:19:00,armed_expired:opposite_leave,,,,,,,,,-19.6,next_choch,2026-07-16 09:56:00,-2388.11,,,,,,
unseen-test_1m,ST5,-,2026-07-16 09:59:00,up,2026-07-16 09:56:00,B2026-07-13 10:41:00,B,24380.5,24400.5,12,3,260.0,9,1755.0,True,True,LEAVE,B2026-07-01 12:19:00,B2026-07-13 10:41:00,44,True,WATCH,WATCH,leave_into_recycle,,leave_into_recycle,,B2026-07-13 10:41:00,12,RECYCLE,,normal,WATCH,B2026-07-13 10:41:00,cancelled:opposite_leave,,,,,,,,,-26.8,next_choch,2026-07-16 10:21:00,-2856.15,,,,,,
unseen-test_1m,ST5,-,2026-07-16 10:27:00,down,2026-07-16 10:21:00,B2026-07-01 12:19:00,B,24365.35,24385.35,25,19,325.0,12,1365.0,True,True,PENDING,,B2026-07-01 13:25:00,72,True,WATCH,WATCH,,,,,,,,,,WATCH_EDGE,B2026-07-01 12:19:00,armed_expired:back_inside,,,,,,,,,-25.2,next_choch,2026-07-16 10:41:00,-2751.94,,,,,,
unseen-test_1m,ST5,-,2026-07-16 10:45:00,up,2026-07-16 10:41:00,B2026-07-01 12:19:00,B,24365.35,24385.35,25,36,13390.0,12,1365.0,True,True,PENDING,,B2026-07-13 10:41:00,90,True,WATCH,REENTER,,,,,,,,,,WATCH_EDGE,B2026-07-01 12:19:00,reenter,watch_edge,reenter_close,2026-07-16 10:46:00,1,9.65,1,1,fill,-2.7,next_choch,2026-07-16 12:02:00,-1289.93,REENTER,2026-07-16 10:46:00,-2.8,next_choch,2026-07-16 12:02:00,-1296.43
unseen-test_1m,ST5,-,2026-07-16 12:17:00,down,2026-07-16 12:02:00,B2026-07-13 10:41:00,B,24380.5,24400.5,14,15,520.0,9,1755.0,True,True,LEAVE,B2026-07-02 11:39:00,B2026-07-13 10:41:00,182,True,TAKE,TAKE,,leave,,,B2026-07-13 10:41:00,14,ACCEPTED,,normal,,,,,setup_close,2026-07-16 12:17:00,0,,,,,40.0,next_choch,2026-07-16 14:17:00,1485.72,TAKE,2026-07-16 12:17:00,40.0,next_choch,2026-07-16 14:17:00,1485.72
unseen-test_1m,ST5,-,2026-07-16 14:25:00,down,2026-07-16 14:21:00,B2026-07-01 11:41:00,B,24333.2,24353.2,17,18,1235.0,9,1495.0,True,True,PENDING,,B2026-07-01 11:10:00,310,True,BLOCK,BLOCK,hunt_fade,,,,,,,,,,,,,,,,,,,,-16.8,stop_loss,2026-07-16 14:45:00,-2205.34,,,,,,
unseen-test_1m,ST5,-,2026-07-16 14:47:00,up,2026-07-16 14:45:00,B2026-07-01 11:10:00,B,24319.5,24339.5,31,21,1105.0,9,390.0,True,True,PENDING,,B2026-07-01 10:34:00,332,False,WATCH,REENTER,,,,,,,,,,WATCH_EDGE,B2026-07-01 11:10:00,reenter,watch_edge,reenter_close,2026-07-16 14:48:00,1,10.5,1,1,setup,-25.0,stop_loss,2026-07-16 15:05:00,-2738.34,REENTER,2026-07-16 14:48:00,-24.4,band_reclaim,2026-07-16 15:02:00,-2699.35
unseen-test_1m,ST5,-,2026-07-17 09:17:00,up,2026-07-17 09:16:00,B2026-07-13 10:41:00,B,24380.5,24400.5,16,2,4680.0,9,1755.0,True,True,LEAVE,B2026-07-01 11:41:00,B2026-07-13 10:41:00,2,False,BLOCK,BLOCK,open_pierce,,,,B2026-07-13 10:41:00,16,RECYCLE,,gap,,,,,,,,,,,,41.7,next_choch,2026-07-17 13:47:00,1595.46,,,,,,
unseen-test_1m,ST5,-,2026-07-17 13:51:00,down,2026-07-17 13:47:00,B2026-07-02 10:31:00,B,24429.85,24449.85,24,11,4810.0,11,1040.0,True,True,PENDING,,B2026-07-02 11:39:00,276,True,WATCH,REENTER,,,,,,,,,,WATCH_EDGE,B2026-07-02 10:31:00,reenter,watch_edge,reenter_close,2026-07-17 13:52:00,1,13.85,1,1,setup,-25.0,stop_loss,2026-07-17 13:59:00,-2739.88,REENTER,2026-07-17 13:52:00,-24.0,stop_loss,2026-07-17 13:59:00,-2674.9
unseen-test_1m,ST5,-,2026-07-17 14:00:00,up,2026-07-17 13:59:00,B2026-07-02 09:32:00,B,24446.6,24466.6,40,1,715.0,11,3965.0,True,True,LEAVE,B2026-07-02 11:28:00,B2026-07-02 09:32:00,285,False,WATCH,WATCH,leave_into_recycle,,leave_into_recycle,,B2026-07-02 09:32:00,40,REJECT,,normal,WATCH,B2026-07-02 09:32:00,armed_expired:session_end,,,,,,,,,69.2,next_choch,2026-07-17 14:51:00,3381.49,,,,,,
unseen-test_1m,ST5,-,2026-07-17 15:23:00,up,2026-07-17 15:21:00,B2026-07-08 10:25:00,B,24517.55,24537.55,6,18,11570.0,9,1755.0,True,True,PENDING,,A2026-07-08 10:05:00,368,True,BLOCK,BLOCK,clock,,,,,,,,,,,,,,,,,,,,-44.2,stop_loss,2026-07-20 09:15:00,-3989.45,,,,,,
unseen-test_1m,ST5,-,2026-07-20 09:16:00,down,2026-07-20 09:15:00,B2026-07-02 10:31:00,B,24429.85,24449.85,25,1,6240.0,11,1040.0,True,True,LEAVE,A2026-07-08 09:54:00,B2026-07-02 10:31:00,1,False,BLOCK,BLOCK,open_pierce,,,,B2026-07-02 10:31:00,25,RECYCLE,,gap,,,,,,,,,,,,-2.3,next_choch,2026-07-20 10:29:00,-1264.83,,,,,,
unseen-test_1m,ST5,-,2026-07-20 11:16:00,down,2026-07-20 11:15:00,B2026-07-02 11:28:00,B,24417.5,24437.5,23,1,65.0,11,520.0,True,True,LEAVE,B2026-07-02 10:31:00,B2026-07-02 11:28:00,121,True,WATCH,WATCH,leave_into_recycle,,leave_into_recycle,,B2026-07-02 11:28:00,23,RECYCLE,,normal,WATCH,B2026-07-02 11:28:00,armed_expired:back_inside,,,,,,,,,11.2,next_choch,2026-07-20 12:11:00,-386.96,,,,,,
unseen-test_1m,ST5,-,2026-07-20 12:16:00,up,2026-07-20 12:11:00,B2026-07-02 11:39:00,B,24402.5,24422.5,22,5,390.0,10,455.0,True,True,RECYCLE,,B2026-07-02 11:39:00,181,True,WATCH,WATCH,,,,,,,,,,WATCH,B2026-07-02 11:39:00,cancelled:opposite_leave,,,,,,,,,-21.4,stop_loss,2026-07-20 12:29:00,-2505.59,,,,,,
unseen-test_1m,ST5,-,2026-07-20 12:38:00,down,2026-07-20 12:29:00,B2026-07-13 12:10:00,B,24391.35,24411.35,9,3,260.0,9,1170.0,True,True,PENDING,,B2026-07-13 10:41:00,203,True,BLOCK,BLOCK,hunt_fade,,,,,,,,,,,,,,,,,,,,-6.4,next_choch,2026-07-20 12:54:00,-1530.4,,,,,,
unseen-test_1m,ST5,-,2026-07-20 12:55:00,up,2026-07-20 12:54:00,B2026-07-13 12:10:00,B,24391.35,24411.35,10,3,845.0,9,1170.0,True,True,LEAVE,B2026-07-01 12:19:00,B2026-07-13 12:10:00,220,True,WATCH,WATCH,leave_into_recycle,,leave_into_recycle,,B2026-07-13 12:10:00,10,RECYCLE,,normal,WATCH,B2026-07-13 12:10:00,armed_expired:session_end,,,,,,,,,69.6,next_choch,2026-07-21 09:25:00,3408.4,,,,,,
unseen-test_1m,ST5,-,2026-07-21 09:32:00,down,2026-07-21 09:25:00,B2026-07-02 09:32:00,B,24446.6,24466.6,42,1,390.0,11,3965.0,True,True,LEAVE,B2026-07-02 14:27:00,B2026-07-02 09:32:00,17,True,WATCH,WATCH,leave_into_recycle,,leave_into_recycle,,B2026-07-02 09:32:00,42,RECYCLE,,normal,WATCH,B2026-07-02 09:32:00,cancelled:opposite_leave,,,,,,,,,50.5,next_choch,2026-07-21 13:42:00,2167.05,,,,,,
unseen-test_1m,ST5,-,2026-07-21 14:50:00,up,2026-07-21 14:49:00,B2026-07-13 12:10:00,B,24391.35,24411.35,13,54,3055.0,9,1170.0,True,True,PENDING,,B2026-07-02 11:39:00,335,True,WATCH,WATCH,,,,,,,,,,WATCH_EDGE,B2026-07-13 12:10:00,armed_expired:session_end,,,,,,,,,5.7,next_choch,2026-07-21 15:15:00,-744.39,,,,,,
unseen-test_1m,ST5,-,2026-07-22 09:27:00,down,2026-07-22 09:26:00,A2026-07-09 09:44:00,A,24293.1,24313.1,31,1,1495.0,3,585.0,True,True,LEAVE,B2026-07-01 10:04:00,A2026-07-09 09:44:00,12,True,WATCH,WATCH,leave_into_recycle,,leave_into_recycle,,A2026-07-09 09:44:00,31,RECYCLE,,normal,WATCH,A2026-07-09 09:44:00,replaced,,,,,,,,,26.0,next_choch,2026-07-22 11:33:00,577.12,,,,,,
unseen-test_1m,ST5,-,2026-07-22 11:34:00,up,2026-07-22 11:33:00,B2026-07-01 09:47:00,B,24275.1,24295.1,26,1,390.0,15,5395.0,True,True,LEAVE,B2026-07-14 14:26:00,B2026-07-01 09:47:00,139,True,WATCH,WATCH,leave_into_recycle,,leave_into_recycle,,B2026-07-01 09:47:00,26,RECYCLE,,normal,WATCH,B2026-07-01 09:47:00,cancelled:opposite_leave,,,,,,,,,-11.9,stop_loss,2026-07-22 11:39:00,-1885.84,,,,,,
unseen-test_1m,ST5,-,2026-07-22 12:02:00,down,2026-07-22 12:01:00,A2026-07-01 09:27:00,A,24230.7,24250.7,10,2,715.0,2,19240.0,True,True,LEAVE,B2026-07-01 09:26:00,B2026-07-22 10:41:00,167,True,TAKE,TAKE,,leave,,,B2026-07-22 10:41:00,1,FIRST_PRINT,,normal,,,,,setup_close,2026-07-22 12:02:00,0,,,,,-2.9,next_choch,2026-07-22 12:48:00,-1300.16,TAKE,2026-07-22 12:02:00,-2.9,next_choch,2026-07-22 12:48:00,-1300.16
unseen-test_1m,ST5,-,2026-07-22 12:51:00,up,2026-07-22 12:48:00,B2026-07-22 10:41:00,B,24220.05,24240.05,4,2,390.0,9,3250.0,True,True,LEAVE,B2026-07-22 12:36:00,A2026-07-01 09:27:00,216,True,BLOCK,BLOCK,hunt_fade,,,,A2026-07-01 09:27:00,10,RECYCLE,,normal,,,,,,,,,,,,-36.0,next_choch,2026-07-22 13:10:00,-3451.4,,,,,,
unseen-test_1m,ST5,-,2026-07-22 13:12:00,down,2026-07-22 13:10:00,A2026-07-01 09:18:00,A,24209.9,24229.9,10,11,2340.0,1,325.0,True,True,LEAVE,A2026-07-01 09:27:00,B2026-07-22 12:36:00,237,True,WATCH,WATCH,leave_into_recycle,,leave_into_recycle,,B2026-07-22 12:36:00,2,RECYCLE,,normal,WATCH,B2026-07-22 12:36:00,cancelled:opposite_leave,,,,,,,,,-23.6,stop_loss,2026-07-22 13:32:00,-2645.21,,,,,,
unseen-test_1m,ST5,-,2026-07-22 13:35:00,up,2026-07-22 13:32:00,A2026-07-01 09:27:00,A,24230.7,24250.7,12,1,2015.0,2,19240.0,True,True,LEAVE,B2026-07-22 12:36:00,A2026-07-01 09:27:00,260,False,BLOCK,BLOCK,hunt_fade,,,,A2026-07-01 09:27:00,12,RECYCLE,,normal,,,,,,,,,,,,-37.8,next_choch,2026-07-22 13:46:00,-3568.41,,,,,,
unseen-test_1m,ST5,-,2026-07-22 13:54:00,down,2026-07-22 13:46:00,A2026-07-01 09:18:00,A,24209.9,24229.9,12,4,195.0,1,325.0,True,True,LEAVE,B2026-07-22 10:41:00,B2026-07-22 12:36:00,279,True,BLOCK,BLOCK,hunt_fade,,,,B2026-07-22 12:36:00,4,RECYCLE,,normal,,,,,,,,,,,,-11.5,next_choch,2026-07-22 14:53:00,-1858.77,,,,,,
unseen-test_1m,ST5,-,2026-07-22 15:04:00,down,2026-07-22 14:58:00,B2026-07-22 12:36:00,B,24195.0,24215.0,9,6,845.0,11,7865.0,True,True,RECYCLE,,B2026-07-22 12:36:00,349,True,WATCH,WATCH,,,,,,,,,,WATCH,B2026-07-22 12:36:00,cancelled:opposite_leave,,,,,,,,,-12.0,stop_loss,2026-07-22 15:05:00,-1891.22,,,,,,
unseen-test_1m,ST5,-,2026-07-22 15:07:00,up,2026-07-22 15:05:00,A2026-07-01 09:18:00,A,24209.9,24229.9,17,2,455.0,1,325.0,True,True,LEAVE,B2026-07-22 12:36:00,A2026-07-01 09:18:00,352,True,WATCH,WATCH,leave_into_recycle,,leave_into_recycle,,A2026-07-01 09:18:00,17,RECYCLE,,normal,WATCH,A2026-07-01 09:18:00,armed_expired:session_end,,,,,,,,,-75.9,stop_loss,2026-07-23 09:15:00,-6043.96,,,,,,
unseen-test_1m,ST5,-,2026-07-23 09:55:00,up,2026-07-23 09:50:00,A2026-07-23 09:47:00,A,24151.4,24171.4,1,5,4095.0,5,4095.0,True,True,LEAVE,B2026-07-23 09:39:00,A2026-07-23 09:47:00,40,True,TAKE,TAKE,,leave,,,A2026-07-23 09:47:00,1,FIRST_PRINT,,normal,,,,,setup_close,2026-07-23 09:55:00,0,,,,,4.5,next_choch,2026-07-23 11:18:00,-818.17,TAKE,2026-07-23 09:55:00,4.5,next_choch,2026-07-23 11:18:00,-818.17
unseen-test_1m,ST5,-,2026-07-23 11:21:00,down,2026-07-23 11:18:00,B2026-07-08 15:17:00,B,24168.35,24188.35,6,5,1365.0,10,15340.0,True,True,LEAVE,B2026-07-22 12:36:00,B2026-07-08 15:17:00,126,True,WATCH,WATCH,leave_into_recycle,,leave_into_recycle,,B2026-07-08 15:17:00,6,RECYCLE,,normal,WATCH,B2026-07-08 15:17:00,armed_expired:opposite_take,,,,,,,,,88.7,next_choch,2026-07-23 15:15:00,4655.12,,,,,,
unseen-test_1m,ST5,-,2026-07-23 15:19:00,up,2026-07-23 15:15:00,B2026-07-23 15:10:00,B,24062.6,24082.6,2,9,2535.0,9,3445.0,True,True,LEAVE,B2026-07-23 12:51:00,,364,True,TAKE,TAKE,,leave,,,,,,,normal,,,,,setup_close,2026-07-23 15:19:00,0,,,,,-10.0,stop_loss,2026-07-23 15:20:00,-1759.02,TAKE,2026-07-23 15:19:00,-10.0,stop_loss,2026-07-23 15:20:00,-1759.02
unseen-test_1m,ST5,-,2026-07-24 09:37:00,down,2026-07-24 09:15:00,,,,,,,,,,True,,LEAVE,A2026-07-24 09:22:00,,22,,TAKE,TAKE,,leave,,,,,,,normal,,,,,setup_close,2026-07-24 09:37:00,0,,,,,-25.1,next_choch,2026-07-24 11:50:00,-2737.57,TAKE,2026-07-24 09:37:00,-25.1,next_choch,2026-07-24 11:50:00,-2737.57
unseen-test_1m,ST5,-,2026-07-24 12:04:00,up,2026-07-24 11:50:00,A2026-07-24 11:49:00,A,23910.0,23930.0,2,3,1560.0,10,2925.0,True,True,RECYCLE,,A2026-07-24 11:49:00,169,True,WATCH,WATCH,,,,,,,,,,WATCH,A2026-07-24 11:49:00,armed_expired:back_inside,,,,,,,,,27.5,next_choch,2026-07-24 13:41:00,680.6,,,,,,
unseen-test_1m,ST5,-,2026-07-24 13:42:00,down,2026-07-24 13:41:00,,,,,,,,,,True,,LEAVE,A2026-07-24 09:22:00,,267,,TAKE,TAKE,,leave,,,,,,,normal,,,,,setup_close,2026-07-24 13:42:00,0,,,,,-36.1,stop_loss,2026-07-24 13:50:00,-3453.46,TAKE,2026-07-24 13:42:00,-36.1,stop_loss,2026-07-24 13:50:00,-3453.46
unseen-test_1m,ST5,-,2026-07-24 13:54:00,up,2026-07-24 13:50:00,B2026-07-24 13:12:00,B,23980.0,24000.0,4,4,195.0,15,5525.0,True,True,LEAVE,A2026-07-24 09:22:00,B2026-07-24 13:12:00,279,False,WATCH,WATCH,leave_into_recycle,,leave_into_recycle,,B2026-07-24 13:12:00,4,RECYCLE,,normal,WATCH,B2026-07-24 13:12:00,reenter,,,,,,,,,9.4,next_choch,2026-07-24 14:13:00,-496.71,,,,,,
unseen-test_1m,ST5,-,2026-07-24 14:16:00,up,2026-07-24 14:15:00,B2026-07-24 13:28:00,B,23996.1,24016.1,2,2,195.0,9,2015.0,True,True,PENDING,,B2026-07-24 12:52:00,301,False,REENTER,REENTER,,watch,,,,,,,,,,,watch,setup_close,2026-07-24 14:16:00,0,19.9,18,18,setup,-19.9,stop_loss,2026-07-24 14:19:00,-2401.27,REENTER,2026-07-24 14:16:00,-19.9,stop_loss,2026-07-24 14:19:00,-2401.27
unseen-test_1m,ST5,-,2026-07-24 14:21:00,down,2026-07-24 14:19:00,B2026-07-24 13:28:00,B,23996.1,24016.1,2,6,2795.0,9,2015.0,True,True,PENDING,,B2026-07-24 13:12:00,306,True,WATCH,REENTER,,,,,,,,,,WATCH_EDGE,B2026-07-24 13:28:00,reenter,watch_edge,reenter_close,2026-07-24 14:22:00,1,5.3,1,1,setup,-17.2,next_choch,2026-07-24 14:53:00,-2225.6,REENTER,2026-07-24 14:22:00,-16.0,band_reclaim,2026-07-24 14:40:00,-2147.6
unseen-test_1m,ST5,-,2026-07-24 14:55:00,up,2026-07-24 14:53:00,B2026-07-24 13:28:00,B,23996.1,24016.1,4,2,455.0,9,2015.0,True,True,LEAVE,B2026-07-24 13:12:00,B2026-07-24 13:28:00,340,True,WATCH,WATCH,leave_into_recycle,,leave_into_recycle,,B2026-07-24 13:28:00,4,RECYCLE,,normal,WATCH,B2026-07-24 13:28:00,cancelled:opposite_leave,,,,,,,,,-14.0,stop_loss,2026-07-24 14:58:00,-2017.67,,,,,,
unseen-test_1m,ST5,-,2026-07-24 15:00:00,down,2026-07-24 14:58:00,B2026-07-24 13:28:00,B,23996.1,24016.1,4,5,780.0,9,2015.0,True,True,PENDING,,B2026-07-24 13:12:00,345,False,BLOCK,BLOCK,hunt_fade,,,,,,,,,,,,,,,,,,,,-20.0,stop_loss,2026-07-24 15:14:00,-2407.6,,,,,,
unseen-test_1m,ST5,-,2026-07-24 15:15:00,up,2026-07-24 15:14:00,B2026-07-23 13:10:00,B,24038.45,24058.45,7,1,6565.0,9,5005.0,True,True,LEAVE,B2026-07-24 13:12:00,B2026-07-23 13:10:00,360,False,WATCH,WATCH,leave_into_recycle,,leave_into_recycle,,B2026-07-23 13:10:00,7,RECYCLE,,normal,WATCH,B2026-07-23 13:10:00,cancelled:opposite_leave,,,,,,,,,534.2,next_choch,2026-08-12 10:46:00,33606.72,,,,,,
unseen-test_1m,ST5,-,2026-08-12 10:47:00,down,2026-08-12 10:46:00,A2026-07-08 09:21:00,A,24578.6,24598.6,7,3,1040.0,1,65.0,True,True,LEAVE,B2026-07-03 14:25:00,A2026-07-08 09:21:00,92,True,BLOCK,BLOCK,hunt_fade,,,,A2026-07-08 09:21:00,7,RECYCLE,,normal,,,,,,,,,,,,50.0,next_choch,2026-08-12 12:42:00,2132.5,,,,,,
unseen-test_1m,ST5,-,2026-08-12 12:44:00,down,2026-08-12 12:43:00,B2026-07-08 10:25:00,B,24517.55,24537.55,11,8,17160.0,9,1755.0,True,True,RECYCLE,,B2026-07-08 10:25:00,209,True,WATCH,WATCH,,,,,,,,,,WATCH,B2026-07-08 10:25:00,armed_expired:back_inside,,,,,,,,,-18.0,stop_loss,2026-08-12 13:19:00,-2286.66,,,,,,
unseen-test_1m,ST5,-,2026-08-12 13:39:00,down,2026-08-12 13:38:00,B2026-07-02 14:48:00,B,24507.5,24527.5,17,1,195.0,15,6565.0,True,True,LEAVE,A2026-07-08 10:05:00,B2026-07-02 14:48:00,264,True,BLOCK,BLOCK,hunt_fade,,,,B2026-07-02 14:48:00,17,RECYCLE,,normal,,,,,,,,,,,,-9.7,next_choch,2026-08-12 14:21:00,-1747.14,,,,,,
unseen-test_1m,ST5,-,2026-08-12 14:22:00,up,2026-08-12 14:21:00,B2026-07-08 10:25:00,B,24517.55,24537.55,13,1,715.0,9,1755.0,True,True,LEAVE,B2026-07-02 14:48:00,B2026-07-08 10:25:00,307,True,WATCH,WATCH,leave_into_recycle,,leave_into_recycle,,B2026-07-08 10:25:00,13,RECYCLE,,normal,WATCH,B2026-07-08 10:25:00,armed_expired:session_end,,,,,,,,,23.6,next_choch,2026-08-13 09:26:00,416.84,,,,,,
unseen-test_1m,ST5,-,2026-08-13 09:27:00,down,2026-08-13 09:26:00,A2026-07-08 09:54:00,A,24550.0,24570.0,13,11,33800.0,4,910.0,True,True,LEAVE,B2026-07-03 14:25:00,A2026-07-08 10:05:00,12,True,WATCH,WATCH,leave_into_recycle,,leave_into_recycle,,A2026-07-08 10:05:00,17,RECYCLE,,gap,WATCH,A2026-07-08 10:05:00,cancelled:opposite_leave,,,,,,,,,-6.0,next_choch,2026-08-13 09:39:00,-1507.02,,,,,,
unseen-test_1m,ST5,-,2026-08-13 09:40:00,up,2026-08-13 09:39:00,A2026-07-08 10:05:00,A,24530.0,24550.0,18,11,10075.0,8,2925.0,True,True,PENDING,,A2026-07-08 09:54:00,25,False,BLOCK,BLOCK,hunt_fade,,,,,,,,,,,,,,,,,,,,-5.0,next_choch,2026-08-13 10:11:00,-1442.23,,,,,,
unseen-test_1m,ST5,-,2026-08-13 10:12:00,down,2026-08-13 10:11:00,A2026-07-08 09:54:00,A,24550.0,24570.0,14,31,14105.0,4,910.0,True,True,ACCEPTED,,A2026-07-08 09:54:00,57,True,TAKE,TAKE,,defend,,,,,,,,,,,,setup_close,2026-08-13 10:12:00,0,,,,,-5.0,next_choch,2026-08-13 10:49:00,-1442.14,TAKE,2026-08-13 10:12:00,-5.0,next_choch,2026-08-13 10:49:00,-1442.14
unseen-test_1m,ST5,-,2026-08-13 10:50:00,up,2026-08-13 10:49:00,A2026-07-08 09:54:00,A,24550.0,24570.0,15,1,260.0,4,910.0,True,True,LEAVE,A2026-07-08 10:05:00,A2026-07-08 09:54:00,95,True,BLOCK,BLOCK,hunt_fade,,,,A2026-07-08 09:54:00,15,RECYCLE,,normal,,,,,,,,,,,,-17.5,stop_loss,2026-08-13 11:06:00,-2254.5,,,,,,
unseen-test_1m,ST5,-,2026-08-13 11:07:00,down,2026-08-13 11:06:00,A2026-07-08 10:05:00,A,24530.0,24550.0,20,3,3835.0,8,2925.0,True,True,LEAVE,A2026-07-08 09:54:00,A2026-07-08 10:05:00,112,True,WATCH,WATCH,leave_into_recycle,,leave_into_recycle,,A2026-07-08 10:05:00,20,RECYCLE,,normal,WATCH,A2026-07-08 10:05:00,cancelled:opposite_leave,,,,,,,,,-36.5,stop_loss,2026-08-13 11:36:00,-3489.44,,,,,,
unseen-test_1m,ST5,-,2026-08-13 11:39:00,up,2026-08-13 11:36:00,A2026-07-08 09:54:00,A,24550.0,24570.0,16,7,1105.0,4,910.0,True,True,LEAVE,A2026-07-08 10:05:00,B2026-07-08 11:27:00,144,True,WATCH,WATCH,leave_into_recycle,,leave_into_recycle,,B2026-07-08 11:27:00,7,RECYCLE,,normal,WATCH,B2026-07-08 11:27:00,replaced,,,,,,,,,-9.0,next_choch,2026-08-13 11:42:00,-1702.34,,,,,,
unseen-test_1m,ST5,-,2026-08-13 11:49:00,up,2026-08-13 11:47:00,B2026-07-08 11:27:00,B,24560.05,24580.05,8,10,4225.0,9,1105.0,True,True,ACCEPTED,,B2026-07-08 11:27:00,154,True,TAKE,TAKE,,defend,,,,,,,,,,,,setup_close,2026-08-13 11:49:00,0,,,,,41.0,next_choch,2026-08-13 12:11:00,1546.79,TAKE,2026-08-13 11:49:00,41.0,next_choch,2026-08-13 12:11:00,1546.79
unseen-test_1m,ST5,-,2026-08-13 12:14:00,down,2026-08-13 12:11:00,B2026-07-03 13:50:00,B,24610.0,24630.0,10,3,2405.0,12,1755.0,True,True,PENDING,,B2026-07-03 14:25:00,179,True,WATCH,WATCH,,,,,,,,,,WATCH_EDGE,B2026-07-03 13:50:00,armed_expired:back_inside,,,,,,,,,-14.3,next_choch,2026-08-13 13:43:00,-2047.64,,,,,,
unseen-test_1m,ST5,-,2026-08-13 13:55:00,up,2026-08-13 13:43:00,B2026-07-03 13:50:00,B,24610.0,24630.0,12,8,1170.0,12,1755.0,True,True,RECYCLE,,B2026-07-03 13:50:00,280,True,WATCH,WATCH,,,,,,,,,,WATCH,B2026-07-03 13:50:00,cancelled:opposite_leave,,,,,,,,,-14.0,stop_loss,2026-08-13 14:04:00,-2028.24,,,,,,
unseen-test_1m,ST5,-,2026-08-13 14:24:00,up,2026-08-13 14:21:00,B2026-07-03 14:25:00,B,24598.0,24618.0,15,11,6045.0,19,1495.0,True,True,ACCEPTED,,B2026-07-03 14:25:00,309,True,TAKE,TAKE,,defend,,,,,,,,,,,,setup_close,2026-08-13 14:24:00,0,,,,,-9.0,next_choch,2026-08-13 14:47:00,-1703.05,TAKE,2026-08-13 14:24:00,-9.0,next_choch,2026-08-13 14:47:00,-1703.05
unseen-test_1m,ST5,-,2026-08-13 14:49:00,down,2026-08-13 14:47:00,B2026-07-03 14:25:00,B,24598.0,24618.0,15,35,9035.0,19,1495.0,True,True,PENDING,,A2026-07-08 09:21:00,334,True,WATCH,WATCH,,,,,,,,,,WATCH_EDGE,B2026-07-03 14:25:00,armed_expired:back_inside,,,,,,,,,-8.5,next_choch,2026-08-13 15:14:00,-1670.4,,,,,,
unseen-test_1m,ST5,-,2026-08-13 15:22:00,down,2026-08-13 15:20:00,B2026-07-03 14:25:00,B,24598.0,24618.0,16,18,6630.0,19,1495.0,True,True,PENDING,,A2026-07-08 09:21:00,367,True,BLOCK,BLOCK,clock,,,,,,,,,,,,,,,,,,,,-9.9,stop_loss,2026-08-13 15:29:00,-1761.47,,,,,,
unseen-test_1m,ST5,-,2026-08-14 09:29:00,down,2026-08-14 09:28:00,A2026-07-08 10:05:00,A,24530.0,24550.0,21,13,21125.0,8,2925.0,True,True,LEAVE,B2026-07-03 14:25:00,B2026-07-08 10:25:00,14,True,WATCH,WATCH,leave_into_recycle,,leave_into_recycle,,B2026-07-08 10:25:00,13,RECYCLE,,gap,WATCH,B2026-07-08 10:25:00,cancelled:opposite_leave,,,,,,,,,-19.5,stop_loss,2026-08-14 09:33:00,-2384.25,,,,,,
unseen-test_1m,ST5,-,2026-08-14 09:38:00,up,2026-08-14 09:33:00,A2026-07-08 10:05:00,A,24530.0,24550.0,22,3,520.0,8,2925.0,True,True,LEAVE,B2026-07-08 10:25:00,A2026-07-08 10:05:00,23,True,BLOCK,BLOCK,hunt_fade,,,,A2026-07-08 10:05:00,22,RECYCLE,,normal,,,,,,,,,,,,-14.0,next_choch,2026-08-14 09:53:00,-2026.9,,,,,,
unseen-test_1m,ST5,-,2026-08-14 09:54:00,down,2026-08-14 09:53:00,A2026-07-08 10:05:00,A,24530.0,24550.0,22,18,8060.0,8,2925.0,True,True,ACCEPTED,,A2026-07-08 10:05:00,39,True,TAKE,TAKE,,defend,,,,,,,,,,,,setup_close,2026-08-14 09:54:00,0,,,,,-18.0,next_choch,2026-08-14 09:59:00,-2286.86,TAKE,2026-08-14 09:54:00,-18.0,next_choch,2026-08-14 09:59:00,-2286.86
unseen-test_1m,ST5,-,2026-08-14 10:10:00,up,2026-08-14 09:59:00,A2026-07-08 10:05:00,A,24530.0,24550.0,22,33,11505.0,8,2925.0,True,True,PENDING,,A2026-07-08 09:54:00,55,True,WATCH,REENTER,,,,,,,,,,WATCH_EDGE,A2026-07-08 10:05:00,reenter,watch_edge,reenter_close,2026-08-14 10:11:00,1,4.0,1,1,setup,-7.6,stop_loss,2026-08-14 10:13:00,-1611.09,REENTER,2026-08-14 10:11:00,-7.0,stop_loss,2026-08-14 10:13:00,-1572.09
unseen-test_1m,ST5,-,2026-08-14 10:30:00,down,2026-08-14 10:25:00,A2026-07-08 10:05:00,A,24530.0,24550.0,23,15,2600.0,8,2925.0,True,True,ACCEPTED,,A2026-07-08 10:05:00,75,True,TAKE,TAKE,,defend,,,,,,,,,,,,setup_close,2026-08-14 10:30:00,0,,,,,14.3,next_choch,2026-08-14 10:38:00,-187.33,TAKE,2026-08-14 10:30:00,14.3,next_choch,2026-08-14 10:38:00,-187.33
unseen-test_1m,ST5,-,2026-08-14 10:39:00,up,2026-08-14 10:38:00,B2026-07-02 14:48:00,B,24507.5,24527.5,18,6,5005.0,15,6565.0,True,True,PENDING,,A2026-07-08 10:05:00,84,False,WATCH,REENTER,,,,,,,,,,WATCH_EDGE,B2026-07-02 14:48:00,reenter,watch_edge,reenter_close,2026-08-14 10:40:00,1,3.7,1,1,setup,-12.0,next_choch,2026-08-14 10:46:00,-1896.71,REENTER,2026-08-14 10:40:00,-7.2,next_choch,2026-08-14 10:46:00,-1584.7
unseen-test_1m,ST5,-,2026-08-14 10:48:00,up,2026-08-14 10:47:00,B2026-07-08 10:25:00,B,24517.55,24537.55,15,8,18590.0,9,1755.0,True,True,PENDING,,A2026-07-08 10:05:00,93,True,WATCH,REENTER,,,,,,,,,,WATCH_EDGE,B2026-07-08 10:25:00,reenter,watch_edge,reenter_close,2026-08-14 10:49:00,1,1.15,1,1,setup,-18.2,stop_loss,2026-08-14 10:58:00,-2299.73,REENTER,2026-08-14 10:49:00,-14.7,stop_loss,2026-08-14 10:58:00,-2072.22
unseen-test_1m,ST5,-,2026-08-14 10:59:00,down,2026-08-14 10:58:00,B2026-07-02 14:48:00,B,24507.5,24527.5,19,1,10075.0,15,6565.0,True,True,LEAVE,A2026-07-08 10:05:00,B2026-07-02 14:48:00,104,True,WATCH,WATCH,leave_into_recycle,,leave_into_recycle,,B2026-07-02 14:48:00,19,RECYCLE,,normal,WATCH,B2026-07-02 14:48:00,replaced,,,,,,,,,3.2,next_choch,2026-08-14 11:12:00,-908.53,,,,,,
unseen-test_1m,ST5,-,2026-08-14 11:19:00,up,2026-08-14 11:12:00,B2026-07-02 14:48:00,B,24507.5,24527.5,19,20,70850.0,15,6565.0,True,True,PENDING,,B2026-07-08 10:25:00,124,True,WATCH,WATCH,,,,,,,,,,WATCH_EDGE,B2026-07-02 14:48:00,replaced,,,,,,,,,-8.5,next_choch,2026-08-14 11:24:00,-1669.17,,,,,,
unseen-test_1m,ST5,-,2026-08-14 11:28:00,down,2026-08-14 11:24:00,B2026-07-08 10:25:00,B,24517.55,24537.55,16,6,22295.0,9,1755.0,True,True,RECYCLE,,B2026-07-08 10:25:00,133,True,WATCH,WATCH,,,,,,,,,,WATCH,B2026-07-08 10:25:00,armed_expired:back_inside,,,,,,,,,-6.5,next_choch,2026-08-14 11:46:00,-1539.1,,,,,,
unseen-test_1m,ST5,-,2026-08-14 11:48:00,up,2026-08-14 11:46:00,B2026-07-02 14:48:00,B,24507.5,24527.5,20,17,18395.0,15,6565.0,True,True,PENDING,,B2026-07-08 10:25:00,153,True,WATCH,WATCH,,,,,,,,,,WATCH_EDGE,B2026-07-02 14:48:00,armed_expired:back_inside,,,,,,,,,6.5,next_choch,2026-08-14 12:42:00,-694.35,,,,,,
unseen-test_1m,ST5,-,2026-08-14 13:13:00,up,2026-08-14 12:48:00,A2026-07-08 10:05:00,A,24530.0,24550.0,26,25,4680.0,8,2925.0,True,True,ACCEPTED,,A2026-07-08 10:05:00,238,True,WATCH,WATCH,,,accepted_no_defend,,,,,,,WATCH,A2026-07-08 10:05:00,cancelled:opposite_take,,,,,,,,,-5.0,next_choch,2026-08-14 13:27:00,-1441.97,,,,,,
unseen-test_1m,ST5,-,2026-08-14 13:32:00,down,2026-08-14 13:27:00,A2026-07-08 10:05:00,A,24530.0,24550.0,26,44,8450.0,8,2925.0,True,True,ACCEPTED,,A2026-07-08 10:05:00,257,True,TAKE,TAKE,,defend,,,,,,,,,,,,setup_close,2026-08-14 13:32:00,0,,,,,-9.2,stop_loss,2026-08-14 13:41:00,-1714.96,TAKE,2026-08-14 13:32:00,-9.2,stop_loss,2026-08-14 13:41:00,-1714.96
unseen-test_1m,ST5,-,2026-08-14 13:43:00,up,2026-08-14 13:41:00,A2026-07-08 10:05:00,A,24530.0,24550.0,27,5,325.0,8,2925.0,True,True,LEAVE,B2026-07-08 10:25:00,A2026-07-08 09:54:00,268,True,WATCH,WATCH,leave_into_recycle,,leave_into_recycle,,A2026-07-08 09:54:00,17,RECYCLE,,normal,WATCH,A2026-07-08 09:54:00,armed_expired:opposite_take,,,,,,,,,31.9,next_choch,2026-08-14 14:11:00,955.86,,,,,,
unseen-test_1m,ST5,-,2026-08-14 14:18:00,down,2026-08-14 14:11:00,A2026-07-08 09:21:00,A,24578.6,24598.6,16,13,3510.0,1,65.0,True,True,LEAVE,B2026-07-03 14:25:00,A2026-07-08 09:21:00,303,True,TAKE,TAKE,,leave,,,A2026-07-08 09:21:00,16,ACCEPTED,,normal,,,,,setup_close,2026-08-14 14:18:00,0,,,,,-16.9,stop_loss,2026-08-14 14:52:00,-2216.19,TAKE,2026-08-14 14:18:00,-16.9,stop_loss,2026-08-14 14:52:00,-2216.19
unseen-test_1m,ST5,-,2026-08-14 14:54:00,up,2026-08-14 14:52:00,A2026-07-08 09:21:00,A,24578.6,24598.6,17,22,2990.0,1,65.0,True,True,PENDING,,B2026-07-03 14:25:00,339,True,WATCH,REENTER,,,,,,,,,,WATCH_EDGE,A2026-07-08 09:21:00,reenter,watch_edge,reenter_close,2026-08-14 14:55:00,1,1.4,1,1,setup,-15.0,next_choch,2026-08-14 15:04:00,-2092.85,REENTER,2026-08-14 14:55:00,-10.0,next_choch,2026-08-14 15:04:00,-1767.84
unseen-test_1m,ST5,-,2026-08-14 15:05:00,down,2026-08-14 15:04:00,A2026-07-08 09:21:00,A,24578.6,24598.6,18,4,1430.0,1,65.0,True,True,RECYCLE,,A2026-07-08 09:21:00,350,True,WATCH,WATCH,,,,,,,,,,WATCH,A2026-07-08 09:21:00,cancelled:session_end,,,,,,,,,110.0,next_choch,2026-08-17 12:01:00,6032.56,,,,,,
unseen-test_1m,ST5,-,2026-08-17 12:02:00,up,2026-08-17 12:01:00,B2026-07-02 09:54:00,B,24465.0,24485.0,47,12,9165.0,17,4160.0,True,True,ACCEPTED,,B2026-07-02 09:54:00,167,True,TAKE,TAKE,,defend,,,,,,,,,,,,setup_close,2026-08-17 12:02:00,0,,,,,-13.8,stop_loss,2026-08-17 12:04:00,-2012.72,TAKE,2026-08-17 12:02:00,-13.8,stop_loss,2026-08-17 12:04:00,-2012.72
unseen-test_1m,ST5,-,2026-08-17 12:05:00,down,2026-08-17 12:04:00,B2026-07-02 09:54:00,B,24465.0,24485.0,47,15,11895.0,17,4160.0,True,True,ACCEPTED,,B2026-07-02 09:54:00,170,True,WATCH,WATCH,,,accepted_no_defend,,,,,,,WATCH,B2026-07-02 09:54:00,replaced,,,,,,,,,-15.0,stop_loss,2026-08-17 12:17:00,-2090.71,,,,,,
unseen-test_1m,ST5,-,2026-08-17 12:18:00,up,2026-08-17 12:17:00,B2026-07-02 14:27:00,B,24476.0,24496.0,18,2,650.0,21,5395.0,True,True,LEAVE,B2026-07-02 09:32:00,B2026-07-02 14:27:00,183,True,WATCH,WATCH,leave_into_recycle,,leave_into_recycle,,B2026-07-02 14:27:00,18,RECYCLE,,normal,WATCH,B2026-07-02 14:27:00,armed_expired:session_end,,,,,,,,,-60.4,stop_loss,2026-08-18 09:15:00,-5041.12,,,,,,
unseen-test_1m,ST5,-,2026-08-18 09:32:00,down,2026-08-18 09:15:00,B2026-07-02 11:39:00,B,24402.5,24422.5,49,4,13910.0,10,455.0,True,True,LEAVE,B2026-07-02 10:31:00,B2026-07-02 11:39:00,17,False,WATCH,WATCH,leave_into_recycle,,leave_into_recycle,,B2026-07-02 11:39:00,49,RECYCLE,,normal,WATCH,B2026-07-02 11:39:00,armed_expired:session_end,,,,,,,,,47.9,next_choch,2026-08-20 09:26:00,1998.99,,,,,,
unseen-test_1m,ST5,-,2026-08-20 09:35:00,up,2026-08-20 09:34:00,B2026-07-01 10:34:00,B,24343.95,24363.95,31,17,425425.0,12,1885.0,True,True,PENDING,,B2026-07-01 12:19:00,20,True,WATCH,REENTER,,,,,,,,,,WATCH_EDGE,B2026-07-01 10:34:00,reenter,watch_edge,reenter_close,2026-08-20 09:36:00,1,4.15,1,1,setup,-7.5,next_choch,2026-08-20 11:17:00,-1601.47,REENTER,2026-08-20 09:36:00,-3.6,next_choch,2026-08-20 11:17:00,-1347.96
unseen-test_1m,ST5,-,2026-08-20 11:20:00,down,2026-08-20 11:17:00,B2026-07-01 13:25:00,B,24354.0,24374.0,27,3,11895.0,9,1430.0,True,True,RECYCLE,,B2026-07-01 13:25:00,125,True,WATCH,WATCH,,,,,,,,,,WATCH,B2026-07-01 13:25:00,cancelled:opposite_leave,,,,,,,,,-13.6,stop_loss,2026-08-20 11:31:00,-1997.93,,,,,,
unseen-test_1m,ST5,-,2026-08-20 11:32:00,up,2026-08-20 11:31:00,B2026-07-01 12:19:00,B,24365.35,24385.35,46,1,18395.0,12,1365.0,True,True,LEAVE,B2026-07-01 13:25:00,B2026-07-01 12:19:00,137,True,WATCH,WATCH,leave_into_recycle,,leave_into_recycle,,B2026-07-01 12:19:00,46,RECYCLE,,normal,WATCH,B2026-07-01 12:19:00,armed_expired:back_inside,,,,,,,,,-2.8,next_choch,2026-08-20 12:08:00,-1296.2,,,,,,
unseen-test_1m,ST5,-,2026-08-20 12:09:00,down,2026-08-20 12:08:00,B2026-07-01 12:19:00,B,24365.35,24385.35,47,1,4095.0,12,1365.0,True,True,LEAVE,B2026-07-13 10:41:00,B2026-07-01 12:19:00,174,True,WATCH,WATCH,leave_into_recycle,,leave_into_recycle,,B2026-07-01 12:19:00,47,REJECT,,normal,WATCH,B2026-07-01 12:19:00,replaced,,,,,,,,,-6.5,next_choch,2026-08-20 12:13:00,-1536.69,,,,,,
unseen-test_1m,ST5,-,2026-08-20 12:14:00,up,2026-08-20 12:13:00,B2026-07-01 12:19:00,B,24365.35,24385.35,47,5,19175.0,12,1365.0,True,True,PENDING,,B2026-07-13 10:41:00,179,False,WATCH,REENTER,,,,,,,,,,WATCH_EDGE,B2026-07-01 12:19:00,reenter,watch_edge,reenter_close,2026-08-20 12:15:00,1,1.55,1,1,setup,-8.8,next_choch,2026-08-20 12:30:00,-1686.23,REENTER,2026-08-20 12:15:00,-7.7,next_choch,2026-08-20 12:30:00,-1614.72
unseen-test_1m,ST5,-,2026-08-20 12:34:00,down,2026-08-20 12:30:00,B2026-07-01 12:19:00,B,24365.35,24385.35,48,4,21060.0,12,1365.0,True,True,LEAVE,B2026-07-13 10:41:00,B2026-07-01 12:19:00,199,True,BLOCK,BLOCK,hunt_fade,,,,B2026-07-01 12:19:00,48,RECYCLE,,normal,,,,,,,,,,,,-9.7,stop_loss,2026-08-20 12:39:00,-1744.71,,,,,,
unseen-test_1m,ST5,-,2026-08-20 12:40:00,up,2026-08-20 12:39:00,B2026-07-13 10:41:00,B,24380.5,24400.5,30,1,11245.0,9,1755.0,True,True,LEAVE,B2026-07-01 12:19:00,B2026-07-13 10:41:00,205,True,WATCH,WATCH,leave_into_recycle,,leave_into_recycle,,B2026-07-13 10:41:00,30,RECYCLE,,normal,WATCH,B2026-07-13 10:41:00,replaced,,,,,,,,,24.0,next_choch,2026-08-20 13:40:00,445.21,,,,,,
unseen-test_1m,ST5,-,2026-08-20 13:51:00,down,2026-08-20 13:50:00,B2026-07-02 11:28:00,B,24417.5,24437.5,49,54,386685.0,11,520.0,True,True,ACCEPTED,,B2026-07-02 11:28:00,276,True,BLOCK,BLOCK,hunt_fade,,,,,,,,,,,,,,,,,,,,4.4,next_choch,2026-08-20 14:11:00,-828.88,,,,,,
unseen-test_1m,ST5,-,2026-08-20 14:16:00,down,2026-08-20 14:15:00,B2026-07-02 11:39:00,B,24402.5,24422.5,50,21,133835.0,10,455.0,True,True,PENDING,,B2026-07-13 12:10:00,301,True,WATCH,WATCH,,,,,,,,,,WATCH_EDGE,B2026-07-02 11:39:00,armed_expired:back_inside,,,,,,,,,-12.4,next_choch,2026-08-20 14:25:00,-1920.61,,,,,,
unseen-test_1m,ST5,-,2026-08-20 14:32:00,up,2026-08-20 14:31:00,B2026-07-02 11:39:00,B,24402.5,24422.5,50,37,200980.0,10,455.0,True,True,ACCEPTED,,B2026-07-02 11:39:00,317,True,TAKE,TAKE,,defend,,,,,,,,,,,,setup_close,2026-08-20 14:32:00,0,,,,,-8.9,next_choch,2026-08-20 14:43:00,-1693.29,TAKE,2026-08-20 14:32:00,-8.9,next_choch,2026-08-20 14:43:00,-1693.29
unseen-test_1m,ST5,-,2026-08-20 15:01:00,down,2026-08-20 15:00:00,B2026-07-02 11:39:00,B,24402.5,24422.5,50,66,312130.0,10,455.0,True,True,ACCEPTED,,B2026-07-02 11:39:00,346,True,WATCH,WATCH,,,accepted_no_defend,,,,,,,WATCH,B2026-07-02 11:39:00,armed_expired:session_end,,,,,,,,,-2.7,stop_loss,2026-08-21 09:15:00,-1290.12,,,,,,
unseen-test_1m,ST5,-,2026-08-21 09:20:00,down,2026-08-21 09:17:00,B2026-07-13 12:10:00,B,24391.35,24411.35,17,30,145015.0,9,1170.0,True,True,PENDING,,B2026-07-01 12:19:00,5,False,BLOCK,BLOCK,open_pierce,,,,,,,,,,,,,,,,,,,,-0.0,next_choch,2026-08-21 09:42:00,-1114.25,,,,,,
unseen-test_1m,ST5,-,2026-08-21 09:51:00,up,2026-08-21 09:42:00,B2026-07-13 10:41:00,B,24380.5,24400.5,31,8,58890.0,9,1755.0,True,True,RECYCLE,,B2026-07-13 10:41:00,36,True,WATCH,WATCH,,,,,,,,,,WATCH,B2026-07-13 10:41:00,cancelled:opposite_leave,,,,,,,,,-10.5,next_choch,2026-08-21 10:08:00,-1796.75,,,,,,
unseen-test_1m,ST5,-,2026-08-21 10:16:00,up,2026-08-21 10:12:00,B2026-07-13 10:41:00,B,24380.5,24400.5,32,5,23595.0,9,1755.0,True,True,REJECT,,B2026-07-13 10:41:00,61,True,WATCH,WATCH,,,,,,,,,,WATCH,B2026-07-13 10:41:00,replaced,,,,,,,,,-8.1,next_choch,2026-08-21 10:21:00,-1640.82,,,,,,
unseen-test_1m,ST5,-,2026-08-21 10:24:00,up,2026-08-21 10:23:00,B2026-07-13 10:41:00,B,24380.5,24400.5,32,12,60450.0,9,1755.0,True,True,PENDING,,B2026-07-13 12:10:00,69,True,WATCH,WATCH,,,,,,,,,,WATCH_EDGE,B2026-07-13 10:41:00,replaced,,,,,,,,,-1.4,next_choch,2026-08-21 11:40:00,-1205.56,,,,,,
unseen-test_1m,ST5,-,2026-08-21 11:42:00,down,2026-08-21 11:40:00,B2026-07-13 12:10:00,B,24391.35,24411.35,19,2,4160.0,9,1170.0,True,True,LEAVE,B2026-07-02 11:39:00,B2026-07-13 12:10:00,147,True,WATCH,WATCH,leave_into_recycle,,leave_into_recycle,,B2026-07-13 12:10:00,19,RECYCLE,,normal,WATCH,B2026-07-13 12:10:00,armed_expired:back_inside,,,,,,,,,1.3,next_choch,2026-08-21 12:33:00,-1030.04,,,,,,
unseen-test_1m,ST5,-,2026-08-21 12:34:00,up,2026-08-21 12:33:00,B2026-07-13 10:41:00,B,24380.5,24400.5,33,26,219245.0,9,1755.0,True,True,ACCEPTED,,B2026-07-13 10:41:00,199,True,TAKE,TAKE,,defend,,,,,,,,,,,,setup_close,2026-08-21 12:34:00,0,,,,,-13.8,stop_loss,2026-08-21 12:40:00,-2011.34,TAKE,2026-08-21 12:34:00,-13.8,stop_loss,2026-08-21 12:40:00,-2011.34
unseen-test_1m,ST5,-,2026-08-21 12:47:00,down,2026-08-21 12:40:00,B2026-07-13 10:41:00,B,24380.5,24400.5,33,39,297505.0,9,1755.0,True,True,ACCEPTED,,B2026-07-13 10:41:00,212,True,TAKE,TAKE,,defend,,,,,,,,,,,,setup_close,2026-08-21 12:47:00,0,,,,,-12.6,stop_loss,2026-08-21 13:05:00,-1933.27,TAKE,2026-08-21 12:47:00,-12.6,stop_loss,2026-08-21 13:05:00,-1933.27
unseen-test_1m,ST5,-,2026-08-21 13:07:00,up,2026-08-21 13:05:00,B2026-07-13 10:41:00,B,24380.5,24400.5,33,57,385580.0,9,1755.0,True,True,PENDING,,B2026-07-13 12:10:00,232,True,BLOCK,BLOCK,hunt_fade,,,,,,,,,,,,,,,,,,,,-9.0,next_choch,2026-08-21 13:33:00,-1699.49,,,,,,
unseen-test_1m,ST5,-,2026-08-21 13:34:00,down,2026-08-21 13:33:00,B2026-07-13 10:41:00,B,24380.5,24400.5,34,11,73775.0,9,1755.0,True,True,ACCEPTED,,B2026-07-13 10:41:00,259,True,TAKE,TAKE,,defend,,,,,,,,,,,,setup_close,2026-08-21 13:34:00,0,,,,,-0.9,next_choch,2026-08-21 13:48:00,-1172.87,TAKE,2026-08-21 13:34:00,-0.9,next_choch,2026-08-21 13:48:00,-1172.87
unseen-test_1m,ST5,-,2026-08-21 13:55:00,up,2026-08-21 13:53:00,B2026-07-13 10:41:00,B,24380.5,24400.5,34,32,239460.0,9,1755.0,True,True,ACCEPTED,,B2026-07-13 10:41:00,280,True,TAKE,TAKE,,defend,,,,,,,,,,,,setup_close,2026-08-21 13:55:00,0,,,,,-7.6,next_choch,2026-08-21 14:06:00,-1608.29,TAKE,2026-08-21 13:55:00,-7.6,next_choch,2026-08-21 14:06:00,-1608.29
unseen-test_1m,ST5,-,2026-08-21 14:09:00,down,2026-08-21 14:06:00,B2026-07-13 10:41:00,B,24380.5,24400.5,34,46,286910.0,9,1755.0,True,True,ACCEPTED,,B2026-07-13 10:41:00,294,True,WATCH,WATCH,,,accepted_no_defend,,,,,,,WATCH,B2026-07-13 10:41:00,cancelled:opposite_take,,,,,,,,,-11.4,stop_loss,2026-08-21 14:12:00,-1855.28,,,,,,
unseen-test_1m,ST5,-,2026-08-21 14:17:00,up,2026-08-21 14:09:00,B2026-07-13 10:41:00,B,24380.5,24400.5,34,54,306475.0,9,1755.0,True,True,ACCEPTED,,B2026-07-13 10:41:00,302,True,TAKE,TAKE,,defend,,,,,,,,,,,,setup_close,2026-08-21 14:17:00,0,,,,,2.1,next_choch,2026-08-21 14:41:00,-977.98,TAKE,2026-08-21 14:17:00,2.1,next_choch,2026-08-21 14:41:00,-977.98
unseen-test_1m,ST5,-,2026-08-21 14:53:00,up,2026-08-21 14:47:00,B2026-07-13 12:10:00,B,24391.35,24411.35,21,22,126490.0,9,1170.0,True,True,ACCEPTED,,B2026-07-13 12:10:00,338,True,TAKE,TAKE,,defend,,,,,,,,,,,,setup_close,2026-08-21 14:53:00,0,,,,,-11.3,stop_loss,2026-08-21 14:56:00,-1848.94,TAKE,2026-08-21 14:53:00,-11.3,stop_loss,2026-08-21 14:56:00,-1848.94
unseen-test_1m,ST5,-,2026-08-21 15:28:00,down,2026-08-21 15:25:00,B2026-07-13 10:41:00,B,24380.5,24400.5,35,5,19045.0,9,1755.0,True,True,RECYCLE,,B2026-07-13 10:41:00,373,True,BLOCK,BLOCK,clock,,,,,,,,,,,,,,,,,,,,-7.0,stop_loss,2026-08-21 15:29:00,-1569.37,,,,,,
unseen-test_1m,ST5,-,2026-08-24 09:15:00,up,2026-08-21 15:29:00,B2026-07-13 10:41:00,B,24380.5,24400.5,35,6,21710.0,9,1755.0,True,True,PENDING,,B2026-07-02 10:31:00,0,True,BLOCK,BLOCK,open_pierce,,,,,,,,,,,,,,,,,,,,-20.0,next_choch,2026-08-24 09:42:00,-2415.04,,,,,,
unseen-test_1m,ST5,-,2026-08-24 09:58:00,down,2026-08-24 09:54:00,B2026-07-02 11:28:00,B,24417.5,24437.5,50,28,250770.0,11,520.0,True,True,REJECT,,B2026-07-02 11:28:00,43,True,WATCH,WATCH,,,,,,,,,,WATCH,B2026-07-02 11:28:00,replaced,,,,,,,,,3.0,next_choch,2026-08-24 10:08:00,-919.98,,,,,,
unseen-test_1m,ST5,-,2026-08-24 10:16:00,up,2026-08-24 10:08:00,B2026-07-02 11:28:00,B,24417.5,24437.5,50,46,398580.0,11,520.0,True,True,ACCEPTED,,B2026-07-02 11:28:00,61,True,WATCH,WATCH,,,accepted_no_defend,,,,,,,WATCH,B2026-07-02 11:28:00,armed_expired:back_inside,,,,,,,,,0.0,next_choch,2026-08-24 10:45:00,-1115.07,,,,,,
unseen-test_1m,ST5,-,2026-08-24 10:48:00,down,2026-08-24 10:45:00,B2026-07-02 11:28:00,B,24417.5,24437.5,50,76,637780.0,11,520.0,True,True,ACCEPTED,,B2026-07-02 11:28:00,93,True,TAKE,TAKE,,defend,,,,,,,,,,,,setup_close,2026-08-24 10:48:00,0,,,,,105.1,next_choch,2026-08-24 14:50:00,5716.73,TAKE,2026-08-24 10:48:00,105.1,next_choch,2026-08-24 14:50:00,5716.73
unseen-test_1m,ST5,-,2026-08-24 15:05:00,down,2026-08-24 15:04:00,B2026-07-01 11:10:00,B,24319.5,24339.5,34,33,353275.0,9,390.0,True,True,PENDING,,B2026-07-01 10:04:00,350,True,WATCH,WATCH,,,,,,,,,,WATCH_EDGE,B2026-07-01 11:10:00,armed_expired:back_inside,,,,,,,,,-5.9,next_choch,2026-08-24 15:10:00,-1496.67,,,,,,
unseen-test_1m,ST5,-,2026-08-25 09:15:00,down,2026-08-24 15:26:00,B2026-07-01 11:10:00,B,24319.5,24339.5,34,57,694005.0,9,390.0,True,True,PENDING,,B2026-07-01 09:47:00,0,True,BLOCK,BLOCK,open_pierce,,,,,,,,,,,,,,,,,,,,-51.5,stop_loss,2026-08-25 09:21:00,-4460.2,,,,,,
unseen-test_1m,ST5,-,2026-08-25 09:33:00,up,2026-08-25 09:21:00,B2026-07-01 11:10:00,B,24319.5,24339.5,35,13,154050.0,9,390.0,True,True,LEAVE,A2026-07-09 09:44:00,B2026-07-01 11:41:00,18,True,WATCH,WATCH,leave_into_recycle,,leave_into_recycle,,B2026-07-01 11:41:00,20,RECYCLE,,normal,WATCH,B2026-07-01 11:41:00,cancelled:opposite_leave,,,,,,,,,-14.7,stop_loss,2026-08-25 09:38:00,-2068.86,,,,,,
unseen-test_1m,ST5,-,2026-08-25 10:01:00,down,2026-08-25 09:52:00,B2026-07-01 09:47:00,B,24275.1,24295.1,31,9,118235.0,15,5395.0,True,True,LEAVE,B2026-07-01 10:04:00,B2026-07-01 09:47:00,46,False,BLOCK,BLOCK,hunt_fade,,,,B2026-07-01 09:47:00,31,REJECT,,normal,,,,,,,,,,,,-15.5,stop_loss,2026-08-25 10:06:00,-2120.19,,,,,,
unseen-test_1m,ST5,-,2026-08-25 10:22:00,down,2026-08-25 10:19:00,B2026-07-01 09:47:00,B,24275.1,24295.1,31,28,345735.0,15,5395.0,True,True,ACCEPTED,,B2026-07-01 09:47:00,67,True,TAKE,TAKE,,defend,,,,,,,,,,,,setup_close,2026-08-25 10:22:00,0,,,,,-7.4,next_choch,2026-08-25 10:43:00,-1593.64,TAKE,2026-08-25 10:22:00,-7.4,next_choch,2026-08-25 10:43:00,-1593.64
unseen-test_1m,ST5,-,2026-08-25 10:44:00,up,2026-08-25 10:43:00,B2026-07-01 09:47:00,B,24275.1,24295.1,31,49,590330.0,15,5395.0,True,True,PENDING,,A2026-07-09 09:44:00,89,True,WATCH,WATCH,,,,,,,,,,WATCH_EDGE,B2026-07-01 09:47:00,replaced,,,,,,,,,21.4,next_choch,2026-08-25 12:58:00,277.93,,,,,,
unseen-test_1m,ST5,-,2026-08-25 13:01:00,down,2026-08-25 12:58:00,B2026-07-01 10:04:00,B,24307.95,24327.95,44,2,6175.0,14,5070.0,True,True,LEAVE,B2026-07-01 11:10:00,A2026-07-09 09:44:00,226,True,WATCH,WATCH,leave_into_recycle,,leave_into_recycle,,A2026-07-09 09:44:00,39,RECYCLE,,normal,WATCH,A2026-07-09 09:44:00,armed_expired:back_inside,,,,,,,,,0.8,next_choch,2026-08-25 13:40:00,-1060.93,,,,,,
unseen-test_1m,ST5,-,2026-08-25 13:41:00,up,2026-08-25 13:40:00,A2026-07-09 09:44:00,A,24293.1,24313.1,41,11,50310.0,3,585.0,True,True,LEAVE,B2026-07-01 09:47:00,A2026-07-09 09:44:00,266,True,TAKE,TAKE,,leave,,,A2026-07-09 09:44:00,41,ACCEPTED,,normal,,,,,setup_close,2026-08-25 13:41:00,0,,,,,-11.0,stop_loss,2026-08-25 13:50:00,-1827.79,TAKE,2026-08-25 13:41:00,-11.0,stop_loss,2026-08-25 13:50:00,-1827.79
unseen-test_1m,ST5,-,2026-08-25 13:53:00,up,2026-08-25 13:52:00,B2026-07-01 11:10:00,B,24319.5,24339.5,38,1,14820.0,9,390.0,True,True,LEAVE,A2026-07-09 09:44:00,B2026-07-01 11:10:00,278,False,WATCH,WATCH,leave_into_recycle,,leave_into_recycle,,B2026-07-01 11:10:00,38,RECYCLE,,normal,WATCH,B2026-07-01 11:10:00,armed_expired:back_inside,,,,,,,,,-19.6,next_choch,2026-08-25 14:03:00,-2387.03,,,,,,
unseen-test_1m,ST5,-,2026-08-25 14:20:00,up,2026-08-25 14:11:00,B2026-07-01 11:10:00,B,24319.5,24339.5,39,1,15340.0,9,390.0,True,True,LEAVE,B2026-07-01 10:04:00,B2026-07-01 11:10:00,305,True,BLOCK,BLOCK,hunt_fade,,,,B2026-07-01 11:10:00,39,RECYCLE,,normal,,,,,,,,,,,,144.2,open,2026-08-25 15:29:00,8257.46,,,,,,
1m_1m,ST5,-,2026-08-26 12:10:00,down,2026-08-26 12:09:00,B2026-07-02 10:31:00,B,24429.85,24449.85,51,1,8840.0,11,1040.0,False,True,LEAVE,B2026-07-02 09:32:00,B2026-07-02 10:31:00,175,True,WATCH,WATCH,leave_into_recycle,,leave_into_recycle,,B2026-07-02 10:31:00,51,RECYCLE,True,normal,WATCH,B2026-07-02 10:31:00,cancelled:opposite_leave,,,,,,,,,-18.9,stop_loss,2026-08-26 12:18:00,-2343.9,,,,,,
1m_1m,ST5,-,2026-08-26 12:30:00,down,2026-08-26 12:28:00,B2026-07-02 09:32:00,B,24446.6,24466.6,63,17,78455.0,11,3965.0,False,True,ACCEPTED,,B2026-07-02 09:32:00,195,True,TAKE,TAKE,,defend,,,,,,,,,,,,setup_close,2026-08-26 12:30:00,0,,,,,-9.0,stop_loss,2026-08-26 12:34:00,-1700.44,TAKE,2026-08-26 12:30:00,-9.0,stop_loss,2026-08-26 12:34:00,-1700.44
1m_1m,ST5,-,2026-08-26 12:35:00,up,2026-08-26 12:34:00,B2026-07-02 09:32:00,B,24446.6,24466.6,64,1,2015.0,11,3965.0,False,True,LEAVE,B2026-07-02 10:31:00,B2026-07-02 09:32:00,200,True,WATCH,WATCH,,,leave_vol_fail,,B2026-07-02 09:32:00,64,RECYCLE,False,normal,WATCH,B2026-07-02 09:32:00,cancelled:opposite_leave,,,,,,,,,-16.6,next_choch,2026-08-26 12:50:00,-2194.41,,,,,,
1m_1m,ST5,-,2026-08-26 12:54:00,up,2026-08-26 12:51:00,B2026-07-02 09:32:00,B,24446.6,24466.6,64,18,38935.0,11,3965.0,False,True,ACCEPTED,,B2026-07-02 09:32:00,219,True,TAKE,TAKE,,defend,,,,,,,,,,,,setup_close,2026-08-26 12:54:00,0,,,,,-10.0,stop_loss,2026-08-26 13:01:00,-1765.34,TAKE,2026-08-26 12:54:00,-10.0,stop_loss,2026-08-26 13:01:00,-1765.34
1m_1m,ST5,-,2026-08-26 13:02:00,down,2026-08-26 13:01:00,B2026-07-02 10:31:00,B,24429.85,24449.85,53,1,23270.0,11,1040.0,False,True,LEAVE,B2026-07-02 09:32:00,B2026-07-02 10:31:00,227,True,WATCH,WATCH,leave_into_recycle,,leave_into_recycle,,B2026-07-02 10:31:00,53,REJECT,True,normal,WATCH,B2026-07-02 10:31:00,cancelled:opposite_leave,,,,,,,,,-0.0,next_choch,2026-08-26 13:35:00,-1115.24,,,,,,
1m_1m,ST5,-,2026-08-26 13:45:00,down,2026-08-26 13:44:00,B2026-07-02 10:31:00,B,24429.85,24449.85,54,35,124540.0,11,1040.0,False,True,ACCEPTED,,B2026-07-02 10:31:00,270,True,WATCH,WATCH,,,accepted_no_defend,,,,,,,WATCH,B2026-07-02 10:31:00,replaced,,,,,,,,,-3.3,next_choch,2026-08-26 14:02:00,-1329.58,,,,,,
1m_1m,ST5,-,2026-08-26 14:04:00,up,2026-08-26 14:02:00,B2026-07-02 11:28:00,B,24417.5,24437.5,51,15,108550.0,11,520.0,False,True,PENDING,,B2026-07-02 10:31:00,289,False,WATCH,WATCH,,,,,,,,,,WATCH_EDGE,B2026-07-02 11:28:00,armed_expired:session_end,,,,,,,,,17.4,next_choch,2026-08-26 15:20:00,15.54,,,,,,
1m_1m,ST5,-,2026-08-26 15:21:00,down,2026-08-26 15:20:00,B2026-07-02 09:32:00,B,24446.6,24466.6,68,6,43030.0,11,3965.0,False,True,RECYCLE,,B2026-07-02 09:32:00,366,True,BLOCK,BLOCK,clock,,,,,,,,,,,,,,,,,,,,103.8,next_choch,2026-08-27 12:44:00,5631.91,,,,,,
1m_1m,ST5,-,2026-08-27 12:51:00,up,2026-08-27 12:50:00,B2026-07-01 11:41:00,B,24333.2,24353.2,26,12,113750.0,9,1495.0,False,True,PENDING,,B2026-07-01 13:25:00,216,False,WATCH,WATCH,,,,,,,,,,WATCH_EDGE,B2026-07-01 11:41:00,replaced,,,,,,,,,2.0,next_choch,2026-08-27 13:02:00,-983.9,,,,,,
1m_1m,ST5,-,2026-08-27 13:05:00,down,2026-08-27 13:02:00,B2026-07-01 10:34:00,B,24343.95,24363.95,34,9,40495.0,12,1885.0,False,True,RECYCLE,,B2026-07-01 10:34:00,230,True,WATCH,WATCH,,,,,,,,,,WATCH,B2026-07-01 10:34:00,cancelled:opposite_leave,,,,,,,,,-17.0,stop_loss,2026-08-27 13:12:00,-2218.71,,,,,,
1m_1m,ST5,-,2026-08-27 13:14:00,up,2026-08-27 13:12:00,B2026-07-01 12:19:00,B,24365.35,24385.35,55,2,7670.0,12,1365.0,False,True,LEAVE,B2026-07-01 10:34:00,B2026-07-01 12:19:00,239,False,WATCH,WATCH,leave_into_recycle,,leave_into_recycle,,B2026-07-01 12:19:00,55,REJECT,True,normal,WATCH,B2026-07-01 12:19:00,cancelled:opposite_leave,,,,,,,,,-8.4,next_choch,2026-08-27 13:29:00,-1659.97,,,,,,
1m_1m,ST5,-,2026-08-27 13:31:00,down,2026-08-27 13:29:00,B2026-07-01 13:25:00,B,24354.0,24374.0,35,14,31720.0,9,1430.0,False,True,PENDING,,B2026-07-01 11:41:00,256,True,WATCH,REENTER,,,,,,,,,,WATCH_EDGE,B2026-07-01 13:25:00,reenter,watch_edge,reenter_close,2026-08-27 13:32:00,1,11.8,1,1,setup,-16.0,next_choch,2026-08-27 13:38:00,-2153.66,REENTER,2026-08-27 13:32:00,-18.8,next_choch,2026-08-27 13:38:00,-2335.62
1m_1m,ST5,-,2026-08-27 13:39:00,up,2026-08-27 13:38:00,B2026-07-01 10:34:00,B,24343.95,24363.95,35,6,9945.0,12,1885.0,False,True,RECYCLE,,B2026-07-01 10:34:00,264,True,WATCH,WATCH,,,,,,,,,,WATCH,B2026-07-01 10:34:00,replaced,,,,,,,,,-13.7,stop_loss,2026-08-27 13:42:00,-2004.22,,,,,,
1m_1m,ST5,-,2026-08-27 13:43:00,down,2026-08-27 13:42:00,B2026-07-01 10:34:00,B,24343.95,24363.95,35,9,17030.0,12,1885.0,False,True,PENDING,,B2026-07-01 11:41:00,268,True,WATCH,REENTER,,,,,,,,,,WATCH_EDGE,B2026-07-01 10:34:00,reenter,watch_edge,reenter_close,2026-08-27 13:44:00,1,3.85,1,1,setup,19.2,next_choch,2026-08-27 14:17:00,134.5,REENTER,2026-08-27 13:44:00,18.1,next_choch,2026-08-27 14:17:00,63.02
1m_1m,ST5,-,2026-08-27 14:19:00,up,2026-08-27 14:17:00,B2026-07-01 10:04:00,B,24307.95,24327.95,52,2,3965.0,14,5070.0,False,True,LEAVE,A2026-07-09 09:44:00,B2026-07-01 10:04:00,304,True,WATCH,WATCH,leave_into_recycle,,leave_into_recycle,,B2026-07-01 10:04:00,52,RECYCLE,True,normal,WATCH,B2026-07-01 10:04:00,armed_expired:back_inside,,,,,,,,,6.0,next_choch,2026-08-27 14:45:00,-723.36,,,,,,
1m_1m,ST5,-,2026-08-27 15:05:00,down,2026-08-27 15:04:00,B2026-07-01 11:10:00,B,24319.5,24339.5,45,36,154375.0,9,390.0,False,True,PENDING,,B2026-07-01 10:04:00,350,True,BLOCK,BLOCK,hunt_fade,,,,,,,,,,,,,,,,,,,,-1.9,next_choch,2026-08-27 15:10:00,-1236.68,,,,,,
1m_1m,ST5,-,2026-08-27 15:15:00,down,2026-08-27 15:12:00,A2026-07-09 09:44:00,A,24293.1,24313.1,47,1,10985.0,3,585.0,False,True,LEAVE,B2026-07-01 10:04:00,A2026-07-09 09:44:00,360,True,WATCH,WATCH,,,leave_vol_fail,,A2026-07-09 09:44:00,47,RECYCLE,False,normal,WATCH,A2026-07-09 09:44:00,armed_expired:session_end,,,,,,,,,8.1,next_choch,2026-08-28 09:17:00,-586.38,,,,,,
1m_1m,ST5,-,2026-08-28 09:25:00,up,2026-08-28 09:17:00,B2026-07-01 10:04:00,B,24307.95,24327.95,54,1,11115.0,14,5070.0,False,True,LEAVE,B2026-07-01 09:47:00,B2026-07-01 10:04:00,10,False,WATCH,WATCH,,,leave_vol_fail,,B2026-07-01 10:04:00,54,RECYCLE,False,normal,WATCH,B2026-07-01 10:04:00,armed_expired:back_inside,,,,,,,,,-43.7,stop_loss,2026-08-28 11:35:00,-3953.06,,,,,,
1m_1m,ST5,-,2026-08-28 11:54:00,down,2026-08-28 11:35:00,B2026-07-01 09:47:00,B,24275.1,24295.1,36,19,102375.0,15,5395.0,False,True,PENDING,,B2026-07-14 14:26:00,159,True,WATCH,REENTER,,,,,,,,,,WATCH_EDGE,B2026-07-01 09:47:00,reenter,watch_edge,reenter_close,2026-08-28 11:55:00,1,7.1,1,1,setup,-15.0,stop_loss,2026-08-28 13:22:00,-2087.37,REENTER,2026-08-28 11:55:00,-17.0,stop_loss,2026-08-28 13:22:00,-2217.35
1m_1m,ST5,-,2026-08-28 13:40:00,up,2026-08-28 13:34:00,B2026-07-01 09:47:00,B,24275.1,24295.1,37,19,58760.0,15,5395.0,False,True,PENDING,,A2026-07-09 09:44:00,265,True,WATCH,WATCH,,,,,,,,,,WATCH_EDGE,B2026-07-01 09:47:00,armed_expired:back_inside,,,,,,,,,-14.0,stop_loss,2026-08-28 13:48:00,-2022.65,,,,,,
1m_1m,ST5,-,2026-08-28 13:59:00,up,2026-08-28 13:58:00,B2026-07-01 09:47:00,B,24275.1,24295.1,37,38,89635.0,15,5395.0,False,True,ACCEPTED,,B2026-07-01 09:47:00,284,True,WATCH,WATCH,,,accepted_no_defend,,,,,,,WATCH,B2026-07-01 09:47:00,replaced,,,,,,,,,-10.5,stop_loss,2026-08-28 14:07:00,-1795.04,,,,,,
1m_1m,ST5,-,2026-08-28 14:29:00,up,2026-08-28 14:21:00,B2026-07-01 09:47:00,B,24275.1,24295.1,37,67,175630.0,15,5395.0,False,True,PENDING,,A2026-07-09 09:44:00,314,True,WATCH,WATCH,,,,,,,,,,WATCH_EDGE,B2026-07-01 09:47:00,armed_expired:session_end,,,,,,,,,-6.7,next_choch,2026-08-28 15:02:00,-1548.23,,,,,,
1m_1m,ST5,-,2026-08-28 15:28:00,up,2026-08-28 15:11:00,B2026-07-01 11:41:00,B,24333.2,24353.2,33,8,119210.0,9,1495.0,False,True,LEAVE,B2026-07-01 11:10:00,B2026-07-01 11:41:00,373,False,BLOCK,BLOCK,clock,,,,B2026-07-01 11:41:00,33,RECYCLE,True,normal,,,,,,,,,,,,-146.8,stop_loss,2026-08-31 09:15:00,-10653.58,,,,,,
1m_1m,ST5,-,2026-08-31 09:26:00,down,2026-08-31 09:15:00,B2026-07-22 12:36:00,B,24195.0,24215.0,15,9,161395.0,11,7865.0,False,True,LEAVE,B2026-07-01 11:41:00,A2026-07-23 09:27:00,11,False,TAKE,TAKE,,leave,,,A2026-07-23 09:27:00,3,ACCEPTED,True,gap,,,,,setup_close,2026-08-31 09:26:00,0,,,,,-10.5,next_choch,2026-08-31 11:35:00,-1793.53,TAKE,2026-08-31 09:26:00,-10.5,next_choch,2026-08-31 11:35:00,-1793.53
1m_1m,ST5,-,2026-08-31 11:42:00,up,2026-08-31 11:35:00,B2026-07-22 12:36:00,B,24195.0,24215.0,17,7,41795.0,11,7865.0,False,True,RECYCLE,,B2026-07-22 12:36:00,147,True,WATCH,WATCH,,,,,,,,,,WATCH,B2026-07-22 12:36:00,replaced,,,,,,,,,23.1,next_choch,2026-08-31 14:04:00,389.86,,,,,,
1m_1m,ST5,-,2026-08-31 14:05:00,down,2026-08-31 14:04:00,A2026-07-01 09:27:00,A,24230.7,24250.7,36,5,21905.0,2,19240.0,False,True,LEAVE,B2026-07-01 09:26:00,A2026-07-01 09:18:00,290,True,WATCH,WATCH,leave_into_recycle,,leave_into_recycle,,A2026-07-01 09:18:00,33,RECYCLE,True,normal,WATCH,A2026-07-01 09:18:00,cancelled:opposite_leave,,,,,,,,,-13.5,next_choch,2026-08-31 14:35:00,-1988.95,,,,,,
1m_1m,ST5,-,2026-08-31 14:39:00,up,2026-08-31 14:35:00,B2026-07-22 10:41:00,B,24220.05,24240.05,24,33,123045.0,9,3250.0,False,True,PENDING,,A2026-07-01 09:27:00,324,True,WATCH,REENTER,,,,,,,,,,WATCH_EDGE,B2026-07-22 10:41:00,reenter,watch_edge,reenter_close,2026-08-31 14:40:00,1,6.55,1,1,setup,6.5,next_choch,2026-08-31 15:05:00,-689.43,REENTER,2026-08-31 14:40:00,0.7,next_choch,2026-08-31 15:05:00,-1066.44
1m_1m,ST5,-,2026-09-01 09:22:00,down,2026-09-01 09:15:00,A2026-07-23 09:27:00,A,24180.0,24200.0,10,6,100750.0,1,195.0,False,True,LEAVE,B2026-07-01 09:26:00,B2026-07-08 15:17:00,7,False,WATCH,WATCH,,,leave_vol_fail,,B2026-07-08 15:17:00,15,ACCEPTED,False,gap,WATCH,B2026-07-08 15:17:00,cancelled:opposite_leave,,,,,,,,,-18.4,next_choch,2026-09-01 10:48:00,-2306.81,,,,,,
1m_1m,ST5,-,2026-09-01 10:50:00,up,2026-09-01 10:48:00,A2026-07-23 09:27:00,A,24180.0,24200.0,11,26,146835.0,1,195.0,False,True,PENDING,,B2026-07-22 12:36:00,95,True,WATCH,WATCH,,,,,,,,,,WATCH_EDGE,A2026-07-23 09:27:00,armed_expired:opposite_leave,,,,,,,,,44.0,next_choch,2026-09-01 12:51:00,1748.21,,,,,,
1m_1m,ST5,-,2026-09-01 12:54:00,down,2026-09-01 12:51:00,B2026-07-01 09:26:00,B,24247.25,24267.25,41,12,15730.0,18,8645.0,False,True,PENDING,,A2026-07-01 09:27:00,219,True,BLOCK,BLOCK,hunt_fade,,,,,,,,,,,,,,,,,,,,202.6,next_choch,2026-09-02 14:32:00,12057.71,,,,,,
1m_1m,ST5,-,2026-09-02 14:33:00,up,2026-09-02 14:32:00,B2026-07-23 14:52:00,B,24022.0,24042.0,5,3,29510.0,15,6890.0,False,True,LEAVE,B2026-07-24 12:52:00,B2026-07-23 13:10:00,318,True,WATCH,WATCH,leave_into_recycle,,leave_into_recycle,,B2026-07-23 13:10:00,7,RECYCLE,True,normal,WATCH,B2026-07-23 13:10:00,cancelled:opposite_leave,,,,,,,,,-21.3,next_choch,2026-09-02 14:43:00,-2492.71,,,,,,
1m_1m,ST5,-,2026-09-02 14:44:00,down,2026-09-02 14:43:00,B2026-07-23 14:52:00,B,24022.0,24042.0,5,12,87360.0,15,6890.0,False,True,PENDING,,B2026-07-24 12:52:00,329,True,WATCH,WATCH,,,,,,,,,,WATCH_EDGE,B2026-07-23 14:52:00,armed_expired:back_inside,,,,,,,,,12.3,next_choch,2026-09-02 15:22:00,-308.53,,,,,,
1m_1m,ST5,-,2026-09-02 15:26:00,down,2026-09-02 15:25:00,B2026-07-24 13:28:00,B,23996.1,24016.1,11,16,115765.0,9,2015.0,False,True,ACCEPTED,,B2026-07-24 13:28:00,371,True,BLOCK,BLOCK,clock,,,,,,,,,,,,,,,,,,,,-108.3,stop_loss,2026-09-03 09:15:00,-8147.51,,,,,,
1m_1m,ST5,-,2026-09-03 09:16:00,up,2026-09-03 09:15:00,B2026-07-27 10:05:00,B,24120.0,24140.0,5,1,57005.0,9,5395.0,False,True,LEAVE,B2026-07-24 13:28:00,B2026-07-27 10:05:00,1,False,BLOCK,BLOCK,open_pierce,,,,B2026-07-27 10:05:00,5,RECYCLE,True,gap,,,,,,,,,,,,-23.0,next_choch,2026-09-03 09:22:00,-2604.5,,,,,,
1m_1m,ST5,-,2026-09-03 09:24:00,down,2026-09-03 09:22:00,B2026-07-23 12:39:00,B,24085.5,24105.5,7,6,111670.0,10,24765.0,False,True,LEAVE,B2026-07-27 10:05:00,B2026-09-01 14:45:00,9,True,BLOCK,BLOCK,open_pierce,,,,B2026-09-01 14:45:00,3,ACCEPTED,False,normal,,,,,,,,,,,,-28.6,stop_loss,2026-09-03 09:30:00,-2968.14,,,,,,
1m_1m,ST5,-,2026-09-03 09:33:00,up,2026-09-03 09:30:00,A2026-09-02 09:15:00,A,24100.9,24120.9,2,4,43615.0,1,11505.0,False,False,LEAVE,B2026-09-01 14:45:00,A2026-09-02 09:15:00,18,True,WATCH,WATCH,,,leave_vol_fail,,A2026-09-02 09:15:00,2,RECYCLE,False,normal,WATCH,A2026-09-02 09:15:00,replaced,,,,,,,,,17.9,next_choch,2026-09-03 10:13:00,53.58,,,,,,
1m_1m,ST5,-,2026-09-03 10:15:00,down,2026-09-03 10:13:00,B2026-07-27 10:05:00,B,24120.0,24140.0,7,14,45305.0,9,5395.0,False,True,PENDING,,A2026-09-02 09:15:00,60,True,WATCH,WATCH,,,,,,,,,,WATCH_EDGE,B2026-07-27 10:05:00,armed_expired:back_inside,,,,,,,,,21.3,next_choch,2026-09-03 11:35:00,274.84,,,,,,
1m_1m,ST5,-,2026-09-03 11:47:00,down,2026-09-03 11:41:00,B2026-09-01 14:45:00,B,24075.0,24095.0,7,6,17160.0,9,84370.0,False,False,LEAVE,B2026-07-23 12:39:00,B2026-09-01 14:45:00,152,True,WATCH,WATCH,leave_into_recycle,,leave_into_recycle,,B2026-09-01 14:45:00,7,THIN,True,normal,WATCH,B2026-09-01 14:45:00,reenter,,,,,,,,,33.9,next_choch,2026-09-03 12:54:00,1094.58,,,,,,
1m_1m,ST5,-,2026-09-03 13:02:00,down,2026-09-03 13:01:00,B2026-07-23 14:52:00,B,24022.0,24042.0,7,42,272220.0,15,6890.0,False,True,ACCEPTED,,B2026-07-23 14:52:00,227,True,REENTER,REENTER,,watch,,,,,,,,,,,watch,setup_close,2026-09-03 13:02:00,0,46.3,71,69,setup,-16.3,stop_loss,2026-09-03 13:05:00,-2167.75,REENTER,2026-09-03 13:02:00,-16.3,stop_loss,2026-09-03 13:05:00,-2167.75
1m_1m,ST5,-,2026-09-03 13:11:00,up,2026-09-03 13:05:00,B2026-07-23 13:10:00,B,24038.45,24058.45,10,1,2340.0,9,5005.0,False,True,LEAVE,B2026-07-23 14:52:00,B2026-07-23 13:10:00,236,True,WATCH,WATCH,,,leave_vol_fail,,B2026-07-23 13:10:00,10,REJECT,False,normal,WATCH,B2026-07-23 13:10:00,cancelled:opposite_leave,,,,,,,,,-10.0,next_choch,2026-09-03 13:21:00,-1758.37,,,,,,
1m_1m,ST5,-,2026-09-03 13:23:00,down,2026-09-03 13:21:00,B2026-07-23 14:52:00,B,24022.0,24042.0,8,3,13000.0,15,6890.0,False,True,LEAVE,B2026-07-23 13:10:00,B2026-07-23 14:52:00,248,True,WATCH,WATCH,leave_into_recycle,,leave_into_recycle,,B2026-07-23 14:52:00,8,REJECT,True,normal,WATCH,B2026-07-23 14:52:00,armed_expired:back_inside,,,,,,,,,-19.9,stop_loss,2026-09-03 13:33:00,-2401.78,,,,,,
1m_1m,ST5,-,2026-09-03 14:29:00,up,2026-09-03 14:20:00,B2026-07-23 14:52:00,B,24022.0,24042.0,11,28,42055.0,15,6890.0,False,True,ACCEPTED,,B2026-07-23 14:52:00,314,True,WATCH,WATCH,,,accepted_no_defend,,,,,,,WATCH,B2026-07-23 14:52:00,replaced,,,,,,,,,-14.9,stop_loss,2026-09-03 14:40:00,-2076.7,,,,,,
1m_1m,ST5,-,2026-09-03 14:43:00,down,2026-09-03 14:40:00,B2026-07-23 14:52:00,B,24022.0,24042.0,11,42,100685.0,15,6890.0,False,True,ACCEPTED,,B2026-07-23 14:52:00,328,True,WATCH,WATCH,,,accepted_no_defend,,,,,,,WATCH,B2026-07-23 14:52:00,armed_expired:back_inside,,,,,,,,,7.1,next_choch,2026-09-03 14:56:00,-646.58,,,,,,
1m_1m,ST5,-,2026-09-03 15:07:00,down,2026-09-03 15:05:00,B2026-07-24 13:28:00,B,23996.1,24016.1,12,1,11635.0,9,2015.0,False,True,LEAVE,B2026-07-24 12:52:00,B2026-07-24 13:28:00,352,True,WATCH,WATCH,,,leave_vol_fail,,B2026-07-24 13:28:00,12,RECYCLE,False,normal,WATCH,B2026-07-24 13:28:00,armed_expired:session_end,,,,,,,,,-24.0,stop_loss,2026-09-04 09:15:00,-2667.81,,,,,,
1m_1m,ST5,-,2026-09-04 09:45:00,up,2026-09-04 09:40:00,B2026-07-23 14:52:00,B,24022.0,24042.0,12,15,129090.0,15,6890.0,False,True,PENDING,,B2026-07-23 13:10:00,30,True,WATCH,REENTER,,,,,,,,,,WATCH_EDGE,B2026-07-23 14:52:00,reenter,watch_edge,reenter_close,2026-09-04 09:46:00,1,8.0,1,1,setup,32.0,next_choch,2026-09-04 12:12:00,971.0,REENTER,2026-09-04 09:46:00,30.0,next_choch,2026-09-04 12:12:00,841.0
1m_1m,ST5,-,2026-09-04 12:13:00,down,2026-09-04 12:12:00,B2026-09-01 14:45:00,B,24075.0,24095.0,11,12,43550.0,9,84370.0,False,False,LEAVE,A2026-09-02 09:15:00,B2026-09-01 14:45:00,178,True,WATCH,WATCH,,,leave_vol_fail,,B2026-09-01 14:45:00,11,RECYCLE,False,normal,WATCH,B2026-09-01 14:45:00,replaced,,,,,,,,,9.5,next_choch,2026-09-04 12:49:00,-491.47,,,,,,
1m_1m,ST5,-,2026-09-04 12:53:00,up,2026-09-04 12:49:00,B2026-07-23 12:51:00,B,24048.5,24068.5,18,27,93925.0,10,17550.0,False,True,ACCEPTED,,B2026-07-23 12:51:00,218,True,WATCH,WATCH,,,accepted_no_defend,,,,,,,WATCH,B2026-07-23 12:51:00,cancelled:opposite_take,,,,,,,,,-12.0,stop_loss,2026-09-04 12:56:00,-1888.71,,,,,,
1m_1m,ST5,-,2026-09-04 12:57:00,down,2026-09-04 12:56:00,B2026-07-23 12:51:00,B,24048.5,24068.5,18,31,117130.0,10,17550.0,False,True,ACCEPTED,,B2026-07-23 12:51:00,222,True,TAKE,TAKE,,defend,,,,,,,,,,,,setup_close,2026-09-04 12:57:00,0,,,,,-16.7,stop_loss,2026-09-04 13:10:00,-2194.14,TAKE,2026-09-04 12:57:00,-16.7,stop_loss,2026-09-04 13:10:00,-2194.14
1m_1m,ST5,-,2026-09-04 13:16:00,up,2026-09-04 13:10:00,B2026-07-23 15:10:00,B,24062.6,24082.6,10,6,12740.0,9,3445.0,False,True,LEAVE,B2026-07-23 12:51:00,B2026-07-23 15:10:00,241,True,WATCH,WATCH,,,leave_vol_fail,,B2026-07-23 15:10:00,10,RECYCLE,False,normal,WATCH,B2026-07-23 15:10:00,armed_expired:back_inside,,,,,,,,,-21.0,next_choch,2026-09-04 13:32:00,-2473.8,,,,,,
1m_1m,ST5,-,2026-09-04 13:33:00,down,2026-09-04 13:32:00,B2026-07-23 12:51:00,B,24048.5,24068.5,19,1,3445.0,10,17550.0,False,True,LEAVE,B2026-07-23 15:10:00,B2026-07-23 12:51:00,258,True,WATCH,WATCH,leave_into_recycle,,leave_into_recycle,,B2026-07-23 12:51:00,19,RECYCLE,True,normal,WATCH,B2026-07-23 12:51:00,replaced,,,,,,,,,-12.9,stop_loss,2026-09-04 13:39:00,-1947.23,,,,,,
1m_1m,ST5,-,2026-09-04 13:40:00,up,2026-09-04 13:39:00,B2026-07-23 12:51:00,B,24048.5,24068.5,19,7,10270.0,10,17550.0,False,True,PENDING,,B2026-07-23 15:10:00,265,False,WATCH,WATCH,,,,,,,,,,WATCH_EDGE,B2026-07-23 12:51:00,replaced,,,,,,,,,2.7,next_choch,2026-09-04 13:49:00,-933.48,,,,,,
1m_1m,ST5,-,2026-09-04 13:51:00,down,2026-09-04 13:49:00,B2026-07-23 15:10:00,B,24062.6,24082.6,12,5,7280.0,9,3445.0,False,True,PENDING,,B2026-07-23 12:51:00,276,True,WATCH,WATCH,,,,,,,,,,WATCH_EDGE,B2026-07-23 15:10:00,replaced,,,,,,,,,-0.5,next_choch,2026-09-04 14:03:00,-1141.24,,,,,,
1m_1m,ST5,-,2026-09-04 14:06:00,up,2026-09-04 14:03:00,B2026-07-23 15:10:00,B,24062.6,24082.6,14,1,910.0,9,3445.0,False,True,LEAVE,B2026-07-23 12:51:00,B2026-07-23 15:10:00,291,True,WATCH,WATCH,leave_into_recycle,,leave_into_recycle,,B2026-07-23 15:10:00,14,REJECT,True,normal,WATCH,B2026-07-23 15:10:00,armed_expired:back_inside,,,,,,,,,-9.9,next_choch,2026-09-04 14:39:00,-1752.32,,,,,,
1m_1m,ST5,-,2026-09-04 14:44:00,down,2026-09-04 14:39:00,B2026-07-23 15:10:00,B,24062.6,24082.6,15,6,9230.0,9,3445.0,False,True,LEAVE,B2026-09-01 14:45:00,B2026-07-23 12:51:00,329,True,WATCH,WATCH,,,leave_vol_fail,,B2026-07-23 12:51:00,21,RECYCLE,False,normal,WATCH,B2026-07-23 12:51:00,armed_expired:session_end,,,,,,,,,-11.6,stop_loss,2026-09-04 14:50:00,-1862.75,,,,,,
1m_1m,ST5,-,2026-09-04 15:22:00,down,2026-09-04 15:20:00,B2026-07-23 13:10:00,B,24038.45,24058.45,15,2,10530.0,9,5005.0,False,True,LEAVE,B2026-07-23 12:51:00,B2026-07-23 13:10:00,367,True,BLOCK,BLOCK,clock,,,,B2026-07-23 13:10:00,15,RECYCLE,True,normal,,,,,,,,,,,,854.3,open,2026-09-25 15:29:00,54423.41,,,,,,
all-data_1m,ST5_FB,W-ATR2,2026-07-08 09:34:00,down,2026-07-08 09:30:00,B2026-07-02 14:48:00,B,24507.5,24527.5,5,2,1430.0,15,6565.0,True,True,RECYCLE,,B2026-07-02 14:48:00,19,True,WATCH,WATCH,,,,,,,,,,WATCH,B2026-07-02 14:48:00,armed_expired:back_inside,,,,,,,,,-14.6,stop_loss,2026-07-08 09:42:00,-416.14,,,,,,
all-data_1m,ST5_FB,W-ATR2,2026-07-08 10:12:00,up,2026-07-08 10:11:00,A2026-07-08 10:05:00,A,24530.0,24550.0,2,3,3510.0,8,2925.0,True,True,LEAVE,B2026-07-02 14:48:00,A2026-07-08 10:05:00,57,True,WATCH,WATCH,leave_into_recycle,,leave_into_recycle,,A2026-07-08 10:05:00,2,RECYCLE,,normal,WATCH,A2026-07-08 10:05:00,cancelled:opposite_leave,,,,,,,,,-23.0,stop_loss,2026-07-08 10:14:00,,,,,,,
all-data_1m,ST5_FB,W-ATR2,2026-07-08 10:24:00,down,2026-07-08 10:14:00,A2026-07-08 10:05:00,A,24530.0,24550.0,3,7,910.0,8,2925.0,True,True,PENDING,,B2026-07-02 14:48:00,69,False,WATCH,REENTER,,,,,,,,,,WATCH_EDGE,A2026-07-08 10:05:00,reenter,watch_edge,reenter_close,2026-07-08 10:25:00,1,10.0,1,1,fill,-25.0,stop_loss,2026-07-08 10:31:00,-1404.73,REENTER,2026-07-08 10:25:00,-15.1,stop_loss,2026-07-08 10:30:00,-1083.22
all-data_1m,ST5_FB,W-ATR2,2026-07-08 10:37:00,up,2026-07-08 10:31:00,A2026-07-08 10:05:00,A,24530.0,24550.0,4,4,65.0,8,2925.0,True,True,PENDING,,A2026-07-08 09:54:00,82,True,WATCH,REENTER,,,,,,,,,,WATCH_EDGE,A2026-07-08 10:05:00,reenter,watch_edge,reenter_close,2026-07-08 10:38:00,1,14.0,1,1,fill,-8.1,next_choch,2026-07-08 11:40:00,,REENTER,2026-07-08 10:38:00,-14.0,next_choch,2026-07-08 11:40:00,
all-data_1m,ST5_FB,W-ATR2,2026-07-08 11:44:00,down,2026-07-08 11:40:00,A2026-07-08 09:54:00,A,24550.0,24570.0,7,8,845.0,4,910.0,True,True,LEAVE,B2026-07-08 11:27:00,A2026-07-08 10:05:00,149,True,WATCH,WATCH,leave_into_recycle,,leave_into_recycle,,A2026-07-08 10:05:00,4,RECYCLE,,normal,WATCH,A2026-07-08 10:05:00,cancelled:opposite_leave,,,,,,,,,-11.6,stop_loss,2026-07-08 11:48:00,,,,,,,
all-data_1m,ST5_FB,W-ATR2,2026-07-09 09:28:00,up,2026-07-09 09:24:00,B2026-07-01 09:47:00,B,24275.1,24295.1,4,4,2925.0,15,5395.0,True,True,PENDING,,,13,True,BLOCK,BLOCK,hunt_fade,,,,,,,,,,,,,,,,,,,,-16.0,stop_loss,2026-07-09 09:32:00,-989.83,,,,,,
all-data_1m,ST5_FB,W-ATR2,2026-07-09 09:35:00,up,2026-07-09 09:34:00,B2026-07-01 10:04:00,B,24307.95,24327.95,8,1,260.0,14,5070.0,True,True,LEAVE,B2026-07-01 09:47:00,B2026-07-01 10:04:00,20,True,BLOCK,BLOCK,hunt_fade,,,,B2026-07-01 10:04:00,8,RECYCLE,,normal,,,,,,,,,,,,-20.7,next_choch,2026-07-09 09:58:00,232.31,,,,,,
all-data_1m,ST5_FB,W-ATR2,2026-07-09 10:01:00,up,2026-07-09 10:00:00,B2026-07-01 11:41:00,B,24333.2,24353.2,4,1,585.0,9,1495.0,True,True,LEAVE,A2026-07-09 09:44:00,B2026-07-01 11:41:00,46,False,WATCH,WATCH,leave_into_recycle,,leave_into_recycle,,B2026-07-01 11:41:00,4,RECYCLE,,normal,WATCH,B2026-07-01 11:41:00,cancelled:opposite_leave,,,,,,,,,-24.3,next_choch,2026-07-09 10:14:00,-766.76,,,,,,
all-data_1m,ST5_FB,W-ATR2,2026-07-09 10:15:00,down,2026-07-09 10:14:00,B2026-07-01 10:04:00,B,24307.95,24327.95,11,1,65.0,14,5070.0,True,True,LEAVE,B2026-07-01 11:10:00,B2026-07-01 10:04:00,60,True,WATCH,WATCH,leave_into_recycle,,leave_into_recycle,,B2026-07-01 10:04:00,11,RECYCLE,,normal,WATCH,B2026-07-01 10:04:00,armed_expired:opposite_leave,,,,,,,,,-22.8,stop_loss,2026-07-09 10:41:00,,,,,,,
all-data_1m,ST5_FB,W-ATR2,2026-07-09 10:42:00,up,2026-07-09 10:41:00,,,,,,,,,,True,,LEAVE,B2026-07-01 09:47:00,,87,,TAKE,TAKE,,leave,,,,,,,normal,,,,,setup_close,2026-07-09 10:42:00,0,,,,,-112.9,stop_loss,2026-07-09 11:00:00,-4534.01,TAKE,2026-07-09 10:42:00,-112.9,stop_loss,2026-07-09 11:00:00,-4534.01
all-data_1m,ST5_FB,W-ATR2,2026-07-09 11:01:00,down,2026-07-09 11:00:00,B2026-07-01 09:47:00,B,24275.1,24295.1,9,1,455.0,15,5395.0,True,True,LEAVE,A2026-07-09 09:44:00,B2026-07-01 09:47:00,106,True,WATCH,WATCH,leave_into_recycle,,leave_into_recycle,,B2026-07-01 09:47:00,9,RECYCLE,,normal,WATCH,B2026-07-01 09:47:00,cancelled:opposite_leave,,,,,,,,,-26.1,stop_loss,2026-07-09 11:05:00,,,,,,,
all-data_1m,ST5_FB,W-ATR2,2026-07-09 12:03:00,up,2026-07-09 11:59:00,B2026-07-01 11:41:00,B,24333.2,24353.2,6,4,520.0,9,1495.0,True,True,LEAVE,B2026-07-01 11:10:00,B2026-07-01 11:41:00,168,True,BLOCK,BLOCK,hunt_fade,,,,B2026-07-01 11:41:00,6,RECYCLE,,normal,,,,,,,,,,,,-1.5,stop_loss,2026-07-09 12:07:00,-260.57,,,,,,
all-data_1m,ST5_FB,W-ATR2,2026-07-09 12:40:00,down,2026-07-09 12:35:00,B2026-07-01 11:10:00,B,24319.5,24339.5,12,6,195.0,9,390.0,True,True,LEAVE,B2026-07-01 10:34:00,B2026-07-01 11:10:00,205,False,WATCH,WATCH,leave_into_recycle,,leave_into_recycle,,B2026-07-01 11:10:00,12,RECYCLE,,normal,WATCH,B2026-07-01 11:10:00,armed_expired:opposite_leave,,,,,,,,,-26.3,next_choch,2026-07-09 12:55:00,-772.67,,,,,,
all-data_1m,ST5_FB,W-ATR2,2026-07-09 13:29:00,down,2026-07-09 13:28:00,B2026-07-01 10:04:00,B,24307.95,24327.95,14,1,260.0,14,5070.0,True,True,LEAVE,B2026-07-01 11:41:00,B2026-07-01 10:04:00,254,True,BLOCK,BLOCK,hunt_fade,,,,B2026-07-01 10:04:00,14,RECYCLE,,normal,,,,,,,,,,,,-18.9,stop_loss,2026-07-09 13:35:00,-1015.45,,,,,,
all-data_1m,ST5_FB,W-ATR2,2026-07-09 13:38:00,up,2026-07-09 13:35:00,B2026-07-01 10:34:00,B,24343.95,24363.95,19,3,585.0,12,1885.0,True,True,LEAVE,B2026-07-01 11:10:00,B2026-07-01 10:34:00,263,False,WATCH,WATCH,leave_into_recycle,,leave_into_recycle,,B2026-07-01 10:34:00,19,RECYCLE,,normal,WATCH,B2026-07-01 10:34:00,cancelled:opposite_leave,,,,,,,,,-25.7,stop_loss,2026-07-09 13:52:00,-929.29,,,,,,
all-data_1m,ST5_FB,W-ATR2,2026-07-09 13:56:00,down,2026-07-09 13:52:00,B2026-07-01 11:10:00,B,24319.5,24339.5,15,3,195.0,9,390.0,True,True,HUNT,,B2026-07-01 11:10:00,281,True,WATCH,WATCH,,,,,,,,,,WATCH,B2026-07-01 11:10:00,armed_expired:back_inside,,,,,,,,,-99.2,stop_loss,2026-07-10 09:15:00,,,,,,,
all-data_1m,ST5_FB,W-ATR2,2026-07-10 09:16:00,up,2026-07-10 09:15:00,B2026-07-02 10:31:00,B,24429.85,24449.85,6,1,3185.0,11,1040.0,True,True,LEAVE,B2026-07-01 09:26:00,B2026-07-02 10:31:00,1,False,BLOCK,BLOCK,open_pierce,,,,B2026-07-02 10:31:00,6,RECYCLE,,gap,,,,,,,,,,,,0.0,next_choch,2026-07-10 11:16:00,-483.55,,,,,,
all-data_1m,ST5_FB,W-ATR2,2026-07-10 11:37:00,up,2026-07-10 11:34:00,B2026-07-02 10:31:00,B,24429.85,24449.85,8,11,715.0,11,1040.0,True,True,PENDING,,B2026-07-02 09:32:00,142,True,WATCH,WATCH,,,,,,,,,,WATCH_EDGE,B2026-07-02 10:31:00,armed_expired:back_inside,,,,,,,,,-8.0,stop_loss,2026-07-10 11:38:00,,,,,,,
all-data_1m,ST5_FB,W-ATR2,2026-07-10 12:01:00,up,2026-07-10 12:00:00,B2026-07-02 09:32:00,B,24446.6,24466.6,15,1,65.0,11,3965.0,True,True,LEAVE,B2026-07-02 10:31:00,B2026-07-02 09:32:00,166,True,WATCH,WATCH,leave_into_recycle,,leave_into_recycle,,B2026-07-02 09:32:00,15,RECYCLE,,normal,WATCH,B2026-07-02 09:32:00,cancelled:opposite_leave,,,,,,,,,-20.9,stop_loss,2026-07-10 12:12:00,-880.67,,,,,,
all-data_1m,ST5_FB,W-ATR2,2026-07-10 12:26:00,up,2026-07-10 12:19:00,B2026-07-02 10:31:00,B,24429.85,24449.85,10,14,1040.0,11,1040.0,True,True,PENDING,,B2026-07-02 09:32:00,191,True,WATCH,WATCH,,,,,,,,,,WATCH_EDGE,B2026-07-02 10:31:00,replaced,,,,,,,,,-4.9,next_choch,2026-07-10 13:10:00,-198.72,,,,,,
all-data_1m,ST5_FB,W-ATR2,2026-07-10 13:16:00,down,2026-07-10 13:10:00,B2026-07-02 09:32:00,B,24446.6,24466.6,17,3,130.0,11,3965.0,True,True,PENDING,,B2026-07-02 10:31:00,241,True,WATCH,WATCH,,,,,,,,,,WATCH_EDGE,B2026-07-02 09:32:00,armed_expired:back_inside,,,,,,,,,-13.3,next_choch,2026-07-10 13:34:00,-201.57,,,,,,
all-data_1m,ST5_FB,W-ATR2,2026-07-10 13:40:00,up,2026-07-10 13:34:00,B2026-07-02 09:32:00,B,24446.6,24466.6,18,6,1560.0,11,3965.0,True,True,LEAVE,B2026-07-02 10:31:00,B2026-07-02 09:32:00,265,True,BLOCK,BLOCK,hunt_fade,,,,B2026-07-02 09:32:00,18,RECYCLE,,normal,,,,,,,,,,,,-28.0,stop_loss,2026-07-10 14:09:00,-2065.26,,,,,,
all-data_1m,ST5_FB,W-ATR2,2026-07-10 14:24:00,up,2026-07-10 14:23:00,B2026-07-02 09:54:00,B,24465.0,24485.0,9,1,130.0,17,4160.0,True,True,LEAVE,B2026-07-02 09:32:00,B2026-07-02 09:54:00,309,True,WATCH,WATCH,leave_into_recycle,,leave_into_recycle,,B2026-07-02 09:54:00,9,REJECT,,normal,WATCH,B2026-07-02 09:54:00,armed_expired:opposite_leave,,,,,,,,,-7.5,next_choch,2026-07-10 14:52:00,182.92,,,,,,
all-data_1m,ST5_FB,W-ATR2,2026-07-10 14:58:00,down,2026-07-10 14:52:00,B2026-07-02 09:32:00,B,24446.6,24466.6,20,5,715.0,11,3965.0,True,True,HUNT,,B2026-07-02 09:32:00,343,True,WATCH,WATCH,,,,,,,,,,WATCH,B2026-07-02 09:32:00,cancelled:opposite_leave,,,,,,,,,-13.8,next_choch,2026-07-10 15:00:00,-1983.19,,,,,,
all-data_1m,ST5_FB,W-ATR2,2026-07-10 15:26:00,up,2026-07-10 15:23:00,B2026-07-02 09:54:00,B,24465.0,24485.0,10,24,5525.0,17,4160.0,True,True,ACCEPTED,,B2026-07-02 09:54:00,371,True,BLOCK,BLOCK,clock,,,,,,,,,,,,,,,,,,,,-193.4,stop_loss,2026-07-13 09:15:00,-8219.62,,,,,,
all-data_1m,ST5_FB,W-ATR2,2026-07-13 09:49:00,up,2026-07-13 09:48:00,B2026-07-01 10:34:00,B,24343.95,24363.95,21,1,845.0,12,1885.0,True,True,LEAVE,B2026-07-01 11:10:00,B2026-07-01 10:34:00,34,False,WATCH,WATCH,leave_into_recycle,,leave_into_recycle,,B2026-07-01 10:34:00,21,RECYCLE,,normal,WATCH,B2026-07-01 10:34:00,armed_expired:back_inside,,,,,,,,,-19.7,stop_loss,2026-07-14 09:15:00,747.04,,,,,,
all-data_1m,ST5_FB,W-ATR2,2026-07-14 09:35:00,down,2026-07-14 09:30:00,B2026-07-01 12:19:00,B,24365.35,24385.35,18,11,4745.0,12,1365.0,True,True,PENDING,,B2026-07-01 13:25:00,20,True,WATCH,REENTER,,,,,,,,,,WATCH_EDGE,B2026-07-01 12:19:00,reenter,watch_edge,reenter_close,2026-07-14 09:36:00,1,9.85,1,1,setup,25.0,next_choch,2026-07-14 10:32:00,40.66,REENTER,2026-07-14 09:36:00,19.5,next_choch,2026-07-14 10:32:00,-264.97
all-data_1m,ST5_FB,W-ATR2,2026-07-14 10:33:00,up,2026-07-14 10:32:00,B2026-07-01 11:41:00,B,24333.2,24353.2,12,1,260.0,9,1495.0,True,True,LEAVE,B2026-07-01 10:04:00,B2026-07-01 11:41:00,78,False,WATCH,WATCH,leave_into_recycle,,leave_into_recycle,,B2026-07-01 11:41:00,12,RECYCLE,,normal,WATCH,B2026-07-01 11:41:00,cancelled:opposite_leave,,,,,,,,,-16.7,stop_loss,2026-07-14 10:37:00,-1145.51,,,,,,
all-data_1m,ST5_FB,W-ATR2,2026-07-14 10:38:00,down,2026-07-14 10:37:00,B2026-07-01 11:10:00,B,24319.5,24339.5,21,2,520.0,9,390.0,True,True,LEAVE,B2026-07-01 11:41:00,A2026-07-09 09:44:00,83,True,WATCH,WATCH,leave_into_recycle,,leave_into_recycle,,A2026-07-09 09:44:00,16,RECYCLE,,normal,WATCH,A2026-07-09 09:44:00,cancelled:opposite_leave,,,,,,,,,-32.3,stop_loss,2026-07-14 10:49:00,-1162.42,,,,,,
all-data_1m,ST5_FB,W-ATR2,2026-07-14 10:52:00,up,2026-07-14 10:49:00,B2026-07-01 11:10:00,B,24319.5,24339.5,22,2,195.0,9,390.0,True,True,LEAVE,B2026-07-01 10:04:00,B2026-07-01 10:34:00,97,False,WATCH,WATCH,leave_into_recycle,,leave_into_recycle,,B2026-07-01 10:34:00,24,RECYCLE,,normal,WATCH,B2026-07-01 10:34:00,cancelled:opposite_leave,,,,,,,,,-4.6,next_choch,2026-07-14 11:37:00,96.69,,,,,,
all-data_1m,ST5_FB,W-ATR2,2026-07-14 11:38:00,down,2026-07-14 11:37:00,B2026-07-01 11:41:00,B,24333.2,24353.2,14,1,130.0,9,1495.0,True,True,LEAVE,B2026-07-01 13:25:00,B2026-07-01 11:41:00,143,True,BLOCK,BLOCK,hunt_fade,,,,B2026-07-01 11:41:00,14,RECYCLE,,normal,,,,,,,,,,,,-12.0,next_choch,2026-07-15 09:16:00,-993.99,,,,,,
all-data_1m,ST5_FB,W-ATR2,2026-07-15 09:17:00,up,2026-07-15 09:16:00,B2026-07-01 10:34:00,B,24343.95,24363.95,27,1,910.0,12,1885.0,True,True,LEAVE,B2026-07-01 09:26:00,B2026-07-01 12:19:00,2,True,BLOCK,BLOCK,open_pierce,,,,B2026-07-01 12:19:00,18,ACCEPTED,,gap,,,,,,,,,,,,35.0,next_choch,2026-07-15 12:33:00,1482.13,,,,,,
all-data_1m,ST5_FB,W-ATR2,2026-07-15 12:36:00,down,2026-07-15 12:33:00,B2026-07-02 11:39:00,B,24402.5,24422.5,11,7,520.0,10,455.0,True,True,LEAVE,B2026-07-02 11:28:00,B2026-07-13 12:10:00,201,True,WATCH,WATCH,leave_into_recycle,,leave_into_recycle,,B2026-07-13 12:10:00,2,RECYCLE,,normal,WATCH,B2026-07-13 12:10:00,replaced,,,,,,,,,86.0,next_choch,2026-07-15 13:59:00,,,,,,,
all-data_1m,ST5_FB,W-ATR2,2026-07-15 14:00:00,up,2026-07-15 13:59:00,B2026-07-01 11:10:00,B,24319.5,24339.5,27,1,1300.0,9,390.0,True,True,LEAVE,A2026-07-09 09:44:00,B2026-07-01 11:10:00,285,False,WATCH,WATCH,leave_into_recycle,,leave_into_recycle,,B2026-07-01 11:10:00,27,RECYCLE,,normal,WATCH,B2026-07-01 11:10:00,cancelled:opposite_leave,,,,,,,,,-26.7,next_choch,2026-07-15 14:06:00,-190.63,,,,,,
all-data_1m,ST5_FB,W-ATR2,2026-07-15 14:15:00,up,2026-07-15 14:08:00,B2026-07-01 10:04:00,B,24307.95,24327.95,29,12,4745.0,14,5070.0,True,True,PENDING,,B2026-07-01 11:10:00,300,True,WATCH,REENTER,,,,,,,,,,WATCH_EDGE,B2026-07-01 10:04:00,reenter,watch_edge,reenter_close,2026-07-15 14:16:00,1,3.45,1,1,setup,-15.0,next_choch,2026-07-15 14:51:00,-1474.28,REENTER,2026-07-15 14:16:00,-31.3,band_reclaim,2026-07-15 14:25:00,-716.81
all-data_1m,ST5_FB,W-ATR2,2026-07-15 15:02:00,down,2026-07-15 14:51:00,B2026-07-01 10:04:00,B,24307.95,24327.95,32,1,0.0,14,5070.0,True,True,PENDING,,A2026-07-09 09:44:00,347,False,WATCH,REENTER,,,,,,,,,,WATCH_EDGE,B2026-07-01 10:04:00,reenter,watch_edge,reenter_close,2026-07-15 15:03:00,1,7.95,1,1,fill,-12.7,stop_loss,2026-07-15 15:25:00,-436.63,REENTER,2026-07-15 15:03:00,-19.6,band_reclaim,2026-07-15 15:25:00,-420.4
all-data_1m,ST5_FB,W-ATR2,2026-07-16 09:15:00,up,2026-07-15 15:29:00,B2026-07-01 10:04:00,B,24307.95,24327.95,33,9,1625.0,14,5070.0,True,True,PENDING,,B2026-07-01 12:19:00,0,True,BLOCK,BLOCK,open_pierce,,,,,,,,,,,,,,,,,,,,1.4,next_choch,2026-07-16 09:28:00,603.38,,,,,,
all-data_1m,ST5_FB,W-ATR2,2026-07-16 09:34:00,down,2026-07-16 09:28:00,B2026-07-01 12:19:00,B,24365.35,24385.35,23,2,520.0,12,1365.0,True,True,LEAVE,B2026-07-13 10:41:00,B2026-07-01 12:19:00,19,True,WATCH,WATCH,leave_into_recycle,,leave_into_recycle,,B2026-07-01 12:19:00,23,RECYCLE,,normal,WATCH,B2026-07-01 12:19:00,armed_expired:opposite_leave,,,,,,,,,-19.6,next_choch,2026-07-16 09:56:00,-1049.34,,,,,,
all-data_1m,ST5_FB,W-ATR2,2026-07-16 09:59:00,up,2026-07-16 09:56:00,B2026-07-13 10:41:00,B,24380.5,24400.5,12,3,260.0,9,1755.0,True,True,LEAVE,B2026-07-01 12:19:00,B2026-07-13 10:41:00,44,True,WATCH,WATCH,leave_into_recycle,,leave_into_recycle,,B2026-07-13 10:41:00,12,RECYCLE,,normal,WATCH,B2026-07-13 10:41:00,cancelled:opposite_leave,,,,,,,,,-26.8,next_choch,2026-07-16 10:21:00,-201.12,,,,,,
all-data_1m,ST5_FB,W-ATR2,2026-07-16 10:27:00,down,2026-07-16 10:21:00,B2026-07-01 12:19:00,B,24365.35,24385.35,25,19,325.0,12,1365.0,True,True,PENDING,,B2026-07-01 13:25:00,72,True,WATCH,WATCH,,,,,,,,,,WATCH_EDGE,B2026-07-01 12:19:00,armed_expired:back_inside,,,,,,,,,-25.2,next_choch,2026-07-16 10:41:00,-821.98,,,,,,
all-data_1m,ST5_FB,W-ATR2,2026-07-16 10:45:00,up,2026-07-16 10:41:00,B2026-07-01 12:19:00,B,24365.35,24385.35,25,36,13390.0,12,1365.0,True,True,PENDING,,B2026-07-13 10:41:00,90,True,WATCH,REENTER,,,,,,,,,,WATCH_EDGE,B2026-07-01 12:19:00,reenter,watch_edge,reenter_close,2026-07-16 10:46:00,1,9.65,1,1,fill,-2.7,next_choch,2026-07-16 12:02:00,293.59,REENTER,2026-07-16 10:46:00,-2.8,next_choch,2026-07-16 12:02:00,4.75
all-data_1m,ST5_FB,W-ATR2,2026-07-16 12:17:00,down,2026-07-16 12:02:00,B2026-07-13 10:41:00,B,24380.5,24400.5,14,15,520.0,9,1755.0,True,True,LEAVE,B2026-07-02 11:39:00,B2026-07-13 10:41:00,182,True,TAKE,TAKE,,leave,,,B2026-07-13 10:41:00,14,ACCEPTED,,normal,,,,,setup_close,2026-07-16 12:17:00,0,,,,,40.0,next_choch,2026-07-16 14:17:00,,TAKE,2026-07-16 12:17:00,40.0,next_choch,2026-07-16 14:17:00,
all-data_1m,ST5_FB,W-ATR2,2026-07-16 14:25:00,down,2026-07-16 14:21:00,B2026-07-01 11:41:00,B,24333.2,24353.2,17,18,1235.0,9,1495.0,True,True,PENDING,,B2026-07-01 11:10:00,310,True,BLOCK,BLOCK,hunt_fade,,,,,,,,,,,,,,,,,,,,-16.8,stop_loss,2026-07-16 14:45:00,-441.68,,,,,,
all-data_1m,ST5_FB,W-ATR2,2026-07-16 14:47:00,up,2026-07-16 14:45:00,B2026-07-01 11:10:00,B,24319.5,24339.5,31,21,1105.0,9,390.0,True,True,PENDING,,B2026-07-01 10:34:00,332,False,WATCH,REENTER,,,,,,,,,,WATCH_EDGE,B2026-07-01 11:10:00,reenter,watch_edge,reenter_close,2026-07-16 14:48:00,1,10.5,1,1,setup,-25.0,stop_loss,2026-07-16 15:05:00,-1291.2,REENTER,2026-07-16 14:48:00,-24.4,band_reclaim,2026-07-16 15:02:00,-833.07
all-data_1m,ST5_FB,W-ATR2,2026-07-17 09:17:00,up,2026-07-17 09:16:00,B2026-07-13 10:41:00,B,24380.5,24400.5,16,2,4680.0,9,1755.0,True,True,LEAVE,B2026-07-01 11:41:00,B2026-07-13 10:41:00,2,False,BLOCK,BLOCK,open_pierce,,,,B2026-07-13 10:41:00,16,RECYCLE,,gap,,,,,,,,,,,,41.7,next_choch,2026-07-17 13:47:00,563.07,,,,,,
all-data_1m,ST5_FB,W-ATR2,2026-07-17 13:51:00,down,2026-07-17 13:47:00,B2026-07-02 10:31:00,B,24429.85,24449.85,24,11,4810.0,11,1040.0,True,True,PENDING,,B2026-07-02 11:39:00,276,True,WATCH,REENTER,,,,,,,,,,WATCH_EDGE,B2026-07-02 10:31:00,reenter,watch_edge,reenter_close,2026-07-17 13:52:00,1,13.85,1,1,setup,-25.0,stop_loss,2026-07-17 13:59:00,-1205.96,REENTER,2026-07-17 13:52:00,-24.0,stop_loss,2026-07-17 13:59:00,-1082.4
all-data_1m,ST5_FB,W-ATR2,2026-07-17 14:00:00,up,2026-07-17 13:59:00,B2026-07-02 09:32:00,B,24446.6,24466.6,40,1,715.0,11,3965.0,True,True,LEAVE,B2026-07-02 11:28:00,B2026-07-02 09:32:00,285,False,WATCH,WATCH,leave_into_recycle,,leave_into_recycle,,B2026-07-02 09:32:00,40,REJECT,,normal,WATCH,B2026-07-02 09:32:00,armed_expired:session_end,,,,,,,,,69.2,next_choch,2026-07-17 14:51:00,,,,,,,
all-data_1m,ST5_FB,W-ATR2,2026-07-17 15:23:00,up,2026-07-17 15:21:00,B2026-07-08 10:25:00,B,24517.55,24537.55,6,18,11570.0,9,1755.0,True,True,PENDING,,A2026-07-08 10:05:00,368,True,BLOCK,BLOCK,clock,,,,,,,,,,,,,,,,,,,,-44.2,stop_loss,2026-07-20 09:15:00,-793.38,,,,,,
all-data_1m,ST5_FB,W-ATR2,2026-07-20 09:16:00,down,2026-07-20 09:15:00,B2026-07-02 10:31:00,B,24429.85,24449.85,25,1,6240.0,11,1040.0,True,True,LEAVE,A2026-07-08 09:54:00,B2026-07-02 10:31:00,1,False,BLOCK,BLOCK,open_pierce,,,,B2026-07-02 10:31:00,25,RECYCLE,,gap,,,,,,,,,,,,-2.3,next_choch,2026-07-20 10:29:00,,,,,,,
all-data_1m,ST5_FB,W-ATR2,2026-07-20 11:16:00,down,2026-07-20 11:15:00,B2026-07-02 11:28:00,B,24417.5,24437.5,23,1,65.0,11,520.0,True,True,LEAVE,B2026-07-02 10:31:00,B2026-07-02 11:28:00,121,True,WATCH,WATCH,leave_into_recycle,,leave_into_recycle,,B2026-07-02 11:28:00,23,RECYCLE,,normal,WATCH,B2026-07-02 11:28:00,armed_expired:back_inside,,,,,,,,,11.2,next_choch,2026-07-20 12:11:00,256.78,,,,,,
all-data_1m,ST5_FB,W-ATR2,2026-07-20 12:16:00,up,2026-07-20 12:11:00,B2026-07-02 11:39:00,B,24402.5,24422.5,22,5,390.0,10,455.0,True,True,RECYCLE,,B2026-07-02 11:39:00,181,True,WATCH,WATCH,,,,,,,,,,WATCH,B2026-07-02 11:39:00,cancelled:opposite_leave,,,,,,,,,-21.4,stop_loss,2026-07-20 12:29:00,-1696.29,,,,,,
all-data_1m,ST5_FB,W-ATR2,2026-07-20 12:38:00,down,2026-07-20 12:29:00,B2026-07-13 12:10:00,B,24391.35,24411.35,9,3,260.0,9,1170.0,True,True,PENDING,,B2026-07-13 10:41:00,203,True,BLOCK,BLOCK,hunt_fade,,,,,,,,,,,,,,,,,,,,-6.4,next_choch,2026-07-20 12:54:00,-138.53,,,,,,
all-data_1m,ST5_FB,W-ATR2,2026-07-20 12:55:00,up,2026-07-20 12:54:00,B2026-07-13 12:10:00,B,24391.35,24411.35,10,3,845.0,9,1170.0,True,True,LEAVE,B2026-07-01 12:19:00,B2026-07-13 12:10:00,220,True,WATCH,WATCH,leave_into_recycle,,leave_into_recycle,,B2026-07-13 12:10:00,10,RECYCLE,,normal,WATCH,B2026-07-13 12:10:00,armed_expired:session_end,,,,,,,,,69.6,next_choch,2026-07-21 09:25:00,299.5,,,,,,
all-data_1m,ST5_FB,W-ATR2,2026-07-21 09:32:00,down,2026-07-21 09:25:00,B2026-07-02 09:32:00,B,24446.6,24466.6,42,1,390.0,11,3965.0,True,True,LEAVE,B2026-07-02 14:27:00,B2026-07-02 09:32:00,17,True,WATCH,WATCH,leave_into_recycle,,leave_into_recycle,,B2026-07-02 09:32:00,42,RECYCLE,,normal,WATCH,B2026-07-02 09:32:00,cancelled:opposite_leave,,,,,,,,,50.5,next_choch,2026-07-21 13:42:00,,,,,,,
all-data_1m,ST5_FB,W-ATR2,2026-07-21 14:50:00,up,2026-07-21 14:49:00,B2026-07-13 12:10:00,B,24391.35,24411.35,13,54,3055.0,9,1170.0,True,True,PENDING,,B2026-07-02 11:39:00,335,True,WATCH,WATCH,,,,,,,,,,WATCH_EDGE,B2026-07-13 12:10:00,armed_expired:session_end,,,,,,,,,5.7,next_choch,2026-07-21 15:15:00,,,,,,,
all-data_1m,ST5_FB,W-ATR2,2026-07-22 09:27:00,down,2026-07-22 09:26:00,A2026-07-09 09:44:00,A,24293.1,24313.1,31,1,1495.0,3,585.0,True,True,LEAVE,B2026-07-01 10:04:00,A2026-07-09 09:44:00,12,True,WATCH,WATCH,leave_into_recycle,,leave_into_recycle,,A2026-07-09 09:44:00,31,RECYCLE,,normal,WATCH,A2026-07-09 09:44:00,replaced,,,,,,,,,26.0,next_choch,2026-07-22 11:33:00,888.92,,,,,,
all-data_1m,ST5_FB,W-ATR2,2026-07-22 11:34:00,up,2026-07-22 11:33:00,B2026-07-01 09:47:00,B,24275.1,24295.1,26,1,390.0,15,5395.0,True,True,LEAVE,B2026-07-14 14:26:00,B2026-07-01 09:47:00,139,True,WATCH,WATCH,leave_into_recycle,,leave_into_recycle,,B2026-07-01 09:47:00,26,RECYCLE,,normal,WATCH,B2026-07-01 09:47:00,cancelled:opposite_leave,,,,,,,,,-11.9,stop_loss,2026-07-22 11:39:00,,,,,,,
all-data_1m,ST5_FB,W-ATR2,2026-07-22 12:02:00,down,2026-07-22 12:01:00,A2026-07-01 09:27:00,A,24230.7,24250.7,10,2,715.0,2,19240.0,True,True,LEAVE,B2026-07-01 09:26:00,B2026-07-22 10:41:00,167,True,TAKE,TAKE,,leave,,,B2026-07-22 10:41:00,1,FIRST_PRINT,,normal,,,,,setup_close,2026-07-22 12:02:00,0,,,,,-2.9,next_choch,2026-07-22 12:48:00,-496.06,TAKE,2026-07-22 12:02:00,-2.9,next_choch,2026-07-22 12:48:00,-496.06
all-data_1m,ST5_FB,W-ATR2,2026-07-22 12:51:00,up,2026-07-22 12:48:00,B2026-07-22 10:41:00,B,24220.05,24240.05,4,2,390.0,9,3250.0,True,True,LEAVE,B2026-07-22 12:36:00,A2026-07-01 09:27:00,216,True,BLOCK,BLOCK,hunt_fade,,,,A2026-07-01 09:27:00,10,RECYCLE,,normal,,,,,,,,,,,,-36.0,next_choch,2026-07-22 13:10:00,-1656.15,,,,,,
all-data_1m,ST5_FB,W-ATR2,2026-07-22 13:12:00,down,2026-07-22 13:10:00,A2026-07-01 09:18:00,A,24209.9,24229.9,10,11,2340.0,1,325.0,True,True,LEAVE,A2026-07-01 09:27:00,B2026-07-22 12:36:00,237,True,WATCH,WATCH,leave_into_recycle,,leave_into_recycle,,B2026-07-22 12:36:00,2,RECYCLE,,normal,WATCH,B2026-07-22 12:36:00,cancelled:opposite_leave,,,,,,,,,-23.6,stop_loss,2026-07-22 13:32:00,-577.77,,,,,,
all-data_1m,ST5_FB,W-ATR2,2026-07-22 13:35:00,up,2026-07-22 13:32:00,A2026-07-01 09:27:00,A,24230.7,24250.7,12,1,2015.0,2,19240.0,True,True,LEAVE,B2026-07-22 12:36:00,A2026-07-01 09:27:00,260,False,BLOCK,BLOCK,hunt_fade,,,,A2026-07-01 09:27:00,12,RECYCLE,,normal,,,,,,,,,,,,-37.8,next_choch,2026-07-22 13:46:00,-1825.01,,,,,,
all-data_1m,ST5_FB,W-ATR2,2026-07-22 13:54:00,down,2026-07-22 13:46:00,A2026-07-01 09:18:00,A,24209.9,24229.9,12,4,195.0,1,325.0,True,True,LEAVE,B2026-07-22 10:41:00,B2026-07-22 12:36:00,279,True,BLOCK,BLOCK,hunt_fade,,,,B2026-07-22 12:36:00,4,RECYCLE,,normal,,,,,,,,,,,,-11.5,next_choch,2026-07-22 14:53:00,-311.41,,,,,,
all-data_1m,ST5_FB,W-ATR2,2026-07-22 15:04:00,down,2026-07-22 14:58:00,B2026-07-22 12:36:00,B,24195.0,24215.0,9,6,845.0,11,7865.0,True,True,RECYCLE,,B2026-07-22 12:36:00,349,True,WATCH,WATCH,,,,,,,,,,WATCH,B2026-07-22 12:36:00,cancelled:opposite_leave,,,,,,,,,-12.0,stop_loss,2026-07-22 15:05:00,-499.62,,,,,,
all-data_1m,ST5_FB,W-ATR2,2026-07-22 15:07:00,up,2026-07-22 15:05:00,A2026-07-01 09:18:00,A,24209.9,24229.9,17,2,455.0,1,325.0,True,True,LEAVE,B2026-07-22 12:36:00,A2026-07-01 09:18:00,352,True,WATCH,WATCH,leave_into_recycle,,leave_into_recycle,,A2026-07-01 09:18:00,17,RECYCLE,,normal,WATCH,A2026-07-01 09:18:00,armed_expired:session_end,,,,,,,,,-75.9,stop_loss,2026-07-23 09:15:00,-2790.48,,,,,,
all-data_1m,ST5_FB,W-ATR2,2026-07-23 09:55:00,up,2026-07-23 09:50:00,A2026-07-23 09:47:00,A,24151.4,24171.4,1,5,4095.0,5,4095.0,True,True,LEAVE,B2026-07-23 09:39:00,A2026-07-23 09:47:00,40,True,TAKE,TAKE,,leave,,,A2026-07-23 09:47:00,1,FIRST_PRINT,,normal,,,,,setup_close,2026-07-23 09:55:00,0,,,,,4.5,next_choch,2026-07-23 11:18:00,638.19,TAKE,2026-07-23 09:55:00,4.5,next_choch,2026-07-23 11:18:00,638.19
all-data_1m,ST5_FB,W-ATR2,2026-07-23 11:21:00,down,2026-07-23 11:18:00,B2026-07-08 15:17:00,B,24168.35,24188.35,6,5,1365.0,10,15340.0,True,True,LEAVE,B2026-07-22 12:36:00,B2026-07-08 15:17:00,126,True,WATCH,WATCH,leave_into_recycle,,leave_into_recycle,,B2026-07-08 15:17:00,6,RECYCLE,,normal,WATCH,B2026-07-08 15:17:00,armed_expired:opposite_take,,,,,,,,,88.7,next_choch,2026-07-23 15:15:00,,,,,,,
all-data_1m,ST5_FB,W-ATR2,2026-07-23 15:19:00,up,2026-07-23 15:15:00,B2026-07-23 15:10:00,B,24062.6,24082.6,2,9,2535.0,9,3445.0,True,True,LEAVE,B2026-07-23 12:51:00,,364,True,TAKE,TAKE,,leave,,,,,,,normal,,,,,setup_close,2026-07-23 15:19:00,0,,,,,-10.0,stop_loss,2026-07-23 15:20:00,-113.37,TAKE,2026-07-23 15:19:00,-10.0,stop_loss,2026-07-23 15:20:00,-113.37
all-data_1m,ST5_FB,W-ATR2,2026-07-24 09:37:00,down,2026-07-24 09:15:00,,,,,,,,,,True,,LEAVE,A2026-07-24 09:22:00,,22,,TAKE,TAKE,,leave,,,,,,,normal,,,,,setup_close,2026-07-24 09:37:00,0,,,,,-25.1,next_choch,2026-07-24 11:50:00,-803.72,TAKE,2026-07-24 09:37:00,-25.1,next_choch,2026-07-24 11:50:00,-803.72
all-data_1m,ST5_FB,W-ATR2,2026-07-24 12:04:00,up,2026-07-24 11:50:00,A2026-07-24 11:49:00,A,23910.0,23930.0,2,3,1560.0,10,2925.0,True,True,RECYCLE,,A2026-07-24 11:49:00,169,True,WATCH,WATCH,,,,,,,,,,WATCH,A2026-07-24 11:49:00,armed_expired:back_inside,,,,,,,,,27.5,next_choch,2026-07-24 13:41:00,928.71,,,,,,
all-data_1m,ST5_FB,W-ATR2,2026-07-24 13:42:00,down,2026-07-24 13:41:00,,,,,,,,,,True,,LEAVE,A2026-07-24 09:22:00,,267,,TAKE,TAKE,,leave,,,,,,,normal,,,,,setup_close,2026-07-24 13:42:00,0,,,,,-36.1,stop_loss,2026-07-24 13:50:00,-791.58,TAKE,2026-07-24 13:42:00,-36.1,stop_loss,2026-07-24 13:50:00,-791.58
all-data_1m,ST5_FB,W-ATR2,2026-07-24 13:54:00,up,2026-07-24 13:50:00,B2026-07-24 13:12:00,B,23980.0,24000.0,4,4,195.0,15,5525.0,True,True,LEAVE,A2026-07-24 09:22:00,B2026-07-24 13:12:00,279,False,WATCH,WATCH,leave_into_recycle,,leave_into_recycle,,B2026-07-24 13:12:00,4,RECYCLE,,normal,WATCH,B2026-07-24 13:12:00,reenter,,,,,,,,,9.4,next_choch,2026-07-24 14:13:00,551.82,,,,,,
all-data_1m,ST5_FB,W-ATR2,2026-07-24 14:16:00,up,2026-07-24 14:15:00,B2026-07-24 13:28:00,B,23996.1,24016.1,2,2,195.0,9,2015.0,True,True,PENDING,,B2026-07-24 12:52:00,301,False,REENTER,REENTER,,watch,,,,,,,,,,,watch,setup_close,2026-07-24 14:16:00,0,19.9,18,18,setup,-19.9,stop_loss,2026-07-24 14:19:00,-759.78,REENTER,2026-07-24 14:16:00,-19.9,stop_loss,2026-07-24 14:19:00,-759.78
all-data_1m,ST5_FB,W-ATR2,2026-07-24 14:21:00,down,2026-07-24 14:19:00,B2026-07-24 13:28:00,B,23996.1,24016.1,2,6,2795.0,9,2015.0,True,True,PENDING,,B2026-07-24 13:12:00,306,True,WATCH,REENTER,,,,,,,,,,WATCH_EDGE,B2026-07-24 13:28:00,reenter,watch_edge,reenter_close,2026-07-24 14:22:00,1,5.3,1,1,setup,-17.2,next_choch,2026-07-24 14:53:00,-530.45,REENTER,2026-07-24 14:22:00,-16.0,band_reclaim,2026-07-24 14:40:00,-315.13
all-data_1m,ST5_FB,W-ATR2,2026-07-24 14:55:00,up,2026-07-24 14:53:00,B2026-07-24 13:28:00,B,23996.1,24016.1,4,2,455.0,9,2015.0,True,True,LEAVE,B2026-07-24 13:12:00,B2026-07-24 13:28:00,340,True,WATCH,WATCH,leave_into_recycle,,leave_into_recycle,,B2026-07-24 13:28:00,4,RECYCLE,,normal,WATCH,B2026-07-24 13:28:00,cancelled:opposite_leave,,,,,,,,,-14.0,stop_loss,2026-07-24 14:58:00,-331.9,,,,,,
all-data_1m,ST5_FB,W-ATR2,2026-07-24 15:00:00,down,2026-07-24 14:58:00,B2026-07-24 13:28:00,B,23996.1,24016.1,4,5,780.0,9,2015.0,True,True,PENDING,,B2026-07-24 13:12:00,345,False,BLOCK,BLOCK,hunt_fade,,,,,,,,,,,,,,,,,,,,-20.0,stop_loss,2026-07-24 15:14:00,-616.63,,,,,,
all-data_1m,ST5_FB,W-ATR2,2026-07-24 15:15:00,up,2026-07-24 15:14:00,B2026-07-23 13:10:00,B,24038.45,24058.45,7,1,6565.0,9,5005.0,True,True,LEAVE,B2026-07-24 13:12:00,B2026-07-23 13:10:00,360,False,WATCH,WATCH,leave_into_recycle,,leave_into_recycle,,B2026-07-23 13:10:00,7,RECYCLE,,normal,WATCH,B2026-07-23 13:10:00,cancelled:opposite_leave,,,,,,,,,534.2,next_choch,2026-08-12 10:46:00,3175.47,,,,,,
all-data_1m,ST5_FB,W-ATR2,2026-08-12 10:47:00,down,2026-08-12 10:46:00,A2026-07-08 09:21:00,A,24578.6,24598.6,7,3,1040.0,1,65.0,True,True,LEAVE,B2026-07-03 14:25:00,A2026-07-08 09:21:00,92,True,BLOCK,BLOCK,hunt_fade,,,,A2026-07-08 09:21:00,7,RECYCLE,,normal,,,,,,,,,,,,50.0,next_choch,2026-08-12 12:42:00,,,,,,,
all-data_1m,ST5_FB,W-ATR2,2026-08-12 12:44:00,down,2026-08-12 12:43:00,B2026-07-08 10:25:00,B,24517.55,24537.55,11,8,17160.0,9,1755.0,True,True,RECYCLE,,B2026-07-08 10:25:00,209,True,WATCH,WATCH,,,,,,,,,,WATCH,B2026-07-08 10:25:00,armed_expired:back_inside,,,,,,,,,-18.0,stop_loss,2026-08-12 13:19:00,-404.58,,,,,,
all-data_1m,ST5_FB,W-ATR2,2026-08-12 13:39:00,down,2026-08-12 13:38:00,B2026-07-02 14:48:00,B,24507.5,24527.5,17,1,195.0,15,6565.0,True,True,LEAVE,A2026-07-08 10:05:00,B2026-07-02 14:48:00,264,True,BLOCK,BLOCK,hunt_fade,,,,B2026-07-02 14:48:00,17,RECYCLE,,normal,,,,,,,,,,,,-9.7,next_choch,2026-08-12 14:21:00,-38.92,,,,,,
all-data_1m,ST5_FB,W-ATR2,2026-08-12 14:22:00,up,2026-08-12 14:21:00,B2026-07-08 10:25:00,B,24517.55,24537.55,13,1,715.0,9,1755.0,True,True,LEAVE,B2026-07-02 14:48:00,B2026-07-08 10:25:00,307,True,WATCH,WATCH,leave_into_recycle,,leave_into_recycle,,B2026-07-08 10:25:00,13,RECYCLE,,normal,WATCH,B2026-07-08 10:25:00,armed_expired:session_end,,,,,,,,,23.6,next_choch,2026-08-13 09:26:00,1404.95,,,,,,
all-data_1m,ST5_FB,W-ATR2,2026-08-13 09:27:00,down,2026-08-13 09:26:00,A2026-07-08 09:54:00,A,24550.0,24570.0,13,11,33800.0,4,910.0,True,True,LEAVE,B2026-07-03 14:25:00,A2026-07-08 10:05:00,12,True,WATCH,WATCH,leave_into_recycle,,leave_into_recycle,,A2026-07-08 10:05:00,17,RECYCLE,,gap,WATCH,A2026-07-08 10:05:00,cancelled:opposite_leave,,,,,,,,,-6.0,next_choch,2026-08-13 09:39:00,-501.9,,,,,,
all-data_1m,ST5_FB,W-ATR2,2026-08-13 09:40:00,up,2026-08-13 09:39:00,A2026-07-08 10:05:00,A,24530.0,24550.0,18,11,10075.0,8,2925.0,True,True,PENDING,,A2026-07-08 09:54:00,25,False,BLOCK,BLOCK,hunt_fade,,,,,,,,,,,,,,,,,,,,-5.0,next_choch,2026-08-13 10:11:00,-183.14,,,,,,
all-data_1m,ST5_FB,W-ATR2,2026-08-13 10:12:00,down,2026-08-13 10:11:00,A2026-07-08 09:54:00,A,24550.0,24570.0,14,31,14105.0,4,910.0,True,True,ACCEPTED,,A2026-07-08 09:54:00,57,True,TAKE,TAKE,,defend,,,,,,,,,,,,setup_close,2026-08-13 10:12:00,0,,,,,-5.0,next_choch,2026-08-13 10:49:00,,TAKE,2026-08-13 10:12:00,-5.0,next_choch,2026-08-13 10:49:00,
all-data_1m,ST5_FB,W-ATR2,2026-08-13 10:50:00,up,2026-08-13 10:49:00,A2026-07-08 09:54:00,A,24550.0,24570.0,15,1,260.0,4,910.0,True,True,LEAVE,A2026-07-08 10:05:00,A2026-07-08 09:54:00,95,True,BLOCK,BLOCK,hunt_fade,,,,A2026-07-08 09:54:00,15,RECYCLE,,normal,,,,,,,,,,,,-17.5,stop_loss,2026-08-13 11:06:00,,,,,,,
all-data_1m,ST5_FB,W-ATR2,2026-08-13 11:07:00,down,2026-08-13 11:06:00,A2026-07-08 10:05:00,A,24530.0,24550.0,20,3,3835.0,8,2925.0,True,True,LEAVE,A2026-07-08 09:54:00,A2026-07-08 10:05:00,112,True,WATCH,WATCH,leave_into_recycle,,leave_into_recycle,,A2026-07-08 10:05:00,20,RECYCLE,,normal,WATCH,A2026-07-08 10:05:00,cancelled:opposite_leave,,,,,,,,,-36.5,stop_loss,2026-08-13 11:36:00,-1017.37,,,,,,
all-data_1m,ST5_FB,W-ATR2,2026-08-13 11:39:00,up,2026-08-13 11:36:00,A2026-07-08 09:54:00,A,24550.0,24570.0,16,7,1105.0,4,910.0,True,True,LEAVE,A2026-07-08 10:05:00,B2026-07-08 11:27:00,144,True,WATCH,WATCH,leave_into_recycle,,leave_into_recycle,,B2026-07-08 11:27:00,7,RECYCLE,,normal,WATCH,B2026-07-08 11:27:00,replaced,,,,,,,,,-9.0,next_choch,2026-08-13 11:42:00,,,,,,,
all-data_1m,ST5_FB,W-ATR2,2026-08-13 11:49:00,up,2026-08-13 11:47:00,B2026-07-08 11:27:00,B,24560.05,24580.05,8,10,4225.0,9,1105.0,True,True,ACCEPTED,,B2026-07-08 11:27:00,154,True,TAKE,TAKE,,defend,,,,,,,,,,,,setup_close,2026-08-13 11:49:00,0,,,,,41.0,next_choch,2026-08-13 12:11:00,,TAKE,2026-08-13 11:49:00,41.0,next_choch,2026-08-13 12:11:00,
all-data_1m,ST5_FB,W-ATR2,2026-08-13 12:14:00,down,2026-08-13 12:11:00,B2026-07-03 13:50:00,B,24610.0,24630.0,10,3,2405.0,12,1755.0,True,True,PENDING,,B2026-07-03 14:25:00,179,True,WATCH,WATCH,,,,,,,,,,WATCH_EDGE,B2026-07-03 13:50:00,armed_expired:back_inside,,,,,,,,,-14.3,next_choch,2026-08-13 13:43:00,-373.47,,,,,,
all-data_1m,ST5_FB,W-ATR2,2026-08-13 13:55:00,up,2026-08-13 13:43:00,B2026-07-03 13:50:00,B,24610.0,24630.0,12,8,1170.0,12,1755.0,True,True,RECYCLE,,B2026-07-03 13:50:00,280,True,WATCH,WATCH,,,,,,,,,,WATCH,B2026-07-03 13:50:00,cancelled:opposite_leave,,,,,,,,,-14.0,stop_loss,2026-08-13 14:04:00,-1087.63,,,,,,
all-data_1m,ST5_FB,W-ATR2,2026-08-13 14:24:00,up,2026-08-13 14:21:00,B2026-07-03 14:25:00,B,24598.0,24618.0,15,11,6045.0,19,1495.0,True,True,ACCEPTED,,B2026-07-03 14:25:00,309,True,TAKE,TAKE,,defend,,,,,,,,,,,,setup_close,2026-08-13 14:24:00,0,,,,,-9.0,next_choch,2026-08-13 14:47:00,-276.48,TAKE,2026-08-13 14:24:00,-9.0,next_choch,2026-08-13 14:47:00,-276.48
all-data_1m,ST5_FB,W-ATR2,2026-08-13 14:49:00,down,2026-08-13 14:47:00,B2026-07-03 14:25:00,B,24598.0,24618.0,15,35,9035.0,19,1495.0,True,True,PENDING,,A2026-07-08 09:21:00,334,True,WATCH,WATCH,,,,,,,,,,WATCH_EDGE,B2026-07-03 14:25:00,armed_expired:back_inside,,,,,,,,,-8.5,next_choch,2026-08-13 15:14:00,,,,,,,
all-data_1m,ST5_FB,W-ATR2,2026-08-13 15:22:00,down,2026-08-13 15:20:00,B2026-07-03 14:25:00,B,24598.0,24618.0,16,18,6630.0,19,1495.0,True,True,PENDING,,A2026-07-08 09:21:00,367,True,BLOCK,BLOCK,clock,,,,,,,,,,,,,,,,,,,,-9.9,stop_loss,2026-08-13 15:29:00,,,,,,,
all-data_1m,ST5_FB,W-ATR2,2026-08-14 09:29:00,down,2026-08-14 09:28:00,A2026-07-08 10:05:00,A,24530.0,24550.0,21,13,21125.0,8,2925.0,True,True,LEAVE,B2026-07-03 14:25:00,B2026-07-08 10:25:00,14,True,WATCH,WATCH,leave_into_recycle,,leave_into_recycle,,B2026-07-08 10:25:00,13,RECYCLE,,gap,WATCH,B2026-07-08 10:25:00,cancelled:opposite_leave,,,,,,,,,-19.5,stop_loss,2026-08-14 09:33:00,-870.79,,,,,,
all-data_1m,ST5_FB,W-ATR2,2026-08-14 09:38:00,up,2026-08-14 09:33:00,A2026-07-08 10:05:00,A,24530.0,24550.0,22,3,520.0,8,2925.0,True,True,LEAVE,B2026-07-08 10:25:00,A2026-07-08 10:05:00,23,True,BLOCK,BLOCK,hunt_fade,,,,A2026-07-08 10:05:00,22,RECYCLE,,normal,,,,,,,,,,,,-14.0,next_choch,2026-08-14 09:53:00,-376.19,,,,,,
all-data_1m,ST5_FB,W-ATR2,2026-08-14 09:54:00,down,2026-08-14 09:53:00,A2026-07-08 10:05:00,A,24530.0,24550.0,22,18,8060.0,8,2925.0,True,True,ACCEPTED,,A2026-07-08 10:05:00,39,True,TAKE,TAKE,,defend,,,,,,,,,,,,setup_close,2026-08-14 09:54:00,0,,,,,-18.0,next_choch,2026-08-14 09:59:00,-535.61,TAKE,2026-08-14 09:54:00,-18.0,next_choch,2026-08-14 09:59:00,-535.61
all-data_1m,ST5_FB,W-ATR2,2026-08-14 10:10:00,up,2026-08-14 09:59:00,A2026-07-08 10:05:00,A,24530.0,24550.0,22,33,11505.0,8,2925.0,True,True,PENDING,,A2026-07-08 09:54:00,55,True,WATCH,REENTER,,,,,,,,,,WATCH_EDGE,A2026-07-08 10:05:00,reenter,watch_edge,reenter_close,2026-08-14 10:11:00,1,4.0,1,1,setup,-7.6,stop_loss,2026-08-14 10:13:00,,REENTER,2026-08-14 10:11:00,-7.0,stop_loss,2026-08-14 10:13:00,
all-data_1m,ST5_FB,W-ATR2,2026-08-14 10:30:00,down,2026-08-14 10:25:00,A2026-07-08 10:05:00,A,24530.0,24550.0,23,15,2600.0,8,2925.0,True,True,ACCEPTED,,A2026-07-08 10:05:00,75,True,TAKE,TAKE,,defend,,,,,,,,,,,,setup_close,2026-08-14 10:30:00,0,,,,,14.3,next_choch,2026-08-14 10:38:00,120.54,TAKE,2026-08-14 10:30:00,14.3,next_choch,2026-08-14 10:38:00,120.54
all-data_1m,ST5_FB,W-ATR2,2026-08-14 10:39:00,up,2026-08-14 10:38:00,B2026-07-02 14:48:00,B,24507.5,24527.5,18,6,5005.0,15,6565.0,True,True,PENDING,,A2026-07-08 10:05:00,84,False,WATCH,REENTER,,,,,,,,,,WATCH_EDGE,B2026-07-02 14:48:00,reenter,watch_edge,reenter_close,2026-08-14 10:40:00,1,3.7,1,1,setup,-12.0,next_choch,2026-08-14 10:46:00,52.49,REENTER,2026-08-14 10:40:00,-7.2,next_choch,2026-08-14 10:46:00,182.31
all-data_1m,ST5_FB,W-ATR2,2026-08-14 10:48:00,up,2026-08-14 10:47:00,B2026-07-08 10:25:00,B,24517.55,24537.55,15,8,18590.0,9,1755.0,True,True,PENDING,,A2026-07-08 10:05:00,93,True,WATCH,REENTER,,,,,,,,,,WATCH_EDGE,B2026-07-08 10:25:00,reenter,watch_edge,reenter_close,2026-08-14 10:49:00,1,1.15,1,1,setup,-18.2,stop_loss,2026-08-14 10:58:00,-402.17,REENTER,2026-08-14 10:49:00,-14.7,stop_loss,2026-08-14 10:58:00,-363.23
all-data_1m,ST5_FB,W-ATR2,2026-08-14 10:59:00,down,2026-08-14 10:58:00,B2026-07-02 14:48:00,B,24507.5,24527.5,19,1,10075.0,15,6565.0,True,True,LEAVE,A2026-07-08 10:05:00,B2026-07-02 14:48:00,104,True,WATCH,WATCH,leave_into_recycle,,leave_into_recycle,,B2026-07-02 14:48:00,19,RECYCLE,,normal,WATCH,B2026-07-02 14:48:00,replaced,,,,,,,,,3.2,next_choch,2026-08-14 11:12:00,-616.57,,,,,,
all-data_1m,ST5_FB,W-ATR2,2026-08-14 11:19:00,up,2026-08-14 11:12:00,B2026-07-02 14:48:00,B,24507.5,24527.5,19,20,70850.0,15,6565.0,True,True,PENDING,,B2026-07-08 10:25:00,124,True,WATCH,WATCH,,,,,,,,,,WATCH_EDGE,B2026-07-02 14:48:00,replaced,,,,,,,,,-8.5,next_choch,2026-08-14 11:24:00,-145.47,,,,,,
all-data_1m,ST5_FB,W-ATR2,2026-08-14 11:28:00,down,2026-08-14 11:24:00,B2026-07-08 10:25:00,B,24517.55,24537.55,16,6,22295.0,9,1755.0,True,True,RECYCLE,,B2026-07-08 10:25:00,133,True,WATCH,WATCH,,,,,,,,,,WATCH,B2026-07-08 10:25:00,armed_expired:back_inside,,,,,,,,,-6.5,next_choch,2026-08-14 11:46:00,-577.78,,,,,,
all-data_1m,ST5_FB,W-ATR2,2026-08-14 11:48:00,up,2026-08-14 11:46:00,B2026-07-02 14:48:00,B,24507.5,24527.5,20,17,18395.0,15,6565.0,True,True,PENDING,,B2026-07-08 10:25:00,153,True,WATCH,WATCH,,,,,,,,,,WATCH_EDGE,B2026-07-02 14:48:00,armed_expired:back_inside,,,,,,,,,6.5,next_choch,2026-08-14 12:42:00,153.54,,,,,,
all-data_1m,ST5_FB,W-ATR2,2026-08-14 13:13:00,up,2026-08-14 12:48:00,A2026-07-08 10:05:00,A,24530.0,24550.0,26,25,4680.0,8,2925.0,True,True,ACCEPTED,,A2026-07-08 10:05:00,238,True,WATCH,WATCH,,,accepted_no_defend,,,,,,,WATCH,A2026-07-08 10:05:00,cancelled:opposite_take,,,,,,,,,-5.0,next_choch,2026-08-14 13:27:00,,,,,,,
all-data_1m,ST5_FB,W-ATR2,2026-08-14 13:32:00,down,2026-08-14 13:27:00,A2026-07-08 10:05:00,A,24530.0,24550.0,26,44,8450.0,8,2925.0,True,True,ACCEPTED,,A2026-07-08 10:05:00,257,True,TAKE,TAKE,,defend,,,,,,,,,,,,setup_close,2026-08-14 13:32:00,0,,,,,-9.2,stop_loss,2026-08-14 13:41:00,,TAKE,2026-08-14 13:32:00,-9.2,stop_loss,2026-08-14 13:41:00,
all-data_1m,ST5_FB,W-ATR2,2026-08-14 13:43:00,up,2026-08-14 13:41:00,A2026-07-08 10:05:00,A,24530.0,24550.0,27,5,325.0,8,2925.0,True,True,LEAVE,B2026-07-08 10:25:00,A2026-07-08 09:54:00,268,True,WATCH,WATCH,leave_into_recycle,,leave_into_recycle,,A2026-07-08 09:54:00,17,RECYCLE,,normal,WATCH,A2026-07-08 09:54:00,armed_expired:opposite_take,,,,,,,,,31.9,next_choch,2026-08-14 14:11:00,,,,,,,
all-data_1m,ST5_FB,W-ATR2,2026-08-14 14:18:00,down,2026-08-14 14:11:00,A2026-07-08 09:21:00,A,24578.6,24598.6,16,13,3510.0,1,65.0,True,True,LEAVE,B2026-07-03 14:25:00,A2026-07-08 09:21:00,303,True,TAKE,TAKE,,leave,,,A2026-07-08 09:21:00,16,ACCEPTED,,normal,,,,,setup_close,2026-08-14 14:18:00,0,,,,,-16.9,stop_loss,2026-08-14 14:52:00,-565.79,TAKE,2026-08-14 14:18:00,-16.9,stop_loss,2026-08-14 14:52:00,-565.79
all-data_1m,ST5_FB,W-ATR2,2026-08-14 14:54:00,up,2026-08-14 14:52:00,A2026-07-08 09:21:00,A,24578.6,24598.6,17,22,2990.0,1,65.0,True,True,PENDING,,B2026-07-03 14:25:00,339,True,WATCH,REENTER,,,,,,,,,,WATCH_EDGE,A2026-07-08 09:21:00,reenter,watch_edge,reenter_close,2026-08-14 14:55:00,1,1.4,1,1,setup,-15.0,next_choch,2026-08-14 15:04:00,-527.06,REENTER,2026-08-14 14:55:00,-10.0,next_choch,2026-08-14 15:04:00,-390.5
all-data_1m,ST5_FB,W-ATR2,2026-08-14 15:05:00,down,2026-08-14 15:04:00,A2026-07-08 09:21:00,A,24578.6,24598.6,18,4,1430.0,1,65.0,True,True,RECYCLE,,A2026-07-08 09:21:00,350,True,WATCH,WATCH,,,,,,,,,,WATCH,A2026-07-08 09:21:00,cancelled:session_end,,,,,,,,,110.0,next_choch,2026-08-17 12:01:00,4577.81,,,,,,
all-data_1m,ST5_FB,W-ATR2,2026-08-17 12:02:00,up,2026-08-17 12:01:00,B2026-07-02 09:54:00,B,24465.0,24485.0,47,12,9165.0,17,4160.0,True,True,ACCEPTED,,B2026-07-02 09:54:00,167,True,TAKE,TAKE,,defend,,,,,,,,,,,,setup_close,2026-08-17 12:02:00,0,,,,,-13.8,stop_loss,2026-08-17 12:04:00,-245.67,TAKE,2026-08-17 12:02:00,-13.8,stop_loss,2026-08-17 12:04:00,-245.67
all-data_1m,ST5_FB,W-ATR2,2026-08-17 12:05:00,down,2026-08-17 12:04:00,B2026-07-02 09:54:00,B,24465.0,24485.0,47,15,11895.0,17,4160.0,True,True,ACCEPTED,,B2026-07-02 09:54:00,170,True,WATCH,WATCH,,,accepted_no_defend,,,,,,,WATCH,B2026-07-02 09:54:00,replaced,,,,,,,,,-15.0,stop_loss,2026-08-17 12:17:00,-600.05,,,,,,
all-data_1m,ST5_FB,W-ATR2,2026-08-17 12:18:00,up,2026-08-17 12:17:00,B2026-07-02 14:27:00,B,24476.0,24496.0,18,2,650.0,21,5395.0,True,True,LEAVE,B2026-07-02 09:32:00,B2026-07-02 14:27:00,183,True,WATCH,WATCH,leave_into_recycle,,leave_into_recycle,,B2026-07-02 14:27:00,18,RECYCLE,,normal,WATCH,B2026-07-02 14:27:00,armed_expired:session_end,,,,,,,,,-60.4,stop_loss,2026-08-18 09:15:00,-2777.8,,,,,,
all-data_1m,ST5_FB,W-ATR2,2026-08-18 09:32:00,down,2026-08-18 09:15:00,B2026-07-02 11:39:00,B,24402.5,24422.5,49,4,13910.0,10,455.0,True,True,LEAVE,B2026-07-02 10:31:00,B2026-07-02 11:39:00,17,False,WATCH,WATCH,leave_into_recycle,,leave_into_recycle,,B2026-07-02 11:39:00,49,RECYCLE,,normal,WATCH,B2026-07-02 11:39:00,armed_expired:session_end,,,,,,,,,47.9,next_choch,2026-08-20 09:26:00,-1974.91,,,,,,
all-data_1m,ST5_FB,W-ATR2,2026-08-20 09:35:00,up,2026-08-20 09:34:00,B2026-07-01 10:34:00,B,24343.95,24363.95,31,17,425425.0,12,1885.0,True,True,PENDING,,B2026-07-01 12:19:00,20,True,WATCH,REENTER,,,,,,,,,,WATCH_EDGE,B2026-07-01 10:34:00,reenter,watch_edge,reenter_close,2026-08-20 09:36:00,1,4.15,1,1,setup,-7.5,next_choch,2026-08-20 11:17:00,288.57,REENTER,2026-08-20 09:36:00,-3.6,next_choch,2026-08-20 11:17:00,217.17
all-data_1m,ST5_FB,W-ATR2,2026-08-20 11:20:00,down,2026-08-20 11:17:00,B2026-07-01 13:25:00,B,24354.0,24374.0,27,3,11895.0,9,1430.0,True,True,RECYCLE,,B2026-07-01 13:25:00,125,True,WATCH,WATCH,,,,,,,,,,WATCH,B2026-07-01 13:25:00,cancelled:opposite_leave,,,,,,,,,-13.6,stop_loss,2026-08-20 11:31:00,-1421.23,,,,,,
all-data_1m,ST5_FB,W-ATR2,2026-08-20 11:32:00,up,2026-08-20 11:31:00,B2026-07-01 12:19:00,B,24365.35,24385.35,46,1,18395.0,12,1365.0,True,True,LEAVE,B2026-07-01 13:25:00,B2026-07-01 12:19:00,137,True,WATCH,WATCH,leave_into_recycle,,leave_into_recycle,,B2026-07-01 12:19:00,46,RECYCLE,,normal,WATCH,B2026-07-01 12:19:00,armed_expired:back_inside,,,,,,,,,-2.8,next_choch,2026-08-20 12:08:00,-148.74,,,,,,
all-data_1m,ST5_FB,W-ATR2,2026-08-20 12:09:00,down,2026-08-20 12:08:00,B2026-07-01 12:19:00,B,24365.35,24385.35,47,1,4095.0,12,1365.0,True,True,LEAVE,B2026-07-13 10:41:00,B2026-07-01 12:19:00,174,True,WATCH,WATCH,leave_into_recycle,,leave_into_recycle,,B2026-07-01 12:19:00,47,REJECT,,normal,WATCH,B2026-07-01 12:19:00,replaced,,,,,,,,,-6.5,next_choch,2026-08-20 12:13:00,-651.56,,,,,,
all-data_1m,ST5_FB,W-ATR2,2026-08-20 12:14:00,up,2026-08-20 12:13:00,B2026-07-01 12:19:00,B,24365.35,24385.35,47,5,19175.0,12,1365.0,True,True,PENDING,,B2026-07-13 10:41:00,179,False,WATCH,REENTER,,,,,,,,,,WATCH_EDGE,B2026-07-01 12:19:00,reenter,watch_edge,reenter_close,2026-08-20 12:15:00,1,1.55,1,1,setup,-8.8,next_choch,2026-08-20 12:30:00,-609.28,REENTER,2026-08-20 12:15:00,-7.7,next_choch,2026-08-20 12:30:00,-223.3
all-data_1m,ST5_FB,W-ATR2,2026-08-20 12:34:00,down,2026-08-20 12:30:00,B2026-07-01 12:19:00,B,24365.35,24385.35,48,4,21060.0,12,1365.0,True,True,LEAVE,B2026-07-13 10:41:00,B2026-07-01 12:19:00,199,True,BLOCK,BLOCK,hunt_fade,,,,B2026-07-01 12:19:00,48,RECYCLE,,normal,,,,,,,,,,,,-9.7,stop_loss,2026-08-20 12:39:00,-979.58,,,,,,
all-data_1m,ST5_FB,W-ATR2,2026-08-20 12:40:00,up,2026-08-20 12:39:00,B2026-07-13 10:41:00,B,24380.5,24400.5,30,1,11245.0,9,1755.0,True,True,LEAVE,B2026-07-01 12:19:00,B2026-07-13 10:41:00,205,True,WATCH,WATCH,leave_into_recycle,,leave_into_recycle,,B2026-07-13 10:41:00,30,RECYCLE,,normal,WATCH,B2026-07-13 10:41:00,replaced,,,,,,,,,24.0,next_choch,2026-08-20 13:40:00,297.13,,,,,,
all-data_1m,ST5_FB,W-ATR2,2026-08-20 13:51:00,down,2026-08-20 13:50:00,B2026-07-02 11:28:00,B,24417.5,24437.5,49,54,386685.0,11,520.0,True,True,ACCEPTED,,B2026-07-02 11:28:00,276,True,BLOCK,BLOCK,hunt_fade,,,,,,,,,,,,,,,,,,,,4.4,next_choch,2026-08-20 14:11:00,,,,,,,
all-data_1m,ST5_FB,W-ATR2,2026-08-20 14:16:00,down,2026-08-20 14:15:00,B2026-07-02 11:39:00,B,24402.5,24422.5,50,21,133835.0,10,455.0,True,True,PENDING,,B2026-07-13 12:10:00,301,True,WATCH,WATCH,,,,,,,,,,WATCH_EDGE,B2026-07-02 11:39:00,armed_expired:back_inside,,,,,,,,,-12.4,next_choch,2026-08-20 14:25:00,-206.4,,,,,,
all-data_1m,ST5_FB,W-ATR2,2026-08-20 14:32:00,up,2026-08-20 14:31:00,B2026-07-02 11:39:00,B,24402.5,24422.5,50,37,200980.0,10,455.0,True,True,ACCEPTED,,B2026-07-02 11:39:00,317,True,TAKE,TAKE,,defend,,,,,,,,,,,,setup_close,2026-08-20 14:32:00,0,,,,,-8.9,next_choch,2026-08-20 14:43:00,,TAKE,2026-08-20 14:32:00,-8.9,next_choch,2026-08-20 14:43:00,
all-data_1m,ST5_FB,W-ATR2,2026-08-20 15:01:00,down,2026-08-20 15:00:00,B2026-07-02 11:39:00,B,24402.5,24422.5,50,66,312130.0,10,455.0,True,True,ACCEPTED,,B2026-07-02 11:39:00,346,True,WATCH,WATCH,,,accepted_no_defend,,,,,,,WATCH,B2026-07-02 11:39:00,armed_expired:session_end,,,,,,,,,-2.7,stop_loss,2026-08-21 09:15:00,-842.42,,,,,,
all-data_1m,ST5_FB,W-ATR2,2026-08-21 09:20:00,down,2026-08-21 09:17:00,B2026-07-13 12:10:00,B,24391.35,24411.35,17,30,145015.0,9,1170.0,True,True,PENDING,,B2026-07-01 12:19:00,5,False,BLOCK,BLOCK,open_pierce,,,,,,,,,,,,,,,,,,,,-0.0,next_choch,2026-08-21 09:42:00,-352.71,,,,,,
all-data_1m,ST5_FB,W-ATR2,2026-08-21 09:51:00,up,2026-08-21 09:42:00,B2026-07-13 10:41:00,B,24380.5,24400.5,31,8,58890.0,9,1755.0,True,True,RECYCLE,,B2026-07-13 10:41:00,36,True,WATCH,WATCH,,,,,,,,,,WATCH,B2026-07-13 10:41:00,cancelled:opposite_leave,,,,,,,,,-10.5,next_choch,2026-08-21 10:08:00,,,,,,,
all-data_1m,ST5_FB,W-ATR2,2026-08-21 10:16:00,up,2026-08-21 10:12:00,B2026-07-13 10:41:00,B,24380.5,24400.5,32,5,23595.0,9,1755.0,True,True,REJECT,,B2026-07-13 10:41:00,61,True,WATCH,WATCH,,,,,,,,,,WATCH,B2026-07-13 10:41:00,replaced,,,,,,,,,-8.1,next_choch,2026-08-21 10:21:00,-121.66,,,,,,
all-data_1m,ST5_FB,W-ATR2,2026-08-21 10:24:00,up,2026-08-21 10:23:00,B2026-07-13 10:41:00,B,24380.5,24400.5,32,12,60450.0,9,1755.0,True,True,PENDING,,B2026-07-13 12:10:00,69,True,WATCH,WATCH,,,,,,,,,,WATCH_EDGE,B2026-07-13 10:41:00,replaced,,,,,,,,,-1.4,next_choch,2026-08-21 11:40:00,,,,,,,
all-data_1m,ST5_FB,W-ATR2,2026-08-21 11:42:00,down,2026-08-21 11:40:00,B2026-07-13 12:10:00,B,24391.35,24411.35,19,2,4160.0,9,1170.0,True,True,LEAVE,B2026-07-02 11:39:00,B2026-07-13 12:10:00,147,True,WATCH,WATCH,leave_into_recycle,,leave_into_recycle,,B2026-07-13 12:10:00,19,RECYCLE,,normal,WATCH,B2026-07-13 12:10:00,armed_expired:back_inside,,,,,,,,,1.3,next_choch,2026-08-21 12:33:00,,,,,,,
all-data_1m,ST5_FB,W-ATR2,2026-08-21 12:34:00,up,2026-08-21 12:33:00,B2026-07-13 10:41:00,B,24380.5,24400.5,33,26,219245.0,9,1755.0,True,True,ACCEPTED,,B2026-07-13 10:41:00,199,True,TAKE,TAKE,,defend,,,,,,,,,,,,setup_close,2026-08-21 12:34:00,0,,,,,-13.8,stop_loss,2026-08-21 12:40:00,,TAKE,2026-08-21 12:34:00,-13.8,stop_loss,2026-08-21 12:40:00,
all-data_1m,ST5_FB,W-ATR2,2026-08-21 12:47:00,down,2026-08-21 12:40:00,B2026-07-13 10:41:00,B,24380.5,24400.5,33,39,297505.0,9,1755.0,True,True,ACCEPTED,,B2026-07-13 10:41:00,212,True,TAKE,TAKE,,defend,,,,,,,,,,,,setup_close,2026-08-21 12:47:00,0,,,,,-12.6,stop_loss,2026-08-21 13:05:00,-475.23,TAKE,2026-08-21 12:47:00,-12.6,stop_loss,2026-08-21 13:05:00,-475.23
all-data_1m,ST5_FB,W-ATR2,2026-08-21 13:07:00,up,2026-08-21 13:05:00,B2026-07-13 10:41:00,B,24380.5,24400.5,33,57,385580.0,9,1755.0,True,True,PENDING,,B2026-07-13 12:10:00,232,True,BLOCK,BLOCK,hunt_fade,,,,,,,,,,,,,,,,,,,,-9.0,next_choch,2026-08-21 13:33:00,,,,,,,
all-data_1m,ST5_FB,W-ATR2,2026-08-21 13:34:00,down,2026-08-21 13:33:00,B2026-07-13 10:41:00,B,24380.5,24400.5,34,11,73775.0,9,1755.0,True,True,ACCEPTED,,B2026-07-13 10:41:00,259,True,TAKE,TAKE,,defend,,,,,,,,,,,,setup_close,2026-08-21 13:34:00,0,,,,,-0.9,next_choch,2026-08-21 13:48:00,,TAKE,2026-08-21 13:34:00,-0.9,next_choch,2026-08-21 13:48:00,
all-data_1m,ST5_FB,W-ATR2,2026-08-21 13:55:00,up,2026-08-21 13:53:00,B2026-07-13 10:41:00,B,24380.5,24400.5,34,32,239460.0,9,1755.0,True,True,ACCEPTED,,B2026-07-13 10:41:00,280,True,TAKE,TAKE,,defend,,,,,,,,,,,,setup_close,2026-08-21 13:55:00,0,,,,,-7.6,next_choch,2026-08-21 14:06:00,,TAKE,2026-08-21 13:55:00,-7.6,next_choch,2026-08-21 14:06:00,
all-data_1m,ST5_FB,W-ATR2,2026-08-21 14:09:00,down,2026-08-21 14:06:00,B2026-07-13 10:41:00,B,24380.5,24400.5,34,46,286910.0,9,1755.0,True,True,ACCEPTED,,B2026-07-13 10:41:00,294,True,WATCH,WATCH,,,accepted_no_defend,,,,,,,WATCH,B2026-07-13 10:41:00,cancelled:opposite_take,,,,,,,,,-11.4,stop_loss,2026-08-21 14:12:00,-179.75,,,,,,
all-data_1m,ST5_FB,W-ATR2,2026-08-21 14:17:00,up,2026-08-21 14:09:00,B2026-07-13 10:41:00,B,24380.5,24400.5,34,54,306475.0,9,1755.0,True,True,ACCEPTED,,B2026-07-13 10:41:00,302,True,TAKE,TAKE,,defend,,,,,,,,,,,,setup_close,2026-08-21 14:17:00,0,,,,,2.1,next_choch,2026-08-21 14:41:00,,TAKE,2026-08-21 14:17:00,2.1,next_choch,2026-08-21 14:41:00,
all-data_1m,ST5_FB,W-ATR2,2026-08-21 14:53:00,up,2026-08-21 14:47:00,B2026-07-13 12:10:00,B,24391.35,24411.35,21,22,126490.0,9,1170.0,True,True,ACCEPTED,,B2026-07-13 12:10:00,338,True,TAKE,TAKE,,defend,,,,,,,,,,,,setup_close,2026-08-21 14:53:00,0,,,,,-11.3,stop_loss,2026-08-21 14:56:00,,TAKE,2026-08-21 14:53:00,-11.3,stop_loss,2026-08-21 14:56:00,
all-data_1m,ST5_FB,W-ATR2,2026-08-21 15:28:00,down,2026-08-21 15:25:00,B2026-07-13 10:41:00,B,24380.5,24400.5,35,5,19045.0,9,1755.0,True,True,RECYCLE,,B2026-07-13 10:41:00,373,True,BLOCK,BLOCK,clock,,,,,,,,,,,,,,,,,,,,-7.0,stop_loss,2026-08-21 15:29:00,,,,,,,
all-data_1m,ST5_FB,W-ATR2,2026-08-24 09:15:00,up,2026-08-21 15:29:00,B2026-07-13 10:41:00,B,24380.5,24400.5,35,6,21710.0,9,1755.0,True,True,PENDING,,B2026-07-02 10:31:00,0,True,BLOCK,BLOCK,open_pierce,,,,,,,,,,,,,,,,,,,,-20.0,next_choch,2026-08-24 09:42:00,-1775.65,,,,,,
all-data_1m,ST5_FB,W-ATR2,2026-08-24 09:58:00,down,2026-08-24 09:54:00,B2026-07-02 11:28:00,B,24417.5,24437.5,50,28,250770.0,11,520.0,True,True,REJECT,,B2026-07-02 11:28:00,43,True,WATCH,WATCH,,,,,,,,,,WATCH,B2026-07-02 11:28:00,replaced,,,,,,,,,3.0,next_choch,2026-08-24 10:08:00,-168.28,,,,,,
all-data_1m,ST5_FB,W-ATR2,2026-08-24 10:16:00,up,2026-08-24 10:08:00,B2026-07-02 11:28:00,B,24417.5,24437.5,50,46,398580.0,11,520.0,True,True,ACCEPTED,,B2026-07-02 11:28:00,61,True,WATCH,WATCH,,,accepted_no_defend,,,,,,,WATCH,B2026-07-02 11:28:00,armed_expired:back_inside,,,,,,,,,0.0,next_choch,2026-08-24 10:45:00,-145.95,,,,,,
all-data_1m,ST5_FB,W-ATR2,2026-08-24 10:48:00,down,2026-08-24 10:45:00,B2026-07-02 11:28:00,B,24417.5,24437.5,50,76,637780.0,11,520.0,True,True,ACCEPTED,,B2026-07-02 11:28:00,93,True,TAKE,TAKE,,defend,,,,,,,,,,,,setup_close,2026-08-24 10:48:00,0,,,,,105.1,next_choch,2026-08-24 14:50:00,2312.32,TAKE,2026-08-24 10:48:00,105.1,next_choch,2026-08-24 14:50:00,2312.32
all-data_1m,ST5_FB,W-ATR2,2026-08-24 15:05:00,down,2026-08-24 15:04:00,B2026-07-01 11:10:00,B,24319.5,24339.5,34,33,353275.0,9,390.0,True,True,PENDING,,B2026-07-01 10:04:00,350,True,WATCH,WATCH,,,,,,,,,,WATCH_EDGE,B2026-07-01 11:10:00,armed_expired:back_inside,,,,,,,,,-5.9,next_choch,2026-08-24 15:10:00,-395.61,,,,,,
all-data_1m,ST5_FB,W-ATR2,2026-08-25 09:15:00,down,2026-08-24 15:26:00,B2026-07-01 11:10:00,B,24319.5,24339.5,34,57,694005.0,9,390.0,True,True,PENDING,,B2026-07-01 09:47:00,0,True,BLOCK,BLOCK,open_pierce,,,,,,,,,,,,,,,,,,,,-51.5,stop_loss,2026-08-25 09:21:00,-1353.2,,,,,,
all-data_1m,ST5_FB,W-ATR2,2026-08-25 09:33:00,up,2026-08-25 09:21:00,B2026-07-01 11:10:00,B,24319.5,24339.5,35,13,154050.0,9,390.0,True,True,LEAVE,A2026-07-09 09:44:00,B2026-07-01 11:41:00,18,True,WATCH,WATCH,leave_into_recycle,,leave_into_recycle,,B2026-07-01 11:41:00,20,RECYCLE,,normal,WATCH,B2026-07-01 11:41:00,cancelled:opposite_leave,,,,,,,,,-14.7,stop_loss,2026-08-25 09:38:00,-722.11,,,,,,
all-data_1m,ST5_FB,W-ATR2,2026-08-25 10:01:00,down,2026-08-25 09:52:00,B2026-07-01 09:47:00,B,24275.1,24295.1,31,9,118235.0,15,5395.0,True,True,LEAVE,B2026-07-01 10:04:00,B2026-07-01 09:47:00,46,False,BLOCK,BLOCK,hunt_fade,,,,B2026-07-01 09:47:00,31,REJECT,,normal,,,,,,,,,,,,-15.5,stop_loss,2026-08-25 10:06:00,-249.1,,,,,,
all-data_1m,ST5_FB,W-ATR2,2026-08-25 10:22:00,down,2026-08-25 10:19:00,B2026-07-01 09:47:00,B,24275.1,24295.1,31,28,345735.0,15,5395.0,True,True,ACCEPTED,,B2026-07-01 09:47:00,67,True,TAKE,TAKE,,defend,,,,,,,,,,,,setup_close,2026-08-25 10:22:00,0,,,,,-7.4,next_choch,2026-08-25 10:43:00,-320.89,TAKE,2026-08-25 10:22:00,-7.4,next_choch,2026-08-25 10:43:00,-320.89
all-data_1m,ST5_FB,W-ATR2,2026-08-25 10:44:00,up,2026-08-25 10:43:00,B2026-07-01 09:47:00,B,24275.1,24295.1,31,49,590330.0,15,5395.0,True,True,PENDING,,A2026-07-09 09:44:00,89,True,WATCH,WATCH,,,,,,,,,,WATCH_EDGE,B2026-07-01 09:47:00,replaced,,,,,,,,,21.4,next_choch,2026-08-25 12:58:00,885.41,,,,,,
all-data_1m,ST5_FB,W-ATR2,2026-08-25 13:01:00,down,2026-08-25 12:58:00,B2026-07-01 10:04:00,B,24307.95,24327.95,44,2,6175.0,14,5070.0,True,True,LEAVE,B2026-07-01 11:10:00,A2026-07-09 09:44:00,226,True,WATCH,WATCH,leave_into_recycle,,leave_into_recycle,,A2026-07-09 09:44:00,39,RECYCLE,,normal,WATCH,A2026-07-09 09:44:00,armed_expired:back_inside,,,,,,,,,0.8,next_choch,2026-08-25 13:40:00,-108.18,,,,,,
all-data_1m,ST5_FB,W-ATR2,2026-08-25 13:41:00,up,2026-08-25 13:40:00,A2026-07-09 09:44:00,A,24293.1,24313.1,41,11,50310.0,3,585.0,True,True,LEAVE,B2026-07-01 09:47:00,A2026-07-09 09:44:00,266,True,TAKE,TAKE,,leave,,,A2026-07-09 09:44:00,41,ACCEPTED,,normal,,,,,setup_close,2026-08-25 13:41:00,0,,,,,-11.0,stop_loss,2026-08-25 13:50:00,,TAKE,2026-08-25 13:41:00,-11.0,stop_loss,2026-08-25 13:50:00,
all-data_1m,ST5_FB,W-ATR2,2026-08-25 13:53:00,up,2026-08-25 13:52:00,B2026-07-01 11:10:00,B,24319.5,24339.5,38,1,14820.0,9,390.0,True,True,LEAVE,A2026-07-09 09:44:00,B2026-07-01 11:10:00,278,False,WATCH,WATCH,leave_into_recycle,,leave_into_recycle,,B2026-07-01 11:10:00,38,RECYCLE,,normal,WATCH,B2026-07-01 11:10:00,armed_expired:back_inside,,,,,,,,,-19.6,next_choch,2026-08-25 14:03:00,-651.74,,,,,,
all-data_1m,ST5_FB,W-ATR2,2026-08-25 14:20:00,up,2026-08-25 14:11:00,B2026-07-01 11:10:00,B,24319.5,24339.5,39,1,15340.0,9,390.0,True,True,LEAVE,B2026-07-01 10:04:00,B2026-07-01 11:10:00,305,True,BLOCK,BLOCK,hunt_fade,,,,B2026-07-01 11:10:00,39,RECYCLE,,normal,,,,,,,,,,,,110.4,next_choch,2026-08-26 12:09:00,3420.59,,,,,,
all-data_1m,ST5_FB,W-ATR2,2026-08-26 12:10:00,down,2026-08-26 12:09:00,B2026-07-02 10:31:00,B,24429.85,24449.85,51,1,8840.0,11,1040.0,False,True,LEAVE,B2026-07-02 09:32:00,B2026-07-02 10:31:00,175,True,WATCH,WATCH,leave_into_recycle,,leave_into_recycle,,B2026-07-02 10:31:00,51,RECYCLE,True,normal,WATCH,B2026-07-02 10:31:00,cancelled:opposite_leave,,,,,,,,,-18.9,stop_loss,2026-08-26 12:18:00,-707.26,,,,,,
all-data_1m,ST5_FB,W-ATR2,2026-08-26 12:30:00,down,2026-08-26 12:28:00,B2026-07-02 09:32:00,B,24446.6,24466.6,63,17,78455.0,11,3965.0,False,True,ACCEPTED,,B2026-07-02 09:32:00,195,True,TAKE,TAKE,,defend,,,,,,,,,,,,setup_close,2026-08-26 12:30:00,0,,,,,-9.0,stop_loss,2026-08-26 12:34:00,-411.67,TAKE,2026-08-26 12:30:00,-9.0,stop_loss,2026-08-26 12:34:00,-411.67
all-data_1m,ST5_FB,W-ATR2,2026-08-26 12:35:00,up,2026-08-26 12:34:00,B2026-07-02 09:32:00,B,24446.6,24466.6,64,1,2015.0,11,3965.0,False,True,LEAVE,B2026-07-02 10:31:00,B2026-07-02 09:32:00,200,True,WATCH,WATCH,,,leave_vol_fail,,B2026-07-02 09:32:00,64,RECYCLE,False,normal,WATCH,B2026-07-02 09:32:00,cancelled:opposite_leave,,,,,,,,,-16.6,next_choch,2026-08-26 12:50:00,-502.74,,,,,,
all-data_1m,ST5_FB,W-ATR2,2026-08-26 12:54:00,up,2026-08-26 12:51:00,B2026-07-02 09:32:00,B,24446.6,24466.6,64,18,38935.0,11,3965.0,False,True,ACCEPTED,,B2026-07-02 09:32:00,219,True,TAKE,TAKE,,defend,,,,,,,,,,,,setup_close,2026-08-26 12:54:00,0,,,,,-10.0,stop_loss,2026-08-26 13:01:00,-473.13,TAKE,2026-08-26 12:54:00,-10.0,stop_loss,2026-08-26 13:01:00,-473.13
all-data_1m,ST5_FB,W-ATR2,2026-08-26 13:02:00,down,2026-08-26 13:01:00,B2026-07-02 10:31:00,B,24429.85,24449.85,53,1,23270.0,11,1040.0,False,True,LEAVE,B2026-07-02 09:32:00,B2026-07-02 10:31:00,227,True,WATCH,WATCH,leave_into_recycle,,leave_into_recycle,,B2026-07-02 10:31:00,53,REJECT,True,normal,WATCH,B2026-07-02 10:31:00,cancelled:opposite_leave,,,,,,,,,-0.0,next_choch,2026-08-26 13:35:00,-59.93,,,,,,
all-data_1m,ST5_FB,W-ATR2,2026-08-26 13:45:00,down,2026-08-26 13:44:00,B2026-07-02 10:31:00,B,24429.85,24449.85,54,35,124540.0,11,1040.0,False,True,ACCEPTED,,B2026-07-02 10:31:00,270,True,WATCH,WATCH,,,accepted_no_defend,,,,,,,WATCH,B2026-07-02 10:31:00,replaced,,,,,,,,,-3.3,next_choch,2026-08-26 14:02:00,,,,,,,
all-data_1m,ST5_FB,W-ATR2,2026-08-26 14:04:00,up,2026-08-26 14:02:00,B2026-07-02 11:28:00,B,24417.5,24437.5,51,15,108550.0,11,520.0,False,True,PENDING,,B2026-07-02 10:31:00,289,False,WATCH,WATCH,,,,,,,,,,WATCH_EDGE,B2026-07-02 11:28:00,armed_expired:session_end,,,,,,,,,17.4,next_choch,2026-08-26 15:20:00,550.19,,,,,,
all-data_1m,ST5_FB,W-ATR2,2026-08-26 15:21:00,down,2026-08-26 15:20:00,B2026-07-02 09:32:00,B,24446.6,24466.6,68,6,43030.0,11,3965.0,False,True,RECYCLE,,B2026-07-02 09:32:00,366,True,BLOCK,BLOCK,clock,,,,,,,,,,,,,,,,,,,,103.8,next_choch,2026-08-27 12:44:00,3983.87,,,,,,
all-data_1m,ST5_FB,W-ATR2,2026-08-27 12:51:00,up,2026-08-27 12:50:00,B2026-07-01 11:41:00,B,24333.2,24353.2,26,12,113750.0,9,1495.0,False,True,PENDING,,B2026-07-01 13:25:00,216,False,WATCH,WATCH,,,,,,,,,,WATCH_EDGE,B2026-07-01 11:41:00,replaced,,,,,,,,,2.0,next_choch,2026-08-27 13:02:00,76.63,,,,,,
all-data_1m,ST5_FB,W-ATR2,2026-08-27 13:05:00,down,2026-08-27 13:02:00,B2026-07-01 10:34:00,B,24343.95,24363.95,34,9,40495.0,12,1885.0,False,True,RECYCLE,,B2026-07-01 10:34:00,230,True,WATCH,WATCH,,,,,,,,,,WATCH,B2026-07-01 10:34:00,cancelled:opposite_leave,,,,,,,,,-17.0,stop_loss,2026-08-27 13:12:00,-654.52,,,,,,
all-data_1m,ST5_FB,W-ATR2,2026-08-27 13:14:00,up,2026-08-27 13:12:00,B2026-07-01 12:19:00,B,24365.35,24385.35,55,2,7670.0,12,1365.0,False,True,LEAVE,B2026-07-01 10:34:00,B2026-07-01 12:19:00,239,False,WATCH,WATCH,leave_into_recycle,,leave_into_recycle,,B2026-07-01 12:19:00,55,REJECT,True,normal,WATCH,B2026-07-01 12:19:00,cancelled:opposite_leave,,,,,,,,,-8.4,next_choch,2026-08-27 13:29:00,-885.94,,,,,,
all-data_1m,ST5_FB,W-ATR2,2026-08-27 13:31:00,down,2026-08-27 13:29:00,B2026-07-01 13:25:00,B,24354.0,24374.0,35,14,31720.0,9,1430.0,False,True,PENDING,,B2026-07-01 11:41:00,256,True,WATCH,REENTER,,,,,,,,,,WATCH_EDGE,B2026-07-01 13:25:00,reenter,watch_edge,reenter_close,2026-08-27 13:32:00,1,11.8,1,1,setup,-16.0,next_choch,2026-08-27 13:38:00,-696.21,REENTER,2026-08-27 13:32:00,-18.8,next_choch,2026-08-27 13:38:00,-663.76
all-data_1m,ST5_FB,W-ATR2,2026-08-27 13:39:00,up,2026-08-27 13:38:00,B2026-07-01 10:34:00,B,24343.95,24363.95,35,6,9945.0,12,1885.0,False,True,RECYCLE,,B2026-07-01 10:34:00,264,True,WATCH,WATCH,,,,,,,,,,WATCH,B2026-07-01 10:34:00,replaced,,,,,,,,,-13.7,stop_loss,2026-08-27 13:42:00,-465.41,,,,,,
all-data_1m,ST5_FB,W-ATR2,2026-08-27 13:43:00,down,2026-08-27 13:42:00,B2026-07-01 10:34:00,B,24343.95,24363.95,35,9,17030.0,12,1885.0,False,True,PENDING,,B2026-07-01 11:41:00,268,True,WATCH,REENTER,,,,,,,,,,WATCH_EDGE,B2026-07-01 10:34:00,reenter,watch_edge,reenter_close,2026-08-27 13:44:00,1,3.85,1,1,setup,19.2,next_choch,2026-08-27 14:17:00,929.48,REENTER,2026-08-27 13:44:00,18.1,next_choch,2026-08-27 14:17:00,819.14
all-data_1m,ST5_FB,W-ATR2,2026-08-27 14:19:00,up,2026-08-27 14:17:00,B2026-07-01 10:04:00,B,24307.95,24327.95,52,2,3965.0,14,5070.0,False,True,LEAVE,A2026-07-09 09:44:00,B2026-07-01 10:04:00,304,True,WATCH,WATCH,leave_into_recycle,,leave_into_recycle,,B2026-07-01 10:04:00,52,RECYCLE,True,normal,WATCH,B2026-07-01 10:04:00,armed_expired:back_inside,,,,,,,,,6.0,next_choch,2026-08-27 14:45:00,,,,,,,
all-data_1m,ST5_FB,W-ATR2,2026-08-27 15:05:00,down,2026-08-27 15:04:00,B2026-07-01 11:10:00,B,24319.5,24339.5,45,36,154375.0,9,390.0,False,True,PENDING,,B2026-07-01 10:04:00,350,True,BLOCK,BLOCK,hunt_fade,,,,,,,,,,,,,,,,,,,,-1.9,next_choch,2026-08-27 15:10:00,,,,,,,
all-data_1m,ST5_FB,W-ATR2,2026-08-27 15:15:00,down,2026-08-27 15:12:00,A2026-07-09 09:44:00,A,24293.1,24313.1,47,1,10985.0,3,585.0,False,True,LEAVE,B2026-07-01 10:04:00,A2026-07-09 09:44:00,360,True,WATCH,WATCH,,,leave_vol_fail,,A2026-07-09 09:44:00,47,RECYCLE,False,normal,WATCH,A2026-07-09 09:44:00,armed_expired:session_end,,,,,,,,,8.1,next_choch,2026-08-28 09:17:00,-15.09,,,,,,
all-data_1m,ST5_FB,W-ATR2,2026-08-28 09:25:00,up,2026-08-28 09:17:00,B2026-07-01 10:04:00,B,24307.95,24327.95,54,1,11115.0,14,5070.0,False,True,LEAVE,B2026-07-01 09:47:00,B2026-07-01 10:04:00,10,False,WATCH,WATCH,,,leave_vol_fail,,B2026-07-01 10:04:00,54,RECYCLE,False,normal,WATCH,B2026-07-01 10:04:00,armed_expired:back_inside,,,,,,,,,-43.7,stop_loss,2026-08-28 11:35:00,-1389.59,,,,,,
all-data_1m,ST5_FB,W-ATR2,2026-08-28 11:54:00,down,2026-08-28 11:35:00,B2026-07-01 09:47:00,B,24275.1,24295.1,36,19,102375.0,15,5395.0,False,True,PENDING,,B2026-07-14 14:26:00,159,True,WATCH,REENTER,,,,,,,,,,WATCH_EDGE,B2026-07-01 09:47:00,reenter,watch_edge,reenter_close,2026-08-28 11:55:00,1,7.1,1,1,setup,-15.0,stop_loss,2026-08-28 13:22:00,-605.86,REENTER,2026-08-28 11:55:00,-17.0,stop_loss,2026-08-28 13:22:00,-628.57
all-data_1m,ST5_FB,W-ATR2,2026-08-28 13:40:00,up,2026-08-28 13:34:00,B2026-07-01 09:47:00,B,24275.1,24295.1,37,19,58760.0,15,5395.0,False,True,PENDING,,A2026-07-09 09:44:00,265,True,WATCH,WATCH,,,,,,,,,,WATCH_EDGE,B2026-07-01 09:47:00,armed_expired:back_inside,,,,,,,,,-14.0,stop_loss,2026-08-28 13:48:00,-577.58,,,,,,
all-data_1m,ST5_FB,W-ATR2,2026-08-28 13:59:00,up,2026-08-28 13:58:00,B2026-07-01 09:47:00,B,24275.1,24295.1,37,38,89635.0,15,5395.0,False,True,ACCEPTED,,B2026-07-01 09:47:00,284,True,WATCH,WATCH,,,accepted_no_defend,,,,,,,WATCH,B2026-07-01 09:47:00,replaced,,,,,,,,,-10.5,stop_loss,2026-08-28 14:07:00,-569.69,,,,,,
all-data_1m,ST5_FB,W-ATR2,2026-08-28 14:29:00,up,2026-08-28 14:21:00,B2026-07-01 09:47:00,B,24275.1,24295.1,37,67,175630.0,15,5395.0,False,True,PENDING,,A2026-07-09 09:44:00,314,True,WATCH,WATCH,,,,,,,,,,WATCH_EDGE,B2026-07-01 09:47:00,armed_expired:session_end,,,,,,,,,-6.7,next_choch,2026-08-28 15:02:00,-385.72,,,,,,
all-data_1m,ST5_FB,W-ATR2,2026-08-28 15:28:00,up,2026-08-28 15:11:00,B2026-07-01 11:41:00,B,24333.2,24353.2,33,8,119210.0,9,1495.0,False,True,LEAVE,B2026-07-01 11:10:00,B2026-07-01 11:41:00,373,False,BLOCK,BLOCK,clock,,,,B2026-07-01 11:41:00,33,RECYCLE,True,normal,,,,,,,,,,,,-146.8,stop_loss,2026-08-31 09:15:00,,,,,,,
all-data_1m,ST5_FB,W-ATR2,2026-08-31 09:26:00,down,2026-08-31 09:15:00,B2026-07-22 12:36:00,B,24195.0,24215.0,15,9,161395.0,11,7865.0,False,True,LEAVE,B2026-07-01 11:41:00,A2026-07-23 09:27:00,11,False,TAKE,TAKE,,leave,,,A2026-07-23 09:27:00,3,ACCEPTED,True,gap,,,,,setup_close,2026-08-31 09:26:00,0,,,,,-10.5,next_choch,2026-08-31 11:35:00,-38.63,TAKE,2026-08-31 09:26:00,-10.5,next_choch,2026-08-31 11:35:00,-38.63
all-data_1m,ST5_FB,W-ATR2,2026-08-31 11:42:00,up,2026-08-31 11:35:00,B2026-07-22 12:36:00,B,24195.0,24215.0,17,7,41795.0,11,7865.0,False,True,RECYCLE,,B2026-07-22 12:36:00,147,True,WATCH,WATCH,,,,,,,,,,WATCH,B2026-07-22 12:36:00,replaced,,,,,,,,,23.1,next_choch,2026-08-31 14:04:00,327.71,,,,,,
all-data_1m,ST5_FB,W-ATR2,2026-08-31 14:05:00,down,2026-08-31 14:04:00,A2026-07-01 09:27:00,A,24230.7,24250.7,36,5,21905.0,2,19240.0,False,True,LEAVE,B2026-07-01 09:26:00,A2026-07-01 09:18:00,290,True,WATCH,WATCH,leave_into_recycle,,leave_into_recycle,,A2026-07-01 09:18:00,33,RECYCLE,True,normal,WATCH,A2026-07-01 09:18:00,cancelled:opposite_leave,,,,,,,,,-13.5,next_choch,2026-08-31 14:35:00,-354.17,,,,,,
all-data_1m,ST5_FB,W-ATR2,2026-08-31 14:39:00,up,2026-08-31 14:35:00,B2026-07-22 10:41:00,B,24220.05,24240.05,24,33,123045.0,9,3250.0,False,True,PENDING,,A2026-07-01 09:27:00,324,True,WATCH,REENTER,,,,,,,,,,WATCH_EDGE,B2026-07-22 10:41:00,reenter,watch_edge,reenter_close,2026-08-31 14:40:00,1,6.55,1,1,setup,6.5,next_choch,2026-08-31 15:05:00,,REENTER,2026-08-31 14:40:00,0.7,next_choch,2026-08-31 15:05:00,
all-data_1m,ST5_FB,W-ATR2,2026-09-01 09:22:00,down,2026-09-01 09:15:00,A2026-07-23 09:27:00,A,24180.0,24200.0,10,6,100750.0,1,195.0,False,True,LEAVE,B2026-07-01 09:26:00,B2026-07-08 15:17:00,7,False,WATCH,WATCH,,,leave_vol_fail,,B2026-07-08 15:17:00,15,ACCEPTED,False,gap,WATCH,B2026-07-08 15:17:00,cancelled:opposite_leave,,,,,,,,,-18.4,next_choch,2026-09-01 10:48:00,-623.2,,,,,,
all-data_1m,ST5_FB,W-ATR2,2026-09-01 10:50:00,up,2026-09-01 10:48:00,A2026-07-23 09:27:00,A,24180.0,24200.0,11,26,146835.0,1,195.0,False,True,PENDING,,B2026-07-22 12:36:00,95,True,WATCH,WATCH,,,,,,,,,,WATCH_EDGE,A2026-07-23 09:27:00,armed_expired:opposite_leave,,,,,,,,,44.0,next_choch,2026-09-01 12:51:00,1536.7,,,,,,
all-data_1m,ST5_FB,W-ATR2,2026-09-01 12:54:00,down,2026-09-01 12:51:00,B2026-07-01 09:26:00,B,24247.25,24267.25,41,12,15730.0,18,8645.0,False,True,PENDING,,A2026-07-01 09:27:00,219,True,BLOCK,BLOCK,hunt_fade,,,,,,,,,,,,,,,,,,,,202.6,next_choch,2026-09-02 14:32:00,12515.9,,,,,,
all-data_1m,ST5_FB,W-ATR2,2026-09-02 14:33:00,up,2026-09-02 14:32:00,B2026-07-23 14:52:00,B,24022.0,24042.0,5,3,29510.0,15,6890.0,False,True,LEAVE,B2026-07-24 12:52:00,B2026-07-23 13:10:00,318,True,WATCH,WATCH,leave_into_recycle,,leave_into_recycle,,B2026-07-23 13:10:00,7,RECYCLE,True,normal,WATCH,B2026-07-23 13:10:00,cancelled:opposite_leave,,,,,,,,,-21.3,next_choch,2026-09-02 14:43:00,-2273.88,,,,,,
all-data_1m,ST5_FB,W-ATR2,2026-09-02 14:44:00,down,2026-09-02 14:43:00,B2026-07-23 14:52:00,B,24022.0,24042.0,5,12,87360.0,15,6890.0,False,True,PENDING,,B2026-07-24 12:52:00,329,True,WATCH,WATCH,,,,,,,,,,WATCH_EDGE,B2026-07-23 14:52:00,armed_expired:back_inside,,,,,,,,,12.3,next_choch,2026-09-02 15:22:00,137.48,,,,,,
all-data_1m,ST5_FB,W-ATR2,2026-09-02 15:26:00,down,2026-09-02 15:25:00,B2026-07-24 13:28:00,B,23996.1,24016.1,11,16,115765.0,9,2015.0,False,True,ACCEPTED,,B2026-07-24 13:28:00,371,True,BLOCK,BLOCK,clock,,,,,,,,,,,,,,,,,,,,-108.3,stop_loss,2026-09-03 09:15:00,-7774.35,,,,,,
all-data_1m,ST5_FB,W-ATR2,2026-09-03 09:16:00,up,2026-09-03 09:15:00,B2026-07-27 10:05:00,B,24120.0,24140.0,5,1,57005.0,9,5395.0,False,True,LEAVE,B2026-07-24 13:28:00,B2026-07-27 10:05:00,1,False,BLOCK,BLOCK,open_pierce,,,,B2026-07-27 10:05:00,5,RECYCLE,True,gap,,,,,,,,,,,,-23.0,next_choch,2026-09-03 09:22:00,-620.31,,,,,,
all-data_1m,ST5_FB,W-ATR2,2026-09-03 09:24:00,down,2026-09-03 09:22:00,B2026-07-23 12:39:00,B,24085.5,24105.5,7,6,111670.0,10,24765.0,False,True,LEAVE,B2026-07-27 10:05:00,B2026-09-01 14:45:00,9,True,BLOCK,BLOCK,open_pierce,,,,B2026-09-01 14:45:00,3,ACCEPTED,False,normal,,,,,,,,,,,,-28.6,stop_loss,2026-09-03 09:30:00,-941.72,,,,,,
all-data_1m,ST5_FB,W-ATR2,2026-09-03 09:33:00,up,2026-09-03 09:30:00,A2026-09-02 09:15:00,A,24100.9,24120.9,2,4,43615.0,1,11505.0,False,False,LEAVE,B2026-09-01 14:45:00,A2026-09-02 09:15:00,18,True,WATCH,WATCH,,,leave_vol_fail,,A2026-09-02 09:15:00,2,RECYCLE,False,normal,WATCH,A2026-09-02 09:15:00,replaced,,,,,,,,,17.9,next_choch,2026-09-03 10:13:00,486.28,,,,,,
all-data_1m,ST5_FB,W-ATR2,2026-09-03 10:15:00,down,2026-09-03 10:13:00,B2026-07-27 10:05:00,B,24120.0,24140.0,7,14,45305.0,9,5395.0,False,True,PENDING,,A2026-09-02 09:15:00,60,True,WATCH,WATCH,,,,,,,,,,WATCH_EDGE,B2026-07-27 10:05:00,armed_expired:back_inside,,,,,,,,,21.3,next_choch,2026-09-03 11:35:00,1013.39,,,,,,
all-data_1m,ST5_FB,W-ATR2,2026-09-03 11:47:00,down,2026-09-03 11:41:00,B2026-09-01 14:45:00,B,24075.0,24095.0,7,6,17160.0,9,84370.0,False,False,LEAVE,B2026-07-23 12:39:00,B2026-09-01 14:45:00,152,True,WATCH,WATCH,leave_into_recycle,,leave_into_recycle,,B2026-09-01 14:45:00,7,THIN,True,normal,WATCH,B2026-09-01 14:45:00,reenter,,,,,,,,,33.9,next_choch,2026-09-03 12:54:00,,,,,,,
all-data_1m,ST5_FB,W-ATR2,2026-09-03 13:02:00,down,2026-09-03 13:01:00,B2026-07-23 14:52:00,B,24022.0,24042.0,7,42,272220.0,15,6890.0,False,True,ACCEPTED,,B2026-07-23 14:52:00,227,True,REENTER,REENTER,,watch,,,,,,,,,,,watch,setup_close,2026-09-03 13:02:00,0,46.3,71,69,setup,-16.3,stop_loss,2026-09-03 13:05:00,-314.27,REENTER,2026-09-03 13:02:00,-16.3,stop_loss,2026-09-03 13:05:00,-314.27
all-data_1m,ST5_FB,W-ATR2,2026-09-03 13:11:00,up,2026-09-03 13:05:00,B2026-07-23 13:10:00,B,24038.45,24058.45,10,1,2340.0,9,5005.0,False,True,LEAVE,B2026-07-23 14:52:00,B2026-07-23 13:10:00,236,True,WATCH,WATCH,,,leave_vol_fail,,B2026-07-23 13:10:00,10,REJECT,False,normal,WATCH,B2026-07-23 13:10:00,cancelled:opposite_leave,,,,,,,,,-10.0,next_choch,2026-09-03 13:21:00,-359.32,,,,,,
all-data_1m,ST5_FB,W-ATR2,2026-09-03 13:23:00,down,2026-09-03 13:21:00,B2026-07-23 14:52:00,B,24022.0,24042.0,8,3,13000.0,15,6890.0,False,True,LEAVE,B2026-07-23 13:10:00,B2026-07-23 14:52:00,248,True,WATCH,WATCH,leave_into_recycle,,leave_into_recycle,,B2026-07-23 14:52:00,8,REJECT,True,normal,WATCH,B2026-07-23 14:52:00,armed_expired:back_inside,,,,,,,,,-19.9,stop_loss,2026-09-03 13:33:00,-869.05,,,,,,
all-data_1m,ST5_FB,W-ATR2,2026-09-03 14:29:00,up,2026-09-03 14:20:00,B2026-07-23 14:52:00,B,24022.0,24042.0,11,28,42055.0,15,6890.0,False,True,ACCEPTED,,B2026-07-23 14:52:00,314,True,WATCH,WATCH,,,accepted_no_defend,,,,,,,WATCH,B2026-07-23 14:52:00,replaced,,,,,,,,,-14.9,stop_loss,2026-09-03 14:40:00,-424.11,,,,,,
all-data_1m,ST5_FB,W-ATR2,2026-09-03 14:43:00,down,2026-09-03 14:40:00,B2026-07-23 14:52:00,B,24022.0,24042.0,11,42,100685.0,15,6890.0,False,True,ACCEPTED,,B2026-07-23 14:52:00,328,True,WATCH,WATCH,,,accepted_no_defend,,,,,,,WATCH,B2026-07-23 14:52:00,armed_expired:back_inside,,,,,,,,,7.1,next_choch,2026-09-03 14:56:00,70.42,,,,,,
all-data_1m,ST5_FB,W-ATR2,2026-09-03 15:07:00,down,2026-09-03 15:05:00,B2026-07-24 13:28:00,B,23996.1,24016.1,12,1,11635.0,9,2015.0,False,True,LEAVE,B2026-07-24 12:52:00,B2026-07-24 13:28:00,352,True,WATCH,WATCH,,,leave_vol_fail,,B2026-07-24 13:28:00,12,RECYCLE,False,normal,WATCH,B2026-07-24 13:28:00,armed_expired:session_end,,,,,,,,,-24.0,stop_loss,2026-09-04 09:15:00,-273.89,,,,,,
all-data_1m,ST5_FB,W-ATR2,2026-09-04 09:45:00,up,2026-09-04 09:40:00,B2026-07-23 14:52:00,B,24022.0,24042.0,12,15,129090.0,15,6890.0,False,True,PENDING,,B2026-07-23 13:10:00,30,True,WATCH,REENTER,,,,,,,,,,WATCH_EDGE,B2026-07-23 14:52:00,reenter,watch_edge,reenter_close,2026-09-04 09:46:00,1,8.0,1,1,setup,32.0,next_choch,2026-09-04 12:12:00,438.57,REENTER,2026-09-04 09:46:00,30.0,next_choch,2026-09-04 12:12:00,496.99
all-data_1m,ST5_FB,W-ATR2,2026-09-04 12:13:00,down,2026-09-04 12:12:00,B2026-09-01 14:45:00,B,24075.0,24095.0,11,12,43550.0,9,84370.0,False,False,LEAVE,A2026-09-02 09:15:00,B2026-09-01 14:45:00,178,True,WATCH,WATCH,,,leave_vol_fail,,B2026-09-01 14:45:00,11,RECYCLE,False,normal,WATCH,B2026-09-01 14:45:00,replaced,,,,,,,,,9.5,next_choch,2026-09-04 12:49:00,,,,,,,
all-data_1m,ST5_FB,W-ATR2,2026-09-04 12:53:00,up,2026-09-04 12:49:00,B2026-07-23 12:51:00,B,24048.5,24068.5,18,27,93925.0,10,17550.0,False,True,ACCEPTED,,B2026-07-23 12:51:00,218,True,WATCH,WATCH,,,accepted_no_defend,,,,,,,WATCH,B2026-07-23 12:51:00,cancelled:opposite_take,,,,,,,,,-12.0,stop_loss,2026-09-04 12:56:00,,,,,,,
all-data_1m,ST5_FB,W-ATR2,2026-09-04 12:57:00,down,2026-09-04 12:56:00,B2026-07-23 12:51:00,B,24048.5,24068.5,18,31,117130.0,10,17550.0,False,True,ACCEPTED,,B2026-07-23 12:51:00,222,True,TAKE,TAKE,,defend,,,,,,,,,,,,setup_close,2026-09-04 12:57:00,0,,,,,-16.7,stop_loss,2026-09-04 13:10:00,-844.07,TAKE,2026-09-04 12:57:00,-16.7,stop_loss,2026-09-04 13:10:00,-844.07
all-data_1m,ST5_FB,W-ATR2,2026-09-04 13:16:00,up,2026-09-04 13:10:00,B2026-07-23 15:10:00,B,24062.6,24082.6,10,6,12740.0,9,3445.0,False,True,LEAVE,B2026-07-23 12:51:00,B2026-07-23 15:10:00,241,True,WATCH,WATCH,,,leave_vol_fail,,B2026-07-23 15:10:00,10,RECYCLE,False,normal,WATCH,B2026-07-23 15:10:00,armed_expired:back_inside,,,,,,,,,-21.0,next_choch,2026-09-04 13:32:00,,,,,,,
all-data_1m,ST5_FB,W-ATR2,2026-09-04 13:33:00,down,2026-09-04 13:32:00,B2026-07-23 12:51:00,B,24048.5,24068.5,19,1,3445.0,10,17550.0,False,True,LEAVE,B2026-07-23 15:10:00,B2026-07-23 12:51:00,258,True,WATCH,WATCH,leave_into_recycle,,leave_into_recycle,,B2026-07-23 12:51:00,19,RECYCLE,True,normal,WATCH,B2026-07-23 12:51:00,replaced,,,,,,,,,-12.9,stop_loss,2026-09-04 13:39:00,,,,,,,
all-data_1m,ST5_FB,W-ATR2,2026-09-04 13:40:00,up,2026-09-04 13:39:00,B2026-07-23 12:51:00,B,24048.5,24068.5,19,7,10270.0,10,17550.0,False,True,PENDING,,B2026-07-23 15:10:00,265,False,WATCH,WATCH,,,,,,,,,,WATCH_EDGE,B2026-07-23 12:51:00,replaced,,,,,,,,,2.7,next_choch,2026-09-04 13:49:00,,,,,,,
all-data_1m,ST5_FB,W-ATR2,2026-09-04 13:51:00,down,2026-09-04 13:49:00,B2026-07-23 15:10:00,B,24062.6,24082.6,12,5,7280.0,9,3445.0,False,True,PENDING,,B2026-07-23 12:51:00,276,True,WATCH,WATCH,,,,,,,,,,WATCH_EDGE,B2026-07-23 15:10:00,replaced,,,,,,,,,-0.5,next_choch,2026-09-04 14:03:00,,,,,,,
all-data_1m,ST5_FB,W-ATR2,2026-09-04 14:06:00,up,2026-09-04 14:03:00,B2026-07-23 15:10:00,B,24062.6,24082.6,14,1,910.0,9,3445.0,False,True,LEAVE,B2026-07-23 12:51:00,B2026-07-23 15:10:00,291,True,WATCH,WATCH,leave_into_recycle,,leave_into_recycle,,B2026-07-23 15:10:00,14,REJECT,True,normal,WATCH,B2026-07-23 15:10:00,armed_expired:back_inside,,,,,,,,,-9.9,next_choch,2026-09-04 14:39:00,,,,,,,
all-data_1m,ST5_FB,W-ATR2,2026-09-04 14:44:00,down,2026-09-04 14:39:00,B2026-07-23 15:10:00,B,24062.6,24082.6,15,6,9230.0,9,3445.0,False,True,LEAVE,B2026-09-01 14:45:00,B2026-07-23 12:51:00,329,True,WATCH,WATCH,,,leave_vol_fail,,B2026-07-23 12:51:00,21,RECYCLE,False,normal,WATCH,B2026-07-23 12:51:00,armed_expired:session_end,,,,,,,,,-11.6,stop_loss,2026-09-04 14:50:00,,,,,,,
all-data_1m,ST5_FB,W-ATR2,2026-09-04 15:22:00,down,2026-09-04 15:20:00,B2026-07-23 13:10:00,B,24038.45,24058.45,15,2,10530.0,9,5005.0,False,True,LEAVE,B2026-07-23 12:51:00,B2026-07-23 13:10:00,367,True,BLOCK,BLOCK,clock,,,,B2026-07-23 13:10:00,15,RECYCLE,True,normal,,,,,,,,,,,,854.3,open,2026-09-25 15:29:00,,,,,,,
design-period_1m,ST5_FB,W-ATR2,2026-08-26 12:10:00,down,2026-08-26 12:09:00,B2026-07-02 10:31:00,B,24429.85,24449.85,51,1,8840.0,11,1040.0,False,True,LEAVE,B2026-07-02 09:32:00,B2026-07-02 10:31:00,175,True,WATCH,WATCH,leave_into_recycle,,leave_into_recycle,,B2026-07-02 10:31:00,51,RECYCLE,True,normal,WATCH,B2026-07-02 10:31:00,cancelled:opposite_leave,,,,,,,,,-18.9,stop_loss,2026-08-26 12:18:00,-707.26,,,,,,
design-period_1m,ST5_FB,W-ATR2,2026-08-26 12:30:00,down,2026-08-26 12:28:00,B2026-07-02 09:32:00,B,24446.6,24466.6,63,17,78455.0,11,3965.0,False,True,ACCEPTED,,B2026-07-02 09:32:00,195,True,TAKE,TAKE,,defend,,,,,,,,,,,,setup_close,2026-08-26 12:30:00,0,,,,,-9.0,stop_loss,2026-08-26 12:34:00,-411.67,TAKE,2026-08-26 12:30:00,-9.0,stop_loss,2026-08-26 12:34:00,-411.67
design-period_1m,ST5_FB,W-ATR2,2026-08-26 12:35:00,up,2026-08-26 12:34:00,B2026-07-02 09:32:00,B,24446.6,24466.6,64,1,2015.0,11,3965.0,False,True,LEAVE,B2026-07-02 10:31:00,B2026-07-02 09:32:00,200,True,WATCH,WATCH,,,leave_vol_fail,,B2026-07-02 09:32:00,64,RECYCLE,False,normal,WATCH,B2026-07-02 09:32:00,cancelled:opposite_leave,,,,,,,,,-16.6,next_choch,2026-08-26 12:50:00,-502.74,,,,,,
design-period_1m,ST5_FB,W-ATR2,2026-08-26 12:54:00,up,2026-08-26 12:51:00,B2026-07-02 09:32:00,B,24446.6,24466.6,64,18,38935.0,11,3965.0,False,True,ACCEPTED,,B2026-07-02 09:32:00,219,True,TAKE,TAKE,,defend,,,,,,,,,,,,setup_close,2026-08-26 12:54:00,0,,,,,-10.0,stop_loss,2026-08-26 13:01:00,-473.13,TAKE,2026-08-26 12:54:00,-10.0,stop_loss,2026-08-26 13:01:00,-473.13
design-period_1m,ST5_FB,W-ATR2,2026-08-26 13:02:00,down,2026-08-26 13:01:00,B2026-07-02 10:31:00,B,24429.85,24449.85,53,1,23270.0,11,1040.0,False,True,LEAVE,B2026-07-02 09:32:00,B2026-07-02 10:31:00,227,True,WATCH,WATCH,leave_into_recycle,,leave_into_recycle,,B2026-07-02 10:31:00,53,REJECT,True,normal,WATCH,B2026-07-02 10:31:00,cancelled:opposite_leave,,,,,,,,,-0.0,next_choch,2026-08-26 13:35:00,-59.93,,,,,,
design-period_1m,ST5_FB,W-ATR2,2026-08-26 13:45:00,down,2026-08-26 13:44:00,B2026-07-02 10:31:00,B,24429.85,24449.85,54,35,124540.0,11,1040.0,False,True,ACCEPTED,,B2026-07-02 10:31:00,270,True,WATCH,WATCH,,,accepted_no_defend,,,,,,,WATCH,B2026-07-02 10:31:00,replaced,,,,,,,,,-3.3,next_choch,2026-08-26 14:02:00,,,,,,,
design-period_1m,ST5_FB,W-ATR2,2026-08-26 14:04:00,up,2026-08-26 14:02:00,B2026-07-02 11:28:00,B,24417.5,24437.5,51,15,108550.0,11,520.0,False,True,PENDING,,B2026-07-02 10:31:00,289,False,WATCH,WATCH,,,,,,,,,,WATCH_EDGE,B2026-07-02 11:28:00,armed_expired:session_end,,,,,,,,,17.4,next_choch,2026-08-26 15:20:00,550.19,,,,,,
design-period_1m,ST5_FB,W-ATR2,2026-08-26 15:21:00,down,2026-08-26 15:20:00,B2026-07-02 09:32:00,B,24446.6,24466.6,68,6,43030.0,11,3965.0,False,True,RECYCLE,,B2026-07-02 09:32:00,366,True,BLOCK,BLOCK,clock,,,,,,,,,,,,,,,,,,,,103.8,next_choch,2026-08-27 12:44:00,3983.87,,,,,,
design-period_1m,ST5_FB,W-ATR2,2026-08-27 12:51:00,up,2026-08-27 12:50:00,B2026-07-01 11:41:00,B,24333.2,24353.2,26,12,113750.0,9,1495.0,False,True,PENDING,,B2026-07-01 13:25:00,216,False,WATCH,WATCH,,,,,,,,,,WATCH_EDGE,B2026-07-01 11:41:00,replaced,,,,,,,,,2.0,next_choch,2026-08-27 13:02:00,76.63,,,,,,
design-period_1m,ST5_FB,W-ATR2,2026-08-27 13:05:00,down,2026-08-27 13:02:00,B2026-07-01 10:34:00,B,24343.95,24363.95,34,9,40495.0,12,1885.0,False,True,RECYCLE,,B2026-07-01 10:34:00,230,True,WATCH,WATCH,,,,,,,,,,WATCH,B2026-07-01 10:34:00,cancelled:opposite_leave,,,,,,,,,-17.0,stop_loss,2026-08-27 13:12:00,-654.52,,,,,,
design-period_1m,ST5_FB,W-ATR2,2026-08-27 13:14:00,up,2026-08-27 13:12:00,B2026-07-01 12:19:00,B,24365.35,24385.35,55,2,7670.0,12,1365.0,False,True,LEAVE,B2026-07-01 10:34:00,B2026-07-01 12:19:00,239,False,WATCH,WATCH,leave_into_recycle,,leave_into_recycle,,B2026-07-01 12:19:00,55,REJECT,True,normal,WATCH,B2026-07-01 12:19:00,cancelled:opposite_leave,,,,,,,,,-8.4,next_choch,2026-08-27 13:29:00,-885.94,,,,,,
design-period_1m,ST5_FB,W-ATR2,2026-08-27 13:31:00,down,2026-08-27 13:29:00,B2026-07-01 13:25:00,B,24354.0,24374.0,35,14,31720.0,9,1430.0,False,True,PENDING,,B2026-07-01 11:41:00,256,True,WATCH,REENTER,,,,,,,,,,WATCH_EDGE,B2026-07-01 13:25:00,reenter,watch_edge,reenter_close,2026-08-27 13:32:00,1,11.8,1,1,setup,-16.0,next_choch,2026-08-27 13:38:00,-696.21,REENTER,2026-08-27 13:32:00,-18.8,next_choch,2026-08-27 13:38:00,-663.76
design-period_1m,ST5_FB,W-ATR2,2026-08-27 13:39:00,up,2026-08-27 13:38:00,B2026-07-01 10:34:00,B,24343.95,24363.95,35,6,9945.0,12,1885.0,False,True,RECYCLE,,B2026-07-01 10:34:00,264,True,WATCH,WATCH,,,,,,,,,,WATCH,B2026-07-01 10:34:00,replaced,,,,,,,,,-13.7,stop_loss,2026-08-27 13:42:00,-465.41,,,,,,
design-period_1m,ST5_FB,W-ATR2,2026-08-27 13:43:00,down,2026-08-27 13:42:00,B2026-07-01 10:34:00,B,24343.95,24363.95,35,9,17030.0,12,1885.0,False,True,PENDING,,B2026-07-01 11:41:00,268,True,WATCH,REENTER,,,,,,,,,,WATCH_EDGE,B2026-07-01 10:34:00,reenter,watch_edge,reenter_close,2026-08-27 13:44:00,1,3.85,1,1,setup,19.2,next_choch,2026-08-27 14:17:00,929.48,REENTER,2026-08-27 13:44:00,18.1,next_choch,2026-08-27 14:17:00,819.14
design-period_1m,ST5_FB,W-ATR2,2026-08-27 14:19:00,up,2026-08-27 14:17:00,B2026-07-01 10:04:00,B,24307.95,24327.95,52,2,3965.0,14,5070.0,False,True,LEAVE,A2026-07-09 09:44:00,B2026-07-01 10:04:00,304,True,WATCH,WATCH,leave_into_recycle,,leave_into_recycle,,B2026-07-01 10:04:00,52,RECYCLE,True,normal,WATCH,B2026-07-01 10:04:00,armed_expired:back_inside,,,,,,,,,6.0,next_choch,2026-08-27 14:45:00,,,,,,,
design-period_1m,ST5_FB,W-ATR2,2026-08-27 15:05:00,down,2026-08-27 15:04:00,B2026-07-01 11:10:00,B,24319.5,24339.5,45,36,154375.0,9,390.0,False,True,PENDING,,B2026-07-01 10:04:00,350,True,BLOCK,BLOCK,hunt_fade,,,,,,,,,,,,,,,,,,,,-1.9,next_choch,2026-08-27 15:10:00,,,,,,,
design-period_1m,ST5_FB,W-ATR2,2026-08-27 15:15:00,down,2026-08-27 15:12:00,A2026-07-09 09:44:00,A,24293.1,24313.1,47,1,10985.0,3,585.0,False,True,LEAVE,B2026-07-01 10:04:00,A2026-07-09 09:44:00,360,True,WATCH,WATCH,,,leave_vol_fail,,A2026-07-09 09:44:00,47,RECYCLE,False,normal,WATCH,A2026-07-09 09:44:00,armed_expired:session_end,,,,,,,,,8.1,next_choch,2026-08-28 09:17:00,-15.09,,,,,,
design-period_1m,ST5_FB,W-ATR2,2026-08-28 09:25:00,up,2026-08-28 09:17:00,B2026-07-01 10:04:00,B,24307.95,24327.95,54,1,11115.0,14,5070.0,False,True,LEAVE,B2026-07-01 09:47:00,B2026-07-01 10:04:00,10,False,WATCH,WATCH,,,leave_vol_fail,,B2026-07-01 10:04:00,54,RECYCLE,False,normal,WATCH,B2026-07-01 10:04:00,armed_expired:back_inside,,,,,,,,,-43.7,stop_loss,2026-08-28 11:35:00,-1389.59,,,,,,
design-period_1m,ST5_FB,W-ATR2,2026-08-28 11:54:00,down,2026-08-28 11:35:00,B2026-07-01 09:47:00,B,24275.1,24295.1,36,19,102375.0,15,5395.0,False,True,PENDING,,B2026-07-14 14:26:00,159,True,WATCH,REENTER,,,,,,,,,,WATCH_EDGE,B2026-07-01 09:47:00,reenter,watch_edge,reenter_close,2026-08-28 11:55:00,1,7.1,1,1,setup,-15.0,stop_loss,2026-08-28 13:22:00,-605.86,REENTER,2026-08-28 11:55:00,-17.0,stop_loss,2026-08-28 13:22:00,-628.57
design-period_1m,ST5_FB,W-ATR2,2026-08-28 13:40:00,up,2026-08-28 13:34:00,B2026-07-01 09:47:00,B,24275.1,24295.1,37,19,58760.0,15,5395.0,False,True,PENDING,,A2026-07-09 09:44:00,265,True,WATCH,WATCH,,,,,,,,,,WATCH_EDGE,B2026-07-01 09:47:00,armed_expired:back_inside,,,,,,,,,-14.0,stop_loss,2026-08-28 13:48:00,-577.58,,,,,,
design-period_1m,ST5_FB,W-ATR2,2026-08-28 13:59:00,up,2026-08-28 13:58:00,B2026-07-01 09:47:00,B,24275.1,24295.1,37,38,89635.0,15,5395.0,False,True,ACCEPTED,,B2026-07-01 09:47:00,284,True,WATCH,WATCH,,,accepted_no_defend,,,,,,,WATCH,B2026-07-01 09:47:00,replaced,,,,,,,,,-10.5,stop_loss,2026-08-28 14:07:00,-569.69,,,,,,
design-period_1m,ST5_FB,W-ATR2,2026-08-28 14:29:00,up,2026-08-28 14:21:00,B2026-07-01 09:47:00,B,24275.1,24295.1,37,67,175630.0,15,5395.0,False,True,PENDING,,A2026-07-09 09:44:00,314,True,WATCH,WATCH,,,,,,,,,,WATCH_EDGE,B2026-07-01 09:47:00,armed_expired:session_end,,,,,,,,,-6.7,next_choch,2026-08-28 15:02:00,-385.72,,,,,,
design-period_1m,ST5_FB,W-ATR2,2026-08-28 15:28:00,up,2026-08-28 15:11:00,B2026-07-01 11:41:00,B,24333.2,24353.2,33,8,119210.0,9,1495.0,False,True,LEAVE,B2026-07-01 11:10:00,B2026-07-01 11:41:00,373,False,BLOCK,BLOCK,clock,,,,B2026-07-01 11:41:00,33,RECYCLE,True,normal,,,,,,,,,,,,-146.8,stop_loss,2026-08-31 09:15:00,,,,,,,
design-period_1m,ST5_FB,W-ATR2,2026-08-31 09:26:00,down,2026-08-31 09:15:00,B2026-07-22 12:36:00,B,24195.0,24215.0,15,9,161395.0,11,7865.0,False,True,LEAVE,B2026-07-01 11:41:00,A2026-07-23 09:27:00,11,False,TAKE,TAKE,,leave,,,A2026-07-23 09:27:00,3,ACCEPTED,True,gap,,,,,setup_close,2026-08-31 09:26:00,0,,,,,-10.5,next_choch,2026-08-31 11:35:00,-38.63,TAKE,2026-08-31 09:26:00,-10.5,next_choch,2026-08-31 11:35:00,-38.63
design-period_1m,ST5_FB,W-ATR2,2026-08-31 11:42:00,up,2026-08-31 11:35:00,B2026-07-22 12:36:00,B,24195.0,24215.0,17,7,41795.0,11,7865.0,False,True,RECYCLE,,B2026-07-22 12:36:00,147,True,WATCH,WATCH,,,,,,,,,,WATCH,B2026-07-22 12:36:00,replaced,,,,,,,,,23.1,next_choch,2026-08-31 14:04:00,327.71,,,,,,
design-period_1m,ST5_FB,W-ATR2,2026-08-31 14:05:00,down,2026-08-31 14:04:00,A2026-07-01 09:27:00,A,24230.7,24250.7,36,5,21905.0,2,19240.0,False,True,LEAVE,B2026-07-01 09:26:00,A2026-07-01 09:18:00,290,True,WATCH,WATCH,leave_into_recycle,,leave_into_recycle,,A2026-07-01 09:18:00,33,RECYCLE,True,normal,WATCH,A2026-07-01 09:18:00,cancelled:opposite_leave,,,,,,,,,-13.5,next_choch,2026-08-31 14:35:00,-354.17,,,,,,
design-period_1m,ST5_FB,W-ATR2,2026-08-31 14:39:00,up,2026-08-31 14:35:00,B2026-07-22 10:41:00,B,24220.05,24240.05,24,33,123045.0,9,3250.0,False,True,PENDING,,A2026-07-01 09:27:00,324,True,WATCH,REENTER,,,,,,,,,,WATCH_EDGE,B2026-07-22 10:41:00,reenter,watch_edge,reenter_close,2026-08-31 14:40:00,1,6.55,1,1,setup,6.5,next_choch,2026-08-31 15:05:00,,REENTER,2026-08-31 14:40:00,0.7,next_choch,2026-08-31 15:05:00,
design-period_1m,ST5_FB,W-ATR2,2026-09-01 09:22:00,down,2026-09-01 09:15:00,A2026-07-23 09:27:00,A,24180.0,24200.0,10,6,100750.0,1,195.0,False,True,LEAVE,B2026-07-01 09:26:00,B2026-07-08 15:17:00,7,False,WATCH,WATCH,,,leave_vol_fail,,B2026-07-08 15:17:00,15,ACCEPTED,False,gap,WATCH,B2026-07-08 15:17:00,cancelled:opposite_leave,,,,,,,,,-18.4,next_choch,2026-09-01 10:48:00,-623.2,,,,,,
design-period_1m,ST5_FB,W-ATR2,2026-09-01 10:50:00,up,2026-09-01 10:48:00,A2026-07-23 09:27:00,A,24180.0,24200.0,11,26,146835.0,1,195.0,False,True,PENDING,,B2026-07-22 12:36:00,95,True,WATCH,WATCH,,,,,,,,,,WATCH_EDGE,A2026-07-23 09:27:00,armed_expired:opposite_leave,,,,,,,,,44.0,next_choch,2026-09-01 12:51:00,1536.7,,,,,,
design-period_1m,ST5_FB,W-ATR2,2026-09-01 12:54:00,down,2026-09-01 12:51:00,B2026-07-01 09:26:00,B,24247.25,24267.25,41,12,15730.0,18,8645.0,False,True,PENDING,,A2026-07-01 09:27:00,219,True,BLOCK,BLOCK,hunt_fade,,,,,,,,,,,,,,,,,,,,202.6,next_choch,2026-09-02 14:32:00,12515.9,,,,,,
design-period_1m,ST5_FB,W-ATR2,2026-09-02 14:33:00,up,2026-09-02 14:32:00,B2026-07-23 14:52:00,B,24022.0,24042.0,5,3,29510.0,15,6890.0,False,True,LEAVE,B2026-07-24 12:52:00,B2026-07-23 13:10:00,318,True,WATCH,WATCH,leave_into_recycle,,leave_into_recycle,,B2026-07-23 13:10:00,7,RECYCLE,True,normal,WATCH,B2026-07-23 13:10:00,cancelled:opposite_leave,,,,,,,,,-21.3,next_choch,2026-09-02 14:43:00,-2273.88,,,,,,
design-period_1m,ST5_FB,W-ATR2,2026-09-02 14:44:00,down,2026-09-02 14:43:00,B2026-07-23 14:52:00,B,24022.0,24042.0,5,12,87360.0,15,6890.0,False,True,PENDING,,B2026-07-24 12:52:00,329,True,WATCH,WATCH,,,,,,,,,,WATCH_EDGE,B2026-07-23 14:52:00,armed_expired:back_inside,,,,,,,,,12.3,next_choch,2026-09-02 15:22:00,137.48,,,,,,
design-period_1m,ST5_FB,W-ATR2,2026-09-02 15:26:00,down,2026-09-02 15:25:00,B2026-07-24 13:28:00,B,23996.1,24016.1,11,16,115765.0,9,2015.0,False,True,ACCEPTED,,B2026-07-24 13:28:00,371,True,BLOCK,BLOCK,clock,,,,,,,,,,,,,,,,,,,,-108.3,stop_loss,2026-09-03 09:15:00,-7774.35,,,,,,
design-period_1m,ST5_FB,W-ATR2,2026-09-03 09:16:00,up,2026-09-03 09:15:00,B2026-07-27 10:05:00,B,24120.0,24140.0,5,1,57005.0,9,5395.0,False,True,LEAVE,B2026-07-24 13:28:00,B2026-07-27 10:05:00,1,False,BLOCK,BLOCK,open_pierce,,,,B2026-07-27 10:05:00,5,RECYCLE,True,gap,,,,,,,,,,,,-23.0,next_choch,2026-09-03 09:22:00,-620.31,,,,,,
design-period_1m,ST5_FB,W-ATR2,2026-09-03 09:24:00,down,2026-09-03 09:22:00,B2026-07-23 12:39:00,B,24085.5,24105.5,7,6,111670.0,10,24765.0,False,True,LEAVE,B2026-07-27 10:05:00,B2026-09-01 14:45:00,9,True,BLOCK,BLOCK,open_pierce,,,,B2026-09-01 14:45:00,3,ACCEPTED,False,normal,,,,,,,,,,,,-28.6,stop_loss,2026-09-03 09:30:00,-941.72,,,,,,
design-period_1m,ST5_FB,W-ATR2,2026-09-03 09:33:00,up,2026-09-03 09:30:00,A2026-09-02 09:15:00,A,24100.9,24120.9,2,4,43615.0,1,11505.0,False,False,LEAVE,B2026-09-01 14:45:00,A2026-09-02 09:15:00,18,True,WATCH,WATCH,,,leave_vol_fail,,A2026-09-02 09:15:00,2,RECYCLE,False,normal,WATCH,A2026-09-02 09:15:00,replaced,,,,,,,,,17.9,next_choch,2026-09-03 10:13:00,486.28,,,,,,
design-period_1m,ST5_FB,W-ATR2,2026-09-03 10:15:00,down,2026-09-03 10:13:00,B2026-07-27 10:05:00,B,24120.0,24140.0,7,14,45305.0,9,5395.0,False,True,PENDING,,A2026-09-02 09:15:00,60,True,WATCH,WATCH,,,,,,,,,,WATCH_EDGE,B2026-07-27 10:05:00,armed_expired:back_inside,,,,,,,,,21.3,next_choch,2026-09-03 11:35:00,1013.39,,,,,,
design-period_1m,ST5_FB,W-ATR2,2026-09-03 11:47:00,down,2026-09-03 11:41:00,B2026-09-01 14:45:00,B,24075.0,24095.0,7,6,17160.0,9,84370.0,False,False,LEAVE,B2026-07-23 12:39:00,B2026-09-01 14:45:00,152,True,WATCH,WATCH,leave_into_recycle,,leave_into_recycle,,B2026-09-01 14:45:00,7,THIN,True,normal,WATCH,B2026-09-01 14:45:00,reenter,,,,,,,,,33.9,next_choch,2026-09-03 12:54:00,,,,,,,
design-period_1m,ST5_FB,W-ATR2,2026-09-03 13:02:00,down,2026-09-03 13:01:00,B2026-07-23 14:52:00,B,24022.0,24042.0,7,42,272220.0,15,6890.0,False,True,ACCEPTED,,B2026-07-23 14:52:00,227,True,REENTER,REENTER,,watch,,,,,,,,,,,watch,setup_close,2026-09-03 13:02:00,0,46.3,71,69,setup,-16.3,stop_loss,2026-09-03 13:05:00,-314.27,REENTER,2026-09-03 13:02:00,-16.3,stop_loss,2026-09-03 13:05:00,-314.27
design-period_1m,ST5_FB,W-ATR2,2026-09-03 13:11:00,up,2026-09-03 13:05:00,B2026-07-23 13:10:00,B,24038.45,24058.45,10,1,2340.0,9,5005.0,False,True,LEAVE,B2026-07-23 14:52:00,B2026-07-23 13:10:00,236,True,WATCH,WATCH,,,leave_vol_fail,,B2026-07-23 13:10:00,10,REJECT,False,normal,WATCH,B2026-07-23 13:10:00,cancelled:opposite_leave,,,,,,,,,-10.0,next_choch,2026-09-03 13:21:00,-359.32,,,,,,
design-period_1m,ST5_FB,W-ATR2,2026-09-03 13:23:00,down,2026-09-03 13:21:00,B2026-07-23 14:52:00,B,24022.0,24042.0,8,3,13000.0,15,6890.0,False,True,LEAVE,B2026-07-23 13:10:00,B2026-07-23 14:52:00,248,True,WATCH,WATCH,leave_into_recycle,,leave_into_recycle,,B2026-07-23 14:52:00,8,REJECT,True,normal,WATCH,B2026-07-23 14:52:00,armed_expired:back_inside,,,,,,,,,-19.9,stop_loss,2026-09-03 13:33:00,-869.05,,,,,,
design-period_1m,ST5_FB,W-ATR2,2026-09-03 14:29:00,up,2026-09-03 14:20:00,B2026-07-23 14:52:00,B,24022.0,24042.0,11,28,42055.0,15,6890.0,False,True,ACCEPTED,,B2026-07-23 14:52:00,314,True,WATCH,WATCH,,,accepted_no_defend,,,,,,,WATCH,B2026-07-23 14:52:00,replaced,,,,,,,,,-14.9,stop_loss,2026-09-03 14:40:00,-424.11,,,,,,
design-period_1m,ST5_FB,W-ATR2,2026-09-03 14:43:00,down,2026-09-03 14:40:00,B2026-07-23 14:52:00,B,24022.0,24042.0,11,42,100685.0,15,6890.0,False,True,ACCEPTED,,B2026-07-23 14:52:00,328,True,WATCH,WATCH,,,accepted_no_defend,,,,,,,WATCH,B2026-07-23 14:52:00,armed_expired:back_inside,,,,,,,,,7.1,next_choch,2026-09-03 14:56:00,70.42,,,,,,
design-period_1m,ST5_FB,W-ATR2,2026-09-03 15:07:00,down,2026-09-03 15:05:00,B2026-07-24 13:28:00,B,23996.1,24016.1,12,1,11635.0,9,2015.0,False,True,LEAVE,B2026-07-24 12:52:00,B2026-07-24 13:28:00,352,True,WATCH,WATCH,,,leave_vol_fail,,B2026-07-24 13:28:00,12,RECYCLE,False,normal,WATCH,B2026-07-24 13:28:00,armed_expired:session_end,,,,,,,,,-24.0,stop_loss,2026-09-04 09:15:00,-273.89,,,,,,
design-period_1m,ST5_FB,W-ATR2,2026-09-04 09:45:00,up,2026-09-04 09:40:00,B2026-07-23 14:52:00,B,24022.0,24042.0,12,15,129090.0,15,6890.0,False,True,PENDING,,B2026-07-23 13:10:00,30,True,WATCH,REENTER,,,,,,,,,,WATCH_EDGE,B2026-07-23 14:52:00,reenter,watch_edge,reenter_close,2026-09-04 09:46:00,1,8.0,1,1,setup,32.0,next_choch,2026-09-04 12:12:00,438.57,REENTER,2026-09-04 09:46:00,30.0,next_choch,2026-09-04 12:12:00,496.99
design-period_1m,ST5_FB,W-ATR2,2026-09-04 12:13:00,down,2026-09-04 12:12:00,B2026-09-01 14:45:00,B,24075.0,24095.0,11,12,43550.0,9,84370.0,False,False,LEAVE,A2026-09-02 09:15:00,B2026-09-01 14:45:00,178,True,WATCH,WATCH,,,leave_vol_fail,,B2026-09-01 14:45:00,11,RECYCLE,False,normal,WATCH,B2026-09-01 14:45:00,replaced,,,,,,,,,9.5,next_choch,2026-09-04 12:49:00,,,,,,,
design-period_1m,ST5_FB,W-ATR2,2026-09-04 12:53:00,up,2026-09-04 12:49:00,B2026-07-23 12:51:00,B,24048.5,24068.5,18,27,93925.0,10,17550.0,False,True,ACCEPTED,,B2026-07-23 12:51:00,218,True,WATCH,WATCH,,,accepted_no_defend,,,,,,,WATCH,B2026-07-23 12:51:00,cancelled:opposite_take,,,,,,,,,-12.0,stop_loss,2026-09-04 12:56:00,,,,,,,
design-period_1m,ST5_FB,W-ATR2,2026-09-04 12:57:00,down,2026-09-04 12:56:00,B2026-07-23 12:51:00,B,24048.5,24068.5,18,31,117130.0,10,17550.0,False,True,ACCEPTED,,B2026-07-23 12:51:00,222,True,TAKE,TAKE,,defend,,,,,,,,,,,,setup_close,2026-09-04 12:57:00,0,,,,,-16.7,stop_loss,2026-09-04 13:10:00,-844.07,TAKE,2026-09-04 12:57:00,-16.7,stop_loss,2026-09-04 13:10:00,-844.07
design-period_1m,ST5_FB,W-ATR2,2026-09-04 13:16:00,up,2026-09-04 13:10:00,B2026-07-23 15:10:00,B,24062.6,24082.6,10,6,12740.0,9,3445.0,False,True,LEAVE,B2026-07-23 12:51:00,B2026-07-23 15:10:00,241,True,WATCH,WATCH,,,leave_vol_fail,,B2026-07-23 15:10:00,10,RECYCLE,False,normal,WATCH,B2026-07-23 15:10:00,armed_expired:back_inside,,,,,,,,,-21.0,next_choch,2026-09-04 13:32:00,,,,,,,
design-period_1m,ST5_FB,W-ATR2,2026-09-04 13:33:00,down,2026-09-04 13:32:00,B2026-07-23 12:51:00,B,24048.5,24068.5,19,1,3445.0,10,17550.0,False,True,LEAVE,B2026-07-23 15:10:00,B2026-07-23 12:51:00,258,True,WATCH,WATCH,leave_into_recycle,,leave_into_recycle,,B2026-07-23 12:51:00,19,RECYCLE,True,normal,WATCH,B2026-07-23 12:51:00,replaced,,,,,,,,,-12.9,stop_loss,2026-09-04 13:39:00,,,,,,,
design-period_1m,ST5_FB,W-ATR2,2026-09-04 13:40:00,up,2026-09-04 13:39:00,B2026-07-23 12:51:00,B,24048.5,24068.5,19,7,10270.0,10,17550.0,False,True,PENDING,,B2026-07-23 15:10:00,265,False,WATCH,WATCH,,,,,,,,,,WATCH_EDGE,B2026-07-23 12:51:00,replaced,,,,,,,,,2.7,next_choch,2026-09-04 13:49:00,,,,,,,
design-period_1m,ST5_FB,W-ATR2,2026-09-04 13:51:00,down,2026-09-04 13:49:00,B2026-07-23 15:10:00,B,24062.6,24082.6,12,5,7280.0,9,3445.0,False,True,PENDING,,B2026-07-23 12:51:00,276,True,WATCH,WATCH,,,,,,,,,,WATCH_EDGE,B2026-07-23 15:10:00,replaced,,,,,,,,,-0.5,next_choch,2026-09-04 14:03:00,,,,,,,
design-period_1m,ST5_FB,W-ATR2,2026-09-04 14:06:00,up,2026-09-04 14:03:00,B2026-07-23 15:10:00,B,24062.6,24082.6,14,1,910.0,9,3445.0,False,True,LEAVE,B2026-07-23 12:51:00,B2026-07-23 15:10:00,291,True,WATCH,WATCH,leave_into_recycle,,leave_into_recycle,,B2026-07-23 15:10:00,14,REJECT,True,normal,WATCH,B2026-07-23 15:10:00,armed_expired:back_inside,,,,,,,,,-9.9,next_choch,2026-09-04 14:39:00,,,,,,,
design-period_1m,ST5_FB,W-ATR2,2026-09-04 14:44:00,down,2026-09-04 14:39:00,B2026-07-23 15:10:00,B,24062.6,24082.6,15,6,9230.0,9,3445.0,False,True,LEAVE,B2026-09-01 14:45:00,B2026-07-23 12:51:00,329,True,WATCH,WATCH,,,leave_vol_fail,,B2026-07-23 12:51:00,21,RECYCLE,False,normal,WATCH,B2026-07-23 12:51:00,armed_expired:session_end,,,,,,,,,-11.6,stop_loss,2026-09-04 14:50:00,,,,,,,
design-period_1m,ST5_FB,W-ATR2,2026-09-04 15:22:00,down,2026-09-04 15:20:00,B2026-07-23 13:10:00,B,24038.45,24058.45,15,2,10530.0,9,5005.0,False,True,LEAVE,B2026-07-23 12:51:00,B2026-07-23 13:10:00,367,True,BLOCK,BLOCK,clock,,,,B2026-07-23 13:10:00,15,RECYCLE,True,normal,,,,,,,,,,,,854.3,open,2026-09-25 15:29:00,,,,,,,
unseen-test_1m,ST5_FB,W-ATR2,2026-07-08 09:34:00,down,2026-07-08 09:30:00,B2026-07-02 14:48:00,B,24507.5,24527.5,5,2,1430.0,15,6565.0,True,True,RECYCLE,,B2026-07-02 14:48:00,19,True,WATCH,WATCH,,,,,,,,,,WATCH,B2026-07-02 14:48:00,armed_expired:back_inside,,,,,,,,,-14.6,stop_loss,2026-07-08 09:42:00,-416.14,,,,,,
unseen-test_1m,ST5_FB,W-ATR2,2026-07-08 10:12:00,up,2026-07-08 10:11:00,A2026-07-08 10:05:00,A,24530.0,24550.0,2,3,3510.0,8,2925.0,True,True,LEAVE,B2026-07-02 14:48:00,A2026-07-08 10:05:00,57,True,WATCH,WATCH,leave_into_recycle,,leave_into_recycle,,A2026-07-08 10:05:00,2,RECYCLE,,normal,WATCH,A2026-07-08 10:05:00,cancelled:opposite_leave,,,,,,,,,-23.0,stop_loss,2026-07-08 10:14:00,,,,,,,
unseen-test_1m,ST5_FB,W-ATR2,2026-07-08 10:24:00,down,2026-07-08 10:14:00,A2026-07-08 10:05:00,A,24530.0,24550.0,3,7,910.0,8,2925.0,True,True,PENDING,,B2026-07-02 14:48:00,69,False,WATCH,REENTER,,,,,,,,,,WATCH_EDGE,A2026-07-08 10:05:00,reenter,watch_edge,reenter_close,2026-07-08 10:25:00,1,10.0,1,1,fill,-25.0,stop_loss,2026-07-08 10:31:00,-1404.73,REENTER,2026-07-08 10:25:00,-15.1,stop_loss,2026-07-08 10:30:00,-1083.22
unseen-test_1m,ST5_FB,W-ATR2,2026-07-08 10:37:00,up,2026-07-08 10:31:00,A2026-07-08 10:05:00,A,24530.0,24550.0,4,4,65.0,8,2925.0,True,True,PENDING,,A2026-07-08 09:54:00,82,True,WATCH,REENTER,,,,,,,,,,WATCH_EDGE,A2026-07-08 10:05:00,reenter,watch_edge,reenter_close,2026-07-08 10:38:00,1,14.0,1,1,fill,-8.1,next_choch,2026-07-08 11:40:00,,REENTER,2026-07-08 10:38:00,-14.0,next_choch,2026-07-08 11:40:00,
unseen-test_1m,ST5_FB,W-ATR2,2026-07-08 11:44:00,down,2026-07-08 11:40:00,A2026-07-08 09:54:00,A,24550.0,24570.0,7,8,845.0,4,910.0,True,True,LEAVE,B2026-07-08 11:27:00,A2026-07-08 10:05:00,149,True,WATCH,WATCH,leave_into_recycle,,leave_into_recycle,,A2026-07-08 10:05:00,4,RECYCLE,,normal,WATCH,A2026-07-08 10:05:00,cancelled:opposite_leave,,,,,,,,,-11.6,stop_loss,2026-07-08 11:48:00,,,,,,,
unseen-test_1m,ST5_FB,W-ATR2,2026-07-09 09:28:00,up,2026-07-09 09:24:00,B2026-07-01 09:47:00,B,24275.1,24295.1,4,4,2925.0,15,5395.0,True,True,PENDING,,,13,True,BLOCK,BLOCK,hunt_fade,,,,,,,,,,,,,,,,,,,,-16.0,stop_loss,2026-07-09 09:32:00,-989.83,,,,,,
unseen-test_1m,ST5_FB,W-ATR2,2026-07-09 09:35:00,up,2026-07-09 09:34:00,B2026-07-01 10:04:00,B,24307.95,24327.95,8,1,260.0,14,5070.0,True,True,LEAVE,B2026-07-01 09:47:00,B2026-07-01 10:04:00,20,True,BLOCK,BLOCK,hunt_fade,,,,B2026-07-01 10:04:00,8,RECYCLE,,normal,,,,,,,,,,,,-20.7,next_choch,2026-07-09 09:58:00,232.31,,,,,,
unseen-test_1m,ST5_FB,W-ATR2,2026-07-09 10:01:00,up,2026-07-09 10:00:00,B2026-07-01 11:41:00,B,24333.2,24353.2,4,1,585.0,9,1495.0,True,True,LEAVE,A2026-07-09 09:44:00,B2026-07-01 11:41:00,46,False,WATCH,WATCH,leave_into_recycle,,leave_into_recycle,,B2026-07-01 11:41:00,4,RECYCLE,,normal,WATCH,B2026-07-01 11:41:00,cancelled:opposite_leave,,,,,,,,,-24.3,next_choch,2026-07-09 10:14:00,-766.76,,,,,,
unseen-test_1m,ST5_FB,W-ATR2,2026-07-09 10:15:00,down,2026-07-09 10:14:00,B2026-07-01 10:04:00,B,24307.95,24327.95,11,1,65.0,14,5070.0,True,True,LEAVE,B2026-07-01 11:10:00,B2026-07-01 10:04:00,60,True,WATCH,WATCH,leave_into_recycle,,leave_into_recycle,,B2026-07-01 10:04:00,11,RECYCLE,,normal,WATCH,B2026-07-01 10:04:00,armed_expired:opposite_leave,,,,,,,,,-22.8,stop_loss,2026-07-09 10:41:00,,,,,,,
unseen-test_1m,ST5_FB,W-ATR2,2026-07-09 10:42:00,up,2026-07-09 10:41:00,,,,,,,,,,True,,LEAVE,B2026-07-01 09:47:00,,87,,TAKE,TAKE,,leave,,,,,,,normal,,,,,setup_close,2026-07-09 10:42:00,0,,,,,-112.9,stop_loss,2026-07-09 11:00:00,-4534.01,TAKE,2026-07-09 10:42:00,-112.9,stop_loss,2026-07-09 11:00:00,-4534.01
unseen-test_1m,ST5_FB,W-ATR2,2026-07-09 11:01:00,down,2026-07-09 11:00:00,B2026-07-01 09:47:00,B,24275.1,24295.1,9,1,455.0,15,5395.0,True,True,LEAVE,A2026-07-09 09:44:00,B2026-07-01 09:47:00,106,True,WATCH,WATCH,leave_into_recycle,,leave_into_recycle,,B2026-07-01 09:47:00,9,RECYCLE,,normal,WATCH,B2026-07-01 09:47:00,cancelled:opposite_leave,,,,,,,,,-26.1,stop_loss,2026-07-09 11:05:00,,,,,,,
unseen-test_1m,ST5_FB,W-ATR2,2026-07-09 12:03:00,up,2026-07-09 11:59:00,B2026-07-01 11:41:00,B,24333.2,24353.2,6,4,520.0,9,1495.0,True,True,LEAVE,B2026-07-01 11:10:00,B2026-07-01 11:41:00,168,True,BLOCK,BLOCK,hunt_fade,,,,B2026-07-01 11:41:00,6,RECYCLE,,normal,,,,,,,,,,,,-1.5,stop_loss,2026-07-09 12:07:00,-260.57,,,,,,
unseen-test_1m,ST5_FB,W-ATR2,2026-07-09 12:40:00,down,2026-07-09 12:35:00,B2026-07-01 11:10:00,B,24319.5,24339.5,12,6,195.0,9,390.0,True,True,LEAVE,B2026-07-01 10:34:00,B2026-07-01 11:10:00,205,False,WATCH,WATCH,leave_into_recycle,,leave_into_recycle,,B2026-07-01 11:10:00,12,RECYCLE,,normal,WATCH,B2026-07-01 11:10:00,armed_expired:opposite_leave,,,,,,,,,-26.3,next_choch,2026-07-09 12:55:00,-772.67,,,,,,
unseen-test_1m,ST5_FB,W-ATR2,2026-07-09 13:29:00,down,2026-07-09 13:28:00,B2026-07-01 10:04:00,B,24307.95,24327.95,14,1,260.0,14,5070.0,True,True,LEAVE,B2026-07-01 11:41:00,B2026-07-01 10:04:00,254,True,BLOCK,BLOCK,hunt_fade,,,,B2026-07-01 10:04:00,14,RECYCLE,,normal,,,,,,,,,,,,-18.9,stop_loss,2026-07-09 13:35:00,-1015.45,,,,,,
unseen-test_1m,ST5_FB,W-ATR2,2026-07-09 13:38:00,up,2026-07-09 13:35:00,B2026-07-01 10:34:00,B,24343.95,24363.95,19,3,585.0,12,1885.0,True,True,LEAVE,B2026-07-01 11:10:00,B2026-07-01 10:34:00,263,False,WATCH,WATCH,leave_into_recycle,,leave_into_recycle,,B2026-07-01 10:34:00,19,RECYCLE,,normal,WATCH,B2026-07-01 10:34:00,cancelled:opposite_leave,,,,,,,,,-25.7,stop_loss,2026-07-09 13:52:00,-929.29,,,,,,
unseen-test_1m,ST5_FB,W-ATR2,2026-07-09 13:56:00,down,2026-07-09 13:52:00,B2026-07-01 11:10:00,B,24319.5,24339.5,15,3,195.0,9,390.0,True,True,HUNT,,B2026-07-01 11:10:00,281,True,WATCH,WATCH,,,,,,,,,,WATCH,B2026-07-01 11:10:00,armed_expired:back_inside,,,,,,,,,-99.2,stop_loss,2026-07-10 09:15:00,,,,,,,
unseen-test_1m,ST5_FB,W-ATR2,2026-07-10 09:16:00,up,2026-07-10 09:15:00,B2026-07-02 10:31:00,B,24429.85,24449.85,6,1,3185.0,11,1040.0,True,True,LEAVE,B2026-07-01 09:26:00,B2026-07-02 10:31:00,1,False,BLOCK,BLOCK,open_pierce,,,,B2026-07-02 10:31:00,6,RECYCLE,,gap,,,,,,,,,,,,0.0,next_choch,2026-07-10 11:16:00,-483.55,,,,,,
unseen-test_1m,ST5_FB,W-ATR2,2026-07-10 11:37:00,up,2026-07-10 11:34:00,B2026-07-02 10:31:00,B,24429.85,24449.85,8,11,715.0,11,1040.0,True,True,PENDING,,B2026-07-02 09:32:00,142,True,WATCH,WATCH,,,,,,,,,,WATCH_EDGE,B2026-07-02 10:31:00,armed_expired:back_inside,,,,,,,,,-8.0,stop_loss,2026-07-10 11:38:00,,,,,,,
unseen-test_1m,ST5_FB,W-ATR2,2026-07-10 12:01:00,up,2026-07-10 12:00:00,B2026-07-02 09:32:00,B,24446.6,24466.6,15,1,65.0,11,3965.0,True,True,LEAVE,B2026-07-02 10:31:00,B2026-07-02 09:32:00,166,True,WATCH,WATCH,leave_into_recycle,,leave_into_recycle,,B2026-07-02 09:32:00,15,RECYCLE,,normal,WATCH,B2026-07-02 09:32:00,cancelled:opposite_leave,,,,,,,,,-20.9,stop_loss,2026-07-10 12:12:00,-880.67,,,,,,
unseen-test_1m,ST5_FB,W-ATR2,2026-07-10 12:26:00,up,2026-07-10 12:19:00,B2026-07-02 10:31:00,B,24429.85,24449.85,10,14,1040.0,11,1040.0,True,True,PENDING,,B2026-07-02 09:32:00,191,True,WATCH,WATCH,,,,,,,,,,WATCH_EDGE,B2026-07-02 10:31:00,replaced,,,,,,,,,-4.9,next_choch,2026-07-10 13:10:00,-198.72,,,,,,
unseen-test_1m,ST5_FB,W-ATR2,2026-07-10 13:16:00,down,2026-07-10 13:10:00,B2026-07-02 09:32:00,B,24446.6,24466.6,17,3,130.0,11,3965.0,True,True,PENDING,,B2026-07-02 10:31:00,241,True,WATCH,WATCH,,,,,,,,,,WATCH_EDGE,B2026-07-02 09:32:00,armed_expired:back_inside,,,,,,,,,-13.3,next_choch,2026-07-10 13:34:00,-201.57,,,,,,
unseen-test_1m,ST5_FB,W-ATR2,2026-07-10 13:40:00,up,2026-07-10 13:34:00,B2026-07-02 09:32:00,B,24446.6,24466.6,18,6,1560.0,11,3965.0,True,True,LEAVE,B2026-07-02 10:31:00,B2026-07-02 09:32:00,265,True,BLOCK,BLOCK,hunt_fade,,,,B2026-07-02 09:32:00,18,RECYCLE,,normal,,,,,,,,,,,,-28.0,stop_loss,2026-07-10 14:09:00,-2065.26,,,,,,
unseen-test_1m,ST5_FB,W-ATR2,2026-07-10 14:24:00,up,2026-07-10 14:23:00,B2026-07-02 09:54:00,B,24465.0,24485.0,9,1,130.0,17,4160.0,True,True,LEAVE,B2026-07-02 09:32:00,B2026-07-02 09:54:00,309,True,WATCH,WATCH,leave_into_recycle,,leave_into_recycle,,B2026-07-02 09:54:00,9,REJECT,,normal,WATCH,B2026-07-02 09:54:00,armed_expired:opposite_leave,,,,,,,,,-7.5,next_choch,2026-07-10 14:52:00,182.92,,,,,,
unseen-test_1m,ST5_FB,W-ATR2,2026-07-10 14:58:00,down,2026-07-10 14:52:00,B2026-07-02 09:32:00,B,24446.6,24466.6,20,5,715.0,11,3965.0,True,True,HUNT,,B2026-07-02 09:32:00,343,True,WATCH,WATCH,,,,,,,,,,WATCH,B2026-07-02 09:32:00,cancelled:opposite_leave,,,,,,,,,-13.8,next_choch,2026-07-10 15:00:00,-1983.19,,,,,,
unseen-test_1m,ST5_FB,W-ATR2,2026-07-10 15:26:00,up,2026-07-10 15:23:00,B2026-07-02 09:54:00,B,24465.0,24485.0,10,24,5525.0,17,4160.0,True,True,ACCEPTED,,B2026-07-02 09:54:00,371,True,BLOCK,BLOCK,clock,,,,,,,,,,,,,,,,,,,,-193.4,stop_loss,2026-07-13 09:15:00,-8219.62,,,,,,
unseen-test_1m,ST5_FB,W-ATR2,2026-07-13 09:49:00,up,2026-07-13 09:48:00,B2026-07-01 10:34:00,B,24343.95,24363.95,21,1,845.0,12,1885.0,True,True,LEAVE,B2026-07-01 11:10:00,B2026-07-01 10:34:00,34,False,WATCH,WATCH,leave_into_recycle,,leave_into_recycle,,B2026-07-01 10:34:00,21,RECYCLE,,normal,WATCH,B2026-07-01 10:34:00,armed_expired:back_inside,,,,,,,,,-19.7,stop_loss,2026-07-14 09:15:00,747.04,,,,,,
unseen-test_1m,ST5_FB,W-ATR2,2026-07-14 09:35:00,down,2026-07-14 09:30:00,B2026-07-01 12:19:00,B,24365.35,24385.35,18,11,4745.0,12,1365.0,True,True,PENDING,,B2026-07-01 13:25:00,20,True,WATCH,REENTER,,,,,,,,,,WATCH_EDGE,B2026-07-01 12:19:00,reenter,watch_edge,reenter_close,2026-07-14 09:36:00,1,9.85,1,1,setup,25.0,next_choch,2026-07-14 10:32:00,40.66,REENTER,2026-07-14 09:36:00,19.5,next_choch,2026-07-14 10:32:00,-264.97
unseen-test_1m,ST5_FB,W-ATR2,2026-07-14 10:33:00,up,2026-07-14 10:32:00,B2026-07-01 11:41:00,B,24333.2,24353.2,12,1,260.0,9,1495.0,True,True,LEAVE,B2026-07-01 10:04:00,B2026-07-01 11:41:00,78,False,WATCH,WATCH,leave_into_recycle,,leave_into_recycle,,B2026-07-01 11:41:00,12,RECYCLE,,normal,WATCH,B2026-07-01 11:41:00,cancelled:opposite_leave,,,,,,,,,-16.7,stop_loss,2026-07-14 10:37:00,-1145.51,,,,,,
unseen-test_1m,ST5_FB,W-ATR2,2026-07-14 10:38:00,down,2026-07-14 10:37:00,B2026-07-01 11:10:00,B,24319.5,24339.5,21,2,520.0,9,390.0,True,True,LEAVE,B2026-07-01 11:41:00,A2026-07-09 09:44:00,83,True,WATCH,WATCH,leave_into_recycle,,leave_into_recycle,,A2026-07-09 09:44:00,16,RECYCLE,,normal,WATCH,A2026-07-09 09:44:00,cancelled:opposite_leave,,,,,,,,,-32.3,stop_loss,2026-07-14 10:49:00,-1162.42,,,,,,
unseen-test_1m,ST5_FB,W-ATR2,2026-07-14 10:52:00,up,2026-07-14 10:49:00,B2026-07-01 11:10:00,B,24319.5,24339.5,22,2,195.0,9,390.0,True,True,LEAVE,B2026-07-01 10:04:00,B2026-07-01 10:34:00,97,False,WATCH,WATCH,leave_into_recycle,,leave_into_recycle,,B2026-07-01 10:34:00,24,RECYCLE,,normal,WATCH,B2026-07-01 10:34:00,cancelled:opposite_leave,,,,,,,,,-4.6,next_choch,2026-07-14 11:37:00,96.69,,,,,,
unseen-test_1m,ST5_FB,W-ATR2,2026-07-14 11:38:00,down,2026-07-14 11:37:00,B2026-07-01 11:41:00,B,24333.2,24353.2,14,1,130.0,9,1495.0,True,True,LEAVE,B2026-07-01 13:25:00,B2026-07-01 11:41:00,143,True,BLOCK,BLOCK,hunt_fade,,,,B2026-07-01 11:41:00,14,RECYCLE,,normal,,,,,,,,,,,,-12.0,next_choch,2026-07-15 09:16:00,-993.99,,,,,,
unseen-test_1m,ST5_FB,W-ATR2,2026-07-15 09:17:00,up,2026-07-15 09:16:00,B2026-07-01 10:34:00,B,24343.95,24363.95,27,1,910.0,12,1885.0,True,True,LEAVE,B2026-07-01 09:26:00,B2026-07-01 12:19:00,2,True,BLOCK,BLOCK,open_pierce,,,,B2026-07-01 12:19:00,18,ACCEPTED,,gap,,,,,,,,,,,,35.0,next_choch,2026-07-15 12:33:00,1482.13,,,,,,
unseen-test_1m,ST5_FB,W-ATR2,2026-07-15 12:36:00,down,2026-07-15 12:33:00,B2026-07-02 11:39:00,B,24402.5,24422.5,11,7,520.0,10,455.0,True,True,LEAVE,B2026-07-02 11:28:00,B2026-07-13 12:10:00,201,True,WATCH,WATCH,leave_into_recycle,,leave_into_recycle,,B2026-07-13 12:10:00,2,RECYCLE,,normal,WATCH,B2026-07-13 12:10:00,replaced,,,,,,,,,86.0,next_choch,2026-07-15 13:59:00,,,,,,,
unseen-test_1m,ST5_FB,W-ATR2,2026-07-15 14:00:00,up,2026-07-15 13:59:00,B2026-07-01 11:10:00,B,24319.5,24339.5,27,1,1300.0,9,390.0,True,True,LEAVE,A2026-07-09 09:44:00,B2026-07-01 11:10:00,285,False,WATCH,WATCH,leave_into_recycle,,leave_into_recycle,,B2026-07-01 11:10:00,27,RECYCLE,,normal,WATCH,B2026-07-01 11:10:00,cancelled:opposite_leave,,,,,,,,,-26.7,next_choch,2026-07-15 14:06:00,-190.63,,,,,,
unseen-test_1m,ST5_FB,W-ATR2,2026-07-15 14:15:00,up,2026-07-15 14:08:00,B2026-07-01 10:04:00,B,24307.95,24327.95,29,12,4745.0,14,5070.0,True,True,PENDING,,B2026-07-01 11:10:00,300,True,WATCH,REENTER,,,,,,,,,,WATCH_EDGE,B2026-07-01 10:04:00,reenter,watch_edge,reenter_close,2026-07-15 14:16:00,1,3.45,1,1,setup,-15.0,next_choch,2026-07-15 14:51:00,-1474.28,REENTER,2026-07-15 14:16:00,-31.3,band_reclaim,2026-07-15 14:25:00,-716.81
unseen-test_1m,ST5_FB,W-ATR2,2026-07-15 15:02:00,down,2026-07-15 14:51:00,B2026-07-01 10:04:00,B,24307.95,24327.95,32,1,0.0,14,5070.0,True,True,PENDING,,A2026-07-09 09:44:00,347,False,WATCH,REENTER,,,,,,,,,,WATCH_EDGE,B2026-07-01 10:04:00,reenter,watch_edge,reenter_close,2026-07-15 15:03:00,1,7.95,1,1,fill,-12.7,stop_loss,2026-07-15 15:25:00,-436.63,REENTER,2026-07-15 15:03:00,-19.6,band_reclaim,2026-07-15 15:25:00,-420.4
unseen-test_1m,ST5_FB,W-ATR2,2026-07-16 09:15:00,up,2026-07-15 15:29:00,B2026-07-01 10:04:00,B,24307.95,24327.95,33,9,1625.0,14,5070.0,True,True,PENDING,,B2026-07-01 12:19:00,0,True,BLOCK,BLOCK,open_pierce,,,,,,,,,,,,,,,,,,,,1.4,next_choch,2026-07-16 09:28:00,603.38,,,,,,
unseen-test_1m,ST5_FB,W-ATR2,2026-07-16 09:34:00,down,2026-07-16 09:28:00,B2026-07-01 12:19:00,B,24365.35,24385.35,23,2,520.0,12,1365.0,True,True,LEAVE,B2026-07-13 10:41:00,B2026-07-01 12:19:00,19,True,WATCH,WATCH,leave_into_recycle,,leave_into_recycle,,B2026-07-01 12:19:00,23,RECYCLE,,normal,WATCH,B2026-07-01 12:19:00,armed_expired:opposite_leave,,,,,,,,,-19.6,next_choch,2026-07-16 09:56:00,-1049.34,,,,,,
unseen-test_1m,ST5_FB,W-ATR2,2026-07-16 09:59:00,up,2026-07-16 09:56:00,B2026-07-13 10:41:00,B,24380.5,24400.5,12,3,260.0,9,1755.0,True,True,LEAVE,B2026-07-01 12:19:00,B2026-07-13 10:41:00,44,True,WATCH,WATCH,leave_into_recycle,,leave_into_recycle,,B2026-07-13 10:41:00,12,RECYCLE,,normal,WATCH,B2026-07-13 10:41:00,cancelled:opposite_leave,,,,,,,,,-26.8,next_choch,2026-07-16 10:21:00,-201.12,,,,,,
unseen-test_1m,ST5_FB,W-ATR2,2026-07-16 10:27:00,down,2026-07-16 10:21:00,B2026-07-01 12:19:00,B,24365.35,24385.35,25,19,325.0,12,1365.0,True,True,PENDING,,B2026-07-01 13:25:00,72,True,WATCH,WATCH,,,,,,,,,,WATCH_EDGE,B2026-07-01 12:19:00,armed_expired:back_inside,,,,,,,,,-25.2,next_choch,2026-07-16 10:41:00,-821.98,,,,,,
unseen-test_1m,ST5_FB,W-ATR2,2026-07-16 10:45:00,up,2026-07-16 10:41:00,B2026-07-01 12:19:00,B,24365.35,24385.35,25,36,13390.0,12,1365.0,True,True,PENDING,,B2026-07-13 10:41:00,90,True,WATCH,REENTER,,,,,,,,,,WATCH_EDGE,B2026-07-01 12:19:00,reenter,watch_edge,reenter_close,2026-07-16 10:46:00,1,9.65,1,1,fill,-2.7,next_choch,2026-07-16 12:02:00,293.59,REENTER,2026-07-16 10:46:00,-2.8,next_choch,2026-07-16 12:02:00,4.75
unseen-test_1m,ST5_FB,W-ATR2,2026-07-16 12:17:00,down,2026-07-16 12:02:00,B2026-07-13 10:41:00,B,24380.5,24400.5,14,15,520.0,9,1755.0,True,True,LEAVE,B2026-07-02 11:39:00,B2026-07-13 10:41:00,182,True,TAKE,TAKE,,leave,,,B2026-07-13 10:41:00,14,ACCEPTED,,normal,,,,,setup_close,2026-07-16 12:17:00,0,,,,,40.0,next_choch,2026-07-16 14:17:00,,TAKE,2026-07-16 12:17:00,40.0,next_choch,2026-07-16 14:17:00,
unseen-test_1m,ST5_FB,W-ATR2,2026-07-16 14:25:00,down,2026-07-16 14:21:00,B2026-07-01 11:41:00,B,24333.2,24353.2,17,18,1235.0,9,1495.0,True,True,PENDING,,B2026-07-01 11:10:00,310,True,BLOCK,BLOCK,hunt_fade,,,,,,,,,,,,,,,,,,,,-16.8,stop_loss,2026-07-16 14:45:00,-441.68,,,,,,
unseen-test_1m,ST5_FB,W-ATR2,2026-07-16 14:47:00,up,2026-07-16 14:45:00,B2026-07-01 11:10:00,B,24319.5,24339.5,31,21,1105.0,9,390.0,True,True,PENDING,,B2026-07-01 10:34:00,332,False,WATCH,REENTER,,,,,,,,,,WATCH_EDGE,B2026-07-01 11:10:00,reenter,watch_edge,reenter_close,2026-07-16 14:48:00,1,10.5,1,1,setup,-25.0,stop_loss,2026-07-16 15:05:00,-1291.2,REENTER,2026-07-16 14:48:00,-24.4,band_reclaim,2026-07-16 15:02:00,-833.07
unseen-test_1m,ST5_FB,W-ATR2,2026-07-17 09:17:00,up,2026-07-17 09:16:00,B2026-07-13 10:41:00,B,24380.5,24400.5,16,2,4680.0,9,1755.0,True,True,LEAVE,B2026-07-01 11:41:00,B2026-07-13 10:41:00,2,False,BLOCK,BLOCK,open_pierce,,,,B2026-07-13 10:41:00,16,RECYCLE,,gap,,,,,,,,,,,,41.7,next_choch,2026-07-17 13:47:00,563.07,,,,,,
unseen-test_1m,ST5_FB,W-ATR2,2026-07-17 13:51:00,down,2026-07-17 13:47:00,B2026-07-02 10:31:00,B,24429.85,24449.85,24,11,4810.0,11,1040.0,True,True,PENDING,,B2026-07-02 11:39:00,276,True,WATCH,REENTER,,,,,,,,,,WATCH_EDGE,B2026-07-02 10:31:00,reenter,watch_edge,reenter_close,2026-07-17 13:52:00,1,13.85,1,1,setup,-25.0,stop_loss,2026-07-17 13:59:00,-1205.96,REENTER,2026-07-17 13:52:00,-24.0,stop_loss,2026-07-17 13:59:00,-1082.4
unseen-test_1m,ST5_FB,W-ATR2,2026-07-17 14:00:00,up,2026-07-17 13:59:00,B2026-07-02 09:32:00,B,24446.6,24466.6,40,1,715.0,11,3965.0,True,True,LEAVE,B2026-07-02 11:28:00,B2026-07-02 09:32:00,285,False,WATCH,WATCH,leave_into_recycle,,leave_into_recycle,,B2026-07-02 09:32:00,40,REJECT,,normal,WATCH,B2026-07-02 09:32:00,armed_expired:session_end,,,,,,,,,69.2,next_choch,2026-07-17 14:51:00,,,,,,,
unseen-test_1m,ST5_FB,W-ATR2,2026-07-17 15:23:00,up,2026-07-17 15:21:00,B2026-07-08 10:25:00,B,24517.55,24537.55,6,18,11570.0,9,1755.0,True,True,PENDING,,A2026-07-08 10:05:00,368,True,BLOCK,BLOCK,clock,,,,,,,,,,,,,,,,,,,,-44.2,stop_loss,2026-07-20 09:15:00,-793.38,,,,,,
unseen-test_1m,ST5_FB,W-ATR2,2026-07-20 09:16:00,down,2026-07-20 09:15:00,B2026-07-02 10:31:00,B,24429.85,24449.85,25,1,6240.0,11,1040.0,True,True,LEAVE,A2026-07-08 09:54:00,B2026-07-02 10:31:00,1,False,BLOCK,BLOCK,open_pierce,,,,B2026-07-02 10:31:00,25,RECYCLE,,gap,,,,,,,,,,,,-2.3,next_choch,2026-07-20 10:29:00,,,,,,,
unseen-test_1m,ST5_FB,W-ATR2,2026-07-20 11:16:00,down,2026-07-20 11:15:00,B2026-07-02 11:28:00,B,24417.5,24437.5,23,1,65.0,11,520.0,True,True,LEAVE,B2026-07-02 10:31:00,B2026-07-02 11:28:00,121,True,WATCH,WATCH,leave_into_recycle,,leave_into_recycle,,B2026-07-02 11:28:00,23,RECYCLE,,normal,WATCH,B2026-07-02 11:28:00,armed_expired:back_inside,,,,,,,,,11.2,next_choch,2026-07-20 12:11:00,256.78,,,,,,
unseen-test_1m,ST5_FB,W-ATR2,2026-07-20 12:16:00,up,2026-07-20 12:11:00,B2026-07-02 11:39:00,B,24402.5,24422.5,22,5,390.0,10,455.0,True,True,RECYCLE,,B2026-07-02 11:39:00,181,True,WATCH,WATCH,,,,,,,,,,WATCH,B2026-07-02 11:39:00,cancelled:opposite_leave,,,,,,,,,-21.4,stop_loss,2026-07-20 12:29:00,-1696.29,,,,,,
unseen-test_1m,ST5_FB,W-ATR2,2026-07-20 12:38:00,down,2026-07-20 12:29:00,B2026-07-13 12:10:00,B,24391.35,24411.35,9,3,260.0,9,1170.0,True,True,PENDING,,B2026-07-13 10:41:00,203,True,BLOCK,BLOCK,hunt_fade,,,,,,,,,,,,,,,,,,,,-6.4,next_choch,2026-07-20 12:54:00,-138.53,,,,,,
unseen-test_1m,ST5_FB,W-ATR2,2026-07-20 12:55:00,up,2026-07-20 12:54:00,B2026-07-13 12:10:00,B,24391.35,24411.35,10,3,845.0,9,1170.0,True,True,LEAVE,B2026-07-01 12:19:00,B2026-07-13 12:10:00,220,True,WATCH,WATCH,leave_into_recycle,,leave_into_recycle,,B2026-07-13 12:10:00,10,RECYCLE,,normal,WATCH,B2026-07-13 12:10:00,armed_expired:session_end,,,,,,,,,69.6,next_choch,2026-07-21 09:25:00,299.5,,,,,,
unseen-test_1m,ST5_FB,W-ATR2,2026-07-21 09:32:00,down,2026-07-21 09:25:00,B2026-07-02 09:32:00,B,24446.6,24466.6,42,1,390.0,11,3965.0,True,True,LEAVE,B2026-07-02 14:27:00,B2026-07-02 09:32:00,17,True,WATCH,WATCH,leave_into_recycle,,leave_into_recycle,,B2026-07-02 09:32:00,42,RECYCLE,,normal,WATCH,B2026-07-02 09:32:00,cancelled:opposite_leave,,,,,,,,,50.5,next_choch,2026-07-21 13:42:00,,,,,,,
unseen-test_1m,ST5_FB,W-ATR2,2026-07-21 14:50:00,up,2026-07-21 14:49:00,B2026-07-13 12:10:00,B,24391.35,24411.35,13,54,3055.0,9,1170.0,True,True,PENDING,,B2026-07-02 11:39:00,335,True,WATCH,WATCH,,,,,,,,,,WATCH_EDGE,B2026-07-13 12:10:00,armed_expired:session_end,,,,,,,,,5.7,next_choch,2026-07-21 15:15:00,,,,,,,
unseen-test_1m,ST5_FB,W-ATR2,2026-07-22 09:27:00,down,2026-07-22 09:26:00,A2026-07-09 09:44:00,A,24293.1,24313.1,31,1,1495.0,3,585.0,True,True,LEAVE,B2026-07-01 10:04:00,A2026-07-09 09:44:00,12,True,WATCH,WATCH,leave_into_recycle,,leave_into_recycle,,A2026-07-09 09:44:00,31,RECYCLE,,normal,WATCH,A2026-07-09 09:44:00,replaced,,,,,,,,,26.0,next_choch,2026-07-22 11:33:00,888.92,,,,,,
unseen-test_1m,ST5_FB,W-ATR2,2026-07-22 11:34:00,up,2026-07-22 11:33:00,B2026-07-01 09:47:00,B,24275.1,24295.1,26,1,390.0,15,5395.0,True,True,LEAVE,B2026-07-14 14:26:00,B2026-07-01 09:47:00,139,True,WATCH,WATCH,leave_into_recycle,,leave_into_recycle,,B2026-07-01 09:47:00,26,RECYCLE,,normal,WATCH,B2026-07-01 09:47:00,cancelled:opposite_leave,,,,,,,,,-11.9,stop_loss,2026-07-22 11:39:00,,,,,,,
unseen-test_1m,ST5_FB,W-ATR2,2026-07-22 12:02:00,down,2026-07-22 12:01:00,A2026-07-01 09:27:00,A,24230.7,24250.7,10,2,715.0,2,19240.0,True,True,LEAVE,B2026-07-01 09:26:00,B2026-07-22 10:41:00,167,True,TAKE,TAKE,,leave,,,B2026-07-22 10:41:00,1,FIRST_PRINT,,normal,,,,,setup_close,2026-07-22 12:02:00,0,,,,,-2.9,next_choch,2026-07-22 12:48:00,-496.06,TAKE,2026-07-22 12:02:00,-2.9,next_choch,2026-07-22 12:48:00,-496.06
unseen-test_1m,ST5_FB,W-ATR2,2026-07-22 12:51:00,up,2026-07-22 12:48:00,B2026-07-22 10:41:00,B,24220.05,24240.05,4,2,390.0,9,3250.0,True,True,LEAVE,B2026-07-22 12:36:00,A2026-07-01 09:27:00,216,True,BLOCK,BLOCK,hunt_fade,,,,A2026-07-01 09:27:00,10,RECYCLE,,normal,,,,,,,,,,,,-36.0,next_choch,2026-07-22 13:10:00,-1656.15,,,,,,
unseen-test_1m,ST5_FB,W-ATR2,2026-07-22 13:12:00,down,2026-07-22 13:10:00,A2026-07-01 09:18:00,A,24209.9,24229.9,10,11,2340.0,1,325.0,True,True,LEAVE,A2026-07-01 09:27:00,B2026-07-22 12:36:00,237,True,WATCH,WATCH,leave_into_recycle,,leave_into_recycle,,B2026-07-22 12:36:00,2,RECYCLE,,normal,WATCH,B2026-07-22 12:36:00,cancelled:opposite_leave,,,,,,,,,-23.6,stop_loss,2026-07-22 13:32:00,-577.77,,,,,,
unseen-test_1m,ST5_FB,W-ATR2,2026-07-22 13:35:00,up,2026-07-22 13:32:00,A2026-07-01 09:27:00,A,24230.7,24250.7,12,1,2015.0,2,19240.0,True,True,LEAVE,B2026-07-22 12:36:00,A2026-07-01 09:27:00,260,False,BLOCK,BLOCK,hunt_fade,,,,A2026-07-01 09:27:00,12,RECYCLE,,normal,,,,,,,,,,,,-37.8,next_choch,2026-07-22 13:46:00,-1825.01,,,,,,
unseen-test_1m,ST5_FB,W-ATR2,2026-07-22 13:54:00,down,2026-07-22 13:46:00,A2026-07-01 09:18:00,A,24209.9,24229.9,12,4,195.0,1,325.0,True,True,LEAVE,B2026-07-22 10:41:00,B2026-07-22 12:36:00,279,True,BLOCK,BLOCK,hunt_fade,,,,B2026-07-22 12:36:00,4,RECYCLE,,normal,,,,,,,,,,,,-11.5,next_choch,2026-07-22 14:53:00,-311.41,,,,,,
unseen-test_1m,ST5_FB,W-ATR2,2026-07-22 15:04:00,down,2026-07-22 14:58:00,B2026-07-22 12:36:00,B,24195.0,24215.0,9,6,845.0,11,7865.0,True,True,RECYCLE,,B2026-07-22 12:36:00,349,True,WATCH,WATCH,,,,,,,,,,WATCH,B2026-07-22 12:36:00,cancelled:opposite_leave,,,,,,,,,-12.0,stop_loss,2026-07-22 15:05:00,-499.62,,,,,,
unseen-test_1m,ST5_FB,W-ATR2,2026-07-22 15:07:00,up,2026-07-22 15:05:00,A2026-07-01 09:18:00,A,24209.9,24229.9,17,2,455.0,1,325.0,True,True,LEAVE,B2026-07-22 12:36:00,A2026-07-01 09:18:00,352,True,WATCH,WATCH,leave_into_recycle,,leave_into_recycle,,A2026-07-01 09:18:00,17,RECYCLE,,normal,WATCH,A2026-07-01 09:18:00,armed_expired:session_end,,,,,,,,,-75.9,stop_loss,2026-07-23 09:15:00,-2790.48,,,,,,
unseen-test_1m,ST5_FB,W-ATR2,2026-07-23 09:55:00,up,2026-07-23 09:50:00,A2026-07-23 09:47:00,A,24151.4,24171.4,1,5,4095.0,5,4095.0,True,True,LEAVE,B2026-07-23 09:39:00,A2026-07-23 09:47:00,40,True,TAKE,TAKE,,leave,,,A2026-07-23 09:47:00,1,FIRST_PRINT,,normal,,,,,setup_close,2026-07-23 09:55:00,0,,,,,4.5,next_choch,2026-07-23 11:18:00,638.19,TAKE,2026-07-23 09:55:00,4.5,next_choch,2026-07-23 11:18:00,638.19
unseen-test_1m,ST5_FB,W-ATR2,2026-07-23 11:21:00,down,2026-07-23 11:18:00,B2026-07-08 15:17:00,B,24168.35,24188.35,6,5,1365.0,10,15340.0,True,True,LEAVE,B2026-07-22 12:36:00,B2026-07-08 15:17:00,126,True,WATCH,WATCH,leave_into_recycle,,leave_into_recycle,,B2026-07-08 15:17:00,6,RECYCLE,,normal,WATCH,B2026-07-08 15:17:00,armed_expired:opposite_take,,,,,,,,,88.7,next_choch,2026-07-23 15:15:00,,,,,,,
unseen-test_1m,ST5_FB,W-ATR2,2026-07-23 15:19:00,up,2026-07-23 15:15:00,B2026-07-23 15:10:00,B,24062.6,24082.6,2,9,2535.0,9,3445.0,True,True,LEAVE,B2026-07-23 12:51:00,,364,True,TAKE,TAKE,,leave,,,,,,,normal,,,,,setup_close,2026-07-23 15:19:00,0,,,,,-10.0,stop_loss,2026-07-23 15:20:00,-113.37,TAKE,2026-07-23 15:19:00,-10.0,stop_loss,2026-07-23 15:20:00,-113.37
unseen-test_1m,ST5_FB,W-ATR2,2026-07-24 09:37:00,down,2026-07-24 09:15:00,,,,,,,,,,True,,LEAVE,A2026-07-24 09:22:00,,22,,TAKE,TAKE,,leave,,,,,,,normal,,,,,setup_close,2026-07-24 09:37:00,0,,,,,-25.1,next_choch,2026-07-24 11:50:00,-803.72,TAKE,2026-07-24 09:37:00,-25.1,next_choch,2026-07-24 11:50:00,-803.72
unseen-test_1m,ST5_FB,W-ATR2,2026-07-24 12:04:00,up,2026-07-24 11:50:00,A2026-07-24 11:49:00,A,23910.0,23930.0,2,3,1560.0,10,2925.0,True,True,RECYCLE,,A2026-07-24 11:49:00,169,True,WATCH,WATCH,,,,,,,,,,WATCH,A2026-07-24 11:49:00,armed_expired:back_inside,,,,,,,,,27.5,next_choch,2026-07-24 13:41:00,928.71,,,,,,
unseen-test_1m,ST5_FB,W-ATR2,2026-07-24 13:42:00,down,2026-07-24 13:41:00,,,,,,,,,,True,,LEAVE,A2026-07-24 09:22:00,,267,,TAKE,TAKE,,leave,,,,,,,normal,,,,,setup_close,2026-07-24 13:42:00,0,,,,,-36.1,stop_loss,2026-07-24 13:50:00,-791.58,TAKE,2026-07-24 13:42:00,-36.1,stop_loss,2026-07-24 13:50:00,-791.58
unseen-test_1m,ST5_FB,W-ATR2,2026-07-24 13:54:00,up,2026-07-24 13:50:00,B2026-07-24 13:12:00,B,23980.0,24000.0,4,4,195.0,15,5525.0,True,True,LEAVE,A2026-07-24 09:22:00,B2026-07-24 13:12:00,279,False,WATCH,WATCH,leave_into_recycle,,leave_into_recycle,,B2026-07-24 13:12:00,4,RECYCLE,,normal,WATCH,B2026-07-24 13:12:00,reenter,,,,,,,,,9.4,next_choch,2026-07-24 14:13:00,551.82,,,,,,
unseen-test_1m,ST5_FB,W-ATR2,2026-07-24 14:16:00,up,2026-07-24 14:15:00,B2026-07-24 13:28:00,B,23996.1,24016.1,2,2,195.0,9,2015.0,True,True,PENDING,,B2026-07-24 12:52:00,301,False,REENTER,REENTER,,watch,,,,,,,,,,,watch,setup_close,2026-07-24 14:16:00,0,19.9,18,18,setup,-19.9,stop_loss,2026-07-24 14:19:00,-759.78,REENTER,2026-07-24 14:16:00,-19.9,stop_loss,2026-07-24 14:19:00,-759.78
unseen-test_1m,ST5_FB,W-ATR2,2026-07-24 14:21:00,down,2026-07-24 14:19:00,B2026-07-24 13:28:00,B,23996.1,24016.1,2,6,2795.0,9,2015.0,True,True,PENDING,,B2026-07-24 13:12:00,306,True,WATCH,REENTER,,,,,,,,,,WATCH_EDGE,B2026-07-24 13:28:00,reenter,watch_edge,reenter_close,2026-07-24 14:22:00,1,5.3,1,1,setup,-17.2,next_choch,2026-07-24 14:53:00,-530.45,REENTER,2026-07-24 14:22:00,-16.0,band_reclaim,2026-07-24 14:40:00,-315.13
unseen-test_1m,ST5_FB,W-ATR2,2026-07-24 14:55:00,up,2026-07-24 14:53:00,B2026-07-24 13:28:00,B,23996.1,24016.1,4,2,455.0,9,2015.0,True,True,LEAVE,B2026-07-24 13:12:00,B2026-07-24 13:28:00,340,True,WATCH,WATCH,leave_into_recycle,,leave_into_recycle,,B2026-07-24 13:28:00,4,RECYCLE,,normal,WATCH,B2026-07-24 13:28:00,cancelled:opposite_leave,,,,,,,,,-14.0,stop_loss,2026-07-24 14:58:00,-331.9,,,,,,
unseen-test_1m,ST5_FB,W-ATR2,2026-07-24 15:00:00,down,2026-07-24 14:58:00,B2026-07-24 13:28:00,B,23996.1,24016.1,4,5,780.0,9,2015.0,True,True,PENDING,,B2026-07-24 13:12:00,345,False,BLOCK,BLOCK,hunt_fade,,,,,,,,,,,,,,,,,,,,-20.0,stop_loss,2026-07-24 15:14:00,-616.63,,,,,,
unseen-test_1m,ST5_FB,W-ATR2,2026-07-24 15:15:00,up,2026-07-24 15:14:00,B2026-07-23 13:10:00,B,24038.45,24058.45,7,1,6565.0,9,5005.0,True,True,LEAVE,B2026-07-24 13:12:00,B2026-07-23 13:10:00,360,False,WATCH,WATCH,leave_into_recycle,,leave_into_recycle,,B2026-07-23 13:10:00,7,RECYCLE,,normal,WATCH,B2026-07-23 13:10:00,cancelled:opposite_leave,,,,,,,,,534.2,next_choch,2026-08-12 10:46:00,3175.47,,,,,,
unseen-test_1m,ST5_FB,W-ATR2,2026-08-12 10:47:00,down,2026-08-12 10:46:00,A2026-07-08 09:21:00,A,24578.6,24598.6,7,3,1040.0,1,65.0,True,True,LEAVE,B2026-07-03 14:25:00,A2026-07-08 09:21:00,92,True,BLOCK,BLOCK,hunt_fade,,,,A2026-07-08 09:21:00,7,RECYCLE,,normal,,,,,,,,,,,,50.0,next_choch,2026-08-12 12:42:00,,,,,,,
unseen-test_1m,ST5_FB,W-ATR2,2026-08-12 12:44:00,down,2026-08-12 12:43:00,B2026-07-08 10:25:00,B,24517.55,24537.55,11,8,17160.0,9,1755.0,True,True,RECYCLE,,B2026-07-08 10:25:00,209,True,WATCH,WATCH,,,,,,,,,,WATCH,B2026-07-08 10:25:00,armed_expired:back_inside,,,,,,,,,-18.0,stop_loss,2026-08-12 13:19:00,-404.58,,,,,,
unseen-test_1m,ST5_FB,W-ATR2,2026-08-12 13:39:00,down,2026-08-12 13:38:00,B2026-07-02 14:48:00,B,24507.5,24527.5,17,1,195.0,15,6565.0,True,True,LEAVE,A2026-07-08 10:05:00,B2026-07-02 14:48:00,264,True,BLOCK,BLOCK,hunt_fade,,,,B2026-07-02 14:48:00,17,RECYCLE,,normal,,,,,,,,,,,,-9.7,next_choch,2026-08-12 14:21:00,-38.92,,,,,,
unseen-test_1m,ST5_FB,W-ATR2,2026-08-12 14:22:00,up,2026-08-12 14:21:00,B2026-07-08 10:25:00,B,24517.55,24537.55,13,1,715.0,9,1755.0,True,True,LEAVE,B2026-07-02 14:48:00,B2026-07-08 10:25:00,307,True,WATCH,WATCH,leave_into_recycle,,leave_into_recycle,,B2026-07-08 10:25:00,13,RECYCLE,,normal,WATCH,B2026-07-08 10:25:00,armed_expired:session_end,,,,,,,,,23.6,next_choch,2026-08-13 09:26:00,1404.95,,,,,,
unseen-test_1m,ST5_FB,W-ATR2,2026-08-13 09:27:00,down,2026-08-13 09:26:00,A2026-07-08 09:54:00,A,24550.0,24570.0,13,11,33800.0,4,910.0,True,True,LEAVE,B2026-07-03 14:25:00,A2026-07-08 10:05:00,12,True,WATCH,WATCH,leave_into_recycle,,leave_into_recycle,,A2026-07-08 10:05:00,17,RECYCLE,,gap,WATCH,A2026-07-08 10:05:00,cancelled:opposite_leave,,,,,,,,,-6.0,next_choch,2026-08-13 09:39:00,-501.9,,,,,,
unseen-test_1m,ST5_FB,W-ATR2,2026-08-13 09:40:00,up,2026-08-13 09:39:00,A2026-07-08 10:05:00,A,24530.0,24550.0,18,11,10075.0,8,2925.0,True,True,PENDING,,A2026-07-08 09:54:00,25,False,BLOCK,BLOCK,hunt_fade,,,,,,,,,,,,,,,,,,,,-5.0,next_choch,2026-08-13 10:11:00,-183.14,,,,,,
unseen-test_1m,ST5_FB,W-ATR2,2026-08-13 10:12:00,down,2026-08-13 10:11:00,A2026-07-08 09:54:00,A,24550.0,24570.0,14,31,14105.0,4,910.0,True,True,ACCEPTED,,A2026-07-08 09:54:00,57,True,TAKE,TAKE,,defend,,,,,,,,,,,,setup_close,2026-08-13 10:12:00,0,,,,,-5.0,next_choch,2026-08-13 10:49:00,,TAKE,2026-08-13 10:12:00,-5.0,next_choch,2026-08-13 10:49:00,
unseen-test_1m,ST5_FB,W-ATR2,2026-08-13 10:50:00,up,2026-08-13 10:49:00,A2026-07-08 09:54:00,A,24550.0,24570.0,15,1,260.0,4,910.0,True,True,LEAVE,A2026-07-08 10:05:00,A2026-07-08 09:54:00,95,True,BLOCK,BLOCK,hunt_fade,,,,A2026-07-08 09:54:00,15,RECYCLE,,normal,,,,,,,,,,,,-17.5,stop_loss,2026-08-13 11:06:00,,,,,,,
unseen-test_1m,ST5_FB,W-ATR2,2026-08-13 11:07:00,down,2026-08-13 11:06:00,A2026-07-08 10:05:00,A,24530.0,24550.0,20,3,3835.0,8,2925.0,True,True,LEAVE,A2026-07-08 09:54:00,A2026-07-08 10:05:00,112,True,WATCH,WATCH,leave_into_recycle,,leave_into_recycle,,A2026-07-08 10:05:00,20,RECYCLE,,normal,WATCH,A2026-07-08 10:05:00,cancelled:opposite_leave,,,,,,,,,-36.5,stop_loss,2026-08-13 11:36:00,-1017.37,,,,,,
unseen-test_1m,ST5_FB,W-ATR2,2026-08-13 11:39:00,up,2026-08-13 11:36:00,A2026-07-08 09:54:00,A,24550.0,24570.0,16,7,1105.0,4,910.0,True,True,LEAVE,A2026-07-08 10:05:00,B2026-07-08 11:27:00,144,True,WATCH,WATCH,leave_into_recycle,,leave_into_recycle,,B2026-07-08 11:27:00,7,RECYCLE,,normal,WATCH,B2026-07-08 11:27:00,replaced,,,,,,,,,-9.0,next_choch,2026-08-13 11:42:00,,,,,,,
unseen-test_1m,ST5_FB,W-ATR2,2026-08-13 11:49:00,up,2026-08-13 11:47:00,B2026-07-08 11:27:00,B,24560.05,24580.05,8,10,4225.0,9,1105.0,True,True,ACCEPTED,,B2026-07-08 11:27:00,154,True,TAKE,TAKE,,defend,,,,,,,,,,,,setup_close,2026-08-13 11:49:00,0,,,,,41.0,next_choch,2026-08-13 12:11:00,,TAKE,2026-08-13 11:49:00,41.0,next_choch,2026-08-13 12:11:00,
unseen-test_1m,ST5_FB,W-ATR2,2026-08-13 12:14:00,down,2026-08-13 12:11:00,B2026-07-03 13:50:00,B,24610.0,24630.0,10,3,2405.0,12,1755.0,True,True,PENDING,,B2026-07-03 14:25:00,179,True,WATCH,WATCH,,,,,,,,,,WATCH_EDGE,B2026-07-03 13:50:00,armed_expired:back_inside,,,,,,,,,-14.3,next_choch,2026-08-13 13:43:00,-373.47,,,,,,
unseen-test_1m,ST5_FB,W-ATR2,2026-08-13 13:55:00,up,2026-08-13 13:43:00,B2026-07-03 13:50:00,B,24610.0,24630.0,12,8,1170.0,12,1755.0,True,True,RECYCLE,,B2026-07-03 13:50:00,280,True,WATCH,WATCH,,,,,,,,,,WATCH,B2026-07-03 13:50:00,cancelled:opposite_leave,,,,,,,,,-14.0,stop_loss,2026-08-13 14:04:00,-1087.63,,,,,,
unseen-test_1m,ST5_FB,W-ATR2,2026-08-13 14:24:00,up,2026-08-13 14:21:00,B2026-07-03 14:25:00,B,24598.0,24618.0,15,11,6045.0,19,1495.0,True,True,ACCEPTED,,B2026-07-03 14:25:00,309,True,TAKE,TAKE,,defend,,,,,,,,,,,,setup_close,2026-08-13 14:24:00,0,,,,,-9.0,next_choch,2026-08-13 14:47:00,-276.48,TAKE,2026-08-13 14:24:00,-9.0,next_choch,2026-08-13 14:47:00,-276.48
unseen-test_1m,ST5_FB,W-ATR2,2026-08-13 14:49:00,down,2026-08-13 14:47:00,B2026-07-03 14:25:00,B,24598.0,24618.0,15,35,9035.0,19,1495.0,True,True,PENDING,,A2026-07-08 09:21:00,334,True,WATCH,WATCH,,,,,,,,,,WATCH_EDGE,B2026-07-03 14:25:00,armed_expired:back_inside,,,,,,,,,-8.5,next_choch,2026-08-13 15:14:00,,,,,,,
unseen-test_1m,ST5_FB,W-ATR2,2026-08-13 15:22:00,down,2026-08-13 15:20:00,B2026-07-03 14:25:00,B,24598.0,24618.0,16,18,6630.0,19,1495.0,True,True,PENDING,,A2026-07-08 09:21:00,367,True,BLOCK,BLOCK,clock,,,,,,,,,,,,,,,,,,,,-9.9,stop_loss,2026-08-13 15:29:00,,,,,,,
unseen-test_1m,ST5_FB,W-ATR2,2026-08-14 09:29:00,down,2026-08-14 09:28:00,A2026-07-08 10:05:00,A,24530.0,24550.0,21,13,21125.0,8,2925.0,True,True,LEAVE,B2026-07-03 14:25:00,B2026-07-08 10:25:00,14,True,WATCH,WATCH,leave_into_recycle,,leave_into_recycle,,B2026-07-08 10:25:00,13,RECYCLE,,gap,WATCH,B2026-07-08 10:25:00,cancelled:opposite_leave,,,,,,,,,-19.5,stop_loss,2026-08-14 09:33:00,-870.79,,,,,,
unseen-test_1m,ST5_FB,W-ATR2,2026-08-14 09:38:00,up,2026-08-14 09:33:00,A2026-07-08 10:05:00,A,24530.0,24550.0,22,3,520.0,8,2925.0,True,True,LEAVE,B2026-07-08 10:25:00,A2026-07-08 10:05:00,23,True,BLOCK,BLOCK,hunt_fade,,,,A2026-07-08 10:05:00,22,RECYCLE,,normal,,,,,,,,,,,,-14.0,next_choch,2026-08-14 09:53:00,-376.19,,,,,,
unseen-test_1m,ST5_FB,W-ATR2,2026-08-14 09:54:00,down,2026-08-14 09:53:00,A2026-07-08 10:05:00,A,24530.0,24550.0,22,18,8060.0,8,2925.0,True,True,ACCEPTED,,A2026-07-08 10:05:00,39,True,TAKE,TAKE,,defend,,,,,,,,,,,,setup_close,2026-08-14 09:54:00,0,,,,,-18.0,next_choch,2026-08-14 09:59:00,-535.61,TAKE,2026-08-14 09:54:00,-18.0,next_choch,2026-08-14 09:59:00,-535.61
unseen-test_1m,ST5_FB,W-ATR2,2026-08-14 10:10:00,up,2026-08-14 09:59:00,A2026-07-08 10:05:00,A,24530.0,24550.0,22,33,11505.0,8,2925.0,True,True,PENDING,,A2026-07-08 09:54:00,55,True,WATCH,REENTER,,,,,,,,,,WATCH_EDGE,A2026-07-08 10:05:00,reenter,watch_edge,reenter_close,2026-08-14 10:11:00,1,4.0,1,1,setup,-7.6,stop_loss,2026-08-14 10:13:00,,REENTER,2026-08-14 10:11:00,-7.0,stop_loss,2026-08-14 10:13:00,
unseen-test_1m,ST5_FB,W-ATR2,2026-08-14 10:30:00,down,2026-08-14 10:25:00,A2026-07-08 10:05:00,A,24530.0,24550.0,23,15,2600.0,8,2925.0,True,True,ACCEPTED,,A2026-07-08 10:05:00,75,True,TAKE,TAKE,,defend,,,,,,,,,,,,setup_close,2026-08-14 10:30:00,0,,,,,14.3,next_choch,2026-08-14 10:38:00,120.54,TAKE,2026-08-14 10:30:00,14.3,next_choch,2026-08-14 10:38:00,120.54
unseen-test_1m,ST5_FB,W-ATR2,2026-08-14 10:39:00,up,2026-08-14 10:38:00,B2026-07-02 14:48:00,B,24507.5,24527.5,18,6,5005.0,15,6565.0,True,True,PENDING,,A2026-07-08 10:05:00,84,False,WATCH,REENTER,,,,,,,,,,WATCH_EDGE,B2026-07-02 14:48:00,reenter,watch_edge,reenter_close,2026-08-14 10:40:00,1,3.7,1,1,setup,-12.0,next_choch,2026-08-14 10:46:00,52.49,REENTER,2026-08-14 10:40:00,-7.2,next_choch,2026-08-14 10:46:00,182.31
unseen-test_1m,ST5_FB,W-ATR2,2026-08-14 10:48:00,up,2026-08-14 10:47:00,B2026-07-08 10:25:00,B,24517.55,24537.55,15,8,18590.0,9,1755.0,True,True,PENDING,,A2026-07-08 10:05:00,93,True,WATCH,REENTER,,,,,,,,,,WATCH_EDGE,B2026-07-08 10:25:00,reenter,watch_edge,reenter_close,2026-08-14 10:49:00,1,1.15,1,1,setup,-18.2,stop_loss,2026-08-14 10:58:00,-402.17,REENTER,2026-08-14 10:49:00,-14.7,stop_loss,2026-08-14 10:58:00,-363.23
unseen-test_1m,ST5_FB,W-ATR2,2026-08-14 10:59:00,down,2026-08-14 10:58:00,B2026-07-02 14:48:00,B,24507.5,24527.5,19,1,10075.0,15,6565.0,True,True,LEAVE,A2026-07-08 10:05:00,B2026-07-02 14:48:00,104,True,WATCH,WATCH,leave_into_recycle,,leave_into_recycle,,B2026-07-02 14:48:00,19,RECYCLE,,normal,WATCH,B2026-07-02 14:48:00,replaced,,,,,,,,,3.2,next_choch,2026-08-14 11:12:00,-616.57,,,,,,
unseen-test_1m,ST5_FB,W-ATR2,2026-08-14 11:19:00,up,2026-08-14 11:12:00,B2026-07-02 14:48:00,B,24507.5,24527.5,19,20,70850.0,15,6565.0,True,True,PENDING,,B2026-07-08 10:25:00,124,True,WATCH,WATCH,,,,,,,,,,WATCH_EDGE,B2026-07-02 14:48:00,replaced,,,,,,,,,-8.5,next_choch,2026-08-14 11:24:00,-145.47,,,,,,
unseen-test_1m,ST5_FB,W-ATR2,2026-08-14 11:28:00,down,2026-08-14 11:24:00,B2026-07-08 10:25:00,B,24517.55,24537.55,16,6,22295.0,9,1755.0,True,True,RECYCLE,,B2026-07-08 10:25:00,133,True,WATCH,WATCH,,,,,,,,,,WATCH,B2026-07-08 10:25:00,armed_expired:back_inside,,,,,,,,,-6.5,next_choch,2026-08-14 11:46:00,-577.78,,,,,,
unseen-test_1m,ST5_FB,W-ATR2,2026-08-14 11:48:00,up,2026-08-14 11:46:00,B2026-07-02 14:48:00,B,24507.5,24527.5,20,17,18395.0,15,6565.0,True,True,PENDING,,B2026-07-08 10:25:00,153,True,WATCH,WATCH,,,,,,,,,,WATCH_EDGE,B2026-07-02 14:48:00,armed_expired:back_inside,,,,,,,,,6.5,next_choch,2026-08-14 12:42:00,153.54,,,,,,
unseen-test_1m,ST5_FB,W-ATR2,2026-08-14 13:13:00,up,2026-08-14 12:48:00,A2026-07-08 10:05:00,A,24530.0,24550.0,26,25,4680.0,8,2925.0,True,True,ACCEPTED,,A2026-07-08 10:05:00,238,True,WATCH,WATCH,,,accepted_no_defend,,,,,,,WATCH,A2026-07-08 10:05:00,cancelled:opposite_take,,,,,,,,,-5.0,next_choch,2026-08-14 13:27:00,,,,,,,
unseen-test_1m,ST5_FB,W-ATR2,2026-08-14 13:32:00,down,2026-08-14 13:27:00,A2026-07-08 10:05:00,A,24530.0,24550.0,26,44,8450.0,8,2925.0,True,True,ACCEPTED,,A2026-07-08 10:05:00,257,True,TAKE,TAKE,,defend,,,,,,,,,,,,setup_close,2026-08-14 13:32:00,0,,,,,-9.2,stop_loss,2026-08-14 13:41:00,,TAKE,2026-08-14 13:32:00,-9.2,stop_loss,2026-08-14 13:41:00,
unseen-test_1m,ST5_FB,W-ATR2,2026-08-14 13:43:00,up,2026-08-14 13:41:00,A2026-07-08 10:05:00,A,24530.0,24550.0,27,5,325.0,8,2925.0,True,True,LEAVE,B2026-07-08 10:25:00,A2026-07-08 09:54:00,268,True,WATCH,WATCH,leave_into_recycle,,leave_into_recycle,,A2026-07-08 09:54:00,17,RECYCLE,,normal,WATCH,A2026-07-08 09:54:00,armed_expired:opposite_take,,,,,,,,,31.9,next_choch,2026-08-14 14:11:00,,,,,,,
unseen-test_1m,ST5_FB,W-ATR2,2026-08-14 14:18:00,down,2026-08-14 14:11:00,A2026-07-08 09:21:00,A,24578.6,24598.6,16,13,3510.0,1,65.0,True,True,LEAVE,B2026-07-03 14:25:00,A2026-07-08 09:21:00,303,True,TAKE,TAKE,,leave,,,A2026-07-08 09:21:00,16,ACCEPTED,,normal,,,,,setup_close,2026-08-14 14:18:00,0,,,,,-16.9,stop_loss,2026-08-14 14:52:00,-565.79,TAKE,2026-08-14 14:18:00,-16.9,stop_loss,2026-08-14 14:52:00,-565.79
unseen-test_1m,ST5_FB,W-ATR2,2026-08-14 14:54:00,up,2026-08-14 14:52:00,A2026-07-08 09:21:00,A,24578.6,24598.6,17,22,2990.0,1,65.0,True,True,PENDING,,B2026-07-03 14:25:00,339,True,WATCH,REENTER,,,,,,,,,,WATCH_EDGE,A2026-07-08 09:21:00,reenter,watch_edge,reenter_close,2026-08-14 14:55:00,1,1.4,1,1,setup,-15.0,next_choch,2026-08-14 15:04:00,-527.06,REENTER,2026-08-14 14:55:00,-10.0,next_choch,2026-08-14 15:04:00,-390.5
unseen-test_1m,ST5_FB,W-ATR2,2026-08-14 15:05:00,down,2026-08-14 15:04:00,A2026-07-08 09:21:00,A,24578.6,24598.6,18,4,1430.0,1,65.0,True,True,RECYCLE,,A2026-07-08 09:21:00,350,True,WATCH,WATCH,,,,,,,,,,WATCH,A2026-07-08 09:21:00,cancelled:session_end,,,,,,,,,110.0,next_choch,2026-08-17 12:01:00,4577.81,,,,,,
unseen-test_1m,ST5_FB,W-ATR2,2026-08-17 12:02:00,up,2026-08-17 12:01:00,B2026-07-02 09:54:00,B,24465.0,24485.0,47,12,9165.0,17,4160.0,True,True,ACCEPTED,,B2026-07-02 09:54:00,167,True,TAKE,TAKE,,defend,,,,,,,,,,,,setup_close,2026-08-17 12:02:00,0,,,,,-13.8,stop_loss,2026-08-17 12:04:00,-245.67,TAKE,2026-08-17 12:02:00,-13.8,stop_loss,2026-08-17 12:04:00,-245.67
unseen-test_1m,ST5_FB,W-ATR2,2026-08-17 12:05:00,down,2026-08-17 12:04:00,B2026-07-02 09:54:00,B,24465.0,24485.0,47,15,11895.0,17,4160.0,True,True,ACCEPTED,,B2026-07-02 09:54:00,170,True,WATCH,WATCH,,,accepted_no_defend,,,,,,,WATCH,B2026-07-02 09:54:00,replaced,,,,,,,,,-15.0,stop_loss,2026-08-17 12:17:00,-600.05,,,,,,
unseen-test_1m,ST5_FB,W-ATR2,2026-08-17 12:18:00,up,2026-08-17 12:17:00,B2026-07-02 14:27:00,B,24476.0,24496.0,18,2,650.0,21,5395.0,True,True,LEAVE,B2026-07-02 09:32:00,B2026-07-02 14:27:00,183,True,WATCH,WATCH,leave_into_recycle,,leave_into_recycle,,B2026-07-02 14:27:00,18,RECYCLE,,normal,WATCH,B2026-07-02 14:27:00,armed_expired:session_end,,,,,,,,,-60.4,stop_loss,2026-08-18 09:15:00,-2777.8,,,,,,
unseen-test_1m,ST5_FB,W-ATR2,2026-08-18 09:32:00,down,2026-08-18 09:15:00,B2026-07-02 11:39:00,B,24402.5,24422.5,49,4,13910.0,10,455.0,True,True,LEAVE,B2026-07-02 10:31:00,B2026-07-02 11:39:00,17,False,WATCH,WATCH,leave_into_recycle,,leave_into_recycle,,B2026-07-02 11:39:00,49,RECYCLE,,normal,WATCH,B2026-07-02 11:39:00,armed_expired:session_end,,,,,,,,,47.9,next_choch,2026-08-20 09:26:00,-1974.91,,,,,,
unseen-test_1m,ST5_FB,W-ATR2,2026-08-20 09:35:00,up,2026-08-20 09:34:00,B2026-07-01 10:34:00,B,24343.95,24363.95,31,17,425425.0,12,1885.0,True,True,PENDING,,B2026-07-01 12:19:00,20,True,WATCH,REENTER,,,,,,,,,,WATCH_EDGE,B2026-07-01 10:34:00,reenter,watch_edge,reenter_close,2026-08-20 09:36:00,1,4.15,1,1,setup,-7.5,next_choch,2026-08-20 11:17:00,288.57,REENTER,2026-08-20 09:36:00,-3.6,next_choch,2026-08-20 11:17:00,217.17
unseen-test_1m,ST5_FB,W-ATR2,2026-08-20 11:20:00,down,2026-08-20 11:17:00,B2026-07-01 13:25:00,B,24354.0,24374.0,27,3,11895.0,9,1430.0,True,True,RECYCLE,,B2026-07-01 13:25:00,125,True,WATCH,WATCH,,,,,,,,,,WATCH,B2026-07-01 13:25:00,cancelled:opposite_leave,,,,,,,,,-13.6,stop_loss,2026-08-20 11:31:00,-1421.23,,,,,,
unseen-test_1m,ST5_FB,W-ATR2,2026-08-20 11:32:00,up,2026-08-20 11:31:00,B2026-07-01 12:19:00,B,24365.35,24385.35,46,1,18395.0,12,1365.0,True,True,LEAVE,B2026-07-01 13:25:00,B2026-07-01 12:19:00,137,True,WATCH,WATCH,leave_into_recycle,,leave_into_recycle,,B2026-07-01 12:19:00,46,RECYCLE,,normal,WATCH,B2026-07-01 12:19:00,armed_expired:back_inside,,,,,,,,,-2.8,next_choch,2026-08-20 12:08:00,-148.74,,,,,,
unseen-test_1m,ST5_FB,W-ATR2,2026-08-20 12:09:00,down,2026-08-20 12:08:00,B2026-07-01 12:19:00,B,24365.35,24385.35,47,1,4095.0,12,1365.0,True,True,LEAVE,B2026-07-13 10:41:00,B2026-07-01 12:19:00,174,True,WATCH,WATCH,leave_into_recycle,,leave_into_recycle,,B2026-07-01 12:19:00,47,REJECT,,normal,WATCH,B2026-07-01 12:19:00,replaced,,,,,,,,,-6.5,next_choch,2026-08-20 12:13:00,-651.56,,,,,,
unseen-test_1m,ST5_FB,W-ATR2,2026-08-20 12:14:00,up,2026-08-20 12:13:00,B2026-07-01 12:19:00,B,24365.35,24385.35,47,5,19175.0,12,1365.0,True,True,PENDING,,B2026-07-13 10:41:00,179,False,WATCH,REENTER,,,,,,,,,,WATCH_EDGE,B2026-07-01 12:19:00,reenter,watch_edge,reenter_close,2026-08-20 12:15:00,1,1.55,1,1,setup,-8.8,next_choch,2026-08-20 12:30:00,-609.28,REENTER,2026-08-20 12:15:00,-7.7,next_choch,2026-08-20 12:30:00,-223.3
unseen-test_1m,ST5_FB,W-ATR2,2026-08-20 12:34:00,down,2026-08-20 12:30:00,B2026-07-01 12:19:00,B,24365.35,24385.35,48,4,21060.0,12,1365.0,True,True,LEAVE,B2026-07-13 10:41:00,B2026-07-01 12:19:00,199,True,BLOCK,BLOCK,hunt_fade,,,,B2026-07-01 12:19:00,48,RECYCLE,,normal,,,,,,,,,,,,-9.7,stop_loss,2026-08-20 12:39:00,-979.58,,,,,,
unseen-test_1m,ST5_FB,W-ATR2,2026-08-20 12:40:00,up,2026-08-20 12:39:00,B2026-07-13 10:41:00,B,24380.5,24400.5,30,1,11245.0,9,1755.0,True,True,LEAVE,B2026-07-01 12:19:00,B2026-07-13 10:41:00,205,True,WATCH,WATCH,leave_into_recycle,,leave_into_recycle,,B2026-07-13 10:41:00,30,RECYCLE,,normal,WATCH,B2026-07-13 10:41:00,replaced,,,,,,,,,24.0,next_choch,2026-08-20 13:40:00,297.13,,,,,,
unseen-test_1m,ST5_FB,W-ATR2,2026-08-20 13:51:00,down,2026-08-20 13:50:00,B2026-07-02 11:28:00,B,24417.5,24437.5,49,54,386685.0,11,520.0,True,True,ACCEPTED,,B2026-07-02 11:28:00,276,True,BLOCK,BLOCK,hunt_fade,,,,,,,,,,,,,,,,,,,,4.4,next_choch,2026-08-20 14:11:00,,,,,,,
unseen-test_1m,ST5_FB,W-ATR2,2026-08-20 14:16:00,down,2026-08-20 14:15:00,B2026-07-02 11:39:00,B,24402.5,24422.5,50,21,133835.0,10,455.0,True,True,PENDING,,B2026-07-13 12:10:00,301,True,WATCH,WATCH,,,,,,,,,,WATCH_EDGE,B2026-07-02 11:39:00,armed_expired:back_inside,,,,,,,,,-12.4,next_choch,2026-08-20 14:25:00,-206.4,,,,,,
unseen-test_1m,ST5_FB,W-ATR2,2026-08-20 14:32:00,up,2026-08-20 14:31:00,B2026-07-02 11:39:00,B,24402.5,24422.5,50,37,200980.0,10,455.0,True,True,ACCEPTED,,B2026-07-02 11:39:00,317,True,TAKE,TAKE,,defend,,,,,,,,,,,,setup_close,2026-08-20 14:32:00,0,,,,,-8.9,next_choch,2026-08-20 14:43:00,,TAKE,2026-08-20 14:32:00,-8.9,next_choch,2026-08-20 14:43:00,
unseen-test_1m,ST5_FB,W-ATR2,2026-08-20 15:01:00,down,2026-08-20 15:00:00,B2026-07-02 11:39:00,B,24402.5,24422.5,50,66,312130.0,10,455.0,True,True,ACCEPTED,,B2026-07-02 11:39:00,346,True,WATCH,WATCH,,,accepted_no_defend,,,,,,,WATCH,B2026-07-02 11:39:00,armed_expired:session_end,,,,,,,,,-2.7,stop_loss,2026-08-21 09:15:00,-842.42,,,,,,
unseen-test_1m,ST5_FB,W-ATR2,2026-08-21 09:20:00,down,2026-08-21 09:17:00,B2026-07-13 12:10:00,B,24391.35,24411.35,17,30,145015.0,9,1170.0,True,True,PENDING,,B2026-07-01 12:19:00,5,False,BLOCK,BLOCK,open_pierce,,,,,,,,,,,,,,,,,,,,-0.0,next_choch,2026-08-21 09:42:00,-352.71,,,,,,
unseen-test_1m,ST5_FB,W-ATR2,2026-08-21 09:51:00,up,2026-08-21 09:42:00,B2026-07-13 10:41:00,B,24380.5,24400.5,31,8,58890.0,9,1755.0,True,True,RECYCLE,,B2026-07-13 10:41:00,36,True,WATCH,WATCH,,,,,,,,,,WATCH,B2026-07-13 10:41:00,cancelled:opposite_leave,,,,,,,,,-10.5,next_choch,2026-08-21 10:08:00,,,,,,,
unseen-test_1m,ST5_FB,W-ATR2,2026-08-21 10:16:00,up,2026-08-21 10:12:00,B2026-07-13 10:41:00,B,24380.5,24400.5,32,5,23595.0,9,1755.0,True,True,REJECT,,B2026-07-13 10:41:00,61,True,WATCH,WATCH,,,,,,,,,,WATCH,B2026-07-13 10:41:00,replaced,,,,,,,,,-8.1,next_choch,2026-08-21 10:21:00,-121.66,,,,,,
unseen-test_1m,ST5_FB,W-ATR2,2026-08-21 10:24:00,up,2026-08-21 10:23:00,B2026-07-13 10:41:00,B,24380.5,24400.5,32,12,60450.0,9,1755.0,True,True,PENDING,,B2026-07-13 12:10:00,69,True,WATCH,WATCH,,,,,,,,,,WATCH_EDGE,B2026-07-13 10:41:00,replaced,,,,,,,,,-1.4,next_choch,2026-08-21 11:40:00,,,,,,,
unseen-test_1m,ST5_FB,W-ATR2,2026-08-21 11:42:00,down,2026-08-21 11:40:00,B2026-07-13 12:10:00,B,24391.35,24411.35,19,2,4160.0,9,1170.0,True,True,LEAVE,B2026-07-02 11:39:00,B2026-07-13 12:10:00,147,True,WATCH,WATCH,leave_into_recycle,,leave_into_recycle,,B2026-07-13 12:10:00,19,RECYCLE,,normal,WATCH,B2026-07-13 12:10:00,armed_expired:back_inside,,,,,,,,,1.3,next_choch,2026-08-21 12:33:00,,,,,,,
unseen-test_1m,ST5_FB,W-ATR2,2026-08-21 12:34:00,up,2026-08-21 12:33:00,B2026-07-13 10:41:00,B,24380.5,24400.5,33,26,219245.0,9,1755.0,True,True,ACCEPTED,,B2026-07-13 10:41:00,199,True,TAKE,TAKE,,defend,,,,,,,,,,,,setup_close,2026-08-21 12:34:00,0,,,,,-13.8,stop_loss,2026-08-21 12:40:00,,TAKE,2026-08-21 12:34:00,-13.8,stop_loss,2026-08-21 12:40:00,
unseen-test_1m,ST5_FB,W-ATR2,2026-08-21 12:47:00,down,2026-08-21 12:40:00,B2026-07-13 10:41:00,B,24380.5,24400.5,33,39,297505.0,9,1755.0,True,True,ACCEPTED,,B2026-07-13 10:41:00,212,True,TAKE,TAKE,,defend,,,,,,,,,,,,setup_close,2026-08-21 12:47:00,0,,,,,-12.6,stop_loss,2026-08-21 13:05:00,-475.23,TAKE,2026-08-21 12:47:00,-12.6,stop_loss,2026-08-21 13:05:00,-475.23
unseen-test_1m,ST5_FB,W-ATR2,2026-08-21 13:07:00,up,2026-08-21 13:05:00,B2026-07-13 10:41:00,B,24380.5,24400.5,33,57,385580.0,9,1755.0,True,True,PENDING,,B2026-07-13 12:10:00,232,True,BLOCK,BLOCK,hunt_fade,,,,,,,,,,,,,,,,,,,,-9.0,next_choch,2026-08-21 13:33:00,,,,,,,
unseen-test_1m,ST5_FB,W-ATR2,2026-08-21 13:34:00,down,2026-08-21 13:33:00,B2026-07-13 10:41:00,B,24380.5,24400.5,34,11,73775.0,9,1755.0,True,True,ACCEPTED,,B2026-07-13 10:41:00,259,True,TAKE,TAKE,,defend,,,,,,,,,,,,setup_close,2026-08-21 13:34:00,0,,,,,-0.9,next_choch,2026-08-21 13:48:00,,TAKE,2026-08-21 13:34:00,-0.9,next_choch,2026-08-21 13:48:00,
unseen-test_1m,ST5_FB,W-ATR2,2026-08-21 13:55:00,up,2026-08-21 13:53:00,B2026-07-13 10:41:00,B,24380.5,24400.5,34,32,239460.0,9,1755.0,True,True,ACCEPTED,,B2026-07-13 10:41:00,280,True,TAKE,TAKE,,defend,,,,,,,,,,,,setup_close,2026-08-21 13:55:00,0,,,,,-7.6,next_choch,2026-08-21 14:06:00,,TAKE,2026-08-21 13:55:00,-7.6,next_choch,2026-08-21 14:06:00,
unseen-test_1m,ST5_FB,W-ATR2,2026-08-21 14:09:00,down,2026-08-21 14:06:00,B2026-07-13 10:41:00,B,24380.5,24400.5,34,46,286910.0,9,1755.0,True,True,ACCEPTED,,B2026-07-13 10:41:00,294,True,WATCH,WATCH,,,accepted_no_defend,,,,,,,WATCH,B2026-07-13 10:41:00,cancelled:opposite_take,,,,,,,,,-11.4,stop_loss,2026-08-21 14:12:00,-179.75,,,,,,
unseen-test_1m,ST5_FB,W-ATR2,2026-08-21 14:17:00,up,2026-08-21 14:09:00,B2026-07-13 10:41:00,B,24380.5,24400.5,34,54,306475.0,9,1755.0,True,True,ACCEPTED,,B2026-07-13 10:41:00,302,True,TAKE,TAKE,,defend,,,,,,,,,,,,setup_close,2026-08-21 14:17:00,0,,,,,2.1,next_choch,2026-08-21 14:41:00,,TAKE,2026-08-21 14:17:00,2.1,next_choch,2026-08-21 14:41:00,
unseen-test_1m,ST5_FB,W-ATR2,2026-08-21 14:53:00,up,2026-08-21 14:47:00,B2026-07-13 12:10:00,B,24391.35,24411.35,21,22,126490.0,9,1170.0,True,True,ACCEPTED,,B2026-07-13 12:10:00,338,True,TAKE,TAKE,,defend,,,,,,,,,,,,setup_close,2026-08-21 14:53:00,0,,,,,-11.3,stop_loss,2026-08-21 14:56:00,,TAKE,2026-08-21 14:53:00,-11.3,stop_loss,2026-08-21 14:56:00,
unseen-test_1m,ST5_FB,W-ATR2,2026-08-21 15:28:00,down,2026-08-21 15:25:00,B2026-07-13 10:41:00,B,24380.5,24400.5,35,5,19045.0,9,1755.0,True,True,RECYCLE,,B2026-07-13 10:41:00,373,True,BLOCK,BLOCK,clock,,,,,,,,,,,,,,,,,,,,-7.0,stop_loss,2026-08-21 15:29:00,,,,,,,
unseen-test_1m,ST5_FB,W-ATR2,2026-08-24 09:15:00,up,2026-08-21 15:29:00,B2026-07-13 10:41:00,B,24380.5,24400.5,35,6,21710.0,9,1755.0,True,True,PENDING,,B2026-07-02 10:31:00,0,True,BLOCK,BLOCK,open_pierce,,,,,,,,,,,,,,,,,,,,-20.0,next_choch,2026-08-24 09:42:00,-1775.65,,,,,,
unseen-test_1m,ST5_FB,W-ATR2,2026-08-24 09:58:00,down,2026-08-24 09:54:00,B2026-07-02 11:28:00,B,24417.5,24437.5,50,28,250770.0,11,520.0,True,True,REJECT,,B2026-07-02 11:28:00,43,True,WATCH,WATCH,,,,,,,,,,WATCH,B2026-07-02 11:28:00,replaced,,,,,,,,,3.0,next_choch,2026-08-24 10:08:00,-168.28,,,,,,
unseen-test_1m,ST5_FB,W-ATR2,2026-08-24 10:16:00,up,2026-08-24 10:08:00,B2026-07-02 11:28:00,B,24417.5,24437.5,50,46,398580.0,11,520.0,True,True,ACCEPTED,,B2026-07-02 11:28:00,61,True,WATCH,WATCH,,,accepted_no_defend,,,,,,,WATCH,B2026-07-02 11:28:00,armed_expired:back_inside,,,,,,,,,0.0,next_choch,2026-08-24 10:45:00,-145.95,,,,,,
unseen-test_1m,ST5_FB,W-ATR2,2026-08-24 10:48:00,down,2026-08-24 10:45:00,B2026-07-02 11:28:00,B,24417.5,24437.5,50,76,637780.0,11,520.0,True,True,ACCEPTED,,B2026-07-02 11:28:00,93,True,TAKE,TAKE,,defend,,,,,,,,,,,,setup_close,2026-08-24 10:48:00,0,,,,,105.1,next_choch,2026-08-24 14:50:00,2312.32,TAKE,2026-08-24 10:48:00,105.1,next_choch,2026-08-24 14:50:00,2312.32
unseen-test_1m,ST5_FB,W-ATR2,2026-08-24 15:05:00,down,2026-08-24 15:04:00,B2026-07-01 11:10:00,B,24319.5,24339.5,34,33,353275.0,9,390.0,True,True,PENDING,,B2026-07-01 10:04:00,350,True,WATCH,WATCH,,,,,,,,,,WATCH_EDGE,B2026-07-01 11:10:00,armed_expired:back_inside,,,,,,,,,-5.9,next_choch,2026-08-24 15:10:00,-395.61,,,,,,
unseen-test_1m,ST5_FB,W-ATR2,2026-08-25 09:15:00,down,2026-08-24 15:26:00,B2026-07-01 11:10:00,B,24319.5,24339.5,34,57,694005.0,9,390.0,True,True,PENDING,,B2026-07-01 09:47:00,0,True,BLOCK,BLOCK,open_pierce,,,,,,,,,,,,,,,,,,,,-51.5,stop_loss,2026-08-25 09:21:00,-1353.2,,,,,,
unseen-test_1m,ST5_FB,W-ATR2,2026-08-25 09:33:00,up,2026-08-25 09:21:00,B2026-07-01 11:10:00,B,24319.5,24339.5,35,13,154050.0,9,390.0,True,True,LEAVE,A2026-07-09 09:44:00,B2026-07-01 11:41:00,18,True,WATCH,WATCH,leave_into_recycle,,leave_into_recycle,,B2026-07-01 11:41:00,20,RECYCLE,,normal,WATCH,B2026-07-01 11:41:00,cancelled:opposite_leave,,,,,,,,,-14.7,stop_loss,2026-08-25 09:38:00,-722.11,,,,,,
unseen-test_1m,ST5_FB,W-ATR2,2026-08-25 10:01:00,down,2026-08-25 09:52:00,B2026-07-01 09:47:00,B,24275.1,24295.1,31,9,118235.0,15,5395.0,True,True,LEAVE,B2026-07-01 10:04:00,B2026-07-01 09:47:00,46,False,BLOCK,BLOCK,hunt_fade,,,,B2026-07-01 09:47:00,31,REJECT,,normal,,,,,,,,,,,,-15.5,stop_loss,2026-08-25 10:06:00,-249.1,,,,,,
unseen-test_1m,ST5_FB,W-ATR2,2026-08-25 10:22:00,down,2026-08-25 10:19:00,B2026-07-01 09:47:00,B,24275.1,24295.1,31,28,345735.0,15,5395.0,True,True,ACCEPTED,,B2026-07-01 09:47:00,67,True,TAKE,TAKE,,defend,,,,,,,,,,,,setup_close,2026-08-25 10:22:00,0,,,,,-7.4,next_choch,2026-08-25 10:43:00,-320.89,TAKE,2026-08-25 10:22:00,-7.4,next_choch,2026-08-25 10:43:00,-320.89
unseen-test_1m,ST5_FB,W-ATR2,2026-08-25 10:44:00,up,2026-08-25 10:43:00,B2026-07-01 09:47:00,B,24275.1,24295.1,31,49,590330.0,15,5395.0,True,True,PENDING,,A2026-07-09 09:44:00,89,True,WATCH,WATCH,,,,,,,,,,WATCH_EDGE,B2026-07-01 09:47:00,replaced,,,,,,,,,21.4,next_choch,2026-08-25 12:58:00,885.41,,,,,,
unseen-test_1m,ST5_FB,W-ATR2,2026-08-25 13:01:00,down,2026-08-25 12:58:00,B2026-07-01 10:04:00,B,24307.95,24327.95,44,2,6175.0,14,5070.0,True,True,LEAVE,B2026-07-01 11:10:00,A2026-07-09 09:44:00,226,True,WATCH,WATCH,leave_into_recycle,,leave_into_recycle,,A2026-07-09 09:44:00,39,RECYCLE,,normal,WATCH,A2026-07-09 09:44:00,armed_expired:back_inside,,,,,,,,,0.8,next_choch,2026-08-25 13:40:00,-108.18,,,,,,
unseen-test_1m,ST5_FB,W-ATR2,2026-08-25 13:41:00,up,2026-08-25 13:40:00,A2026-07-09 09:44:00,A,24293.1,24313.1,41,11,50310.0,3,585.0,True,True,LEAVE,B2026-07-01 09:47:00,A2026-07-09 09:44:00,266,True,TAKE,TAKE,,leave,,,A2026-07-09 09:44:00,41,ACCEPTED,,normal,,,,,setup_close,2026-08-25 13:41:00,0,,,,,-11.0,stop_loss,2026-08-25 13:50:00,,TAKE,2026-08-25 13:41:00,-11.0,stop_loss,2026-08-25 13:50:00,
unseen-test_1m,ST5_FB,W-ATR2,2026-08-25 13:53:00,up,2026-08-25 13:52:00,B2026-07-01 11:10:00,B,24319.5,24339.5,38,1,14820.0,9,390.0,True,True,LEAVE,A2026-07-09 09:44:00,B2026-07-01 11:10:00,278,False,WATCH,WATCH,leave_into_recycle,,leave_into_recycle,,B2026-07-01 11:10:00,38,RECYCLE,,normal,WATCH,B2026-07-01 11:10:00,armed_expired:back_inside,,,,,,,,,-19.6,next_choch,2026-08-25 14:03:00,-651.74,,,,,,
unseen-test_1m,ST5_FB,W-ATR2,2026-08-25 14:20:00,up,2026-08-25 14:11:00,B2026-07-01 11:10:00,B,24319.5,24339.5,39,1,15340.0,9,390.0,True,True,LEAVE,B2026-07-01 10:04:00,B2026-07-01 11:10:00,305,True,BLOCK,BLOCK,hunt_fade,,,,B2026-07-01 11:10:00,39,RECYCLE,,normal,,,,,,,,,,,,144.2,open,2026-08-25 15:29:00,5358.1,,,,,,
1m_1m,ST5_FB,W-ATR2,2026-08-26 12:10:00,down,2026-08-26 12:09:00,B2026-07-02 10:31:00,B,24429.85,24449.85,51,1,8840.0,11,1040.0,False,True,LEAVE,B2026-07-02 09:32:00,B2026-07-02 10:31:00,175,True,WATCH,WATCH,leave_into_recycle,,leave_into_recycle,,B2026-07-02 10:31:00,51,RECYCLE,True,normal,WATCH,B2026-07-02 10:31:00,cancelled:opposite_leave,,,,,,,,,-18.9,stop_loss,2026-08-26 12:18:00,-707.26,,,,,,
1m_1m,ST5_FB,W-ATR2,2026-08-26 12:30:00,down,2026-08-26 12:28:00,B2026-07-02 09:32:00,B,24446.6,24466.6,63,17,78455.0,11,3965.0,False,True,ACCEPTED,,B2026-07-02 09:32:00,195,True,TAKE,TAKE,,defend,,,,,,,,,,,,setup_close,2026-08-26 12:30:00,0,,,,,-9.0,stop_loss,2026-08-26 12:34:00,-411.67,TAKE,2026-08-26 12:30:00,-9.0,stop_loss,2026-08-26 12:34:00,-411.67
1m_1m,ST5_FB,W-ATR2,2026-08-26 12:35:00,up,2026-08-26 12:34:00,B2026-07-02 09:32:00,B,24446.6,24466.6,64,1,2015.0,11,3965.0,False,True,LEAVE,B2026-07-02 10:31:00,B2026-07-02 09:32:00,200,True,WATCH,WATCH,,,leave_vol_fail,,B2026-07-02 09:32:00,64,RECYCLE,False,normal,WATCH,B2026-07-02 09:32:00,cancelled:opposite_leave,,,,,,,,,-16.6,next_choch,2026-08-26 12:50:00,-502.74,,,,,,
1m_1m,ST5_FB,W-ATR2,2026-08-26 12:54:00,up,2026-08-26 12:51:00,B2026-07-02 09:32:00,B,24446.6,24466.6,64,18,38935.0,11,3965.0,False,True,ACCEPTED,,B2026-07-02 09:32:00,219,True,TAKE,TAKE,,defend,,,,,,,,,,,,setup_close,2026-08-26 12:54:00,0,,,,,-10.0,stop_loss,2026-08-26 13:01:00,-473.13,TAKE,2026-08-26 12:54:00,-10.0,stop_loss,2026-08-26 13:01:00,-473.13
1m_1m,ST5_FB,W-ATR2,2026-08-26 13:02:00,down,2026-08-26 13:01:00,B2026-07-02 10:31:00,B,24429.85,24449.85,53,1,23270.0,11,1040.0,False,True,LEAVE,B2026-07-02 09:32:00,B2026-07-02 10:31:00,227,True,WATCH,WATCH,leave_into_recycle,,leave_into_recycle,,B2026-07-02 10:31:00,53,REJECT,True,normal,WATCH,B2026-07-02 10:31:00,cancelled:opposite_leave,,,,,,,,,-0.0,next_choch,2026-08-26 13:35:00,-59.93,,,,,,
1m_1m,ST5_FB,W-ATR2,2026-08-26 13:45:00,down,2026-08-26 13:44:00,B2026-07-02 10:31:00,B,24429.85,24449.85,54,35,124540.0,11,1040.0,False,True,ACCEPTED,,B2026-07-02 10:31:00,270,True,WATCH,WATCH,,,accepted_no_defend,,,,,,,WATCH,B2026-07-02 10:31:00,replaced,,,,,,,,,-3.3,next_choch,2026-08-26 14:02:00,,,,,,,
1m_1m,ST5_FB,W-ATR2,2026-08-26 14:04:00,up,2026-08-26 14:02:00,B2026-07-02 11:28:00,B,24417.5,24437.5,51,15,108550.0,11,520.0,False,True,PENDING,,B2026-07-02 10:31:00,289,False,WATCH,WATCH,,,,,,,,,,WATCH_EDGE,B2026-07-02 11:28:00,armed_expired:session_end,,,,,,,,,17.4,next_choch,2026-08-26 15:20:00,550.19,,,,,,
1m_1m,ST5_FB,W-ATR2,2026-08-26 15:21:00,down,2026-08-26 15:20:00,B2026-07-02 09:32:00,B,24446.6,24466.6,68,6,43030.0,11,3965.0,False,True,RECYCLE,,B2026-07-02 09:32:00,366,True,BLOCK,BLOCK,clock,,,,,,,,,,,,,,,,,,,,103.8,next_choch,2026-08-27 12:44:00,3983.87,,,,,,
1m_1m,ST5_FB,W-ATR2,2026-08-27 12:51:00,up,2026-08-27 12:50:00,B2026-07-01 11:41:00,B,24333.2,24353.2,26,12,113750.0,9,1495.0,False,True,PENDING,,B2026-07-01 13:25:00,216,False,WATCH,WATCH,,,,,,,,,,WATCH_EDGE,B2026-07-01 11:41:00,replaced,,,,,,,,,2.0,next_choch,2026-08-27 13:02:00,76.63,,,,,,
1m_1m,ST5_FB,W-ATR2,2026-08-27 13:05:00,down,2026-08-27 13:02:00,B2026-07-01 10:34:00,B,24343.95,24363.95,34,9,40495.0,12,1885.0,False,True,RECYCLE,,B2026-07-01 10:34:00,230,True,WATCH,WATCH,,,,,,,,,,WATCH,B2026-07-01 10:34:00,cancelled:opposite_leave,,,,,,,,,-17.0,stop_loss,2026-08-27 13:12:00,-654.52,,,,,,
1m_1m,ST5_FB,W-ATR2,2026-08-27 13:14:00,up,2026-08-27 13:12:00,B2026-07-01 12:19:00,B,24365.35,24385.35,55,2,7670.0,12,1365.0,False,True,LEAVE,B2026-07-01 10:34:00,B2026-07-01 12:19:00,239,False,WATCH,WATCH,leave_into_recycle,,leave_into_recycle,,B2026-07-01 12:19:00,55,REJECT,True,normal,WATCH,B2026-07-01 12:19:00,cancelled:opposite_leave,,,,,,,,,-8.4,next_choch,2026-08-27 13:29:00,-885.94,,,,,,
1m_1m,ST5_FB,W-ATR2,2026-08-27 13:31:00,down,2026-08-27 13:29:00,B2026-07-01 13:25:00,B,24354.0,24374.0,35,14,31720.0,9,1430.0,False,True,PENDING,,B2026-07-01 11:41:00,256,True,WATCH,REENTER,,,,,,,,,,WATCH_EDGE,B2026-07-01 13:25:00,reenter,watch_edge,reenter_close,2026-08-27 13:32:00,1,11.8,1,1,setup,-16.0,next_choch,2026-08-27 13:38:00,-696.21,REENTER,2026-08-27 13:32:00,-18.8,next_choch,2026-08-27 13:38:00,-663.76
1m_1m,ST5_FB,W-ATR2,2026-08-27 13:39:00,up,2026-08-27 13:38:00,B2026-07-01 10:34:00,B,24343.95,24363.95,35,6,9945.0,12,1885.0,False,True,RECYCLE,,B2026-07-01 10:34:00,264,True,WATCH,WATCH,,,,,,,,,,WATCH,B2026-07-01 10:34:00,replaced,,,,,,,,,-13.7,stop_loss,2026-08-27 13:42:00,-465.41,,,,,,
1m_1m,ST5_FB,W-ATR2,2026-08-27 13:43:00,down,2026-08-27 13:42:00,B2026-07-01 10:34:00,B,24343.95,24363.95,35,9,17030.0,12,1885.0,False,True,PENDING,,B2026-07-01 11:41:00,268,True,WATCH,REENTER,,,,,,,,,,WATCH_EDGE,B2026-07-01 10:34:00,reenter,watch_edge,reenter_close,2026-08-27 13:44:00,1,3.85,1,1,setup,19.2,next_choch,2026-08-27 14:17:00,929.48,REENTER,2026-08-27 13:44:00,18.1,next_choch,2026-08-27 14:17:00,819.14
1m_1m,ST5_FB,W-ATR2,2026-08-27 14:19:00,up,2026-08-27 14:17:00,B2026-07-01 10:04:00,B,24307.95,24327.95,52,2,3965.0,14,5070.0,False,True,LEAVE,A2026-07-09 09:44:00,B2026-07-01 10:04:00,304,True,WATCH,WATCH,leave_into_recycle,,leave_into_recycle,,B2026-07-01 10:04:00,52,RECYCLE,True,normal,WATCH,B2026-07-01 10:04:00,armed_expired:back_inside,,,,,,,,,6.0,next_choch,2026-08-27 14:45:00,,,,,,,
1m_1m,ST5_FB,W-ATR2,2026-08-27 15:05:00,down,2026-08-27 15:04:00,B2026-07-01 11:10:00,B,24319.5,24339.5,45,36,154375.0,9,390.0,False,True,PENDING,,B2026-07-01 10:04:00,350,True,BLOCK,BLOCK,hunt_fade,,,,,,,,,,,,,,,,,,,,-1.9,next_choch,2026-08-27 15:10:00,,,,,,,
1m_1m,ST5_FB,W-ATR2,2026-08-27 15:15:00,down,2026-08-27 15:12:00,A2026-07-09 09:44:00,A,24293.1,24313.1,47,1,10985.0,3,585.0,False,True,LEAVE,B2026-07-01 10:04:00,A2026-07-09 09:44:00,360,True,WATCH,WATCH,,,leave_vol_fail,,A2026-07-09 09:44:00,47,RECYCLE,False,normal,WATCH,A2026-07-09 09:44:00,armed_expired:session_end,,,,,,,,,8.1,next_choch,2026-08-28 09:17:00,-15.09,,,,,,
1m_1m,ST5_FB,W-ATR2,2026-08-28 09:25:00,up,2026-08-28 09:17:00,B2026-07-01 10:04:00,B,24307.95,24327.95,54,1,11115.0,14,5070.0,False,True,LEAVE,B2026-07-01 09:47:00,B2026-07-01 10:04:00,10,False,WATCH,WATCH,,,leave_vol_fail,,B2026-07-01 10:04:00,54,RECYCLE,False,normal,WATCH,B2026-07-01 10:04:00,armed_expired:back_inside,,,,,,,,,-43.7,stop_loss,2026-08-28 11:35:00,-1389.59,,,,,,
1m_1m,ST5_FB,W-ATR2,2026-08-28 11:54:00,down,2026-08-28 11:35:00,B2026-07-01 09:47:00,B,24275.1,24295.1,36,19,102375.0,15,5395.0,False,True,PENDING,,B2026-07-14 14:26:00,159,True,WATCH,REENTER,,,,,,,,,,WATCH_EDGE,B2026-07-01 09:47:00,reenter,watch_edge,reenter_close,2026-08-28 11:55:00,1,7.1,1,1,setup,-15.0,stop_loss,2026-08-28 13:22:00,-605.86,REENTER,2026-08-28 11:55:00,-17.0,stop_loss,2026-08-28 13:22:00,-628.57
1m_1m,ST5_FB,W-ATR2,2026-08-28 13:40:00,up,2026-08-28 13:34:00,B2026-07-01 09:47:00,B,24275.1,24295.1,37,19,58760.0,15,5395.0,False,True,PENDING,,A2026-07-09 09:44:00,265,True,WATCH,WATCH,,,,,,,,,,WATCH_EDGE,B2026-07-01 09:47:00,armed_expired:back_inside,,,,,,,,,-14.0,stop_loss,2026-08-28 13:48:00,-577.58,,,,,,
1m_1m,ST5_FB,W-ATR2,2026-08-28 13:59:00,up,2026-08-28 13:58:00,B2026-07-01 09:47:00,B,24275.1,24295.1,37,38,89635.0,15,5395.0,False,True,ACCEPTED,,B2026-07-01 09:47:00,284,True,WATCH,WATCH,,,accepted_no_defend,,,,,,,WATCH,B2026-07-01 09:47:00,replaced,,,,,,,,,-10.5,stop_loss,2026-08-28 14:07:00,-569.69,,,,,,
1m_1m,ST5_FB,W-ATR2,2026-08-28 14:29:00,up,2026-08-28 14:21:00,B2026-07-01 09:47:00,B,24275.1,24295.1,37,67,175630.0,15,5395.0,False,True,PENDING,,A2026-07-09 09:44:00,314,True,WATCH,WATCH,,,,,,,,,,WATCH_EDGE,B2026-07-01 09:47:00,armed_expired:session_end,,,,,,,,,-6.7,next_choch,2026-08-28 15:02:00,-385.72,,,,,,
1m_1m,ST5_FB,W-ATR2,2026-08-28 15:28:00,up,2026-08-28 15:11:00,B2026-07-01 11:41:00,B,24333.2,24353.2,33,8,119210.0,9,1495.0,False,True,LEAVE,B2026-07-01 11:10:00,B2026-07-01 11:41:00,373,False,BLOCK,BLOCK,clock,,,,B2026-07-01 11:41:00,33,RECYCLE,True,normal,,,,,,,,,,,,-146.8,stop_loss,2026-08-31 09:15:00,,,,,,,
1m_1m,ST5_FB,W-ATR2,2026-08-31 09:26:00,down,2026-08-31 09:15:00,B2026-07-22 12:36:00,B,24195.0,24215.0,15,9,161395.0,11,7865.0,False,True,LEAVE,B2026-07-01 11:41:00,A2026-07-23 09:27:00,11,False,TAKE,TAKE,,leave,,,A2026-07-23 09:27:00,3,ACCEPTED,True,gap,,,,,setup_close,2026-08-31 09:26:00,0,,,,,-10.5,next_choch,2026-08-31 11:35:00,-38.63,TAKE,2026-08-31 09:26:00,-10.5,next_choch,2026-08-31 11:35:00,-38.63
1m_1m,ST5_FB,W-ATR2,2026-08-31 11:42:00,up,2026-08-31 11:35:00,B2026-07-22 12:36:00,B,24195.0,24215.0,17,7,41795.0,11,7865.0,False,True,RECYCLE,,B2026-07-22 12:36:00,147,True,WATCH,WATCH,,,,,,,,,,WATCH,B2026-07-22 12:36:00,replaced,,,,,,,,,23.1,next_choch,2026-08-31 14:04:00,327.71,,,,,,
1m_1m,ST5_FB,W-ATR2,2026-08-31 14:05:00,down,2026-08-31 14:04:00,A2026-07-01 09:27:00,A,24230.7,24250.7,36,5,21905.0,2,19240.0,False,True,LEAVE,B2026-07-01 09:26:00,A2026-07-01 09:18:00,290,True,WATCH,WATCH,leave_into_recycle,,leave_into_recycle,,A2026-07-01 09:18:00,33,RECYCLE,True,normal,WATCH,A2026-07-01 09:18:00,cancelled:opposite_leave,,,,,,,,,-13.5,next_choch,2026-08-31 14:35:00,-354.17,,,,,,
1m_1m,ST5_FB,W-ATR2,2026-08-31 14:39:00,up,2026-08-31 14:35:00,B2026-07-22 10:41:00,B,24220.05,24240.05,24,33,123045.0,9,3250.0,False,True,PENDING,,A2026-07-01 09:27:00,324,True,WATCH,REENTER,,,,,,,,,,WATCH_EDGE,B2026-07-22 10:41:00,reenter,watch_edge,reenter_close,2026-08-31 14:40:00,1,6.55,1,1,setup,6.5,next_choch,2026-08-31 15:05:00,,REENTER,2026-08-31 14:40:00,0.7,next_choch,2026-08-31 15:05:00,
1m_1m,ST5_FB,W-ATR2,2026-09-01 09:22:00,down,2026-09-01 09:15:00,A2026-07-23 09:27:00,A,24180.0,24200.0,10,6,100750.0,1,195.0,False,True,LEAVE,B2026-07-01 09:26:00,B2026-07-08 15:17:00,7,False,WATCH,WATCH,,,leave_vol_fail,,B2026-07-08 15:17:00,15,ACCEPTED,False,gap,WATCH,B2026-07-08 15:17:00,cancelled:opposite_leave,,,,,,,,,-18.4,next_choch,2026-09-01 10:48:00,-623.2,,,,,,
1m_1m,ST5_FB,W-ATR2,2026-09-01 10:50:00,up,2026-09-01 10:48:00,A2026-07-23 09:27:00,A,24180.0,24200.0,11,26,146835.0,1,195.0,False,True,PENDING,,B2026-07-22 12:36:00,95,True,WATCH,WATCH,,,,,,,,,,WATCH_EDGE,A2026-07-23 09:27:00,armed_expired:opposite_leave,,,,,,,,,44.0,next_choch,2026-09-01 12:51:00,1536.7,,,,,,
1m_1m,ST5_FB,W-ATR2,2026-09-01 12:54:00,down,2026-09-01 12:51:00,B2026-07-01 09:26:00,B,24247.25,24267.25,41,12,15730.0,18,8645.0,False,True,PENDING,,A2026-07-01 09:27:00,219,True,BLOCK,BLOCK,hunt_fade,,,,,,,,,,,,,,,,,,,,202.6,next_choch,2026-09-02 14:32:00,12515.9,,,,,,
1m_1m,ST5_FB,W-ATR2,2026-09-02 14:33:00,up,2026-09-02 14:32:00,B2026-07-23 14:52:00,B,24022.0,24042.0,5,3,29510.0,15,6890.0,False,True,LEAVE,B2026-07-24 12:52:00,B2026-07-23 13:10:00,318,True,WATCH,WATCH,leave_into_recycle,,leave_into_recycle,,B2026-07-23 13:10:00,7,RECYCLE,True,normal,WATCH,B2026-07-23 13:10:00,cancelled:opposite_leave,,,,,,,,,-21.3,next_choch,2026-09-02 14:43:00,-2273.88,,,,,,
1m_1m,ST5_FB,W-ATR2,2026-09-02 14:44:00,down,2026-09-02 14:43:00,B2026-07-23 14:52:00,B,24022.0,24042.0,5,12,87360.0,15,6890.0,False,True,PENDING,,B2026-07-24 12:52:00,329,True,WATCH,WATCH,,,,,,,,,,WATCH_EDGE,B2026-07-23 14:52:00,armed_expired:back_inside,,,,,,,,,12.3,next_choch,2026-09-02 15:22:00,137.48,,,,,,
1m_1m,ST5_FB,W-ATR2,2026-09-02 15:26:00,down,2026-09-02 15:25:00,B2026-07-24 13:28:00,B,23996.1,24016.1,11,16,115765.0,9,2015.0,False,True,ACCEPTED,,B2026-07-24 13:28:00,371,True,BLOCK,BLOCK,clock,,,,,,,,,,,,,,,,,,,,-108.3,stop_loss,2026-09-03 09:15:00,-7774.35,,,,,,
1m_1m,ST5_FB,W-ATR2,2026-09-03 09:16:00,up,2026-09-03 09:15:00,B2026-07-27 10:05:00,B,24120.0,24140.0,5,1,57005.0,9,5395.0,False,True,LEAVE,B2026-07-24 13:28:00,B2026-07-27 10:05:00,1,False,BLOCK,BLOCK,open_pierce,,,,B2026-07-27 10:05:00,5,RECYCLE,True,gap,,,,,,,,,,,,-23.0,next_choch,2026-09-03 09:22:00,-620.31,,,,,,
1m_1m,ST5_FB,W-ATR2,2026-09-03 09:24:00,down,2026-09-03 09:22:00,B2026-07-23 12:39:00,B,24085.5,24105.5,7,6,111670.0,10,24765.0,False,True,LEAVE,B2026-07-27 10:05:00,B2026-09-01 14:45:00,9,True,BLOCK,BLOCK,open_pierce,,,,B2026-09-01 14:45:00,3,ACCEPTED,False,normal,,,,,,,,,,,,-28.6,stop_loss,2026-09-03 09:30:00,-941.72,,,,,,
1m_1m,ST5_FB,W-ATR2,2026-09-03 09:33:00,up,2026-09-03 09:30:00,A2026-09-02 09:15:00,A,24100.9,24120.9,2,4,43615.0,1,11505.0,False,False,LEAVE,B2026-09-01 14:45:00,A2026-09-02 09:15:00,18,True,WATCH,WATCH,,,leave_vol_fail,,A2026-09-02 09:15:00,2,RECYCLE,False,normal,WATCH,A2026-09-02 09:15:00,replaced,,,,,,,,,17.9,next_choch,2026-09-03 10:13:00,486.28,,,,,,
1m_1m,ST5_FB,W-ATR2,2026-09-03 10:15:00,down,2026-09-03 10:13:00,B2026-07-27 10:05:00,B,24120.0,24140.0,7,14,45305.0,9,5395.0,False,True,PENDING,,A2026-09-02 09:15:00,60,True,WATCH,WATCH,,,,,,,,,,WATCH_EDGE,B2026-07-27 10:05:00,armed_expired:back_inside,,,,,,,,,21.3,next_choch,2026-09-03 11:35:00,1013.39,,,,,,
1m_1m,ST5_FB,W-ATR2,2026-09-03 11:47:00,down,2026-09-03 11:41:00,B2026-09-01 14:45:00,B,24075.0,24095.0,7,6,17160.0,9,84370.0,False,False,LEAVE,B2026-07-23 12:39:00,B2026-09-01 14:45:00,152,True,WATCH,WATCH,leave_into_recycle,,leave_into_recycle,,B2026-09-01 14:45:00,7,THIN,True,normal,WATCH,B2026-09-01 14:45:00,reenter,,,,,,,,,33.9,next_choch,2026-09-03 12:54:00,,,,,,,
1m_1m,ST5_FB,W-ATR2,2026-09-03 13:02:00,down,2026-09-03 13:01:00,B2026-07-23 14:52:00,B,24022.0,24042.0,7,42,272220.0,15,6890.0,False,True,ACCEPTED,,B2026-07-23 14:52:00,227,True,REENTER,REENTER,,watch,,,,,,,,,,,watch,setup_close,2026-09-03 13:02:00,0,46.3,71,69,setup,-16.3,stop_loss,2026-09-03 13:05:00,-314.27,REENTER,2026-09-03 13:02:00,-16.3,stop_loss,2026-09-03 13:05:00,-314.27
1m_1m,ST5_FB,W-ATR2,2026-09-03 13:11:00,up,2026-09-03 13:05:00,B2026-07-23 13:10:00,B,24038.45,24058.45,10,1,2340.0,9,5005.0,False,True,LEAVE,B2026-07-23 14:52:00,B2026-07-23 13:10:00,236,True,WATCH,WATCH,,,leave_vol_fail,,B2026-07-23 13:10:00,10,REJECT,False,normal,WATCH,B2026-07-23 13:10:00,cancelled:opposite_leave,,,,,,,,,-10.0,next_choch,2026-09-03 13:21:00,-359.32,,,,,,
1m_1m,ST5_FB,W-ATR2,2026-09-03 13:23:00,down,2026-09-03 13:21:00,B2026-07-23 14:52:00,B,24022.0,24042.0,8,3,13000.0,15,6890.0,False,True,LEAVE,B2026-07-23 13:10:00,B2026-07-23 14:52:00,248,True,WATCH,WATCH,leave_into_recycle,,leave_into_recycle,,B2026-07-23 14:52:00,8,REJECT,True,normal,WATCH,B2026-07-23 14:52:00,armed_expired:back_inside,,,,,,,,,-19.9,stop_loss,2026-09-03 13:33:00,-869.05,,,,,,
1m_1m,ST5_FB,W-ATR2,2026-09-03 14:29:00,up,2026-09-03 14:20:00,B2026-07-23 14:52:00,B,24022.0,24042.0,11,28,42055.0,15,6890.0,False,True,ACCEPTED,,B2026-07-23 14:52:00,314,True,WATCH,WATCH,,,accepted_no_defend,,,,,,,WATCH,B2026-07-23 14:52:00,replaced,,,,,,,,,-14.9,stop_loss,2026-09-03 14:40:00,-424.11,,,,,,
1m_1m,ST5_FB,W-ATR2,2026-09-03 14:43:00,down,2026-09-03 14:40:00,B2026-07-23 14:52:00,B,24022.0,24042.0,11,42,100685.0,15,6890.0,False,True,ACCEPTED,,B2026-07-23 14:52:00,328,True,WATCH,WATCH,,,accepted_no_defend,,,,,,,WATCH,B2026-07-23 14:52:00,armed_expired:back_inside,,,,,,,,,7.1,next_choch,2026-09-03 14:56:00,70.42,,,,,,
1m_1m,ST5_FB,W-ATR2,2026-09-03 15:07:00,down,2026-09-03 15:05:00,B2026-07-24 13:28:00,B,23996.1,24016.1,12,1,11635.0,9,2015.0,False,True,LEAVE,B2026-07-24 12:52:00,B2026-07-24 13:28:00,352,True,WATCH,WATCH,,,leave_vol_fail,,B2026-07-24 13:28:00,12,RECYCLE,False,normal,WATCH,B2026-07-24 13:28:00,armed_expired:session_end,,,,,,,,,-24.0,stop_loss,2026-09-04 09:15:00,-273.89,,,,,,
1m_1m,ST5_FB,W-ATR2,2026-09-04 09:45:00,up,2026-09-04 09:40:00,B2026-07-23 14:52:00,B,24022.0,24042.0,12,15,129090.0,15,6890.0,False,True,PENDING,,B2026-07-23 13:10:00,30,True,WATCH,REENTER,,,,,,,,,,WATCH_EDGE,B2026-07-23 14:52:00,reenter,watch_edge,reenter_close,2026-09-04 09:46:00,1,8.0,1,1,setup,32.0,next_choch,2026-09-04 12:12:00,438.57,REENTER,2026-09-04 09:46:00,30.0,next_choch,2026-09-04 12:12:00,496.99
1m_1m,ST5_FB,W-ATR2,2026-09-04 12:13:00,down,2026-09-04 12:12:00,B2026-09-01 14:45:00,B,24075.0,24095.0,11,12,43550.0,9,84370.0,False,False,LEAVE,A2026-09-02 09:15:00,B2026-09-01 14:45:00,178,True,WATCH,WATCH,,,leave_vol_fail,,B2026-09-01 14:45:00,11,RECYCLE,False,normal,WATCH,B2026-09-01 14:45:00,replaced,,,,,,,,,9.5,next_choch,2026-09-04 12:49:00,,,,,,,
1m_1m,ST5_FB,W-ATR2,2026-09-04 12:53:00,up,2026-09-04 12:49:00,B2026-07-23 12:51:00,B,24048.5,24068.5,18,27,93925.0,10,17550.0,False,True,ACCEPTED,,B2026-07-23 12:51:00,218,True,WATCH,WATCH,,,accepted_no_defend,,,,,,,WATCH,B2026-07-23 12:51:00,cancelled:opposite_take,,,,,,,,,-12.0,stop_loss,2026-09-04 12:56:00,,,,,,,
1m_1m,ST5_FB,W-ATR2,2026-09-04 12:57:00,down,2026-09-04 12:56:00,B2026-07-23 12:51:00,B,24048.5,24068.5,18,31,117130.0,10,17550.0,False,True,ACCEPTED,,B2026-07-23 12:51:00,222,True,TAKE,TAKE,,defend,,,,,,,,,,,,setup_close,2026-09-04 12:57:00,0,,,,,-16.7,stop_loss,2026-09-04 13:10:00,-844.07,TAKE,2026-09-04 12:57:00,-16.7,stop_loss,2026-09-04 13:10:00,-844.07
1m_1m,ST5_FB,W-ATR2,2026-09-04 13:16:00,up,2026-09-04 13:10:00,B2026-07-23 15:10:00,B,24062.6,24082.6,10,6,12740.0,9,3445.0,False,True,LEAVE,B2026-07-23 12:51:00,B2026-07-23 15:10:00,241,True,WATCH,WATCH,,,leave_vol_fail,,B2026-07-23 15:10:00,10,RECYCLE,False,normal,WATCH,B2026-07-23 15:10:00,armed_expired:back_inside,,,,,,,,,-21.0,next_choch,2026-09-04 13:32:00,,,,,,,
1m_1m,ST5_FB,W-ATR2,2026-09-04 13:33:00,down,2026-09-04 13:32:00,B2026-07-23 12:51:00,B,24048.5,24068.5,19,1,3445.0,10,17550.0,False,True,LEAVE,B2026-07-23 15:10:00,B2026-07-23 12:51:00,258,True,WATCH,WATCH,leave_into_recycle,,leave_into_recycle,,B2026-07-23 12:51:00,19,RECYCLE,True,normal,WATCH,B2026-07-23 12:51:00,replaced,,,,,,,,,-12.9,stop_loss,2026-09-04 13:39:00,,,,,,,
1m_1m,ST5_FB,W-ATR2,2026-09-04 13:40:00,up,2026-09-04 13:39:00,B2026-07-23 12:51:00,B,24048.5,24068.5,19,7,10270.0,10,17550.0,False,True,PENDING,,B2026-07-23 15:10:00,265,False,WATCH,WATCH,,,,,,,,,,WATCH_EDGE,B2026-07-23 12:51:00,replaced,,,,,,,,,2.7,next_choch,2026-09-04 13:49:00,,,,,,,
1m_1m,ST5_FB,W-ATR2,2026-09-04 13:51:00,down,2026-09-04 13:49:00,B2026-07-23 15:10:00,B,24062.6,24082.6,12,5,7280.0,9,3445.0,False,True,PENDING,,B2026-07-23 12:51:00,276,True,WATCH,WATCH,,,,,,,,,,WATCH_EDGE,B2026-07-23 15:10:00,replaced,,,,,,,,,-0.5,next_choch,2026-09-04 14:03:00,,,,,,,
1m_1m,ST5_FB,W-ATR2,2026-09-04 14:06:00,up,2026-09-04 14:03:00,B2026-07-23 15:10:00,B,24062.6,24082.6,14,1,910.0,9,3445.0,False,True,LEAVE,B2026-07-23 12:51:00,B2026-07-23 15:10:00,291,True,WATCH,WATCH,leave_into_recycle,,leave_into_recycle,,B2026-07-23 15:10:00,14,REJECT,True,normal,WATCH,B2026-07-23 15:10:00,armed_expired:back_inside,,,,,,,,,-9.9,next_choch,2026-09-04 14:39:00,,,,,,,
1m_1m,ST5_FB,W-ATR2,2026-09-04 14:44:00,down,2026-09-04 14:39:00,B2026-07-23 15:10:00,B,24062.6,24082.6,15,6,9230.0,9,3445.0,False,True,LEAVE,B2026-09-01 14:45:00,B2026-07-23 12:51:00,329,True,WATCH,WATCH,,,leave_vol_fail,,B2026-07-23 12:51:00,21,RECYCLE,False,normal,WATCH,B2026-07-23 12:51:00,armed_expired:session_end,,,,,,,,,-11.6,stop_loss,2026-09-04 14:50:00,,,,,,,
1m_1m,ST5_FB,W-ATR2,2026-09-04 15:22:00,down,2026-09-04 15:20:00,B2026-07-23 13:10:00,B,24038.45,24058.45,15,2,10530.0,9,5005.0,False,True,LEAVE,B2026-07-23 12:51:00,B2026-07-23 13:10:00,367,True,BLOCK,BLOCK,clock,,,,B2026-07-23 13:10:00,15,RECYCLE,True,normal,,,,,,,,,,,,854.3,open,2026-09-25 15:29:00,,,,,,,
all-data_5m,ST6,-,2026-07-08 09:35:00,down,2026-07-08 09:30:00,B2026-07-02 15:00:00,B,24510.5,24530.5,2,1,5005.0,10,18265.0,True,True,PENDING,,,4,True,WATCH,WATCH,,,,,,,,,,WATCH_EDGE,B2026-07-02 15:00:00,armed_expired:back_inside,,,,,,,,,-27.8,stop_loss,2026-07-08 09:50:00,-2923.51,,,,,,
all-data_5m,ST6,-,2026-07-08 10:40:00,up,2026-07-08 10:35:00,A2026-07-08 09:55:00,A,24550.0,24570.0,1,1,1885.0,1,1885.0,True,True,LEAVE,B2026-07-02 15:00:00,,17,True,TAKE,TAKE,,leave,,,,,,,normal,,,,,setup_close,2026-07-08 10:40:00,0,,,,,-35.0,stop_loss,2026-07-08 11:50:00,-3392.05,TAKE,2026-07-08 10:40:00,-35.0,stop_loss,2026-07-08 11:50:00,-3392.05
all-data_5m,ST6,-,2026-07-08 12:20:00,down,2026-07-08 12:10:00,B2026-07-02 15:00:00,B,24510.5,24530.5,4,1,1625.0,10,18265.0,True,True,LEAVE,B2026-07-08 10:10:00,,37,True,TAKE,TAKE,,leave,,,,,,,normal,,,,,setup_close,2026-07-08 12:20:00,0,,,,,-17.0,stop_loss,2026-07-08 13:05:00,-2221.4,TAKE,2026-07-08 12:20:00,-17.0,stop_loss,2026-07-08 13:05:00,-2221.4
all-data_5m,ST6,-,2026-07-09 10:40:00,up,2026-07-09 10:00:00,B2026-07-09 09:45:00,B,24297.25,24317.25,2,4,2665.0,8,30355.0,True,True,PENDING,,B2026-07-01 14:00:00,17,False,WATCH,WATCH,,,,,,,,,,WATCH,B2026-07-01 14:00:00,cancelled:opposite_leave,,,,,,,,,-62.6,stop_loss,2026-07-09 10:45:00,-5182.12,,,,,,
all-data_5m,ST6,-,2026-07-09 13:45:00,up,2026-07-09 13:35:00,B2026-07-01 11:35:00,B,24335.85,24355.85,9,1,130.0,6,5200.0,True,True,LEAVE,B2026-07-09 10:25:00,B2026-07-01 15:05:00,54,True,TAKE,TAKE,,leave,,,B2026-07-01 15:05:00,1,FIRST_PRINT,,normal,,,,,setup_close,2026-07-09 13:45:00,0,,,,,-28.0,stop_loss,2026-07-09 13:50:00,-2933.44,TAKE,2026-07-09 13:45:00,-28.0,stop_loss,2026-07-09 13:50:00,-2933.44
all-data_5m,ST6,-,2026-07-09 14:20:00,down,2026-07-09 14:10:00,B2026-07-09 10:25:00,B,24314.55,24334.55,6,4,975.0,5,7605.0,True,True,PENDING,,B2026-07-09 09:45:00,61,False,WATCH,WATCH,,,,,,,,,,WATCH_EDGE,B2026-07-09 10:25:00,armed_expired:back_inside,,,,,,,,,-29.1,stop_loss,2026-07-09 14:30:00,-3004.48,,,,,,
all-data_5m,ST6,-,2026-07-10 09:30:00,up,2026-07-10 09:15:00,B2026-07-02 11:00:00,B,24430.65,24450.65,3,3,25610.0,7,2080.0,True,True,PENDING,,B2026-07-02 13:05:00,3,False,WATCH,REENTER,,,,,,,,,,WATCH_EDGE,B2026-07-02 11:00:00,reenter,watch_edge,reenter_close,2026-07-10 09:35:00,1,9.35,1,1,setup,-158.6,stop_loss,2026-07-13 09:15:00,-11422.22,REENTER,2026-07-10 09:35:00,-24.0,band_reclaim,2026-07-10 11:35:00,-2675.24
all-data_5m,ST6,-,2026-07-13 12:00:00,up,2026-07-13 11:50:00,B2026-07-13 11:30:00,B,24380.0,24400.0,1,9,7800.0,9,7800.0,True,True,PENDING,,,33,True,BLOCK,BLOCK,new,,,,,,,,,,,,,,,,,,,,52.7,next_choch,2026-07-13 15:15:00,2310.06,,,,,,
all-data_5m,ST6,-,2026-07-13 15:20:00,down,2026-07-13 15:15:00,B2026-07-02 13:05:00,B,24449.8,24469.8,9,2,10010.0,7,1235.0,True,True,LEAVE,B2026-07-08 12:45:00,B2026-07-02 13:05:00,73,True,BLOCK,BLOCK,clock,,,,B2026-07-02 13:05:00,9,HUNT,,normal,,,,,,,,,,,,-24.1,stop_loss,2026-07-13 15:25:00,-2682.14,,,,,,
all-data_5m,ST6,-,2026-07-15 11:10:00,down,2026-07-15 10:55:00,B2026-07-02 11:35:00,B,24410.0,24430.0,7,4,1625.0,10,3445.0,True,True,ACCEPTED,,B2026-07-02 11:35:00,23,True,WATCH,WATCH,,,accepted_no_defend,,,,,,,WATCH,B2026-07-02 11:35:00,cancelled:opposite_leave,,,,,,,,,-21.0,stop_loss,2026-07-15 11:30:00,-2479.85,,,,,,
all-data_5m,ST6,-,2026-07-15 12:35:00,down,2026-07-15 11:50:00,B2026-07-13 11:30:00,B,24380.0,24400.0,2,1,2405.0,9,7800.0,True,True,LEAVE,B2026-07-02 11:35:00,B2026-07-13 11:30:00,40,False,WATCH,WATCH,leave_into_recycle,,leave_into_recycle,,B2026-07-13 11:30:00,2,RECYCLE,,normal,WATCH,B2026-07-13 11:30:00,cancelled:opposite_leave,,,,,,,,,-10.5,next_choch,2026-07-16 09:15:00,-1796.91,,,,,,
all-data_5m,ST6,-,2026-07-16 10:55:00,up,2026-07-16 09:15:00,A2026-07-15 12:50:00,A,24395.0,24415.0,3,1,650.0,2,780.0,True,True,LEAVE,B2026-07-01 14:00:00,B2026-07-02 11:35:00,20,True,TAKE,TAKE,,leave,,,B2026-07-02 11:35:00,8,ACCEPTED,,normal,,,,,setup_close,2026-07-16 10:55:00,0,,,,,-68.1,stop_loss,2026-07-16 13:25:00,-5540.56,TAKE,2026-07-16 10:55:00,-68.1,stop_loss,2026-07-16 13:25:00,-5540.56
all-data_5m,ST6,-,2026-07-17 10:15:00,up,2026-07-17 09:55:00,B2026-07-02 11:00:00,B,24430.65,24450.65,10,5,14625.0,7,2080.0,True,True,PENDING,,B2026-07-02 13:25:00,12,True,WATCH,REENTER,,,,,,,,,,WATCH_EDGE,B2026-07-02 11:00:00,reenter,watch_edge,reenter_close,2026-07-17 10:20:00,1,19.15,1,1,setup,-45.0,stop_loss,2026-07-17 11:10:00,-4040.27,REENTER,2026-07-17 10:20:00,-35.5,stop_loss,2026-07-17 11:10:00,-3422.74
all-data_5m,ST6,-,2026-07-20 09:25:00,down,2026-07-20 09:20:00,B2026-07-02 11:00:00,B,24430.65,24450.65,13,1,9425.0,7,2080.0,True,True,LEAVE,A2026-07-08 09:55:00,A2026-07-15 12:50:00,2,False,BLOCK,BLOCK,hunt_fade,,,,A2026-07-15 12:50:00,5,RECYCLE,,gap,,,,,,,,,,,,-35.0,stop_loss,2026-07-20 10:15:00,-3389.82,,,,,,
all-data_5m,ST6,-,2026-07-20 15:20:00,up,2026-07-20 15:15:00,B2026-07-08 12:45:00,B,24485.0,24505.0,10,3,3705.0,7,20085.0,True,True,LEAVE,B2026-07-02 13:25:00,B2026-07-08 12:45:00,73,True,BLOCK,BLOCK,clock,,,,B2026-07-08 12:45:00,10,ACCEPTED,,normal,,,,,,,,,,,,-8.9,stop_loss,2026-07-21 09:15:00,-1694.62,,,,,,
all-data_5m,ST6,-,2026-07-21 09:30:00,down,2026-07-21 09:25:00,B2026-07-08 12:45:00,B,24485.0,24505.0,10,6,9620.0,7,20085.0,True,True,PENDING,,B2026-07-02 13:05:00,3,False,BLOCK,BLOCK,hunt_fade,,,,,,,,,,,,,,,,,,,,322.0,next_choch,2026-07-27 11:00:00,19815.29,,,,,,
all-data_5m,ST6,-,2026-07-27 11:15:00,up,2026-07-27 11:00:00,A2026-07-09 09:15:00,A,24141.0,24161.0,7,1,1430.0,1,4875.0,True,True,LEAVE,B2026-07-27 11:05:00,A2026-07-09 09:15:00,24,True,WATCH,WATCH,leave_into_recycle,,leave_into_recycle,,A2026-07-09 09:15:00,7,REJECT,,normal,WATCH,A2026-07-09 09:15:00,armed_expired:back_inside,,,,,,,,,-0.6,next_choch,2026-07-27 12:40:00,-1149.32,,,,,,
all-data_5m,ST6,-,2026-07-27 13:15:00,up,2026-07-27 13:05:00,B2026-07-23 11:40:00,B,24155.2,24175.2,3,2,1690.0,5,6110.0,True,True,LEAVE,A2026-07-09 09:15:00,B2026-07-23 10:25:00,48,False,BLOCK,BLOCK,hunt_fade,,,,B2026-07-23 10:25:00,1,FIRST_PRINT,,normal,,,,,,,,,,,,-19.0,stop_loss,2026-07-27 13:25:00,-2345.66,,,,,,
all-data_5m,ST6,-,2026-07-27 13:30:00,down,2026-07-27 13:25:00,B2026-07-23 11:40:00,B,24155.2,24175.2,3,4,3510.0,5,6110.0,True,True,PENDING,,A2026-07-09 09:15:00,51,True,WATCH,WATCH,,,,,,,,,,WATCH_EDGE,B2026-07-23 11:40:00,armed_expired:back_inside,,,,,,,,,-35.0,stop_loss,2026-07-27 14:00:00,-3385.38,,,,,,
all-data_5m,ST6,-,2026-07-27 14:05:00,up,2026-07-27 14:00:00,B2026-07-23 10:25:00,B,24179.75,24199.75,2,1,1755.0,10,35750.0,True,True,LEAVE,B2026-07-27 13:25:00,B2026-07-23 10:25:00,58,True,WATCH,WATCH,leave_into_recycle,,leave_into_recycle,,B2026-07-23 10:25:00,2,RECYCLE,,normal,WATCH,B2026-07-23 10:25:00,armed_expired:back_inside,,,,,,,,,-7.9,next_choch,2026-07-28 10:05:00,-1624.49,,,,,,
all-data_5m,ST6,-,2026-07-28 10:40:00,up,2026-07-28 10:35:00,A2026-07-01 09:30:00,A,24230.7,24250.7,8,1,1300.0,2,10075.0,True,True,LEAVE,A2026-07-01 09:20:00,A2026-07-01 09:30:00,17,True,WATCH,WATCH,leave_into_recycle,,leave_into_recycle,,A2026-07-01 09:30:00,8,RECYCLE,,normal,WATCH,A2026-07-01 09:30:00,armed_expired:back_inside,,,,,,,,,-2.4,next_choch,2026-07-28 13:10:00,-1267.87,,,,,,
all-data_5m,ST6,-,2026-07-28 13:15:00,down,2026-07-28 13:10:00,B2026-07-28 11:05:00,B,24241.2,24261.2,3,6,12805.0,5,11050.0,True,True,PENDING,,,48,True,BLOCK,BLOCK,hunt_fade,,,,,,,,,,,,,,,,,,,,-0.1,next_choch,2026-07-28 13:50:00,-1118.15,,,,,,
all-data_5m,ST6,-,2026-07-28 15:20:00,up,2026-07-28 15:15:00,B2026-07-14 14:25:00,B,24261.0,24281.0,8,1,9230.0,5,3900.0,True,True,LEAVE,A2026-07-01 09:20:00,B2026-07-14 14:25:00,73,False,BLOCK,BLOCK,clock,,,,B2026-07-14 14:25:00,8,RECYCLE,,normal,,,,,,,,,,,,396.5,next_choch,2026-08-11 11:00:00,24654.57,,,,,,
all-data_5m,ST6,-,2026-08-11 11:05:00,down,2026-08-11 11:00:00,B2026-07-03 10:25:00,B,24651.0,24671.0,6,2,7150.0,18,18525.0,True,True,LEAVE,B2026-07-03 12:10:00,B2026-07-03 10:25:00,22,True,TAKE,TAKE,,leave,,,B2026-07-03 10:25:00,6,ACCEPTED,,normal,,,,,setup_close,2026-08-11 11:05:00,0,,,,,-10.1,next_choch,2026-08-11 11:40:00,-1775.45,TAKE,2026-08-11 11:05:00,-10.1,next_choch,2026-08-11 11:40:00,-1775.45
all-data_5m,ST6,-,2026-08-11 11:45:00,up,2026-08-11 11:40:00,B2026-07-03 10:25:00,B,24651.0,24671.0,6,9,23075.0,18,18525.0,True,True,PENDING,,B2026-07-03 09:45:00,30,True,WATCH,WATCH,,,,,,,,,,WATCH_EDGE,B2026-07-03 10:25:00,armed_expired:back_inside,,,,,,,,,-12.9,stop_loss,2026-08-11 11:50:00,-1957.54,,,,,,
all-data_5m,ST6,-,2026-08-11 12:45:00,up,2026-08-11 12:35:00,B2026-07-03 10:25:00,B,24651.0,24671.0,6,20,46085.0,18,18525.0,True,True,PENDING,,B2026-07-03 09:45:00,42,True,WATCH,WATCH,,,,,,,,,,WATCH_EDGE,B2026-07-03 10:25:00,armed_expired:back_inside,,,,,,,,,1.8,next_choch,2026-08-11 13:55:00,-1002.25,,,,,,
all-data_5m,ST6,-,2026-08-12 09:55:00,down,2026-08-12 09:15:00,,,,,,,,,,True,,LEAVE,B2026-08-04 13:55:00,,8,,TAKE,TAKE,,leave,,,,,,,normal,,,,,setup_close,2026-08-12 09:55:00,0,,,,,39.4,next_choch,2026-08-13 10:50:00,1443.1,TAKE,2026-08-12 09:55:00,39.4,next_choch,2026-08-13 10:50:00,1443.1
all-data_5m,ST6,-,2026-08-13 11:40:00,up,2026-08-13 11:35:00,A2026-08-13 10:10:00,A,24565.0,24585.0,2,2,4875.0,5,11505.0,True,True,LEAVE,B2026-07-08 12:00:00,A2026-08-13 10:10:00,29,True,TAKE,TAKE,,leave,,,A2026-08-13 10:10:00,2,ACCEPTED,,normal,,,,,setup_close,2026-08-13 11:40:00,0,,,,,19.4,next_choch,2026-08-13 13:30:00,143.16,TAKE,2026-08-13 11:40:00,19.4,next_choch,2026-08-13 13:30:00,143.16
all-data_5m,ST6,-,2026-08-13 13:40:00,up,2026-08-13 13:35:00,B2026-08-13 13:10:00,B,24590.9,24610.9,2,6,4355.0,5,8905.0,True,True,PENDING,,B2026-07-03 14:20:00,53,True,WATCH,REENTER,,,,,,,,,,WATCH_EDGE,B2026-08-13 13:10:00,reenter,watch_edge,reenter_close,2026-08-13 13:45:00,1,2.2,1,1,setup,-26.3,stop_loss,2026-08-13 14:45:00,-2827.46,REENTER,2026-08-13 13:45:00,-13.1,band_reclaim,2026-08-13 14:05:00,-1969.51
all-data_5m,ST6,-,2026-08-14 09:25:00,down,2026-08-14 09:15:00,B2026-07-08 12:00:00,B,24534.3,24554.3,9,1,4485.0,5,4940.0,True,True,LEAVE,B2026-08-13 13:10:00,B2026-07-02 15:00:00,2,False,TAKE,TAKE,,leave,,,B2026-07-02 15:00:00,9,ACCEPTED,,gap,,,,,setup_close,2026-08-14 09:25:00,0,,,,,-22.0,next_choch,2026-08-14 10:10:00,-2546.76,TAKE,2026-08-14 09:25:00,-22.0,next_choch,2026-08-14 10:10:00,-2546.76
all-data_5m,ST6,-,2026-08-14 10:55:00,down,2026-08-14 10:30:00,B2026-07-08 12:00:00,B,24534.3,24554.3,10,9,19565.0,5,4940.0,True,True,PENDING,,B2026-07-02 15:00:00,20,False,WATCH,REENTER,,,,,,,,,,WATCH_EDGE,B2026-07-08 12:00:00,reenter,watch_edge,reenter_close,2026-08-14 11:00:00,1,10.8,1,1,setup,-14.6,next_choch,2026-08-14 12:10:00,-2065.58,REENTER,2026-08-14 11:00:00,-7.0,next_choch,2026-08-14 12:10:00,-1571.69
all-data_5m,ST6,-,2026-08-14 12:20:00,up,2026-08-14 12:10:00,B2026-07-08 10:10:00,B,24520.7,24540.7,12,6,5395.0,5,7865.0,True,True,PENDING,,B2026-07-08 12:00:00,37,True,WATCH,WATCH,,,,,,,,,,WATCH_EDGE,B2026-07-08 10:10:00,armed_expired:back_inside,,,,,,,,,-18.1,stop_loss,2026-08-14 12:40:00,-2293.26,,,,,,
all-data_5m,ST6,-,2026-08-14 13:45:00,up,2026-08-14 13:40:00,B2026-07-08 12:00:00,B,24534.3,24554.3,11,10,10335.0,5,4940.0,True,True,PENDING,,A2026-07-08 09:25:00,54,True,WATCH,REENTER,,,,,,,,,,WATCH_EDGE,B2026-07-08 12:00:00,reenter,watch_edge,reenter_close,2026-08-14 13:50:00,1,34.8,1,1,setup,-91.0,stop_loss,2026-08-17 09:15:00,-7031.5,REENTER,2026-08-14 13:50:00,-90.1,stop_loss,2026-08-17 09:15:00,-6972.99
all-data_5m,ST6,-,2026-08-17 09:30:00,down,2026-08-17 09:15:00,B2026-07-08 12:45:00,B,24485.0,24505.0,11,2,15925.0,7,20085.0,True,True,LEAVE,A2026-07-08 09:25:00,B2026-07-02 13:25:00,3,False,TAKE,TAKE,,leave,,,B2026-07-02 13:25:00,15,ACCEPTED,,gap,,,,,setup_close,2026-08-17 09:30:00,0,,,,,-7.9,next_choch,2026-08-17 12:15:00,-1629.4,TAKE,2026-08-17 09:30:00,-7.9,next_choch,2026-08-17 12:15:00,-1629.4
all-data_5m,ST6,-,2026-08-17 12:25:00,up,2026-08-17 12:15:00,B2026-08-17 09:55:00,B,24473.4,24493.4,2,2,4745.0,5,40625.0,True,True,LEAVE,B2026-07-02 13:05:00,B2026-08-17 09:55:00,38,True,TAKE,TAKE,,leave,,,B2026-08-17 09:55:00,2,ACCEPTED,,normal,,,,,setup_close,2026-08-17 12:25:00,0,,,,,-70.4,stop_loss,2026-08-18 09:15:00,-5691.12,TAKE,2026-08-17 12:25:00,-70.4,stop_loss,2026-08-18 09:15:00,-5691.12
all-data_5m,ST6,-,2026-08-18 09:30:00,down,2026-08-18 09:15:00,B2026-07-02 11:35:00,B,24410.0,24430.0,25,3,80535.0,10,3445.0,True,True,PENDING,,A2026-07-15 12:50:00,3,False,WATCH,WATCH,,,,,,,,,,WATCH_EDGE,B2026-07-02 11:35:00,armed_expired:back_inside,,,,,,,,,19.0,next_choch,2026-08-20 10:10:00,120.41,,,,,,
all-data_5m,ST6,-,2026-08-20 11:45:00,up,2026-08-20 11:30:00,B2026-07-01 14:00:00,B,24362.5,24382.5,14,21,628875.0,7,3380.0,True,True,PENDING,,B2026-07-13 11:30:00,30,False,WATCH,WATCH,,,,,,,,,,WATCH_EDGE,B2026-07-01 14:00:00,armed_expired:back_inside,,,,,,,,,0.4,next_choch,2026-08-20 12:35:00,-1088.36,,,,,,
all-data_5m,ST6,-,2026-08-20 12:45:00,up,2026-08-20 12:40:00,B2026-07-13 11:30:00,B,24380.0,24400.0,11,7,199030.0,9,7800.0,True,True,PENDING,,B2026-07-02 11:35:00,42,True,WATCH,REENTER,,,,,,,,,,WATCH_EDGE,B2026-07-13 11:30:00,reenter,watch_edge,reenter_close,2026-08-20 12:50:00,1,31.5,1,1,setup,-9.0,next_choch,2026-08-20 14:15:00,-1699.86,REENTER,2026-08-20 12:50:00,-15.5,next_choch,2026-08-20 14:15:00,-2122.37
all-data_5m,ST6,-,2026-08-20 15:05:00,down,2026-08-20 14:15:00,A2026-07-15 12:50:00,A,24395.0,24415.0,14,2,50830.0,2,780.0,True,True,LEAVE,B2026-07-02 11:35:00,B2026-07-13 11:30:00,70,True,TAKE,TAKE,,leave,,,B2026-07-13 11:30:00,11,ACCEPTED,,normal,,,,,setup_close,2026-08-20 15:05:00,0,,,,,-4.2,stop_loss,2026-08-21 09:15:00,-1387.46,TAKE,2026-08-20 15:05:00,-4.2,stop_loss,2026-08-21 09:15:00,-1387.46
all-data_5m,ST6,-,2026-08-21 09:30:00,down,2026-08-21 09:20:00,B2026-07-13 11:30:00,B,24380.0,24400.0,12,1,39780.0,9,7800.0,True,True,LEAVE,A2026-07-15 12:50:00,B2026-07-01 15:05:00,3,True,TAKE,TAKE,,leave,,,B2026-07-01 15:05:00,6,ACCEPTED,,normal,,,,,setup_close,2026-08-21 09:30:00,0,,,,,-43.0,stop_loss,2026-08-21 09:50:00,-3908.9,TAKE,2026-08-21 09:30:00,-43.0,stop_loss,2026-08-21 09:50:00,-3908.9
all-data_5m,ST6,-,2026-08-21 10:25:00,up,2026-08-21 10:20:00,A2026-07-15 12:50:00,A,24395.0,24415.0,15,1,27365.0,2,780.0,True,True,LEAVE,B2026-07-13 11:30:00,A2026-07-15 12:50:00,14,True,WATCH,WATCH,leave_into_recycle,,leave_into_recycle,,A2026-07-15 12:50:00,15,RECYCLE,,normal,WATCH,A2026-07-15 12:50:00,replaced,,,,,,,,,-10.0,next_choch,2026-08-21 11:40:00,-1764.55,,,,,,
all-data_5m,ST6,-,2026-08-21 11:50:00,down,2026-08-21 11:40:00,A2026-07-15 12:50:00,A,24395.0,24415.0,15,18,336960.0,2,780.0,True,True,ACCEPTED,,A2026-07-15 12:50:00,31,True,WATCH,WATCH,,,accepted_no_defend,,,,,,,WATCH,A2026-07-15 12:50:00,armed_expired:back_inside,,,,,,,,,-12.0,stop_loss,2026-08-21 13:05:00,-1894.5,,,,,,
all-data_5m,ST6,-,2026-08-21 15:20:00,down,2026-08-21 14:55:00,B2026-07-13 11:30:00,B,24380.0,24400.0,15,20,540150.0,9,7800.0,True,True,REJECT,,B2026-07-13 11:30:00,73,True,BLOCK,BLOCK,clock,,,,,,,,,,,,,,,,,,,,-58.7,stop_loss,2026-08-24 09:15:00,-4930.06,,,,,,
all-data_5m,ST6,-,2026-08-24 10:50:00,down,2026-08-24 09:55:00,B2026-08-24 10:15:00,B,24420.5,24440.5,2,3,119145.0,5,197730.0,True,True,PENDING,,B2026-07-02 11:35:00,19,True,WATCH,REENTER,,,,,,,,,,WATCH_EDGE,B2026-08-24 10:15:00,reenter,watch_edge,reenter_close,2026-08-24 10:55:00,1,33.5,1,1,setup,89.9,next_choch,2026-08-25 09:20:00,4728.93,REENTER,2026-08-24 10:55:00,62.0,next_choch,2026-08-25 09:20:00,2915.83
all-data_5m,ST6,-,2026-08-25 09:30:00,up,2026-08-25 09:20:00,B2026-07-09 10:25:00,B,24314.55,24334.55,14,15,958360.0,5,7605.0,True,True,PENDING,,B2026-07-01 11:35:00,3,False,WATCH,WATCH,,,,,,,,,,WATCH_EDGE,B2026-07-09 10:25:00,armed_expired:back_inside,,,,,,,,,-33.4,stop_loss,2026-08-25 09:40:00,-3284.14,,,,,,
all-data_5m,ST6,-,2026-08-25 11:35:00,up,2026-08-25 10:45:00,B2026-07-09 09:45:00,B,24297.25,24317.25,16,3,105235.0,8,30355.0,True,True,LEAVE,B2026-07-09 11:10:00,B2026-07-09 09:45:00,28,True,TAKE,TAKE,,leave,,,B2026-07-09 09:45:00,16,ACCEPTED,,normal,,,,,setup_close,2026-08-25 11:35:00,0,,,,,-23.4,stop_loss,2026-08-25 13:10:00,-2633.74,TAKE,2026-08-25 11:35:00,-23.4,stop_loss,2026-08-25 13:10:00,-2633.74
all-data_5m,ST6,-,2026-08-25 14:30:00,up,2026-08-25 14:25:00,B2026-07-01 15:05:00,B,24347.2,24367.2,8,1,130390.0,5,2015.0,True,True,LEAVE,B2026-07-09 10:25:00,B2026-07-13 11:30:00,63,True,WATCH,WATCH,leave_into_recycle,,leave_into_recycle,,B2026-07-13 11:30:00,16,RECYCLE,,normal,WATCH,B2026-07-13 11:30:00,armed_expired:session_end,,,,,,,,,72.5,next_choch,2026-08-26 12:30:00,3597.14,,,,,,
all-data_5m,ST6,-,2026-08-26 13:05:00,down,2026-08-26 12:30:00,B2026-07-02 11:00:00,B,24430.65,24450.65,30,1,12155.0,7,2080.0,False,True,LEAVE,B2026-07-02 13:05:00,B2026-07-02 11:00:00,46,True,WATCH,WATCH,,,leave_vol_fail,,B2026-07-02 11:00:00,30,RECYCLE,False,normal,WATCH,B2026-07-02 11:00:00,armed_expired:back_inside,,,,,,,,,-20.5,stop_loss,2026-08-26 14:10:00,-2447.8,,,,,,
all-data_5m,ST6,-,2026-08-26 14:45:00,up,2026-08-26 14:10:00,B2026-07-02 13:25:00,B,24460.6,24480.6,19,1,21320.0,17,5330.0,False,True,LEAVE,B2026-07-02 11:00:00,B2026-07-02 13:25:00,66,False,BLOCK,BLOCK,hunt_fade,,,,B2026-07-02 13:25:00,19,RECYCLE,False,normal,,,,,,,,,,,,-20.5,next_choch,2026-08-26 15:20:00,-2447.97,,,,,,
all-data_5m,ST6,-,2026-08-26 15:25:00,down,2026-08-26 15:20:00,B2026-07-02 11:00:00,B,24430.65,24450.65,31,1,48555.0,7,2080.0,False,True,LEAVE,B2026-07-02 13:25:00,B2026-07-02 11:00:00,74,False,BLOCK,BLOCK,clock,,,,B2026-07-02 11:00:00,31,RECYCLE,True,normal,,,,,,,,,,,,64.8,next_choch,2026-08-27 13:10:00,3096.97,,,,,,
all-data_5m,ST6,-,2026-08-27 15:25:00,down,2026-08-27 15:20:00,B2026-07-14 14:25:00,B,24261.0,24281.0,11,1,116415.0,5,3900.0,False,True,LEAVE,B2026-07-09 09:45:00,B2026-07-14 14:25:00,74,False,BLOCK,BLOCK,clock,,,,B2026-07-14 14:25:00,11,RECYCLE,True,normal,,,,,,,,,,,,-42.8,stop_loss,2026-08-28 09:25:00,-3894.46,,,,,,
all-data_5m,ST6,-,2026-08-28 10:10:00,up,2026-08-28 09:40:00,B2026-07-14 12:00:00,B,24325.5,24345.5,6,3,44785.0,5,4550.0,False,True,PENDING,,B2026-07-01 15:05:00,11,False,WATCH,REENTER,,,,,,,,,,WATCH_EDGE,B2026-07-14 12:00:00,reenter,watch_edge,reenter_close,2026-08-28 10:15:00,1,10.1,1,1,setup,-42.9,stop_loss,2026-08-28 11:25:00,-3901.67,REENTER,2026-08-28 10:15:00,-20.7,band_reclaim,2026-08-28 11:05:00,-2459.0
all-data_5m,ST6,-,2026-08-28 11:55:00,down,2026-08-28 11:50:00,B2026-07-28 11:05:00,B,24241.2,24261.2,6,1,82095.0,5,11050.0,False,True,LEAVE,A2026-07-01 11:10:00,B2026-07-28 11:05:00,32,False,WATCH,WATCH,leave_into_recycle,,leave_into_recycle,,B2026-07-28 11:05:00,6,RECYCLE,True,normal,WATCH,B2026-07-28 11:05:00,cancelled:opposite_leave,,,,,,,,,-27.1,stop_loss,2026-08-28 13:15:00,-2873.65,,,,,,
all-data_5m,ST6,-,2026-08-28 14:25:00,up,2026-08-28 14:10:00,A2026-07-01 11:10:00,A,24275.0,24295.0,11,10,122850.0,2,1040.0,False,True,PENDING,,B2026-07-09 11:10:00,62,True,WATCH,WATCH,,,,,,,,,,WATCH_EDGE,A2026-07-01 11:10:00,armed_expired:session_end,,,,,,,,,-1.7,next_choch,2026-08-28 15:00:00,-1223.3,,,,,,
all-data_5m,ST6,-,2026-08-28 15:25:00,up,2026-08-28 15:10:00,B2026-07-01 11:35:00,B,24335.85,24355.85,19,1,75335.0,6,5200.0,False,True,LEAVE,B2026-07-09 10:25:00,B2026-07-01 11:35:00,74,False,BLOCK,BLOCK,clock,,,,B2026-07-01 11:35:00,19,RECYCLE,True,normal,,,,,,,,,,,,-145.4,stop_loss,2026-08-31 09:15:00,-10562.61,,,,,,
all-data_5m,ST6,-,2026-08-31 09:40:00,down,2026-08-31 09:15:00,B2026-07-27 13:25:00,B,24168.5,24188.5,3,1,48620.0,5,6630.0,False,True,LEAVE,B2026-07-22 14:10:00,B2026-07-27 13:25:00,5,False,WATCH,WATCH,,,leave_vol_fail,,B2026-07-27 13:25:00,3,RECYCLE,False,normal,WATCH,B2026-07-27 13:25:00,cancelled:opposite_leave,,,,,,,,,-80.8,stop_loss,2026-08-31 11:50:00,-6363.06,,,,,,
all-data_5m,ST6,-,2026-08-31 13:40:00,down,2026-08-31 13:30:00,B2026-07-14 14:25:00,B,24261.0,24281.0,14,1,6110.0,5,3900.0,False,True,PENDING,,B2026-07-28 11:05:00,53,False,WATCH,WATCH,,,,,,,,,,WATCH_EDGE,B2026-07-14 14:25:00,armed_expired:back_inside,,,,,,,,,-18.0,stop_loss,2026-08-31 14:45:00,-2282.04,,,,,,
all-data_5m,ST6,-,2026-09-01 09:20:00,down,2026-09-01 09:15:00,B2026-07-27 13:25:00,B,24168.5,24188.5,4,1,70460.0,5,6630.0,False,True,LEAVE,B2026-07-28 11:05:00,B2026-07-27 13:25:00,1,False,BLOCK,BLOCK,open_pierce,,,,B2026-07-27 13:25:00,4,RECYCLE,False,gap,,,,,,,,,,,,-36.7,stop_loss,2026-09-01 09:25:00,-3496.27,,,,,,
all-data_5m,ST6,-,2026-09-01 13:00:00,down,2026-09-01 12:55:00,A2026-07-01 09:30:00,A,24230.7,24250.7,17,1,15145.0,2,10075.0,False,True,LEAVE,B2026-07-28 11:05:00,A2026-07-01 09:20:00,45,True,TAKE,TAKE,,leave,,,A2026-07-01 09:20:00,12,ACCEPTED,True,normal,,,,,setup_close,2026-09-01 13:00:00,0,,,,,126.4,next_choch,2026-09-03 09:15:00,7104.9,TAKE,2026-09-01 13:00:00,126.4,next_choch,2026-09-03 09:15:00,7104.9
all-data_5m,ST6,-,2026-09-03 09:35:00,up,2026-09-03 09:15:00,B2026-07-27 11:05:00,B,24123.5,24143.5,2,1,57200.0,6,9490.0,False,True,LEAVE,B2026-09-01 14:55:00,B2026-07-27 11:05:00,4,False,WATCH,WATCH,,,leave_vol_fail,,B2026-07-27 11:05:00,2,RECYCLE,False,normal,WATCH,B2026-07-27 11:05:00,armed_expired:back_inside,,,,,,,,,-44.0,stop_loss,2026-09-03 10:35:00,-3969.29,,,,,,
all-data_5m,ST6,-,2026-09-03 11:00:00,down,2026-09-03 10:55:00,A2026-09-03 10:45:00,A,24061.0,24081.0,1,2,40430.0,2,40430.0,False,False,LEAVE,B2026-09-01 14:55:00,A2026-09-03 10:45:00,21,True,WATCH,WATCH,,,leave_vol_fail,,A2026-09-03 10:45:00,1,FIRST_PRINT,False,normal,WATCH,A2026-09-03 10:45:00,armed_expired:back_inside,,,,,,,,,-19.0,stop_loss,2026-09-03 11:30:00,-2343.9,,,,,,
all-data_5m,ST6,-,2026-09-03 12:20:00,down,2026-09-03 12:15:00,B2026-07-23 13:25:00,B,24032.55,24052.55,8,3,85475.0,7,20020.0,False,True,PENDING,,,37,True,WATCH,REENTER,,,,,,,,,,WATCH_EDGE,B2026-07-23 13:25:00,reenter,watch_edge,reenter_close,2026-09-03 12:25:00,1,5.95,1,1,setup,-29.0,stop_loss,2026-09-03 13:10:00,-2993.14,REENTER,2026-09-03 12:25:00,-22.4,stop_loss,2026-09-03 13:10:00,-2564.23
all-data_5m,ST6,-,2026-09-03 15:25:00,down,2026-09-03 14:55:00,B2026-09-02 13:10:00,B,23996.7,24016.7,5,3,165100.0,5,85865.0,False,False,PENDING,,A2026-09-02 15:10:00,74,True,BLOCK,BLOCK,clock,,,,,,,,,,,,,,,,,,,,-64.7,stop_loss,2026-09-04 09:15:00,-5313.13,,,,,,
all-data_5m,ST6,-,2026-09-04 09:50:00,up,2026-09-04 09:15:00,B2026-07-23 13:25:00,B,24032.55,24052.55,12,5,230880.0,7,20020.0,False,True,PENDING,,A2026-09-03 10:45:00,7,False,WATCH,REENTER,,,,,,,,,,WATCH_EDGE,B2026-07-23 13:25:00,reenter,watch_edge,reenter_close,2026-09-04 09:55:00,1,20.45,1,1,setup,-15.8,next_choch,2026-09-04 12:55:00,-2135.65,REENTER,2026-09-04 09:55:00,-21.0,next_choch,2026-09-04 12:55:00,-2473.66
all-data_5m,ST6,-,2026-09-04 14:25:00,up,2026-09-04 14:10:00,A2026-09-03 10:45:00,A,24061.0,24081.0,7,12,98280.0,2,40430.0,False,False,PENDING,,B2026-09-01 14:55:00,62,True,WATCH,WATCH,,,,,,,,,,WATCH_EDGE,A2026-09-03 10:45:00,armed_expired:back_inside,,,,,,,,,-25.6,stop_loss,2026-09-04 14:35:00,-2772.85,,,,,,
all-data_5m,ST6,-,2026-09-04 15:00:00,down,2026-09-04 14:40:00,A2026-09-03 10:45:00,A,24061.0,24081.0,7,17,158795.0,2,40430.0,False,False,PENDING,,B2026-07-23 13:05:00,69,False,WATCH,REENTER,,,,,,,,,,WATCH_EDGE,A2026-09-03 10:45:00,reenter,watch_edge,reenter_close,2026-09-04 15:05:00,1,4.3,1,1,setup,-12.5,stop_loss,2026-09-04 15:15:00,-1921.23,REENTER,2026-09-04 15:05:00,-13.3,stop_loss,2026-09-04 15:15:00,-1973.22
all-data_5m,ST6,-,2026-09-07 10:10:00,down,2026-09-07 09:55:00,B2026-09-07 09:45:00,B,23930.25,23950.25,2,4,85605.0,5,247585.0,False,False,PENDING,,B2026-07-24 12:10:00,11,False,WATCH,REENTER,,,,,,,,,,WATCH_EDGE,B2026-09-07 09:45:00,reenter,watch_edge,reenter_close,2026-09-07 10:15:00,1,30.05,1,1,setup,2.8,next_choch,2026-09-07 14:00:00,-924.28,REENTER,2026-09-07 10:15:00,-13.8,next_choch,2026-09-07 14:00:00,-2003.04
all-data_5m,ST6,-,2026-09-07 14:35:00,down,2026-09-07 14:30:00,B2026-09-07 12:45:00,B,23873.05,23893.05,3,1,15145.0,5,151125.0,False,False,LEAVE,B2026-09-07 10:35:00,B2026-09-07 12:45:00,64,False,WATCH,WATCH,,,leave_vol_fail,,B2026-09-07 12:45:00,3,THIN,False,normal,WATCH,B2026-09-07 12:45:00,armed_expired:back_inside,,,,,,,,,436.9,next_choch,2026-09-22 09:15:00,27293.9,,,,,,
all-data_5m,ST6,-,2026-09-22 10:10:00,up,2026-09-22 09:40:00,B2026-09-21 14:20:00,B,23449.8,23469.8,1,25,791895.0,25,791895.0,False,False,PENDING,,A2026-09-21 15:25:00,11,True,WATCH,WATCH,,,,,,,,,,WATCH_EDGE,B2026-09-21 14:20:00,armed_expired:back_inside,,,,,,,,,-21.7,stop_loss,2026-09-22 10:20:00,-2508.87,,,,,,
all-data_5m,ST6,-,2026-09-22 10:30:00,down,2026-09-22 10:20:00,B2026-09-21 13:40:00,B,23424.75,23444.75,2,1,86385.0,8,125125.0,False,False,LEAVE,B2026-09-21 14:20:00,B2026-09-21 13:40:00,15,False,WATCH,WATCH,leave_into_recycle,,leave_into_recycle,,B2026-09-21 13:40:00,2,RECYCLE,True,normal,WATCH,B2026-09-21 13:40:00,armed_expired:session_end,,,,,,,,,12.0,next_choch,2026-09-23 09:15:00,-318.02,,,,,,
all-data_5m,ST6,-,2026-09-23 09:50:00,down,2026-09-23 09:45:00,B2026-09-11 12:25:00,B,23396.5,23416.5,13,4,121030.0,11,356590.0,False,False,PENDING,,B2026-09-15 12:00:00,7,False,WATCH,WATCH,,,,,,,,,,WATCH_EDGE,B2026-09-11 12:25:00,armed_expired:back_inside,,,,,,,,,-37.4,stop_loss,2026-09-23 10:15:00,-3528.13,,,,,,
all-data_5m,ST6,-,2026-09-23 10:25:00,up,2026-09-23 10:15:00,B2026-09-15 10:20:00,B,23412.15,23432.15,4,2,55575.0,6,403845.0,False,False,LEAVE,B2026-09-21 10:20:00,B2026-09-15 10:20:00,14,False,WATCH,WATCH,leave_into_recycle,,leave_into_recycle,,B2026-09-15 10:20:00,4,THIN,True,normal,WATCH,B2026-09-15 10:20:00,armed_expired:back_inside,,,,,,,,,19.6,next_choch,2026-09-23 14:45:00,175.77,,,,,,
all-data_5m,ST6,-,2026-09-23 15:00:00,down,2026-09-23 14:45:00,B2026-09-21 15:25:00,B,23435.55,23455.55,4,4,160030.0,5,200395.0,False,False,PENDING,,B2026-09-21 13:40:00,69,True,WATCH,WATCH,,,,,,,,,,WATCH_EDGE,B2026-09-21 15:25:00,armed_expired:back_inside,,,,,,,,,247.5,open,2026-09-25 15:25:00,14990.15,,,,,,
design-period_5m,ST6,-,2026-08-26 13:05:00,down,2026-08-26 12:30:00,B2026-07-02 11:00:00,B,24430.65,24450.65,30,1,12155.0,7,2080.0,False,True,LEAVE,B2026-07-02 13:05:00,B2026-07-02 11:00:00,46,True,WATCH,WATCH,,,leave_vol_fail,,B2026-07-02 11:00:00,30,RECYCLE,False,normal,WATCH,B2026-07-02 11:00:00,armed_expired:back_inside,,,,,,,,,-20.5,stop_loss,2026-08-26 14:10:00,-2447.8,,,,,,
design-period_5m,ST6,-,2026-08-26 14:45:00,up,2026-08-26 14:10:00,B2026-07-02 13:25:00,B,24460.6,24480.6,19,1,21320.0,17,5330.0,False,True,LEAVE,B2026-07-02 11:00:00,B2026-07-02 13:25:00,66,False,BLOCK,BLOCK,hunt_fade,,,,B2026-07-02 13:25:00,19,RECYCLE,False,normal,,,,,,,,,,,,-20.5,next_choch,2026-08-26 15:20:00,-2447.97,,,,,,
design-period_5m,ST6,-,2026-08-26 15:25:00,down,2026-08-26 15:20:00,B2026-07-02 11:00:00,B,24430.65,24450.65,31,1,48555.0,7,2080.0,False,True,LEAVE,B2026-07-02 13:25:00,B2026-07-02 11:00:00,74,False,BLOCK,BLOCK,clock,,,,B2026-07-02 11:00:00,31,RECYCLE,True,normal,,,,,,,,,,,,64.8,next_choch,2026-08-27 13:10:00,3096.97,,,,,,
design-period_5m,ST6,-,2026-08-27 15:25:00,down,2026-08-27 15:20:00,B2026-07-14 14:25:00,B,24261.0,24281.0,11,1,116415.0,5,3900.0,False,True,LEAVE,B2026-07-09 09:45:00,B2026-07-14 14:25:00,74,False,BLOCK,BLOCK,clock,,,,B2026-07-14 14:25:00,11,RECYCLE,True,normal,,,,,,,,,,,,-42.8,stop_loss,2026-08-28 09:25:00,-3894.46,,,,,,
design-period_5m,ST6,-,2026-08-28 10:10:00,up,2026-08-28 09:40:00,B2026-07-14 12:00:00,B,24325.5,24345.5,6,3,44785.0,5,4550.0,False,True,PENDING,,B2026-07-01 15:05:00,11,False,WATCH,REENTER,,,,,,,,,,WATCH_EDGE,B2026-07-14 12:00:00,reenter,watch_edge,reenter_close,2026-08-28 10:15:00,1,10.1,1,1,setup,-42.9,stop_loss,2026-08-28 11:25:00,-3901.67,REENTER,2026-08-28 10:15:00,-20.7,band_reclaim,2026-08-28 11:05:00,-2459.0
design-period_5m,ST6,-,2026-08-28 11:55:00,down,2026-08-28 11:50:00,B2026-07-28 11:05:00,B,24241.2,24261.2,6,1,82095.0,5,11050.0,False,True,LEAVE,A2026-07-01 11:10:00,B2026-07-28 11:05:00,32,False,WATCH,WATCH,leave_into_recycle,,leave_into_recycle,,B2026-07-28 11:05:00,6,RECYCLE,True,normal,WATCH,B2026-07-28 11:05:00,cancelled:opposite_leave,,,,,,,,,-27.1,stop_loss,2026-08-28 13:15:00,-2873.65,,,,,,
design-period_5m,ST6,-,2026-08-28 14:25:00,up,2026-08-28 14:10:00,A2026-07-01 11:10:00,A,24275.0,24295.0,11,10,122850.0,2,1040.0,False,True,PENDING,,B2026-07-09 11:10:00,62,True,WATCH,WATCH,,,,,,,,,,WATCH_EDGE,A2026-07-01 11:10:00,armed_expired:session_end,,,,,,,,,-1.7,next_choch,2026-08-28 15:00:00,-1223.3,,,,,,
design-period_5m,ST6,-,2026-08-28 15:25:00,up,2026-08-28 15:10:00,B2026-07-01 11:35:00,B,24335.85,24355.85,19,1,75335.0,6,5200.0,False,True,LEAVE,B2026-07-09 10:25:00,B2026-07-01 11:35:00,74,False,BLOCK,BLOCK,clock,,,,B2026-07-01 11:35:00,19,RECYCLE,True,normal,,,,,,,,,,,,-145.4,stop_loss,2026-08-31 09:15:00,-10562.61,,,,,,
design-period_5m,ST6,-,2026-08-31 09:40:00,down,2026-08-31 09:15:00,B2026-07-27 13:25:00,B,24168.5,24188.5,3,1,48620.0,5,6630.0,False,True,LEAVE,B2026-07-22 14:10:00,B2026-07-27 13:25:00,5,False,WATCH,WATCH,,,leave_vol_fail,,B2026-07-27 13:25:00,3,RECYCLE,False,normal,WATCH,B2026-07-27 13:25:00,cancelled:opposite_leave,,,,,,,,,-80.8,stop_loss,2026-08-31 11:50:00,-6363.06,,,,,,
design-period_5m,ST6,-,2026-08-31 13:40:00,down,2026-08-31 13:30:00,B2026-07-14 14:25:00,B,24261.0,24281.0,14,1,6110.0,5,3900.0,False,True,PENDING,,B2026-07-28 11:05:00,53,False,WATCH,WATCH,,,,,,,,,,WATCH_EDGE,B2026-07-14 14:25:00,armed_expired:back_inside,,,,,,,,,-18.0,stop_loss,2026-08-31 14:45:00,-2282.04,,,,,,
design-period_5m,ST6,-,2026-09-01 09:20:00,down,2026-09-01 09:15:00,B2026-07-27 13:25:00,B,24168.5,24188.5,4,1,70460.0,5,6630.0,False,True,LEAVE,B2026-07-28 11:05:00,B2026-07-27 13:25:00,1,False,BLOCK,BLOCK,open_pierce,,,,B2026-07-27 13:25:00,4,RECYCLE,False,gap,,,,,,,,,,,,-36.7,stop_loss,2026-09-01 09:25:00,-3496.27,,,,,,
design-period_5m,ST6,-,2026-09-01 13:00:00,down,2026-09-01 12:55:00,A2026-07-01 09:30:00,A,24230.7,24250.7,17,1,15145.0,2,10075.0,False,True,LEAVE,B2026-07-28 11:05:00,A2026-07-01 09:20:00,45,True,TAKE,TAKE,,leave,,,A2026-07-01 09:20:00,12,ACCEPTED,True,normal,,,,,setup_close,2026-09-01 13:00:00,0,,,,,126.4,next_choch,2026-09-03 09:15:00,7104.9,TAKE,2026-09-01 13:00:00,126.4,next_choch,2026-09-03 09:15:00,7104.9
design-period_5m,ST6,-,2026-09-03 09:35:00,up,2026-09-03 09:15:00,B2026-07-27 11:05:00,B,24123.5,24143.5,2,1,57200.0,6,9490.0,False,True,LEAVE,B2026-09-01 14:55:00,B2026-07-27 11:05:00,4,False,WATCH,WATCH,,,leave_vol_fail,,B2026-07-27 11:05:00,2,RECYCLE,False,normal,WATCH,B2026-07-27 11:05:00,armed_expired:back_inside,,,,,,,,,-44.0,stop_loss,2026-09-03 10:35:00,-3969.29,,,,,,
design-period_5m,ST6,-,2026-09-03 11:00:00,down,2026-09-03 10:55:00,A2026-09-03 10:45:00,A,24061.0,24081.0,1,2,40430.0,2,40430.0,False,False,LEAVE,B2026-09-01 14:55:00,A2026-09-03 10:45:00,21,True,WATCH,WATCH,,,leave_vol_fail,,A2026-09-03 10:45:00,1,FIRST_PRINT,False,normal,WATCH,A2026-09-03 10:45:00,armed_expired:back_inside,,,,,,,,,-19.0,stop_loss,2026-09-03 11:30:00,-2343.9,,,,,,
design-period_5m,ST6,-,2026-09-03 12:20:00,down,2026-09-03 12:15:00,B2026-07-23 13:25:00,B,24032.55,24052.55,8,3,85475.0,7,20020.0,False,True,PENDING,,,37,True,WATCH,REENTER,,,,,,,,,,WATCH_EDGE,B2026-07-23 13:25:00,reenter,watch_edge,reenter_close,2026-09-03 12:25:00,1,5.95,1,1,setup,-29.0,stop_loss,2026-09-03 13:10:00,-2993.14,REENTER,2026-09-03 12:25:00,-22.4,stop_loss,2026-09-03 13:10:00,-2564.23
design-period_5m,ST6,-,2026-09-03 15:25:00,down,2026-09-03 14:55:00,B2026-09-02 13:10:00,B,23996.7,24016.7,5,3,165100.0,5,85865.0,False,False,PENDING,,A2026-09-02 15:10:00,74,True,BLOCK,BLOCK,clock,,,,,,,,,,,,,,,,,,,,-64.7,stop_loss,2026-09-04 09:15:00,-5313.13,,,,,,
design-period_5m,ST6,-,2026-09-04 09:50:00,up,2026-09-04 09:15:00,B2026-07-23 13:25:00,B,24032.55,24052.55,12,5,230880.0,7,20020.0,False,True,PENDING,,A2026-09-03 10:45:00,7,False,WATCH,REENTER,,,,,,,,,,WATCH_EDGE,B2026-07-23 13:25:00,reenter,watch_edge,reenter_close,2026-09-04 09:55:00,1,20.45,1,1,setup,-15.8,next_choch,2026-09-04 12:55:00,-2135.65,REENTER,2026-09-04 09:55:00,-21.0,next_choch,2026-09-04 12:55:00,-2473.66
design-period_5m,ST6,-,2026-09-04 14:25:00,up,2026-09-04 14:10:00,A2026-09-03 10:45:00,A,24061.0,24081.0,7,12,98280.0,2,40430.0,False,False,PENDING,,B2026-09-01 14:55:00,62,True,WATCH,WATCH,,,,,,,,,,WATCH_EDGE,A2026-09-03 10:45:00,armed_expired:back_inside,,,,,,,,,-25.6,stop_loss,2026-09-04 14:35:00,-2772.85,,,,,,
design-period_5m,ST6,-,2026-09-04 15:00:00,down,2026-09-04 14:40:00,A2026-09-03 10:45:00,A,24061.0,24081.0,7,17,158795.0,2,40430.0,False,False,PENDING,,B2026-07-23 13:05:00,69,False,WATCH,REENTER,,,,,,,,,,WATCH_EDGE,A2026-09-03 10:45:00,reenter,watch_edge,reenter_close,2026-09-04 15:05:00,1,4.3,1,1,setup,-12.5,stop_loss,2026-09-04 15:15:00,-1921.23,REENTER,2026-09-04 15:05:00,-13.3,stop_loss,2026-09-04 15:15:00,-1973.22
design-period_5m,ST6,-,2026-09-07 10:10:00,down,2026-09-07 09:55:00,B2026-09-07 09:45:00,B,23930.25,23950.25,2,4,85605.0,5,247585.0,False,False,PENDING,,B2026-07-24 12:10:00,11,False,WATCH,REENTER,,,,,,,,,,WATCH_EDGE,B2026-09-07 09:45:00,reenter,watch_edge,reenter_close,2026-09-07 10:15:00,1,30.05,1,1,setup,2.8,next_choch,2026-09-07 14:00:00,-924.28,REENTER,2026-09-07 10:15:00,-13.8,next_choch,2026-09-07 14:00:00,-2003.04
design-period_5m,ST6,-,2026-09-07 14:35:00,down,2026-09-07 14:30:00,B2026-09-07 12:45:00,B,23873.05,23893.05,3,1,15145.0,5,151125.0,False,False,LEAVE,B2026-09-07 10:35:00,B2026-09-07 12:45:00,64,False,WATCH,WATCH,,,leave_vol_fail,,B2026-09-07 12:45:00,3,THIN,False,normal,WATCH,B2026-09-07 12:45:00,armed_expired:back_inside,,,,,,,,,436.9,next_choch,2026-09-22 09:15:00,27293.9,,,,,,
design-period_5m,ST6,-,2026-09-22 10:10:00,up,2026-09-22 09:40:00,B2026-09-21 14:20:00,B,23449.8,23469.8,1,25,791895.0,25,791895.0,False,False,PENDING,,A2026-09-21 15:25:00,11,True,WATCH,WATCH,,,,,,,,,,WATCH_EDGE,B2026-09-21 14:20:00,armed_expired:back_inside,,,,,,,,,-21.7,stop_loss,2026-09-22 10:20:00,-2508.87,,,,,,
design-period_5m,ST6,-,2026-09-22 10:30:00,down,2026-09-22 10:20:00,B2026-09-21 13:40:00,B,23424.75,23444.75,2,1,86385.0,8,125125.0,False,False,LEAVE,B2026-09-21 14:20:00,B2026-09-21 13:40:00,15,False,WATCH,WATCH,leave_into_recycle,,leave_into_recycle,,B2026-09-21 13:40:00,2,RECYCLE,True,normal,WATCH,B2026-09-21 13:40:00,armed_expired:session_end,,,,,,,,,12.0,next_choch,2026-09-23 09:15:00,-318.02,,,,,,
design-period_5m,ST6,-,2026-09-23 09:50:00,down,2026-09-23 09:45:00,B2026-09-11 12:25:00,B,23396.5,23416.5,13,4,121030.0,11,356590.0,False,False,PENDING,,B2026-09-15 12:00:00,7,False,WATCH,WATCH,,,,,,,,,,WATCH_EDGE,B2026-09-11 12:25:00,armed_expired:back_inside,,,,,,,,,-37.4,stop_loss,2026-09-23 10:15:00,-3528.13,,,,,,
design-period_5m,ST6,-,2026-09-23 10:25:00,up,2026-09-23 10:15:00,B2026-09-15 10:20:00,B,23412.15,23432.15,4,2,55575.0,6,403845.0,False,False,LEAVE,B2026-09-21 10:20:00,B2026-09-15 10:20:00,14,False,WATCH,WATCH,leave_into_recycle,,leave_into_recycle,,B2026-09-15 10:20:00,4,THIN,True,normal,WATCH,B2026-09-15 10:20:00,armed_expired:back_inside,,,,,,,,,19.6,next_choch,2026-09-23 14:45:00,175.77,,,,,,
design-period_5m,ST6,-,2026-09-23 15:00:00,down,2026-09-23 14:45:00,B2026-09-21 15:25:00,B,23435.55,23455.55,4,4,160030.0,5,200395.0,False,False,PENDING,,B2026-09-21 13:40:00,69,True,WATCH,WATCH,,,,,,,,,,WATCH_EDGE,B2026-09-21 15:25:00,armed_expired:back_inside,,,,,,,,,247.5,open,2026-09-25 15:25:00,14990.15,,,,,,
unseen-test_5m,ST6,-,2026-07-08 09:35:00,down,2026-07-08 09:30:00,B2026-07-02 15:00:00,B,24510.5,24530.5,2,1,5005.0,10,18265.0,True,True,PENDING,,,4,True,WATCH,WATCH,,,,,,,,,,WATCH_EDGE,B2026-07-02 15:00:00,armed_expired:back_inside,,,,,,,,,-27.8,stop_loss,2026-07-08 09:50:00,-2923.51,,,,,,
unseen-test_5m,ST6,-,2026-07-08 10:40:00,up,2026-07-08 10:35:00,A2026-07-08 09:55:00,A,24550.0,24570.0,1,1,1885.0,1,1885.0,True,True,LEAVE,B2026-07-02 15:00:00,,17,True,TAKE,TAKE,,leave,,,,,,,normal,,,,,setup_close,2026-07-08 10:40:00,0,,,,,-35.0,stop_loss,2026-07-08 11:50:00,-3392.05,TAKE,2026-07-08 10:40:00,-35.0,stop_loss,2026-07-08 11:50:00,-3392.05
unseen-test_5m,ST6,-,2026-07-08 12:20:00,down,2026-07-08 12:10:00,B2026-07-02 15:00:00,B,24510.5,24530.5,4,1,1625.0,10,18265.0,True,True,LEAVE,B2026-07-08 10:10:00,,37,True,TAKE,TAKE,,leave,,,,,,,normal,,,,,setup_close,2026-07-08 12:20:00,0,,,,,-17.0,stop_loss,2026-07-08 13:05:00,-2221.4,TAKE,2026-07-08 12:20:00,-17.0,stop_loss,2026-07-08 13:05:00,-2221.4
unseen-test_5m,ST6,-,2026-07-09 10:40:00,up,2026-07-09 10:00:00,B2026-07-09 09:45:00,B,24297.25,24317.25,2,4,2665.0,8,30355.0,True,True,PENDING,,B2026-07-01 14:00:00,17,False,WATCH,WATCH,,,,,,,,,,WATCH,B2026-07-01 14:00:00,cancelled:opposite_leave,,,,,,,,,-62.6,stop_loss,2026-07-09 10:45:00,-5182.12,,,,,,
unseen-test_5m,ST6,-,2026-07-09 13:45:00,up,2026-07-09 13:35:00,B2026-07-01 11:35:00,B,24335.85,24355.85,9,1,130.0,6,5200.0,True,True,LEAVE,B2026-07-09 10:25:00,B2026-07-01 15:05:00,54,True,TAKE,TAKE,,leave,,,B2026-07-01 15:05:00,1,FIRST_PRINT,,normal,,,,,setup_close,2026-07-09 13:45:00,0,,,,,-28.0,stop_loss,2026-07-09 13:50:00,-2933.44,TAKE,2026-07-09 13:45:00,-28.0,stop_loss,2026-07-09 13:50:00,-2933.44
unseen-test_5m,ST6,-,2026-07-09 14:20:00,down,2026-07-09 14:10:00,B2026-07-09 10:25:00,B,24314.55,24334.55,6,4,975.0,5,7605.0,True,True,PENDING,,B2026-07-09 09:45:00,61,False,WATCH,WATCH,,,,,,,,,,WATCH_EDGE,B2026-07-09 10:25:00,armed_expired:back_inside,,,,,,,,,-29.1,stop_loss,2026-07-09 14:30:00,-3004.48,,,,,,
unseen-test_5m,ST6,-,2026-07-10 09:30:00,up,2026-07-10 09:15:00,B2026-07-02 11:00:00,B,24430.65,24450.65,3,3,25610.0,7,2080.0,True,True,PENDING,,B2026-07-02 13:05:00,3,False,WATCH,REENTER,,,,,,,,,,WATCH_EDGE,B2026-07-02 11:00:00,reenter,watch_edge,reenter_close,2026-07-10 09:35:00,1,9.35,1,1,setup,-158.6,stop_loss,2026-07-13 09:15:00,-11422.22,REENTER,2026-07-10 09:35:00,-24.0,band_reclaim,2026-07-10 11:35:00,-2675.24
unseen-test_5m,ST6,-,2026-07-13 12:00:00,up,2026-07-13 11:50:00,B2026-07-13 11:30:00,B,24380.0,24400.0,1,9,7800.0,9,7800.0,True,True,PENDING,,,33,True,BLOCK,BLOCK,new,,,,,,,,,,,,,,,,,,,,52.7,next_choch,2026-07-13 15:15:00,2310.06,,,,,,
unseen-test_5m,ST6,-,2026-07-13 15:20:00,down,2026-07-13 15:15:00,B2026-07-02 13:05:00,B,24449.8,24469.8,9,2,10010.0,7,1235.0,True,True,LEAVE,B2026-07-08 12:45:00,B2026-07-02 13:05:00,73,True,BLOCK,BLOCK,clock,,,,B2026-07-02 13:05:00,9,HUNT,,normal,,,,,,,,,,,,-24.1,stop_loss,2026-07-13 15:25:00,-2682.14,,,,,,
unseen-test_5m,ST6,-,2026-07-15 11:10:00,down,2026-07-15 10:55:00,B2026-07-02 11:35:00,B,24410.0,24430.0,7,4,1625.0,10,3445.0,True,True,ACCEPTED,,B2026-07-02 11:35:00,23,True,WATCH,WATCH,,,accepted_no_defend,,,,,,,WATCH,B2026-07-02 11:35:00,cancelled:opposite_leave,,,,,,,,,-21.0,stop_loss,2026-07-15 11:30:00,-2479.85,,,,,,
unseen-test_5m,ST6,-,2026-07-15 12:35:00,down,2026-07-15 11:50:00,B2026-07-13 11:30:00,B,24380.0,24400.0,2,1,2405.0,9,7800.0,True,True,LEAVE,B2026-07-02 11:35:00,B2026-07-13 11:30:00,40,False,WATCH,WATCH,leave_into_recycle,,leave_into_recycle,,B2026-07-13 11:30:00,2,RECYCLE,,normal,WATCH,B2026-07-13 11:30:00,cancelled:opposite_leave,,,,,,,,,-10.5,next_choch,2026-07-16 09:15:00,-1796.91,,,,,,
unseen-test_5m,ST6,-,2026-07-16 10:55:00,up,2026-07-16 09:15:00,A2026-07-15 12:50:00,A,24395.0,24415.0,3,1,650.0,2,780.0,True,True,LEAVE,B2026-07-01 14:00:00,B2026-07-02 11:35:00,20,True,TAKE,TAKE,,leave,,,B2026-07-02 11:35:00,8,ACCEPTED,,normal,,,,,setup_close,2026-07-16 10:55:00,0,,,,,-68.1,stop_loss,2026-07-16 13:25:00,-5540.56,TAKE,2026-07-16 10:55:00,-68.1,stop_loss,2026-07-16 13:25:00,-5540.56
unseen-test_5m,ST6,-,2026-07-17 10:15:00,up,2026-07-17 09:55:00,B2026-07-02 11:00:00,B,24430.65,24450.65,10,5,14625.0,7,2080.0,True,True,PENDING,,B2026-07-02 13:25:00,12,True,WATCH,REENTER,,,,,,,,,,WATCH_EDGE,B2026-07-02 11:00:00,reenter,watch_edge,reenter_close,2026-07-17 10:20:00,1,19.15,1,1,setup,-45.0,stop_loss,2026-07-17 11:10:00,-4040.27,REENTER,2026-07-17 10:20:00,-35.5,stop_loss,2026-07-17 11:10:00,-3422.74
unseen-test_5m,ST6,-,2026-07-20 09:25:00,down,2026-07-20 09:20:00,B2026-07-02 11:00:00,B,24430.65,24450.65,13,1,9425.0,7,2080.0,True,True,LEAVE,A2026-07-08 09:55:00,A2026-07-15 12:50:00,2,False,BLOCK,BLOCK,hunt_fade,,,,A2026-07-15 12:50:00,5,RECYCLE,,gap,,,,,,,,,,,,-35.0,stop_loss,2026-07-20 10:15:00,-3389.82,,,,,,
unseen-test_5m,ST6,-,2026-07-20 15:20:00,up,2026-07-20 15:15:00,B2026-07-08 12:45:00,B,24485.0,24505.0,10,3,3705.0,7,20085.0,True,True,LEAVE,B2026-07-02 13:25:00,B2026-07-08 12:45:00,73,True,BLOCK,BLOCK,clock,,,,B2026-07-08 12:45:00,10,ACCEPTED,,normal,,,,,,,,,,,,-8.9,stop_loss,2026-07-21 09:15:00,-1694.62,,,,,,
unseen-test_5m,ST6,-,2026-07-21 09:30:00,down,2026-07-21 09:25:00,B2026-07-08 12:45:00,B,24485.0,24505.0,10,6,9620.0,7,20085.0,True,True,PENDING,,B2026-07-02 13:05:00,3,False,BLOCK,BLOCK,hunt_fade,,,,,,,,,,,,,,,,,,,,322.0,next_choch,2026-07-27 11:00:00,19815.29,,,,,,
unseen-test_5m,ST6,-,2026-07-27 11:15:00,up,2026-07-27 11:00:00,A2026-07-09 09:15:00,A,24141.0,24161.0,7,1,1430.0,1,4875.0,True,True,LEAVE,B2026-07-27 11:05:00,A2026-07-09 09:15:00,24,True,WATCH,WATCH,leave_into_recycle,,leave_into_recycle,,A2026-07-09 09:15:00,7,REJECT,,normal,WATCH,A2026-07-09 09:15:00,armed_expired:back_inside,,,,,,,,,-0.6,next_choch,2026-07-27 12:40:00,-1149.32,,,,,,
unseen-test_5m,ST6,-,2026-07-27 13:15:00,up,2026-07-27 13:05:00,B2026-07-23 11:40:00,B,24155.2,24175.2,3,2,1690.0,5,6110.0,True,True,LEAVE,A2026-07-09 09:15:00,B2026-07-23 10:25:00,48,False,BLOCK,BLOCK,hunt_fade,,,,B2026-07-23 10:25:00,1,FIRST_PRINT,,normal,,,,,,,,,,,,-19.0,stop_loss,2026-07-27 13:25:00,-2345.66,,,,,,
unseen-test_5m,ST6,-,2026-07-27 13:30:00,down,2026-07-27 13:25:00,B2026-07-23 11:40:00,B,24155.2,24175.2,3,4,3510.0,5,6110.0,True,True,PENDING,,A2026-07-09 09:15:00,51,True,WATCH,WATCH,,,,,,,,,,WATCH_EDGE,B2026-07-23 11:40:00,armed_expired:back_inside,,,,,,,,,-35.0,stop_loss,2026-07-27 14:00:00,-3385.38,,,,,,
unseen-test_5m,ST6,-,2026-07-27 14:05:00,up,2026-07-27 14:00:00,B2026-07-23 10:25:00,B,24179.75,24199.75,2,1,1755.0,10,35750.0,True,True,LEAVE,B2026-07-27 13:25:00,B2026-07-23 10:25:00,58,True,WATCH,WATCH,leave_into_recycle,,leave_into_recycle,,B2026-07-23 10:25:00,2,RECYCLE,,normal,WATCH,B2026-07-23 10:25:00,armed_expired:back_inside,,,,,,,,,-7.9,next_choch,2026-07-28 10:05:00,-1624.49,,,,,,
unseen-test_5m,ST6,-,2026-07-28 10:40:00,up,2026-07-28 10:35:00,A2026-07-01 09:30:00,A,24230.7,24250.7,8,1,1300.0,2,10075.0,True,True,LEAVE,A2026-07-01 09:20:00,A2026-07-01 09:30:00,17,True,WATCH,WATCH,leave_into_recycle,,leave_into_recycle,,A2026-07-01 09:30:00,8,RECYCLE,,normal,WATCH,A2026-07-01 09:30:00,armed_expired:back_inside,,,,,,,,,-2.4,next_choch,2026-07-28 13:10:00,-1267.87,,,,,,
unseen-test_5m,ST6,-,2026-07-28 13:15:00,down,2026-07-28 13:10:00,B2026-07-28 11:05:00,B,24241.2,24261.2,3,6,12805.0,5,11050.0,True,True,PENDING,,,48,True,BLOCK,BLOCK,hunt_fade,,,,,,,,,,,,,,,,,,,,-0.1,next_choch,2026-07-28 13:50:00,-1118.15,,,,,,
unseen-test_5m,ST6,-,2026-07-28 15:20:00,up,2026-07-28 15:15:00,B2026-07-14 14:25:00,B,24261.0,24281.0,8,1,9230.0,5,3900.0,True,True,LEAVE,A2026-07-01 09:20:00,B2026-07-14 14:25:00,73,False,BLOCK,BLOCK,clock,,,,B2026-07-14 14:25:00,8,RECYCLE,,normal,,,,,,,,,,,,396.5,next_choch,2026-08-11 11:00:00,24654.57,,,,,,
unseen-test_5m,ST6,-,2026-08-11 11:05:00,down,2026-08-11 11:00:00,B2026-07-03 10:25:00,B,24651.0,24671.0,6,2,7150.0,18,18525.0,True,True,LEAVE,B2026-07-03 12:10:00,B2026-07-03 10:25:00,22,True,TAKE,TAKE,,leave,,,B2026-07-03 10:25:00,6,ACCEPTED,,normal,,,,,setup_close,2026-08-11 11:05:00,0,,,,,-10.1,next_choch,2026-08-11 11:40:00,-1775.45,TAKE,2026-08-11 11:05:00,-10.1,next_choch,2026-08-11 11:40:00,-1775.45
unseen-test_5m,ST6,-,2026-08-11 11:45:00,up,2026-08-11 11:40:00,B2026-07-03 10:25:00,B,24651.0,24671.0,6,9,23075.0,18,18525.0,True,True,PENDING,,B2026-07-03 09:45:00,30,True,WATCH,WATCH,,,,,,,,,,WATCH_EDGE,B2026-07-03 10:25:00,armed_expired:back_inside,,,,,,,,,-12.9,stop_loss,2026-08-11 11:50:00,-1957.54,,,,,,
unseen-test_5m,ST6,-,2026-08-11 12:45:00,up,2026-08-11 12:35:00,B2026-07-03 10:25:00,B,24651.0,24671.0,6,20,46085.0,18,18525.0,True,True,PENDING,,B2026-07-03 09:45:00,42,True,WATCH,WATCH,,,,,,,,,,WATCH_EDGE,B2026-07-03 10:25:00,armed_expired:back_inside,,,,,,,,,1.8,next_choch,2026-08-11 13:55:00,-1002.25,,,,,,
unseen-test_5m,ST6,-,2026-08-12 09:55:00,down,2026-08-12 09:15:00,,,,,,,,,,True,,LEAVE,B2026-08-04 13:55:00,,8,,TAKE,TAKE,,leave,,,,,,,normal,,,,,setup_close,2026-08-12 09:55:00,0,,,,,39.4,next_choch,2026-08-13 10:50:00,1443.1,TAKE,2026-08-12 09:55:00,39.4,next_choch,2026-08-13 10:50:00,1443.1
unseen-test_5m,ST6,-,2026-08-13 11:40:00,up,2026-08-13 11:35:00,A2026-08-13 10:10:00,A,24565.0,24585.0,2,2,4875.0,5,11505.0,True,True,LEAVE,B2026-07-08 12:00:00,A2026-08-13 10:10:00,29,True,TAKE,TAKE,,leave,,,A2026-08-13 10:10:00,2,ACCEPTED,,normal,,,,,setup_close,2026-08-13 11:40:00,0,,,,,19.4,next_choch,2026-08-13 13:30:00,143.16,TAKE,2026-08-13 11:40:00,19.4,next_choch,2026-08-13 13:30:00,143.16
unseen-test_5m,ST6,-,2026-08-13 13:40:00,up,2026-08-13 13:35:00,B2026-08-13 13:10:00,B,24590.9,24610.9,2,6,4355.0,5,8905.0,True,True,PENDING,,B2026-07-03 14:20:00,53,True,WATCH,REENTER,,,,,,,,,,WATCH_EDGE,B2026-08-13 13:10:00,reenter,watch_edge,reenter_close,2026-08-13 13:45:00,1,2.2,1,1,setup,-26.3,stop_loss,2026-08-13 14:45:00,-2827.46,REENTER,2026-08-13 13:45:00,-13.1,band_reclaim,2026-08-13 14:05:00,-1969.51
unseen-test_5m,ST6,-,2026-08-14 09:25:00,down,2026-08-14 09:15:00,B2026-07-08 12:00:00,B,24534.3,24554.3,9,1,4485.0,5,4940.0,True,True,LEAVE,B2026-08-13 13:10:00,B2026-07-02 15:00:00,2,False,TAKE,TAKE,,leave,,,B2026-07-02 15:00:00,9,ACCEPTED,,gap,,,,,setup_close,2026-08-14 09:25:00,0,,,,,-22.0,next_choch,2026-08-14 10:10:00,-2546.76,TAKE,2026-08-14 09:25:00,-22.0,next_choch,2026-08-14 10:10:00,-2546.76
unseen-test_5m,ST6,-,2026-08-14 10:55:00,down,2026-08-14 10:30:00,B2026-07-08 12:00:00,B,24534.3,24554.3,10,9,19565.0,5,4940.0,True,True,PENDING,,B2026-07-02 15:00:00,20,False,WATCH,REENTER,,,,,,,,,,WATCH_EDGE,B2026-07-08 12:00:00,reenter,watch_edge,reenter_close,2026-08-14 11:00:00,1,10.8,1,1,setup,-14.6,next_choch,2026-08-14 12:10:00,-2065.58,REENTER,2026-08-14 11:00:00,-7.0,next_choch,2026-08-14 12:10:00,-1571.69
unseen-test_5m,ST6,-,2026-08-14 12:20:00,up,2026-08-14 12:10:00,B2026-07-08 10:10:00,B,24520.7,24540.7,12,6,5395.0,5,7865.0,True,True,PENDING,,B2026-07-08 12:00:00,37,True,WATCH,WATCH,,,,,,,,,,WATCH_EDGE,B2026-07-08 10:10:00,armed_expired:back_inside,,,,,,,,,-18.1,stop_loss,2026-08-14 12:40:00,-2293.26,,,,,,
unseen-test_5m,ST6,-,2026-08-14 13:45:00,up,2026-08-14 13:40:00,B2026-07-08 12:00:00,B,24534.3,24554.3,11,10,10335.0,5,4940.0,True,True,PENDING,,A2026-07-08 09:25:00,54,True,WATCH,REENTER,,,,,,,,,,WATCH_EDGE,B2026-07-08 12:00:00,reenter,watch_edge,reenter_close,2026-08-14 13:50:00,1,34.8,1,1,setup,-91.0,stop_loss,2026-08-17 09:15:00,-7031.5,REENTER,2026-08-14 13:50:00,-90.1,stop_loss,2026-08-17 09:15:00,-6972.99
unseen-test_5m,ST6,-,2026-08-17 09:30:00,down,2026-08-17 09:15:00,B2026-07-08 12:45:00,B,24485.0,24505.0,11,2,15925.0,7,20085.0,True,True,LEAVE,A2026-07-08 09:25:00,B2026-07-02 13:25:00,3,False,TAKE,TAKE,,leave,,,B2026-07-02 13:25:00,15,ACCEPTED,,gap,,,,,setup_close,2026-08-17 09:30:00,0,,,,,-7.9,next_choch,2026-08-17 12:15:00,-1629.4,TAKE,2026-08-17 09:30:00,-7.9,next_choch,2026-08-17 12:15:00,-1629.4
unseen-test_5m,ST6,-,2026-08-17 12:25:00,up,2026-08-17 12:15:00,B2026-08-17 09:55:00,B,24473.4,24493.4,2,2,4745.0,5,40625.0,True,True,LEAVE,B2026-07-02 13:05:00,B2026-08-17 09:55:00,38,True,TAKE,TAKE,,leave,,,B2026-08-17 09:55:00,2,ACCEPTED,,normal,,,,,setup_close,2026-08-17 12:25:00,0,,,,,-70.4,stop_loss,2026-08-18 09:15:00,-5691.12,TAKE,2026-08-17 12:25:00,-70.4,stop_loss,2026-08-18 09:15:00,-5691.12
unseen-test_5m,ST6,-,2026-08-18 09:30:00,down,2026-08-18 09:15:00,B2026-07-02 11:35:00,B,24410.0,24430.0,25,3,80535.0,10,3445.0,True,True,PENDING,,A2026-07-15 12:50:00,3,False,WATCH,WATCH,,,,,,,,,,WATCH_EDGE,B2026-07-02 11:35:00,armed_expired:back_inside,,,,,,,,,19.0,next_choch,2026-08-20 10:10:00,120.41,,,,,,
unseen-test_5m,ST6,-,2026-08-20 11:45:00,up,2026-08-20 11:30:00,B2026-07-01 14:00:00,B,24362.5,24382.5,14,21,628875.0,7,3380.0,True,True,PENDING,,B2026-07-13 11:30:00,30,False,WATCH,WATCH,,,,,,,,,,WATCH_EDGE,B2026-07-01 14:00:00,armed_expired:back_inside,,,,,,,,,0.4,next_choch,2026-08-20 12:35:00,-1088.36,,,,,,
unseen-test_5m,ST6,-,2026-08-20 12:45:00,up,2026-08-20 12:40:00,B2026-07-13 11:30:00,B,24380.0,24400.0,11,7,199030.0,9,7800.0,True,True,PENDING,,B2026-07-02 11:35:00,42,True,WATCH,REENTER,,,,,,,,,,WATCH_EDGE,B2026-07-13 11:30:00,reenter,watch_edge,reenter_close,2026-08-20 12:50:00,1,31.5,1,1,setup,-9.0,next_choch,2026-08-20 14:15:00,-1699.86,REENTER,2026-08-20 12:50:00,-15.5,next_choch,2026-08-20 14:15:00,-2122.37
unseen-test_5m,ST6,-,2026-08-20 15:05:00,down,2026-08-20 14:15:00,A2026-07-15 12:50:00,A,24395.0,24415.0,14,2,50830.0,2,780.0,True,True,LEAVE,B2026-07-02 11:35:00,B2026-07-13 11:30:00,70,True,TAKE,TAKE,,leave,,,B2026-07-13 11:30:00,11,ACCEPTED,,normal,,,,,setup_close,2026-08-20 15:05:00,0,,,,,-4.2,stop_loss,2026-08-21 09:15:00,-1387.46,TAKE,2026-08-20 15:05:00,-4.2,stop_loss,2026-08-21 09:15:00,-1387.46
unseen-test_5m,ST6,-,2026-08-21 09:30:00,down,2026-08-21 09:20:00,B2026-07-13 11:30:00,B,24380.0,24400.0,12,1,39780.0,9,7800.0,True,True,LEAVE,A2026-07-15 12:50:00,B2026-07-01 15:05:00,3,True,TAKE,TAKE,,leave,,,B2026-07-01 15:05:00,6,ACCEPTED,,normal,,,,,setup_close,2026-08-21 09:30:00,0,,,,,-43.0,stop_loss,2026-08-21 09:50:00,-3908.9,TAKE,2026-08-21 09:30:00,-43.0,stop_loss,2026-08-21 09:50:00,-3908.9
unseen-test_5m,ST6,-,2026-08-21 10:25:00,up,2026-08-21 10:20:00,A2026-07-15 12:50:00,A,24395.0,24415.0,15,1,27365.0,2,780.0,True,True,LEAVE,B2026-07-13 11:30:00,A2026-07-15 12:50:00,14,True,WATCH,WATCH,leave_into_recycle,,leave_into_recycle,,A2026-07-15 12:50:00,15,RECYCLE,,normal,WATCH,A2026-07-15 12:50:00,replaced,,,,,,,,,-10.0,next_choch,2026-08-21 11:40:00,-1764.55,,,,,,
unseen-test_5m,ST6,-,2026-08-21 11:50:00,down,2026-08-21 11:40:00,A2026-07-15 12:50:00,A,24395.0,24415.0,15,18,336960.0,2,780.0,True,True,ACCEPTED,,A2026-07-15 12:50:00,31,True,WATCH,WATCH,,,accepted_no_defend,,,,,,,WATCH,A2026-07-15 12:50:00,armed_expired:back_inside,,,,,,,,,-12.0,stop_loss,2026-08-21 13:05:00,-1894.5,,,,,,
unseen-test_5m,ST6,-,2026-08-21 15:20:00,down,2026-08-21 14:55:00,B2026-07-13 11:30:00,B,24380.0,24400.0,15,20,540150.0,9,7800.0,True,True,REJECT,,B2026-07-13 11:30:00,73,True,BLOCK,BLOCK,clock,,,,,,,,,,,,,,,,,,,,-58.7,stop_loss,2026-08-24 09:15:00,-4930.06,,,,,,
unseen-test_5m,ST6,-,2026-08-24 10:50:00,down,2026-08-24 09:55:00,B2026-08-24 10:15:00,B,24420.5,24440.5,2,3,119145.0,5,197730.0,True,True,PENDING,,B2026-07-02 11:35:00,19,True,WATCH,REENTER,,,,,,,,,,WATCH_EDGE,B2026-08-24 10:15:00,reenter,watch_edge,reenter_close,2026-08-24 10:55:00,1,33.5,1,1,setup,89.9,next_choch,2026-08-25 09:20:00,4728.93,REENTER,2026-08-24 10:55:00,62.0,next_choch,2026-08-25 09:20:00,2915.83
unseen-test_5m,ST6,-,2026-08-25 09:30:00,up,2026-08-25 09:20:00,B2026-07-09 10:25:00,B,24314.55,24334.55,14,15,958360.0,5,7605.0,True,True,PENDING,,B2026-07-01 11:35:00,3,False,WATCH,WATCH,,,,,,,,,,WATCH_EDGE,B2026-07-09 10:25:00,armed_expired:back_inside,,,,,,,,,-33.4,stop_loss,2026-08-25 09:40:00,-3284.14,,,,,,
unseen-test_5m,ST6,-,2026-08-25 11:35:00,up,2026-08-25 10:45:00,B2026-07-09 09:45:00,B,24297.25,24317.25,16,3,105235.0,8,30355.0,True,True,LEAVE,B2026-07-09 11:10:00,B2026-07-09 09:45:00,28,True,TAKE,TAKE,,leave,,,B2026-07-09 09:45:00,16,ACCEPTED,,normal,,,,,setup_close,2026-08-25 11:35:00,0,,,,,-23.4,stop_loss,2026-08-25 13:10:00,-2633.74,TAKE,2026-08-25 11:35:00,-23.4,stop_loss,2026-08-25 13:10:00,-2633.74
unseen-test_5m,ST6,-,2026-08-25 14:30:00,up,2026-08-25 14:25:00,B2026-07-01 15:05:00,B,24347.2,24367.2,8,1,130390.0,5,2015.0,True,True,LEAVE,B2026-07-09 10:25:00,B2026-07-13 11:30:00,63,True,WATCH,WATCH,leave_into_recycle,,leave_into_recycle,,B2026-07-13 11:30:00,16,RECYCLE,,normal,WATCH,B2026-07-13 11:30:00,active,,,,,,,,,94.2,open,2026-08-25 15:25:00,5007.33,,,,,,
1m_5m,ST6,-,2026-08-26 13:05:00,down,2026-08-26 12:30:00,B2026-07-02 11:00:00,B,24430.65,24450.65,30,1,12155.0,7,2080.0,False,True,LEAVE,B2026-07-02 13:05:00,B2026-07-02 11:00:00,46,True,WATCH,WATCH,,,leave_vol_fail,,B2026-07-02 11:00:00,30,RECYCLE,False,normal,WATCH,B2026-07-02 11:00:00,armed_expired:back_inside,,,,,,,,,-20.5,stop_loss,2026-08-26 14:10:00,-2447.8,,,,,,
1m_5m,ST6,-,2026-08-26 14:45:00,up,2026-08-26 14:10:00,B2026-07-02 13:25:00,B,24460.6,24480.6,19,1,21320.0,17,5330.0,False,True,LEAVE,B2026-07-02 11:00:00,B2026-07-02 13:25:00,66,False,BLOCK,BLOCK,hunt_fade,,,,B2026-07-02 13:25:00,19,RECYCLE,False,normal,,,,,,,,,,,,-20.5,next_choch,2026-08-26 15:20:00,-2447.97,,,,,,
1m_5m,ST6,-,2026-08-26 15:25:00,down,2026-08-26 15:20:00,B2026-07-02 11:00:00,B,24430.65,24450.65,31,1,48555.0,7,2080.0,False,True,LEAVE,B2026-07-02 13:25:00,B2026-07-02 11:00:00,74,False,BLOCK,BLOCK,clock,,,,B2026-07-02 11:00:00,31,RECYCLE,True,normal,,,,,,,,,,,,64.8,next_choch,2026-08-27 13:10:00,3096.97,,,,,,
1m_5m,ST6,-,2026-08-27 15:25:00,down,2026-08-27 15:20:00,B2026-07-14 14:25:00,B,24261.0,24281.0,11,1,116415.0,5,3900.0,False,True,LEAVE,B2026-07-09 09:45:00,B2026-07-14 14:25:00,74,False,BLOCK,BLOCK,clock,,,,B2026-07-14 14:25:00,11,RECYCLE,True,normal,,,,,,,,,,,,-42.8,stop_loss,2026-08-28 09:25:00,-3894.46,,,,,,
1m_5m,ST6,-,2026-08-28 10:10:00,up,2026-08-28 09:40:00,B2026-07-14 12:00:00,B,24325.5,24345.5,6,3,44785.0,5,4550.0,False,True,PENDING,,B2026-07-01 15:05:00,11,False,WATCH,REENTER,,,,,,,,,,WATCH_EDGE,B2026-07-14 12:00:00,reenter,watch_edge,reenter_close,2026-08-28 10:15:00,1,10.1,1,1,setup,-42.9,stop_loss,2026-08-28 11:25:00,-3901.67,REENTER,2026-08-28 10:15:00,-20.7,band_reclaim,2026-08-28 11:05:00,-2459.0
1m_5m,ST6,-,2026-08-28 11:55:00,down,2026-08-28 11:50:00,B2026-07-28 11:05:00,B,24241.2,24261.2,6,1,82095.0,5,11050.0,False,True,LEAVE,A2026-07-01 11:10:00,B2026-07-28 11:05:00,32,False,WATCH,WATCH,leave_into_recycle,,leave_into_recycle,,B2026-07-28 11:05:00,6,RECYCLE,True,normal,WATCH,B2026-07-28 11:05:00,cancelled:opposite_leave,,,,,,,,,-27.1,stop_loss,2026-08-28 13:15:00,-2873.65,,,,,,
1m_5m,ST6,-,2026-08-28 14:25:00,up,2026-08-28 14:10:00,A2026-07-01 11:10:00,A,24275.0,24295.0,11,10,122850.0,2,1040.0,False,True,PENDING,,B2026-07-09 11:10:00,62,True,WATCH,WATCH,,,,,,,,,,WATCH_EDGE,A2026-07-01 11:10:00,armed_expired:session_end,,,,,,,,,-1.7,next_choch,2026-08-28 15:00:00,-1223.3,,,,,,
1m_5m,ST6,-,2026-08-28 15:25:00,up,2026-08-28 15:10:00,B2026-07-01 11:35:00,B,24335.85,24355.85,19,1,75335.0,6,5200.0,False,True,LEAVE,B2026-07-09 10:25:00,B2026-07-01 11:35:00,74,False,BLOCK,BLOCK,clock,,,,B2026-07-01 11:35:00,19,RECYCLE,True,normal,,,,,,,,,,,,-145.4,stop_loss,2026-08-31 09:15:00,-10562.61,,,,,,
1m_5m,ST6,-,2026-08-31 09:40:00,down,2026-08-31 09:15:00,B2026-07-27 13:25:00,B,24168.5,24188.5,3,1,48620.0,5,6630.0,False,True,LEAVE,B2026-07-22 14:10:00,B2026-07-27 13:25:00,5,False,WATCH,WATCH,,,leave_vol_fail,,B2026-07-27 13:25:00,3,RECYCLE,False,normal,WATCH,B2026-07-27 13:25:00,cancelled:opposite_leave,,,,,,,,,-80.8,stop_loss,2026-08-31 11:50:00,-6363.06,,,,,,
1m_5m,ST6,-,2026-08-31 13:40:00,down,2026-08-31 13:30:00,B2026-07-14 14:25:00,B,24261.0,24281.0,14,1,6110.0,5,3900.0,False,True,PENDING,,B2026-07-28 11:05:00,53,False,WATCH,WATCH,,,,,,,,,,WATCH_EDGE,B2026-07-14 14:25:00,armed_expired:back_inside,,,,,,,,,-18.0,stop_loss,2026-08-31 14:45:00,-2282.04,,,,,,
1m_5m,ST6,-,2026-09-01 09:20:00,down,2026-09-01 09:15:00,B2026-07-27 13:25:00,B,24168.5,24188.5,4,1,70460.0,5,6630.0,False,True,LEAVE,B2026-07-28 11:05:00,B2026-07-27 13:25:00,1,False,BLOCK,BLOCK,open_pierce,,,,B2026-07-27 13:25:00,4,RECYCLE,False,gap,,,,,,,,,,,,-36.7,stop_loss,2026-09-01 09:25:00,-3496.27,,,,,,
1m_5m,ST6,-,2026-09-01 13:00:00,down,2026-09-01 12:55:00,A2026-07-01 09:30:00,A,24230.7,24250.7,17,1,15145.0,2,10075.0,False,True,LEAVE,B2026-07-28 11:05:00,A2026-07-01 09:20:00,45,True,TAKE,TAKE,,leave,,,A2026-07-01 09:20:00,12,ACCEPTED,True,normal,,,,,setup_close,2026-09-01 13:00:00,0,,,,,126.4,next_choch,2026-09-03 09:15:00,7104.9,TAKE,2026-09-01 13:00:00,126.4,next_choch,2026-09-03 09:15:00,7104.9
1m_5m,ST6,-,2026-09-03 09:35:00,up,2026-09-03 09:15:00,B2026-07-27 11:05:00,B,24123.5,24143.5,2,1,57200.0,6,9490.0,False,True,LEAVE,B2026-09-01 14:55:00,B2026-07-27 11:05:00,4,False,WATCH,WATCH,,,leave_vol_fail,,B2026-07-27 11:05:00,2,RECYCLE,False,normal,WATCH,B2026-07-27 11:05:00,armed_expired:back_inside,,,,,,,,,-44.0,stop_loss,2026-09-03 10:35:00,-3969.29,,,,,,
1m_5m,ST6,-,2026-09-03 11:00:00,down,2026-09-03 10:55:00,A2026-09-03 10:45:00,A,24061.0,24081.0,1,2,40430.0,2,40430.0,False,False,LEAVE,B2026-09-01 14:55:00,A2026-09-03 10:45:00,21,True,WATCH,WATCH,,,leave_vol_fail,,A2026-09-03 10:45:00,1,FIRST_PRINT,False,normal,WATCH,A2026-09-03 10:45:00,armed_expired:back_inside,,,,,,,,,-19.0,stop_loss,2026-09-03 11:30:00,-2343.9,,,,,,
1m_5m,ST6,-,2026-09-03 12:20:00,down,2026-09-03 12:15:00,B2026-07-23 13:25:00,B,24032.55,24052.55,8,3,85475.0,7,20020.0,False,True,PENDING,,,37,True,WATCH,REENTER,,,,,,,,,,WATCH_EDGE,B2026-07-23 13:25:00,reenter,watch_edge,reenter_close,2026-09-03 12:25:00,1,5.95,1,1,setup,-29.0,stop_loss,2026-09-03 13:10:00,-2993.14,REENTER,2026-09-03 12:25:00,-22.4,stop_loss,2026-09-03 13:10:00,-2564.23
1m_5m,ST6,-,2026-09-03 15:25:00,down,2026-09-03 14:55:00,B2026-09-02 13:10:00,B,23996.7,24016.7,5,3,165100.0,5,85865.0,False,False,PENDING,,A2026-09-02 15:10:00,74,True,BLOCK,BLOCK,clock,,,,,,,,,,,,,,,,,,,,-64.7,stop_loss,2026-09-04 09:15:00,-5313.13,,,,,,
1m_5m,ST6,-,2026-09-04 09:50:00,up,2026-09-04 09:15:00,B2026-07-23 13:25:00,B,24032.55,24052.55,12,5,230880.0,7,20020.0,False,True,PENDING,,A2026-09-03 10:45:00,7,False,WATCH,REENTER,,,,,,,,,,WATCH_EDGE,B2026-07-23 13:25:00,reenter,watch_edge,reenter_close,2026-09-04 09:55:00,1,20.45,1,1,setup,-15.8,next_choch,2026-09-04 12:55:00,-2135.65,REENTER,2026-09-04 09:55:00,-21.0,next_choch,2026-09-04 12:55:00,-2473.66
1m_5m,ST6,-,2026-09-04 14:25:00,up,2026-09-04 14:10:00,A2026-09-03 10:45:00,A,24061.0,24081.0,7,12,98280.0,2,40430.0,False,False,PENDING,,B2026-09-01 14:55:00,62,True,WATCH,WATCH,,,,,,,,,,WATCH_EDGE,A2026-09-03 10:45:00,armed_expired:back_inside,,,,,,,,,-25.6,stop_loss,2026-09-04 14:35:00,-2772.85,,,,,,
1m_5m,ST6,-,2026-09-04 15:00:00,down,2026-09-04 14:40:00,A2026-09-03 10:45:00,A,24061.0,24081.0,7,17,158795.0,2,40430.0,False,False,PENDING,,B2026-07-23 13:05:00,69,False,WATCH,REENTER,,,,,,,,,,WATCH_EDGE,A2026-09-03 10:45:00,reenter,watch_edge,reenter_close,2026-09-04 15:05:00,1,4.3,1,1,setup,-12.5,stop_loss,2026-09-04 15:15:00,-1921.23,REENTER,2026-09-04 15:05:00,-13.3,stop_loss,2026-09-04 15:15:00,-1973.22
1m_5m,ST6,-,2026-09-07 10:10:00,down,2026-09-07 09:55:00,B2026-09-07 09:45:00,B,23930.25,23950.25,2,4,85605.0,5,247585.0,False,False,PENDING,,B2026-07-24 12:10:00,11,False,WATCH,REENTER,,,,,,,,,,WATCH_EDGE,B2026-09-07 09:45:00,reenter,watch_edge,reenter_close,2026-09-07 10:15:00,1,30.05,1,1,setup,2.8,next_choch,2026-09-07 14:00:00,-924.28,REENTER,2026-09-07 10:15:00,-13.8,next_choch,2026-09-07 14:00:00,-2003.04
1m_5m,ST6,-,2026-09-07 14:35:00,down,2026-09-07 14:30:00,B2026-09-07 12:45:00,B,23873.05,23893.05,3,1,15145.0,5,151125.0,False,False,LEAVE,B2026-09-07 10:35:00,B2026-09-07 12:45:00,64,False,WATCH,WATCH,,,leave_vol_fail,,B2026-09-07 12:45:00,3,THIN,False,normal,WATCH,B2026-09-07 12:45:00,armed_expired:back_inside,,,,,,,,,436.9,next_choch,2026-09-22 09:15:00,27293.9,,,,,,
1m_5m,ST6,-,2026-09-22 10:10:00,up,2026-09-22 09:40:00,B2026-09-21 14:20:00,B,23449.8,23469.8,1,25,791895.0,25,791895.0,False,False,PENDING,,A2026-09-21 15:25:00,11,True,WATCH,WATCH,,,,,,,,,,WATCH_EDGE,B2026-09-21 14:20:00,armed_expired:back_inside,,,,,,,,,-21.7,stop_loss,2026-09-22 10:20:00,-2508.87,,,,,,
1m_5m,ST6,-,2026-09-22 10:30:00,down,2026-09-22 10:20:00,B2026-09-21 13:40:00,B,23424.75,23444.75,2,1,86385.0,8,125125.0,False,False,LEAVE,B2026-09-21 14:20:00,B2026-09-21 13:40:00,15,False,WATCH,WATCH,leave_into_recycle,,leave_into_recycle,,B2026-09-21 13:40:00,2,RECYCLE,True,normal,WATCH,B2026-09-21 13:40:00,armed_expired:session_end,,,,,,,,,12.0,next_choch,2026-09-23 09:15:00,-318.02,,,,,,
1m_5m,ST6,-,2026-09-23 09:50:00,down,2026-09-23 09:45:00,B2026-09-11 12:25:00,B,23396.5,23416.5,13,4,121030.0,11,356590.0,False,False,PENDING,,B2026-09-15 12:00:00,7,False,WATCH,WATCH,,,,,,,,,,WATCH_EDGE,B2026-09-11 12:25:00,armed_expired:back_inside,,,,,,,,,-37.4,stop_loss,2026-09-23 10:15:00,-3528.13,,,,,,
1m_5m,ST6,-,2026-09-23 10:25:00,up,2026-09-23 10:15:00,B2026-09-15 10:20:00,B,23412.15,23432.15,4,2,55575.0,6,403845.0,False,False,LEAVE,B2026-09-21 10:20:00,B2026-09-15 10:20:00,14,False,WATCH,WATCH,leave_into_recycle,,leave_into_recycle,,B2026-09-15 10:20:00,4,THIN,True,normal,WATCH,B2026-09-15 10:20:00,armed_expired:back_inside,,,,,,,,,19.6,next_choch,2026-09-23 14:45:00,175.77,,,,,,
1m_5m,ST6,-,2026-09-23 15:00:00,down,2026-09-23 14:45:00,B2026-09-21 15:25:00,B,23435.55,23455.55,4,4,160030.0,5,200395.0,False,False,PENDING,,B2026-09-21 13:40:00,69,True,WATCH,WATCH,,,,,,,,,,WATCH_EDGE,B2026-09-21 15:25:00,armed_expired:back_inside,,,,,,,,,247.5,open,2026-09-25 15:25:00,14990.15,,,,,,
all-data_5m,ST6_FB,W-ATR2,2026-07-08 09:35:00,down,2026-07-08 09:30:00,B2026-07-02 15:00:00,B,24510.5,24530.5,2,1,5005.0,10,18265.0,True,True,PENDING,,,4,True,WATCH,WATCH,,,,,,,,,,WATCH_EDGE,B2026-07-02 15:00:00,armed_expired:back_inside,,,,,,,,,-27.8,stop_loss,2026-07-08 09:50:00,-1989.4,,,,,,
all-data_5m,ST6_FB,W-ATR2,2026-07-08 10:40:00,up,2026-07-08 10:35:00,A2026-07-08 09:55:00,A,24550.0,24570.0,1,1,1885.0,1,1885.0,True,True,LEAVE,B2026-07-02 15:00:00,,17,True,TAKE,TAKE,,leave,,,,,,,normal,,,,,setup_close,2026-07-08 10:40:00,0,,,,,-35.0,stop_loss,2026-07-08 11:50:00,-1643.16,TAKE,2026-07-08 10:40:00,-35.0,stop_loss,2026-07-08 11:50:00,-1643.16
all-data_5m,ST6_FB,W-ATR2,2026-07-08 12:20:00,down,2026-07-08 12:10:00,B2026-07-02 15:00:00,B,24510.5,24530.5,4,1,1625.0,10,18265.0,True,True,LEAVE,B2026-07-08 10:10:00,,37,True,TAKE,TAKE,,leave,,,,,,,normal,,,,,setup_close,2026-07-08 12:20:00,0,,,,,-17.0,stop_loss,2026-07-08 13:05:00,-1821.25,TAKE,2026-07-08 12:20:00,-17.0,stop_loss,2026-07-08 13:05:00,-1821.25
all-data_5m,ST6_FB,W-ATR2,2026-07-09 10:40:00,up,2026-07-09 10:00:00,B2026-07-09 09:45:00,B,24297.25,24317.25,2,4,2665.0,8,30355.0,True,True,PENDING,,B2026-07-01 14:00:00,17,False,WATCH,WATCH,,,,,,,,,,WATCH,B2026-07-01 14:00:00,cancelled:opposite_leave,,,,,,,,,-62.6,stop_loss,2026-07-09 10:45:00,-3925.3,,,,,,
all-data_5m,ST6_FB,W-ATR2,2026-07-09 13:45:00,up,2026-07-09 13:35:00,B2026-07-01 11:35:00,B,24335.85,24355.85,9,1,130.0,6,5200.0,True,True,LEAVE,B2026-07-09 10:25:00,B2026-07-01 15:05:00,54,True,TAKE,TAKE,,leave,,,B2026-07-01 15:05:00,1,FIRST_PRINT,,normal,,,,,setup_close,2026-07-09 13:45:00,0,,,,,-28.0,stop_loss,2026-07-09 13:50:00,-790.59,TAKE,2026-07-09 13:45:00,-28.0,stop_loss,2026-07-09 13:50:00,-790.59
all-data_5m,ST6_FB,W-ATR2,2026-07-09 14:20:00,down,2026-07-09 14:10:00,B2026-07-09 10:25:00,B,24314.55,24334.55,6,4,975.0,5,7605.0,True,True,PENDING,,B2026-07-09 09:45:00,61,False,WATCH,WATCH,,,,,,,,,,WATCH_EDGE,B2026-07-09 10:25:00,armed_expired:back_inside,,,,,,,,,-29.1,stop_loss,2026-07-09 14:30:00,-1323.05,,,,,,
all-data_5m,ST6_FB,W-ATR2,2026-07-10 09:30:00,up,2026-07-10 09:15:00,B2026-07-02 11:00:00,B,24430.65,24450.65,3,3,25610.0,7,2080.0,True,True,PENDING,,B2026-07-02 13:05:00,3,False,WATCH,REENTER,,,,,,,,,,WATCH_EDGE,B2026-07-02 11:00:00,reenter,watch_edge,reenter_close,2026-07-10 09:35:00,1,9.35,1,1,setup,-158.6,stop_loss,2026-07-13 09:15:00,-9144.85,REENTER,2026-07-10 09:35:00,-24.0,band_reclaim,2026-07-10 11:35:00,-1133.9
all-data_5m,ST6_FB,W-ATR2,2026-07-13 12:00:00,up,2026-07-13 11:50:00,B2026-07-13 11:30:00,B,24380.0,24400.0,1,9,7800.0,9,7800.0,True,True,PENDING,,,33,True,BLOCK,BLOCK,new,,,,,,,,,,,,,,,,,,,,52.7,next_choch,2026-07-13 15:15:00,2865.22,,,,,,
all-data_5m,ST6_FB,W-ATR2,2026-07-13 15:20:00,down,2026-07-13 15:15:00,B2026-07-02 13:05:00,B,24449.8,24469.8,9,2,10010.0,7,1235.0,True,True,LEAVE,B2026-07-08 12:45:00,B2026-07-02 13:05:00,73,True,BLOCK,BLOCK,clock,,,,B2026-07-02 13:05:00,9,HUNT,,normal,,,,,,,,,,,,-24.1,stop_loss,2026-07-13 15:25:00,-1060.28,,,,,,
all-data_5m,ST6_FB,W-ATR2,2026-07-15 11:10:00,down,2026-07-15 10:55:00,B2026-07-02 11:35:00,B,24410.0,24430.0,7,4,1625.0,10,3445.0,True,True,ACCEPTED,,B2026-07-02 11:35:00,23,True,WATCH,WATCH,,,accepted_no_defend,,,,,,,WATCH,B2026-07-02 11:35:00,cancelled:opposite_leave,,,,,,,,,-21.0,stop_loss,2026-07-15 11:30:00,-2512.99,,,,,,
all-data_5m,ST6_FB,W-ATR2,2026-07-15 12:35:00,down,2026-07-15 11:50:00,B2026-07-13 11:30:00,B,24380.0,24400.0,2,1,2405.0,9,7800.0,True,True,LEAVE,B2026-07-02 11:35:00,B2026-07-13 11:30:00,40,False,WATCH,WATCH,leave_into_recycle,,leave_into_recycle,,B2026-07-13 11:30:00,2,RECYCLE,,normal,WATCH,B2026-07-13 11:30:00,cancelled:opposite_leave,,,,,,,,,-10.5,next_choch,2026-07-16 09:15:00,-1776.84,,,,,,
all-data_5m,ST6_FB,W-ATR2,2026-07-16 10:55:00,up,2026-07-16 09:15:00,A2026-07-15 12:50:00,A,24395.0,24415.0,3,1,650.0,2,780.0,True,True,LEAVE,B2026-07-01 14:00:00,B2026-07-02 11:35:00,20,True,TAKE,TAKE,,leave,,,B2026-07-02 11:35:00,8,ACCEPTED,,normal,,,,,setup_close,2026-07-16 10:55:00,0,,,,,-68.1,stop_loss,2026-07-16 13:25:00,-5545.02,TAKE,2026-07-16 10:55:00,-68.1,stop_loss,2026-07-16 13:25:00,-5545.02
all-data_5m,ST6_FB,W-ATR2,2026-07-17 10:15:00,up,2026-07-17 09:55:00,B2026-07-02 11:00:00,B,24430.65,24450.65,10,5,14625.0,7,2080.0,True,True,PENDING,,B2026-07-02 13:25:00,12,True,WATCH,REENTER,,,,,,,,,,WATCH_EDGE,B2026-07-02 11:00:00,reenter,watch_edge,reenter_close,2026-07-17 10:20:00,1,19.15,1,1,setup,-45.0,stop_loss,2026-07-17 11:10:00,-2641.04,REENTER,2026-07-17 10:20:00,-35.5,stop_loss,2026-07-17 11:10:00,-1699.05
all-data_5m,ST6_FB,W-ATR2,2026-07-20 09:25:00,down,2026-07-20 09:20:00,B2026-07-02 11:00:00,B,24430.65,24450.65,13,1,9425.0,7,2080.0,True,True,LEAVE,A2026-07-08 09:55:00,A2026-07-15 12:50:00,2,False,BLOCK,BLOCK,hunt_fade,,,,A2026-07-15 12:50:00,5,RECYCLE,,gap,,,,,,,,,,,,-35.0,stop_loss,2026-07-20 10:15:00,-2362.22,,,,,,
all-data_5m,ST6_FB,W-ATR2,2026-07-20 15:20:00,up,2026-07-20 15:15:00,B2026-07-08 12:45:00,B,24485.0,24505.0,10,3,3705.0,7,20085.0,True,True,LEAVE,B2026-07-02 13:25:00,B2026-07-08 12:45:00,73,True,BLOCK,BLOCK,clock,,,,B2026-07-08 12:45:00,10,ACCEPTED,,normal,,,,,,,,,,,,-8.9,stop_loss,2026-07-21 09:15:00,-139.63,,,,,,
all-data_5m,ST6_FB,W-ATR2,2026-07-21 09:30:00,down,2026-07-21 09:25:00,B2026-07-08 12:45:00,B,24485.0,24505.0,10,6,9620.0,7,20085.0,True,True,PENDING,,B2026-07-02 13:05:00,3,False,BLOCK,BLOCK,hunt_fade,,,,,,,,,,,,,,,,,,,,322.0,next_choch,2026-07-27 11:00:00,16161.56,,,,,,
all-data_5m,ST6_FB,W-ATR2,2026-07-27 11:15:00,up,2026-07-27 11:00:00,A2026-07-09 09:15:00,A,24141.0,24161.0,7,1,1430.0,1,4875.0,True,True,LEAVE,B2026-07-27 11:05:00,A2026-07-09 09:15:00,24,True,WATCH,WATCH,leave_into_recycle,,leave_into_recycle,,A2026-07-09 09:15:00,7,REJECT,,normal,WATCH,A2026-07-09 09:15:00,armed_expired:back_inside,,,,,,,,,-0.6,next_choch,2026-07-27 12:40:00,-50.76,,,,,,
all-data_5m,ST6_FB,W-ATR2,2026-07-27 13:15:00,up,2026-07-27 13:05:00,B2026-07-23 11:40:00,B,24155.2,24175.2,3,2,1690.0,5,6110.0,True,True,LEAVE,A2026-07-09 09:15:00,B2026-07-23 10:25:00,48,False,BLOCK,BLOCK,hunt_fade,,,,B2026-07-23 10:25:00,1,FIRST_PRINT,,normal,,,,,,,,,,,,-19.0,stop_loss,2026-07-27 13:25:00,-1546.4,,,,,,
all-data_5m,ST6_FB,W-ATR2,2026-07-27 13:30:00,down,2026-07-27 13:25:00,B2026-07-23 11:40:00,B,24155.2,24175.2,3,4,3510.0,5,6110.0,True,True,PENDING,,A2026-07-09 09:15:00,51,True,WATCH,WATCH,,,,,,,,,,WATCH_EDGE,B2026-07-23 11:40:00,armed_expired:back_inside,,,,,,,,,-35.0,stop_loss,2026-07-27 14:00:00,-3281.87,,,,,,
all-data_5m,ST6_FB,W-ATR2,2026-07-27 14:05:00,up,2026-07-27 14:00:00,B2026-07-23 10:25:00,B,24179.75,24199.75,2,1,1755.0,10,35750.0,True,True,LEAVE,B2026-07-27 13:25:00,B2026-07-23 10:25:00,58,True,WATCH,WATCH,leave_into_recycle,,leave_into_recycle,,B2026-07-23 10:25:00,2,RECYCLE,,normal,WATCH,B2026-07-23 10:25:00,armed_expired:back_inside,,,,,,,,,-7.9,next_choch,2026-07-28 10:05:00,-2069.74,,,,,,
all-data_5m,ST6_FB,W-ATR2,2026-07-28 10:40:00,up,2026-07-28 10:35:00,A2026-07-01 09:30:00,A,24230.7,24250.7,8,1,1300.0,2,10075.0,True,True,LEAVE,A2026-07-01 09:20:00,A2026-07-01 09:30:00,17,True,WATCH,WATCH,leave_into_recycle,,leave_into_recycle,,A2026-07-01 09:30:00,8,RECYCLE,,normal,WATCH,A2026-07-01 09:30:00,armed_expired:back_inside,,,,,,,,,-2.4,next_choch,2026-07-28 13:10:00,-1803.8,,,,,,
all-data_5m,ST6_FB,W-ATR2,2026-07-28 13:15:00,down,2026-07-28 13:10:00,B2026-07-28 11:05:00,B,24241.2,24261.2,3,6,12805.0,5,11050.0,True,True,PENDING,,,48,True,BLOCK,BLOCK,hunt_fade,,,,,,,,,,,,,,,,,,,,-0.1,next_choch,2026-07-28 13:50:00,-1437.0,,,,,,
all-data_5m,ST6_FB,W-ATR2,2026-07-28 15:20:00,up,2026-07-28 15:15:00,B2026-07-14 14:25:00,B,24261.0,24281.0,8,1,9230.0,5,3900.0,True,True,LEAVE,A2026-07-01 09:20:00,B2026-07-14 14:25:00,73,False,BLOCK,BLOCK,clock,,,,B2026-07-14 14:25:00,8,RECYCLE,,normal,,,,,,,,,,,,396.5,next_choch,2026-08-11 11:00:00,33367.44,,,,,,
all-data_5m,ST6_FB,W-ATR2,2026-08-11 11:05:00,down,2026-08-11 11:00:00,B2026-07-03 10:25:00,B,24651.0,24671.0,6,2,7150.0,18,18525.0,True,True,LEAVE,B2026-07-03 12:10:00,B2026-07-03 10:25:00,22,True,TAKE,TAKE,,leave,,,B2026-07-03 10:25:00,6,ACCEPTED,,normal,,,,,setup_close,2026-08-11 11:05:00,0,,,,,-10.1,next_choch,2026-08-11 11:40:00,-658.32,TAKE,2026-08-11 11:05:00,-10.1,next_choch,2026-08-11 11:40:00,-658.32
all-data_5m,ST6_FB,W-ATR2,2026-08-11 11:45:00,up,2026-08-11 11:40:00,B2026-07-03 10:25:00,B,24651.0,24671.0,6,9,23075.0,18,18525.0,True,True,PENDING,,B2026-07-03 09:45:00,30,True,WATCH,WATCH,,,,,,,,,,WATCH_EDGE,B2026-07-03 10:25:00,armed_expired:back_inside,,,,,,,,,-12.9,stop_loss,2026-08-11 11:50:00,-904.28,,,,,,
all-data_5m,ST6_FB,W-ATR2,2026-08-11 12:45:00,up,2026-08-11 12:35:00,B2026-07-03 10:25:00,B,24651.0,24671.0,6,20,46085.0,18,18525.0,True,True,PENDING,,B2026-07-03 09:45:00,42,True,WATCH,WATCH,,,,,,,,,,WATCH_EDGE,B2026-07-03 10:25:00,armed_expired:back_inside,,,,,,,,,1.8,next_choch,2026-08-11 13:55:00,-179.35,,,,,,
all-data_5m,ST6_FB,W-ATR2,2026-08-12 09:55:00,down,2026-08-12 09:15:00,,,,,,,,,,True,,LEAVE,B2026-08-04 13:55:00,,8,,TAKE,TAKE,,leave,,,,,,,normal,,,,,setup_close,2026-08-12 09:55:00,0,,,,,39.4,next_choch,2026-08-13 10:50:00,1727.58,TAKE,2026-08-12 09:55:00,39.4,next_choch,2026-08-13 10:50:00,1727.58
all-data_5m,ST6_FB,W-ATR2,2026-08-13 11:40:00,up,2026-08-13 11:35:00,A2026-08-13 10:10:00,A,24565.0,24585.0,2,2,4875.0,5,11505.0,True,True,LEAVE,B2026-07-08 12:00:00,A2026-08-13 10:10:00,29,True,TAKE,TAKE,,leave,,,A2026-08-13 10:10:00,2,ACCEPTED,,normal,,,,,setup_close,2026-08-13 11:40:00,0,,,,,19.4,next_choch,2026-08-13 13:30:00,1067.46,TAKE,2026-08-13 11:40:00,19.4,next_choch,2026-08-13 13:30:00,1067.46
all-data_5m,ST6_FB,W-ATR2,2026-08-13 13:40:00,up,2026-08-13 13:35:00,B2026-08-13 13:10:00,B,24590.9,24610.9,2,6,4355.0,5,8905.0,True,True,PENDING,,B2026-07-03 14:20:00,53,True,WATCH,REENTER,,,,,,,,,,WATCH_EDGE,B2026-08-13 13:10:00,reenter,watch_edge,reenter_close,2026-08-13 13:45:00,1,2.2,1,1,setup,-26.3,stop_loss,2026-08-13 14:45:00,-1000.91,REENTER,2026-08-13 13:45:00,-13.1,band_reclaim,2026-08-13 14:05:00,-877.16
all-data_5m,ST6_FB,W-ATR2,2026-08-14 09:25:00,down,2026-08-14 09:15:00,B2026-07-08 12:00:00,B,24534.3,24554.3,9,1,4485.0,5,4940.0,True,True,LEAVE,B2026-08-13 13:10:00,B2026-07-02 15:00:00,2,False,TAKE,TAKE,,leave,,,B2026-07-02 15:00:00,9,ACCEPTED,,gap,,,,,setup_close,2026-08-14 09:25:00,0,,,,,-22.0,next_choch,2026-08-14 10:10:00,-1814.51,TAKE,2026-08-14 09:25:00,-22.0,next_choch,2026-08-14 10:10:00,-1814.51
all-data_5m,ST6_FB,W-ATR2,2026-08-14 10:55:00,down,2026-08-14 10:30:00,B2026-07-08 12:00:00,B,24534.3,24554.3,10,9,19565.0,5,4940.0,True,True,PENDING,,B2026-07-02 15:00:00,20,False,WATCH,REENTER,,,,,,,,,,WATCH_EDGE,B2026-07-08 12:00:00,reenter,watch_edge,reenter_close,2026-08-14 11:00:00,1,10.8,1,1,setup,-14.6,next_choch,2026-08-14 12:10:00,-1720.93,REENTER,2026-08-14 11:00:00,-7.0,next_choch,2026-08-14 12:10:00,-1243.44
all-data_5m,ST6_FB,W-ATR2,2026-08-14 12:20:00,up,2026-08-14 12:10:00,B2026-07-08 10:10:00,B,24520.7,24540.7,12,6,5395.0,5,7865.0,True,True,PENDING,,B2026-07-08 12:00:00,37,True,WATCH,WATCH,,,,,,,,,,WATCH_EDGE,B2026-07-08 10:10:00,armed_expired:back_inside,,,,,,,,,-18.1,stop_loss,2026-08-14 12:40:00,-1135.5,,,,,,
all-data_5m,ST6_FB,W-ATR2,2026-08-14 13:45:00,up,2026-08-14 13:40:00,B2026-07-08 12:00:00,B,24534.3,24554.3,11,10,10335.0,5,4940.0,True,True,PENDING,,A2026-07-08 09:25:00,54,True,WATCH,REENTER,,,,,,,,,,WATCH_EDGE,B2026-07-08 12:00:00,reenter,watch_edge,reenter_close,2026-08-14 13:50:00,1,34.8,1,1,setup,-91.0,stop_loss,2026-08-17 09:15:00,-6692.24,REENTER,2026-08-14 13:50:00,-90.1,stop_loss,2026-08-17 09:15:00,-6604.45
all-data_5m,ST6_FB,W-ATR2,2026-08-17 09:30:00,down,2026-08-17 09:15:00,B2026-07-08 12:45:00,B,24485.0,24505.0,11,2,15925.0,7,20085.0,True,True,LEAVE,A2026-07-08 09:25:00,B2026-07-02 13:25:00,3,False,TAKE,TAKE,,leave,,,B2026-07-02 13:25:00,15,ACCEPTED,,gap,,,,,setup_close,2026-08-17 09:30:00,0,,,,,-7.9,next_choch,2026-08-17 12:15:00,-506.48,TAKE,2026-08-17 09:30:00,-7.9,next_choch,2026-08-17 12:15:00,-506.48
all-data_5m,ST6_FB,W-ATR2,2026-08-17 12:25:00,up,2026-08-17 12:15:00,B2026-08-17 09:55:00,B,24473.4,24493.4,2,2,4745.0,5,40625.0,True,True,LEAVE,B2026-07-02 13:05:00,B2026-08-17 09:55:00,38,True,TAKE,TAKE,,leave,,,B2026-08-17 09:55:00,2,ACCEPTED,,normal,,,,,setup_close,2026-08-17 12:25:00,0,,,,,-70.4,stop_loss,2026-08-18 09:15:00,-4226.67,TAKE,2026-08-17 12:25:00,-70.4,stop_loss,2026-08-18 09:15:00,-4226.67
all-data_5m,ST6_FB,W-ATR2,2026-08-18 09:30:00,down,2026-08-18 09:15:00,B2026-07-02 11:35:00,B,24410.0,24430.0,25,3,80535.0,10,3445.0,True,True,PENDING,,A2026-07-15 12:50:00,3,False,WATCH,WATCH,,,,,,,,,,WATCH_EDGE,B2026-07-02 11:35:00,armed_expired:back_inside,,,,,,,,,19.0,next_choch,2026-08-20 10:10:00,-945.14,,,,,,
all-data_5m,ST6_FB,W-ATR2,2026-08-20 11:45:00,up,2026-08-20 11:30:00,B2026-07-01 14:00:00,B,24362.5,24382.5,14,21,628875.0,7,3380.0,True,True,PENDING,,B2026-07-13 11:30:00,30,False,WATCH,WATCH,,,,,,,,,,WATCH_EDGE,B2026-07-01 14:00:00,armed_expired:back_inside,,,,,,,,,0.4,next_choch,2026-08-20 12:35:00,355.94,,,,,,
all-data_5m,ST6_FB,W-ATR2,2026-08-20 12:45:00,up,2026-08-20 12:40:00,B2026-07-13 11:30:00,B,24380.0,24400.0,11,7,199030.0,9,7800.0,True,True,PENDING,,B2026-07-02 11:35:00,42,True,WATCH,REENTER,,,,,,,,,,WATCH_EDGE,B2026-07-13 11:30:00,reenter,watch_edge,reenter_close,2026-08-20 12:50:00,1,31.5,1,1,setup,-9.0,next_choch,2026-08-20 14:15:00,-763.35,REENTER,2026-08-20 12:50:00,-15.5,next_choch,2026-08-20 14:15:00,-1273.7
all-data_5m,ST6_FB,W-ATR2,2026-08-20 15:05:00,down,2026-08-20 14:15:00,A2026-07-15 12:50:00,A,24395.0,24415.0,14,2,50830.0,2,780.0,True,True,LEAVE,B2026-07-02 11:35:00,B2026-07-13 11:30:00,70,True,TAKE,TAKE,,leave,,,B2026-07-13 11:30:00,11,ACCEPTED,,normal,,,,,setup_close,2026-08-20 15:05:00,0,,,,,-4.2,stop_loss,2026-08-21 09:15:00,239.51,TAKE,2026-08-20 15:05:00,-4.2,stop_loss,2026-08-21 09:15:00,239.51
all-data_5m,ST6_FB,W-ATR2,2026-08-21 09:30:00,down,2026-08-21 09:20:00,B2026-07-13 11:30:00,B,24380.0,24400.0,12,1,39780.0,9,7800.0,True,True,LEAVE,A2026-07-15 12:50:00,B2026-07-01 15:05:00,3,True,TAKE,TAKE,,leave,,,B2026-07-01 15:05:00,6,ACCEPTED,,normal,,,,,setup_close,2026-08-21 09:30:00,0,,,,,-43.0,stop_loss,2026-08-21 09:50:00,-2007.33,TAKE,2026-08-21 09:30:00,-43.0,stop_loss,2026-08-21 09:50:00,-2007.33
all-data_5m,ST6_FB,W-ATR2,2026-08-21 10:25:00,up,2026-08-21 10:20:00,A2026-07-15 12:50:00,A,24395.0,24415.0,15,1,27365.0,2,780.0,True,True,LEAVE,B2026-07-13 11:30:00,A2026-07-15 12:50:00,14,True,WATCH,WATCH,leave_into_recycle,,leave_into_recycle,,A2026-07-15 12:50:00,15,RECYCLE,,normal,WATCH,A2026-07-15 12:50:00,replaced,,,,,,,,,-10.0,next_choch,2026-08-21 11:40:00,-538.76,,,,,,
all-data_5m,ST6_FB,W-ATR2,2026-08-21 11:50:00,down,2026-08-21 11:40:00,A2026-07-15 12:50:00,A,24395.0,24415.0,15,18,336960.0,2,780.0,True,True,ACCEPTED,,A2026-07-15 12:50:00,31,True,WATCH,WATCH,,,accepted_no_defend,,,,,,,WATCH,A2026-07-15 12:50:00,armed_expired:back_inside,,,,,,,,,-12.0,stop_loss,2026-08-21 13:05:00,-807.9,,,,,,
all-data_5m,ST6_FB,W-ATR2,2026-08-21 15:20:00,down,2026-08-21 14:55:00,B2026-07-13 11:30:00,B,24380.0,24400.0,15,20,540150.0,9,7800.0,True,True,REJECT,,B2026-07-13 11:30:00,73,True,BLOCK,BLOCK,clock,,,,,,,,,,,,,,,,,,,,-58.7,stop_loss,2026-08-24 09:15:00,-2973.22,,,,,,
all-data_5m,ST6_FB,W-ATR2,2026-08-24 10:50:00,down,2026-08-24 09:55:00,B2026-08-24 10:15:00,B,24420.5,24440.5,2,3,119145.0,5,197730.0,True,True,PENDING,,B2026-07-02 11:35:00,19,True,WATCH,REENTER,,,,,,,,,,WATCH_EDGE,B2026-08-24 10:15:00,reenter,watch_edge,reenter_close,2026-08-24 10:55:00,1,33.5,1,1,setup,89.9,next_choch,2026-08-25 09:20:00,5959.04,REENTER,2026-08-24 10:55:00,62.0,next_choch,2026-08-25 09:20:00,4078.66
all-data_5m,ST6_FB,W-ATR2,2026-08-25 09:30:00,up,2026-08-25 09:20:00,B2026-07-09 10:25:00,B,24314.55,24334.55,14,15,958360.0,5,7605.0,True,True,PENDING,,B2026-07-01 11:35:00,3,False,WATCH,WATCH,,,,,,,,,,WATCH_EDGE,B2026-07-09 10:25:00,armed_expired:back_inside,,,,,,,,,-33.4,stop_loss,2026-08-25 09:40:00,-2215.37,,,,,,
all-data_5m,ST6_FB,W-ATR2,2026-08-25 11:35:00,up,2026-08-25 10:45:00,B2026-07-09 09:45:00,B,24297.25,24317.25,16,3,105235.0,8,30355.0,True,True,LEAVE,B2026-07-09 11:10:00,B2026-07-09 09:45:00,28,True,TAKE,TAKE,,leave,,,B2026-07-09 09:45:00,16,ACCEPTED,,normal,,,,,setup_close,2026-08-25 11:35:00,0,,,,,-23.4,stop_loss,2026-08-25 13:10:00,-1659.57,TAKE,2026-08-25 11:35:00,-23.4,stop_loss,2026-08-25 13:10:00,-1659.57
all-data_5m,ST6_FB,W-ATR2,2026-08-25 14:30:00,up,2026-08-25 14:25:00,B2026-07-01 15:05:00,B,24347.2,24367.2,8,1,130390.0,5,2015.0,True,True,LEAVE,B2026-07-09 10:25:00,B2026-07-13 11:30:00,63,True,WATCH,WATCH,leave_into_recycle,,leave_into_recycle,,B2026-07-13 11:30:00,16,RECYCLE,,normal,WATCH,B2026-07-13 11:30:00,armed_expired:session_end,,,,,,,,,72.5,next_choch,2026-08-26 12:30:00,2615.46,,,,,,
all-data_5m,ST6_FB,W-ATR2,2026-08-26 13:05:00,down,2026-08-26 12:30:00,B2026-07-02 11:00:00,B,24430.65,24450.65,30,1,12155.0,7,2080.0,False,True,LEAVE,B2026-07-02 13:05:00,B2026-07-02 11:00:00,46,True,WATCH,WATCH,,,leave_vol_fail,,B2026-07-02 11:00:00,30,RECYCLE,False,normal,WATCH,B2026-07-02 11:00:00,armed_expired:back_inside,,,,,,,,,-20.5,stop_loss,2026-08-26 14:10:00,-938.28,,,,,,
all-data_5m,ST6_FB,W-ATR2,2026-08-26 14:45:00,up,2026-08-26 14:10:00,B2026-07-02 13:25:00,B,24460.6,24480.6,19,1,21320.0,17,5330.0,False,True,LEAVE,B2026-07-02 11:00:00,B2026-07-02 13:25:00,66,False,BLOCK,BLOCK,hunt_fade,,,,B2026-07-02 13:25:00,19,RECYCLE,False,normal,,,,,,,,,,,,-20.5,next_choch,2026-08-26 15:20:00,-1746.78,,,,,,
all-data_5m,ST6_FB,W-ATR2,2026-08-26 15:25:00,down,2026-08-26 15:20:00,B2026-07-02 11:00:00,B,24430.65,24450.65,31,1,48555.0,7,2080.0,False,True,LEAVE,B2026-07-02 13:25:00,B2026-07-02 11:00:00,74,False,BLOCK,BLOCK,clock,,,,B2026-07-02 11:00:00,31,RECYCLE,True,normal,,,,,,,,,,,,64.8,next_choch,2026-08-27 13:10:00,4263.99,,,,,,
all-data_5m,ST6_FB,W-ATR2,2026-08-27 15:25:00,down,2026-08-27 15:20:00,B2026-07-14 14:25:00,B,24261.0,24281.0,11,1,116415.0,5,3900.0,False,True,LEAVE,B2026-07-09 09:45:00,B2026-07-14 14:25:00,74,False,BLOCK,BLOCK,clock,,,,B2026-07-14 14:25:00,11,RECYCLE,True,normal,,,,,,,,,,,,-42.8,stop_loss,2026-08-28 09:25:00,-2633.2,,,,,,
all-data_5m,ST6_FB,W-ATR2,2026-08-28 10:10:00,up,2026-08-28 09:40:00,B2026-07-14 12:00:00,B,24325.5,24345.5,6,3,44785.0,5,4550.0,False,True,PENDING,,B2026-07-01 15:05:00,11,False,WATCH,REENTER,,,,,,,,,,WATCH_EDGE,B2026-07-14 12:00:00,reenter,watch_edge,reenter_close,2026-08-28 10:15:00,1,10.1,1,1,setup,-42.9,stop_loss,2026-08-28 11:25:00,-3587.7,REENTER,2026-08-28 10:15:00,-20.7,band_reclaim,2026-08-28 11:05:00,-1651.73
all-data_5m,ST6_FB,W-ATR2,2026-08-28 11:55:00,down,2026-08-28 11:50:00,B2026-07-28 11:05:00,B,24241.2,24261.2,6,1,82095.0,5,11050.0,False,True,LEAVE,A2026-07-01 11:10:00,B2026-07-28 11:05:00,32,False,WATCH,WATCH,leave_into_recycle,,leave_into_recycle,,B2026-07-28 11:05:00,6,RECYCLE,True,normal,WATCH,B2026-07-28 11:05:00,cancelled:opposite_leave,,,,,,,,,-27.1,stop_loss,2026-08-28 13:15:00,-1301.99,,,,,,
all-data_5m,ST6_FB,W-ATR2,2026-08-28 14:25:00,up,2026-08-28 14:10:00,A2026-07-01 11:10:00,A,24275.0,24295.0,11,10,122850.0,2,1040.0,False,True,PENDING,,B2026-07-09 11:10:00,62,True,WATCH,WATCH,,,,,,,,,,WATCH_EDGE,A2026-07-01 11:10:00,armed_expired:session_end,,,,,,,,,-1.7,next_choch,2026-08-28 15:00:00,-517.37,,,,,,
all-data_5m,ST6_FB,W-ATR2,2026-08-28 15:25:00,up,2026-08-28 15:10:00,B2026-07-01 11:35:00,B,24335.85,24355.85,19,1,75335.0,6,5200.0,False,True,LEAVE,B2026-07-09 10:25:00,B2026-07-01 11:35:00,74,False,BLOCK,BLOCK,clock,,,,B2026-07-01 11:35:00,19,RECYCLE,True,normal,,,,,,,,,,,,-145.4,stop_loss,2026-08-31 09:15:00,-9802.54,,,,,,
all-data_5m,ST6_FB,W-ATR2,2026-08-31 09:40:00,down,2026-08-31 09:15:00,B2026-07-27 13:25:00,B,24168.5,24188.5,3,1,48620.0,5,6630.0,False,True,LEAVE,B2026-07-22 14:10:00,B2026-07-27 13:25:00,5,False,WATCH,WATCH,,,leave_vol_fail,,B2026-07-27 13:25:00,3,RECYCLE,False,normal,WATCH,B2026-07-27 13:25:00,cancelled:opposite_leave,,,,,,,,,-80.8,stop_loss,2026-08-31 11:50:00,-4268.82,,,,,,
all-data_5m,ST6_FB,W-ATR2,2026-08-31 13:40:00,down,2026-08-31 13:30:00,B2026-07-14 14:25:00,B,24261.0,24281.0,14,1,6110.0,5,3900.0,False,True,PENDING,,B2026-07-28 11:05:00,53,False,WATCH,WATCH,,,,,,,,,,WATCH_EDGE,B2026-07-14 14:25:00,armed_expired:back_inside,,,,,,,,,-18.0,stop_loss,2026-08-31 14:45:00,-2174.02,,,,,,
all-data_5m,ST6_FB,W-ATR2,2026-09-01 09:20:00,down,2026-09-01 09:15:00,B2026-07-27 13:25:00,B,24168.5,24188.5,4,1,70460.0,5,6630.0,False,True,LEAVE,B2026-07-28 11:05:00,B2026-07-27 13:25:00,1,False,BLOCK,BLOCK,open_pierce,,,,B2026-07-27 13:25:00,4,RECYCLE,False,gap,,,,,,,,,,,,-36.7,stop_loss,2026-09-01 09:25:00,-1996.01,,,,,,
all-data_5m,ST6_FB,W-ATR2,2026-09-01 13:00:00,down,2026-09-01 12:55:00,A2026-07-01 09:30:00,A,24230.7,24250.7,17,1,15145.0,2,10075.0,False,True,LEAVE,B2026-07-28 11:05:00,A2026-07-01 09:20:00,45,True,TAKE,TAKE,,leave,,,A2026-07-01 09:20:00,12,ACCEPTED,True,normal,,,,,setup_close,2026-09-01 13:00:00,0,,,,,126.4,next_choch,2026-09-03 09:15:00,7045.95,TAKE,2026-09-01 13:00:00,126.4,next_choch,2026-09-03 09:15:00,7045.95
all-data_5m,ST6_FB,W-ATR2,2026-09-03 09:35:00,up,2026-09-03 09:15:00,B2026-07-27 11:05:00,B,24123.5,24143.5,2,1,57200.0,6,9490.0,False,True,LEAVE,B2026-09-01 14:55:00,B2026-07-27 11:05:00,4,False,WATCH,WATCH,,,leave_vol_fail,,B2026-07-27 11:05:00,2,RECYCLE,False,normal,WATCH,B2026-07-27 11:05:00,armed_expired:back_inside,,,,,,,,,-44.0,stop_loss,2026-09-03 10:35:00,-2343.66,,,,,,
all-data_5m,ST6_FB,W-ATR2,2026-09-03 11:00:00,down,2026-09-03 10:55:00,A2026-09-03 10:45:00,A,24061.0,24081.0,1,2,40430.0,2,40430.0,False,False,LEAVE,B2026-09-01 14:55:00,A2026-09-03 10:45:00,21,True,WATCH,WATCH,,,leave_vol_fail,,A2026-09-03 10:45:00,1,FIRST_PRINT,False,normal,WATCH,A2026-09-03 10:45:00,armed_expired:back_inside,,,,,,,,,-19.0,stop_loss,2026-09-03 11:30:00,-1155.57,,,,,,
all-data_5m,ST6_FB,W-ATR2,2026-09-03 12:20:00,down,2026-09-03 12:15:00,B2026-07-23 13:25:00,B,24032.55,24052.55,8,3,85475.0,7,20020.0,False,True,PENDING,,,37,True,WATCH,REENTER,,,,,,,,,,WATCH_EDGE,B2026-07-23 13:25:00,reenter,watch_edge,reenter_close,2026-09-03 12:25:00,1,5.95,1,1,setup,-29.0,stop_loss,2026-09-03 13:10:00,-1224.33,REENTER,2026-09-03 12:25:00,-22.4,stop_loss,2026-09-03 13:10:00,-1081.45
all-data_5m,ST6_FB,W-ATR2,2026-09-03 15:25:00,down,2026-09-03 14:55:00,B2026-09-02 13:10:00,B,23996.7,24016.7,5,3,165100.0,5,85865.0,False,False,PENDING,,A2026-09-02 15:10:00,74,True,BLOCK,BLOCK,clock,,,,,,,,,,,,,,,,,,,,-64.7,stop_loss,2026-09-04 09:15:00,-3752.69,,,,,,
all-data_5m,ST6_FB,W-ATR2,2026-09-04 09:50:00,up,2026-09-04 09:15:00,B2026-07-23 13:25:00,B,24032.55,24052.55,12,5,230880.0,7,20020.0,False,True,PENDING,,A2026-09-03 10:45:00,7,False,WATCH,REENTER,,,,,,,,,,WATCH_EDGE,B2026-07-23 13:25:00,reenter,watch_edge,reenter_close,2026-09-04 09:55:00,1,20.45,1,1,setup,-15.8,next_choch,2026-09-04 12:55:00,-1356.7,REENTER,2026-09-04 09:55:00,-21.0,next_choch,2026-09-04 12:55:00,-1295.0
all-data_5m,ST6_FB,W-ATR2,2026-09-04 14:25:00,up,2026-09-04 14:10:00,A2026-09-03 10:45:00,A,24061.0,24081.0,7,12,98280.0,2,40430.0,False,False,PENDING,,B2026-09-01 14:55:00,62,True,WATCH,WATCH,,,,,,,,,,WATCH_EDGE,A2026-09-03 10:45:00,armed_expired:back_inside,,,,,,,,,-25.6,stop_loss,2026-09-04 14:35:00,-1526.11,,,,,,
all-data_5m,ST6_FB,W-ATR2,2026-09-04 15:00:00,down,2026-09-04 14:40:00,A2026-09-03 10:45:00,A,24061.0,24081.0,7,17,158795.0,2,40430.0,False,False,PENDING,,B2026-07-23 13:05:00,69,False,WATCH,REENTER,,,,,,,,,,WATCH_EDGE,A2026-09-03 10:45:00,reenter,watch_edge,reenter_close,2026-09-04 15:05:00,1,4.3,1,1,setup,-12.5,stop_loss,2026-09-04 15:15:00,-847.81,REENTER,2026-09-04 15:05:00,-13.3,stop_loss,2026-09-04 15:15:00,-545.75
all-data_5m,ST6_FB,W-ATR2,2026-09-07 10:10:00,down,2026-09-07 09:55:00,B2026-09-07 09:45:00,B,23930.25,23950.25,2,4,85605.0,5,247585.0,False,False,PENDING,,B2026-07-24 12:10:00,11,False,WATCH,REENTER,,,,,,,,,,WATCH_EDGE,B2026-09-07 09:45:00,reenter,watch_edge,reenter_close,2026-09-07 10:15:00,1,30.05,1,1,setup,2.8,next_choch,2026-09-07 14:00:00,-641.25,REENTER,2026-09-07 10:15:00,-13.8,next_choch,2026-09-07 14:00:00,-980.35
all-data_5m,ST6_FB,W-ATR2,2026-09-07 14:35:00,down,2026-09-07 14:30:00,B2026-09-07 12:45:00,B,23873.05,23893.05,3,1,15145.0,5,151125.0,False,False,LEAVE,B2026-09-07 10:35:00,B2026-09-07 12:45:00,64,False,WATCH,WATCH,,,leave_vol_fail,,B2026-09-07 12:45:00,3,THIN,False,normal,WATCH,B2026-09-07 12:45:00,armed_expired:back_inside,,,,,,,,,436.9,next_choch,2026-09-22 09:15:00,9490.89,,,,,,
all-data_5m,ST6_FB,W-ATR2,2026-09-22 10:10:00,up,2026-09-22 09:40:00,B2026-09-21 14:20:00,B,23449.8,23469.8,1,25,791895.0,25,791895.0,False,False,PENDING,,A2026-09-21 15:25:00,11,True,WATCH,WATCH,,,,,,,,,,WATCH_EDGE,B2026-09-21 14:20:00,armed_expired:back_inside,,,,,,,,,-21.7,stop_loss,2026-09-22 10:20:00,-1170.33,,,,,,
all-data_5m,ST6_FB,W-ATR2,2026-09-22 10:30:00,down,2026-09-22 10:20:00,B2026-09-21 13:40:00,B,23424.75,23444.75,2,1,86385.0,8,125125.0,False,False,LEAVE,B2026-09-21 14:20:00,B2026-09-21 13:40:00,15,False,WATCH,WATCH,leave_into_recycle,,leave_into_recycle,,B2026-09-21 13:40:00,2,RECYCLE,True,normal,WATCH,B2026-09-21 13:40:00,armed_expired:session_end,,,,,,,,,12.0,next_choch,2026-09-23 09:15:00,60.61,,,,,,
all-data_5m,ST6_FB,W-ATR2,2026-09-23 09:50:00,down,2026-09-23 09:45:00,B2026-09-11 12:25:00,B,23396.5,23416.5,13,4,121030.0,11,356590.0,False,False,PENDING,,B2026-09-15 12:00:00,7,False,WATCH,WATCH,,,,,,,,,,WATCH_EDGE,B2026-09-11 12:25:00,armed_expired:back_inside,,,,,,,,,-37.4,stop_loss,2026-09-23 10:15:00,-2645.62,,,,,,
all-data_5m,ST6_FB,W-ATR2,2026-09-23 10:25:00,up,2026-09-23 10:15:00,B2026-09-15 10:20:00,B,23412.15,23432.15,4,2,55575.0,6,403845.0,False,False,LEAVE,B2026-09-21 10:20:00,B2026-09-15 10:20:00,14,False,WATCH,WATCH,leave_into_recycle,,leave_into_recycle,,B2026-09-15 10:20:00,4,THIN,True,normal,WATCH,B2026-09-15 10:20:00,armed_expired:back_inside,,,,,,,,,19.6,next_choch,2026-09-23 14:45:00,1043.11,,,,,,
all-data_5m,ST6_FB,W-ATR2,2026-09-23 15:00:00,down,2026-09-23 14:45:00,B2026-09-21 15:25:00,B,23435.55,23455.55,4,4,160030.0,5,200395.0,False,False,PENDING,,B2026-09-21 13:40:00,69,True,WATCH,WATCH,,,,,,,,,,WATCH_EDGE,B2026-09-21 15:25:00,armed_expired:back_inside,,,,,,,,,247.5,open,2026-09-25 15:25:00,14568.21,,,,,,
design-period_5m,ST6_FB,W-ATR2,2026-08-26 13:05:00,down,2026-08-26 12:30:00,B2026-07-02 11:00:00,B,24430.65,24450.65,30,1,12155.0,7,2080.0,False,True,LEAVE,B2026-07-02 13:05:00,B2026-07-02 11:00:00,46,True,WATCH,WATCH,,,leave_vol_fail,,B2026-07-02 11:00:00,30,RECYCLE,False,normal,WATCH,B2026-07-02 11:00:00,armed_expired:back_inside,,,,,,,,,-20.5,stop_loss,2026-08-26 14:10:00,-938.28,,,,,,
design-period_5m,ST6_FB,W-ATR2,2026-08-26 14:45:00,up,2026-08-26 14:10:00,B2026-07-02 13:25:00,B,24460.6,24480.6,19,1,21320.0,17,5330.0,False,True,LEAVE,B2026-07-02 11:00:00,B2026-07-02 13:25:00,66,False,BLOCK,BLOCK,hunt_fade,,,,B2026-07-02 13:25:00,19,RECYCLE,False,normal,,,,,,,,,,,,-20.5,next_choch,2026-08-26 15:20:00,-1746.78,,,,,,
design-period_5m,ST6_FB,W-ATR2,2026-08-26 15:25:00,down,2026-08-26 15:20:00,B2026-07-02 11:00:00,B,24430.65,24450.65,31,1,48555.0,7,2080.0,False,True,LEAVE,B2026-07-02 13:25:00,B2026-07-02 11:00:00,74,False,BLOCK,BLOCK,clock,,,,B2026-07-02 11:00:00,31,RECYCLE,True,normal,,,,,,,,,,,,64.8,next_choch,2026-08-27 13:10:00,4263.99,,,,,,
design-period_5m,ST6_FB,W-ATR2,2026-08-27 15:25:00,down,2026-08-27 15:20:00,B2026-07-14 14:25:00,B,24261.0,24281.0,11,1,116415.0,5,3900.0,False,True,LEAVE,B2026-07-09 09:45:00,B2026-07-14 14:25:00,74,False,BLOCK,BLOCK,clock,,,,B2026-07-14 14:25:00,11,RECYCLE,True,normal,,,,,,,,,,,,-42.8,stop_loss,2026-08-28 09:25:00,-2633.2,,,,,,
design-period_5m,ST6_FB,W-ATR2,2026-08-28 10:10:00,up,2026-08-28 09:40:00,B2026-07-14 12:00:00,B,24325.5,24345.5,6,3,44785.0,5,4550.0,False,True,PENDING,,B2026-07-01 15:05:00,11,False,WATCH,REENTER,,,,,,,,,,WATCH_EDGE,B2026-07-14 12:00:00,reenter,watch_edge,reenter_close,2026-08-28 10:15:00,1,10.1,1,1,setup,-42.9,stop_loss,2026-08-28 11:25:00,-3587.7,REENTER,2026-08-28 10:15:00,-20.7,band_reclaim,2026-08-28 11:05:00,-1651.73
design-period_5m,ST6_FB,W-ATR2,2026-08-28 11:55:00,down,2026-08-28 11:50:00,B2026-07-28 11:05:00,B,24241.2,24261.2,6,1,82095.0,5,11050.0,False,True,LEAVE,A2026-07-01 11:10:00,B2026-07-28 11:05:00,32,False,WATCH,WATCH,leave_into_recycle,,leave_into_recycle,,B2026-07-28 11:05:00,6,RECYCLE,True,normal,WATCH,B2026-07-28 11:05:00,cancelled:opposite_leave,,,,,,,,,-27.1,stop_loss,2026-08-28 13:15:00,-1301.99,,,,,,
design-period_5m,ST6_FB,W-ATR2,2026-08-28 14:25:00,up,2026-08-28 14:10:00,A2026-07-01 11:10:00,A,24275.0,24295.0,11,10,122850.0,2,1040.0,False,True,PENDING,,B2026-07-09 11:10:00,62,True,WATCH,WATCH,,,,,,,,,,WATCH_EDGE,A2026-07-01 11:10:00,armed_expired:session_end,,,,,,,,,-1.7,next_choch,2026-08-28 15:00:00,-517.37,,,,,,
design-period_5m,ST6_FB,W-ATR2,2026-08-28 15:25:00,up,2026-08-28 15:10:00,B2026-07-01 11:35:00,B,24335.85,24355.85,19,1,75335.0,6,5200.0,False,True,LEAVE,B2026-07-09 10:25:00,B2026-07-01 11:35:00,74,False,BLOCK,BLOCK,clock,,,,B2026-07-01 11:35:00,19,RECYCLE,True,normal,,,,,,,,,,,,-145.4,stop_loss,2026-08-31 09:15:00,-9802.54,,,,,,
design-period_5m,ST6_FB,W-ATR2,2026-08-31 09:40:00,down,2026-08-31 09:15:00,B2026-07-27 13:25:00,B,24168.5,24188.5,3,1,48620.0,5,6630.0,False,True,LEAVE,B2026-07-22 14:10:00,B2026-07-27 13:25:00,5,False,WATCH,WATCH,,,leave_vol_fail,,B2026-07-27 13:25:00,3,RECYCLE,False,normal,WATCH,B2026-07-27 13:25:00,cancelled:opposite_leave,,,,,,,,,-80.8,stop_loss,2026-08-31 11:50:00,-4268.82,,,,,,
design-period_5m,ST6_FB,W-ATR2,2026-08-31 13:40:00,down,2026-08-31 13:30:00,B2026-07-14 14:25:00,B,24261.0,24281.0,14,1,6110.0,5,3900.0,False,True,PENDING,,B2026-07-28 11:05:00,53,False,WATCH,WATCH,,,,,,,,,,WATCH_EDGE,B2026-07-14 14:25:00,armed_expired:back_inside,,,,,,,,,-18.0,stop_loss,2026-08-31 14:45:00,-2174.02,,,,,,
design-period_5m,ST6_FB,W-ATR2,2026-09-01 09:20:00,down,2026-09-01 09:15:00,B2026-07-27 13:25:00,B,24168.5,24188.5,4,1,70460.0,5,6630.0,False,True,LEAVE,B2026-07-28 11:05:00,B2026-07-27 13:25:00,1,False,BLOCK,BLOCK,open_pierce,,,,B2026-07-27 13:25:00,4,RECYCLE,False,gap,,,,,,,,,,,,-36.7,stop_loss,2026-09-01 09:25:00,-1996.01,,,,,,
design-period_5m,ST6_FB,W-ATR2,2026-09-01 13:00:00,down,2026-09-01 12:55:00,A2026-07-01 09:30:00,A,24230.7,24250.7,17,1,15145.0,2,10075.0,False,True,LEAVE,B2026-07-28 11:05:00,A2026-07-01 09:20:00,45,True,TAKE,TAKE,,leave,,,A2026-07-01 09:20:00,12,ACCEPTED,True,normal,,,,,setup_close,2026-09-01 13:00:00,0,,,,,126.4,next_choch,2026-09-03 09:15:00,7045.95,TAKE,2026-09-01 13:00:00,126.4,next_choch,2026-09-03 09:15:00,7045.95
design-period_5m,ST6_FB,W-ATR2,2026-09-03 09:35:00,up,2026-09-03 09:15:00,B2026-07-27 11:05:00,B,24123.5,24143.5,2,1,57200.0,6,9490.0,False,True,LEAVE,B2026-09-01 14:55:00,B2026-07-27 11:05:00,4,False,WATCH,WATCH,,,leave_vol_fail,,B2026-07-27 11:05:00,2,RECYCLE,False,normal,WATCH,B2026-07-27 11:05:00,armed_expired:back_inside,,,,,,,,,-44.0,stop_loss,2026-09-03 10:35:00,-2343.66,,,,,,
design-period_5m,ST6_FB,W-ATR2,2026-09-03 11:00:00,down,2026-09-03 10:55:00,A2026-09-03 10:45:00,A,24061.0,24081.0,1,2,40430.0,2,40430.0,False,False,LEAVE,B2026-09-01 14:55:00,A2026-09-03 10:45:00,21,True,WATCH,WATCH,,,leave_vol_fail,,A2026-09-03 10:45:00,1,FIRST_PRINT,False,normal,WATCH,A2026-09-03 10:45:00,armed_expired:back_inside,,,,,,,,,-19.0,stop_loss,2026-09-03 11:30:00,-1155.57,,,,,,
design-period_5m,ST6_FB,W-ATR2,2026-09-03 12:20:00,down,2026-09-03 12:15:00,B2026-07-23 13:25:00,B,24032.55,24052.55,8,3,85475.0,7,20020.0,False,True,PENDING,,,37,True,WATCH,REENTER,,,,,,,,,,WATCH_EDGE,B2026-07-23 13:25:00,reenter,watch_edge,reenter_close,2026-09-03 12:25:00,1,5.95,1,1,setup,-29.0,stop_loss,2026-09-03 13:10:00,-1224.33,REENTER,2026-09-03 12:25:00,-22.4,stop_loss,2026-09-03 13:10:00,-1081.45
design-period_5m,ST6_FB,W-ATR2,2026-09-03 15:25:00,down,2026-09-03 14:55:00,B2026-09-02 13:10:00,B,23996.7,24016.7,5,3,165100.0,5,85865.0,False,False,PENDING,,A2026-09-02 15:10:00,74,True,BLOCK,BLOCK,clock,,,,,,,,,,,,,,,,,,,,-64.7,stop_loss,2026-09-04 09:15:00,-3752.69,,,,,,
design-period_5m,ST6_FB,W-ATR2,2026-09-04 09:50:00,up,2026-09-04 09:15:00,B2026-07-23 13:25:00,B,24032.55,24052.55,12,5,230880.0,7,20020.0,False,True,PENDING,,A2026-09-03 10:45:00,7,False,WATCH,REENTER,,,,,,,,,,WATCH_EDGE,B2026-07-23 13:25:00,reenter,watch_edge,reenter_close,2026-09-04 09:55:00,1,20.45,1,1,setup,-15.8,next_choch,2026-09-04 12:55:00,-1356.7,REENTER,2026-09-04 09:55:00,-21.0,next_choch,2026-09-04 12:55:00,-1295.0
design-period_5m,ST6_FB,W-ATR2,2026-09-04 14:25:00,up,2026-09-04 14:10:00,A2026-09-03 10:45:00,A,24061.0,24081.0,7,12,98280.0,2,40430.0,False,False,PENDING,,B2026-09-01 14:55:00,62,True,WATCH,WATCH,,,,,,,,,,WATCH_EDGE,A2026-09-03 10:45:00,armed_expired:back_inside,,,,,,,,,-25.6,stop_loss,2026-09-04 14:35:00,-1526.11,,,,,,
design-period_5m,ST6_FB,W-ATR2,2026-09-04 15:00:00,down,2026-09-04 14:40:00,A2026-09-03 10:45:00,A,24061.0,24081.0,7,17,158795.0,2,40430.0,False,False,PENDING,,B2026-07-23 13:05:00,69,False,WATCH,REENTER,,,,,,,,,,WATCH_EDGE,A2026-09-03 10:45:00,reenter,watch_edge,reenter_close,2026-09-04 15:05:00,1,4.3,1,1,setup,-12.5,stop_loss,2026-09-04 15:15:00,-847.81,REENTER,2026-09-04 15:05:00,-13.3,stop_loss,2026-09-04 15:15:00,-545.75
design-period_5m,ST6_FB,W-ATR2,2026-09-07 10:10:00,down,2026-09-07 09:55:00,B2026-09-07 09:45:00,B,23930.25,23950.25,2,4,85605.0,5,247585.0,False,False,PENDING,,B2026-07-24 12:10:00,11,False,WATCH,REENTER,,,,,,,,,,WATCH_EDGE,B2026-09-07 09:45:00,reenter,watch_edge,reenter_close,2026-09-07 10:15:00,1,30.05,1,1,setup,2.8,next_choch,2026-09-07 14:00:00,-641.25,REENTER,2026-09-07 10:15:00,-13.8,next_choch,2026-09-07 14:00:00,-980.35
design-period_5m,ST6_FB,W-ATR2,2026-09-07 14:35:00,down,2026-09-07 14:30:00,B2026-09-07 12:45:00,B,23873.05,23893.05,3,1,15145.0,5,151125.0,False,False,LEAVE,B2026-09-07 10:35:00,B2026-09-07 12:45:00,64,False,WATCH,WATCH,,,leave_vol_fail,,B2026-09-07 12:45:00,3,THIN,False,normal,WATCH,B2026-09-07 12:45:00,armed_expired:back_inside,,,,,,,,,436.9,next_choch,2026-09-22 09:15:00,9490.89,,,,,,
design-period_5m,ST6_FB,W-ATR2,2026-09-22 10:10:00,up,2026-09-22 09:40:00,B2026-09-21 14:20:00,B,23449.8,23469.8,1,25,791895.0,25,791895.0,False,False,PENDING,,A2026-09-21 15:25:00,11,True,WATCH,WATCH,,,,,,,,,,WATCH_EDGE,B2026-09-21 14:20:00,armed_expired:back_inside,,,,,,,,,-21.7,stop_loss,2026-09-22 10:20:00,-1170.33,,,,,,
design-period_5m,ST6_FB,W-ATR2,2026-09-22 10:30:00,down,2026-09-22 10:20:00,B2026-09-21 13:40:00,B,23424.75,23444.75,2,1,86385.0,8,125125.0,False,False,LEAVE,B2026-09-21 14:20:00,B2026-09-21 13:40:00,15,False,WATCH,WATCH,leave_into_recycle,,leave_into_recycle,,B2026-09-21 13:40:00,2,RECYCLE,True,normal,WATCH,B2026-09-21 13:40:00,armed_expired:session_end,,,,,,,,,12.0,next_choch,2026-09-23 09:15:00,60.61,,,,,,
design-period_5m,ST6_FB,W-ATR2,2026-09-23 09:50:00,down,2026-09-23 09:45:00,B2026-09-11 12:25:00,B,23396.5,23416.5,13,4,121030.0,11,356590.0,False,False,PENDING,,B2026-09-15 12:00:00,7,False,WATCH,WATCH,,,,,,,,,,WATCH_EDGE,B2026-09-11 12:25:00,armed_expired:back_inside,,,,,,,,,-37.4,stop_loss,2026-09-23 10:15:00,-2645.62,,,,,,
design-period_5m,ST6_FB,W-ATR2,2026-09-23 10:25:00,up,2026-09-23 10:15:00,B2026-09-15 10:20:00,B,23412.15,23432.15,4,2,55575.0,6,403845.0,False,False,LEAVE,B2026-09-21 10:20:00,B2026-09-15 10:20:00,14,False,WATCH,WATCH,leave_into_recycle,,leave_into_recycle,,B2026-09-15 10:20:00,4,THIN,True,normal,WATCH,B2026-09-15 10:20:00,armed_expired:back_inside,,,,,,,,,19.6,next_choch,2026-09-23 14:45:00,1043.11,,,,,,
design-period_5m,ST6_FB,W-ATR2,2026-09-23 15:00:00,down,2026-09-23 14:45:00,B2026-09-21 15:25:00,B,23435.55,23455.55,4,4,160030.0,5,200395.0,False,False,PENDING,,B2026-09-21 13:40:00,69,True,WATCH,WATCH,,,,,,,,,,WATCH_EDGE,B2026-09-21 15:25:00,armed_expired:back_inside,,,,,,,,,247.5,open,2026-09-25 15:25:00,14568.21,,,,,,
unseen-test_5m,ST6_FB,W-ATR2,2026-07-08 09:35:00,down,2026-07-08 09:30:00,B2026-07-02 15:00:00,B,24510.5,24530.5,2,1,5005.0,10,18265.0,True,True,PENDING,,,4,True,WATCH,WATCH,,,,,,,,,,WATCH_EDGE,B2026-07-02 15:00:00,armed_expired:back_inside,,,,,,,,,-27.8,stop_loss,2026-07-08 09:50:00,-1989.4,,,,,,
unseen-test_5m,ST6_FB,W-ATR2,2026-07-08 10:40:00,up,2026-07-08 10:35:00,A2026-07-08 09:55:00,A,24550.0,24570.0,1,1,1885.0,1,1885.0,True,True,LEAVE,B2026-07-02 15:00:00,,17,True,TAKE,TAKE,,leave,,,,,,,normal,,,,,setup_close,2026-07-08 10:40:00,0,,,,,-35.0,stop_loss,2026-07-08 11:50:00,-1643.16,TAKE,2026-07-08 10:40:00,-35.0,stop_loss,2026-07-08 11:50:00,-1643.16
unseen-test_5m,ST6_FB,W-ATR2,2026-07-08 12:20:00,down,2026-07-08 12:10:00,B2026-07-02 15:00:00,B,24510.5,24530.5,4,1,1625.0,10,18265.0,True,True,LEAVE,B2026-07-08 10:10:00,,37,True,TAKE,TAKE,,leave,,,,,,,normal,,,,,setup_close,2026-07-08 12:20:00,0,,,,,-17.0,stop_loss,2026-07-08 13:05:00,-1821.25,TAKE,2026-07-08 12:20:00,-17.0,stop_loss,2026-07-08 13:05:00,-1821.25
unseen-test_5m,ST6_FB,W-ATR2,2026-07-09 10:40:00,up,2026-07-09 10:00:00,B2026-07-09 09:45:00,B,24297.25,24317.25,2,4,2665.0,8,30355.0,True,True,PENDING,,B2026-07-01 14:00:00,17,False,WATCH,WATCH,,,,,,,,,,WATCH,B2026-07-01 14:00:00,cancelled:opposite_leave,,,,,,,,,-62.6,stop_loss,2026-07-09 10:45:00,-3925.3,,,,,,
unseen-test_5m,ST6_FB,W-ATR2,2026-07-09 13:45:00,up,2026-07-09 13:35:00,B2026-07-01 11:35:00,B,24335.85,24355.85,9,1,130.0,6,5200.0,True,True,LEAVE,B2026-07-09 10:25:00,B2026-07-01 15:05:00,54,True,TAKE,TAKE,,leave,,,B2026-07-01 15:05:00,1,FIRST_PRINT,,normal,,,,,setup_close,2026-07-09 13:45:00,0,,,,,-28.0,stop_loss,2026-07-09 13:50:00,-790.59,TAKE,2026-07-09 13:45:00,-28.0,stop_loss,2026-07-09 13:50:00,-790.59
unseen-test_5m,ST6_FB,W-ATR2,2026-07-09 14:20:00,down,2026-07-09 14:10:00,B2026-07-09 10:25:00,B,24314.55,24334.55,6,4,975.0,5,7605.0,True,True,PENDING,,B2026-07-09 09:45:00,61,False,WATCH,WATCH,,,,,,,,,,WATCH_EDGE,B2026-07-09 10:25:00,armed_expired:back_inside,,,,,,,,,-29.1,stop_loss,2026-07-09 14:30:00,-1323.05,,,,,,
unseen-test_5m,ST6_FB,W-ATR2,2026-07-10 09:30:00,up,2026-07-10 09:15:00,B2026-07-02 11:00:00,B,24430.65,24450.65,3,3,25610.0,7,2080.0,True,True,PENDING,,B2026-07-02 13:05:00,3,False,WATCH,REENTER,,,,,,,,,,WATCH_EDGE,B2026-07-02 11:00:00,reenter,watch_edge,reenter_close,2026-07-10 09:35:00,1,9.35,1,1,setup,-158.6,stop_loss,2026-07-13 09:15:00,-9144.85,REENTER,2026-07-10 09:35:00,-24.0,band_reclaim,2026-07-10 11:35:00,-1133.9
unseen-test_5m,ST6_FB,W-ATR2,2026-07-13 12:00:00,up,2026-07-13 11:50:00,B2026-07-13 11:30:00,B,24380.0,24400.0,1,9,7800.0,9,7800.0,True,True,PENDING,,,33,True,BLOCK,BLOCK,new,,,,,,,,,,,,,,,,,,,,52.7,next_choch,2026-07-13 15:15:00,2865.22,,,,,,
unseen-test_5m,ST6_FB,W-ATR2,2026-07-13 15:20:00,down,2026-07-13 15:15:00,B2026-07-02 13:05:00,B,24449.8,24469.8,9,2,10010.0,7,1235.0,True,True,LEAVE,B2026-07-08 12:45:00,B2026-07-02 13:05:00,73,True,BLOCK,BLOCK,clock,,,,B2026-07-02 13:05:00,9,HUNT,,normal,,,,,,,,,,,,-24.1,stop_loss,2026-07-13 15:25:00,-1060.28,,,,,,
unseen-test_5m,ST6_FB,W-ATR2,2026-07-15 11:10:00,down,2026-07-15 10:55:00,B2026-07-02 11:35:00,B,24410.0,24430.0,7,4,1625.0,10,3445.0,True,True,ACCEPTED,,B2026-07-02 11:35:00,23,True,WATCH,WATCH,,,accepted_no_defend,,,,,,,WATCH,B2026-07-02 11:35:00,cancelled:opposite_leave,,,,,,,,,-21.0,stop_loss,2026-07-15 11:30:00,-2512.99,,,,,,
unseen-test_5m,ST6_FB,W-ATR2,2026-07-15 12:35:00,down,2026-07-15 11:50:00,B2026-07-13 11:30:00,B,24380.0,24400.0,2,1,2405.0,9,7800.0,True,True,LEAVE,B2026-07-02 11:35:00,B2026-07-13 11:30:00,40,False,WATCH,WATCH,leave_into_recycle,,leave_into_recycle,,B2026-07-13 11:30:00,2,RECYCLE,,normal,WATCH,B2026-07-13 11:30:00,cancelled:opposite_leave,,,,,,,,,-10.5,next_choch,2026-07-16 09:15:00,-1776.84,,,,,,
unseen-test_5m,ST6_FB,W-ATR2,2026-07-16 10:55:00,up,2026-07-16 09:15:00,A2026-07-15 12:50:00,A,24395.0,24415.0,3,1,650.0,2,780.0,True,True,LEAVE,B2026-07-01 14:00:00,B2026-07-02 11:35:00,20,True,TAKE,TAKE,,leave,,,B2026-07-02 11:35:00,8,ACCEPTED,,normal,,,,,setup_close,2026-07-16 10:55:00,0,,,,,-68.1,stop_loss,2026-07-16 13:25:00,-5545.02,TAKE,2026-07-16 10:55:00,-68.1,stop_loss,2026-07-16 13:25:00,-5545.02
unseen-test_5m,ST6_FB,W-ATR2,2026-07-17 10:15:00,up,2026-07-17 09:55:00,B2026-07-02 11:00:00,B,24430.65,24450.65,10,5,14625.0,7,2080.0,True,True,PENDING,,B2026-07-02 13:25:00,12,True,WATCH,REENTER,,,,,,,,,,WATCH_EDGE,B2026-07-02 11:00:00,reenter,watch_edge,reenter_close,2026-07-17 10:20:00,1,19.15,1,1,setup,-45.0,stop_loss,2026-07-17 11:10:00,-2641.04,REENTER,2026-07-17 10:20:00,-35.5,stop_loss,2026-07-17 11:10:00,-1699.05
unseen-test_5m,ST6_FB,W-ATR2,2026-07-20 09:25:00,down,2026-07-20 09:20:00,B2026-07-02 11:00:00,B,24430.65,24450.65,13,1,9425.0,7,2080.0,True,True,LEAVE,A2026-07-08 09:55:00,A2026-07-15 12:50:00,2,False,BLOCK,BLOCK,hunt_fade,,,,A2026-07-15 12:50:00,5,RECYCLE,,gap,,,,,,,,,,,,-35.0,stop_loss,2026-07-20 10:15:00,-2362.22,,,,,,
unseen-test_5m,ST6_FB,W-ATR2,2026-07-20 15:20:00,up,2026-07-20 15:15:00,B2026-07-08 12:45:00,B,24485.0,24505.0,10,3,3705.0,7,20085.0,True,True,LEAVE,B2026-07-02 13:25:00,B2026-07-08 12:45:00,73,True,BLOCK,BLOCK,clock,,,,B2026-07-08 12:45:00,10,ACCEPTED,,normal,,,,,,,,,,,,-8.9,stop_loss,2026-07-21 09:15:00,-139.63,,,,,,
unseen-test_5m,ST6_FB,W-ATR2,2026-07-21 09:30:00,down,2026-07-21 09:25:00,B2026-07-08 12:45:00,B,24485.0,24505.0,10,6,9620.0,7,20085.0,True,True,PENDING,,B2026-07-02 13:05:00,3,False,BLOCK,BLOCK,hunt_fade,,,,,,,,,,,,,,,,,,,,322.0,next_choch,2026-07-27 11:00:00,16161.56,,,,,,
unseen-test_5m,ST6_FB,W-ATR2,2026-07-27 11:15:00,up,2026-07-27 11:00:00,A2026-07-09 09:15:00,A,24141.0,24161.0,7,1,1430.0,1,4875.0,True,True,LEAVE,B2026-07-27 11:05:00,A2026-07-09 09:15:00,24,True,WATCH,WATCH,leave_into_recycle,,leave_into_recycle,,A2026-07-09 09:15:00,7,REJECT,,normal,WATCH,A2026-07-09 09:15:00,armed_expired:back_inside,,,,,,,,,-0.6,next_choch,2026-07-27 12:40:00,-50.76,,,,,,
unseen-test_5m,ST6_FB,W-ATR2,2026-07-27 13:15:00,up,2026-07-27 13:05:00,B2026-07-23 11:40:00,B,24155.2,24175.2,3,2,1690.0,5,6110.0,True,True,LEAVE,A2026-07-09 09:15:00,B2026-07-23 10:25:00,48,False,BLOCK,BLOCK,hunt_fade,,,,B2026-07-23 10:25:00,1,FIRST_PRINT,,normal,,,,,,,,,,,,-19.0,stop_loss,2026-07-27 13:25:00,-1546.4,,,,,,
unseen-test_5m,ST6_FB,W-ATR2,2026-07-27 13:30:00,down,2026-07-27 13:25:00,B2026-07-23 11:40:00,B,24155.2,24175.2,3,4,3510.0,5,6110.0,True,True,PENDING,,A2026-07-09 09:15:00,51,True,WATCH,WATCH,,,,,,,,,,WATCH_EDGE,B2026-07-23 11:40:00,armed_expired:back_inside,,,,,,,,,-35.0,stop_loss,2026-07-27 14:00:00,-3281.87,,,,,,
unseen-test_5m,ST6_FB,W-ATR2,2026-07-27 14:05:00,up,2026-07-27 14:00:00,B2026-07-23 10:25:00,B,24179.75,24199.75,2,1,1755.0,10,35750.0,True,True,LEAVE,B2026-07-27 13:25:00,B2026-07-23 10:25:00,58,True,WATCH,WATCH,leave_into_recycle,,leave_into_recycle,,B2026-07-23 10:25:00,2,RECYCLE,,normal,WATCH,B2026-07-23 10:25:00,armed_expired:back_inside,,,,,,,,,-7.9,next_choch,2026-07-28 10:05:00,-2069.74,,,,,,
unseen-test_5m,ST6_FB,W-ATR2,2026-07-28 10:40:00,up,2026-07-28 10:35:00,A2026-07-01 09:30:00,A,24230.7,24250.7,8,1,1300.0,2,10075.0,True,True,LEAVE,A2026-07-01 09:20:00,A2026-07-01 09:30:00,17,True,WATCH,WATCH,leave_into_recycle,,leave_into_recycle,,A2026-07-01 09:30:00,8,RECYCLE,,normal,WATCH,A2026-07-01 09:30:00,armed_expired:back_inside,,,,,,,,,-2.4,next_choch,2026-07-28 13:10:00,-1803.8,,,,,,
unseen-test_5m,ST6_FB,W-ATR2,2026-07-28 13:15:00,down,2026-07-28 13:10:00,B2026-07-28 11:05:00,B,24241.2,24261.2,3,6,12805.0,5,11050.0,True,True,PENDING,,,48,True,BLOCK,BLOCK,hunt_fade,,,,,,,,,,,,,,,,,,,,-0.1,next_choch,2026-07-28 13:50:00,-1437.0,,,,,,
unseen-test_5m,ST6_FB,W-ATR2,2026-07-28 15:20:00,up,2026-07-28 15:15:00,B2026-07-14 14:25:00,B,24261.0,24281.0,8,1,9230.0,5,3900.0,True,True,LEAVE,A2026-07-01 09:20:00,B2026-07-14 14:25:00,73,False,BLOCK,BLOCK,clock,,,,B2026-07-14 14:25:00,8,RECYCLE,,normal,,,,,,,,,,,,396.5,next_choch,2026-08-11 11:00:00,33367.44,,,,,,
unseen-test_5m,ST6_FB,W-ATR2,2026-08-11 11:05:00,down,2026-08-11 11:00:00,B2026-07-03 10:25:00,B,24651.0,24671.0,6,2,7150.0,18,18525.0,True,True,LEAVE,B2026-07-03 12:10:00,B2026-07-03 10:25:00,22,True,TAKE,TAKE,,leave,,,B2026-07-03 10:25:00,6,ACCEPTED,,normal,,,,,setup_close,2026-08-11 11:05:00,0,,,,,-10.1,next_choch,2026-08-11 11:40:00,-658.32,TAKE,2026-08-11 11:05:00,-10.1,next_choch,2026-08-11 11:40:00,-658.32
unseen-test_5m,ST6_FB,W-ATR2,2026-08-11 11:45:00,up,2026-08-11 11:40:00,B2026-07-03 10:25:00,B,24651.0,24671.0,6,9,23075.0,18,18525.0,True,True,PENDING,,B2026-07-03 09:45:00,30,True,WATCH,WATCH,,,,,,,,,,WATCH_EDGE,B2026-07-03 10:25:00,armed_expired:back_inside,,,,,,,,,-12.9,stop_loss,2026-08-11 11:50:00,-904.28,,,,,,
unseen-test_5m,ST6_FB,W-ATR2,2026-08-11 12:45:00,up,2026-08-11 12:35:00,B2026-07-03 10:25:00,B,24651.0,24671.0,6,20,46085.0,18,18525.0,True,True,PENDING,,B2026-07-03 09:45:00,42,True,WATCH,WATCH,,,,,,,,,,WATCH_EDGE,B2026-07-03 10:25:00,armed_expired:back_inside,,,,,,,,,1.8,next_choch,2026-08-11 13:55:00,-179.35,,,,,,
unseen-test_5m,ST6_FB,W-ATR2,2026-08-12 09:55:00,down,2026-08-12 09:15:00,,,,,,,,,,True,,LEAVE,B2026-08-04 13:55:00,,8,,TAKE,TAKE,,leave,,,,,,,normal,,,,,setup_close,2026-08-12 09:55:00,0,,,,,39.4,next_choch,2026-08-13 10:50:00,1727.58,TAKE,2026-08-12 09:55:00,39.4,next_choch,2026-08-13 10:50:00,1727.58
unseen-test_5m,ST6_FB,W-ATR2,2026-08-13 11:40:00,up,2026-08-13 11:35:00,A2026-08-13 10:10:00,A,24565.0,24585.0,2,2,4875.0,5,11505.0,True,True,LEAVE,B2026-07-08 12:00:00,A2026-08-13 10:10:00,29,True,TAKE,TAKE,,leave,,,A2026-08-13 10:10:00,2,ACCEPTED,,normal,,,,,setup_close,2026-08-13 11:40:00,0,,,,,19.4,next_choch,2026-08-13 13:30:00,1067.46,TAKE,2026-08-13 11:40:00,19.4,next_choch,2026-08-13 13:30:00,1067.46
unseen-test_5m,ST6_FB,W-ATR2,2026-08-13 13:40:00,up,2026-08-13 13:35:00,B2026-08-13 13:10:00,B,24590.9,24610.9,2,6,4355.0,5,8905.0,True,True,PENDING,,B2026-07-03 14:20:00,53,True,WATCH,REENTER,,,,,,,,,,WATCH_EDGE,B2026-08-13 13:10:00,reenter,watch_edge,reenter_close,2026-08-13 13:45:00,1,2.2,1,1,setup,-26.3,stop_loss,2026-08-13 14:45:00,-1000.91,REENTER,2026-08-13 13:45:00,-13.1,band_reclaim,2026-08-13 14:05:00,-877.16
unseen-test_5m,ST6_FB,W-ATR2,2026-08-14 09:25:00,down,2026-08-14 09:15:00,B2026-07-08 12:00:00,B,24534.3,24554.3,9,1,4485.0,5,4940.0,True,True,LEAVE,B2026-08-13 13:10:00,B2026-07-02 15:00:00,2,False,TAKE,TAKE,,leave,,,B2026-07-02 15:00:00,9,ACCEPTED,,gap,,,,,setup_close,2026-08-14 09:25:00,0,,,,,-22.0,next_choch,2026-08-14 10:10:00,-1814.51,TAKE,2026-08-14 09:25:00,-22.0,next_choch,2026-08-14 10:10:00,-1814.51
unseen-test_5m,ST6_FB,W-ATR2,2026-08-14 10:55:00,down,2026-08-14 10:30:00,B2026-07-08 12:00:00,B,24534.3,24554.3,10,9,19565.0,5,4940.0,True,True,PENDING,,B2026-07-02 15:00:00,20,False,WATCH,REENTER,,,,,,,,,,WATCH_EDGE,B2026-07-08 12:00:00,reenter,watch_edge,reenter_close,2026-08-14 11:00:00,1,10.8,1,1,setup,-14.6,next_choch,2026-08-14 12:10:00,-1720.93,REENTER,2026-08-14 11:00:00,-7.0,next_choch,2026-08-14 12:10:00,-1243.44
unseen-test_5m,ST6_FB,W-ATR2,2026-08-14 12:20:00,up,2026-08-14 12:10:00,B2026-07-08 10:10:00,B,24520.7,24540.7,12,6,5395.0,5,7865.0,True,True,PENDING,,B2026-07-08 12:00:00,37,True,WATCH,WATCH,,,,,,,,,,WATCH_EDGE,B2026-07-08 10:10:00,armed_expired:back_inside,,,,,,,,,-18.1,stop_loss,2026-08-14 12:40:00,-1135.5,,,,,,
unseen-test_5m,ST6_FB,W-ATR2,2026-08-14 13:45:00,up,2026-08-14 13:40:00,B2026-07-08 12:00:00,B,24534.3,24554.3,11,10,10335.0,5,4940.0,True,True,PENDING,,A2026-07-08 09:25:00,54,True,WATCH,REENTER,,,,,,,,,,WATCH_EDGE,B2026-07-08 12:00:00,reenter,watch_edge,reenter_close,2026-08-14 13:50:00,1,34.8,1,1,setup,-91.0,stop_loss,2026-08-17 09:15:00,-6692.24,REENTER,2026-08-14 13:50:00,-90.1,stop_loss,2026-08-17 09:15:00,-6604.45
unseen-test_5m,ST6_FB,W-ATR2,2026-08-17 09:30:00,down,2026-08-17 09:15:00,B2026-07-08 12:45:00,B,24485.0,24505.0,11,2,15925.0,7,20085.0,True,True,LEAVE,A2026-07-08 09:25:00,B2026-07-02 13:25:00,3,False,TAKE,TAKE,,leave,,,B2026-07-02 13:25:00,15,ACCEPTED,,gap,,,,,setup_close,2026-08-17 09:30:00,0,,,,,-7.9,next_choch,2026-08-17 12:15:00,-506.48,TAKE,2026-08-17 09:30:00,-7.9,next_choch,2026-08-17 12:15:00,-506.48
unseen-test_5m,ST6_FB,W-ATR2,2026-08-17 12:25:00,up,2026-08-17 12:15:00,B2026-08-17 09:55:00,B,24473.4,24493.4,2,2,4745.0,5,40625.0,True,True,LEAVE,B2026-07-02 13:05:00,B2026-08-17 09:55:00,38,True,TAKE,TAKE,,leave,,,B2026-08-17 09:55:00,2,ACCEPTED,,normal,,,,,setup_close,2026-08-17 12:25:00,0,,,,,-70.4,stop_loss,2026-08-18 09:15:00,-4226.67,TAKE,2026-08-17 12:25:00,-70.4,stop_loss,2026-08-18 09:15:00,-4226.67
unseen-test_5m,ST6_FB,W-ATR2,2026-08-18 09:30:00,down,2026-08-18 09:15:00,B2026-07-02 11:35:00,B,24410.0,24430.0,25,3,80535.0,10,3445.0,True,True,PENDING,,A2026-07-15 12:50:00,3,False,WATCH,WATCH,,,,,,,,,,WATCH_EDGE,B2026-07-02 11:35:00,armed_expired:back_inside,,,,,,,,,19.0,next_choch,2026-08-20 10:10:00,-945.14,,,,,,
unseen-test_5m,ST6_FB,W-ATR2,2026-08-20 11:45:00,up,2026-08-20 11:30:00,B2026-07-01 14:00:00,B,24362.5,24382.5,14,21,628875.0,7,3380.0,True,True,PENDING,,B2026-07-13 11:30:00,30,False,WATCH,WATCH,,,,,,,,,,WATCH_EDGE,B2026-07-01 14:00:00,armed_expired:back_inside,,,,,,,,,0.4,next_choch,2026-08-20 12:35:00,355.94,,,,,,
unseen-test_5m,ST6_FB,W-ATR2,2026-08-20 12:45:00,up,2026-08-20 12:40:00,B2026-07-13 11:30:00,B,24380.0,24400.0,11,7,199030.0,9,7800.0,True,True,PENDING,,B2026-07-02 11:35:00,42,True,WATCH,REENTER,,,,,,,,,,WATCH_EDGE,B2026-07-13 11:30:00,reenter,watch_edge,reenter_close,2026-08-20 12:50:00,1,31.5,1,1,setup,-9.0,next_choch,2026-08-20 14:15:00,-763.35,REENTER,2026-08-20 12:50:00,-15.5,next_choch,2026-08-20 14:15:00,-1273.7
unseen-test_5m,ST6_FB,W-ATR2,2026-08-20 15:05:00,down,2026-08-20 14:15:00,A2026-07-15 12:50:00,A,24395.0,24415.0,14,2,50830.0,2,780.0,True,True,LEAVE,B2026-07-02 11:35:00,B2026-07-13 11:30:00,70,True,TAKE,TAKE,,leave,,,B2026-07-13 11:30:00,11,ACCEPTED,,normal,,,,,setup_close,2026-08-20 15:05:00,0,,,,,-4.2,stop_loss,2026-08-21 09:15:00,239.51,TAKE,2026-08-20 15:05:00,-4.2,stop_loss,2026-08-21 09:15:00,239.51
unseen-test_5m,ST6_FB,W-ATR2,2026-08-21 09:30:00,down,2026-08-21 09:20:00,B2026-07-13 11:30:00,B,24380.0,24400.0,12,1,39780.0,9,7800.0,True,True,LEAVE,A2026-07-15 12:50:00,B2026-07-01 15:05:00,3,True,TAKE,TAKE,,leave,,,B2026-07-01 15:05:00,6,ACCEPTED,,normal,,,,,setup_close,2026-08-21 09:30:00,0,,,,,-43.0,stop_loss,2026-08-21 09:50:00,-2007.33,TAKE,2026-08-21 09:30:00,-43.0,stop_loss,2026-08-21 09:50:00,-2007.33
unseen-test_5m,ST6_FB,W-ATR2,2026-08-21 10:25:00,up,2026-08-21 10:20:00,A2026-07-15 12:50:00,A,24395.0,24415.0,15,1,27365.0,2,780.0,True,True,LEAVE,B2026-07-13 11:30:00,A2026-07-15 12:50:00,14,True,WATCH,WATCH,leave_into_recycle,,leave_into_recycle,,A2026-07-15 12:50:00,15,RECYCLE,,normal,WATCH,A2026-07-15 12:50:00,replaced,,,,,,,,,-10.0,next_choch,2026-08-21 11:40:00,-538.76,,,,,,
unseen-test_5m,ST6_FB,W-ATR2,2026-08-21 11:50:00,down,2026-08-21 11:40:00,A2026-07-15 12:50:00,A,24395.0,24415.0,15,18,336960.0,2,780.0,True,True,ACCEPTED,,A2026-07-15 12:50:00,31,True,WATCH,WATCH,,,accepted_no_defend,,,,,,,WATCH,A2026-07-15 12:50:00,armed_expired:back_inside,,,,,,,,,-12.0,stop_loss,2026-08-21 13:05:00,-807.9,,,,,,
unseen-test_5m,ST6_FB,W-ATR2,2026-08-21 15:20:00,down,2026-08-21 14:55:00,B2026-07-13 11:30:00,B,24380.0,24400.0,15,20,540150.0,9,7800.0,True,True,REJECT,,B2026-07-13 11:30:00,73,True,BLOCK,BLOCK,clock,,,,,,,,,,,,,,,,,,,,-58.7,stop_loss,2026-08-24 09:15:00,-2973.22,,,,,,
unseen-test_5m,ST6_FB,W-ATR2,2026-08-24 10:50:00,down,2026-08-24 09:55:00,B2026-08-24 10:15:00,B,24420.5,24440.5,2,3,119145.0,5,197730.0,True,True,PENDING,,B2026-07-02 11:35:00,19,True,WATCH,REENTER,,,,,,,,,,WATCH_EDGE,B2026-08-24 10:15:00,reenter,watch_edge,reenter_close,2026-08-24 10:55:00,1,33.5,1,1,setup,89.9,next_choch,2026-08-25 09:20:00,5959.04,REENTER,2026-08-24 10:55:00,62.0,next_choch,2026-08-25 09:20:00,4078.66
unseen-test_5m,ST6_FB,W-ATR2,2026-08-25 09:30:00,up,2026-08-25 09:20:00,B2026-07-09 10:25:00,B,24314.55,24334.55,14,15,958360.0,5,7605.0,True,True,PENDING,,B2026-07-01 11:35:00,3,False,WATCH,WATCH,,,,,,,,,,WATCH_EDGE,B2026-07-09 10:25:00,armed_expired:back_inside,,,,,,,,,-33.4,stop_loss,2026-08-25 09:40:00,-2215.37,,,,,,
unseen-test_5m,ST6_FB,W-ATR2,2026-08-25 11:35:00,up,2026-08-25 10:45:00,B2026-07-09 09:45:00,B,24297.25,24317.25,16,3,105235.0,8,30355.0,True,True,LEAVE,B2026-07-09 11:10:00,B2026-07-09 09:45:00,28,True,TAKE,TAKE,,leave,,,B2026-07-09 09:45:00,16,ACCEPTED,,normal,,,,,setup_close,2026-08-25 11:35:00,0,,,,,-23.4,stop_loss,2026-08-25 13:10:00,-1659.57,TAKE,2026-08-25 11:35:00,-23.4,stop_loss,2026-08-25 13:10:00,-1659.57
unseen-test_5m,ST6_FB,W-ATR2,2026-08-25 14:30:00,up,2026-08-25 14:25:00,B2026-07-01 15:05:00,B,24347.2,24367.2,8,1,130390.0,5,2015.0,True,True,LEAVE,B2026-07-09 10:25:00,B2026-07-13 11:30:00,63,True,WATCH,WATCH,leave_into_recycle,,leave_into_recycle,,B2026-07-13 11:30:00,16,RECYCLE,,normal,WATCH,B2026-07-13 11:30:00,active,,,,,,,,,94.2,open,2026-08-25 15:25:00,4219.17,,,,,,
1m_5m,ST6_FB,W-ATR2,2026-08-26 13:05:00,down,2026-08-26 12:30:00,B2026-07-02 11:00:00,B,24430.65,24450.65,30,1,12155.0,7,2080.0,False,True,LEAVE,B2026-07-02 13:05:00,B2026-07-02 11:00:00,46,True,WATCH,WATCH,,,leave_vol_fail,,B2026-07-02 11:00:00,30,RECYCLE,False,normal,WATCH,B2026-07-02 11:00:00,armed_expired:back_inside,,,,,,,,,-20.5,stop_loss,2026-08-26 14:10:00,-938.28,,,,,,
1m_5m,ST6_FB,W-ATR2,2026-08-26 14:45:00,up,2026-08-26 14:10:00,B2026-07-02 13:25:00,B,24460.6,24480.6,19,1,21320.0,17,5330.0,False,True,LEAVE,B2026-07-02 11:00:00,B2026-07-02 13:25:00,66,False,BLOCK,BLOCK,hunt_fade,,,,B2026-07-02 13:25:00,19,RECYCLE,False,normal,,,,,,,,,,,,-20.5,next_choch,2026-08-26 15:20:00,-1746.78,,,,,,
1m_5m,ST6_FB,W-ATR2,2026-08-26 15:25:00,down,2026-08-26 15:20:00,B2026-07-02 11:00:00,B,24430.65,24450.65,31,1,48555.0,7,2080.0,False,True,LEAVE,B2026-07-02 13:25:00,B2026-07-02 11:00:00,74,False,BLOCK,BLOCK,clock,,,,B2026-07-02 11:00:00,31,RECYCLE,True,normal,,,,,,,,,,,,64.8,next_choch,2026-08-27 13:10:00,4263.99,,,,,,
1m_5m,ST6_FB,W-ATR2,2026-08-27 15:25:00,down,2026-08-27 15:20:00,B2026-07-14 14:25:00,B,24261.0,24281.0,11,1,116415.0,5,3900.0,False,True,LEAVE,B2026-07-09 09:45:00,B2026-07-14 14:25:00,74,False,BLOCK,BLOCK,clock,,,,B2026-07-14 14:25:00,11,RECYCLE,True,normal,,,,,,,,,,,,-42.8,stop_loss,2026-08-28 09:25:00,-2633.2,,,,,,
1m_5m,ST6_FB,W-ATR2,2026-08-28 10:10:00,up,2026-08-28 09:40:00,B2026-07-14 12:00:00,B,24325.5,24345.5,6,3,44785.0,5,4550.0,False,True,PENDING,,B2026-07-01 15:05:00,11,False,WATCH,REENTER,,,,,,,,,,WATCH_EDGE,B2026-07-14 12:00:00,reenter,watch_edge,reenter_close,2026-08-28 10:15:00,1,10.1,1,1,setup,-42.9,stop_loss,2026-08-28 11:25:00,-3587.7,REENTER,2026-08-28 10:15:00,-20.7,band_reclaim,2026-08-28 11:05:00,-1651.73
1m_5m,ST6_FB,W-ATR2,2026-08-28 11:55:00,down,2026-08-28 11:50:00,B2026-07-28 11:05:00,B,24241.2,24261.2,6,1,82095.0,5,11050.0,False,True,LEAVE,A2026-07-01 11:10:00,B2026-07-28 11:05:00,32,False,WATCH,WATCH,leave_into_recycle,,leave_into_recycle,,B2026-07-28 11:05:00,6,RECYCLE,True,normal,WATCH,B2026-07-28 11:05:00,cancelled:opposite_leave,,,,,,,,,-27.1,stop_loss,2026-08-28 13:15:00,-1301.99,,,,,,
1m_5m,ST6_FB,W-ATR2,2026-08-28 14:25:00,up,2026-08-28 14:10:00,A2026-07-01 11:10:00,A,24275.0,24295.0,11,10,122850.0,2,1040.0,False,True,PENDING,,B2026-07-09 11:10:00,62,True,WATCH,WATCH,,,,,,,,,,WATCH_EDGE,A2026-07-01 11:10:00,armed_expired:session_end,,,,,,,,,-1.7,next_choch,2026-08-28 15:00:00,-517.37,,,,,,
1m_5m,ST6_FB,W-ATR2,2026-08-28 15:25:00,up,2026-08-28 15:10:00,B2026-07-01 11:35:00,B,24335.85,24355.85,19,1,75335.0,6,5200.0,False,True,LEAVE,B2026-07-09 10:25:00,B2026-07-01 11:35:00,74,False,BLOCK,BLOCK,clock,,,,B2026-07-01 11:35:00,19,RECYCLE,True,normal,,,,,,,,,,,,-145.4,stop_loss,2026-08-31 09:15:00,-9802.54,,,,,,
1m_5m,ST6_FB,W-ATR2,2026-08-31 09:40:00,down,2026-08-31 09:15:00,B2026-07-27 13:25:00,B,24168.5,24188.5,3,1,48620.0,5,6630.0,False,True,LEAVE,B2026-07-22 14:10:00,B2026-07-27 13:25:00,5,False,WATCH,WATCH,,,leave_vol_fail,,B2026-07-27 13:25:00,3,RECYCLE,False,normal,WATCH,B2026-07-27 13:25:00,cancelled:opposite_leave,,,,,,,,,-80.8,stop_loss,2026-08-31 11:50:00,-4268.82,,,,,,
1m_5m,ST6_FB,W-ATR2,2026-08-31 13:40:00,down,2026-08-31 13:30:00,B2026-07-14 14:25:00,B,24261.0,24281.0,14,1,6110.0,5,3900.0,False,True,PENDING,,B2026-07-28 11:05:00,53,False,WATCH,WATCH,,,,,,,,,,WATCH_EDGE,B2026-07-14 14:25:00,armed_expired:back_inside,,,,,,,,,-18.0,stop_loss,2026-08-31 14:45:00,-2174.02,,,,,,
1m_5m,ST6_FB,W-ATR2,2026-09-01 09:20:00,down,2026-09-01 09:15:00,B2026-07-27 13:25:00,B,24168.5,24188.5,4,1,70460.0,5,6630.0,False,True,LEAVE,B2026-07-28 11:05:00,B2026-07-27 13:25:00,1,False,BLOCK,BLOCK,open_pierce,,,,B2026-07-27 13:25:00,4,RECYCLE,False,gap,,,,,,,,,,,,-36.7,stop_loss,2026-09-01 09:25:00,-1996.01,,,,,,
1m_5m,ST6_FB,W-ATR2,2026-09-01 13:00:00,down,2026-09-01 12:55:00,A2026-07-01 09:30:00,A,24230.7,24250.7,17,1,15145.0,2,10075.0,False,True,LEAVE,B2026-07-28 11:05:00,A2026-07-01 09:20:00,45,True,TAKE,TAKE,,leave,,,A2026-07-01 09:20:00,12,ACCEPTED,True,normal,,,,,setup_close,2026-09-01 13:00:00,0,,,,,126.4,next_choch,2026-09-03 09:15:00,7045.95,TAKE,2026-09-01 13:00:00,126.4,next_choch,2026-09-03 09:15:00,7045.95
1m_5m,ST6_FB,W-ATR2,2026-09-03 09:35:00,up,2026-09-03 09:15:00,B2026-07-27 11:05:00,B,24123.5,24143.5,2,1,57200.0,6,9490.0,False,True,LEAVE,B2026-09-01 14:55:00,B2026-07-27 11:05:00,4,False,WATCH,WATCH,,,leave_vol_fail,,B2026-07-27 11:05:00,2,RECYCLE,False,normal,WATCH,B2026-07-27 11:05:00,armed_expired:back_inside,,,,,,,,,-44.0,stop_loss,2026-09-03 10:35:00,-2343.66,,,,,,
1m_5m,ST6_FB,W-ATR2,2026-09-03 11:00:00,down,2026-09-03 10:55:00,A2026-09-03 10:45:00,A,24061.0,24081.0,1,2,40430.0,2,40430.0,False,False,LEAVE,B2026-09-01 14:55:00,A2026-09-03 10:45:00,21,True,WATCH,WATCH,,,leave_vol_fail,,A2026-09-03 10:45:00,1,FIRST_PRINT,False,normal,WATCH,A2026-09-03 10:45:00,armed_expired:back_inside,,,,,,,,,-19.0,stop_loss,2026-09-03 11:30:00,-1155.57,,,,,,
1m_5m,ST6_FB,W-ATR2,2026-09-03 12:20:00,down,2026-09-03 12:15:00,B2026-07-23 13:25:00,B,24032.55,24052.55,8,3,85475.0,7,20020.0,False,True,PENDING,,,37,True,WATCH,REENTER,,,,,,,,,,WATCH_EDGE,B2026-07-23 13:25:00,reenter,watch_edge,reenter_close,2026-09-03 12:25:00,1,5.95,1,1,setup,-29.0,stop_loss,2026-09-03 13:10:00,-1224.33,REENTER,2026-09-03 12:25:00,-22.4,stop_loss,2026-09-03 13:10:00,-1081.45
1m_5m,ST6_FB,W-ATR2,2026-09-03 15:25:00,down,2026-09-03 14:55:00,B2026-09-02 13:10:00,B,23996.7,24016.7,5,3,165100.0,5,85865.0,False,False,PENDING,,A2026-09-02 15:10:00,74,True,BLOCK,BLOCK,clock,,,,,,,,,,,,,,,,,,,,-64.7,stop_loss,2026-09-04 09:15:00,-3752.69,,,,,,
1m_5m,ST6_FB,W-ATR2,2026-09-04 09:50:00,up,2026-09-04 09:15:00,B2026-07-23 13:25:00,B,24032.55,24052.55,12,5,230880.0,7,20020.0,False,True,PENDING,,A2026-09-03 10:45:00,7,False,WATCH,REENTER,,,,,,,,,,WATCH_EDGE,B2026-07-23 13:25:00,reenter,watch_edge,reenter_close,2026-09-04 09:55:00,1,20.45,1,1,setup,-15.8,next_choch,2026-09-04 12:55:00,-1356.7,REENTER,2026-09-04 09:55:00,-21.0,next_choch,2026-09-04 12:55:00,-1295.0
1m_5m,ST6_FB,W-ATR2,2026-09-04 14:25:00,up,2026-09-04 14:10:00,A2026-09-03 10:45:00,A,24061.0,24081.0,7,12,98280.0,2,40430.0,False,False,PENDING,,B2026-09-01 14:55:00,62,True,WATCH,WATCH,,,,,,,,,,WATCH_EDGE,A2026-09-03 10:45:00,armed_expired:back_inside,,,,,,,,,-25.6,stop_loss,2026-09-04 14:35:00,-1526.11,,,,,,
1m_5m,ST6_FB,W-ATR2,2026-09-04 15:00:00,down,2026-09-04 14:40:00,A2026-09-03 10:45:00,A,24061.0,24081.0,7,17,158795.0,2,40430.0,False,False,PENDING,,B2026-07-23 13:05:00,69,False,WATCH,REENTER,,,,,,,,,,WATCH_EDGE,A2026-09-03 10:45:00,reenter,watch_edge,reenter_close,2026-09-04 15:05:00,1,4.3,1,1,setup,-12.5,stop_loss,2026-09-04 15:15:00,-847.81,REENTER,2026-09-04 15:05:00,-13.3,stop_loss,2026-09-04 15:15:00,-545.75
1m_5m,ST6_FB,W-ATR2,2026-09-07 10:10:00,down,2026-09-07 09:55:00,B2026-09-07 09:45:00,B,23930.25,23950.25,2,4,85605.0,5,247585.0,False,False,PENDING,,B2026-07-24 12:10:00,11,False,WATCH,REENTER,,,,,,,,,,WATCH_EDGE,B2026-09-07 09:45:00,reenter,watch_edge,reenter_close,2026-09-07 10:15:00,1,30.05,1,1,setup,2.8,next_choch,2026-09-07 14:00:00,-641.25,REENTER,2026-09-07 10:15:00,-13.8,next_choch,2026-09-07 14:00:00,-980.35
1m_5m,ST6_FB,W-ATR2,2026-09-07 14:35:00,down,2026-09-07 14:30:00,B2026-09-07 12:45:00,B,23873.05,23893.05,3,1,15145.0,5,151125.0,False,False,LEAVE,B2026-09-07 10:35:00,B2026-09-07 12:45:00,64,False,WATCH,WATCH,,,leave_vol_fail,,B2026-09-07 12:45:00,3,THIN,False,normal,WATCH,B2026-09-07 12:45:00,armed_expired:back_inside,,,,,,,,,436.9,next_choch,2026-09-22 09:15:00,9490.89,,,,,,
1m_5m,ST6_FB,W-ATR2,2026-09-22 10:10:00,up,2026-09-22 09:40:00,B2026-09-21 14:20:00,B,23449.8,23469.8,1,25,791895.0,25,791895.0,False,False,PENDING,,A2026-09-21 15:25:00,11,True,WATCH,WATCH,,,,,,,,,,WATCH_EDGE,B2026-09-21 14:20:00,armed_expired:back_inside,,,,,,,,,-21.7,stop_loss,2026-09-22 10:20:00,-1170.33,,,,,,
1m_5m,ST6_FB,W-ATR2,2026-09-22 10:30:00,down,2026-09-22 10:20:00,B2026-09-21 13:40:00,B,23424.75,23444.75,2,1,86385.0,8,125125.0,False,False,LEAVE,B2026-09-21 14:20:00,B2026-09-21 13:40:00,15,False,WATCH,WATCH,leave_into_recycle,,leave_into_recycle,,B2026-09-21 13:40:00,2,RECYCLE,True,normal,WATCH,B2026-09-21 13:40:00,armed_expired:session_end,,,,,,,,,12.0,next_choch,2026-09-23 09:15:00,60.61,,,,,,
1m_5m,ST6_FB,W-ATR2,2026-09-23 09:50:00,down,2026-09-23 09:45:00,B2026-09-11 12:25:00,B,23396.5,23416.5,13,4,121030.0,11,356590.0,False,False,PENDING,,B2026-09-15 12:00:00,7,False,WATCH,WATCH,,,,,,,,,,WATCH_EDGE,B2026-09-11 12:25:00,armed_expired:back_inside,,,,,,,,,-37.4,stop_loss,2026-09-23 10:15:00,-2645.62,,,,,,
1m_5m,ST6_FB,W-ATR2,2026-09-23 10:25:00,up,2026-09-23 10:15:00,B2026-09-15 10:20:00,B,23412.15,23432.15,4,2,55575.0,6,403845.0,False,False,LEAVE,B2026-09-21 10:20:00,B2026-09-15 10:20:00,14,False,WATCH,WATCH,leave_into_recycle,,leave_into_recycle,,B2026-09-15 10:20:00,4,THIN,True,normal,WATCH,B2026-09-15 10:20:00,armed_expired:back_inside,,,,,,,,,19.6,next_choch,2026-09-23 14:45:00,1043.11,,,,,,
1m_5m,ST6_FB,W-ATR2,2026-09-23 15:00:00,down,2026-09-23 14:45:00,B2026-09-21 15:25:00,B,23435.55,23455.55,4,4,160030.0,5,200395.0,False,False,PENDING,,B2026-09-21 13:40:00,69,True,WATCH,WATCH,,,,,,,,,,WATCH_EDGE,B2026-09-21 15:25:00,armed_expired:back_inside,,,,,,,,,247.5,open,2026-09-25 15:25:00,14568.21,,,,,,
