period,strategy,strike_choice,side,instrument,entry_time,entry_px,exit_time,exit_px,exit_reason,pts,gross_inr,charges_inr,net_inr,is_open
IS,S1M,-,PE,NIFTY26SEPFUT short,2026-08-26 12:10:00,24446.1,2026-08-26 12:18:00,24465.0,stop_loss,-28.9,-1878.5,465.4,-2343.9,0
IS,S1M,-,PE,NIFTY26SEPFUT short,2026-08-26 12:30:00,24450.0,2026-08-26 12:34:00,24459.0,stop_loss,-19.0,-1235.0,465.44,-1700.44,0
IS,S1M,-,CE,NIFTY26SEPFUT long,2026-08-26 12:35:00,24463.7,2026-08-26 12:50:00,24447.1,next_choch,-26.6,-1729.0,465.41,-2194.41,0
IS,S1M,-,CE,NIFTY26SEPFUT long,2026-08-26 12:54:00,24454.0,2026-08-26 13:01:00,24444.0,stop_loss,-20.0,-1300.0,465.34,-1765.34,0
IS,S1M,-,PE,NIFTY26SEPFUT short,2026-08-26 13:02:00,24440.0,2026-08-26 13:35:00,24440.0,next_choch,-10.0,-650.0,465.24,-1115.24,0
IS,S1M,-,PE,NIFTY26SEPFUT short,2026-08-26 13:45:00,24430.0,2026-08-26 14:02:00,24433.3,next_choch,-13.3,-864.5,465.08,-1329.58,0
IS,S1M,-,CE,NIFTY26SEPFUT long,2026-08-26 14:04:00,24438.0,2026-08-26 15:20:00,24455.4,next_choch,7.4,481.0,465.46,15.54,0
IS,S1M,-,PE,NIFTY26SEPFUT short,2026-08-26 15:21:00,24447.8,2026-08-27 12:44:00,24344.0,next_choch,93.8,6097.0,465.09,5631.91,0
IS,S1M,-,CE,NIFTY26SEPFUT long,2026-08-27 12:51:00,24360.0,2026-08-27 13:02:00,24362.0,next_choch,-8.0,-520.0,463.9,-983.9,0
IS,S1M,-,PE,NIFTY26SEPFUT short,2026-08-27 13:05:00,24348.0,2026-08-27 13:12:00,24365.0,stop_loss,-27.0,-1755.0,463.71,-2218.71,0
IS,S1M,-,CE,NIFTY26SEPFUT long,2026-08-27 13:14:00,24373.0,2026-08-27 13:29:00,24364.6,next_choch,-18.4,-1196.0,463.97,-1659.97,0
IS,S1M,-,PE,NIFTY26SEPFUT short,2026-08-27 13:31:00,24345.0,2026-08-27 13:38:00,24361.0,next_choch,-26.0,-1690.0,463.66,-2153.66,0
IS,S1M,-,CE,NIFTY26SEPFUT long,2026-08-27 13:39:00,24362.8,2026-08-27 13:42:00,24349.1,stop_loss,-23.7,-1540.5,463.72,-2004.22,0
IS,S1M,-,PE,NIFTY26SEPFUT short,2026-08-27 13:43:00,24341.2,2026-08-27 14:17:00,24322.0,next_choch,9.2,598.0,463.5,134.5,0
IS,S1M,-,CE,NIFTY26SEPFUT long,2026-08-27 14:19:00,24325.0,2026-08-27 14:45:00,24331.0,next_choch,-4.0,-260.0,463.36,-723.36,0
IS,S1M,-,PE,NIFTY26SEPFUT short,2026-08-27 15:05:00,24319.1,2026-08-27 15:10:00,24321.0,next_choch,-11.9,-773.5,463.18,-1236.68,0
IS,S1M,-,PE,NIFTY26SEPFUT short,2026-08-27 15:15:00,24303.1,2026-08-28 09:17:00,24295.0,next_choch,-1.9,-123.5,462.88,-586.38,0
IS,S1M,-,CE,NIFTY26SEPFUT long,2026-08-28 09:25:00,24320.0,2026-08-28 11:35:00,24276.3,stop_loss,-53.7,-3490.5,462.56,-3953.06,0
IS,S1M,-,PE,NIFTY26SEPFUT short,2026-08-28 11:54:00,24270.0,2026-08-28 13:22:00,24285.0,stop_loss,-25.0,-1625.0,462.37,-2087.37,0
IS,S1M,-,CE,NIFTY26SEPFUT long,2026-08-28 13:40:00,24300.0,2026-08-28 13:48:00,24286.0,stop_loss,-24.0,-1560.0,462.65,-2022.65,0
IS,S1M,-,CE,NIFTY26SEPFUT long,2026-08-28 13:59:00,24291.0,2026-08-28 14:07:00,24280.5,stop_loss,-20.5,-1332.5,462.54,-1795.04,0
IS,S1M,-,CE,NIFTY26SEPFUT long,2026-08-28 14:29:00,24298.8,2026-08-28 15:02:00,24292.1,next_choch,-16.7,-1085.5,462.73,-1548.23,0
IS,S1M,-,CE,NIFTY26SEPFUT long,2026-08-28 15:28:00,24349.4,2026-08-31 09:15:00,24202.6,stop_loss,-156.8,-10192.0,461.58,-10653.58,0
IS,S1M,-,PE,NIFTY26SEPFUT short,2026-08-31 09:26:00,24192.0,2026-08-31 11:35:00,24202.5,next_choch,-20.5,-1332.5,461.03,-1793.53,0
IS,S1M,-,CE,NIFTY26SEPFUT long,2026-08-31 11:42:00,24210.0,2026-08-31 14:04:00,24233.1,next_choch,13.1,851.5,461.64,389.86,0
IS,S1M,-,PE,NIFTY26SEPFUT short,2026-08-31 14:05:00,24216.1,2026-08-31 14:35:00,24229.6,next_choch,-23.5,-1527.5,461.45,-1988.95,0
IS,S1M,-,CE,NIFTY26SEPFUT long,2026-08-31 14:39:00,24240.8,2026-08-31 15:05:00,24247.3,next_choch,-3.5,-227.5,461.93,-689.43,0
IS,S1M,-,PE,NIFTY26SEPFUT short,2026-09-01 09:22:00,24178.0,2026-09-01 10:48:00,24196.4,next_choch,-28.4,-1846.0,460.81,-2306.81,0
IS,S1M,-,CE,NIFTY26SEPFUT long,2026-09-01 10:50:00,24201.0,2026-09-01 12:51:00,24245.0,next_choch,34.0,2210.0,461.79,1748.21,0
IS,S1M,-,PE,NIFTY26SEPFUT short,2026-09-01 12:54:00,24241.0,2026-09-02 14:32:00,24038.4,next_choch,192.6,12519.0,461.29,12057.71,0
IS,S1M,-,CE,NIFTY26SEPFUT long,2026-09-02 14:33:00,24047.0,2026-09-02 14:43:00,24025.7,next_choch,-31.3,-2034.5,458.21,-2492.71,0
IS,S1M,-,PE,NIFTY26SEPFUT short,2026-09-02 14:44:00,24020.6,2026-09-02 15:22:00,24008.3,next_choch,2.3,149.5,458.03,-308.53,0
IS,S1M,-,PE,NIFTY26SEPFUT short,2026-09-02 15:26:00,24000.0,2026-09-03 09:15:00,24108.3,stop_loss,-118.3,-7689.5,458.01,-8147.51,0
IS,S1M,-,CE,NIFTY26SEPFUT long,2026-09-03 09:16:00,24124.0,2026-09-03 09:22:00,24101.0,next_choch,-33.0,-2145.0,459.5,-2604.5,0
IS,S1M,-,PE,NIFTY26SEPFUT short,2026-09-03 09:24:00,24079.0,2026-09-03 09:30:00,24107.6,stop_loss,-38.6,-2509.0,459.14,-2968.14,0
IS,S1M,-,CE,NIFTY26SEPFUT long,2026-09-03 09:33:00,24114.0,2026-09-03 10:13:00,24131.9,next_choch,7.9,513.5,459.92,53.58,0
IS,S1M,-,PE,NIFTY26SEPFUT short,2026-09-03 10:15:00,24117.0,2026-09-03 11:35:00,24095.7,next_choch,11.3,734.5,459.66,274.84,0
IS,S1M,-,PE,NIFTY26SEPFUT short,2026-09-03 11:47:00,24075.9,2026-09-03 12:54:00,24042.0,next_choch,23.9,1553.5,458.92,1094.58,0
IS,S1M,-,PE,NIFTY26SEPFUT short,2026-09-03 13:02:00,24028.7,2026-09-03 13:05:00,24045.0,stop_loss,-26.3,-1709.5,458.25,-2167.75,0
IS,S1M,-,CE,NIFTY26SEPFUT long,2026-09-03 13:11:00,24046.5,2026-09-03 13:21:00,24036.5,next_choch,-20.0,-1300.0,458.37,-1758.37,0
IS,S1M,-,PE,NIFTY26SEPFUT short,2026-09-03 13:23:00,24030.1,2026-09-03 13:33:00,24050.0,stop_loss,-29.9,-1943.5,458.28,-2401.78,0
IS,S1M,-,CE,NIFTY26SEPFUT long,2026-09-03 14:29:00,24041.0,2026-09-03 14:40:00,24026.1,stop_loss,-24.9,-1618.5,458.2,-2076.7,0
IS,S1M,-,PE,NIFTY26SEPFUT short,2026-09-03 14:43:00,24022.5,2026-09-03 14:56:00,24015.4,next_choch,-2.9,-188.5,458.08,-646.58,0
IS,S1M,-,PE,NIFTY26SEPFUT short,2026-09-03 15:07:00,24002.0,2026-09-04 09:15:00,24026.0,stop_loss,-34.0,-2210.0,457.81,-2667.81,0
IS,S1M,-,CE,NIFTY26SEPFUT long,2026-09-04 09:45:00,24048.0,2026-09-04 12:12:00,24080.0,next_choch,22.0,1430.0,459.0,971.0,0
IS,S1M,-,PE,NIFTY26SEPFUT short,2026-09-04 12:13:00,24075.0,2026-09-04 12:49:00,24065.5,next_choch,-0.5,-32.5,458.97,-491.47,0
IS,S1M,-,CE,NIFTY26SEPFUT long,2026-09-04 12:53:00,24068.0,2026-09-04 12:56:00,24056.0,stop_loss,-22.0,-1430.0,458.71,-1888.71,0
IS,S1M,-,PE,NIFTY26SEPFUT short,2026-09-04 12:57:00,24051.3,2026-09-04 13:10:00,24068.0,stop_loss,-26.7,-1735.5,458.64,-2194.14,0
IS,S1M,-,CE,NIFTY26SEPFUT long,2026-09-04 13:16:00,24081.0,2026-09-04 13:32:00,24060.0,next_choch,-31.0,-2015.0,458.8,-2473.8,0
IS,S1M,-,PE,NIFTY26SEPFUT short,2026-09-04 13:33:00,24057.4,2026-09-04 13:39:00,24070.3,stop_loss,-22.9,-1488.5,458.73,-1947.23,0
IS,S1M,-,CE,NIFTY26SEPFUT long,2026-09-04 13:40:00,24071.9,2026-09-04 13:49:00,24074.6,next_choch,-7.3,-474.5,458.98,-933.48,0
IS,S1M,-,PE,NIFTY26SEPFUT short,2026-09-04 13:51:00,24060.0,2026-09-04 14:03:00,24060.5,next_choch,-10.5,-682.5,458.74,-1141.24,0
IS,S1M,-,CE,NIFTY26SEPFUT long,2026-09-04 14:06:00,24072.9,2026-09-04 14:39:00,24063.0,next_choch,-19.9,-1293.5,458.82,-1752.32,0
IS,S1M,-,PE,NIFTY26SEPFUT short,2026-09-04 14:44:00,24058.4,2026-09-04 14:50:00,24070.0,stop_loss,-21.6,-1404.0,458.75,-1862.75,0
IS,S1M,-,PE,NIFTY26SEPFUT short,2026-09-04 15:22:00,24040.3,2026-09-25 15:29:00,23186.0,open,844.3,54879.5,456.09,54423.41,1
OOS,S1M,-,PE,NIFTY26SEPFUT short,2026-07-09 09:53:00,24310.5,2026-07-09 10:00:00,24325.5,next_choch,-25.0,-1625.0,463.07,-2088.07,0
OOS,S1M,-,CE,NIFTY26SEPFUT long,2026-07-09 10:01:00,24340.0,2026-07-09 10:14:00,24315.7,next_choch,-34.3,-2229.5,463.18,-2692.68,0
OOS,S1M,-,PE,NIFTY26SEPFUT short,2026-07-09 10:15:00,24315.1,2026-07-09 10:41:00,24337.9,stop_loss,-32.8,-2132.0,463.17,-2595.17,0
OOS,S1M,-,CE,NIFTY26SEPFUT long,2026-07-09 10:42:00,24400.5,2026-07-09 11:00:00,24287.6,stop_loss,-122.9,-7988.5,462.94,-8451.44,0
OOS,S1M,-,PE,NIFTY26SEPFUT short,2026-07-09 11:01:00,24276.0,2026-07-09 11:05:00,24302.1,stop_loss,-36.1,-2346.5,462.51,-2809.01,0
OOS,S1M,-,CE,NIFTY26SEPFUT long,2026-07-09 12:03:00,24350.0,2026-07-09 12:07:00,24348.5,stop_loss,-11.5,-747.5,463.68,-1211.18,0
OOS,S1M,-,PE,NIFTY26SEPFUT short,2026-07-09 12:40:00,24320.0,2026-07-09 12:55:00,24346.3,next_choch,-36.3,-2359.5,463.26,-2822.76,0
OOS,S1M,-,PE,NIFTY26SEPFUT short,2026-07-09 13:29:00,24315.2,2026-07-09 13:35:00,24334.1,stop_loss,-28.9,-1878.5,463.16,-2341.66,0
OOS,S1M,-,CE,NIFTY26SEPFUT long,2026-07-09 13:38:00,24356.0,2026-07-09 13:52:00,24330.3,stop_loss,-35.7,-2320.5,463.43,-2783.93,0
OOS,S1M,-,PE,NIFTY26SEPFUT short,2026-07-09 13:56:00,24325.8,2026-07-10 09:15:00,24425.0,stop_loss,-109.2,-7098.0,463.56,-7561.56,0
OOS,S1M,-,CE,NIFTY26SEPFUT long,2026-07-10 09:16:00,24440.0,2026-07-10 11:16:00,24440.0,next_choch,-10.0,-650.0,465.24,-1115.24,0
OOS,S1M,-,CE,NIFTY26SEPFUT long,2026-07-10 11:37:00,24450.0,2026-07-10 11:38:00,24442.0,stop_loss,-18.0,-1170.0,465.3,-1635.3,0
OOS,S1M,-,CE,NIFTY26SEPFUT long,2026-07-10 12:01:00,24455.9,2026-07-10 12:12:00,24435.0,stop_loss,-30.9,-2008.5,465.21,-2473.71,0
OOS,S1M,-,CE,NIFTY26SEPFUT long,2026-07-10 12:26:00,24450.0,2026-07-10 13:10:00,24445.1,next_choch,-14.9,-968.5,465.34,-1433.84,0
OOS,S1M,-,PE,NIFTY26SEPFUT short,2026-07-10 13:16:00,24445.0,2026-07-10 13:34:00,24458.3,next_choch,-23.3,-1514.5,465.36,-1979.86,0
OOS,S1M,-,CE,NIFTY26SEPFUT long,2026-07-10 13:40:00,24465.0,2026-07-10 14:09:00,24437.0,stop_loss,-38.0,-2470.0,465.27,-2935.27,0
OOS,S1M,-,CE,NIFTY26SEPFUT long,2026-07-10 14:24:00,24469.0,2026-07-10 14:52:00,24461.5,next_choch,-17.5,-1137.5,465.63,-1603.13,0
OOS,S1M,-,PE,NIFTY26SEPFUT short,2026-07-10 14:58:00,24455.7,2026-07-10 15:00:00,24469.5,next_choch,-23.8,-1547.0,465.55,-2012.55,0
OOS,S1M,-,CE,NIFTY26SEPFUT long,2026-07-10 15:26:00,24480.0,2026-07-13 09:15:00,24286.6,stop_loss,-203.4,-13221.0,463.14,-13684.14,0
OOS,S1M,-,CE,NIFTY26SEPFUT long,2026-07-13 09:49:00,24350.0,2026-07-14 09:15:00,24330.3,stop_loss,-29.7,-1930.5,463.42,-2393.92,0
OOS,S1M,-,PE,NIFTY26SEPFUT short,2026-07-14 09:35:00,24361.0,2026-07-14 10:32:00,24336.0,next_choch,15.0,975.0,463.82,511.18,0
OOS,S1M,-,CE,NIFTY26SEPFUT long,2026-07-14 10:33:00,24338.9,2026-07-14 10:37:00,24322.2,stop_loss,-26.7,-1735.5,463.27,-2198.77,0
OOS,S1M,-,PE,NIFTY26SEPFUT short,2026-07-14 10:38:00,24308.9,2026-07-14 10:49:00,24341.2,stop_loss,-42.3,-2749.5,463.09,-3212.59,0
OOS,S1M,-,CE,NIFTY26SEPFUT long,2026-07-14 10:52:00,24351.3,2026-07-14 11:37:00,24346.7,next_choch,-14.6,-949.0,463.66,-1412.66,0
OOS,S1M,-,PE,NIFTY26SEPFUT short,2026-07-14 11:38:00,24340.0,2026-07-15 09:16:00,24352.0,next_choch,-22.0,-1430.0,463.56,-1893.56,0
OOS,S1M,-,CE,NIFTY26SEPFUT long,2026-07-15 09:17:00,24370.0,2026-07-15 12:33:00,24405.0,next_choch,25.0,1625.0,464.55,1160.45,0
OOS,S1M,-,PE,NIFTY26SEPFUT short,2026-07-15 12:36:00,24401.0,2026-07-15 13:59:00,24315.0,next_choch,76.0,4940.0,464.34,4475.66,0
OOS,S1M,-,CE,NIFTY26SEPFUT long,2026-07-15 14:00:00,24324.0,2026-07-15 14:06:00,24297.3,next_choch,-36.7,-2385.5,462.87,-2848.37,0
OOS,S1M,-,CE,NIFTY26SEPFUT long,2026-07-15 14:15:00,24332.5,2026-07-15 14:51:00,24317.5,next_choch,-25.0,-1625.0,463.19,-2088.19,0
OOS,S1M,-,PE,NIFTY26SEPFUT short,2026-07-15 15:02:00,24304.9,2026-07-15 15:25:00,24317.6,stop_loss,-22.7,-1475.5,462.97,-1938.47,0
OOS,S1M,-,CE,NIFTY26SEPFUT long,2026-07-16 09:15:00,24376.9,2026-07-16 09:28:00,24378.3,next_choch,-8.6,-559.0,464.18,-1023.18,0
OOS,S1M,-,PE,NIFTY26SEPFUT short,2026-07-16 09:34:00,24371.0,2026-07-16 09:56:00,24390.6,next_choch,-29.6,-1924.0,464.11,-2388.11,0
OOS,S1M,-,CE,NIFTY26SEPFUT long,2026-07-16 09:59:00,24399.0,2026-07-16 10:21:00,24372.2,next_choch,-36.8,-2392.0,464.15,-2856.15,0
OOS,S1M,-,PE,NIFTY26SEPFUT short,2026-07-16 10:27:00,24359.8,2026-07-16 10:41:00,24385.0,next_choch,-35.2,-2288.0,463.94,-2751.94,0
OOS,S1M,-,CE,NIFTY26SEPFUT long,2026-07-16 10:45:00,24394.9,2026-07-16 12:02:00,24392.2,next_choch,-12.7,-825.5,464.43,-1289.93,0
OOS,S1M,-,PE,NIFTY26SEPFUT short,2026-07-16 12:17:00,24390.0,2026-07-16 14:17:00,24350.0,next_choch,30.0,1950.0,464.28,1485.72,0
OOS,S1M,-,PE,NIFTY26SEPFUT short,2026-07-16 14:25:00,24325.9,2026-07-16 14:45:00,24342.7,stop_loss,-26.8,-1742.0,463.34,-2205.34,0
OOS,S1M,-,CE,NIFTY26SEPFUT long,2026-07-16 14:47:00,24350.0,2026-07-16 15:05:00,24325.0,stop_loss,-35.0,-2275.0,463.34,-2738.34,0
OOS,S1M,-,CE,NIFTY26SEPFUT long,2026-07-17 09:17:00,24393.3,2026-07-17 13:47:00,24435.0,next_choch,31.7,2060.5,465.04,1595.46,0
OOS,S1M,-,PE,NIFTY26SEPFUT short,2026-07-17 13:51:00,24415.0,2026-07-17 13:59:00,24440.0,stop_loss,-35.0,-2275.0,464.88,-2739.88,0
OOS,S1M,-,CE,NIFTY26SEPFUT long,2026-07-17 14:00:00,24455.8,2026-07-17 14:51:00,24525.0,next_choch,59.2,3848.0,466.51,3381.49,0
OOS,S1M,-,CE,NIFTY26SEPFUT long,2026-07-17 15:23:00,24547.9,2026-07-20 09:15:00,24503.7,stop_loss,-54.2,-3523.0,466.45,-3989.45,0
OOS,S1M,-,PE,NIFTY26SEPFUT short,2026-07-20 09:16:00,24445.0,2026-07-20 10:29:00,24447.3,next_choch,-12.3,-799.5,465.33,-1264.83,0
OOS,S1M,-,PE,NIFTY26SEPFUT short,2026-07-20 11:16:00,24425.0,2026-07-20 12:11:00,24413.8,next_choch,1.2,78.0,464.96,-386.96,0
OOS,S1M,-,CE,NIFTY26SEPFUT long,2026-07-20 12:16:00,24420.0,2026-07-20 12:29:00,24398.6,stop_loss,-31.4,-2041.0,464.59,-2505.59,0
OOS,S1M,-,PE,NIFTY26SEPFUT short,2026-07-20 12:38:00,24390.0,2026-07-20 12:54:00,24396.4,next_choch,-16.4,-1066.0,464.4,-1530.4,0
OOS,S1M,-,CE,NIFTY26SEPFUT long,2026-07-20 12:55:00,24402.6,2026-07-21 09:25:00,24472.2,next_choch,59.6,3874.0,465.6,3408.4,0
OOS,S1M,-,PE,NIFTY26SEPFUT short,2026-07-21 09:32:00,24460.0,2026-07-21 13:42:00,24409.5,next_choch,40.5,2632.5,465.45,2167.05,0
OOS,S1M,-,CE,NIFTY26SEPFUT long,2026-07-21 14:50:00,24414.9,2026-07-21 15:15:00,24420.6,next_choch,-4.3,-279.5,464.89,-744.39,0
OOS,S1M,-,PE,NIFTY26SEPFUT short,2026-07-22 09:27:00,24306.0,2026-07-22 11:33:00,24280.0,next_choch,16.0,1040.0,462.88,577.12,0
OOS,S1M,-,CE,NIFTY26SEPFUT long,2026-07-22 11:34:00,24280.3,2026-07-22 11:39:00,24268.4,stop_loss,-21.9,-1423.5,462.34,-1885.84,0
OOS,S1M,-,PE,NIFTY26SEPFUT short,2026-07-22 12:02:00,24230.0,2026-07-22 12:48:00,24232.9,next_choch,-12.9,-838.5,461.66,-1300.16,0
OOS,S1M,-,CE,NIFTY26SEPFUT long,2026-07-22 12:51:00,24246.0,2026-07-22 13:10:00,24210.0,next_choch,-46.0,-2990.0,461.4,-3451.4,0
OOS,S1M,-,PE,NIFTY26SEPFUT short,2026-07-22 13:12:00,24200.5,2026-07-22 13:32:00,24224.1,stop_loss,-33.6,-2184.0,461.21,-2645.21,0
OOS,S1M,-,CE,NIFTY26SEPFUT long,2026-07-22 13:35:00,24247.7,2026-07-22 13:46:00,24209.9,next_choch,-47.8,-3107.0,461.41,-3568.41,0
OOS,S1M,-,PE,NIFTY26SEPFUT short,2026-07-22 13:54:00,24206.0,2026-07-22 14:53:00,24217.5,next_choch,-21.5,-1397.5,461.27,-1858.77,0
OOS,S1M,-,PE,NIFTY26SEPFUT short,2026-07-22 15:04:00,24203.0,2026-07-22 15:05:00,24215.0,stop_loss,-22.0,-1430.0,461.22,-1891.22,0
OOS,S1M,-,CE,NIFTY26SEPFUT long,2026-07-22 15:07:00,24224.3,2026-07-23 09:15:00,24148.4,stop_loss,-85.9,-5583.5,460.46,-6043.96,0
OOS,S1M,-,CE,NIFTY26SEPFUT long,2026-07-23 09:55:00,24169.0,2026-07-23 11:18:00,24173.5,next_choch,-5.5,-357.5,460.67,-818.17,0
OOS,S1M,-,PE,NIFTY26SEPFUT short,2026-07-23 11:21:00,24169.7,2026-07-23 15:15:00,24081.0,next_choch,78.7,5115.5,460.38,4655.12,0
OOS,S1M,-,CE,NIFTY26SEPFUT long,2026-07-23 15:19:00,24085.0,2026-07-23 15:20:00,24075.0,stop_loss,-20.0,-1300.0,459.02,-1759.02,0
OOS,S1M,-,PE,NIFTY26SEPFUT short,2026-07-24 09:37:00,23899.9,2026-07-24 11:50:00,23925.0,next_choch,-35.1,-2281.5,456.07,-2737.57,0
OOS,S1M,-,CE,NIFTY26SEPFUT long,2026-07-24 12:04:00,23929.0,2026-07-24 13:41:00,23956.5,next_choch,17.5,1137.5,456.9,680.6,0
OOS,S1M,-,PE,NIFTY26SEPFUT short,2026-07-24 13:42:00,23950.1,2026-07-24 13:50:00,23986.2,stop_loss,-46.1,-2996.5,456.96,-3453.46,0
OOS,S1M,-,CE,NIFTY26SEPFUT long,2026-07-24 13:54:00,23992.0,2026-07-24 14:13:00,24001.4,next_choch,-0.6,-39.0,457.71,-496.71,0
OOS,S1M,-,CE,NIFTY26SEPFUT long,2026-07-24 14:16:00,24019.9,2026-07-24 14:19:00,24000.0,stop_loss,-29.9,-1943.5,457.77,-2401.27,0
OOS,S1M,-,PE,NIFTY26SEPFUT short,2026-07-24 14:21:00,23990.8,2026-07-24 14:53:00,24008.0,next_choch,-27.2,-1768.0,457.6,-2225.6,0
OOS,S1M,-,CE,NIFTY26SEPFUT long,2026-07-24 14:55:00,24009.0,2026-07-24 14:58:00,23995.0,stop_loss,-24.0,-1560.0,457.67,-2017.67,0
OOS,S1M,-,PE,NIFTY26SEPFUT short,2026-07-24 15:00:00,23990.0,2026-07-24 15:14:00,24010.0,stop_loss,-30.0,-1950.0,457.6,-2407.6,0
OOS,S1M,-,CE,NIFTY26SEPFUT long,2026-07-24 15:15:00,24050.8,2026-08-12 10:46:00,24585.0,next_choch,524.2,34073.0,466.28,33606.72,0
OOS,S1M,-,PE,NIFTY26SEPFUT short,2026-08-12 10:47:00,24580.0,2026-08-12 12:42:00,24530.0,next_choch,40.0,2600.0,467.5,2132.5,0
OOS,S1M,-,PE,NIFTY26SEPFUT short,2026-08-12 12:44:00,24520.0,2026-08-12 13:19:00,24538.0,stop_loss,-28.0,-1820.0,466.66,-2286.66,0
OOS,S1M,-,PE,NIFTY26SEPFUT short,2026-08-12 13:39:00,24520.3,2026-08-12 14:21:00,24530.0,next_choch,-19.7,-1280.5,466.64,-1747.14,0
OOS,S1M,-,CE,NIFTY26SEPFUT long,2026-08-12 14:22:00,24532.4,2026-08-13 09:26:00,24556.0,next_choch,13.6,884.0,467.16,416.84,0
OOS,S1M,-,PE,NIFTY26SEPFUT short,2026-08-13 09:27:00,24543.0,2026-08-13 09:39:00,24549.0,next_choch,-16.0,-1040.0,467.02,-1507.02,0
OOS,S1M,-,CE,NIFTY26SEPFUT long,2026-08-13 09:40:00,24560.4,2026-08-13 10:11:00,24555.4,next_choch,-15.0,-975.0,467.23,-1442.23,0
OOS,S1M,-,PE,NIFTY26SEPFUT short,2026-08-13 10:12:00,24550.0,2026-08-13 10:49:00,24555.0,next_choch,-15.0,-975.0,467.14,-1442.14,0
OOS,S1M,-,CE,NIFTY26SEPFUT long,2026-08-13 10:50:00,24557.5,2026-08-13 11:06:00,24540.0,stop_loss,-27.5,-1787.5,467.0,-2254.5,0
OOS,S1M,-,PE,NIFTY26SEPFUT short,2026-08-13 11:07:00,24533.5,2026-08-13 11:36:00,24570.0,stop_loss,-46.5,-3022.5,466.94,-3489.44,0
OOS,S1M,-,CE,NIFTY26SEPFUT long,2026-08-13 11:39:00,24570.5,2026-08-13 11:42:00,24561.5,next_choch,-19.0,-1235.0,467.34,-1702.34,0
OOS,S1M,-,CE,NIFTY26SEPFUT long,2026-08-13 11:49:00,24579.0,2026-08-13 12:11:00,24620.0,next_choch,31.0,2015.0,468.21,1546.79,0
OOS,S1M,-,PE,NIFTY26SEPFUT short,2026-08-13 12:14:00,24607.0,2026-08-13 13:43:00,24621.3,next_choch,-24.3,-1579.5,468.14,-2047.64,0
OOS,S1M,-,CE,NIFTY26SEPFUT long,2026-08-13 13:55:00,24627.0,2026-08-13 14:04:00,24613.0,stop_loss,-24.0,-1560.0,468.24,-2028.24,0
OOS,S1M,-,CE,NIFTY26SEPFUT long,2026-08-13 14:24:00,24612.0,2026-08-13 14:47:00,24603.0,next_choch,-19.0,-1235.0,468.05,-1703.05,0
OOS,S1M,-,PE,NIFTY26SEPFUT short,2026-08-13 14:49:00,24594.1,2026-08-13 15:14:00,24602.6,next_choch,-18.5,-1202.5,467.9,-1670.4,0
OOS,S1M,-,PE,NIFTY26SEPFUT short,2026-08-13 15:22:00,24597.7,2026-08-13 15:29:00,24607.6,stop_loss,-19.9,-1293.5,467.97,-1761.47,0
OOS,S1M,-,PE,NIFTY26SEPFUT short,2026-08-14 09:29:00,24525.0,2026-08-14 09:33:00,24544.5,stop_loss,-29.5,-1917.5,466.75,-2384.25,0
OOS,S1M,-,CE,NIFTY26SEPFUT long,2026-08-14 09:38:00,24549.0,2026-08-14 09:53:00,24535.0,next_choch,-24.0,-1560.0,466.9,-2026.9,0
OOS,S1M,-,PE,NIFTY26SEPFUT short,2026-08-14 09:54:00,24532.0,2026-08-14 09:59:00,24550.0,next_choch,-28.0,-1820.0,466.86,-2286.86,0
OOS,S1M,-,CE,NIFTY26SEPFUT long,2026-08-14 10:10:00,24554.6,2026-08-14 10:13:00,24547.0,stop_loss,-17.6,-1144.0,467.09,-1611.09,0
OOS,S1M,-,PE,NIFTY26SEPFUT short,2026-08-14 10:30:00,24535.1,2026-08-14 10:38:00,24520.8,next_choch,4.3,279.5,466.83,-187.33,0
OOS,S1M,-,CE,NIFTY26SEPFUT long,2026-08-14 10:39:00,24536.0,2026-08-14 10:46:00,24524.0,next_choch,-22.0,-1430.0,466.71,-1896.71,0
OOS,S1M,-,CE,NIFTY26SEPFUT long,2026-08-14 10:48:00,24542.2,2026-08-14 10:58:00,24524.0,stop_loss,-28.2,-1833.0,466.73,-2299.73,0
OOS,S1M,-,PE,NIFTY26SEPFUT short,2026-08-14 10:59:00,24515.9,2026-08-14 11:12:00,24512.7,next_choch,-6.8,-442.0,466.53,-908.53,0
OOS,S1M,-,CE,NIFTY26SEPFUT long,2026-08-14 11:19:00,24530.5,2026-08-14 11:24:00,24522.0,next_choch,-18.5,-1202.5,466.67,-1669.17,0
OOS,S1M,-,PE,NIFTY26SEPFUT short,2026-08-14 11:28:00,24518.5,2026-08-14 11:46:00,24525.0,next_choch,-16.5,-1072.5,466.6,-1539.1,0
OOS,S1M,-,CE,NIFTY26SEPFUT long,2026-08-14 11:48:00,24528.5,2026-08-14 12:42:00,24535.0,next_choch,-3.5,-227.5,466.85,-694.35,0
OOS,S1M,-,CE,NIFTY26SEPFUT long,2026-08-14 13:13:00,24545.0,2026-08-14 13:27:00,24540.0,next_choch,-15.0,-975.0,466.97,-1441.97,0
OOS,S1M,-,PE,NIFTY26SEPFUT short,2026-08-14 13:32:00,24538.8,2026-08-14 13:41:00,24548.0,stop_loss,-19.2,-1248.0,466.96,-1714.96,0
OOS,S1M,-,CE,NIFTY26SEPFUT long,2026-08-14 13:43:00,24553.1,2026-08-14 14:11:00,24585.0,next_choch,21.9,1423.5,467.64,955.86,0
OOS,S1M,-,PE,NIFTY26SEPFUT short,2026-08-14 14:18:00,24580.5,2026-08-14 14:52:00,24597.4,stop_loss,-26.9,-1748.5,467.69,-2216.19,0
OOS,S1M,-,CE,NIFTY26SEPFUT long,2026-08-14 14:54:00,24605.0,2026-08-14 15:04:00,24590.0,next_choch,-25.0,-1625.0,467.85,-2092.85,0
OOS,S1M,-,PE,NIFTY26SEPFUT short,2026-08-14 15:05:00,24586.0,2026-08-17 12:01:00,24476.0,next_choch,100.0,6500.0,467.44,6032.56,0
OOS,S1M,-,CE,NIFTY26SEPFUT long,2026-08-17 12:02:00,24479.8,2026-08-17 12:04:00,24466.0,stop_loss,-23.8,-1547.0,465.72,-2012.72,0
OOS,S1M,-,PE,NIFTY26SEPFUT short,2026-08-17 12:05:00,24465.0,2026-08-17 12:17:00,24480.0,stop_loss,-25.0,-1625.0,465.71,-2090.71,0
OOS,S1M,-,CE,NIFTY26SEPFUT long,2026-08-17 12:18:00,24483.9,2026-08-18 09:15:00,24423.5,stop_loss,-70.4,-4576.0,465.12,-5041.12,0
OOS,S1M,-,PE,NIFTY26SEPFUT short,2026-08-18 09:32:00,24404.9,2026-08-20 09:26:00,24357.0,next_choch,37.9,2463.5,464.51,1998.99,0
OOS,S1M,-,CE,NIFTY26SEPFUT long,2026-08-20 09:35:00,24372.0,2026-08-20 11:17:00,24364.5,next_choch,-17.5,-1137.5,463.97,-1601.47,0
OOS,S1M,-,PE,NIFTY26SEPFUT short,2026-08-20 11:20:00,24361.4,2026-08-20 11:31:00,24375.0,stop_loss,-23.6,-1534.0,463.93,-1997.93,0
OOS,S1M,-,CE,NIFTY26SEPFUT long,2026-08-20 11:32:00,24381.6,2026-08-20 12:08:00,24378.8,next_choch,-12.8,-832.0,464.2,-1296.2,0
OOS,S1M,-,PE,NIFTY26SEPFUT short,2026-08-20 12:09:00,24377.4,2026-08-20 12:13:00,24383.9,next_choch,-16.5,-1072.5,464.19,-1536.69,0
OOS,S1M,-,CE,NIFTY26SEPFUT long,2026-08-20 12:14:00,24388.0,2026-08-20 12:30:00,24379.2,next_choch,-18.8,-1222.0,464.23,-1686.23,0
OOS,S1M,-,PE,NIFTY26SEPFUT short,2026-08-20 12:34:00,24378.3,2026-08-20 12:39:00,24388.0,stop_loss,-19.7,-1280.5,464.21,-1744.71,0
OOS,S1M,-,CE,NIFTY26SEPFUT long,2026-08-20 12:40:00,24393.1,2026-08-20 13:40:00,24417.1,next_choch,14.0,910.0,464.79,445.21,0
OOS,S1M,-,PE,NIFTY26SEPFUT short,2026-08-20 13:51:00,24419.4,2026-08-20 14:11:00,24415.0,next_choch,-5.6,-364.0,464.88,-828.88,0
OOS,S1M,-,PE,NIFTY26SEPFUT short,2026-08-20 14:16:00,24401.0,2026-08-20 14:25:00,24413.4,next_choch,-22.4,-1456.0,464.61,-1920.61,0
OOS,S1M,-,CE,NIFTY26SEPFUT long,2026-08-20 14:32:00,24420.9,2026-08-20 14:43:00,24412.0,next_choch,-18.9,-1228.5,464.79,-1693.29,0
OOS,S1M,-,PE,NIFTY26SEPFUT short,2026-08-20 15:01:00,24403.0,2026-08-21 09:15:00,24405.7,stop_loss,-12.7,-825.5,464.62,-1290.12,0
OOS,S1M,-,PE,NIFTY26SEPFUT short,2026-08-21 09:20:00,24382.0,2026-08-21 09:42:00,24382.0,next_choch,-10.0,-650.0,464.25,-1114.25,0
OOS,S1M,-,CE,NIFTY26SEPFUT long,2026-08-21 09:51:00,24390.7,2026-08-21 10:08:00,24380.2,next_choch,-20.5,-1332.5,464.25,-1796.75,0
OOS,S1M,-,CE,NIFTY26SEPFUT long,2026-08-21 10:16:00,24392.9,2026-08-21 10:21:00,24384.8,next_choch,-18.1,-1176.5,464.32,-1640.82,0
OOS,S1M,-,CE,NIFTY26SEPFUT long,2026-08-21 10:24:00,24401.4,2026-08-21 11:40:00,24400.0,next_choch,-11.4,-741.0,464.56,-1205.56,0
OOS,S1M,-,PE,NIFTY26SEPFUT short,2026-08-21 11:42:00,24399.0,2026-08-21 12:33:00,24397.7,next_choch,-8.7,-565.5,464.54,-1030.04,0
OOS,S1M,-,CE,NIFTY26SEPFUT long,2026-08-21 12:34:00,24399.0,2026-08-21 12:40:00,24385.2,stop_loss,-23.8,-1547.0,464.34,-2011.34,0
OOS,S1M,-,PE,NIFTY26SEPFUT short,2026-08-21 12:47:00,24381.1,2026-08-21 13:05:00,24393.7,stop_loss,-22.6,-1469.0,464.27,-1933.27,0
OOS,S1M,-,CE,NIFTY26SEPFUT long,2026-08-21 13:07:00,24403.5,2026-08-21 13:33:00,24394.5,next_choch,-19.0,-1235.0,464.49,-1699.49,0
OOS,S1M,-,PE,NIFTY26SEPFUT short,2026-08-21 13:34:00,24389.1,2026-08-21 13:48:00,24390.0,next_choch,-10.9,-708.5,464.37,-1172.87,0
OOS,S1M,-,CE,NIFTY26SEPFUT long,2026-08-21 13:55:00,24391.0,2026-08-21 14:06:00,24383.4,next_choch,-17.6,-1144.0,464.29,-1608.29,0
OOS,S1M,-,PE,NIFTY26SEPFUT short,2026-08-21 14:09:00,24382.0,2026-08-21 14:12:00,24393.4,stop_loss,-21.4,-1391.0,464.28,-1855.28,0
OOS,S1M,-,CE,NIFTY26SEPFUT long,2026-08-21 14:17:00,24393.9,2026-08-21 14:41:00,24396.0,next_choch,-7.9,-513.5,464.48,-977.98,0
OOS,S1M,-,CE,NIFTY26SEPFUT long,2026-08-21 14:53:00,24402.4,2026-08-21 14:56:00,24391.1,stop_loss,-21.3,-1384.5,464.44,-1848.94,0
OOS,S1M,-,PE,NIFTY26SEPFUT short,2026-08-21 15:28:00,24388.0,2026-08-21 15:29:00,24395.0,stop_loss,-17.0,-1105.0,464.37,-1569.37,0
OOS,S1M,-,CE,NIFTY26SEPFUT long,2026-08-24 09:15:00,24445.0,2026-08-24 09:42:00,24425.0,next_choch,-30.0,-1950.0,465.04,-2415.04,0
OOS,S1M,-,PE,NIFTY26SEPFUT short,2026-08-24 09:58:00,24425.0,2026-08-24 10:08:00,24422.0,next_choch,-7.0,-455.0,464.98,-919.98,0
OOS,S1M,-,CE,NIFTY26SEPFUT long,2026-08-24 10:16:00,24430.0,2026-08-24 10:45:00,24430.0,next_choch,-10.0,-650.0,465.07,-1115.07,0
OOS,S1M,-,PE,NIFTY26SEPFUT short,2026-08-24 10:48:00,24429.0,2026-08-24 14:50:00,24323.9,next_choch,95.1,6181.5,464.77,5716.73,0
OOS,S1M,-,PE,NIFTY26SEPFUT short,2026-08-24 15:05:00,24318.2,2026-08-24 15:10:00,24324.1,next_choch,-15.9,-1033.5,463.17,-1496.67,0
OOS,S1M,-,PE,NIFTY26SEPFUT short,2026-08-25 09:15:00,24283.5,2026-08-25 09:21:00,24335.0,stop_loss,-61.5,-3997.5,462.7,-4460.2,0
OOS,S1M,-,CE,NIFTY26SEPFUT long,2026-08-25 09:33:00,24342.1,2026-08-25 09:38:00,24327.4,stop_loss,-24.7,-1605.5,463.36,-2068.86,0
OOS,S1M,-,PE,NIFTY26SEPFUT short,2026-08-25 10:01:00,24288.1,2026-08-25 10:06:00,24303.6,stop_loss,-25.5,-1657.5,462.69,-2120.19,0
OOS,S1M,-,PE,NIFTY26SEPFUT short,2026-08-25 10:22:00,24286.5,2026-08-25 10:43:00,24293.9,next_choch,-17.4,-1131.0,462.64,-1593.64,0
OOS,S1M,-,CE,NIFTY26SEPFUT long,2026-08-25 10:44:00,24295.2,2026-08-25 12:58:00,24316.6,next_choch,11.4,741.0,463.07,277.93,0
OOS,S1M,-,PE,NIFTY26SEPFUT short,2026-08-25 13:01:00,24305.0,2026-08-25 13:40:00,24304.2,next_choch,-9.2,-598.0,462.93,-1060.93,0
OOS,S1M,-,CE,NIFTY26SEPFUT long,2026-08-25 13:41:00,24306.0,2026-08-25 13:50:00,24295.0,stop_loss,-21.0,-1365.0,462.79,-1827.79,0
OOS,S1M,-,CE,NIFTY26SEPFUT long,2026-08-25 13:53:00,24327.1,2026-08-25 14:03:00,24307.5,next_choch,-29.6,-1924.0,463.03,-2387.03,0
OOS,S1M,-,CE,NIFTY26SEPFUT long,2026-08-25 14:20:00,24335.8,2026-08-25 15:29:00,24480.0,open,134.2,8723.0,465.54,8257.46,1
IS,S1M_OF,ATR2,PE,NIFTY26SEP24250PE,2026-08-26 12:10:00,196.5,2026-08-26 12:18:00,187.3,stop_loss,-10.2,-663.0,70.07,-733.07,0
IS,S1M_OF,ATR2,PE,NIFTY26SEP24250PE,2026-08-26 12:30:00,194.0,2026-08-26 12:34:00,190.8,stop_loss,-4.2,-273.0,70.32,-343.32,0
IS,S1M_OF,ATR2,CE,NIFTY26SEP24300CE,2026-08-26 12:35:00,367.95,2026-08-26 12:50:00,360.0,next_choch,-8.95,-581.75,90.9,-672.65,0
IS,S1M_OF,ATR2,CE,NIFTY26SEP24300CE,2026-08-26 12:54:00,362.3,2026-08-26 13:01:00,356.9,stop_loss,-6.4,-416.0,90.45,-506.45,0
IS,S1M_OF,ATR2,PE,NIFTY26SEP24250PE,2026-08-26 13:02:00,197.9,2026-08-26 13:35:00,198.7,next_choch,-0.2,-13.0,71.16,-84.16,0
IS,S1M_OF,ATR2,PE,NIFTY26SEP24250PE,2026-08-26 13:45:00,200.55,2026-08-26 14:02:00,197.7,next_choch,-3.85,-250.25,71.14,-321.39,0
IS,S1M_OF,ATR2,CE,NIFTY26SEP24300CE,2026-08-26 14:04:00,355.3,2026-08-26 15:20:00,365.5,next_choch,9.2,598.0,91.04,506.96,0
IS,S1M_OF,ATR2,PE,NIFTY26SEP24250PE,2026-08-26 15:21:00,183.4,2026-08-27 12:44:00,230.0,next_choch,45.6,2964.0,73.62,2890.38,0
IS,S1M_OF,ATR2,CE,NIFTY26SEP24200CE,2026-08-27 12:51:00,363.95,2026-08-27 13:02:00,366.9,next_choch,1.95,126.75,91.42,35.33,0
IS,S1M_OF,ATR2,PE,NIFTY26SEP24150PE,2026-08-27 13:05:00,185.0,2026-08-27 13:12:00,181.4,stop_loss,-4.6,-299.0,69.19,-368.19,0
IS,S1M_OF,ATR2,CE,NIFTY26SEP24200CE,2026-08-27 13:14:00,371.0,2026-08-27 13:29:00,366.7,next_choch,-5.3,-344.5,91.6,-436.1,0
IS,S1M_OF,ATR2,PE,NIFTY26SEP24150PE,2026-08-27 13:31:00,186.95,2026-08-27 13:38:00,183.5,next_choch,-4.45,-289.25,69.44,-358.69,0
IS,S1M_OF,ATR2,CE,NIFTY26SEP24200CE,2026-08-27 13:39:00,366.05,2026-08-27 13:42:00,360.15,stop_loss,-6.9,-448.5,90.86,-539.36,0
IS,S1M_OF,ATR2,PE,NIFTY26SEP24150PE,2026-08-27 13:43:00,188.3,2026-08-27 14:17:00,204.6,next_choch,15.3,994.5,71.42,923.08,0
IS,S1M_OF,ATR2,CE,NIFTY26SEP24150CE,2026-08-27 14:19:00,373.7,2026-08-27 14:45:00,377.45,next_choch,2.75,178.75,92.67,86.08,0
IS,S1M_OF,ATR2,PE,NIFTY26SEP24150PE,2026-08-27 15:05:00,202.2,2026-08-27 15:10:00,204.0,next_choch,0.8,52.0,71.77,-19.77,0
IS,S1M_OF,ATR2,PE,NIFTY26SEP24100PE,2026-08-27 15:15:00,189.6,2026-08-28 09:17:00,191.7,next_choch,1.1,71.5,70.27,1.23,0
IS,S1M_OF,ATR2,CE,NIFTY26SEP24150CE,2026-08-28 09:25:00,377.65,2026-08-28 11:35:00,345.8,stop_loss,-32.85,-2135.25,89.88,-2225.13,0
IS,S1M_OF,ATR2,PE,NIFTY26SEP24100PE,2026-08-28 11:54:00,200.4,2026-08-28 13:22:00,198.0,stop_loss,-3.4,-221.0,71.16,-292.16,0
IS,S1M_OF,ATR2,CE,NIFTY26SEP24150CE,2026-08-28 13:40:00,353.3,2026-08-28 13:48:00,347.55,stop_loss,-6.75,-438.75,89.33,-528.08,0
IS,S1M_OF,ATR2,CE,NIFTY26SEP24100CE,2026-08-28 13:59:00,386.0,2026-08-28 14:07:00,381.3,stop_loss,-5.7,-370.5,93.38,-463.88,0
IS,S1M_OF,ATR2,CE,NIFTY26SEP24150CE,2026-08-28 14:29:00,353.95,2026-08-28 15:02:00,355.15,next_choch,0.2,13.0,90.05,-77.05,0
IS,S1M_OF,ATR2,CE,NIFTY26SEP24150CE,2026-08-28 15:28:00,388.25,2026-08-31 09:15:00,296.55,stop_loss,-92.7,-6025.5,85.65,-6111.15,0
IS,S1M_OF,ATR2,PE,NIFTY26SEP24000PE,2026-08-31 09:26:00,194.0,2026-08-31 11:35:00,191.75,next_choch,-3.25,-211.25,70.4,-281.65,0
IS,S1M_OF,ATR2,CE,NIFTY26SEP24050CE,2026-08-31 11:42:00,361.75,2026-08-31 14:04:00,378.4,next_choch,15.65,1017.25,92.41,924.84,0
IS,S1M_OF,ATR2,PE,NIFTY26SEP24000PE,2026-08-31 14:05:00,180.55,2026-08-31 14:35:00,175.6,next_choch,-5.95,-386.75,68.53,-455.28,0
IS,S1M_OF,ATR2,CE,NIFTY26SEP24050CE,2026-08-31 14:39:00,384.9,2026-08-31 15:05:00,388.65,next_choch,2.75,178.75,94.02,84.73,0
IS,S1M_OF,ATR2,PE,NIFTY26SEP24000PE,2026-09-01 09:22:00,188.95,2026-09-01 10:48:00,181.6,next_choch,-8.35,-542.75,69.33,-612.08,0
IS,S1M_OF,ATR2,CE,NIFTY26SEP24100CE,2026-09-01 10:50:00,313.95,2026-09-01 12:51:00,340.1,next_choch,25.15,1634.75,87.51,1547.24,0
IS,S1M_OF,ATR2,PE,NIFTY26SEP24100PE,2026-09-01 12:54:00,194.0,2026-09-02 14:32:00,296.4,next_choch,101.4,6591.0,80.03,6510.97,0
IS,S1M_OF,ATR2,CE,NIFTY26SEP23900CE,2026-09-02 14:33:00,359.85,2026-09-02 14:43:00,342.25,next_choch,-18.6,-1209.0,89.03,-1298.03,0
IS,S1M_OF,ATR2,PE,NIFTY26SEP23900PE,2026-09-02 14:44:00,218.55,2026-09-02 15:22:00,221.05,next_choch,1.5,97.5,73.81,23.69,0
IS,S1M_OF,ATR2,PE,NIFTY26SEP23900PE,2026-09-02 15:26:00,223.55,2026-09-03 09:15:00,161.9,stop_loss,-62.65,-4072.25,68.51,-4140.76,0
IS,S1M_OF,ATR2,CE,NIFTY26SEP24000CE,2026-09-03 09:16:00,315.5,2026-09-03 09:22:00,306.0,next_choch,-10.5,-682.5,84.42,-766.92,0
IS,S1M_OF,ATR2,PE,NIFTY26SEP23950PE,2026-09-03 09:24:00,196.35,2026-09-03 09:30:00,184.35,stop_loss,-13.0,-845.0,69.79,-914.79,0
IS,S1M_OF,ATR2,CE,NIFTY26SEP24000CE,2026-09-03 09:33:00,315.25,2026-09-03 10:13:00,322.7,next_choch,6.45,419.25,85.95,333.3,0
IS,S1M_OF,ATR2,PE,NIFTY26SEP23950PE,2026-09-03 10:15:00,177.05,2026-09-03 11:35:00,191.35,next_choch,13.3,864.5,69.88,794.62,0
IS,S1M_OF,ATR2,PE,NIFTY26SEP23950PE,2026-09-03 11:47:00,200.8,2026-09-03 12:54:00,212.1,next_choch,10.3,669.5,72.47,597.03,0
IS,S1M_OF,ATR2,PE,NIFTY26SEP23900PE,2026-09-03 13:02:00,199.55,2026-09-03 13:05:00,195.0,stop_loss,-5.55,-360.75,70.86,-431.61,0
IS,S1M_OF,ATR2,CE,NIFTY26SEP23950CE,2026-09-03 13:11:00,308.4,2026-09-03 13:21:00,305.0,next_choch,-4.4,-286.0,84.12,-370.12,0
IS,S1M_OF,ATR2,PE,NIFTY26SEP23900PE,2026-09-03 13:23:00,195.5,2026-09-03 13:33:00,185.7,stop_loss,-10.8,-702.0,69.89,-771.89,0
IS,S1M_OF,ATR2,CE,NIFTY26SEP23950CE,2026-09-03 14:29:00,304.8,2026-09-03 14:40:00,295.9,stop_loss,-9.9,-643.5,83.18,-726.68,0
IS,S1M_OF,ATR2,PE,NIFTY26SEP23900PE,2026-09-03 14:43:00,196.75,2026-09-03 14:56:00,201.8,next_choch,4.05,263.25,71.41,191.84,0
IS,S1M_OF,ATR2,PE,NIFTY26SEP23850PE,2026-09-03 15:07:00,187.1,2026-09-04 09:15:00,178.7,stop_loss,-9.4,-611.0,69.01,-680.01,0
IS,S1M_OF,ATR2,CE,NIFTY26SEP23950CE,2026-09-04 09:45:00,305.2,2026-09-04 12:12:00,317.0,next_choch,10.8,702.0,85.13,616.87,0
IS,S1M_OF,ATR2,PE,NIFTY26SEP23950PE,2026-09-04 12:13:00,189.2,2026-09-04 12:49:00,195.5,next_choch,5.3,344.5,70.61,273.89,0
IS,S1M_OF,ATR2,CE,NIFTY26SEP23950CE,2026-09-04 12:53:00,308.55,2026-09-04 12:56:00,301.45,stop_loss,-8.1,-526.5,83.8,-610.3,0
IS,S1M_OF,ATR2,PE,NIFTY26SEP23900PE,2026-09-04 12:57:00,179.05,2026-09-04 13:10:00,168.1,stop_loss,-11.95,-776.75,67.8,-844.55,0
IS,S1M_OF,ATR2,CE,NIFTY26SEP23950CE,2026-09-04 13:16:00,316.0,2026-09-04 13:32:00,303.65,next_choch,-13.35,-867.75,84.22,-951.97,0
IS,S1M_OF,ATR2,PE,NIFTY26SEP23950PE,2026-09-04 13:33:00,194.8,2026-09-04 13:39:00,192.0,stop_loss,-3.8,-247.0,70.45,-317.45,0
IS,S1M_OF,ATR2,CE,NIFTY26SEP23950CE,2026-09-04 13:40:00,308.7,2026-09-04 13:49:00,309.3,next_choch,-0.4,-26.0,84.53,-110.53,0
IS,S1M_OF,ATR2,PE,NIFTY26SEP23950PE,2026-09-04 13:51:00,191.0,2026-09-04 14:03:00,192.75,next_choch,0.75,48.75,70.41,-21.66,0
IS,S1M_OF,ATR2,CE,NIFTY26SEP23950CE,2026-09-04 14:06:00,310.0,2026-09-04 14:39:00,304.75,next_choch,-6.25,-406.25,84.15,-490.4,0
IS,S1M_OF,ATR2,PE,NIFTY26SEP23950PE,2026-09-04 14:44:00,191.7,2026-09-04 14:50:00,193.0,stop_loss,0.3,19.5,70.45,-50.95,0
IS,S1M_OF,ATR2,PE,NIFTY26SEP23950PE,2026-09-04 15:22:00,196.4,2026-09-25 15:29:00,764.1,open,566.7,36835.5,123.1,36712.4,1
IS,S1M_OF,ATM,PE,NIFTY26SEP24250PE,2026-08-26 12:10:00,196.5,2026-08-26 12:18:00,187.3,stop_loss,-10.2,-663.0,70.07,-733.07,0
IS,S1M_OF,ATM,PE,NIFTY26SEP24250PE,2026-08-26 12:30:00,194.0,2026-08-26 12:34:00,190.8,stop_loss,-4.2,-273.0,70.32,-343.32,0
IS,S1M_OF,ATM,CE,NIFTY26SEP24300CE,2026-08-26 12:35:00,367.95,2026-08-26 12:50:00,360.0,next_choch,-8.95,-581.75,90.9,-672.65,0
IS,S1M_OF,ATM,CE,NIFTY26SEP24300CE,2026-08-26 12:54:00,362.3,2026-08-26 13:01:00,356.9,stop_loss,-6.4,-416.0,90.45,-506.45,0
IS,S1M_OF,ATM,PE,NIFTY26SEP24250PE,2026-08-26 13:02:00,197.9,2026-08-26 13:35:00,198.7,next_choch,-0.2,-13.0,71.16,-84.16,0
IS,S1M_OF,ATM,PE,NIFTY26SEP24250PE,2026-08-26 13:45:00,200.55,2026-08-26 14:02:00,197.7,next_choch,-3.85,-250.25,71.14,-321.39,0
IS,S1M_OF,ATM,CE,NIFTY26SEP24250CE,2026-08-26 14:04:00,386.0,2026-08-26 15:20:00,394.0,next_choch,7.0,455.0,94.55,360.45,0
IS,S1M_OF,ATM,PE,NIFTY26SEP24300PE,2026-08-26 15:21:00,200.7,2026-08-27 12:44:00,248.2,next_choch,46.5,3022.5,75.79,2946.71,0
IS,S1M_OF,ATM,CE,NIFTY26SEP24200CE,2026-08-27 12:51:00,363.95,2026-08-27 13:02:00,366.9,next_choch,1.95,126.75,91.42,35.33,0
IS,S1M_OF,ATM,PE,NIFTY26SEP24200PE,2026-08-27 13:05:00,204.5,2026-08-27 13:12:00,199.7,stop_loss,-5.8,-377.0,71.44,-448.44,0
IS,S1M_OF,ATM,CE,NIFTY26SEP24200CE,2026-08-27 13:14:00,371.0,2026-08-27 13:29:00,366.7,next_choch,-5.3,-344.5,91.6,-436.1,0
IS,S1M_OF,ATM,PE,NIFTY26SEP24150PE,2026-08-27 13:31:00,186.95,2026-08-27 13:38:00,183.5,next_choch,-4.45,-289.25,69.44,-358.69,0
IS,S1M_OF,ATM,CE,NIFTY26SEP24200CE,2026-08-27 13:39:00,366.05,2026-08-27 13:42:00,360.15,stop_loss,-6.9,-448.5,90.86,-539.36,0
IS,S1M_OF,ATM,PE,NIFTY26SEP24150PE,2026-08-27 13:43:00,188.3,2026-08-27 14:17:00,204.6,next_choch,15.3,994.5,71.42,923.08,0
IS,S1M_OF,ATM,CE,NIFTY26SEP24150CE,2026-08-27 14:19:00,373.7,2026-08-27 14:45:00,377.45,next_choch,2.75,178.75,92.67,86.08,0
IS,S1M_OF,ATM,PE,NIFTY26SEP24150PE,2026-08-27 15:05:00,202.2,2026-08-27 15:10:00,204.0,next_choch,0.8,52.0,71.77,-19.77,0
IS,S1M_OF,ATM,PE,NIFTY26SEP24150PE,2026-08-27 15:15:00,209.55,2026-08-28 09:17:00,212.4,next_choch,1.85,120.25,72.75,47.5,0
IS,S1M_OF,ATM,CE,NIFTY26SEP24150CE,2026-08-28 09:25:00,377.65,2026-08-28 11:35:00,345.8,stop_loss,-32.85,-2135.25,89.88,-2225.13,0
IS,S1M_OF,ATM,PE,NIFTY26SEP24100PE,2026-08-28 11:54:00,200.4,2026-08-28 13:22:00,198.0,stop_loss,-3.4,-221.0,71.16,-292.16,0
IS,S1M_OF,ATM,CE,NIFTY26SEP24100CE,2026-08-28 13:40:00,389.85,2026-08-28 13:48:00,378.5,stop_loss,-12.35,-802.75,93.23,-895.98,0
IS,S1M_OF,ATM,CE,NIFTY26SEP24100CE,2026-08-28 13:59:00,386.0,2026-08-28 14:07:00,381.3,stop_loss,-5.7,-370.5,93.38,-463.88,0
IS,S1M_OF,ATM,CE,NIFTY26SEP24100CE,2026-08-28 14:29:00,386.8,2026-08-28 15:02:00,381.95,next_choch,-5.85,-380.25,93.46,-473.71,0
IS,S1M_OF,ATM,CE,NIFTY26SEP24150CE,2026-08-28 15:28:00,388.25,2026-08-31 09:15:00,296.55,stop_loss,-92.7,-6025.5,85.65,-6111.15,0
IS,S1M_OF,ATM,PE,NIFTY26SEP24050PE,2026-08-31 09:26:00,214.7,2026-08-31 11:35:00,209.15,next_choch,-6.55,-425.75,72.6,-498.35,0
IS,S1M_OF,ATM,CE,NIFTY26SEP24050CE,2026-08-31 11:42:00,361.75,2026-08-31 14:04:00,378.4,next_choch,15.65,1017.25,92.41,924.84,0
IS,S1M_OF,ATM,PE,NIFTY26SEP24000PE,2026-08-31 14:05:00,180.55,2026-08-31 14:35:00,175.6,next_choch,-5.95,-386.75,68.53,-455.28,0
IS,S1M_OF,ATM,CE,NIFTY26SEP24050CE,2026-08-31 14:39:00,384.9,2026-08-31 15:05:00,388.65,next_choch,2.75,178.75,94.02,84.73,0
IS,S1M_OF,ATM,PE,NIFTY26SEP24050PE,2026-09-01 09:22:00,207.75,2026-09-01 10:48:00,198.45,next_choch,-10.3,-669.5,71.42,-740.92,0
IS,S1M_OF,ATM,CE,NIFTY26SEP24100CE,2026-09-01 10:50:00,313.95,2026-09-01 12:51:00,340.1,next_choch,25.15,1634.75,87.51,1547.24,0
IS,S1M_OF,ATM,PE,NIFTY26SEP24100PE,2026-09-01 12:54:00,194.0,2026-09-02 14:32:00,296.4,next_choch,101.4,6591.0,80.03,6510.97,0
IS,S1M_OF,ATM,CE,NIFTY26SEP23900CE,2026-09-02 14:33:00,359.85,2026-09-02 14:43:00,342.25,next_choch,-18.6,-1209.0,89.03,-1298.03,0
IS,S1M_OF,ATM,PE,NIFTY26SEP23900PE,2026-09-02 14:44:00,218.55,2026-09-02 15:22:00,221.05,next_choch,1.5,97.5,73.81,23.69,0
IS,S1M_OF,ATM,PE,NIFTY26SEP23900PE,2026-09-02 15:26:00,223.55,2026-09-03 09:15:00,161.9,stop_loss,-62.65,-4072.25,68.51,-4140.76,0
IS,S1M_OF,ATM,CE,NIFTY26SEP24000CE,2026-09-03 09:16:00,315.5,2026-09-03 09:22:00,306.0,next_choch,-10.5,-682.5,84.42,-766.92,0
IS,S1M_OF,ATM,PE,NIFTY26SEP23950PE,2026-09-03 09:24:00,196.35,2026-09-03 09:30:00,184.35,stop_loss,-13.0,-845.0,69.79,-914.79,0
IS,S1M_OF,ATM,CE,NIFTY26SEP24000CE,2026-09-03 09:33:00,315.25,2026-09-03 10:13:00,322.7,next_choch,6.45,419.25,85.95,333.3,0
IS,S1M_OF,ATM,PE,NIFTY26SEP24000PE,2026-09-03 10:15:00,195.6,2026-09-03 11:35:00,211.95,next_choch,15.35,997.75,72.31,925.44,0
IS,S1M_OF,ATM,PE,NIFTY26SEP23950PE,2026-09-03 11:47:00,200.8,2026-09-03 12:54:00,212.1,next_choch,10.3,669.5,72.47,597.03,0
IS,S1M_OF,ATM,PE,NIFTY26SEP23900PE,2026-09-03 13:02:00,199.55,2026-09-03 13:05:00,195.0,stop_loss,-5.55,-360.75,70.86,-431.61,0
IS,S1M_OF,ATM,CE,NIFTY26SEP23950CE,2026-09-03 13:11:00,308.4,2026-09-03 13:21:00,305.0,next_choch,-4.4,-286.0,84.12,-370.12,0
IS,S1M_OF,ATM,PE,NIFTY26SEP23900PE,2026-09-03 13:23:00,195.5,2026-09-03 13:33:00,185.7,stop_loss,-10.8,-702.0,69.89,-771.89,0
IS,S1M_OF,ATM,CE,NIFTY26SEP23900CE,2026-09-03 14:29:00,333.0,2026-09-03 14:40:00,325.0,stop_loss,-9.0,-585.0,86.67,-671.67,0
IS,S1M_OF,ATM,PE,NIFTY26SEP23900PE,2026-09-03 14:43:00,196.75,2026-09-03 14:56:00,201.8,next_choch,4.05,263.25,71.41,191.84,0
IS,S1M_OF,ATM,PE,NIFTY26SEP23900PE,2026-09-03 15:07:00,205.7,2026-09-04 09:15:00,197.0,stop_loss,-9.7,-630.5,71.23,-701.73,0
IS,S1M_OF,ATM,CE,NIFTY26SEP23900CE,2026-09-04 09:45:00,336.65,2026-09-04 12:12:00,345.7,next_choch,8.05,523.25,88.68,434.57,0
IS,S1M_OF,ATM,PE,NIFTY26SEP23950PE,2026-09-04 12:13:00,189.2,2026-09-04 12:49:00,195.5,next_choch,5.3,344.5,70.61,273.89,0
IS,S1M_OF,ATM,CE,NIFTY26SEP23950CE,2026-09-04 12:53:00,308.55,2026-09-04 12:56:00,301.45,stop_loss,-8.1,-526.5,83.8,-610.3,0
IS,S1M_OF,ATM,PE,NIFTY26SEP23950PE,2026-09-04 12:57:00,199.35,2026-09-04 13:10:00,186.95,stop_loss,-13.4,-871.0,70.12,-941.12,0
IS,S1M_OF,ATM,CE,NIFTY26SEP23950CE,2026-09-04 13:16:00,316.0,2026-09-04 13:32:00,303.65,next_choch,-13.35,-867.75,84.22,-951.97,0
IS,S1M_OF,ATM,PE,NIFTY26SEP23950PE,2026-09-04 13:33:00,194.8,2026-09-04 13:39:00,192.0,stop_loss,-3.8,-247.0,70.45,-317.45,0
IS,S1M_OF,ATM,CE,NIFTY26SEP23950CE,2026-09-04 13:40:00,308.7,2026-09-04 13:49:00,309.3,next_choch,-0.4,-26.0,84.53,-110.53,0
IS,S1M_OF,ATM,PE,NIFTY26SEP23950PE,2026-09-04 13:51:00,191.0,2026-09-04 14:03:00,192.75,next_choch,0.75,48.75,70.41,-21.66,0
IS,S1M_OF,ATM,CE,NIFTY26SEP23950CE,2026-09-04 14:06:00,310.0,2026-09-04 14:39:00,304.75,next_choch,-6.25,-406.25,84.15,-490.4,0
IS,S1M_OF,ATM,PE,NIFTY26SEP23950PE,2026-09-04 14:44:00,191.7,2026-09-04 14:50:00,193.0,stop_loss,0.3,19.5,70.45,-50.95,0
IS,S1M_OF,ATM,PE,NIFTY26SEP23950PE,2026-09-04 15:22:00,196.4,2026-09-25 15:29:00,764.1,open,566.7,36835.5,123.1,36712.4,1
IS,S1M_OF,ITM2,PE,NIFTY26SEP24350PE,2026-08-26 12:10:00,234.0,2026-08-26 12:18:00,222.55,stop_loss,-12.45,-809.25,74.39,-883.64,0
IS,S1M_OF,ITM2,PE,NIFTY26SEP24350PE,2026-08-26 12:30:00,230.75,2026-08-26 12:34:00,226.6,stop_loss,-5.15,-334.75,74.67,-409.42,0
IS,S1M_OF,ITM2,CE,NIFTY26SEP24200CE,2026-08-26 12:35:00,431.35,2026-08-26 12:50:00,422.4,next_choch,-9.95,-646.75,98.47,-745.22,0
IS,S1M_OF,ITM2,CE,NIFTY26SEP24200CE,2026-08-26 12:54:00,426.75,2026-08-26 13:01:00,420.0,stop_loss,-7.75,-503.75,98.12,-601.87,0
IS,S1M_OF,ITM2,PE,NIFTY26SEP24350PE,2026-08-26 13:02:00,235.0,2026-08-26 13:35:00,233.15,next_choch,-2.85,-185.25,75.4,-260.65,0
IS,S1M_OF,ITM2,PE,NIFTY26SEP24350PE,2026-08-26 13:45:00,238.2,2026-08-26 14:02:00,233.8,next_choch,-5.4,-351.0,75.55,-426.55,0
IS,S1M_OF,ITM2,CE,NIFTY26SEP24150CE,2026-08-26 14:04:00,451.85,2026-08-26 15:20:00,469.75,next_choch,16.9,1098.5,103.42,995.08,0
IS,S1M_OF,ITM2,PE,NIFTY26SEP24400PE,2026-08-26 15:21:00,240.15,2026-08-27 12:44:00,294.5,next_choch,53.35,3467.75,81.19,3386.56,0
IS,S1M_OF,ITM2,CE,NIFTY26SEP24100CE,2026-08-27 12:51:00,427.6,2026-08-27 13:02:00,427.9,next_choch,-0.7,-45.5,98.87,-144.37,0
IS,S1M_OF,ITM2,PE,NIFTY26SEP24300PE,2026-08-27 13:05:00,245.35,2026-08-27 13:12:00,238.3,stop_loss,-8.05,-523.25,76.17,-599.42,0
IS,S1M_OF,ITM2,CE,NIFTY26SEP24100CE,2026-08-27 13:14:00,435.0,2026-08-27 13:29:00,431.8,next_choch,-4.2,-273.0,99.44,-372.44,0
IS,S1M_OF,ITM2,PE,NIFTY26SEP24250PE,2026-08-27 13:31:00,227.4,2026-08-27 13:38:00,220.9,next_choch,-7.5,-487.5,74.05,-561.55,0
IS,S1M_OF,ITM2,CE,NIFTY26SEP24100CE,2026-08-27 13:39:00,431.85,2026-08-27 13:42:00,423.7,stop_loss,-9.15,-594.75,98.6,-693.35,0
IS,S1M_OF,ITM2,PE,NIFTY26SEP24250PE,2026-08-27 13:43:00,226.5,2026-08-27 14:17:00,244.65,next_choch,17.15,1114.75,76.21,1038.54,0
IS,S1M_OF,ITM2,CE,NIFTY26SEP24050CE,2026-08-27 14:19:00,436.6,2026-08-27 14:45:00,443.25,next_choch,5.65,367.25,100.54,266.71,0
IS,S1M_OF,ITM2,PE,NIFTY26SEP24250PE,2026-08-27 15:05:00,238.95,2026-08-27 15:10:00,239.15,next_choch,-0.8,-52.0,76.06,-128.06,0
IS,S1M_OF,ITM2,PE,NIFTY26SEP24250PE,2026-08-27 15:15:00,247.85,2026-08-28 09:17:00,251.7,next_choch,2.85,185.25,77.47,107.78,0
IS,S1M_OF,ITM2,CE,NIFTY26SEP24050CE,2026-08-28 09:25:00,436.1,2026-08-28 11:35:00,408.65,stop_loss,-28.45,-1849.25,97.34,-1946.59,0
IS,S1M_OF,ITM2,PE,NIFTY26SEP24200PE,2026-08-28 11:54:00,239.8,2026-08-28 13:22:00,239.05,stop_loss,-1.75,-113.75,76.08,-189.83,0
IS,S1M_OF,ITM2,CE,NIFTY26SEP24000CE,2026-08-28 13:40:00,456.9,2026-08-28 13:48:00,444.85,stop_loss,-13.05,-848.25,101.27,-949.52,0
IS,S1M_OF,ITM2,CE,NIFTY26SEP24000CE,2026-08-28 13:59:00,450.8,2026-08-28 14:07:00,446.8,stop_loss,-5.0,-325.0,101.28,-426.28,0
IS,S1M_OF,ITM2,CE,NIFTY26SEP24000CE,2026-08-28 14:29:00,453.4,2026-08-28 15:02:00,450.65,next_choch,-3.75,-243.75,101.7,-345.45,0
IS,S1M_OF,ITM2,CE,NIFTY26SEP24050CE,2026-08-28 15:28:00,458.05,2026-08-31 09:15:00,356.95,stop_loss,-102.1,-6636.5,93.22,-6729.72,0
IS,S1M_OF,ITM2,PE,NIFTY26SEP24150PE,2026-08-31 09:26:00,255.9,2026-08-31 11:35:00,251.85,next_choch,-5.05,-328.25,77.72,-405.97,0
IS,S1M_OF,ITM2,CE,NIFTY26SEP23950CE,2026-08-31 11:42:00,419.65,2026-08-31 14:04:00,454.0,next_choch,33.35,2167.75,101.04,2066.71,0
IS,S1M_OF,ITM2,PE,NIFTY26SEP24100PE,2026-08-31 14:05:00,217.0,2026-08-31 14:35:00,211.45,next_choch,-6.55,-425.75,72.88,-498.63,0
IS,S1M_OF,ITM2,CE,NIFTY26SEP23950CE,2026-08-31 14:39:00,447.15,2026-08-31 15:05:00,460.0,next_choch,11.85,770.25,102.38,667.87,0
IS,S1M_OF,ITM2,PE,NIFTY26SEP24150PE,2026-09-01 09:22:00,250.05,2026-09-01 10:48:00,241.05,next_choch,-10.0,-650.0,76.56,-726.56,0
IS,S1M_OF,ITM2,CE,NIFTY26SEP24000CE,2026-09-01 10:50:00,375.6,2026-09-01 12:51:00,405.2,next_choch,28.6,1859.0,95.28,1763.72,0
IS,S1M_OF,ITM2,PE,NIFTY26SEP24200PE,2026-09-01 12:54:00,234.9,2026-09-02 14:32:00,348.15,next_choch,112.25,7296.25,85.97,7210.28,0
IS,S1M_OF,ITM2,CE,NIFTY26SEP23800CE,2026-09-02 14:33:00,423.7,2026-09-02 14:43:00,404.85,next_choch,-19.85,-1290.25,96.63,-1386.88,0
IS,S1M_OF,ITM2,PE,NIFTY26SEP24000PE,2026-09-02 14:44:00,260.85,2026-09-02 15:22:00,264.35,next_choch,2.5,162.5,79.01,83.49,0
IS,S1M_OF,ITM2,PE,NIFTY26SEP24000PE,2026-09-02 15:26:00,267.15,2026-09-03 09:15:00,196.8,stop_loss,-71.35,-4637.75,72.98,-4710.73,0
IS,S1M_OF,ITM2,CE,NIFTY26SEP23900CE,2026-09-03 09:16:00,381.9,2026-09-03 09:22:00,368.05,next_choch,-14.85,-965.25,92.04,-1057.29,0
IS,S1M_OF,ITM2,PE,NIFTY26SEP24050PE,2026-09-03 09:24:00,236.85,2026-09-03 09:30:00,223.3,stop_loss,-14.55,-945.75,74.54,-1020.29,0
IS,S1M_OF,ITM2,CE,NIFTY26SEP23900CE,2026-09-03 09:33:00,379.1,2026-09-03 10:13:00,387.65,next_choch,7.55,490.75,93.76,396.99,0
IS,S1M_OF,ITM2,PE,NIFTY26SEP24100PE,2026-09-03 10:15:00,236.65,2026-09-03 11:35:00,255.05,next_choch,17.4,1131.0,77.46,1053.54,0
IS,S1M_OF,ITM2,PE,NIFTY26SEP24050PE,2026-09-03 11:47:00,242.0,2026-09-03 12:54:00,257.95,next_choch,14.95,971.75,77.88,893.87,0
IS,S1M_OF,ITM2,PE,NIFTY26SEP24000PE,2026-09-03 13:02:00,240.0,2026-09-03 13:05:00,236.55,stop_loss,-4.45,-289.25,75.85,-365.1,0
IS,S1M_OF,ITM2,CE,NIFTY26SEP23850CE,2026-09-03 13:11:00,368.0,2026-09-03 13:21:00,366.35,next_choch,-2.65,-172.25,91.49,-263.74,0
IS,S1M_OF,ITM2,PE,NIFTY26SEP24000PE,2026-09-03 13:23:00,238.55,2026-09-03 13:33:00,226.4,stop_loss,-13.15,-854.75,74.88,-929.63,0
IS,S1M_OF,ITM2,CE,NIFTY26SEP23800CE,2026-09-03 14:29:00,399.75,2026-09-03 14:40:00,389.9,stop_loss,-10.85,-705.25,94.57,-799.82,0
IS,S1M_OF,ITM2,PE,NIFTY26SEP24000PE,2026-09-03 14:43:00,240.2,2026-09-03 14:56:00,244.7,next_choch,3.5,227.5,76.61,150.89,0
IS,S1M_OF,ITM2,PE,NIFTY26SEP24000PE,2026-09-03 15:07:00,250.6,2026-09-04 09:15:00,239.4,stop_loss,-12.2,-793.0,76.42,-869.42,0
IS,S1M_OF,ITM2,CE,NIFTY26SEP23800CE,2026-09-04 09:45:00,403.2,2026-09-04 12:12:00,414.0,next_choch,9.8,637.0,96.88,540.12,0
IS,S1M_OF,ITM2,PE,NIFTY26SEP24050PE,2026-09-04 12:13:00,230.05,2026-09-04 12:49:00,237.65,next_choch,6.6,429.0,75.67,353.33,0
IS,S1M_OF,ITM2,CE,NIFTY26SEP23850CE,2026-09-04 12:53:00,369.15,2026-09-04 12:56:00,365.0,stop_loss,-5.15,-334.75,91.39,-426.14,0
IS,S1M_OF,ITM2,PE,NIFTY26SEP24050PE,2026-09-04 12:57:00,244.3,2026-09-04 13:10:00,228.6,stop_loss,-16.7,-1085.5,75.25,-1160.75,0
IS,S1M_OF,ITM2,CE,NIFTY26SEP23850CE,2026-09-04 13:16:00,372.05,2026-09-04 13:32:00,373.0,next_choch,-0.05,-3.25,92.21,-95.46,0
IS,S1M_OF,ITM2,PE,NIFTY26SEP24050PE,2026-09-04 13:33:00,238.35,2026-09-04 13:39:00,235.2,stop_loss,-4.15,-269.75,75.68,-345.43,0
IS,S1M_OF,ITM2,CE,NIFTY26SEP23850CE,2026-09-04 13:40:00,370.9,2026-09-04 13:49:00,371.5,next_choch,-0.4,-26.0,92.04,-118.04,0
IS,S1M_OF,ITM2,PE,NIFTY26SEP24050PE,2026-09-04 13:51:00,235.75,2026-09-04 14:03:00,235.4,next_choch,-1.35,-87.75,75.62,-163.37,0
IS,S1M_OF,ITM2,CE,NIFTY26SEP23850CE,2026-09-04 14:06:00,369.3,2026-09-04 14:39:00,369.15,next_choch,-1.15,-74.75,91.78,-166.53,0
IS,S1M_OF,ITM2,PE,NIFTY26SEP24050PE,2026-09-04 14:44:00,236.1,2026-09-04 14:50:00,236.0,stop_loss,-1.1,-71.5,75.69,-147.19,0
IS,S1M_OF,ITM2,PE,NIFTY26SEP24050PE,2026-09-04 15:22:00,241.55,2026-09-25 15:29:00,867.05,open,624.5,40592.5,133.87,40458.63,1
IS,S1M_OF,ITM1,PE,NIFTY26SEP24300PE,2026-08-26 12:10:00,215.1,2026-08-26 12:18:00,204.0,stop_loss,-12.1,-786.5,72.14,-858.64,0
IS,S1M_OF,ITM1,PE,NIFTY26SEP24300PE,2026-08-26 12:30:00,212.4,2026-08-26 12:34:00,208.35,stop_loss,-5.05,-328.25,72.46,-400.71,0
IS,S1M_OF,ITM1,CE,NIFTY26SEP24250CE,2026-08-26 12:35:00,397.35,2026-08-26 12:50:00,391.95,next_choch,-6.4,-416.0,94.69,-510.69,0
IS,S1M_OF,ITM1,CE,NIFTY26SEP24250CE,2026-08-26 12:54:00,390.75,2026-08-26 13:01:00,388.8,stop_loss,-2.95,-191.75,94.21,-285.96,0
IS,S1M_OF,ITM1,PE,NIFTY26SEP24300PE,2026-08-26 13:02:00,215.75,2026-08-26 13:35:00,216.6,next_choch,-0.15,-9.75,73.32,-83.07,0
IS,S1M_OF,ITM1,PE,NIFTY26SEP24300PE,2026-08-26 13:45:00,219.95,2026-08-26 14:02:00,216.1,next_choch,-4.85,-315.25,73.39,-388.64,0
IS,S1M_OF,ITM1,CE,NIFTY26SEP24200CE,2026-08-26 14:04:00,417.35,2026-08-26 15:20:00,428.65,next_choch,10.3,669.5,98.64,570.86,0
IS,S1M_OF,ITM1,PE,NIFTY26SEP24350PE,2026-08-26 15:21:00,217.25,2026-08-27 12:44:00,270.5,next_choch,52.25,3396.25,78.32,3317.93,0
IS,S1M_OF,ITM1,CE,NIFTY26SEP24150CE,2026-08-27 12:51:00,394.4,2026-08-27 13:02:00,394.7,next_choch,-0.7,-45.5,94.86,-140.36,0
IS,S1M_OF,ITM1,PE,NIFTY26SEP24250PE,2026-08-27 13:05:00,223.2,2026-08-27 13:12:00,218.3,stop_loss,-5.9,-383.5,73.69,-457.19,0
IS,S1M_OF,ITM1,CE,NIFTY26SEP24150CE,2026-08-27 13:14:00,399.9,2026-08-27 13:29:00,396.5,next_choch,-4.4,-286.0,95.18,-381.18,0
IS,S1M_OF,ITM1,PE,NIFTY26SEP24200PE,2026-08-27 13:31:00,209.05,2026-08-27 13:38:00,202.2,next_choch,-7.85,-510.25,71.8,-582.05,0
IS,S1M_OF,ITM1,CE,NIFTY26SEP24150CE,2026-08-27 13:39:00,394.7,2026-08-27 13:42:00,389.7,stop_loss,-6.0,-390.0,94.4,-484.4,0
IS,S1M_OF,ITM1,PE,NIFTY26SEP24200PE,2026-08-27 13:43:00,206.6,2026-08-27 14:17:00,222.15,next_choch,14.55,945.75,73.56,872.19,0
IS,S1M_OF,ITM1,CE,NIFTY26SEP24100CE,2026-08-27 14:19:00,406.05,2026-08-27 14:45:00,412.75,next_choch,5.7,370.5,96.85,273.65,0
IS,S1M_OF,ITM1,PE,NIFTY26SEP24200PE,2026-08-27 15:05:00,220.45,2026-08-27 15:10:00,223.0,next_choch,1.55,100.75,74.04,26.71,0
IS,S1M_OF,ITM1,PE,NIFTY26SEP24200PE,2026-08-27 15:15:00,228.5,2026-08-28 09:17:00,231.75,next_choch,2.25,146.25,75.08,71.17,0
IS,S1M_OF,ITM1,CE,NIFTY26SEP24100CE,2026-08-28 09:25:00,409.05,2026-08-28 11:35:00,377.3,stop_loss,-32.75,-2128.75,93.68,-2222.43,0
IS,S1M_OF,ITM1,PE,NIFTY26SEP24150PE,2026-08-28 11:54:00,219.05,2026-08-28 13:22:00,217.8,stop_loss,-2.25,-146.25,73.52,-219.77,0
IS,S1M_OF,ITM1,CE,NIFTY26SEP24050CE,2026-08-28 13:40:00,422.0,2026-08-28 13:48:00,412.35,stop_loss,-10.65,-692.25,97.28,-789.53,0
IS,S1M_OF,ITM1,CE,NIFTY26SEP24050CE,2026-08-28 13:59:00,413.8,2026-08-28 14:07:00,411.65,stop_loss,-3.15,-204.75,96.97,-301.72,0
IS,S1M_OF,ITM1,CE,NIFTY26SEP24050CE,2026-08-28 14:29:00,414.2,2026-08-28 15:02:00,419.45,next_choch,4.25,276.25,97.7,178.55,0
IS,S1M_OF,ITM1,CE,NIFTY26SEP24100CE,2026-08-28 15:28:00,422.0,2026-08-31 09:15:00,325.1,stop_loss,-97.9,-6363.5,89.25,-6452.75,0
IS,S1M_OF,ITM1,PE,NIFTY26SEP24100PE,2026-08-31 09:26:00,233.5,2026-08-31 11:35:00,229.85,next_choch,-4.65,-302.25,75.05,-377.3,0
IS,S1M_OF,ITM1,CE,NIFTY26SEP24000CE,2026-08-31 11:42:00,393.5,2026-08-31 14:04:00,410.3,next_choch,15.8,1027.0,96.26,930.74,0
IS,S1M_OF,ITM1,PE,NIFTY26SEP24050PE,2026-08-31 14:05:00,197.6,2026-08-31 14:35:00,191.7,next_choch,-6.9,-448.5,70.5,-519.0,0
IS,S1M_OF,ITM1,CE,NIFTY26SEP24000CE,2026-08-31 14:39:00,418.45,2026-08-31 15:05:00,424.0,next_choch,4.55,295.75,98.24,197.51,0
IS,S1M_OF,ITM1,PE,NIFTY26SEP24100PE,2026-09-01 09:22:00,228.4,2026-09-01 10:48:00,219.0,next_choch,-10.4,-676.0,73.9,-749.9,0
IS,S1M_OF,ITM1,CE,NIFTY26SEP24050CE,2026-09-01 10:50:00,345.45,2026-09-01 12:51:00,372.8,next_choch,26.35,1712.75,91.43,1621.32,0
IS,S1M_OF,ITM1,PE,NIFTY26SEP24150PE,2026-09-01 12:54:00,213.95,2026-09-02 14:32:00,320.15,next_choch,105.2,6838.0,82.79,6755.21,0
IS,S1M_OF,ITM1,CE,NIFTY26SEP23850CE,2026-09-02 14:33:00,391.55,2026-09-02 14:43:00,372.1,next_choch,-20.45,-1329.25,92.69,-1421.94,0
IS,S1M_OF,ITM1,PE,NIFTY26SEP23950PE,2026-09-02 14:44:00,235.8,2026-09-02 15:22:00,240.45,next_choch,3.65,237.25,76.09,161.16,0
IS,S1M_OF,ITM1,PE,NIFTY26SEP23950PE,2026-09-02 15:26:00,244.6,2026-09-03 09:15:00,179.45,stop_loss,-66.15,-4299.75,70.74,-4370.49,0
IS,S1M_OF,ITM1,CE,NIFTY26SEP23950CE,2026-09-03 09:16:00,350.5,2026-09-03 09:22:00,337.45,next_choch,-14.05,-913.25,88.32,-1001.57,0
IS,S1M_OF,ITM1,PE,NIFTY26SEP24000PE,2026-09-03 09:24:00,215.95,2026-09-03 09:30:00,204.75,stop_loss,-12.2,-793.0,72.23,-865.23,0
IS,S1M_OF,ITM1,CE,NIFTY26SEP23950CE,2026-09-03 09:33:00,347.0,2026-09-03 10:13:00,355.2,next_choch,7.2,468.0,89.85,378.15,0
IS,S1M_OF,ITM1,PE,NIFTY26SEP24050PE,2026-09-03 10:15:00,214.65,2026-09-03 11:35:00,233.55,next_choch,17.9,1163.5,74.84,1088.66,0
IS,S1M_OF,ITM1,PE,NIFTY26SEP24000PE,2026-09-03 11:47:00,221.9,2026-09-03 12:54:00,234.45,next_choch,11.55,750.75,75.14,675.61,0
IS,S1M_OF,ITM1,PE,NIFTY26SEP23950PE,2026-09-03 13:02:00,217.8,2026-09-03 13:05:00,214.8,stop_loss,-4.0,-260.0,73.21,-333.21,0
IS,S1M_OF,ITM1,CE,NIFTY26SEP23900CE,2026-09-03 13:11:00,339.0,2026-09-03 13:21:00,333.7,next_choch,-6.3,-409.5,87.65,-497.15,0
IS,S1M_OF,ITM1,PE,NIFTY26SEP23950PE,2026-09-03 13:23:00,214.15,2026-09-03 13:33:00,205.7,stop_loss,-9.45,-614.25,72.27,-686.52,0
IS,S1M_OF,ITM1,CE,NIFTY26SEP23850CE,2026-09-03 14:29:00,364.8,2026-09-03 14:40:00,354.9,stop_loss,-10.9,-708.5,90.34,-798.84,0
IS,S1M_OF,ITM1,PE,NIFTY26SEP23950PE,2026-09-03 14:43:00,217.9,2026-09-03 14:56:00,219.45,next_choch,0.55,35.75,73.64,-37.89,0
IS,S1M_OF,ITM1,PE,NIFTY26SEP23950PE,2026-09-03 15:07:00,227.6,2026-09-04 09:15:00,218.1,stop_loss,-10.5,-682.5,73.8,-756.3,0
IS,S1M_OF,ITM1,CE,NIFTY26SEP23850CE,2026-09-04 09:45:00,365.0,2026-09-04 12:12:00,383.55,next_choch,17.55,1140.75,92.98,1047.77,0
IS,S1M_OF,ITM1,PE,NIFTY26SEP24000PE,2026-09-04 12:13:00,210.0,2026-09-04 12:49:00,216.0,next_choch,5.0,325.0,73.1,251.9,0
IS,S1M_OF,ITM1,CE,NIFTY26SEP23900CE,2026-09-04 12:53:00,338.2,2026-09-04 12:56:00,330.0,stop_loss,-9.2,-598.0,87.28,-685.28,0
IS,S1M_OF,ITM1,PE,NIFTY26SEP24000PE,2026-09-04 12:57:00,220.5,2026-09-04 13:10:00,207.5,stop_loss,-14.0,-910.0,72.62,-982.62,0
IS,S1M_OF,ITM1,CE,NIFTY26SEP23900CE,2026-09-04 13:16:00,345.7,2026-09-04 13:32:00,333.25,next_choch,-13.45,-874.25,87.8,-962.05,0
IS,S1M_OF,ITM1,PE,NIFTY26SEP24000PE,2026-09-04 13:33:00,216.7,2026-09-04 13:39:00,212.4,stop_loss,-5.3,-344.5,72.96,-417.46,0
IS,S1M_OF,ITM1,CE,NIFTY26SEP23900CE,2026-09-04 13:40:00,337.8,2026-09-04 13:49:00,339.65,next_choch,0.85,55.25,88.16,-32.91,0
IS,S1M_OF,ITM1,PE,NIFTY26SEP24000PE,2026-09-04 13:51:00,214.8,2026-09-04 14:03:00,214.35,next_choch,-1.45,-94.25,73.08,-167.33,0
IS,S1M_OF,ITM1,CE,NIFTY26SEP23900CE,2026-09-04 14:06:00,338.95,2026-09-04 14:39:00,335.0,next_choch,-4.95,-321.75,87.76,-409.51,0
IS,S1M_OF,ITM1,PE,NIFTY26SEP24000PE,2026-09-04 14:44:00,214.0,2026-09-04 14:50:00,213.0,stop_loss,-2.0,-130.0,72.94,-202.94,0
IS,S1M_OF,ITM1,PE,NIFTY26SEP24000PE,2026-09-04 15:22:00,218.8,2026-09-25 15:29:00,811.05,open,591.25,38431.25,128.06,38303.19,1
IS,S1M_OF,OTM1,PE,NIFTY26SEP24200PE,2026-08-26 12:10:00,179.3,2026-08-26 12:18:00,169.7,stop_loss,-10.6,-689.0,67.95,-756.95,0
IS,S1M_OF,OTM1,PE,NIFTY26SEP24200PE,2026-08-26 12:30:00,177.0,2026-08-26 12:34:00,173.2,stop_loss,-4.8,-312.0,68.21,-380.21,0
IS,S1M_OF,OTM1,CE,NIFTY26SEP24350CE,2026-08-26 12:35:00,335.15,2026-08-26 12:50:00,329.35,next_choch,-6.8,-442.0,87.13,-529.13,0
IS,S1M_OF,OTM1,CE,NIFTY26SEP24350CE,2026-08-26 12:54:00,331.5,2026-08-26 13:01:00,328.0,stop_loss,-4.5,-292.5,86.9,-379.4,0
IS,S1M_OF,OTM1,PE,NIFTY26SEP24200PE,2026-08-26 13:02:00,179.85,2026-08-26 13:35:00,179.65,next_choch,-1.2,-78.0,68.88,-146.88,0
IS,S1M_OF,OTM1,PE,NIFTY26SEP24200PE,2026-08-26 13:45:00,182.35,2026-08-26 14:02:00,180.4,next_choch,-2.95,-191.75,69.02,-260.77,0
IS,S1M_OF,OTM1,CE,NIFTY26SEP24300CE,2026-08-26 14:04:00,355.3,2026-08-26 15:20:00,365.5,next_choch,9.2,598.0,91.04,506.96,0
IS,S1M_OF,OTM1,PE,NIFTY26SEP24250PE,2026-08-26 15:21:00,183.4,2026-08-27 12:44:00,230.0,next_choch,45.6,2964.0,73.62,2890.38,0
IS,S1M_OF,OTM1,CE,NIFTY26SEP24250CE,2026-08-27 12:51:00,333.25,2026-08-27 13:02:00,334.5,next_choch,0.25,16.25,87.55,-71.3,0
IS,S1M_OF,OTM1,PE,NIFTY26SEP24150PE,2026-08-27 13:05:00,185.0,2026-08-27 13:12:00,181.4,stop_loss,-4.6,-299.0,69.19,-368.19,0
IS,S1M_OF,OTM1,CE,NIFTY26SEP24250CE,2026-08-27 13:14:00,338.45,2026-08-27 13:29:00,333.55,next_choch,-5.9,-383.5,87.62,-471.12,0
IS,S1M_OF,OTM1,PE,NIFTY26SEP24100PE,2026-08-27 13:31:00,171.75,2026-08-27 13:38:00,166.9,next_choch,-5.85,-380.25,67.48,-447.73,0
IS,S1M_OF,OTM1,CE,NIFTY26SEP24250CE,2026-08-27 13:39:00,332.6,2026-08-27 13:42:00,329.35,stop_loss,-4.25,-276.25,87.06,-363.31,0
IS,S1M_OF,OTM1,PE,NIFTY26SEP24100PE,2026-08-27 13:43:00,171.6,2026-08-27 14:17:00,185.0,next_choch,12.4,806.0,69.14,736.86,0
IS,S1M_OF,OTM1,CE,NIFTY26SEP24200CE,2026-08-27 14:19:00,344.75,2026-08-27 14:45:00,351.0,next_choch,5.25,341.25,89.4,251.85,0
IS,S1M_OF,OTM1,PE,NIFTY26SEP24100PE,2026-08-27 15:05:00,183.15,2026-08-27 15:10:00,185.05,next_choch,0.9,58.5,69.47,-10.97,0
IS,S1M_OF,OTM1,PE,NIFTY26SEP24100PE,2026-08-27 15:15:00,189.6,2026-08-28 09:17:00,191.7,next_choch,1.1,71.5,70.27,1.23,0
IS,S1M_OF,OTM1,CE,NIFTY26SEP24200CE,2026-08-28 09:25:00,346.1,2026-08-28 11:35:00,316.45,stop_loss,-30.65,-1992.25,86.26,-2078.51,0
IS,S1M_OF,OTM1,PE,NIFTY26SEP24050PE,2026-08-28 11:54:00,179.75,2026-08-28 13:22:00,182.1,stop_loss,1.35,87.75,69.11,18.64,0
IS,S1M_OF,OTM1,CE,NIFTY26SEP24150CE,2026-08-28 13:40:00,353.3,2026-08-28 13:48:00,347.55,stop_loss,-6.75,-438.75,89.33,-528.08,0
IS,S1M_OF,OTM1,CE,NIFTY26SEP24150CE,2026-08-28 13:59:00,354.2,2026-08-28 14:07:00,347.0,stop_loss,-8.2,-533.0,89.31,-622.31,0
IS,S1M_OF,OTM1,CE,NIFTY26SEP24150CE,2026-08-28 14:29:00,353.95,2026-08-28 15:02:00,355.15,next_choch,0.2,13.0,90.05,-77.05,0
IS,S1M_OF,OTM1,CE,NIFTY26SEP24200CE,2026-08-28 15:28:00,356.15,2026-08-31 09:15:00,268.1,stop_loss,-89.05,-5788.25,82.11,-5870.36,0
IS,S1M_OF,OTM1,PE,NIFTY26SEP24000PE,2026-08-31 09:26:00,194.0,2026-08-31 11:35:00,191.75,next_choch,-3.25,-211.25,70.4,-281.65,0
IS,S1M_OF,OTM1,CE,NIFTY26SEP24100CE,2026-08-31 11:42:00,331.5,2026-08-31 14:04:00,346.35,next_choch,13.85,900.25,88.59,811.66,0
IS,S1M_OF,OTM1,PE,NIFTY26SEP23950PE,2026-08-31 14:05:00,159.95,2026-08-31 14:35:00,160.8,next_choch,-0.15,-9.75,66.57,-76.32,0
IS,S1M_OF,OTM1,CE,NIFTY26SEP24100CE,2026-08-31 14:39:00,353.15,2026-08-31 15:05:00,358.0,next_choch,3.85,250.25,90.29,159.96,0
IS,S1M_OF,OTM1,PE,NIFTY26SEP24000PE,2026-09-01 09:22:00,188.95,2026-09-01 10:48:00,181.6,next_choch,-8.35,-542.75,69.33,-612.08,0
IS,S1M_OF,OTM1,CE,NIFTY26SEP24150CE,2026-09-01 10:50:00,286.75,2026-09-01 12:51:00,312.3,next_choch,24.55,1595.75,84.17,1511.58,0
IS,S1M_OF,OTM1,PE,NIFTY26SEP24050PE,2026-09-01 12:54:00,176.0,2026-09-02 14:32:00,271.95,next_choch,94.95,6171.75,77.26,6094.49,0
IS,S1M_OF,OTM1,CE,NIFTY26SEP23950CE,2026-09-02 14:33:00,328.65,2026-09-02 14:43:00,320.3,next_choch,-9.35,-607.75,86.11,-693.86,0
IS,S1M_OF,OTM1,PE,NIFTY26SEP23850PE,2026-09-02 14:44:00,199.95,2026-09-02 15:22:00,201.2,next_choch,0.25,16.25,71.45,-55.2,0
IS,S1M_OF,OTM1,PE,NIFTY26SEP23850PE,2026-09-02 15:26:00,203.3,2026-09-03 09:15:00,145.15,stop_loss,-59.15,-3844.75,66.39,-3911.14,0
IS,S1M_OF,OTM1,CE,NIFTY26SEP24050CE,2026-09-03 09:16:00,291.85,2026-09-03 09:22:00,276.5,next_choch,-16.35,-1062.75,81.02,-1143.77,0
IS,S1M_OF,OTM1,PE,NIFTY26SEP23900PE,2026-09-03 09:24:00,177.5,2026-09-03 09:30:00,166.65,stop_loss,-11.85,-770.25,67.62,-837.87,0
IS,S1M_OF,OTM1,CE,NIFTY26SEP24050CE,2026-09-03 09:33:00,285.0,2026-09-03 10:13:00,291.2,next_choch,5.2,338.0,82.18,255.82,0
IS,S1M_OF,OTM1,PE,NIFTY26SEP23950PE,2026-09-03 10:15:00,177.05,2026-09-03 11:35:00,191.35,next_choch,13.3,864.5,69.88,794.62,0
IS,S1M_OF,OTM1,PE,NIFTY26SEP23900PE,2026-09-03 11:47:00,180.95,2026-09-03 12:54:00,193.5,next_choch,11.55,750.75,70.19,680.56,0
IS,S1M_OF,OTM1,PE,NIFTY26SEP23850PE,2026-09-03 13:02:00,180.05,2026-09-03 13:05:00,177.35,stop_loss,-3.7,-240.5,68.68,-309.18,0
IS,S1M_OF,OTM1,CE,NIFTY26SEP24000CE,2026-09-03 13:11:00,280.0,2026-09-03 13:21:00,275.35,next_choch,-5.65,-367.25,80.58,-447.83,0
IS,S1M_OF,OTM1,PE,NIFTY26SEP23850PE,2026-09-03 13:23:00,174.75,2026-09-03 13:33:00,171.7,stop_loss,-4.05,-263.25,68.0,-331.25,0
IS,S1M_OF,OTM1,CE,NIFTY26SEP23950CE,2026-09-03 14:29:00,304.8,2026-09-03 14:40:00,295.9,stop_loss,-9.9,-643.5,83.18,-726.68,0
IS,S1M_OF,OTM1,PE,NIFTY26SEP23850PE,2026-09-03 14:43:00,178.25,2026-09-03 14:56:00,180.4,next_choch,1.15,74.75,68.91,5.84,0
IS,S1M_OF,OTM1,PE,NIFTY26SEP23850PE,2026-09-03 15:07:00,187.1,2026-09-04 09:15:00,178.7,stop_loss,-9.4,-611.0,69.01,-680.01,0
IS,S1M_OF,OTM1,CE,NIFTY26SEP23950CE,2026-09-04 09:45:00,305.2,2026-09-04 12:12:00,317.0,next_choch,10.8,702.0,85.13,616.87,0
IS,S1M_OF,OTM1,PE,NIFTY26SEP23900PE,2026-09-04 12:13:00,170.3,2026-09-04 12:49:00,176.0,next_choch,4.7,305.5,68.27,237.23,0
IS,S1M_OF,OTM1,CE,NIFTY26SEP24000CE,2026-09-04 12:53:00,277.7,2026-09-04 12:56:00,270.7,stop_loss,-8.0,-520.0,80.08,-600.08,0
IS,S1M_OF,OTM1,PE,NIFTY26SEP23900PE,2026-09-04 12:57:00,179.05,2026-09-04 13:10:00,168.1,stop_loss,-11.95,-776.75,67.8,-844.55,0
IS,S1M_OF,OTM1,CE,NIFTY26SEP24000CE,2026-09-04 13:16:00,284.2,2026-09-04 13:32:00,273.05,next_choch,-12.15,-789.75,80.49,-870.24,0
IS,S1M_OF,OTM1,PE,NIFTY26SEP23900PE,2026-09-04 13:33:00,176.1,2026-09-04 13:39:00,172.2,stop_loss,-4.9,-318.5,68.09,-386.59,0
IS,S1M_OF,OTM1,CE,NIFTY26SEP24000CE,2026-09-04 13:40:00,278.0,2026-09-04 13:49:00,280.95,next_choch,1.95,126.75,81.03,45.72,0
IS,S1M_OF,OTM1,PE,NIFTY26SEP23900PE,2026-09-04 13:51:00,174.0,2026-09-04 14:03:00,173.6,next_choch,-1.4,-91.0,68.16,-159.16,0
IS,S1M_OF,OTM1,CE,NIFTY26SEP24000CE,2026-09-04 14:06:00,279.1,2026-09-04 14:39:00,275.1,next_choch,-5.0,-325.0,80.53,-405.53,0
IS,S1M_OF,OTM1,PE,NIFTY26SEP23900PE,2026-09-04 14:44:00,173.7,2026-09-04 14:50:00,173.2,stop_loss,-1.5,-97.5,68.11,-165.61,0
IS,S1M_OF,OTM1,PE,NIFTY26SEP23900PE,2026-09-04 15:22:00,177.3,2026-09-25 15:29:00,711.7,open,533.4,34671.0,117.73,34553.27,1
IS,S1M_OF,OTM2,PE,NIFTY26SEP24150PE,2026-08-26 12:10:00,162.3,2026-08-26 12:18:00,154.85,stop_loss,-8.45,-549.25,66.1,-615.35,0
IS,S1M_OF,OTM2,PE,NIFTY26SEP24150PE,2026-08-26 12:30:00,161.4,2026-08-26 12:34:00,157.3,stop_loss,-5.1,-331.5,66.29,-397.79,0
IS,S1M_OF,OTM2,CE,NIFTY26SEP24400CE,2026-08-26 12:35:00,307.0,2026-08-26 12:50:00,299.1,next_choch,-8.9,-578.5,83.54,-662.04,0
IS,S1M_OF,OTM2,CE,NIFTY26SEP24400CE,2026-08-26 12:54:00,303.5,2026-08-26 13:01:00,297.35,stop_loss,-7.15,-464.75,83.28,-548.03,0
IS,S1M_OF,OTM2,PE,NIFTY26SEP24150PE,2026-08-26 13:02:00,163.0,2026-08-26 13:35:00,162.4,next_choch,-1.6,-104.0,66.81,-170.81,0
IS,S1M_OF,OTM2,PE,NIFTY26SEP24150PE,2026-08-26 13:45:00,164.85,2026-08-26 14:02:00,163.0,next_choch,-2.85,-185.25,66.92,-252.17,0
IS,S1M_OF,OTM2,CE,NIFTY26SEP24350CE,2026-08-26 14:04:00,321.9,2026-08-26 15:20:00,333.6,next_choch,10.7,695.5,87.14,608.36,0
IS,S1M_OF,OTM2,PE,NIFTY26SEP24200PE,2026-08-26 15:21:00,165.85,2026-08-27 12:44:00,207.7,next_choch,40.85,2655.25,71.06,2584.19,0
IS,S1M_OF,OTM2,CE,NIFTY26SEP24300CE,2026-08-27 12:51:00,303.45,2026-08-27 13:02:00,305.4,next_choch,0.95,61.75,84.02,-22.27,0
IS,S1M_OF,OTM2,PE,NIFTY26SEP24100PE,2026-08-27 13:05:00,169.05,2026-08-27 13:12:00,165.5,stop_loss,-4.55,-295.75,67.27,-363.02,0
IS,S1M_OF,OTM2,CE,NIFTY26SEP24300CE,2026-08-27 13:14:00,310.0,2026-08-27 13:29:00,306.3,next_choch,-4.7,-305.5,84.29,-389.79,0
IS,S1M_OF,OTM2,PE,NIFTY26SEP24050PE,2026-08-27 13:31:00,152.4,2026-08-27 13:38:00,153.85,next_choch,0.45,29.25,65.72,-36.47,0
IS,S1M_OF,OTM2,CE,NIFTY26SEP24300CE,2026-08-27 13:39:00,305.0,2026-08-27 13:42:00,299.45,stop_loss,-6.55,-425.75,83.51,-509.26,0
IS,S1M_OF,OTM2,PE,NIFTY26SEP24050PE,2026-08-27 13:43:00,157.0,2026-08-27 14:17:00,171.8,next_choch,13.8,897.0,67.5,829.5,0
IS,S1M_OF,OTM2,CE,NIFTY26SEP24250CE,2026-08-27 14:19:00,311.85,2026-08-27 14:45:00,318.35,next_choch,5.5,357.5,85.45,272.05,0
IS,S1M_OF,OTM2,PE,NIFTY26SEP24050PE,2026-08-27 15:05:00,167.05,2026-08-27 15:10:00,170.0,next_choch,1.95,126.75,67.63,59.12,0
IS,S1M_OF,OTM2,PE,NIFTY26SEP24050PE,2026-08-27 15:15:00,172.9,2026-08-28 09:17:00,176.3,next_choch,2.4,156.0,68.37,87.63,0
IS,S1M_OF,OTM2,CE,NIFTY26SEP24250CE,2026-08-28 09:25:00,315.0,2026-08-28 11:35:00,288.65,stop_loss,-27.35,-1777.75,82.81,-1860.56,0
IS,S1M_OF,OTM2,PE,NIFTY26SEP24000PE,2026-08-28 11:54:00,167.1,2026-08-28 13:22:00,166.15,stop_loss,-1.95,-126.75,67.27,-194.02,0
IS,S1M_OF,OTM2,CE,NIFTY26SEP24200CE,2026-08-28 13:40:00,326.75,2026-08-28 13:48:00,318.5,stop_loss,-9.25,-601.25,85.89,-687.14,0
IS,S1M_OF,OTM2,CE,NIFTY26SEP24200CE,2026-08-28 13:59:00,323.65,2026-08-28 14:07:00,320.05,stop_loss,-4.6,-299.0,85.95,-384.95,0
IS,S1M_OF,OTM2,CE,NIFTY26SEP24200CE,2026-08-28 14:29:00,325.45,2026-08-28 15:02:00,321.05,next_choch,-5.4,-351.0,86.09,-437.09,0
IS,S1M_OF,OTM2,CE,NIFTY26SEP24250CE,2026-08-28 15:28:00,326.75,2026-08-31 09:15:00,244.65,stop_loss,-83.1,-5401.5,79.1,-5480.6,0
IS,S1M_OF,OTM2,PE,NIFTY26SEP23950PE,2026-08-31 09:26:00,175.4,2026-08-31 11:35:00,177.0,next_choch,0.6,39.0,68.51,-29.51,0
IS,S1M_OF,OTM2,CE,NIFTY26SEP24150CE,2026-08-31 11:42:00,303.15,2026-08-31 14:04:00,320.0,next_choch,15.85,1030.25,85.35,944.9,0
IS,S1M_OF,OTM2,PE,NIFTY26SEP23900PE,2026-08-31 14:05:00,149.6,2026-08-31 14:35:00,146.3,next_choch,-4.3,-279.5,64.94,-344.44,0
IS,S1M_OF,OTM2,CE,NIFTY26SEP24150CE,2026-08-31 14:39:00,322.85,2026-08-31 15:05:00,324.5,next_choch,0.65,42.25,86.33,-44.08,0
IS,S1M_OF,OTM2,PE,NIFTY26SEP23950PE,2026-09-01 09:22:00,170.55,2026-09-01 10:48:00,164.65,next_choch,-6.9,-448.5,67.24,-515.74,0
IS,S1M_OF,OTM2,CE,NIFTY26SEP24200CE,2026-09-01 10:50:00,258.0,2026-09-01 12:51:00,281.8,next_choch,22.8,1482.0,80.53,1401.47,0
IS,S1M_OF,OTM2,PE,NIFTY26SEP24000PE,2026-09-01 12:54:00,159.95,2026-09-02 14:32:00,250.0,next_choch,89.05,5788.25,74.78,5713.47,0
IS,S1M_OF,OTM2,CE,NIFTY26SEP24000CE,2026-09-02 14:33:00,300.0,2026-09-02 14:43:00,283.65,next_choch,-17.35,-1127.75,81.92,-1209.67,0
IS,S1M_OF,OTM2,PE,NIFTY26SEP23800PE,2026-09-02 14:44:00,182.2,2026-09-02 15:22:00,184.0,next_choch,0.8,52.0,69.35,-17.35,0
IS,S1M_OF,OTM2,PE,NIFTY26SEP23800PE,2026-09-02 15:26:00,187.25,2026-09-03 09:15:00,131.1,stop_loss,-57.15,-3714.75,64.63,-3779.38,0
IS,S1M_OF,OTM2,CE,NIFTY26SEP24100CE,2026-09-03 09:16:00,260.05,2026-09-03 09:22:00,249.8,next_choch,-11.25,-731.25,77.65,-808.9,0
IS,S1M_OF,OTM2,PE,NIFTY26SEP23850PE,2026-09-03 09:24:00,161.35,2026-09-03 09:30:00,151.2,stop_loss,-11.15,-724.75,65.73,-790.48,0
IS,S1M_OF,OTM2,CE,NIFTY26SEP24100CE,2026-09-03 09:33:00,257.15,2026-09-03 10:13:00,263.05,next_choch,4.9,318.5,78.78,239.72,0
IS,S1M_OF,OTM2,PE,NIFTY26SEP23900PE,2026-09-03 10:15:00,159.5,2026-09-03 11:35:00,173.2,next_choch,12.7,825.5,67.7,757.8,0
IS,S1M_OF,OTM2,PE,NIFTY26SEP23850PE,2026-09-03 11:47:00,161.9,2026-09-03 12:54:00,175.1,next_choch,12.2,793.0,67.95,725.05,0
IS,S1M_OF,OTM2,PE,NIFTY26SEP23800PE,2026-09-03 13:02:00,161.55,2026-09-03 13:05:00,159.6,stop_loss,-2.95,-191.75,66.51,-258.26,0
IS,S1M_OF,OTM2,CE,NIFTY26SEP24050CE,2026-09-03 13:11:00,252.0,2026-09-03 13:21:00,248.0,next_choch,-5.0,-325.0,77.25,-402.25,0
IS,S1M_OF,OTM2,PE,NIFTY26SEP23800PE,2026-09-03 13:23:00,160.65,2026-09-03 13:33:00,151.25,stop_loss,-10.4,-676.0,65.72,-741.72,0
IS,S1M_OF,OTM2,CE,NIFTY26SEP24000CE,2026-09-03 14:29:00,275.95,2026-09-03 14:40:00,269.45,stop_loss,-7.5,-487.5,79.92,-567.42,0
IS,S1M_OF,OTM2,PE,NIFTY26SEP23800PE,2026-09-03 14:43:00,161.65,2026-09-03 14:56:00,163.9,next_choch,1.25,81.25,66.91,14.34,0
IS,S1M_OF,OTM2,PE,NIFTY26SEP23800PE,2026-09-03 15:07:00,168.6,2026-09-04 09:15:00,161.05,stop_loss,-8.55,-555.75,66.85,-622.6,0
IS,S1M_OF,OTM2,CE,NIFTY26SEP24000CE,2026-09-04 09:45:00,276.85,2026-09-04 12:12:00,285.6,next_choch,7.75,503.75,81.43,422.32,0
IS,S1M_OF,OTM2,PE,NIFTY26SEP23850PE,2026-09-04 12:13:00,153.6,2026-09-04 12:49:00,160.1,next_choch,5.5,357.5,66.33,291.17,0
IS,S1M_OF,OTM2,CE,NIFTY26SEP24050CE,2026-09-04 12:53:00,250.0,2026-09-04 12:56:00,244.0,stop_loss,-7.0,-455.0,76.83,-531.83,0
IS,S1M_OF,OTM2,PE,NIFTY26SEP23850PE,2026-09-04 12:57:00,162.1,2026-09-04 13:10:00,151.05,stop_loss,-12.05,-783.25,65.74,-848.99,0
IS,S1M_OF,OTM2,CE,NIFTY26SEP24050CE,2026-09-04 13:16:00,256.05,2026-09-04 13:32:00,246.0,next_choch,-11.05,-718.25,77.19,-795.44,0
IS,S1M_OF,OTM2,PE,NIFTY26SEP23850PE,2026-09-04 13:33:00,157.6,2026-09-04 13:39:00,154.8,stop_loss,-3.8,-247.0,65.96,-312.96,0
IS,S1M_OF,OTM2,CE,NIFTY26SEP24050CE,2026-09-04 13:40:00,249.5,2026-09-04 13:49:00,253.0,next_choch,2.5,162.5,77.64,84.86,0
IS,S1M_OF,OTM2,PE,NIFTY26SEP23850PE,2026-09-04 13:51:00,153.5,2026-09-04 14:03:00,155.65,next_choch,1.15,74.75,65.92,8.83,0
IS,S1M_OF,OTM2,CE,NIFTY26SEP24050CE,2026-09-04 14:06:00,250.2,2026-09-04 14:39:00,246.4,next_choch,-4.8,-312.0,77.05,-389.05,0
IS,S1M_OF,OTM2,PE,NIFTY26SEP23850PE,2026-09-04 14:44:00,153.3,2026-09-04 14:50:00,152.95,stop_loss,-1.35,-87.75,65.66,-153.41,0
IS,S1M_OF,OTM2,PE,NIFTY26SEP23850PE,2026-09-04 15:22:00,159.25,2026-09-25 15:29:00,663.8,open,503.55,32730.75,112.8,32617.95,1
IS,S1M_OF,OTM3,PE,NIFTY26SEP24100PE,2026-08-26 12:10:00,148.65,2026-08-26 12:18:00,140.2,stop_loss,-9.45,-614.25,64.35,-678.6,0
IS,S1M_OF,OTM3,PE,NIFTY26SEP24100PE,2026-08-26 12:30:00,145.45,2026-08-26 12:34:00,142.25,stop_loss,-4.2,-273.0,64.45,-337.45,0
IS,S1M_OF,OTM3,CE,NIFTY26SEP24450CE,2026-08-26 12:35:00,279.0,2026-08-26 12:50:00,273.95,next_choch,-6.05,-393.25,80.42,-473.67,0
IS,S1M_OF,OTM3,CE,NIFTY26SEP24450CE,2026-08-26 12:54:00,275.8,2026-08-26 13:01:00,270.9,stop_loss,-5.9,-383.5,80.05,-463.55,0
IS,S1M_OF,OTM3,PE,NIFTY26SEP24100PE,2026-08-26 13:02:00,147.95,2026-08-26 13:35:00,149.45,next_choch,0.5,32.5,65.18,-32.68,0
IS,S1M_OF,OTM3,PE,NIFTY26SEP24100PE,2026-08-26 13:45:00,149.5,2026-08-26 14:02:00,148.0,next_choch,-2.5,-162.5,65.1,-227.6,0
IS,S1M_OF,OTM3,CE,NIFTY26SEP24400CE,2026-08-26 14:04:00,295.0,2026-08-26 15:20:00,304.55,next_choch,8.55,555.75,83.69,472.06,0
IS,S1M_OF,OTM3,PE,NIFTY26SEP24150PE,2026-08-26 15:21:00,151.2,2026-08-27 12:44:00,188.3,next_choch,36.1,2346.5,68.85,2277.65,0
IS,S1M_OF,OTM3,CE,NIFTY26SEP24350CE,2026-08-27 12:51:00,276.0,2026-08-27 13:02:00,278.15,next_choch,1.15,74.75,80.72,-5.97,0
IS,S1M_OF,OTM3,PE,NIFTY26SEP24050PE,2026-08-27 13:05:00,154.65,2026-08-27 13:12:00,150.9,stop_loss,-4.75,-308.75,65.51,-374.26,0
IS,S1M_OF,OTM3,CE,NIFTY26SEP24350CE,2026-08-27 13:14:00,282.75,2026-08-27 13:29:00,277.2,next_choch,-6.55,-425.75,80.83,-506.58,0
IS,S1M_OF,OTM3,PE,NIFTY26SEP24000PE,2026-08-27 13:31:00,143.45,2026-08-27 13:38:00,138.5,next_choch,-5.95,-386.75,64.05,-450.8,0
IS,S1M_OF,OTM3,CE,NIFTY26SEP24350CE,2026-08-27 13:39:00,281.05,2026-08-27 13:42:00,272.0,stop_loss,-10.05,-653.25,80.3,-733.55,0
IS,S1M_OF,OTM3,PE,NIFTY26SEP24000PE,2026-08-27 13:43:00,142.7,2026-08-27 14:17:00,154.5,next_choch,10.8,702.0,65.5,636.5,0
IS,S1M_OF,OTM3,CE,NIFTY26SEP24300CE,2026-08-27 14:19:00,284.1,2026-08-27 14:45:00,290.65,next_choch,5.55,360.75,82.1,278.65,0
IS,S1M_OF,OTM3,PE,NIFTY26SEP24000PE,2026-08-27 15:05:00,152.85,2026-08-27 15:10:00,155.4,next_choch,1.55,100.75,65.87,34.88,0
IS,S1M_OF,OTM3,PE,NIFTY26SEP24000PE,2026-08-27 15:15:00,158.55,2026-08-28 09:17:00,160.8,next_choch,1.25,81.25,66.53,14.72,0
IS,S1M_OF,OTM3,CE,NIFTY26SEP24300CE,2026-08-28 09:25:00,289.1,2026-08-28 11:35:00,262.65,stop_loss,-27.45,-1784.25,79.67,-1863.92,0
IS,S1M_OF,OTM3,PE,NIFTY26SEP23950PE,2026-08-28 11:54:00,149.2,2026-08-28 13:22:00,152.25,stop_loss,2.05,133.25,65.48,67.77,0
IS,S1M_OF,OTM3,CE,NIFTY26SEP24250CE,2026-08-28 13:40:00,299.8,2026-08-28 13:48:00,290.0,stop_loss,-10.8,-702.0,82.5,-784.5,0
IS,S1M_OF,OTM3,CE,NIFTY26SEP24250CE,2026-08-28 13:59:00,294.85,2026-08-28 14:07:00,291.0,stop_loss,-4.85,-315.25,82.44,-397.69,0
IS,S1M_OF,OTM3,CE,NIFTY26SEP24250CE,2026-08-28 14:29:00,296.6,2026-08-28 15:02:00,293.6,next_choch,-4.0,-260.0,82.73,-342.73,0
IS,S1M_OF,OTM3,CE,NIFTY26SEP24300CE,2026-08-28 15:28:00,297.0,2026-08-31 09:15:00,220.45,stop_loss,-77.55,-5040.75,76.02,-5116.77,0
IS,S1M_OF,OTM3,PE,NIFTY26SEP23900PE,2026-08-31 09:26:00,160.75,2026-08-31 11:35:00,158.9,next_choch,-2.85,-185.25,66.42,-251.67,0
IS,S1M_OF,OTM3,CE,NIFTY26SEP24200CE,2026-08-31 11:42:00,275.05,2026-08-31 14:04:00,288.75,next_choch,12.7,825.5,81.66,743.84,0
IS,S1M_OF,OTM3,PE,NIFTY26SEP23850PE,2026-08-31 14:05:00,134.0,2026-08-31 14:35:00,133.65,next_choch,-1.35,-87.75,63.33,-151.08,0
IS,S1M_OF,OTM3,CE,NIFTY26SEP24200CE,2026-08-31 14:39:00,295.1,2026-08-31 15:05:00,297.85,next_choch,1.75,113.75,83.08,30.67,0
IS,S1M_OF,OTM3,PE,NIFTY26SEP23900PE,2026-09-01 09:22:00,155.9,2026-09-01 10:48:00,148.25,next_choch,-8.65,-562.25,65.3,-627.55,0
IS,S1M_OF,OTM3,CE,NIFTY26SEP24250CE,2026-09-01 10:50:00,232.0,2026-09-01 12:51:00,254.45,next_choch,21.45,1394.25,77.27,1316.98,0
IS,S1M_OF,OTM3,PE,NIFTY26SEP23950PE,2026-09-01 12:54:00,141.0,2026-09-02 14:32:00,228.95,next_choch,86.95,5651.75,72.29,5579.46,0
IS,S1M_OF,OTM3,CE,NIFTY26SEP24050CE,2026-09-02 14:33:00,272.75,2026-09-02 14:43:00,260.4,next_choch,-13.35,-867.75,78.99,-946.74,0
IS,S1M_OF,OTM3,PE,NIFTY26SEP23750PE,2026-09-02 14:44:00,162.4,2026-09-02 15:22:00,168.9,next_choch,5.5,357.5,67.39,290.11,0
IS,S1M_OF,OTM3,PE,NIFTY26SEP23750PE,2026-09-02 15:26:00,169.25,2026-09-03 09:15:00,118.8,stop_loss,-51.45,-3344.25,62.98,-3407.23,0
IS,S1M_OF,OTM3,CE,NIFTY26SEP24150CE,2026-09-03 09:16:00,234.2,2026-09-03 09:22:00,223.65,next_choch,-11.55,-750.75,74.5,-825.25,0
IS,S1M_OF,OTM3,PE,NIFTY26SEP23800PE,2026-09-03 09:24:00,145.7,2026-09-03 09:30:00,136.8,stop_loss,-9.9,-643.5,63.96,-707.46,0
IS,S1M_OF,OTM3,CE,NIFTY26SEP24150CE,2026-09-03 09:33:00,231.7,2026-09-03 10:13:00,237.1,next_choch,4.4,286.0,75.66,210.34,0
IS,S1M_OF,OTM3,PE,NIFTY26SEP23850PE,2026-09-03 10:15:00,143.9,2026-09-03 11:35:00,157.35,next_choch,12.45,809.25,65.79,743.46,0
IS,S1M_OF,OTM3,PE,NIFTY26SEP23800PE,2026-09-03 11:47:00,147.7,2026-09-03 12:54:00,158.0,next_choch,9.3,604.5,65.96,538.54,0
IS,S1M_OF,OTM3,PE,NIFTY26SEP23750PE,2026-09-03 13:02:00,146.05,2026-09-03 13:05:00,143.85,stop_loss,-3.2,-208.0,64.61,-272.61,0
IS,S1M_OF,OTM3,CE,NIFTY26SEP24100CE,2026-09-03 13:11:00,227.2,2026-09-03 13:21:00,222.85,next_choch,-5.35,-347.75,74.22,-421.97,0
IS,S1M_OF,OTM3,PE,NIFTY26SEP23750PE,2026-09-03 13:23:00,142.8,2026-09-03 13:33:00,137.9,stop_loss,-5.9,-383.5,63.97,-447.47,0
IS,S1M_OF,OTM3,CE,NIFTY26SEP24050CE,2026-09-03 14:29:00,247.5,2026-09-03 14:40:00,242.0,stop_loss,-6.5,-422.5,76.57,-499.07,0
IS,S1M_OF,OTM3,PE,NIFTY26SEP23750PE,2026-09-03 14:43:00,145.45,2026-09-03 14:56:00,146.7,next_choch,0.25,16.25,64.86,-48.61,0
IS,S1M_OF,OTM3,PE,NIFTY26SEP23750PE,2026-09-03 15:07:00,152.5,2026-09-04 09:15:00,146.4,stop_loss,-7.1,-461.5,65.04,-526.54,0
IS,S1M_OF,OTM3,CE,NIFTY26SEP24050CE,2026-09-04 09:45:00,249.0,2026-09-04 12:12:00,256.95,next_choch,6.95,451.75,77.99,373.76,0
IS,S1M_OF,OTM3,PE,NIFTY26SEP23800PE,2026-09-04 12:13:00,138.45,2026-09-04 12:49:00,142.25,next_choch,2.8,182.0,64.25,117.75,0
IS,S1M_OF,OTM3,CE,NIFTY26SEP24100CE,2026-09-04 12:53:00,224.05,2026-09-04 12:56:00,218.25,stop_loss,-6.8,-442.0,73.71,-515.71,0
IS,S1M_OF,OTM3,PE,NIFTY26SEP23800PE,2026-09-04 12:57:00,146.55,2026-09-04 13:10:00,137.1,stop_loss,-10.45,-679.25,64.01,-743.26,0
IS,S1M_OF,OTM3,CE,NIFTY26SEP24100CE,2026-09-04 13:16:00,230.0,2026-09-04 13:32:00,220.45,next_choch,-10.55,-685.75,74.08,-759.83,0
IS,S1M_OF,OTM3,PE,NIFTY26SEP23800PE,2026-09-04 13:33:00,142.85,2026-09-04 13:39:00,139.9,stop_loss,-3.95,-256.75,64.16,-320.91,0
IS,S1M_OF,OTM3,CE,NIFTY26SEP24100CE,2026-09-04 13:40:00,224.0,2026-09-04 13:49:00,225.9,next_choch,0.9,58.5,74.41,-15.91,0
IS,S1M_OF,OTM3,PE,NIFTY26SEP23800PE,2026-09-04 13:51:00,141.0,2026-09-04 14:03:00,141.0,next_choch,-1.0,-65.0,64.21,-129.21,0
IS,S1M_OF,OTM3,CE,NIFTY26SEP24100CE,2026-09-04 14:06:00,226.0,2026-09-04 14:39:00,221.3,next_choch,-5.7,-370.5,74.05,-444.55,0
IS,S1M_OF,OTM3,PE,NIFTY26SEP23800PE,2026-09-04 14:44:00,140.5,2026-09-04 14:50:00,139.95,stop_loss,-1.55,-100.75,64.1,-164.85,0
IS,S1M_OF,OTM3,PE,NIFTY26SEP23800PE,2026-09-04 15:22:00,142.75,2026-09-25 15:29:00,612.75,open,469.0,30485.0,107.63,30377.37,1
IS,S1M_OF,OTM4,PE,NIFTY26SEP24050PE,2026-08-26 12:10:00,132.0,2026-08-26 12:18:00,129.7,stop_loss,-3.3,-214.5,62.91,-277.41,0
IS,S1M_OF,OTM4,PE,NIFTY26SEP24050PE,2026-08-26 12:30:00,133.15,2026-08-26 12:34:00,129.9,stop_loss,-4.25,-276.25,62.96,-339.21,0
IS,S1M_OF,OTM4,CE,NIFTY26SEP24500CE,2026-08-26 12:35:00,253.65,2026-08-26 12:50:00,247.6,next_choch,-7.05,-458.25,77.26,-535.51,0
IS,S1M_OF,OTM4,CE,NIFTY26SEP24500CE,2026-08-26 12:54:00,250.45,2026-08-26 13:01:00,246.15,stop_loss,-5.3,-344.5,77.04,-421.54,0
IS,S1M_OF,OTM4,PE,NIFTY26SEP24050PE,2026-08-26 13:02:00,133.55,2026-08-26 13:35:00,135.15,next_choch,0.6,39.0,63.45,-24.45,0
IS,S1M_OF,OTM4,PE,NIFTY26SEP24050PE,2026-08-26 13:45:00,138.1,2026-08-26 14:02:00,136.05,next_choch,-3.05,-198.25,63.67,-261.92,0
IS,S1M_OF,OTM4,CE,NIFTY26SEP24450CE,2026-08-26 14:04:00,268.1,2026-08-26 15:20:00,274.7,next_choch,5.6,364.0,80.17,283.83,0
IS,S1M_OF,OTM4,PE,NIFTY26SEP24100PE,2026-08-26 15:21:00,137.0,2026-08-27 12:44:00,172.1,next_choch,34.1,2216.5,66.95,2149.55,0
IS,S1M_OF,OTM4,CE,NIFTY26SEP24400CE,2026-08-27 12:51:00,251.6,2026-08-27 13:02:00,252.25,next_choch,-0.35,-22.75,77.63,-100.38,0
IS,S1M_OF,OTM4,PE,NIFTY26SEP24000PE,2026-08-27 13:05:00,140.1,2026-08-27 13:12:00,136.35,stop_loss,-4.75,-308.75,63.75,-372.5,0
IS,S1M_OF,OTM4,CE,NIFTY26SEP24400CE,2026-08-27 13:14:00,254.5,2026-08-27 13:29:00,252.5,next_choch,-3.0,-195.0,77.74,-272.74,0
IS,S1M_OF,OTM4,PE,NIFTY26SEP23950PE,2026-08-27 13:31:00,128.25,2026-08-27 13:38:00,127.0,next_choch,-2.25,-146.25,62.55,-208.8,0
IS,S1M_OF,OTM4,CE,NIFTY26SEP24400CE,2026-08-27 13:39:00,251.2,2026-08-27 13:42:00,246.65,stop_loss,-5.55,-360.75,77.1,-437.85,0
IS,S1M_OF,OTM4,PE,NIFTY26SEP23950PE,2026-08-27 13:43:00,125.0,2026-08-27 14:17:00,141.5,next_choch,15.5,1007.5,63.79,943.71,0
IS,S1M_OF,OTM4,CE,NIFTY26SEP24350CE,2026-08-27 14:19:00,256.8,2026-08-27 14:45:00,264.5,next_choch,6.7,435.5,78.91,356.59,0
IS,S1M_OF,OTM4,PE,NIFTY26SEP23950PE,2026-08-27 15:05:00,139.2,2026-08-27 15:10:00,140.7,next_choch,0.5,32.5,64.13,-31.63,0
IS,S1M_OF,OTM4,PE,NIFTY26SEP23950PE,2026-08-27 15:15:00,143.8,2026-08-28 09:17:00,145.0,next_choch,0.2,13.0,64.66,-51.66,0
IS,S1M_OF,OTM4,CE,NIFTY26SEP24350CE,2026-08-28 09:25:00,262.4,2026-08-28 11:35:00,238.05,stop_loss,-25.35,-1647.75,76.64,-1724.39,0
IS,S1M_OF,OTM4,PE,NIFTY26SEP23900PE,2026-08-28 11:54:00,138.05,2026-08-28 13:22:00,136.35,stop_loss,-2.7,-175.5,63.69,-239.19,0
IS,S1M_OF,OTM4,CE,NIFTY26SEP24300CE,2026-08-28 13:40:00,269.8,2026-08-28 13:48:00,263.1,stop_loss,-7.7,-500.5,79.15,-579.65,0
IS,S1M_OF,OTM4,CE,NIFTY26SEP24300CE,2026-08-28 13:59:00,266.95,2026-08-28 14:07:00,263.4,stop_loss,-4.55,-295.75,79.1,-374.85,0
IS,S1M_OF,OTM4,CE,NIFTY26SEP24300CE,2026-08-28 14:29:00,268.85,2026-08-28 15:02:00,265.05,next_choch,-4.8,-312.0,79.31,-391.31,0
IS,S1M_OF,OTM4,CE,NIFTY26SEP24350CE,2026-08-28 15:28:00,270.0,2026-08-31 09:15:00,198.85,stop_loss,-72.15,-4689.75,73.25,-4763.0,0
IS,S1M_OF,OTM4,PE,NIFTY26SEP23850PE,2026-08-31 09:26:00,145.0,2026-08-31 11:35:00,145.7,next_choch,-0.3,-19.5,64.75,-84.25,0
IS,S1M_OF,OTM4,CE,NIFTY26SEP24250CE,2026-08-31 11:42:00,249.25,2026-08-31 14:04:00,266.0,next_choch,15.75,1023.75,78.83,944.92,0
IS,S1M_OF,OTM4,PE,NIFTY26SEP23800PE,2026-08-31 14:05:00,123.05,2026-08-31 14:35:00,119.9,next_choch,-4.15,-269.75,61.75,-331.5,0
IS,S1M_OF,OTM4,CE,NIFTY26SEP24250CE,2026-08-31 14:39:00,264.75,2026-08-31 15:05:00,269.0,next_choch,3.25,211.25,79.55,131.7,0
IS,S1M_OF,OTM4,PE,NIFTY26SEP23850PE,2026-09-01 09:22:00,140.8,2026-09-01 10:48:00,132.5,next_choch,-9.3,-604.5,63.42,-667.92,0
IS,S1M_OF,OTM4,CE,NIFTY26SEP24300CE,2026-09-01 10:50:00,209.2,2026-09-01 12:51:00,229.55,next_choch,19.35,1257.75,74.32,1183.43,0
IS,S1M_OF,OTM4,PE,NIFTY26SEP23900PE,2026-09-01 12:54:00,129.55,2026-09-02 14:32:00,208.35,next_choch,77.8,5057.0,70.07,4986.93,0
IS,S1M_OF,OTM4,CE,NIFTY26SEP24100CE,2026-09-02 14:33:00,247.0,2026-09-02 14:43:00,234.2,next_choch,-13.8,-897.0,75.84,-972.84,0
IS,S1M_OF,OTM4,PE,NIFTY26SEP23700PE,2026-09-02 14:44:00,151.35,2026-09-02 15:22:00,152.0,next_choch,-0.35,-22.75,65.52,-88.27,0
IS,S1M_OF,OTM4,PE,NIFTY26SEP23700PE,2026-09-02 15:26:00,154.15,2026-09-03 09:15:00,106.6,stop_loss,-48.55,-3155.75,61.42,-3217.17,0
IS,S1M_OF,OTM4,CE,NIFTY26SEP24200CE,2026-09-03 09:16:00,208.6,2026-09-03 09:22:00,200.3,next_choch,-9.3,-604.5,71.61,-676.11,0
IS,S1M_OF,OTM4,PE,NIFTY26SEP23750PE,2026-09-03 09:24:00,130.4,2026-09-03 09:30:00,123.9,stop_loss,-7.5,-487.5,62.33,-549.83,0
IS,S1M_OF,OTM4,CE,NIFTY26SEP24200CE,2026-09-03 09:33:00,206.45,2026-09-03 10:13:00,212.5,next_choch,5.05,328.25,72.67,255.58,0
IS,S1M_OF,OTM4,PE,NIFTY26SEP23800PE,2026-09-03 10:15:00,129.85,2026-09-03 11:35:00,141.0,next_choch,10.15,659.75,63.88,595.87,0
IS,S1M_OF,OTM4,PE,NIFTY26SEP23750PE,2026-09-03 11:47:00,131.3,2026-09-03 12:54:00,144.35,next_choch,12.05,783.25,64.23,719.02,0
IS,S1M_OF,OTM4,PE,NIFTY26SEP23700PE,2026-09-03 13:02:00,132.0,2026-09-03 13:05:00,129.85,stop_loss,-3.15,-204.75,62.92,-267.67,0
IS,S1M_OF,OTM4,CE,NIFTY26SEP24150CE,2026-09-03 13:11:00,202.1,2026-09-03 13:21:00,200.7,next_choch,-2.4,-156.0,71.46,-227.46,0
IS,S1M_OF,OTM4,PE,NIFTY26SEP23700PE,2026-09-03 13:23:00,130.0,2026-09-03 13:33:00,122.35,stop_loss,-8.65,-562.25,62.17,-624.42,0
IS,S1M_OF,OTM4,CE,NIFTY26SEP24100CE,2026-09-03 14:29:00,222.5,2026-09-03 14:40:00,217.0,stop_loss,-6.5,-422.5,73.55,-496.05,0
IS,S1M_OF,OTM4,PE,NIFTY26SEP23700PE,2026-09-03 14:43:00,130.45,2026-09-03 14:56:00,134.05,next_choch,2.6,169.0,63.26,105.74,0
IS,S1M_OF,OTM4,PE,NIFTY26SEP23700PE,2026-09-03 15:07:00,138.0,2026-09-04 09:15:00,131.95,stop_loss,-7.05,-458.25,63.29,-521.54,0
IS,S1M_OF,OTM4,CE,NIFTY26SEP24100CE,2026-09-04 09:45:00,224.05,2026-09-04 12:12:00,231.85,next_choch,6.8,442.0,74.96,367.04,0
IS,S1M_OF,OTM4,PE,NIFTY26SEP23750PE,2026-09-04 12:13:00,123.5,2026-09-04 12:49:00,127.5,next_choch,3.0,195.0,62.46,132.54,0
IS,S1M_OF,OTM4,CE,NIFTY26SEP24150CE,2026-09-04 12:53:00,199.45,2026-09-04 12:56:00,200.0,stop_loss,-0.45,-29.25,71.32,-100.57,0
IS,S1M_OF,OTM4,PE,NIFTY26SEP23750PE,2026-09-04 12:57:00,131.05,2026-09-04 13:10:00,122.4,stop_loss,-9.65,-627.25,62.21,-689.46,0
IS,S1M_OF,OTM4,CE,NIFTY26SEP24150CE,2026-09-04 13:16:00,205.0,2026-09-04 13:32:00,196.85,next_choch,-9.15,-594.75,71.19,-665.94,0
IS,S1M_OF,OTM4,PE,NIFTY26SEP23750PE,2026-09-04 13:33:00,126.85,2026-09-04 13:39:00,125.1,stop_loss,-2.75,-178.75,62.34,-241.09,0
IS,S1M_OF,OTM4,CE,NIFTY26SEP24150CE,2026-09-04 13:40:00,199.85,2026-09-04 13:49:00,201.8,next_choch,0.95,61.75,71.5,-9.75,0
IS,S1M_OF,OTM4,PE,NIFTY26SEP23750PE,2026-09-04 13:51:00,123.5,2026-09-04 14:03:00,125.15,next_choch,0.65,42.25,62.24,-19.99,0
IS,S1M_OF,OTM4,CE,NIFTY26SEP24150CE,2026-09-04 14:06:00,201.9,2026-09-04 14:39:00,199.15,next_choch,-3.75,-243.75,71.31,-315.06,0
IS,S1M_OF,OTM4,PE,NIFTY26SEP23750PE,2026-09-04 14:44:00,124.95,2026-09-04 14:50:00,124.5,stop_loss,-1.45,-94.25,62.23,-156.48,0
IS,S1M_OF,OTM4,PE,NIFTY26SEP23750PE,2026-09-04 15:22:00,126.1,2026-09-25 15:29:00,563.0,open,435.9,28333.5,102.58,28230.92,1
OOS,S1M_OF,ATR2,PE,NIFTY26SEP24000PE,2026-07-09 09:53:00,431.1,2026-07-09 10:00:00,426.0,next_choch,-6.1,-396.5,98.79,-495.29,0
OOS,S1M_OF,ATR2,CE,NIFTY26SEP24100CE,2026-07-09 10:01:00,702.0,2026-07-09 10:14:00,693.2,next_choch,-9.8,-637.0,131.19,-768.19,0
OOS,S1M_OF,ATR2,PE,NIFTY26SEP24050PE,2026-07-09 10:15:00,437.35,2026-07-09 10:41:00,442.1,stop_loss,3.75,243.75,100.45,143.3,0
OOS,S1M_OF,ATR2,CE,NIFTY26SEP24150CE,2026-07-09 10:42:00,717.2,2026-07-09 11:00:00,717.2,stop_loss,-1.0,-65.0,133.83,-198.83,0
OOS,S1M_OF,ATR2,PE,NIFTY26SEP23950PE,2026-07-09 11:01:00,420.05,2026-07-09 11:05:00,420.05,stop_loss,-1.0,-65.0,97.93,-162.93,0
OOS,S1M_OF,ATR2,CE,NIFTY26SEP24100CE,2026-07-09 12:03:00,711.8,2026-07-09 12:07:00,711.8,stop_loss,-1.0,-65.0,133.18,-198.18,0
OOS,S1M_OF,ATR2,PE,NIFTY26SEP24000PE,2026-07-09 12:40:00,428.0,2026-07-09 12:55:00,417.0,next_choch,-12.0,-780.0,97.88,-877.88,0
OOS,S1M_OF,ATR2,PE,NIFTY26SEP24000PE,2026-07-09 13:29:00,425.0,2026-07-09 13:35:00,410.0,stop_loss,-16.0,-1040.0,97.15,-1137.15,0
OOS,S1M_OF,ATR2,CE,NIFTY26SEP24100CE,2026-07-09 13:38:00,702.05,2026-07-09 13:52:00,702.05,stop_loss,-1.0,-65.0,132.0,-197.0,0
OOS,S1M_OF,ATR2,PE,NIFTY26SEP24050PE,2026-07-09 13:56:00,431.0,2026-07-10 09:15:00,377.65,stop_loss,-54.35,-3532.75,94.35,-3627.1,0
OOS,S1M_OF,ATR2,CE,NIFTY26SEP24200CE,2026-07-10 09:16:00,676.95,2026-07-10 11:16:00,681.0,next_choch,3.05,198.25,129.34,68.91,0
OOS,S1M_OF,ATR2,CE,NIFTY26SEP24150CE,2026-07-10 11:37:00,721.0,2026-07-10 11:38:00,721.0,stop_loss,-1.0,-65.0,134.29,-199.29,0
OOS,S1M_OF,ATR2,CE,NIFTY26SEP24200CE,2026-07-10 12:01:00,677.85,2026-07-10 12:12:00,676.0,stop_loss,-2.85,-185.25,128.91,-314.16,0
OOS,S1M_OF,ATR2,CE,NIFTY26SEP24200CE,2026-07-10 12:26:00,673.85,2026-07-10 13:10:00,684.2,next_choch,9.35,607.75,129.55,478.2,0
OOS,S1M_OF,ATR2,PE,NIFTY26SEP24150PE,2026-07-10 13:16:00,405.0,2026-07-10 13:34:00,416.6,next_choch,10.6,689.0,97.17,591.83,0
OOS,S1M_OF,ATR2,CE,NIFTY26SEP24200CE,2026-07-10 13:40:00,681.75,2026-07-10 14:09:00,686.05,stop_loss,3.3,214.5,129.95,84.55,0
OOS,S1M_OF,ATR2,CE,NIFTY26SEP24200CE,2026-07-10 14:24:00,690.0,2026-07-10 14:52:00,697.4,next_choch,6.4,416.0,131.23,284.77,0
OOS,S1M_OF,ATR2,PE,NIFTY26SEP24200PE,2026-07-10 14:58:00,422.95,2026-07-10 15:00:00,415.0,next_choch,-8.95,-581.75,97.55,-679.3,0
OOS,S1M_OF,ATR2,PE,NIFTY26SEP24100PE,2026-07-14 09:35:00,429.5,2026-07-14 10:32:00,452.75,next_choch,22.25,1446.25,101.21,1345.04,0
OOS,S1M_OF,ATR2,PE,NIFTY26SEP24050PE,2026-07-14 10:38:00,411.7,2026-07-14 10:49:00,411.7,stop_loss,-1.0,-65.0,96.92,-161.92,0
OOS,S1M_OF,ATR2,PE,NIFTY26SEP24100PE,2026-07-14 11:38:00,438.0,2026-07-15 09:16:00,440.0,next_choch,1.0,65.0,100.28,-35.28,0
OOS,S1M_OF,ATR2,CE,NIFTY26SEP24150CE,2026-07-15 09:17:00,675.0,2026-07-15 12:33:00,699.0,next_choch,23.0,1495.0,130.94,1364.06,0
OOS,S1M_OF,ATR2,PE,NIFTY26SEP24150PE,2026-07-15 12:36:00,422.6,2026-07-15 13:59:00,506.35,next_choch,82.75,5378.75,105.94,5272.81,0
OOS,S1M_OF,ATR2,CE,NIFTY26SEP24100CE,2026-07-15 14:00:00,664.6,2026-07-15 14:06:00,670.75,next_choch,5.15,334.75,128.04,206.71,0
OOS,S1M_OF,ATR2,CE,NIFTY26SEP24100CE,2026-07-15 14:15:00,670.75,2026-07-15 14:51:00,686.0,next_choch,14.25,926.25,129.62,796.63,0
OOS,S1M_OF,ATR2,PE,NIFTY26SEP24050PE,2026-07-15 15:02:00,432.05,2026-07-15 15:25:00,431.75,stop_loss,-1.3,-84.5,99.35,-183.85,0
OOS,S1M_OF,ATR2,PE,NIFTY26SEP24100PE,2026-07-16 09:34:00,411.8,2026-07-16 09:56:00,414.0,next_choch,1.2,78.0,97.13,-19.13,0
OOS,S1M_OF,ATR2,PE,NIFTY26SEP24100PE,2026-07-16 10:27:00,413.95,2026-07-16 10:41:00,414.0,next_choch,-0.95,-61.75,97.19,-158.94,0
OOS,S1M_OF,ATR2,CE,NIFTY26SEP24150CE,2026-07-16 10:45:00,670.0,2026-07-16 12:02:00,686.3,next_choch,15.3,994.5,129.63,864.87,0
OOS,S1M_OF,ATR2,PE,NIFTY26SEP24150PE,2026-07-16 12:17:00,422.0,2026-07-16 14:17:00,431.05,next_choch,8.05,523.25,98.99,424.26,0
OOS,S1M_OF,ATR2,PE,NIFTY26SEP24050PE,2026-07-16 14:25:00,395.0,2026-07-16 14:45:00,395.0,stop_loss,-1.0,-65.0,94.9,-159.9,0
OOS,S1M_OF,ATR2,CE,NIFTY26SEP24100CE,2026-07-16 14:47:00,680.0,2026-07-16 15:05:00,675.0,stop_loss,-6.0,-390.0,128.88,-518.88,0
OOS,S1M_OF,ATR2,CE,NIFTY26SEP24200CE,2026-07-17 09:17:00,646.0,2026-07-17 13:47:00,705.9,next_choch,58.9,3828.5,130.74,3697.76,0
OOS,S1M_OF,ATR2,PE,NIFTY26SEP24200PE,2026-07-17 13:51:00,430.0,2026-07-17 13:59:00,427.5,stop_loss,-3.5,-227.5,98.9,-326.4,0
OOS,S1M_OF,ATR2,CE,NIFTY26SEP24250CE,2026-07-17 14:00:00,650.0,2026-07-17 14:51:00,709.75,next_choch,58.75,3818.75,131.21,3687.54,0
OOS,S1M_OF,ATR2,PE,NIFTY26SEP24150PE,2026-07-20 09:16:00,399.4,2026-07-20 10:29:00,418.75,next_choch,18.35,1192.75,97.21,1095.54,0
OOS,S1M_OF,ATR2,PE,NIFTY26SEP24200PE,2026-07-20 11:16:00,423.4,2026-07-20 12:11:00,445.3,next_choch,20.9,1358.5,100.35,1258.15,0
OOS,S1M_OF,ATR2,CE,NIFTY26SEP24200CE,2026-07-20 12:16:00,659.0,2026-07-20 12:29:00,656.55,stop_loss,-3.45,-224.25,126.58,-350.83,0
OOS,S1M_OF,ATR2,PE,NIFTY26SEP24150PE,2026-07-20 12:38:00,433.95,2026-07-20 12:54:00,427.15,next_choch,-7.8,-507.0,98.98,-605.98,0
OOS,S1M_OF,ATR2,CE,NIFTY26SEP24200CE,2026-07-20 12:55:00,657.9,2026-07-21 09:25:00,690.0,next_choch,31.1,2021.5,129.62,1891.88,0
OOS,S1M_OF,ATR2,PE,NIFTY26SEP24200PE,2026-07-21 09:32:00,402.3,2026-07-21 13:42:00,415.3,next_choch,12.0,780.0,96.98,683.02,0
OOS,S1M_OF,ATR2,CE,NIFTY26SEP24200CE,2026-07-21 14:50:00,633.5,2026-07-21 15:15:00,635.95,next_choch,1.45,94.25,123.95,-29.7,0
OOS,S1M_OF,ATR2,PE,NIFTY26SEP24050PE,2026-07-22 09:27:00,401.25,2026-07-22 11:33:00,418.0,next_choch,15.75,1023.75,97.2,926.55,0
OOS,S1M_OF,ATR2,CE,NIFTY26SEP24050CE,2026-07-22 11:34:00,641.1,2026-07-22 11:39:00,641.1,stop_loss,-1.0,-65.0,124.64,-189.64,0
OOS,S1M_OF,ATR2,PE,NIFTY26SEP24000PE,2026-07-22 12:02:00,411.75,2026-07-22 12:48:00,412.05,next_choch,-0.7,-45.5,96.95,-142.45,0
OOS,S1M_OF,ATR2,CE,NIFTY26SEP24000CE,2026-07-22 12:51:00,649.45,2026-07-22 13:10:00,640.05,next_choch,-10.4,-676.0,124.78,-800.78,0
OOS,S1M_OF,ATR2,PE,NIFTY26SEP23950PE,2026-07-22 13:12:00,395.95,2026-07-22 13:32:00,409.6,stop_loss,12.65,822.25,96.27,725.98,0
OOS,S1M_OF,ATR2,CE,NIFTY26SEP24000CE,2026-07-22 13:35:00,653.95,2026-07-22 13:46:00,643.7,next_choch,-11.25,-731.25,125.25,-856.5,0
OOS,S1M_OF,ATR2,PE,NIFTY26SEP23950PE,2026-07-22 13:54:00,396.95,2026-07-22 14:53:00,396.95,next_choch,-1.0,-65.0,95.14,-160.14,0
OOS,S1M_OF,ATR2,PE,NIFTY26SEP23950PE,2026-07-22 15:04:00,396.95,2026-07-22 15:05:00,396.95,stop_loss,-1.0,-65.0,95.14,-160.14,0
OOS,S1M_OF,ATR2,CE,NIFTY26SEP24000CE,2026-07-22 15:07:00,639.15,2026-07-23 09:15:00,599.75,stop_loss,-40.4,-2626.0,120.78,-2746.78,0
OOS,S1M_OF,ATR2,PE,NIFTY26SEP23950PE,2026-07-23 11:21:00,395.5,2026-07-23 15:15:00,489.15,next_choch,92.65,6022.25,103.57,5918.68,0
OOS,S1M_OF,ATR2,CE,NIFTY26SEP23900CE,2026-07-23 15:19:00,630.0,2026-07-23 15:20:00,625.3,stop_loss,-5.7,-370.5,122.87,-493.37,0
OOS,S1M_OF,ATR2,PE,NIFTY26SEP23650PE,2026-07-24 09:37:00,412.55,2026-07-24 11:50:00,412.1,next_choch,-1.45,-94.25,96.98,-191.23,0
OOS,S1M_OF,ATR2,CE,NIFTY26SEP23750CE,2026-07-24 12:04:00,620.0,2026-07-24 13:41:00,657.9,next_choch,36.9,2398.5,125.57,2272.93,0
OOS,S1M_OF,ATR2,PE,NIFTY26SEP23700PE,2026-07-24 13:42:00,415.45,2026-07-24 13:50:00,408.1,stop_loss,-8.35,-542.75,96.7,-639.45,0
OOS,S1M_OF,ATR2,CE,NIFTY26SEP23800CE,2026-07-24 13:54:00,635.05,2026-07-24 14:13:00,650.75,next_choch,14.7,955.5,125.35,830.15,0
OOS,S1M_OF,ATR2,CE,NIFTY26SEP23800CE,2026-07-24 14:16:00,650.75,2026-07-24 14:19:00,653.65,stop_loss,1.9,123.5,126.07,-2.57,0
OOS,S1M_OF,ATR2,PE,NIFTY26SEP23750PE,2026-07-24 14:21:00,397.55,2026-07-24 14:53:00,397.55,next_choch,-1.0,-65.0,95.21,-160.21,0
OOS,S1M_OF,ATR2,CE,NIFTY26SEP23800CE,2026-07-24 14:55:00,647.9,2026-07-24 14:58:00,651.2,stop_loss,2.3,149.5,125.76,23.74,0
OOS,S1M_OF,ATR2,PE,NIFTY26SEP23750PE,2026-07-24 15:00:00,416.35,2026-07-24 15:14:00,416.6,stop_loss,-0.75,-48.75,97.5,-146.25,0
OOS,S1M_OF,ATR2,CE,NIFTY26SEP23800CE,2026-07-24 15:15:00,660.15,2026-08-12 10:46:00,918.0,next_choch,256.85,16695.25,150.65,16544.6,0
OOS,S1M_OF,ATR2,PE,NIFTY26SEP24350PE,2026-08-12 10:47:00,276.25,2026-08-12 12:42:00,299.9,next_choch,22.65,1472.25,82.72,1389.53,0
OOS,S1M_OF,ATR2,PE,NIFTY26SEP24250PE,2026-08-12 12:44:00,263.5,2026-08-12 13:19:00,264.95,stop_loss,0.45,29.25,79.14,-49.89,0
OOS,S1M_OF,ATR2,PE,NIFTY26SEP24300PE,2026-08-12 13:39:00,281.0,2026-08-12 14:21:00,283.75,next_choch,1.75,113.75,81.38,32.37,0
OOS,S1M_OF,ATR2,CE,NIFTY26SEP24300CE,2026-08-12 14:22:00,517.45,2026-08-13 09:26:00,532.1,next_choch,13.65,887.25,111.04,776.21,0
OOS,S1M_OF,ATR2,PE,NIFTY26SEP24300PE,2026-08-13 09:27:00,272.75,2026-08-13 09:39:00,268.2,next_choch,-5.55,-360.75,79.71,-440.46,0
OOS,S1M_OF,ATR2,CE,NIFTY26SEP24350CE,2026-08-13 09:40:00,499.45,2026-08-13 10:11:00,500.35,next_choch,-0.1,-6.5,107.6,-114.1,0
OOS,S1M_OF,ATR2,PE,NIFTY26SEP24350PE,2026-08-13 10:12:00,280.0,2026-08-13 10:49:00,283.65,next_choch,2.65,172.25,81.34,90.91,0
OOS,S1M_OF,ATR2,CE,NIFTY26SEP24350CE,2026-08-13 10:50:00,489.4,2026-08-13 11:06:00,501.6,stop_loss,11.2,728.0,107.43,620.57,0
OOS,S1M_OF,ATR2,PE,NIFTY26SEP24300PE,2026-08-13 11:07:00,268.0,2026-08-13 11:36:00,253.4,stop_loss,-15.6,-1014.0,78.21,-1092.21,0
OOS,S1M_OF,ATR2,CE,NIFTY26SEP24350CE,2026-08-13 11:39:00,495.0,2026-08-13 11:42:00,500.7,next_choch,4.7,305.5,107.51,197.99,0
OOS,S1M_OF,ATR2,CE,NIFTY26SEP24350CE,2026-08-13 11:49:00,504.7,2026-08-13 12:11:00,541.85,next_choch,36.15,2349.75,111.57,2238.18,0
OOS,S1M_OF,ATR2,PE,NIFTY26SEP24400PE,2026-08-13 12:14:00,271.5,2026-08-13 13:43:00,268.25,next_choch,-4.25,-276.25,79.68,-355.93,0
OOS,S1M_OF,ATR2,CE,NIFTY26SEP24400CE,2026-08-13 13:55:00,502.0,2026-08-13 14:04:00,494.45,stop_loss,-8.55,-555.75,107.14,-662.89,0
OOS,S1M_OF,ATR2,CE,NIFTY26SEP24400CE,2026-08-13 14:24:00,490.5,2026-08-13 14:47:00,489.0,next_choch,-2.5,-162.5,106.3,-268.8,0
OOS,S1M_OF,ATR2,PE,NIFTY26SEP24350PE,2026-08-13 14:49:00,255.0,2026-08-13 15:14:00,255.0,next_choch,-1.0,-65.0,77.98,-142.98,0
OOS,S1M_OF,ATR2,PE,NIFTY26SEP24350PE,2026-08-13 15:22:00,254.7,2026-08-13 15:29:00,253.4,stop_loss,-2.3,-149.5,77.83,-227.33,0
OOS,S1M_OF,ATR2,PE,NIFTY26SEP24300PE,2026-08-14 09:29:00,267.7,2026-08-14 09:33:00,259.3,stop_loss,-9.4,-611.0,78.74,-689.74,0
OOS,S1M_OF,ATR2,CE,NIFTY26SEP24350CE,2026-08-14 09:38:00,477.2,2026-08-14 09:53:00,468.0,next_choch,-10.2,-663.0,103.99,-766.99,0
OOS,S1M_OF,ATR2,PE,NIFTY26SEP24300PE,2026-08-14 09:54:00,264.8,2026-08-14 09:59:00,257.5,next_choch,-8.3,-539.5,78.5,-618.0,0
OOS,S1M_OF,ATR2,CE,NIFTY26SEP24350CE,2026-08-14 10:10:00,484.35,2026-08-14 10:13:00,478.9,stop_loss,-6.45,-419.25,105.2,-524.45,0
OOS,S1M_OF,ATR2,PE,NIFTY26SEP24300PE,2026-08-14 10:30:00,256.45,2026-08-14 10:38:00,261.85,next_choch,4.4,286.0,78.65,207.35,0
OOS,S1M_OF,ATR2,CE,NIFTY26SEP24350CE,2026-08-14 10:39:00,460.4,2026-08-14 10:46:00,465.0,next_choch,3.6,234.0,103.23,130.77,0
OOS,S1M_OF,ATR2,CE,NIFTY26SEP24350CE,2026-08-14 10:48:00,465.0,2026-08-14 10:58:00,469.15,stop_loss,3.15,204.75,103.74,101.01,0
OOS,S1M_OF,ATR2,PE,NIFTY26SEP24300PE,2026-08-14 10:59:00,262.7,2026-08-14 11:12:00,262.85,next_choch,-0.85,-55.25,78.93,-134.18,0
OOS,S1M_OF,ATR2,CE,NIFTY26SEP24350CE,2026-08-14 11:19:00,457.5,2026-08-14 11:24:00,457.5,next_choch,-1.0,-65.0,102.45,-167.45,0
OOS,S1M_OF,ATR2,PE,NIFTY26SEP24300PE,2026-08-14 11:28:00,261.9,2026-08-14 11:46:00,256.0,next_choch,-6.9,-448.5,78.27,-526.77,0
OOS,S1M_OF,ATR2,CE,NIFTY26SEP24350CE,2026-08-14 11:48:00,462.6,2026-08-14 12:42:00,467.35,next_choch,3.75,243.75,103.51,140.24,0
OOS,S1M_OF,ATR2,CE,NIFTY26SEP24350CE,2026-08-14 13:13:00,471.9,2026-08-14 13:27:00,470.15,next_choch,-2.75,-178.75,104.03,-282.78,0
OOS,S1M_OF,ATR2,PE,NIFTY26SEP24350PE,2026-08-14 13:32:00,271.0,2026-08-14 13:41:00,265.7,stop_loss,-6.3,-409.5,79.43,-488.93,0
OOS,S1M_OF,ATR2,CE,NIFTY26SEP24350CE,2026-08-14 13:43:00,474.8,2026-08-14 14:11:00,501.75,next_choch,25.95,1686.75,107.02,1579.73,0
OOS,S1M_OF,ATR2,PE,NIFTY26SEP24350PE,2026-08-14 14:18:00,252.85,2026-08-14 14:52:00,250.0,stop_loss,-3.85,-250.25,77.46,-327.71,0
OOS,S1M_OF,ATR2,CE,NIFTY26SEP24400CE,2026-08-14 14:54:00,471.55,2026-08-14 15:04:00,466.3,next_choch,-6.25,-406.25,103.67,-509.92,0
OOS,S1M_OF,ATR2,PE,NIFTY26SEP24350PE,2026-08-14 15:05:00,247.45,2026-08-17 12:01:00,290.0,next_choch,41.55,2700.75,80.98,2619.77,0
OOS,S1M_OF,ATR2,CE,NIFTY26SEP24300CE,2026-08-17 12:02:00,446.0,2026-08-17 12:04:00,443.8,stop_loss,-3.2,-208.0,100.86,-308.86,0
OOS,S1M_OF,ATR2,PE,NIFTY26SEP24250PE,2026-08-17 12:05:00,252.8,2026-08-17 12:17:00,253.6,stop_loss,-0.2,-13.0,77.79,-90.79,0
OOS,S1M_OF,ATR2,CE,NIFTY26SEP24300CE,2026-08-17 12:18:00,450.0,2026-08-18 09:15:00,406.6,stop_loss,-44.4,-2886.0,97.56,-2983.56,0
OOS,S1M_OF,ATR2,PE,NIFTY26SEP24200PE,2026-08-18 09:32:00,252.35,2026-08-20 09:26:00,239.2,next_choch,-14.15,-919.75,76.45,-996.2,0
OOS,S1M_OF,ATR2,CE,NIFTY26SEP24250CE,2026-08-20 09:35:00,384.95,2026-08-20 11:17:00,374.5,next_choch,-11.45,-744.25,92.72,-836.97,0
OOS,S1M_OF,ATR2,PE,NIFTY26SEP24200PE,2026-08-20 11:20:00,228.95,2026-08-20 11:31:00,222.9,stop_loss,-7.05,-458.25,74.28,-532.53,0
OOS,S1M_OF,ATR2,CE,NIFTY26SEP24250CE,2026-08-20 11:32:00,376.0,2026-08-20 12:08:00,382.35,next_choch,5.35,347.75,93.19,254.56,0
OOS,S1M_OF,ATR2,PE,NIFTY26SEP24200PE,2026-08-20 12:09:00,220.75,2026-08-20 12:13:00,218.35,next_choch,-3.4,-221.0,73.62,-294.62,0
OOS,S1M_OF,ATR2,CE,NIFTY26SEP24200CE,2026-08-20 12:14:00,416.6,2026-08-20 12:30:00,413.15,next_choch,-4.45,-289.25,97.19,-386.44,0
OOS,S1M_OF,ATR2,PE,NIFTY26SEP24200PE,2026-08-20 12:34:00,221.25,2026-08-20 12:39:00,218.0,stop_loss,-4.25,-276.25,73.61,-349.86,0
OOS,S1M_OF,ATR2,CE,NIFTY26SEP24250CE,2026-08-20 12:40:00,389.0,2026-08-20 13:40:00,408.55,next_choch,18.55,1205.75,95.97,1109.78,0
OOS,S1M_OF,ATR2,PE,NIFTY26SEP24250PE,2026-08-20 13:51:00,222.1,2026-08-20 14:11:00,224.85,next_choch,1.75,113.75,74.26,39.49,0
OOS,S1M_OF,ATR2,PE,NIFTY26SEP24200PE,2026-08-20 14:16:00,213.25,2026-08-20 14:25:00,210.6,next_choch,-3.65,-237.25,72.69,-309.94,0
OOS,S1M_OF,ATR2,CE,NIFTY26SEP24250CE,2026-08-20 14:32:00,406.0,2026-08-20 14:43:00,403.95,next_choch,-3.05,-198.25,96.04,-294.29,0
OOS,S1M_OF,ATR2,PE,NIFTY26SEP24200PE,2026-08-20 15:01:00,210.4,2026-08-21 09:15:00,208.95,stop_loss,-2.45,-159.25,72.46,-231.71,0
OOS,S1M_OF,ATR2,PE,NIFTY26SEP24200PE,2026-08-21 09:20:00,226.8,2026-08-21 09:42:00,225.25,next_choch,-2.55,-165.75,74.43,-240.18,0
OOS,S1M_OF,ATR2,CE,NIFTY26SEP24250CE,2026-08-21 09:51:00,388.2,2026-08-21 10:08:00,382.5,next_choch,-6.7,-435.5,93.55,-529.05,0
OOS,S1M_OF,ATR2,CE,NIFTY26SEP24250CE,2026-08-21 10:16:00,383.85,2026-08-21 10:21:00,383.65,next_choch,-1.2,-78.0,93.53,-171.53,0
OOS,S1M_OF,ATR2,CE,NIFTY26SEP24250CE,2026-08-21 10:24:00,389.9,2026-08-21 11:40:00,392.05,next_choch,1.15,74.75,94.48,-19.73,0
OOS,S1M_OF,ATR2,PE,NIFTY26SEP24250PE,2026-08-21 11:42:00,232.2,2026-08-21 12:33:00,235.2,next_choch,2.0,130.0,75.5,54.5,0
OOS,S1M_OF,ATR2,CE,NIFTY26SEP24250CE,2026-08-21 12:34:00,388.2,2026-08-21 12:40:00,385.0,stop_loss,-4.2,-273.0,93.78,-366.78,0
OOS,S1M_OF,ATR2,PE,NIFTY26SEP24200PE,2026-08-21 12:47:00,221.1,2026-08-21 13:05:00,216.0,stop_loss,-6.1,-396.5,73.42,-469.92,0
OOS,S1M_OF,ATR2,CE,NIFTY26SEP24250CE,2026-08-21 13:07:00,391.35,2026-08-21 13:33:00,386.75,next_choch,-5.6,-364.0,94.04,-458.04,0
OOS,S1M_OF,ATR2,PE,NIFTY26SEP24250PE,2026-08-21 13:34:00,234.75,2026-08-21 13:48:00,237.0,next_choch,1.25,81.25,75.74,5.51,0
OOS,S1M_OF,ATR2,CE,NIFTY26SEP24250CE,2026-08-21 13:55:00,384.95,2026-08-21 14:06:00,382.1,next_choch,-3.85,-250.25,93.42,-343.67,0
OOS,S1M_OF,ATR2,PE,NIFTY26SEP24200PE,2026-08-21 14:09:00,220.7,2026-08-21 14:12:00,220.0,stop_loss,-1.7,-110.5,73.77,-184.27,0
OOS,S1M_OF,ATR2,CE,NIFTY26SEP24250CE,2026-08-21 14:17:00,384.15,2026-08-21 14:41:00,387.05,next_choch,1.9,123.5,93.86,29.64,0
OOS,S1M_OF,ATR2,CE,NIFTY26SEP24250CE,2026-08-21 14:53:00,389.0,2026-08-21 14:56:00,389.85,stop_loss,-0.15,-9.75,94.25,-104.0,0
OOS,S1M_OF,ATR2,PE,NIFTY26SEP24250PE,2026-08-21 15:28:00,233.5,2026-08-21 15:29:00,232.7,stop_loss,-1.8,-117.0,75.31,-192.31,0
OOS,S1M_OF,ATR2,CE,NIFTY26SEP24300CE,2026-08-24 09:15:00,377.05,2026-08-24 09:42:00,363.0,next_choch,-15.05,-978.25,91.44,-1069.69,0
OOS,S1M_OF,ATR2,PE,NIFTY26SEP24250PE,2026-08-24 09:58:00,215.0,2026-08-24 10:08:00,214.85,next_choch,-1.15,-74.75,73.14,-147.89,0
OOS,S1M_OF,ATR2,CE,NIFTY26SEP24300CE,2026-08-24 10:16:00,363.6,2026-08-24 10:45:00,364.55,next_choch,-0.05,-3.25,91.19,-94.44,0
OOS,S1M_OF,ATR2,PE,NIFTY26SEP24250PE,2026-08-24 10:48:00,212.6,2026-08-24 14:50:00,262.85,next_choch,49.25,3201.25,77.48,3123.77,0
OOS,S1M_OF,ATR2,PE,NIFTY26SEP24150PE,2026-08-24 15:05:00,224.25,2026-08-24 15:10:00,221.0,next_choch,-4.25,-276.25,73.97,-350.22,0
OOS,S1M_OF,ATR2,PE,NIFTY26SEP24100PE,2026-08-25 09:15:00,216.65,2026-08-25 09:21:00,195.95,stop_loss,-21.7,-1410.5,71.45,-1481.95,0
OOS,S1M_OF,ATR2,CE,NIFTY26SEP24200CE,2026-08-25 09:33:00,373.0,2026-08-25 09:38:00,364.75,stop_loss,-9.25,-601.25,91.48,-692.73,0
OOS,S1M_OF,ATR2,PE,NIFTY26SEP24100PE,2026-08-25 10:01:00,212.5,2026-08-25 10:06:00,210.05,stop_loss,-3.45,-224.25,72.62,-296.87,0
OOS,S1M_OF,ATR2,PE,NIFTY26SEP24100PE,2026-08-25 10:22:00,216.7,2026-08-25 10:43:00,212.75,next_choch,-4.95,-321.75,72.99,-394.74,0
OOS,S1M_OF,ATR2,CE,NIFTY26SEP24150CE,2026-08-25 10:44:00,376.0,2026-08-25 12:58:00,388.6,next_choch,11.6,754.0,93.76,660.24,0
OOS,S1M_OF,ATR2,PE,NIFTY26SEP24100PE,2026-08-25 13:01:00,203.7,2026-08-25 13:40:00,205.0,next_choch,0.3,19.5,71.9,-52.4,0
OOS,S1M_OF,ATR2,CE,NIFTY26SEP24150CE,2026-08-25 13:41:00,378.65,2026-08-25 13:50:00,377.0,stop_loss,-2.65,-172.25,92.77,-265.02,0
OOS,S1M_OF,ATR2,CE,NIFTY26SEP24200CE,2026-08-25 13:53:00,361.25,2026-08-25 14:03:00,353.15,next_choch,-9.1,-591.5,90.08,-681.58,0
OOS,S1M_OF,ATR2,CE,NIFTY26SEP24200CE,2026-08-25 14:20:00,367.85,2026-08-25 15:29:00,455.35,open,86.5,5622.5,99.66,5522.84,1
OOS,S1M_OF,ATM,PE,NIFTY26SEP24050PE,2026-07-09 09:53:00,448.05,2026-07-09 10:00:00,445.0,next_choch,-4.05,-263.25,101.03,-364.28,0
OOS,S1M_OF,ATM,CE,NIFTY26SEP24050CE,2026-07-09 10:01:00,717.7,2026-07-09 10:14:00,717.7,next_choch,-1.0,-65.0,133.89,-198.89,0
OOS,S1M_OF,ATM,PE,NIFTY26SEP24050PE,2026-07-09 10:15:00,437.35,2026-07-09 10:41:00,442.1,stop_loss,3.75,243.75,100.45,143.3,0
OOS,S1M_OF,ATM,CE,NIFTY26SEP24100CE,2026-07-09 10:42:00,747.95,2026-07-09 11:00:00,686.0,stop_loss,-62.95,-4091.75,131.85,-4223.6,0
OOS,S1M_OF,ATM,PE,NIFTY26SEP24000PE,2026-07-09 11:01:00,450.85,2026-07-09 11:05:00,437.45,stop_loss,-14.4,-936.0,100.42,-1036.42,0
OOS,S1M_OF,ATM,CE,NIFTY26SEP24050CE,2026-07-09 12:03:00,715.0,2026-07-09 12:07:00,715.0,stop_loss,-1.0,-65.0,133.57,-198.57,0
OOS,S1M_OF,ATM,PE,NIFTY26SEP24050PE,2026-07-09 12:40:00,454.65,2026-07-09 12:55:00,454.65,next_choch,-1.0,-65.0,102.11,-167.11,0
OOS,S1M_OF,ATM,PE,NIFTY26SEP24050PE,2026-07-09 13:29:00,431.0,2026-07-09 13:35:00,431.0,stop_loss,-1.0,-65.0,99.25,-164.25,0
OOS,S1M_OF,ATM,CE,NIFTY26SEP24100CE,2026-07-09 13:38:00,702.05,2026-07-09 13:52:00,702.05,stop_loss,-1.0,-65.0,132.0,-197.0,0
OOS,S1M_OF,ATM,PE,NIFTY26SEP24050PE,2026-07-09 13:56:00,431.0,2026-07-10 09:15:00,377.65,stop_loss,-54.35,-3532.75,94.35,-3627.1,0
OOS,S1M_OF,ATM,CE,NIFTY26SEP24150CE,2026-07-10 11:37:00,721.0,2026-07-10 11:38:00,721.0,stop_loss,-1.0,-65.0,134.29,-199.29,0
OOS,S1M_OF,ATM,CE,NIFTY26SEP24200CE,2026-07-10 12:01:00,677.85,2026-07-10 12:12:00,676.0,stop_loss,-2.85,-185.25,128.91,-314.16,0
OOS,S1M_OF,ATM,CE,NIFTY26SEP24200CE,2026-07-10 12:26:00,673.85,2026-07-10 13:10:00,684.2,next_choch,9.35,607.75,129.55,478.2,0
OOS,S1M_OF,ATM,PE,NIFTY26SEP24200PE,2026-07-10 13:16:00,425.0,2026-07-10 13:34:00,435.0,next_choch,9.0,585.0,99.44,485.56,0
OOS,S1M_OF,ATM,CE,NIFTY26SEP24200CE,2026-07-10 13:40:00,681.75,2026-07-10 14:09:00,686.05,stop_loss,3.3,214.5,129.95,84.55,0
OOS,S1M_OF,ATM,CE,NIFTY26SEP24200CE,2026-07-10 14:24:00,690.0,2026-07-10 14:52:00,697.4,next_choch,6.4,416.0,131.23,284.77,0
OOS,S1M_OF,ATM,PE,NIFTY26SEP24200PE,2026-07-10 14:58:00,422.95,2026-07-10 15:00:00,415.0,next_choch,-8.95,-581.75,97.55,-679.3,0
OOS,S1M_OF,ATM,CE,NIFTY26SEP24200CE,2026-07-10 15:26:00,697.95,2026-07-13 09:15:00,620.0,stop_loss,-78.95,-5131.75,124.34,-5256.09,0
OOS,S1M_OF,ATM,CE,NIFTY26SEP24100CE,2026-07-13 09:49:00,676.85,2026-07-14 09:15:00,695.95,stop_loss,18.1,1176.5,130.71,1045.79,0
OOS,S1M_OF,ATM,PE,NIFTY26SEP24100PE,2026-07-14 09:35:00,429.5,2026-07-14 10:32:00,452.75,next_choch,22.25,1446.25,101.21,1345.04,0
OOS,S1M_OF,ATM,CE,NIFTY26SEP24100CE,2026-07-14 10:33:00,696.0,2026-07-14 10:37:00,696.0,stop_loss,-1.0,-65.0,131.27,-196.27,0
OOS,S1M_OF,ATM,PE,NIFTY26SEP24100PE,2026-07-14 10:38:00,452.95,2026-07-14 10:49:00,452.0,stop_loss,-1.95,-126.75,101.82,-228.57,0
OOS,S1M_OF,ATM,CE,NIFTY26SEP24100CE,2026-07-14 10:52:00,702.0,2026-07-14 11:37:00,702.0,next_choch,-1.0,-65.0,132.0,-197.0,0
OOS,S1M_OF,ATM,PE,NIFTY26SEP24100PE,2026-07-14 11:38:00,438.0,2026-07-15 09:16:00,440.0,next_choch,1.0,65.0,100.28,-35.28,0
OOS,S1M_OF,ATM,CE,NIFTY26SEP24150CE,2026-07-15 09:17:00,675.0,2026-07-15 12:33:00,699.0,next_choch,23.0,1495.0,130.94,1364.06,0
OOS,S1M_OF,ATM,PE,NIFTY26SEP24150PE,2026-07-15 12:36:00,422.6,2026-07-15 13:59:00,506.35,next_choch,82.75,5378.75,105.94,5272.81,0
OOS,S1M_OF,ATM,CE,NIFTY26SEP24100CE,2026-07-15 14:00:00,664.6,2026-07-15 14:06:00,670.75,next_choch,5.15,334.75,128.04,206.71,0
OOS,S1M_OF,ATM,CE,NIFTY26SEP24100CE,2026-07-15 14:15:00,670.75,2026-07-15 14:51:00,686.0,next_choch,14.25,926.25,129.62,796.63,0
OOS,S1M_OF,ATM,PE,NIFTY26SEP24050PE,2026-07-15 15:02:00,432.05,2026-07-15 15:25:00,431.75,stop_loss,-1.3,-84.5,99.35,-183.85,0
OOS,S1M_OF,ATM,PE,NIFTY26SEP24100PE,2026-07-16 09:34:00,411.8,2026-07-16 09:56:00,414.0,next_choch,1.2,78.0,97.13,-19.13,0
OOS,S1M_OF,ATM,PE,NIFTY26SEP24100PE,2026-07-16 10:27:00,413.95,2026-07-16 10:41:00,414.0,next_choch,-0.95,-61.75,97.19,-158.94,0
OOS,S1M_OF,ATM,CE,NIFTY26SEP24150CE,2026-07-16 10:45:00,670.0,2026-07-16 12:02:00,686.3,next_choch,15.3,994.5,129.63,864.87,0
OOS,S1M_OF,ATM,PE,NIFTY26SEP24150PE,2026-07-16 12:17:00,422.0,2026-07-16 14:17:00,431.05,next_choch,8.05,523.25,98.99,424.26,0
OOS,S1M_OF,ATM,PE,NIFTY26SEP24100PE,2026-07-16 14:25:00,443.05,2026-07-16 14:45:00,427.0,stop_loss,-17.05,-1108.25,99.23,-1207.48,0
OOS,S1M_OF,ATM,CE,NIFTY26SEP24100CE,2026-07-16 14:47:00,680.0,2026-07-16 15:05:00,675.0,stop_loss,-6.0,-390.0,128.88,-518.88,0
OOS,S1M_OF,ATM,CE,NIFTY26SEP24200CE,2026-07-17 09:17:00,646.0,2026-07-17 13:47:00,705.9,next_choch,58.9,3828.5,130.74,3697.76,0
OOS,S1M_OF,ATM,PE,NIFTY26SEP24200PE,2026-07-17 13:51:00,430.0,2026-07-17 13:59:00,427.5,stop_loss,-3.5,-227.5,98.9,-326.4,0
OOS,S1M_OF,ATM,CE,NIFTY26SEP24250CE,2026-07-17 14:00:00,650.0,2026-07-17 14:51:00,709.75,next_choch,58.75,3818.75,131.21,3687.54,0
OOS,S1M_OF,ATM,PE,NIFTY26SEP24200PE,2026-07-20 09:16:00,421.7,2026-07-20 10:29:00,425.0,next_choch,2.3,149.5,98.43,51.07,0
OOS,S1M_OF,ATM,PE,NIFTY26SEP24200PE,2026-07-20 11:16:00,423.4,2026-07-20 12:11:00,445.3,next_choch,20.9,1358.5,100.35,1258.15,0
OOS,S1M_OF,ATM,CE,NIFTY26SEP24200CE,2026-07-20 12:16:00,659.0,2026-07-20 12:29:00,656.55,stop_loss,-3.45,-224.25,126.58,-350.83,0
OOS,S1M_OF,ATM,PE,NIFTY26SEP24150PE,2026-07-20 12:38:00,433.95,2026-07-20 12:54:00,427.15,next_choch,-7.8,-507.0,98.98,-605.98,0
OOS,S1M_OF,ATM,CE,NIFTY26SEP24150CE,2026-07-20 12:55:00,715.0,2026-07-21 09:25:00,726.2,next_choch,10.2,663.0,134.6,528.4,0
OOS,S1M_OF,ATM,PE,NIFTY26SEP24250PE,2026-07-21 09:32:00,418.75,2026-07-21 13:42:00,444.5,next_choch,24.75,1608.75,100.14,1508.61,0
OOS,S1M_OF,ATM,CE,NIFTY26SEP24150CE,2026-07-21 14:50:00,654.1,2026-07-21 15:15:00,672.6,next_choch,17.5,1137.5,127.91,1009.59,0
OOS,S1M_OF,ATM,PE,NIFTY26SEP24050PE,2026-07-22 09:27:00,401.25,2026-07-22 11:33:00,418.0,next_choch,15.75,1023.75,97.2,926.55,0
OOS,S1M_OF,ATM,CE,NIFTY26SEP24050CE,2026-07-22 11:34:00,641.1,2026-07-22 11:39:00,641.1,stop_loss,-1.0,-65.0,124.64,-189.64,0
OOS,S1M_OF,ATM,PE,NIFTY26SEP24000PE,2026-07-22 12:02:00,411.75,2026-07-22 12:48:00,412.05,next_choch,-0.7,-45.5,96.95,-142.45,0
OOS,S1M_OF,ATM,CE,NIFTY26SEP24000CE,2026-07-22 12:51:00,649.45,2026-07-22 13:10:00,640.05,next_choch,-10.4,-676.0,124.78,-800.78,0
OOS,S1M_OF,ATM,PE,NIFTY26SEP24000PE,2026-07-22 13:12:00,427.95,2026-07-22 13:32:00,420.1,stop_loss,-8.85,-575.25,98.16,-673.41,0
OOS,S1M_OF,ATM,CE,NIFTY26SEP24000CE,2026-07-22 13:35:00,653.95,2026-07-22 13:46:00,643.7,next_choch,-11.25,-731.25,125.25,-856.5,0
OOS,S1M_OF,ATM,PE,NIFTY26SEP24000PE,2026-07-22 13:54:00,424.5,2026-07-22 14:53:00,420.0,next_choch,-5.5,-357.5,98.05,-455.55,0
OOS,S1M_OF,ATM,PE,NIFTY26SEP24000PE,2026-07-22 15:04:00,427.0,2026-07-22 15:05:00,422.2,stop_loss,-5.8,-377.0,98.33,-475.33,0
OOS,S1M_OF,ATM,CE,NIFTY26SEP24000CE,2026-07-22 15:07:00,639.15,2026-07-23 09:15:00,599.75,stop_loss,-40.4,-2626.0,120.78,-2746.78,0
OOS,S1M_OF,ATM,PE,NIFTY26SEP23950PE,2026-07-23 11:21:00,395.5,2026-07-23 15:15:00,489.15,next_choch,92.65,6022.25,103.57,5918.68,0
OOS,S1M_OF,ATM,CE,NIFTY26SEP23850CE,2026-07-23 15:19:00,654.6,2026-07-23 15:20:00,654.6,stop_loss,-1.0,-65.0,126.27,-191.27,0
OOS,S1M_OF,ATM,PE,NIFTY26SEP23700PE,2026-07-24 09:37:00,443.25,2026-07-24 11:50:00,429.95,next_choch,-14.3,-929.5,99.51,-1029.01,0
OOS,S1M_OF,ATM,CE,NIFTY26SEP23700CE,2026-07-24 12:04:00,656.0,2026-07-24 13:41:00,700.05,next_choch,43.05,2798.25,130.49,2667.76,0
OOS,S1M_OF,ATM,PE,NIFTY26SEP23750PE,2026-07-24 13:42:00,425.35,2026-07-24 13:50:00,422.65,stop_loss,-3.7,-240.5,98.32,-338.82,0
OOS,S1M_OF,ATM,CE,NIFTY26SEP23800CE,2026-07-24 13:54:00,635.05,2026-07-24 14:13:00,650.75,next_choch,14.7,955.5,125.35,830.15,0
OOS,S1M_OF,ATM,CE,NIFTY26SEP23800CE,2026-07-24 14:16:00,650.75,2026-07-24 14:19:00,653.65,stop_loss,1.9,123.5,126.07,-2.57,0
OOS,S1M_OF,ATM,PE,NIFTY26SEP23800PE,2026-07-24 14:21:00,433.35,2026-07-24 14:53:00,438.5,next_choch,4.15,269.75,100.01,169.74,0
OOS,S1M_OF,ATM,CE,NIFTY26SEP23800CE,2026-07-24 14:55:00,647.9,2026-07-24 14:58:00,651.2,stop_loss,2.3,149.5,125.76,23.74,0
OOS,S1M_OF,ATM,PE,NIFTY26SEP23750PE,2026-07-24 15:00:00,416.35,2026-07-24 15:14:00,416.6,stop_loss,-0.75,-48.75,97.5,-146.25,0
OOS,S1M_OF,ATM,CE,NIFTY26SEP23800CE,2026-07-24 15:15:00,660.15,2026-08-12 10:46:00,918.0,next_choch,256.85,16695.25,150.65,16544.6,0
OOS,S1M_OF,ATM,PE,NIFTY26SEP24350PE,2026-08-12 10:47:00,276.25,2026-08-12 12:42:00,299.9,next_choch,22.65,1472.25,82.72,1389.53,0
OOS,S1M_OF,ATM,PE,NIFTY26SEP24300PE,2026-08-12 12:44:00,285.3,2026-08-12 13:19:00,281.25,stop_loss,-5.05,-328.25,81.27,-409.52,0
OOS,S1M_OF,ATM,PE,NIFTY26SEP24300PE,2026-08-12 13:39:00,281.0,2026-08-12 14:21:00,283.75,next_choch,1.75,113.75,81.38,32.37,0
OOS,S1M_OF,ATM,CE,NIFTY26SEP24300CE,2026-08-12 14:22:00,517.45,2026-08-13 09:26:00,532.1,next_choch,13.65,887.25,111.04,776.21,0
OOS,S1M_OF,ATM,PE,NIFTY26SEP24350PE,2026-08-13 09:27:00,289.95,2026-08-13 09:39:00,288.25,next_choch,-2.7,-175.5,82.05,-257.55,0
OOS,S1M_OF,ATM,CE,NIFTY26SEP24350CE,2026-08-13 09:40:00,499.45,2026-08-13 10:11:00,500.35,next_choch,-0.1,-6.5,107.6,-114.1,0
OOS,S1M_OF,ATM,PE,NIFTY26SEP24350PE,2026-08-13 10:12:00,280.0,2026-08-13 10:49:00,283.65,next_choch,2.65,172.25,81.34,90.91,0
OOS,S1M_OF,ATM,CE,NIFTY26SEP24350CE,2026-08-13 10:50:00,489.4,2026-08-13 11:06:00,501.6,stop_loss,11.2,728.0,107.43,620.57,0
OOS,S1M_OF,ATM,PE,NIFTY26SEP24300PE,2026-08-13 11:07:00,268.0,2026-08-13 11:36:00,253.4,stop_loss,-15.6,-1014.0,78.21,-1092.21,0
OOS,S1M_OF,ATM,CE,NIFTY26SEP24350CE,2026-08-13 11:39:00,495.0,2026-08-13 11:42:00,500.7,next_choch,4.7,305.5,107.51,197.99,0
OOS,S1M_OF,ATM,CE,NIFTY26SEP24350CE,2026-08-13 11:49:00,504.7,2026-08-13 12:11:00,541.85,next_choch,36.15,2349.75,111.57,2238.18,0
OOS,S1M_OF,ATM,PE,NIFTY26SEP24400PE,2026-08-13 12:14:00,271.5,2026-08-13 13:43:00,268.25,next_choch,-4.25,-276.25,79.68,-355.93,0
OOS,S1M_OF,ATM,CE,NIFTY26SEP24400CE,2026-08-13 13:55:00,502.0,2026-08-13 14:04:00,494.45,stop_loss,-8.55,-555.75,107.14,-662.89,0
OOS,S1M_OF,ATM,CE,NIFTY26SEP24350CE,2026-08-13 14:24:00,518.95,2026-08-13 14:47:00,518.95,next_choch,-1.0,-65.0,109.88,-174.88,0
OOS,S1M_OF,ATM,PE,NIFTY26SEP24350PE,2026-08-13 14:49:00,255.0,2026-08-13 15:14:00,255.0,next_choch,-1.0,-65.0,77.98,-142.98,0
OOS,S1M_OF,ATM,PE,NIFTY26SEP24350PE,2026-08-13 15:22:00,254.7,2026-08-13 15:29:00,253.4,stop_loss,-2.3,-149.5,77.83,-227.33,0
OOS,S1M_OF,ATM,PE,NIFTY26SEP24300PE,2026-08-14 09:29:00,267.7,2026-08-14 09:33:00,259.3,stop_loss,-9.4,-611.0,78.74,-689.74,0
OOS,S1M_OF,ATM,CE,NIFTY26SEP24350CE,2026-08-14 09:38:00,477.2,2026-08-14 09:53:00,468.0,next_choch,-10.2,-663.0,103.99,-766.99,0
OOS,S1M_OF,ATM,PE,NIFTY26SEP24300PE,2026-08-14 09:54:00,264.8,2026-08-14 09:59:00,257.5,next_choch,-8.3,-539.5,78.5,-618.0,0
OOS,S1M_OF,ATM,CE,NIFTY26SEP24350CE,2026-08-14 10:10:00,484.35,2026-08-14 10:13:00,478.9,stop_loss,-6.45,-419.25,105.2,-524.45,0
OOS,S1M_OF,ATM,PE,NIFTY26SEP24300PE,2026-08-14 10:30:00,256.45,2026-08-14 10:38:00,261.85,next_choch,4.4,286.0,78.65,207.35,0
OOS,S1M_OF,ATM,CE,NIFTY26SEP24300CE,2026-08-14 10:39:00,496.8,2026-08-14 10:46:00,496.15,next_choch,-1.65,-107.25,107.14,-214.39,0
OOS,S1M_OF,ATM,CE,NIFTY26SEP24350CE,2026-08-14 10:48:00,465.0,2026-08-14 10:58:00,469.15,stop_loss,3.15,204.75,103.74,101.01,0
OOS,S1M_OF,ATM,PE,NIFTY26SEP24300PE,2026-08-14 10:59:00,262.7,2026-08-14 11:12:00,262.85,next_choch,-0.85,-55.25,78.93,-134.18,0
OOS,S1M_OF,ATM,CE,NIFTY26SEP24350CE,2026-08-14 11:19:00,457.5,2026-08-14 11:24:00,457.5,next_choch,-1.0,-65.0,102.45,-167.45,0
OOS,S1M_OF,ATM,PE,NIFTY26SEP24300PE,2026-08-14 11:28:00,261.9,2026-08-14 11:46:00,256.0,next_choch,-6.9,-448.5,78.27,-526.77,0
OOS,S1M_OF,ATM,CE,NIFTY26SEP24350CE,2026-08-14 11:48:00,462.6,2026-08-14 12:42:00,467.35,next_choch,3.75,243.75,103.51,140.24,0
OOS,S1M_OF,ATM,CE,NIFTY26SEP24350CE,2026-08-14 13:13:00,471.9,2026-08-14 13:27:00,470.15,next_choch,-2.75,-178.75,104.03,-282.78,0
OOS,S1M_OF,ATM,PE,NIFTY26SEP24350PE,2026-08-14 13:32:00,271.0,2026-08-14 13:41:00,265.7,stop_loss,-6.3,-409.5,79.43,-488.93,0
OOS,S1M_OF,ATM,CE,NIFTY26SEP24350CE,2026-08-14 13:43:00,474.8,2026-08-14 14:11:00,501.75,next_choch,25.95,1686.75,107.02,1579.73,0
OOS,S1M_OF,ATM,PE,NIFTY26SEP24400PE,2026-08-14 14:18:00,267.2,2026-08-14 14:52:00,263.3,stop_loss,-4.9,-318.5,79.1,-397.6,0
OOS,S1M_OF,ATM,CE,NIFTY26SEP24400CE,2026-08-14 14:54:00,471.55,2026-08-14 15:04:00,466.3,next_choch,-6.25,-406.25,103.67,-509.92,0
OOS,S1M_OF,ATM,PE,NIFTY26SEP24350PE,2026-08-14 15:05:00,247.45,2026-08-17 12:01:00,290.0,next_choch,41.55,2700.75,80.98,2619.77,0
OOS,S1M_OF,ATM,CE,NIFTY26SEP24250CE,2026-08-17 12:02:00,475.7,2026-08-17 12:04:00,475.0,stop_loss,-1.7,-110.5,104.59,-215.09,0
OOS,S1M_OF,ATM,PE,NIFTY26SEP24250PE,2026-08-17 12:05:00,252.8,2026-08-17 12:17:00,253.6,stop_loss,-0.2,-13.0,77.79,-90.79,0
OOS,S1M_OF,ATM,CE,NIFTY26SEP24300CE,2026-08-17 12:18:00,450.0,2026-08-18 09:15:00,406.6,stop_loss,-44.4,-2886.0,97.56,-2983.56,0
OOS,S1M_OF,ATM,PE,NIFTY26SEP24200PE,2026-08-18 09:32:00,252.35,2026-08-20 09:26:00,239.2,next_choch,-14.15,-919.75,76.45,-996.2,0
OOS,S1M_OF,ATM,CE,NIFTY26SEP24200CE,2026-08-20 09:35:00,412.25,2026-08-20 11:17:00,404.8,next_choch,-8.45,-549.25,96.3,-645.55,0
OOS,S1M_OF,ATM,PE,NIFTY26SEP24200PE,2026-08-20 11:20:00,228.95,2026-08-20 11:31:00,222.9,stop_loss,-7.05,-458.25,74.28,-532.53,0
OOS,S1M_OF,ATM,CE,NIFTY26SEP24200CE,2026-08-20 11:32:00,414.0,2026-08-20 12:08:00,411.9,next_choch,-3.1,-201.5,97.0,-298.5,0
OOS,S1M_OF,ATM,PE,NIFTY26SEP24200PE,2026-08-20 12:09:00,220.75,2026-08-20 12:13:00,218.35,next_choch,-3.4,-221.0,73.62,-294.62,0
OOS,S1M_OF,ATM,CE,NIFTY26SEP24200CE,2026-08-20 12:14:00,416.6,2026-08-20 12:30:00,413.15,next_choch,-4.45,-289.25,97.19,-386.44,0
OOS,S1M_OF,ATM,PE,NIFTY26SEP24200PE,2026-08-20 12:34:00,221.25,2026-08-20 12:39:00,218.0,stop_loss,-4.25,-276.25,73.61,-349.86,0
OOS,S1M_OF,ATM,CE,NIFTY26SEP24200CE,2026-08-20 12:40:00,418.25,2026-08-20 13:40:00,436.0,next_choch,16.75,1088.75,99.34,989.41,0
OOS,S1M_OF,ATM,PE,NIFTY26SEP24250PE,2026-08-20 13:51:00,222.1,2026-08-20 14:11:00,224.85,next_choch,1.75,113.75,74.26,39.49,0
OOS,S1M_OF,ATM,PE,NIFTY26SEP24200PE,2026-08-20 14:16:00,213.25,2026-08-20 14:25:00,210.6,next_choch,-3.65,-237.25,72.69,-309.94,0
OOS,S1M_OF,ATM,CE,NIFTY26SEP24250CE,2026-08-20 14:32:00,406.0,2026-08-20 14:43:00,403.95,next_choch,-3.05,-198.25,96.04,-294.29,0
OOS,S1M_OF,ATM,PE,NIFTY26SEP24250PE,2026-08-20 15:01:00,229.25,2026-08-21 09:15:00,225.0,stop_loss,-5.25,-341.25,74.48,-415.73,0
OOS,S1M_OF,ATM,PE,NIFTY26SEP24200PE,2026-08-21 09:20:00,226.8,2026-08-21 09:42:00,225.25,next_choch,-2.55,-165.75,74.43,-240.18,0
OOS,S1M_OF,ATM,CE,NIFTY26SEP24250CE,2026-08-21 09:51:00,388.2,2026-08-21 10:08:00,382.5,next_choch,-6.7,-435.5,93.55,-529.05,0
OOS,S1M_OF,ATM,CE,NIFTY26SEP24250CE,2026-08-21 10:16:00,383.85,2026-08-21 10:21:00,383.65,next_choch,-1.2,-78.0,93.53,-171.53,0
OOS,S1M_OF,ATM,CE,NIFTY26SEP24250CE,2026-08-21 10:24:00,389.9,2026-08-21 11:40:00,392.05,next_choch,1.15,74.75,94.48,-19.73,0
OOS,S1M_OF,ATM,PE,NIFTY26SEP24250PE,2026-08-21 11:42:00,232.2,2026-08-21 12:33:00,235.2,next_choch,2.0,130.0,75.5,54.5,0
OOS,S1M_OF,ATM,CE,NIFTY26SEP24250CE,2026-08-21 12:34:00,388.2,2026-08-21 12:40:00,385.0,stop_loss,-4.2,-273.0,93.78,-366.78,0
OOS,S1M_OF,ATM,PE,NIFTY26SEP24250PE,2026-08-21 12:47:00,239.65,2026-08-21 13:05:00,233.95,stop_loss,-6.7,-435.5,75.6,-511.1,0
OOS,S1M_OF,ATM,CE,NIFTY26SEP24250CE,2026-08-21 13:07:00,391.35,2026-08-21 13:33:00,386.75,next_choch,-5.6,-364.0,94.04,-458.04,0
OOS,S1M_OF,ATM,PE,NIFTY26SEP24250PE,2026-08-21 13:34:00,234.75,2026-08-21 13:48:00,237.0,next_choch,1.25,81.25,75.74,5.51,0
OOS,S1M_OF,ATM,CE,NIFTY26SEP24250CE,2026-08-21 13:55:00,384.95,2026-08-21 14:06:00,382.1,next_choch,-3.85,-250.25,93.42,-343.67,0
OOS,S1M_OF,ATM,PE,NIFTY26SEP24250PE,2026-08-21 14:09:00,237.2,2026-08-21 14:12:00,238.05,stop_loss,-0.15,-9.75,75.91,-85.66,0
OOS,S1M_OF,ATM,CE,NIFTY26SEP24250CE,2026-08-21 14:17:00,384.15,2026-08-21 14:41:00,387.05,next_choch,1.9,123.5,93.86,29.64,0
OOS,S1M_OF,ATM,CE,NIFTY26SEP24250CE,2026-08-21 14:53:00,389.0,2026-08-21 14:56:00,389.85,stop_loss,-0.15,-9.75,94.25,-104.0,0
OOS,S1M_OF,ATM,PE,NIFTY26SEP24250PE,2026-08-21 15:28:00,233.5,2026-08-21 15:29:00,232.7,stop_loss,-1.8,-117.0,75.31,-192.31,0
OOS,S1M_OF,ATM,CE,NIFTY26SEP24300CE,2026-08-24 09:15:00,377.05,2026-08-24 09:42:00,363.0,next_choch,-15.05,-978.25,91.44,-1069.69,0
OOS,S1M_OF,ATM,PE,NIFTY26SEP24250PE,2026-08-24 09:58:00,215.0,2026-08-24 10:08:00,214.85,next_choch,-1.15,-74.75,73.14,-147.89,0
OOS,S1M_OF,ATM,CE,NIFTY26SEP24300CE,2026-08-24 10:16:00,363.6,2026-08-24 10:45:00,364.55,next_choch,-0.05,-3.25,91.19,-94.44,0
OOS,S1M_OF,ATM,PE,NIFTY26SEP24300PE,2026-08-24 10:48:00,231.35,2026-08-24 14:50:00,284.5,next_choch,52.15,3389.75,80.01,3309.74,0
OOS,S1M_OF,ATM,PE,NIFTY26SEP24150PE,2026-08-24 15:05:00,224.25,2026-08-24 15:10:00,221.0,next_choch,-4.25,-276.25,73.97,-350.22,0
OOS,S1M_OF,ATM,PE,NIFTY26SEP24150PE,2026-08-25 09:15:00,237.1,2026-08-25 09:21:00,212.85,stop_loss,-25.25,-1641.25,73.59,-1714.84,0
OOS,S1M_OF,ATM,CE,NIFTY26SEP24200CE,2026-08-25 09:33:00,373.0,2026-08-25 09:38:00,364.75,stop_loss,-9.25,-601.25,91.48,-692.73,0
OOS,S1M_OF,ATM,PE,NIFTY26SEP24150PE,2026-08-25 10:01:00,230.8,2026-08-25 10:06:00,228.3,stop_loss,-3.5,-227.5,74.83,-302.33,0
OOS,S1M_OF,ATM,PE,NIFTY26SEP24150PE,2026-08-25 10:22:00,234.15,2026-08-25 10:43:00,232.0,next_choch,-3.15,-204.75,75.27,-280.02,0
OOS,S1M_OF,ATM,CE,NIFTY26SEP24150CE,2026-08-25 10:44:00,376.0,2026-08-25 12:58:00,388.6,next_choch,11.6,754.0,93.76,660.24,0
OOS,S1M_OF,ATM,PE,NIFTY26SEP24150PE,2026-08-25 13:01:00,220.55,2026-08-25 13:40:00,221.1,next_choch,-0.45,-29.25,73.87,-103.12,0
OOS,S1M_OF,ATM,CE,NIFTY26SEP24150CE,2026-08-25 13:41:00,378.65,2026-08-25 13:50:00,377.0,stop_loss,-2.65,-172.25,92.77,-265.02,0
OOS,S1M_OF,ATM,CE,NIFTY26SEP24150CE,2026-08-25 13:53:00,391.3,2026-08-25 14:03:00,381.9,next_choch,-10.4,-676.0,93.59,-769.59,0
OOS,S1M_OF,ATM,CE,NIFTY26SEP24150CE,2026-08-25 14:20:00,393.2,2026-08-25 15:29:00,489.7,open,95.5,6207.5,103.56,6103.94,1
OOS,S1M_OF,ITM2,CE,NIFTY26SEP24000CE,2026-07-09 10:42:00,807.9,2026-07-09 11:00:00,730.0,stop_loss,-78.9,-5128.5,137.63,-5266.13,0
OOS,S1M_OF,ITM2,PE,NIFTY26SEP24100PE,2026-07-09 11:01:00,473.35,2026-07-09 11:05:00,473.35,stop_loss,-1.0,-65.0,104.37,-169.37,0
OOS,S1M_OF,ITM2,PE,NIFTY26SEP24150PE,2026-07-09 12:40:00,508.55,2026-07-09 12:55:00,486.85,next_choch,-22.7,-1475.5,106.63,-1582.13,0
OOS,S1M_OF,ITM2,PE,NIFTY26SEP24150PE,2026-07-09 13:29:00,486.85,2026-07-09 13:35:00,486.85,stop_loss,-1.0,-65.0,106.0,-171.0,0
OOS,S1M_OF,ITM2,CE,NIFTY26SEP24000CE,2026-07-09 13:38:00,768.0,2026-07-09 13:52:00,753.65,stop_loss,-15.35,-997.75,138.65,-1136.4,0
OOS,S1M_OF,ITM2,CE,NIFTY26SEP24050CE,2026-07-10 09:16:00,779.95,2026-07-10 11:16:00,782.6,next_choch,1.65,107.25,141.66,-34.41,0
OOS,S1M_OF,ITM2,CE,NIFTY26SEP24050CE,2026-07-10 11:37:00,782.6,2026-07-10 11:38:00,782.6,stop_loss,-1.0,-65.0,141.74,-206.74,0
OOS,S1M_OF,ITM2,CE,NIFTY26SEP24100CE,2026-07-10 12:01:00,733.9,2026-07-10 12:12:00,733.9,stop_loss,-1.0,-65.0,135.85,-200.85,0
OOS,S1M_OF,ITM2,CE,NIFTY26SEP24100CE,2026-07-10 12:26:00,733.9,2026-07-10 13:10:00,757.75,next_choch,22.85,1485.25,138.05,1347.2,0
OOS,S1M_OF,ITM2,PE,NIFTY26SEP24300PE,2026-07-10 13:16:00,456.0,2026-07-10 13:34:00,467.0,next_choch,10.0,650.0,103.28,546.72,0
OOS,S1M_OF,ITM2,CE,NIFTY26SEP24100CE,2026-07-10 13:40:00,757.75,2026-07-10 14:09:00,757.75,stop_loss,-1.0,-65.0,138.73,-203.73,0
OOS,S1M_OF,ITM2,CE,NIFTY26SEP24100CE,2026-07-10 14:24:00,757.75,2026-07-10 14:52:00,764.85,next_choch,6.1,396.5,139.39,257.11,0
OOS,S1M_OF,ITM2,PE,NIFTY26SEP24300PE,2026-07-10 14:58:00,453.0,2026-07-10 15:00:00,449.95,next_choch,-4.05,-263.25,101.63,-364.88,0
OOS,S1M_OF,ITM2,CE,NIFTY26SEP24000CE,2026-07-13 09:49:00,744.15,2026-07-14 09:15:00,730.95,stop_loss,-14.2,-923.0,135.88,-1058.88,0
OOS,S1M_OF,ITM2,PE,NIFTY26SEP24200PE,2026-07-14 09:35:00,485.0,2026-07-14 10:32:00,506.0,next_choch,20.0,1300.0,107.71,1192.29,0
OOS,S1M_OF,ITM2,CE,NIFTY26SEP24000CE,2026-07-14 10:33:00,754.35,2026-07-14 10:37:00,742.0,stop_loss,-13.35,-867.75,137.19,-1004.94,0
OOS,S1M_OF,ITM2,PE,NIFTY26SEP24200PE,2026-07-14 10:38:00,492.05,2026-07-14 10:49:00,490.0,stop_loss,-3.05,-198.25,106.44,-304.69,0
OOS,S1M_OF,ITM2,CE,NIFTY26SEP24000CE,2026-07-14 10:52:00,756.75,2026-07-14 11:37:00,749.0,next_choch,-8.75,-568.75,137.9,-706.65,0
OOS,S1M_OF,ITM2,PE,NIFTY26SEP24200PE,2026-07-14 11:38:00,486.3,2026-07-15 09:16:00,479.0,next_choch,-8.3,-539.5,105.26,-644.76,0
OOS,S1M_OF,ITM2,PE,NIFTY26SEP24250PE,2026-07-15 12:36:00,457.6,2026-07-15 13:59:00,520.0,next_choch,61.4,3991.0,108.2,3882.8,0
OOS,S1M_OF,ITM2,CE,NIFTY26SEP24000CE,2026-07-15 14:00:00,730.2,2026-07-15 14:06:00,728.05,next_choch,-3.15,-204.75,135.21,-339.96,0
OOS,S1M_OF,ITM2,CE,NIFTY26SEP24000CE,2026-07-15 14:15:00,736.95,2026-07-15 14:51:00,730.1,next_choch,-7.85,-510.25,135.59,-645.84,0
OOS,S1M_OF,ITM2,PE,NIFTY26SEP24150PE,2026-07-15 15:02:00,472.35,2026-07-15 15:25:00,472.35,stop_loss,-1.0,-65.0,104.25,-169.25,0
OOS,S1M_OF,ITM2,PE,NIFTY26SEP24200PE,2026-07-16 09:34:00,453.9,2026-07-16 09:56:00,450.0,next_choch,-4.9,-318.5,101.66,-420.16,0
OOS,S1M_OF,ITM2,PE,NIFTY26SEP24200PE,2026-07-16 10:27:00,448.0,2026-07-16 10:41:00,448.0,next_choch,-1.0,-65.0,101.3,-166.3,0
OOS,S1M_OF,ITM2,PE,NIFTY26SEP24200PE,2026-07-16 14:25:00,467.0,2026-07-16 14:45:00,467.0,stop_loss,-1.0,-65.0,103.6,-168.6,0
OOS,S1M_OF,ITM2,CE,NIFTY26SEP24000CE,2026-07-16 14:47:00,732.0,2026-07-16 15:05:00,724.2,stop_loss,-8.8,-572.0,134.91,-706.91,0
OOS,S1M_OF,ITM2,CE,NIFTY26SEP24100CE,2026-07-17 09:17:00,709.45,2026-07-17 13:47:00,730.0,next_choch,19.55,1270.75,134.79,1135.96,0
OOS,S1M_OF,ITM2,PE,NIFTY26SEP24300PE,2026-07-17 13:51:00,466.05,2026-07-17 13:59:00,471.45,stop_loss,4.4,286.0,103.98,182.02,0
OOS,S1M_OF,ITM2,CE,NIFTY26SEP24150CE,2026-07-17 14:00:00,721.9,2026-07-17 14:51:00,753.65,next_choch,30.75,1998.75,137.32,1861.43,0
OOS,S1M_OF,ITM2,PE,NIFTY26SEP24300PE,2026-07-20 09:16:00,454.95,2026-07-20 10:29:00,466.85,next_choch,10.9,708.5,103.24,605.26,0
OOS,S1M_OF,ITM2,PE,NIFTY26SEP24300PE,2026-07-20 11:16:00,466.0,2026-07-20 12:11:00,486.0,next_choch,19.0,1235.0,105.32,1129.68,0
OOS,S1M_OF,ITM2,CE,NIFTY26SEP24100CE,2026-07-20 12:16:00,717.95,2026-07-20 12:29:00,712.0,stop_loss,-6.95,-451.75,133.38,-585.13,0
OOS,S1M_OF,ITM2,PE,NIFTY26SEP24250PE,2026-07-20 12:38:00,470.0,2026-07-20 12:54:00,475.8,next_choch,4.8,312.0,104.5,207.5,0
OOS,S1M_OF,ITM2,CE,NIFTY26SEP24050CE,2026-07-20 12:55:00,773.15,2026-07-21 09:25:00,789.35,next_choch,15.2,988.0,142.08,845.92,0
OOS,S1M_OF,ITM2,CE,NIFTY26SEP24050CE,2026-07-21 14:50:00,734.05,2026-07-21 15:15:00,734.05,next_choch,-1.0,-65.0,135.87,-200.87,0
OOS,S1M_OF,ITM2,PE,NIFTY26SEP24150PE,2026-07-22 09:27:00,437.75,2026-07-22 11:33:00,472.0,next_choch,33.25,2161.25,103.22,2058.03,0
OOS,S1M_OF,ITM2,CE,NIFTY26SEP23950CE,2026-07-22 11:34:00,683.0,2026-07-22 11:39:00,683.0,stop_loss,-1.0,-65.0,129.7,-194.7,0
OOS,S1M_OF,ITM2,PE,NIFTY26SEP24100PE,2026-07-22 12:02:00,455.0,2026-07-22 12:48:00,457.85,next_choch,1.85,120.25,102.41,17.84,0
OOS,S1M_OF,ITM2,CE,NIFTY26SEP23900CE,2026-07-22 12:51:00,692.75,2026-07-22 13:10:00,692.75,next_choch,-1.0,-65.0,130.88,-195.88,0
OOS,S1M_OF,ITM2,PE,NIFTY26SEP24100PE,2026-07-22 13:12:00,461.8,2026-07-22 13:32:00,462.1,stop_loss,-0.7,-45.5,103.0,-148.5,0
OOS,S1M_OF,ITM2,CE,NIFTY26SEP23900CE,2026-07-22 13:35:00,713.9,2026-07-22 13:46:00,713.9,next_choch,-1.0,-65.0,133.44,-198.44,0
OOS,S1M_OF,ITM2,PE,NIFTY26SEP24100PE,2026-07-22 13:54:00,462.95,2026-07-22 14:53:00,473.55,next_choch,9.6,624.0,104.09,519.91,0
OOS,S1M_OF,ITM2,PE,NIFTY26SEP24100PE,2026-07-22 15:04:00,473.55,2026-07-22 15:05:00,473.55,stop_loss,-1.0,-65.0,104.39,-169.39,0
OOS,S1M_OF,ITM2,CE,NIFTY26SEP23900CE,2026-07-22 15:07:00,703.8,2026-07-23 09:15:00,658.3,stop_loss,-46.5,-3022.5,128.03,-3150.53,0
OOS,S1M_OF,ITM2,PE,NIFTY26SEP24050PE,2026-07-23 11:21:00,442.85,2026-07-23 15:15:00,505.0,next_choch,61.15,3974.75,106.4,3868.35,0
OOS,S1M_OF,ITM2,CE,NIFTY26SEP23750CE,2026-07-23 15:19:00,694.85,2026-07-23 15:20:00,694.85,stop_loss,-1.0,-65.0,131.13,-196.13,0
OOS,S1M_OF,ITM2,PE,NIFTY26SEP23800PE,2026-07-24 09:37:00,484.05,2026-07-24 11:50:00,476.1,next_choch,-8.95,-581.75,104.93,-686.68,0
OOS,S1M_OF,ITM2,CE,NIFTY26SEP23600CE,2026-07-24 12:04:00,719.0,2026-07-24 13:41:00,758.4,next_choch,38.4,2496.0,137.67,2358.33,0
OOS,S1M_OF,ITM2,PE,NIFTY26SEP23850PE,2026-07-24 13:42:00,452.0,2026-07-24 13:50:00,452.0,stop_loss,-1.0,-65.0,101.79,-166.79,0
OOS,S1M_OF,ITM2,CE,NIFTY26SEP23700CE,2026-07-24 13:54:00,706.5,2026-07-24 14:13:00,723.15,next_choch,15.65,1017.25,134.07,883.18,0
OOS,S1M_OF,ITM2,CE,NIFTY26SEP23700CE,2026-07-24 14:16:00,712.9,2026-07-24 14:19:00,714.95,stop_loss,1.05,68.25,133.5,-65.25,0
OOS,S1M_OF,ITM2,PE,NIFTY26SEP23900PE,2026-07-24 14:21:00,468.0,2026-07-24 14:53:00,479.05,next_choch,10.05,653.25,104.74,548.51,0
OOS,S1M_OF,ITM2,CE,NIFTY26SEP23700CE,2026-07-24 14:55:00,709.7,2026-07-24 14:58:00,709.7,stop_loss,-1.0,-65.0,132.93,-197.93,0
OOS,S1M_OF,ITM2,PE,NIFTY26SEP23850PE,2026-07-24 15:00:00,457.15,2026-07-24 15:14:00,457.15,stop_loss,-1.0,-65.0,102.41,-167.41,0
OOS,S1M_OF,ITM2,CE,NIFTY26SEP23700CE,2026-07-24 15:15:00,723.0,2026-08-12 10:46:00,995.0,next_choch,271.0,17615.0,159.54,17455.46,0
OOS,S1M_OF,ITM2,PE,NIFTY26SEP24450PE,2026-08-12 10:47:00,307.6,2026-08-12 12:42:00,350.8,next_choch,42.2,2743.0,88.31,2654.69,0
OOS,S1M_OF,ITM2,PE,NIFTY26SEP24400PE,2026-08-12 12:44:00,319.95,2026-08-12 13:19:00,318.6,stop_loss,-2.35,-152.75,85.71,-238.46,0
OOS,S1M_OF,ITM2,PE,NIFTY26SEP24400PE,2026-08-12 13:39:00,321.55,2026-08-12 14:21:00,322.0,next_choch,-0.55,-35.75,86.07,-121.82,0
OOS,S1M_OF,ITM2,CE,NIFTY26SEP24200CE,2026-08-12 14:22:00,573.75,2026-08-13 09:26:00,596.3,next_choch,21.55,1400.75,118.57,1282.18,0
OOS,S1M_OF,ITM2,PE,NIFTY26SEP24450PE,2026-08-13 09:27:00,324.9,2026-08-13 09:39:00,332.0,next_choch,6.1,396.5,87.08,309.42,0
OOS,S1M_OF,ITM2,CE,NIFTY26SEP24250CE,2026-08-13 09:40:00,565.95,2026-08-13 10:11:00,560.85,next_choch,-6.1,-396.5,115.09,-511.59,0
OOS,S1M_OF,ITM2,PE,NIFTY26SEP24450PE,2026-08-13 10:12:00,317.3,2026-08-13 10:49:00,325.0,next_choch,6.7,435.5,86.22,349.28,0
OOS,S1M_OF,ITM2,CE,NIFTY26SEP24250CE,2026-08-13 10:50:00,550.0,2026-08-13 11:06:00,566.35,stop_loss,15.35,997.75,115.13,882.62,0
OOS,S1M_OF,ITM2,PE,NIFTY26SEP24400PE,2026-08-13 11:07:00,306.75,2026-08-13 11:36:00,289.5,stop_loss,-18.25,-1186.25,82.65,-1268.9,0
OOS,S1M_OF,ITM2,CE,NIFTY26SEP24250CE,2026-08-13 11:39:00,552.05,2026-08-13 11:42:00,552.05,next_choch,-1.0,-65.0,113.88,-178.88,0
OOS,S1M_OF,ITM2,CE,NIFTY26SEP24250CE,2026-08-13 11:49:00,552.05,2026-08-13 12:11:00,596.6,next_choch,43.55,2830.75,117.97,2712.78,0
OOS,S1M_OF,ITM2,PE,NIFTY26SEP24500PE,2026-08-13 12:14:00,310.05,2026-08-13 13:43:00,307.25,next_choch,-3.8,-247.0,84.38,-331.38,0
OOS,S1M_OF,ITM2,CE,NIFTY26SEP24300CE,2026-08-13 13:55:00,565.55,2026-08-13 14:04:00,561.45,stop_loss,-5.1,-331.5,115.13,-446.63,0
OOS,S1M_OF,ITM2,CE,NIFTY26SEP24250CE,2026-08-13 14:24:00,601.0,2026-08-13 14:47:00,601.0,next_choch,-1.0,-65.0,119.79,-184.79,0
OOS,S1M_OF,ITM2,PE,NIFTY26SEP24450PE,2026-08-13 14:49:00,287.35,2026-08-13 15:14:00,295.4,next_choch,7.05,458.25,82.63,375.62,0
OOS,S1M_OF,ITM2,PE,NIFTY26SEP24450PE,2026-08-13 15:22:00,290.3,2026-08-13 15:29:00,293.45,stop_loss,2.15,139.75,82.54,57.21,0
OOS,S1M_OF,ITM2,PE,NIFTY26SEP24400PE,2026-08-14 09:29:00,306.7,2026-08-14 09:33:00,296.5,stop_loss,-11.2,-728.0,83.29,-811.29,0
OOS,S1M_OF,ITM2,CE,NIFTY26SEP24250CE,2026-08-14 09:38:00,533.9,2026-08-14 09:53:00,543.05,next_choch,8.15,529.75,112.53,417.22,0
OOS,S1M_OF,ITM2,PE,NIFTY26SEP24400PE,2026-08-14 09:54:00,300.35,2026-08-14 09:59:00,295.0,next_choch,-6.35,-412.75,82.97,-495.72,0
OOS,S1M_OF,ITM2,CE,NIFTY26SEP24250CE,2026-08-14 10:10:00,535.0,2026-08-14 10:13:00,535.0,stop_loss,-1.0,-65.0,111.82,-176.82,0
OOS,S1M_OF,ITM2,PE,NIFTY26SEP24400PE,2026-08-14 10:30:00,294.85,2026-08-14 10:38:00,298.95,next_choch,3.1,201.5,83.17,118.33,0
OOS,S1M_OF,ITM2,CE,NIFTY26SEP24200CE,2026-08-14 10:39:00,561.0,2026-08-14 10:46:00,561.65,next_choch,-0.35,-22.75,115.02,-137.77,0
OOS,S1M_OF,ITM2,CE,NIFTY26SEP24250CE,2026-08-14 10:48:00,529.0,2026-08-14 10:58:00,529.0,stop_loss,-1.0,-65.0,111.09,-176.09,0
OOS,S1M_OF,ITM2,PE,NIFTY26SEP24400PE,2026-08-14 10:59:00,300.0,2026-08-14 11:12:00,301.2,next_choch,0.2,13.0,83.53,-70.53,0
OOS,S1M_OF,ITM2,CE,NIFTY26SEP24250CE,2026-08-14 11:19:00,523.65,2026-08-14 11:24:00,523.65,next_choch,-1.0,-65.0,110.45,-175.45,0
OOS,S1M_OF,ITM2,PE,NIFTY26SEP24400PE,2026-08-14 11:28:00,297.25,2026-08-14 11:46:00,293.0,next_choch,-5.25,-341.25,82.7,-423.95,0
OOS,S1M_OF,ITM2,CE,NIFTY26SEP24250CE,2026-08-14 11:48:00,518.4,2026-08-14 12:42:00,527.75,next_choch,8.35,542.75,110.67,432.08,0
OOS,S1M_OF,ITM2,CE,NIFTY26SEP24250CE,2026-08-14 13:13:00,539.9,2026-08-14 13:27:00,539.9,next_choch,-1.0,-65.0,112.41,-177.41,0
OOS,S1M_OF,ITM2,PE,NIFTY26SEP24450PE,2026-08-14 13:32:00,308.05,2026-08-14 13:41:00,308.05,stop_loss,-1.0,-65.0,84.39,-149.39,0
OOS,S1M_OF,ITM2,CE,NIFTY26SEP24250CE,2026-08-14 13:43:00,539.0,2026-08-14 14:11:00,567.3,next_choch,27.3,1774.5,114.9,1659.6,0
OOS,S1M_OF,ITM2,PE,NIFTY26SEP24500PE,2026-08-14 14:18:00,309.1,2026-08-14 14:52:00,302.8,stop_loss,-7.3,-474.5,83.94,-558.44,0
OOS,S1M_OF,ITM2,CE,NIFTY26SEP24300CE,2026-08-14 14:54:00,536.75,2026-08-14 15:04:00,530.55,next_choch,-7.2,-468.0,111.46,-579.46,0
OOS,S1M_OF,ITM2,PE,NIFTY26SEP24450PE,2026-08-14 15:05:00,283.75,2026-08-17 12:01:00,334.0,next_choch,49.25,3201.25,86.08,3115.17,0
OOS,S1M_OF,ITM2,CE,NIFTY26SEP24150CE,2026-08-17 12:02:00,539.85,2026-08-17 12:04:00,539.85,stop_loss,-1.0,-65.0,112.4,-177.4,0
OOS,S1M_OF,ITM2,PE,NIFTY26SEP24350PE,2026-08-17 12:05:00,287.25,2026-08-17 12:17:00,286.0,stop_loss,-2.25,-146.25,81.76,-228.01,0
OOS,S1M_OF,ITM2,CE,NIFTY26SEP24200CE,2026-08-17 12:18:00,515.0,2026-08-18 09:15:00,471.1,stop_loss,-44.9,-2918.5,105.36,-3023.86,0
OOS,S1M_OF,ITM2,PE,NIFTY26SEP24300PE,2026-08-18 09:32:00,291.55,2026-08-20 09:26:00,277.6,next_choch,-14.95,-971.75,81.12,-1052.87,0
OOS,S1M_OF,ITM2,CE,NIFTY26SEP24100CE,2026-08-20 09:35:00,479.4,2026-08-20 11:17:00,468.0,next_choch,-12.4,-806.0,104.05,-910.05,0
OOS,S1M_OF,ITM2,PE,NIFTY26SEP24300PE,2026-08-20 11:20:00,268.3,2026-08-20 11:31:00,261.05,stop_loss,-8.25,-536.25,78.92,-615.17,0
OOS,S1M_OF,ITM2,CE,NIFTY26SEP24100CE,2026-08-20 11:32:00,479.2,2026-08-20 12:08:00,478.6,next_choch,-1.6,-104.0,105.02,-209.02,0
OOS,S1M_OF,ITM2,PE,NIFTY26SEP24300PE,2026-08-20 12:09:00,257.95,2026-08-20 12:13:00,255.55,next_choch,-3.4,-221.0,78.12,-299.12,0
OOS,S1M_OF,ITM2,CE,NIFTY26SEP24100CE,2026-08-20 12:14:00,481.8,2026-08-20 12:30:00,478.4,next_choch,-4.4,-286.0,105.08,-391.08,0
OOS,S1M_OF,ITM2,PE,NIFTY26SEP24300PE,2026-08-20 12:34:00,258.4,2026-08-20 12:39:00,254.15,stop_loss,-5.25,-341.25,78.0,-419.25,0
OOS,S1M_OF,ITM2,CE,NIFTY26SEP24100CE,2026-08-20 12:40:00,485.95,2026-08-20 13:40:00,505.4,next_choch,18.45,1199.25,107.68,1091.57,0
OOS,S1M_OF,ITM2,PE,NIFTY26SEP24350PE,2026-08-20 13:51:00,261.0,2026-08-20 14:11:00,264.25,next_choch,2.25,146.25,79.01,67.24,0
OOS,S1M_OF,ITM2,PE,NIFTY26SEP24300PE,2026-08-20 14:16:00,250.5,2026-08-20 14:25:00,247.55,next_choch,-3.95,-256.75,77.17,-333.92,0
OOS,S1M_OF,ITM2,CE,NIFTY26SEP24150CE,2026-08-20 14:32:00,472.15,2026-08-20 14:43:00,467.4,next_choch,-5.75,-373.75,103.79,-477.54,0
OOS,S1M_OF,ITM2,PE,NIFTY26SEP24350PE,2026-08-20 15:01:00,267.25,2026-08-21 09:15:00,265.9,stop_loss,-2.35,-152.75,79.34,-232.09,0
OOS,S1M_OF,ITM2,PE,NIFTY26SEP24300PE,2026-08-21 09:20:00,266.4,2026-08-21 09:42:00,264.35,next_choch,-3.05,-198.25,79.17,-277.42,0
OOS,S1M_OF,ITM2,CE,NIFTY26SEP24150CE,2026-08-21 09:51:00,448.0,2026-08-21 10:08:00,441.0,next_choch,-8.0,-520.0,100.66,-620.66,0
OOS,S1M_OF,ITM2,CE,NIFTY26SEP24150CE,2026-08-21 10:16:00,440.85,2026-08-21 10:21:00,440.85,next_choch,-1.0,-65.0,100.44,-165.44,0
OOS,S1M_OF,ITM2,CE,NIFTY26SEP24150CE,2026-08-21 10:24:00,440.85,2026-08-21 11:40:00,455.0,next_choch,13.15,854.75,101.74,753.01,0
OOS,S1M_OF,ITM2,PE,NIFTY26SEP24350PE,2026-08-21 11:42:00,273.0,2026-08-21 12:33:00,275.55,next_choch,1.55,100.75,80.39,20.36,0
OOS,S1M_OF,ITM2,CE,NIFTY26SEP24150CE,2026-08-21 12:34:00,446.45,2026-08-21 12:40:00,446.45,stop_loss,-1.0,-65.0,101.12,-166.12,0
OOS,S1M_OF,ITM2,PE,NIFTY26SEP24350PE,2026-08-21 12:47:00,280.0,2026-08-21 13:05:00,274.45,stop_loss,-6.55,-425.75,80.49,-506.24,0
OOS,S1M_OF,ITM2,CE,NIFTY26SEP24150CE,2026-08-21 13:07:00,448.85,2026-08-21 13:33:00,448.85,next_choch,-1.0,-65.0,101.41,-166.41,0
OOS,S1M_OF,ITM2,PE,NIFTY26SEP24350PE,2026-08-21 13:34:00,272.65,2026-08-21 13:48:00,277.0,next_choch,3.35,217.75,80.52,137.23,0
OOS,S1M_OF,ITM2,CE,NIFTY26SEP24150CE,2026-08-21 13:55:00,448.85,2026-08-21 14:06:00,448.85,next_choch,-1.0,-65.0,101.41,-166.41,0
OOS,S1M_OF,ITM2,PE,NIFTY26SEP24350PE,2026-08-21 14:09:00,273.95,2026-08-21 14:12:00,279.05,stop_loss,4.1,266.5,80.74,185.76,0
OOS,S1M_OF,ITM2,CE,NIFTY26SEP24150CE,2026-08-21 14:17:00,442.85,2026-08-21 14:41:00,453.9,next_choch,10.05,653.25,101.7,551.55,0
OOS,S1M_OF,ITM2,CE,NIFTY26SEP24150CE,2026-08-21 14:53:00,453.9,2026-08-21 14:56:00,453.9,stop_loss,-1.0,-65.0,102.02,-167.02,0
OOS,S1M_OF,ITM2,PE,NIFTY26SEP24350PE,2026-08-21 15:28:00,274.0,2026-08-21 15:29:00,274.0,stop_loss,-1.0,-65.0,80.28,-145.28,0
OOS,S1M_OF,ITM2,CE,NIFTY26SEP24200CE,2026-08-24 09:15:00,440.0,2026-08-24 09:42:00,428.6,next_choch,-12.4,-806.0,99.29,-905.29,0
OOS,S1M_OF,ITM2,PE,NIFTY26SEP24350PE,2026-08-24 09:58:00,252.4,2026-08-24 10:08:00,254.4,next_choch,1.0,65.0,77.85,-12.85,0
OOS,S1M_OF,ITM2,CE,NIFTY26SEP24200CE,2026-08-24 10:16:00,428.6,2026-08-24 10:45:00,430.5,next_choch,0.9,58.5,99.13,-40.63,0
OOS,S1M_OF,ITM2,PE,NIFTY26SEP24400PE,2026-08-24 10:48:00,272.25,2026-08-24 14:50:00,330.7,next_choch,57.45,3734.25,85.44,3648.81,0
OOS,S1M_OF,ITM2,PE,NIFTY26SEP24250PE,2026-08-24 15:05:00,261.85,2026-08-24 15:10:00,261.0,next_choch,-1.85,-120.25,78.73,-198.98,0
OOS,S1M_OF,ITM2,PE,NIFTY26SEP24250PE,2026-08-25 09:15:00,279.25,2026-08-25 09:21:00,251.0,stop_loss,-29.25,-1901.25,78.32,-1979.57,0
OOS,S1M_OF,ITM2,CE,NIFTY26SEP24100CE,2026-08-25 09:33:00,437.0,2026-08-25 09:38:00,428.5,stop_loss,-9.5,-617.5,99.19,-716.69,0
OOS,S1M_OF,ITM2,PE,NIFTY26SEP24250PE,2026-08-25 10:01:00,273.05,2026-08-25 10:06:00,269.0,stop_loss,-5.05,-328.25,79.79,-408.04,0
OOS,S1M_OF,ITM2,PE,NIFTY26SEP24250PE,2026-08-25 10:22:00,277.0,2026-08-25 10:43:00,272.05,next_choch,-5.95,-386.75,80.19,-466.94,0
OOS,S1M_OF,ITM2,CE,NIFTY26SEP24050CE,2026-08-25 10:44:00,436.8,2026-08-25 12:58:00,457.0,next_choch,19.2,1248.0,101.81,1146.19,0
OOS,S1M_OF,ITM2,PE,NIFTY26SEP24250PE,2026-08-25 13:01:00,257.6,2026-08-25 13:40:00,262.0,next_choch,3.4,221.0,78.7,142.3,0
OOS,S1M_OF,ITM2,CE,NIFTY26SEP24050CE,2026-08-25 13:41:00,439.85,2026-08-25 13:50:00,442.85,stop_loss,2.0,130.0,100.6,29.4,0
OOS,S1M_OF,ITM2,CE,NIFTY26SEP24050CE,2026-08-25 13:53:00,452.95,2026-08-25 14:03:00,451.3,next_choch,-2.65,-172.25,101.75,-274.0,0
OOS,S1M_OF,ITM2,CE,NIFTY26SEP24050CE,2026-08-25 14:20:00,459.7,2026-08-25 15:29:00,560.35,open,99.65,6477.25,111.97,6365.28,1
OOS,S1M_OF,ITM1,PE,NIFTY26SEP24100PE,2026-07-09 09:53:00,469.95,2026-07-09 10:00:00,469.95,next_choch,-1.0,-65.0,103.96,-168.96,0
OOS,S1M_OF,ITM1,CE,NIFTY26SEP24000CE,2026-07-09 10:01:00,765.8,2026-07-09 10:14:00,751.35,next_choch,-15.45,-1004.25,138.38,-1142.63,0
OOS,S1M_OF,ITM1,PE,NIFTY26SEP24100PE,2026-07-09 10:15:00,465.0,2026-07-09 10:41:00,441.0,stop_loss,-25.0,-1625.0,101.15,-1726.15,0
OOS,S1M_OF,ITM1,CE,NIFTY26SEP24050CE,2026-07-09 10:42:00,779.4,2026-07-09 11:00:00,779.4,stop_loss,-1.0,-65.0,141.35,-206.35,0
OOS,S1M_OF,ITM1,PE,NIFTY26SEP24050PE,2026-07-09 11:01:00,459.35,2026-07-09 11:05:00,459.35,stop_loss,-1.0,-65.0,102.68,-167.68,0
OOS,S1M_OF,ITM1,CE,NIFTY26SEP24000CE,2026-07-09 12:03:00,770.0,2026-07-09 12:07:00,769.7,stop_loss,-1.3,-84.5,140.19,-224.69,0
OOS,S1M_OF,ITM1,PE,NIFTY26SEP24100PE,2026-07-09 12:40:00,453.0,2026-07-09 12:55:00,452.05,next_choch,-1.95,-126.75,101.82,-228.57,0
OOS,S1M_OF,ITM1,PE,NIFTY26SEP24100PE,2026-07-09 13:29:00,452.05,2026-07-09 13:35:00,449.0,stop_loss,-4.05,-263.25,101.51,-364.76,0
OOS,S1M_OF,ITM1,CE,NIFTY26SEP24050CE,2026-07-09 13:38:00,732.65,2026-07-09 13:52:00,732.65,stop_loss,-1.0,-65.0,135.7,-200.7,0
OOS,S1M_OF,ITM1,PE,NIFTY26SEP24100PE,2026-07-09 13:56:00,457.85,2026-07-10 09:15:00,395.4,stop_loss,-63.45,-4124.25,96.75,-4221.0,0
OOS,S1M_OF,ITM1,CE,NIFTY26SEP24100CE,2026-07-10 11:37:00,736.5,2026-07-10 11:38:00,736.5,stop_loss,-1.0,-65.0,136.17,-201.17,0
OOS,S1M_OF,ITM1,CE,NIFTY26SEP24150CE,2026-07-10 12:01:00,721.0,2026-07-10 12:12:00,721.0,stop_loss,-1.0,-65.0,134.29,-199.29,0
OOS,S1M_OF,ITM1,CE,NIFTY26SEP24150CE,2026-07-10 12:26:00,721.0,2026-07-10 13:10:00,721.0,next_choch,-1.0,-65.0,134.29,-199.29,0
OOS,S1M_OF,ITM1,PE,NIFTY26SEP24250PE,2026-07-10 13:16:00,441.7,2026-07-10 13:34:00,441.7,next_choch,-1.0,-65.0,100.54,-165.54,0
OOS,S1M_OF,ITM1,CE,NIFTY26SEP24150CE,2026-07-10 13:40:00,721.0,2026-07-10 14:09:00,721.0,stop_loss,-1.0,-65.0,134.29,-199.29,0
OOS,S1M_OF,ITM1,CE,NIFTY26SEP24150CE,2026-07-10 14:24:00,721.0,2026-07-10 14:52:00,738.85,next_choch,16.85,1095.25,135.93,959.32,0
OOS,S1M_OF,ITM1,PE,NIFTY26SEP24250PE,2026-07-10 14:58:00,441.7,2026-07-10 15:00:00,425.0,next_choch,-17.7,-1150.5,99.01,-1249.51,0
OOS,S1M_OF,ITM1,PE,NIFTY26SEP24150PE,2026-07-14 09:35:00,450.1,2026-07-14 10:32:00,450.1,next_choch,-1.0,-65.0,101.56,-166.56,0
OOS,S1M_OF,ITM1,PE,NIFTY26SEP24150PE,2026-07-14 10:38:00,450.1,2026-07-14 10:49:00,450.1,stop_loss,-1.0,-65.0,101.56,-166.56,0
OOS,S1M_OF,ITM1,PE,NIFTY26SEP24150PE,2026-07-14 11:38:00,450.1,2026-07-15 09:16:00,461.3,next_choch,10.2,663.0,102.59,560.41,0
OOS,S1M_OF,ITM1,CE,NIFTY26SEP24100CE,2026-07-15 09:17:00,699.0,2026-07-15 12:33:00,725.0,next_choch,25.0,1625.0,134.03,1490.97,0
OOS,S1M_OF,ITM1,PE,NIFTY26SEP24200PE,2026-07-15 12:36:00,454.4,2026-07-15 13:59:00,505.0,next_choch,49.6,3224.0,106.73,3117.27,0
OOS,S1M_OF,ITM1,CE,NIFTY26SEP24050CE,2026-07-15 14:00:00,700.1,2026-07-15 14:06:00,700.1,next_choch,-1.0,-65.0,131.77,-196.77,0
OOS,S1M_OF,ITM1,CE,NIFTY26SEP24050CE,2026-07-15 14:15:00,700.1,2026-07-15 14:51:00,700.1,next_choch,-1.0,-65.0,131.77,-196.77,0
OOS,S1M_OF,ITM1,PE,NIFTY26SEP24100PE,2026-07-15 15:02:00,449.65,2026-07-15 15:25:00,452.15,stop_loss,1.5,97.5,101.73,-4.23,0
OOS,S1M_OF,ITM1,CE,NIFTY26SEP24100CE,2026-07-16 09:15:00,710.0,2026-07-16 09:28:00,713.75,next_choch,2.75,178.75,133.31,45.44,0
OOS,S1M_OF,ITM1,PE,NIFTY26SEP24150PE,2026-07-16 09:34:00,420.2,2026-07-16 09:56:00,420.2,next_choch,-1.0,-65.0,97.95,-162.95,0
OOS,S1M_OF,ITM1,CE,NIFTY26SEP24100CE,2026-07-16 09:59:00,704.0,2026-07-16 10:21:00,704.0,next_choch,-1.0,-65.0,132.24,-197.24,0
OOS,S1M_OF,ITM1,PE,NIFTY26SEP24150PE,2026-07-16 10:27:00,420.2,2026-07-16 10:41:00,420.2,next_choch,-1.0,-65.0,97.95,-162.95,0
OOS,S1M_OF,ITM1,CE,NIFTY26SEP24100CE,2026-07-16 10:45:00,700.85,2026-07-16 12:02:00,710.0,next_choch,8.15,529.75,132.7,397.05,0
OOS,S1M_OF,ITM1,PE,NIFTY26SEP24200PE,2026-07-16 12:17:00,445.0,2026-07-16 14:17:00,468.7,next_choch,22.7,1475.5,103.12,1372.38,0
OOS,S1M_OF,ITM1,PE,NIFTY26SEP24150PE,2026-07-16 14:25:00,431.05,2026-07-16 14:45:00,431.05,stop_loss,-1.0,-65.0,99.26,-164.26,0
OOS,S1M_OF,ITM1,CE,NIFTY26SEP24050CE,2026-07-16 14:47:00,679.0,2026-07-16 15:05:00,709.0,stop_loss,29.0,1885.0,131.98,1753.02,0
OOS,S1M_OF,ITM1,PE,NIFTY26SEP24250PE,2026-07-17 13:51:00,438.2,2026-07-17 13:59:00,439.0,stop_loss,-0.2,-13.0,100.19,-113.19,0
OOS,S1M_OF,ITM1,CE,NIFTY26SEP24200CE,2026-07-17 14:00:00,679.95,2026-07-17 14:51:00,728.05,next_choch,47.1,3061.5,133.76,2927.74,0
OOS,S1M_OF,ITM1,CE,NIFTY26SEP24300CE,2026-07-17 15:23:00,680.9,2026-07-20 09:15:00,650.0,stop_loss,-31.9,-2073.5,126.61,-2200.11,0
OOS,S1M_OF,ITM1,CE,NIFTY26SEP24150CE,2026-07-20 12:16:00,715.0,2026-07-20 12:29:00,715.0,stop_loss,-1.0,-65.0,133.57,-198.57,0
OOS,S1M_OF,ITM1,PE,NIFTY26SEP24200PE,2026-07-20 12:38:00,450.0,2026-07-20 12:54:00,447.6,next_choch,-3.4,-221.0,101.33,-322.33,0
OOS,S1M_OF,ITM1,PE,NIFTY26SEP24300PE,2026-07-21 09:32:00,436.75,2026-07-21 13:42:00,457.05,next_choch,19.3,1254.5,101.81,1152.69,0
OOS,S1M_OF,ITM1,CE,NIFTY26SEP24100CE,2026-07-21 14:50:00,691.5,2026-07-21 15:15:00,696.0,next_choch,3.5,227.5,131.14,96.36,0
OOS,S1M_OF,ITM1,PE,NIFTY26SEP24100PE,2026-07-22 09:27:00,428.6,2026-07-22 11:33:00,437.05,next_choch,7.45,484.25,99.74,384.51,0
OOS,S1M_OF,ITM1,CE,NIFTY26SEP24000CE,2026-07-22 11:34:00,670.0,2026-07-22 11:39:00,665.0,stop_loss,-6.0,-390.0,127.67,-517.67,0
OOS,S1M_OF,ITM1,PE,NIFTY26SEP24050PE,2026-07-22 12:02:00,418.6,2026-07-22 12:48:00,435.9,next_choch,16.3,1059.5,99.34,960.16,0
OOS,S1M_OF,ITM1,CE,NIFTY26SEP23950CE,2026-07-22 12:51:00,666.0,2026-07-22 13:10:00,666.0,next_choch,-1.0,-65.0,127.65,-192.65,0
OOS,S1M_OF,ITM1,PE,NIFTY26SEP24050PE,2026-07-22 13:12:00,435.9,2026-07-22 13:32:00,448.2,stop_loss,11.3,734.5,100.97,633.53,0
OOS,S1M_OF,ITM1,CE,NIFTY26SEP23950CE,2026-07-22 13:35:00,679.6,2026-07-22 13:46:00,679.6,next_choch,-1.0,-65.0,129.29,-194.29,0
OOS,S1M_OF,ITM1,PE,NIFTY26SEP24050PE,2026-07-22 13:54:00,443.2,2026-07-22 14:53:00,452.0,next_choch,7.8,507.0,101.53,405.47,0
OOS,S1M_OF,ITM1,PE,NIFTY26SEP24050PE,2026-07-22 15:04:00,447.65,2026-07-22 15:05:00,447.65,stop_loss,-1.0,-65.0,101.26,-166.26,0
OOS,S1M_OF,ITM1,CE,NIFTY26SEP23900CE,2026-07-23 09:55:00,670.0,2026-07-23 11:18:00,670.0,next_choch,-1.0,-65.0,128.13,-193.13,0
OOS,S1M_OF,ITM1,PE,NIFTY26SEP24000PE,2026-07-23 11:21:00,432.5,2026-07-23 15:15:00,482.0,next_choch,48.5,3152.5,103.98,3048.52,0
OOS,S1M_OF,ITM1,CE,NIFTY26SEP23800CE,2026-07-23 15:19:00,685.35,2026-07-23 15:20:00,685.35,stop_loss,-1.0,-65.0,129.99,-194.99,0
OOS,S1M_OF,ITM1,PE,NIFTY26SEP23750PE,2026-07-24 09:37:00,455.95,2026-07-24 11:50:00,467.95,next_choch,11.0,715.0,103.37,611.63,0
OOS,S1M_OF,ITM1,PE,NIFTY26SEP23800PE,2026-07-24 13:42:00,457.1,2026-07-24 13:50:00,451.15,stop_loss,-6.95,-451.75,101.86,-553.61,0
OOS,S1M_OF,ITM1,CE,NIFTY26SEP23750CE,2026-07-24 13:54:00,657.9,2026-07-24 14:13:00,657.9,next_choch,-1.0,-65.0,126.67,-191.67,0
OOS,S1M_OF,ITM1,CE,NIFTY26SEP23750CE,2026-07-24 14:16:00,657.9,2026-07-24 14:19:00,657.9,stop_loss,-1.0,-65.0,126.67,-191.67,0
OOS,S1M_OF,ITM1,PE,NIFTY26SEP23850PE,2026-07-24 14:21:00,452.0,2026-07-24 14:53:00,455.0,next_choch,2.0,130.0,102.06,27.94,0
OOS,S1M_OF,ITM1,CE,NIFTY26SEP23750CE,2026-07-24 14:55:00,657.9,2026-07-24 14:58:00,657.9,stop_loss,-1.0,-65.0,126.67,-191.67,0
OOS,S1M_OF,ITM1,PE,NIFTY26SEP23800PE,2026-07-24 15:00:00,443.45,2026-07-24 15:14:00,433.75,stop_loss,-10.7,-695.5,99.86,-795.36,0
OOS,S1M_OF,ITM1,PE,NIFTY26SEP24400PE,2026-08-12 10:47:00,300.5,2026-08-12 12:42:00,319.95,next_choch,18.45,1199.25,85.27,1113.98,0
OOS,S1M_OF,ITM1,PE,NIFTY26SEP24350PE,2026-08-12 12:44:00,302.0,2026-08-12 13:19:00,298.15,stop_loss,-4.85,-315.25,83.31,-398.56,0
OOS,S1M_OF,ITM1,PE,NIFTY26SEP24350PE,2026-08-12 13:39:00,301.1,2026-08-12 14:21:00,303.0,next_choch,0.9,58.5,83.73,-25.23,0
OOS,S1M_OF,ITM1,CE,NIFTY26SEP24250CE,2026-08-12 14:22:00,543.65,2026-08-13 09:26:00,565.95,next_choch,21.3,1384.5,114.91,1269.59,0
OOS,S1M_OF,ITM1,PE,NIFTY26SEP24400PE,2026-08-13 09:27:00,311.0,2026-08-13 09:39:00,306.95,next_choch,-5.05,-328.25,84.38,-412.63,0
OOS,S1M_OF,ITM1,CE,NIFTY26SEP24300CE,2026-08-13 09:40:00,530.9,2026-08-13 10:11:00,524.45,next_choch,-7.45,-484.25,110.73,-594.98,0
OOS,S1M_OF,ITM1,PE,NIFTY26SEP24400PE,2026-08-13 10:12:00,301.8,2026-08-13 10:49:00,300.4,next_choch,-2.4,-156.0,83.51,-239.51,0
OOS,S1M_OF,ITM1,CE,NIFTY26SEP24300CE,2026-08-13 10:50:00,526.3,2026-08-13 11:06:00,515.0,stop_loss,-12.3,-799.5,109.73,-909.23,0
OOS,S1M_OF,ITM1,PE,NIFTY26SEP24350PE,2026-08-13 11:07:00,283.65,2026-08-13 11:36:00,269.85,stop_loss,-14.8,-962.0,80.18,-1042.18,0
OOS,S1M_OF,ITM1,CE,NIFTY26SEP24300CE,2026-08-13 11:39:00,535.0,2026-08-13 11:42:00,531.1,next_choch,-4.9,-318.5,111.46,-429.96,0
OOS,S1M_OF,ITM1,CE,NIFTY26SEP24300CE,2026-08-13 11:49:00,535.3,2026-08-13 12:11:00,562.0,next_choch,25.7,1670.5,114.31,1556.19,0
OOS,S1M_OF,ITM1,PE,NIFTY26SEP24450PE,2026-08-13 12:14:00,290.75,2026-08-13 13:43:00,290.0,next_choch,-1.75,-113.75,82.23,-195.98,0
OOS,S1M_OF,ITM1,CE,NIFTY26SEP24350CE,2026-08-13 13:55:00,527.95,2026-08-13 14:04:00,527.95,stop_loss,-1.0,-65.0,110.97,-175.97,0
OOS,S1M_OF,ITM1,CE,NIFTY26SEP24300CE,2026-08-13 14:24:00,558.25,2026-08-13 14:47:00,557.55,next_choch,-1.7,-110.5,114.56,-225.06,0
OOS,S1M_OF,ITM1,PE,NIFTY26SEP24400PE,2026-08-13 14:49:00,276.4,2026-08-13 15:14:00,274.5,next_choch,-2.9,-188.5,80.39,-268.89,0
OOS,S1M_OF,ITM1,PE,NIFTY26SEP24400PE,2026-08-13 15:22:00,272.0,2026-08-13 15:29:00,270.4,stop_loss,-2.6,-169.0,79.89,-248.89,0
OOS,S1M_OF,ITM1,PE,NIFTY26SEP24350PE,2026-08-14 09:29:00,285.0,2026-08-14 09:33:00,281.8,stop_loss,-4.2,-273.0,81.31,-354.31,0
OOS,S1M_OF,ITM1,CE,NIFTY26SEP24300CE,2026-08-14 09:38:00,513.5,2026-08-14 09:53:00,501.35,next_choch,-13.15,-854.75,108.1,-962.85,0
OOS,S1M_OF,ITM1,PE,NIFTY26SEP24350PE,2026-08-14 09:54:00,279.0,2026-08-14 09:59:00,276.35,next_choch,-3.65,-237.25,80.64,-317.89,0
OOS,S1M_OF,ITM1,CE,NIFTY26SEP24300CE,2026-08-14 10:10:00,516.0,2026-08-14 10:13:00,508.6,stop_loss,-8.4,-546.0,108.84,-654.84,0
OOS,S1M_OF,ITM1,PE,NIFTY26SEP24350PE,2026-08-14 10:30:00,272.7,2026-08-14 10:38:00,280.0,next_choch,6.3,409.5,80.79,328.71,0
OOS,S1M_OF,ITM1,CE,NIFTY26SEP24250CE,2026-08-14 10:39:00,522.0,2026-08-14 10:46:00,529.0,next_choch,6.0,390.0,110.89,279.11,0
OOS,S1M_OF,ITM1,CE,NIFTY26SEP24300CE,2026-08-14 10:48:00,496.15,2026-08-14 10:58:00,493.05,stop_loss,-4.1,-266.5,106.84,-373.34,0
OOS,S1M_OF,ITM1,PE,NIFTY26SEP24350PE,2026-08-14 10:59:00,272.6,2026-08-14 11:12:00,272.6,next_choch,-1.0,-65.0,80.11,-145.11,0
OOS,S1M_OF,ITM1,CE,NIFTY26SEP24300CE,2026-08-14 11:19:00,495.0,2026-08-14 11:24:00,493.25,next_choch,-2.75,-178.75,106.82,-285.57,0
OOS,S1M_OF,ITM1,PE,NIFTY26SEP24350PE,2026-08-14 11:28:00,281.45,2026-08-14 11:46:00,274.85,next_choch,-7.6,-494.0,80.57,-574.57,0
OOS,S1M_OF,ITM1,CE,NIFTY26SEP24300CE,2026-08-14 11:48:00,492.05,2026-08-14 12:42:00,496.0,next_choch,2.95,191.75,106.99,84.76,0
OOS,S1M_OF,ITM1,CE,NIFTY26SEP24300CE,2026-08-14 13:13:00,504.4,2026-08-14 13:27:00,501.0,next_choch,-4.4,-286.0,107.81,-393.81,0
OOS,S1M_OF,ITM1,PE,NIFTY26SEP24400PE,2026-08-14 13:32:00,290.5,2026-08-14 13:41:00,284.2,stop_loss,-7.3,-474.5,81.69,-556.19,0
OOS,S1M_OF,ITM1,CE,NIFTY26SEP24300CE,2026-08-14 13:43:00,509.35,2026-08-14 14:11:00,530.8,next_choch,20.45,1329.25,110.69,1218.56,0
OOS,S1M_OF,ITM1,PE,NIFTY26SEP24450PE,2026-08-14 14:18:00,289.55,2026-08-14 14:52:00,285.0,stop_loss,-5.55,-360.75,81.74,-442.49,0
OOS,S1M_OF,ITM1,CE,NIFTY26SEP24350CE,2026-08-14 14:54:00,503.2,2026-08-14 15:04:00,500.0,next_choch,-4.2,-273.0,107.68,-380.68,0
OOS,S1M_OF,ITM1,PE,NIFTY26SEP24400PE,2026-08-14 15:05:00,267.7,2026-08-17 12:01:00,309.8,next_choch,41.1,2671.5,83.39,2588.11,0
OOS,S1M_OF,ITM1,CE,NIFTY26SEP24200CE,2026-08-17 12:02:00,510.0,2026-08-17 12:04:00,510.95,stop_loss,-0.05,-3.25,108.88,-112.13,0
OOS,S1M_OF,ITM1,PE,NIFTY26SEP24300PE,2026-08-17 12:05:00,272.2,2026-08-17 12:17:00,266.25,stop_loss,-6.95,-451.75,79.51,-531.26,0
OOS,S1M_OF,ITM1,CE,NIFTY26SEP24250CE,2026-08-17 12:18:00,478.15,2026-08-18 09:15:00,433.25,stop_loss,-45.9,-2983.5,100.82,-3084.32,0
OOS,S1M_OF,ITM1,PE,NIFTY26SEP24250PE,2026-08-18 09:32:00,271.8,2026-08-20 09:26:00,257.4,next_choch,-15.4,-1001.0,78.69,-1079.69,0
OOS,S1M_OF,ITM1,CE,NIFTY26SEP24150CE,2026-08-20 09:35:00,433.2,2026-08-20 11:17:00,437.0,next_choch,2.8,182.0,99.87,82.13,0
OOS,S1M_OF,ITM1,PE,NIFTY26SEP24250PE,2026-08-20 11:20:00,248.0,2026-08-20 11:31:00,244.0,stop_loss,-5.0,-325.0,76.77,-401.77,0
OOS,S1M_OF,ITM1,CE,NIFTY26SEP24150CE,2026-08-20 11:32:00,444.7,2026-08-20 12:08:00,445.25,next_choch,-0.45,-29.25,100.96,-130.21,0
OOS,S1M_OF,ITM1,PE,NIFTY26SEP24250PE,2026-08-20 12:09:00,236.3,2026-08-20 12:13:00,239.0,next_choch,1.7,110.5,75.97,34.53,0
OOS,S1M_OF,ITM1,CE,NIFTY26SEP24150CE,2026-08-20 12:14:00,445.25,2026-08-20 12:30:00,450.0,next_choch,3.75,243.75,101.41,142.34,0
OOS,S1M_OF,ITM1,PE,NIFTY26SEP24250PE,2026-08-20 12:34:00,238.5,2026-08-20 12:39:00,236.55,stop_loss,-2.95,-191.75,75.81,-267.56,0
OOS,S1M_OF,ITM1,CE,NIFTY26SEP24150CE,2026-08-20 12:40:00,450.0,2026-08-20 13:40:00,472.0,next_choch,21.0,1365.0,103.57,1261.43,0
OOS,S1M_OF,ITM1,PE,NIFTY26SEP24300PE,2026-08-20 13:51:00,241.15,2026-08-20 14:11:00,244.5,next_choch,2.35,152.75,76.62,76.13,0
OOS,S1M_OF,ITM1,PE,NIFTY26SEP24250PE,2026-08-20 14:16:00,229.6,2026-08-20 14:25:00,228.5,next_choch,-2.1,-136.5,74.81,-211.31,0
OOS,S1M_OF,ITM1,CE,NIFTY26SEP24200CE,2026-08-20 14:32:00,439.75,2026-08-20 14:43:00,435.15,next_choch,-5.6,-364.0,99.88,-463.88,0
OOS,S1M_OF,ITM1,PE,NIFTY26SEP24300PE,2026-08-20 15:01:00,249.0,2026-08-21 09:15:00,245.25,stop_loss,-4.75,-308.75,76.91,-385.66,0
OOS,S1M_OF,ITM1,PE,NIFTY26SEP24250PE,2026-08-21 09:20:00,243.25,2026-08-21 09:42:00,244.0,next_choch,-0.25,-16.25,76.63,-92.88,0
OOS,S1M_OF,ITM1,CE,NIFTY26SEP24200CE,2026-08-21 09:51:00,416.95,2026-08-21 10:08:00,412.0,next_choch,-5.95,-386.75,97.1,-483.85,0
OOS,S1M_OF,ITM1,CE,NIFTY26SEP24200CE,2026-08-21 10:16:00,415.55,2026-08-21 10:21:00,414.45,next_choch,-2.1,-136.5,97.28,-233.78,0
OOS,S1M_OF,ITM1,CE,NIFTY26SEP24200CE,2026-08-21 10:24:00,420.5,2026-08-21 11:40:00,421.45,next_choch,-0.05,-3.25,98.07,-101.32,0
OOS,S1M_OF,ITM1,PE,NIFTY26SEP24300PE,2026-08-21 11:42:00,253.15,2026-08-21 12:33:00,256.25,next_choch,2.1,136.5,78.04,58.46,0
OOS,S1M_OF,ITM1,CE,NIFTY26SEP24200CE,2026-08-21 12:34:00,418.5,2026-08-21 12:40:00,413.3,stop_loss,-6.2,-403.0,97.26,-500.26,0
OOS,S1M_OF,ITM1,PE,NIFTY26SEP24300PE,2026-08-21 12:47:00,259.25,2026-08-21 13:05:00,253.35,stop_loss,-6.9,-448.5,77.95,-526.45,0
OOS,S1M_OF,ITM1,CE,NIFTY26SEP24200CE,2026-08-21 13:07:00,421.2,2026-08-21 13:33:00,415.25,next_choch,-6.95,-451.75,97.52,-549.27,0
OOS,S1M_OF,ITM1,PE,NIFTY26SEP24300PE,2026-08-21 13:34:00,253.35,2026-08-21 13:48:00,256.95,next_choch,2.6,169.0,78.11,90.89,0
OOS,S1M_OF,ITM1,CE,NIFTY26SEP24200CE,2026-08-21 13:55:00,415.15,2026-08-21 14:06:00,412.8,next_choch,-3.35,-217.75,97.12,-314.87,0
OOS,S1M_OF,ITM1,PE,NIFTY26SEP24300PE,2026-08-21 14:09:00,258.1,2026-08-21 14:12:00,257.3,stop_loss,-1.8,-117.0,78.28,-195.28,0
OOS,S1M_OF,ITM1,CE,NIFTY26SEP24200CE,2026-08-21 14:17:00,416.4,2026-08-21 14:41:00,420.5,next_choch,3.1,201.5,97.86,103.64,0
OOS,S1M_OF,ITM1,CE,NIFTY26SEP24200CE,2026-08-21 14:53:00,419.55,2026-08-21 14:56:00,420.5,stop_loss,-0.05,-3.25,97.95,-101.2,0
OOS,S1M_OF,ITM1,PE,NIFTY26SEP24300PE,2026-08-21 15:28:00,253.1,2026-08-21 15:29:00,252.85,stop_loss,-1.25,-81.25,77.73,-158.98,0
OOS,S1M_OF,ITM1,CE,NIFTY26SEP24250CE,2026-08-24 09:15:00,408.0,2026-08-24 09:42:00,392.85,next_choch,-16.15,-1049.75,95.08,-1144.83,0
OOS,S1M_OF,ITM1,PE,NIFTY26SEP24300PE,2026-08-24 09:58:00,234.5,2026-08-24 10:08:00,234.95,next_choch,-0.55,-35.75,75.55,-111.3,0
OOS,S1M_OF,ITM1,CE,NIFTY26SEP24250CE,2026-08-24 10:16:00,395.95,2026-08-24 10:45:00,396.5,next_choch,-0.45,-29.25,95.07,-124.32,0
OOS,S1M_OF,ITM1,PE,NIFTY26SEP24350PE,2026-08-24 10:48:00,251.0,2026-08-24 14:50:00,306.1,next_choch,54.1,3516.5,82.57,3433.93,0
OOS,S1M_OF,ITM1,PE,NIFTY26SEP24200PE,2026-08-24 15:05:00,243.75,2026-08-24 15:10:00,241.0,next_choch,-3.75,-243.75,76.37,-320.12,0
OOS,S1M_OF,ITM1,PE,NIFTY26SEP24200PE,2026-08-25 09:15:00,256.55,2026-08-25 09:21:00,233.1,stop_loss,-24.45,-1589.25,76.01,-1665.26,0
OOS,S1M_OF,ITM1,CE,NIFTY26SEP24150CE,2026-08-25 09:33:00,403.95,2026-08-25 09:38:00,400.5,stop_loss,-4.45,-289.25,95.66,-384.91,0
OOS,S1M_OF,ITM1,PE,NIFTY26SEP24200PE,2026-08-25 10:01:00,253.2,2026-08-25 10:06:00,249.75,stop_loss,-4.45,-289.25,77.45,-366.7,0
OOS,S1M_OF,ITM1,PE,NIFTY26SEP24200PE,2026-08-25 10:22:00,256.0,2026-08-25 10:43:00,252.0,next_choch,-5.0,-325.0,77.74,-402.74,0
OOS,S1M_OF,ITM1,CE,NIFTY26SEP24100CE,2026-08-25 10:44:00,405.6,2026-08-25 12:58:00,419.0,next_choch,12.4,806.0,97.41,708.59,0
OOS,S1M_OF,ITM1,PE,NIFTY26SEP24200PE,2026-08-25 13:01:00,241.0,2026-08-25 13:40:00,242.2,next_choch,0.2,13.0,76.4,-63.4,0
OOS,S1M_OF,ITM1,CE,NIFTY26SEP24100CE,2026-08-25 13:41:00,411.75,2026-08-25 13:50:00,409.45,stop_loss,-3.3,-214.5,96.71,-311.21,0
OOS,S1M_OF,ITM1,CE,NIFTY26SEP24100CE,2026-08-25 13:53:00,424.1,2026-08-25 14:03:00,414.95,next_choch,-10.15,-659.75,97.58,-757.33,0
OOS,S1M_OF,ITM1,CE,NIFTY26SEP24100CE,2026-08-25 14:20:00,433.25,2026-08-25 15:29:00,527.0,open,92.75,6028.75,108.14,5920.61,1
OOS,S1M_OF,OTM1,PE,NIFTY26SEP24000PE,2026-07-09 09:53:00,431.1,2026-07-09 10:00:00,426.0,next_choch,-6.1,-396.5,98.79,-495.29,0
OOS,S1M_OF,OTM1,CE,NIFTY26SEP24100CE,2026-07-09 10:01:00,702.0,2026-07-09 10:14:00,693.2,next_choch,-9.8,-637.0,131.19,-768.19,0
OOS,S1M_OF,OTM1,PE,NIFTY26SEP24000PE,2026-07-09 10:15:00,427.4,2026-07-09 10:41:00,399.05,stop_loss,-29.35,-1907.75,96.21,-2003.96,0
OOS,S1M_OF,OTM1,CE,NIFTY26SEP24150CE,2026-07-09 10:42:00,717.2,2026-07-09 11:00:00,717.2,stop_loss,-1.0,-65.0,133.83,-198.83,0
OOS,S1M_OF,OTM1,PE,NIFTY26SEP23950PE,2026-07-09 11:01:00,420.05,2026-07-09 11:05:00,420.05,stop_loss,-1.0,-65.0,97.93,-162.93,0
OOS,S1M_OF,OTM1,CE,NIFTY26SEP24100CE,2026-07-09 12:03:00,711.8,2026-07-09 12:07:00,711.8,stop_loss,-1.0,-65.0,133.18,-198.18,0
OOS,S1M_OF,OTM1,PE,NIFTY26SEP24000PE,2026-07-09 12:40:00,428.0,2026-07-09 12:55:00,417.0,next_choch,-12.0,-780.0,97.88,-877.88,0
OOS,S1M_OF,OTM1,PE,NIFTY26SEP24000PE,2026-07-09 13:29:00,425.0,2026-07-09 13:35:00,410.0,stop_loss,-16.0,-1040.0,97.15,-1137.15,0
OOS,S1M_OF,OTM1,CE,NIFTY26SEP24150CE,2026-07-09 13:38:00,655.75,2026-07-09 13:52:00,655.75,stop_loss,-1.0,-65.0,126.41,-191.41,0
OOS,S1M_OF,OTM1,PE,NIFTY26SEP24000PE,2026-07-09 13:56:00,417.15,2026-07-10 09:15:00,371.85,stop_loss,-46.3,-3009.5,93.41,-3102.91,0
OOS,S1M_OF,OTM1,CE,NIFTY26SEP24200CE,2026-07-10 09:16:00,676.95,2026-07-10 11:16:00,681.0,next_choch,3.05,198.25,129.34,68.91,0
OOS,S1M_OF,OTM1,CE,NIFTY26SEP24200CE,2026-07-10 11:37:00,674.0,2026-07-10 11:38:00,674.0,stop_loss,-1.0,-65.0,128.61,-193.61,0
OOS,S1M_OF,OTM1,CE,NIFTY26SEP24250CE,2026-07-10 12:01:00,661.5,2026-07-10 12:12:00,661.5,stop_loss,-1.0,-65.0,127.1,-192.1,0
OOS,S1M_OF,OTM1,CE,NIFTY26SEP24250CE,2026-07-10 12:26:00,661.5,2026-07-10 13:10:00,661.5,next_choch,-1.0,-65.0,127.1,-192.1,0
OOS,S1M_OF,OTM1,PE,NIFTY26SEP24150PE,2026-07-10 13:16:00,405.0,2026-07-10 13:34:00,416.6,next_choch,10.6,689.0,97.17,591.83,0
OOS,S1M_OF,OTM1,CE,NIFTY26SEP24250CE,2026-07-10 13:40:00,661.5,2026-07-10 14:09:00,661.5,stop_loss,-1.0,-65.0,127.1,-192.1,0
OOS,S1M_OF,OTM1,CE,NIFTY26SEP24250CE,2026-07-10 14:24:00,647.95,2026-07-10 14:52:00,647.95,next_choch,-1.0,-65.0,125.47,-190.47,0
OOS,S1M_OF,OTM1,PE,NIFTY26SEP24150PE,2026-07-10 14:58:00,390.0,2026-07-10 15:00:00,396.45,next_choch,5.45,354.25,94.89,259.36,0
OOS,S1M_OF,OTM1,PE,NIFTY26SEP24050PE,2026-07-14 09:35:00,411.7,2026-07-14 10:32:00,411.7,next_choch,-1.0,-65.0,96.92,-161.92,0
OOS,S1M_OF,OTM1,PE,NIFTY26SEP24050PE,2026-07-14 10:38:00,411.7,2026-07-14 10:49:00,411.7,stop_loss,-1.0,-65.0,96.92,-161.92,0
OOS,S1M_OF,OTM1,CE,NIFTY26SEP24200CE,2026-07-15 09:17:00,643.25,2026-07-15 12:33:00,675.0,next_choch,30.75,1998.75,127.82,1870.93,0
OOS,S1M_OF,OTM1,PE,NIFTY26SEP24100PE,2026-07-15 12:36:00,413.0,2026-07-15 13:59:00,463.0,next_choch,49.0,3185.0,101.67,3083.33,0
OOS,S1M_OF,OTM1,CE,NIFTY26SEP24150CE,2026-07-15 14:00:00,633.1,2026-07-15 14:06:00,633.1,next_choch,-1.0,-65.0,123.67,-188.67,0
OOS,S1M_OF,OTM1,CE,NIFTY26SEP24150CE,2026-07-15 14:15:00,633.1,2026-07-15 14:51:00,633.1,next_choch,-1.0,-65.0,123.67,-188.67,0
OOS,S1M_OF,OTM1,PE,NIFTY26SEP24000PE,2026-07-15 15:02:00,419.7,2026-07-15 15:25:00,413.0,stop_loss,-7.7,-500.5,97.27,-597.77,0
OOS,S1M_OF,OTM1,CE,NIFTY26SEP24200CE,2026-07-16 09:15:00,655.0,2026-07-16 09:28:00,640.0,next_choch,-16.0,-1040.0,124.94,-1164.94,0
OOS,S1M_OF,OTM1,PE,NIFTY26SEP24050PE,2026-07-16 09:34:00,391.55,2026-07-16 09:56:00,391.55,next_choch,-1.0,-65.0,94.48,-159.48,0
OOS,S1M_OF,OTM1,CE,NIFTY26SEP24200CE,2026-07-16 09:59:00,642.25,2026-07-16 10:21:00,642.25,next_choch,-1.0,-65.0,124.78,-189.78,0
OOS,S1M_OF,OTM1,PE,NIFTY26SEP24050PE,2026-07-16 10:27:00,391.55,2026-07-16 10:41:00,391.55,next_choch,-1.0,-65.0,94.48,-159.48,0
OOS,S1M_OF,OTM1,CE,NIFTY26SEP24200CE,2026-07-16 10:45:00,641.15,2026-07-16 12:02:00,655.0,next_choch,12.85,835.25,125.92,709.33,0
OOS,S1M_OF,OTM1,PE,NIFTY26SEP24100PE,2026-07-16 12:17:00,406.0,2026-07-16 14:17:00,443.05,next_choch,36.05,2343.25,99.64,2243.61,0
OOS,S1M_OF,OTM1,PE,NIFTY26SEP24050PE,2026-07-16 14:25:00,395.0,2026-07-16 14:45:00,395.0,stop_loss,-1.0,-65.0,94.9,-159.9,0
OOS,S1M_OF,OTM1,CE,NIFTY26SEP24150CE,2026-07-16 14:47:00,636.75,2026-07-16 15:05:00,636.75,stop_loss,-1.0,-65.0,124.11,-189.11,0
OOS,S1M_OF,OTM1,PE,NIFTY26SEP24150PE,2026-07-17 13:51:00,404.35,2026-07-17 13:59:00,404.35,stop_loss,-1.0,-65.0,96.03,-161.03,0
OOS,S1M_OF,OTM1,CE,NIFTY26SEP24300CE,2026-07-17 14:00:00,614.35,2026-07-17 14:51:00,663.55,next_choch,48.2,3133.0,125.93,3007.07,0
OOS,S1M_OF,OTM1,CE,NIFTY26SEP24400CE,2026-07-17 15:23:00,625.8,2026-07-20 09:15:00,560.05,stop_loss,-66.75,-4338.75,116.74,-4455.49,0
OOS,S1M_OF,OTM1,PE,NIFTY26SEP24150PE,2026-07-20 09:16:00,399.4,2026-07-20 10:29:00,418.75,next_choch,18.35,1192.75,97.21,1095.54,0
OOS,S1M_OF,OTM1,PE,NIFTY26SEP24150PE,2026-07-20 11:16:00,402.75,2026-07-20 12:11:00,420.0,next_choch,16.25,1056.25,97.42,958.83,0
OOS,S1M_OF,OTM1,CE,NIFTY26SEP24250CE,2026-07-20 12:16:00,645.65,2026-07-20 12:29:00,624.2,stop_loss,-22.45,-1459.25,123.22,-1582.47,0
OOS,S1M_OF,OTM1,PE,NIFTY26SEP24100PE,2026-07-20 12:38:00,398.0,2026-07-20 12:54:00,410.0,next_choch,11.0,715.0,96.37,618.63,0
OOS,S1M_OF,OTM1,CE,NIFTY26SEP24200CE,2026-07-20 12:55:00,657.9,2026-07-21 09:25:00,690.0,next_choch,31.1,2021.5,129.62,1891.88,0
OOS,S1M_OF,OTM1,PE,NIFTY26SEP24200PE,2026-07-21 09:32:00,402.3,2026-07-21 13:42:00,415.3,next_choch,12.0,780.0,96.98,683.02,0
OOS,S1M_OF,OTM1,CE,NIFTY26SEP24200CE,2026-07-21 14:50:00,633.5,2026-07-21 15:15:00,635.95,next_choch,1.45,94.25,123.95,-29.7,0
OOS,S1M_OF,OTM1,PE,NIFTY26SEP24000PE,2026-07-22 09:27:00,388.05,2026-07-22 11:33:00,392.0,next_choch,2.95,191.75,94.42,97.33,0
OOS,S1M_OF,OTM1,CE,NIFTY26SEP24100CE,2026-07-22 11:34:00,613.3,2026-07-22 11:39:00,613.3,stop_loss,-1.0,-65.0,121.28,-186.28,0
OOS,S1M_OF,OTM1,PE,NIFTY26SEP23950PE,2026-07-22 12:02:00,387.9,2026-07-22 12:48:00,395.95,next_choch,7.05,458.25,94.78,363.47,0
OOS,S1M_OF,OTM1,CE,NIFTY26SEP24050CE,2026-07-22 12:51:00,623.85,2026-07-22 13:10:00,623.85,next_choch,-1.0,-65.0,122.55,-187.55,0
OOS,S1M_OF,OTM1,PE,NIFTY26SEP23950PE,2026-07-22 13:12:00,395.95,2026-07-22 13:32:00,409.6,stop_loss,12.65,822.25,96.27,725.98,0
OOS,S1M_OF,OTM1,CE,NIFTY26SEP24050CE,2026-07-22 13:35:00,621.6,2026-07-22 13:46:00,621.6,next_choch,-1.0,-65.0,122.28,-187.28,0
OOS,S1M_OF,OTM1,PE,NIFTY26SEP23950PE,2026-07-22 13:54:00,396.95,2026-07-22 14:53:00,396.95,next_choch,-1.0,-65.0,95.14,-160.14,0
OOS,S1M_OF,OTM1,PE,NIFTY26SEP23950PE,2026-07-22 15:04:00,396.95,2026-07-22 15:05:00,396.95,stop_loss,-1.0,-65.0,95.14,-160.14,0
OOS,S1M_OF,OTM1,CE,NIFTY26SEP24000CE,2026-07-23 09:55:00,611.5,2026-07-23 11:18:00,608.0,next_choch,-4.5,-292.5,120.74,-413.24,0
OOS,S1M_OF,OTM1,PE,NIFTY26SEP23900PE,2026-07-23 11:21:00,389.95,2026-07-23 15:15:00,441.95,next_choch,51.0,3315.0,99.07,3215.93,0
OOS,S1M_OF,OTM1,CE,NIFTY26SEP23900CE,2026-07-23 15:19:00,630.0,2026-07-23 15:20:00,625.3,stop_loss,-5.7,-370.5,122.87,-493.37,0
OOS,S1M_OF,OTM1,PE,NIFTY26SEP23650PE,2026-07-24 09:37:00,412.55,2026-07-24 11:50:00,412.1,next_choch,-1.45,-94.25,96.98,-191.23,0
OOS,S1M_OF,OTM1,CE,NIFTY26SEP23750CE,2026-07-24 12:04:00,620.0,2026-07-24 13:41:00,657.9,next_choch,36.9,2398.5,125.57,2272.93,0
OOS,S1M_OF,OTM1,PE,NIFTY26SEP23700PE,2026-07-24 13:42:00,415.45,2026-07-24 13:50:00,408.1,stop_loss,-8.35,-542.75,96.7,-639.45,0
OOS,S1M_OF,OTM1,CE,NIFTY26SEP23850CE,2026-07-24 13:54:00,609.7,2026-07-24 14:13:00,632.7,next_choch,22.0,1430.0,122.96,1307.04,0
OOS,S1M_OF,OTM1,CE,NIFTY26SEP23850CE,2026-07-24 14:16:00,632.7,2026-07-24 14:19:00,632.7,stop_loss,-1.0,-65.0,123.62,-188.62,0
OOS,S1M_OF,OTM1,PE,NIFTY26SEP23750PE,2026-07-24 14:21:00,397.55,2026-07-24 14:53:00,397.55,next_choch,-1.0,-65.0,95.21,-160.21,0
OOS,S1M_OF,OTM1,CE,NIFTY26SEP23850CE,2026-07-24 14:55:00,620.6,2026-07-24 14:58:00,620.6,stop_loss,-1.0,-65.0,122.16,-187.16,0
OOS,S1M_OF,OTM1,PE,NIFTY26SEP23700PE,2026-07-24 15:00:00,405.0,2026-07-24 15:14:00,406.0,stop_loss,0.0,0.0,96.2,-96.2,0
OOS,S1M_OF,OTM1,PE,NIFTY26SEP24300PE,2026-08-12 10:47:00,263.85,2026-08-12 12:42:00,281.3,next_choch,16.45,1069.25,80.66,988.59,0
OOS,S1M_OF,OTM1,PE,NIFTY26SEP24250PE,2026-08-12 12:44:00,263.5,2026-08-12 13:19:00,264.95,stop_loss,0.45,29.25,79.14,-49.89,0
OOS,S1M_OF,OTM1,PE,NIFTY26SEP24250PE,2026-08-12 13:39:00,260.8,2026-08-12 14:21:00,265.6,next_choch,3.8,247.0,79.12,167.88,0
OOS,S1M_OF,OTM1,CE,NIFTY26SEP24350CE,2026-08-12 14:22:00,489.5,2026-08-13 09:26:00,500.0,next_choch,9.5,617.5,107.28,510.22,0
OOS,S1M_OF,OTM1,PE,NIFTY26SEP24300PE,2026-08-13 09:27:00,272.75,2026-08-13 09:39:00,268.2,next_choch,-5.55,-360.75,79.71,-440.46,0
OOS,S1M_OF,OTM1,CE,NIFTY26SEP24400CE,2026-08-13 09:40:00,469.1,2026-08-13 10:11:00,462.65,next_choch,-7.45,-484.25,103.26,-587.51,0
OOS,S1M_OF,OTM1,PE,NIFTY26SEP24300PE,2026-08-13 10:12:00,263.0,2026-08-13 10:49:00,261.7,next_choch,-2.3,-149.5,78.83,-228.33,0
OOS,S1M_OF,OTM1,CE,NIFTY26SEP24400CE,2026-08-13 10:50:00,460.2,2026-08-13 11:06:00,453.7,stop_loss,-7.5,-487.5,102.18,-589.68,0
OOS,S1M_OF,OTM1,PE,NIFTY26SEP24250PE,2026-08-13 11:07:00,243.2,2026-08-13 11:36:00,236.1,stop_loss,-8.1,-526.5,75.9,-602.4,0
OOS,S1M_OF,OTM1,CE,NIFTY26SEP24400CE,2026-08-13 11:39:00,473.0,2026-08-13 11:42:00,469.85,next_choch,-4.15,-269.75,104.04,-373.79,0
OOS,S1M_OF,OTM1,CE,NIFTY26SEP24400CE,2026-08-13 11:49:00,472.0,2026-08-13 12:11:00,495.8,next_choch,22.8,1482.0,106.39,1375.61,0
OOS,S1M_OF,OTM1,PE,NIFTY26SEP24350PE,2026-08-13 12:14:00,253.8,2026-08-13 13:43:00,262.2,next_choch,7.4,481.0,78.61,402.39,0
OOS,S1M_OF,OTM1,CE,NIFTY26SEP24450CE,2026-08-13 13:55:00,465.0,2026-08-13 14:04:00,468.75,stop_loss,2.75,178.75,103.7,75.05,0
OOS,S1M_OF,OTM1,CE,NIFTY26SEP24400CE,2026-08-13 14:24:00,490.5,2026-08-13 14:47:00,489.0,next_choch,-2.5,-162.5,106.3,-268.8,0
OOS,S1M_OF,OTM1,PE,NIFTY26SEP24300PE,2026-08-13 14:49:00,238.7,2026-08-13 15:14:00,240.0,next_choch,0.3,19.5,76.13,-56.63,0
OOS,S1M_OF,OTM1,PE,NIFTY26SEP24300PE,2026-08-13 15:22:00,238.0,2026-08-13 15:29:00,237.0,stop_loss,-2.0,-130.0,75.84,-205.84,0
OOS,S1M_OF,OTM1,PE,NIFTY26SEP24250PE,2026-08-14 09:29:00,249.95,2026-08-14 09:33:00,249.95,stop_loss,-1.0,-65.0,77.37,-142.37,0
OOS,S1M_OF,OTM1,CE,NIFTY26SEP24400CE,2026-08-14 09:38:00,448.9,2026-08-14 09:53:00,441.25,next_choch,-8.65,-562.25,100.71,-662.96,0
OOS,S1M_OF,OTM1,PE,NIFTY26SEP24250PE,2026-08-14 09:54:00,243.3,2026-08-14 09:59:00,242.1,next_choch,-2.2,-143.0,76.46,-219.46,0
OOS,S1M_OF,OTM1,CE,NIFTY26SEP24400CE,2026-08-14 10:10:00,451.55,2026-08-14 10:13:00,442.55,stop_loss,-10.0,-650.0,100.91,-750.91,0
OOS,S1M_OF,OTM1,PE,NIFTY26SEP24250PE,2026-08-14 10:30:00,237.35,2026-08-14 10:38:00,245.45,next_choch,7.1,461.5,76.59,384.91,0
OOS,S1M_OF,OTM1,CE,NIFTY26SEP24350CE,2026-08-14 10:39:00,460.4,2026-08-14 10:46:00,465.0,next_choch,3.6,234.0,103.23,130.77,0
OOS,S1M_OF,OTM1,CE,NIFTY26SEP24400CE,2026-08-14 10:48:00,438.3,2026-08-14 10:58:00,430.0,stop_loss,-9.3,-604.5,99.37,-703.87,0
OOS,S1M_OF,OTM1,PE,NIFTY26SEP24250PE,2026-08-14 10:59:00,236.55,2026-08-14 11:12:00,236.55,next_choch,-1.0,-65.0,75.75,-140.75,0
OOS,S1M_OF,OTM1,CE,NIFTY26SEP24400CE,2026-08-14 11:19:00,432.0,2026-08-14 11:24:00,431.0,next_choch,-2.0,-130.0,99.28,-229.28,0
OOS,S1M_OF,OTM1,PE,NIFTY26SEP24250PE,2026-08-14 11:28:00,236.55,2026-08-14 11:46:00,242.0,next_choch,4.45,289.25,76.25,213.0,0
OOS,S1M_OF,OTM1,CE,NIFTY26SEP24400CE,2026-08-14 11:48:00,433.0,2026-08-14 12:42:00,433.0,next_choch,-1.0,-65.0,99.49,-164.49,0
OOS,S1M_OF,OTM1,CE,NIFTY26SEP24400CE,2026-08-14 13:13:00,441.0,2026-08-14 13:27:00,435.45,next_choch,-6.55,-425.75,99.95,-525.7,0
OOS,S1M_OF,OTM1,PE,NIFTY26SEP24300PE,2026-08-14 13:32:00,252.85,2026-08-14 13:41:00,246.95,stop_loss,-6.9,-448.5,77.18,-525.68,0
OOS,S1M_OF,OTM1,CE,NIFTY26SEP24400CE,2026-08-14 13:43:00,446.0,2026-08-14 14:11:00,465.95,next_choch,18.95,1231.75,102.9,1128.85,0
OOS,S1M_OF,OTM1,PE,NIFTY26SEP24350PE,2026-08-14 14:18:00,252.85,2026-08-14 14:52:00,250.0,stop_loss,-3.85,-250.25,77.46,-327.71,0
OOS,S1M_OF,OTM1,CE,NIFTY26SEP24450CE,2026-08-14 14:54:00,430.0,2026-08-14 15:04:00,435.2,next_choch,4.2,273.0,99.61,173.39,0
OOS,S1M_OF,OTM1,PE,NIFTY26SEP24300PE,2026-08-14 15:05:00,232.85,2026-08-17 12:01:00,272.3,next_choch,38.45,2499.25,78.93,2420.32,0
OOS,S1M_OF,OTM1,CE,NIFTY26SEP24300CE,2026-08-17 12:02:00,446.0,2026-08-17 12:04:00,443.8,stop_loss,-3.2,-208.0,100.86,-308.86,0
OOS,S1M_OF,OTM1,PE,NIFTY26SEP24200PE,2026-08-17 12:05:00,235.1,2026-08-17 12:17:00,230.8,stop_loss,-5.3,-344.5,75.18,-419.68,0
OOS,S1M_OF,OTM1,CE,NIFTY26SEP24350CE,2026-08-17 12:18:00,417.5,2026-08-18 09:15:00,378.4,stop_loss,-40.1,-2606.5,94.02,-2700.52,0
OOS,S1M_OF,OTM1,PE,NIFTY26SEP24150PE,2026-08-18 09:32:00,233.95,2026-08-20 09:26:00,219.7,next_choch,-15.25,-991.25,74.13,-1065.38,0
OOS,S1M_OF,OTM1,CE,NIFTY26SEP24250CE,2026-08-20 09:35:00,384.95,2026-08-20 11:17:00,374.5,next_choch,-11.45,-744.25,92.72,-836.97,0
OOS,S1M_OF,OTM1,PE,NIFTY26SEP24150PE,2026-08-20 11:20:00,207.65,2026-08-20 11:31:00,205.75,stop_loss,-2.9,-188.5,72.09,-260.59,0
OOS,S1M_OF,OTM1,CE,NIFTY26SEP24250CE,2026-08-20 11:32:00,376.0,2026-08-20 12:08:00,382.35,next_choch,5.35,347.75,93.19,254.56,0
OOS,S1M_OF,OTM1,PE,NIFTY26SEP24150PE,2026-08-20 12:09:00,200.4,2026-08-20 12:13:00,201.45,next_choch,0.05,3.25,71.48,-68.23,0
OOS,S1M_OF,OTM1,CE,NIFTY26SEP24250CE,2026-08-20 12:14:00,379.45,2026-08-20 12:30:00,383.0,next_choch,2.55,165.75,93.35,72.4,0
OOS,S1M_OF,OTM1,PE,NIFTY26SEP24150PE,2026-08-20 12:34:00,201.65,2026-08-20 12:39:00,201.65,stop_loss,-1.0,-65.0,71.54,-136.54,0
OOS,S1M_OF,OTM1,CE,NIFTY26SEP24250CE,2026-08-20 12:40:00,389.0,2026-08-20 13:40:00,408.55,next_choch,18.55,1205.75,95.97,1109.78,0
OOS,S1M_OF,OTM1,PE,NIFTY26SEP24200PE,2026-08-20 13:51:00,205.15,2026-08-20 14:11:00,207.7,next_choch,1.55,100.75,72.19,28.56,0
OOS,S1M_OF,OTM1,PE,NIFTY26SEP24150PE,2026-08-20 14:16:00,193.65,2026-08-20 14:25:00,193.1,next_choch,-1.55,-100.75,70.52,-171.27,0
OOS,S1M_OF,OTM1,CE,NIFTY26SEP24300CE,2026-08-20 14:32:00,375.8,2026-08-20 14:43:00,370.0,next_choch,-6.8,-442.0,92.05,-534.05,0
OOS,S1M_OF,OTM1,PE,NIFTY26SEP24200PE,2026-08-20 15:01:00,210.4,2026-08-21 09:15:00,208.95,stop_loss,-2.45,-159.25,72.46,-231.71,0
OOS,S1M_OF,OTM1,PE,NIFTY26SEP24150PE,2026-08-21 09:20:00,202.25,2026-08-21 09:42:00,208.15,next_choch,4.9,318.5,72.15,246.35,0
OOS,S1M_OF,OTM1,CE,NIFTY26SEP24300CE,2026-08-21 09:51:00,356.75,2026-08-21 10:08:00,352.25,next_choch,-5.5,-357.5,89.86,-447.36,0
OOS,S1M_OF,OTM1,CE,NIFTY26SEP24300CE,2026-08-21 10:16:00,354.95,2026-08-21 10:21:00,354.8,next_choch,-1.15,-74.75,90.05,-164.8,0
OOS,S1M_OF,OTM1,CE,NIFTY26SEP24300CE,2026-08-21 10:24:00,358.0,2026-08-21 11:40:00,358.75,next_choch,-0.25,-16.25,90.5,-106.75,0
OOS,S1M_OF,OTM1,PE,NIFTY26SEP24200PE,2026-08-21 11:42:00,214.85,2026-08-21 12:33:00,216.9,next_choch,1.05,68.25,73.32,-5.07,0
OOS,S1M_OF,OTM1,CE,NIFTY26SEP24300CE,2026-08-21 12:34:00,357.75,2026-08-21 12:40:00,352.15,stop_loss,-6.6,-429.0,89.88,-518.88,0
OOS,S1M_OF,OTM1,PE,NIFTY26SEP24200PE,2026-08-21 12:47:00,221.1,2026-08-21 13:05:00,216.0,stop_loss,-6.1,-396.5,73.42,-469.92,0
OOS,S1M_OF,OTM1,CE,NIFTY26SEP24300CE,2026-08-21 13:07:00,359.6,2026-08-21 13:33:00,352.85,next_choch,-7.75,-503.75,90.0,-593.75,0
OOS,S1M_OF,OTM1,PE,NIFTY26SEP24200PE,2026-08-21 13:34:00,216.35,2026-08-21 13:48:00,217.85,next_choch,0.5,32.5,73.45,-40.95,0
OOS,S1M_OF,OTM1,CE,NIFTY26SEP24300CE,2026-08-21 13:55:00,354.0,2026-08-21 14:06:00,349.85,next_choch,-5.15,-334.75,89.56,-424.31,0
OOS,S1M_OF,OTM1,PE,NIFTY26SEP24200PE,2026-08-21 14:09:00,220.7,2026-08-21 14:12:00,220.0,stop_loss,-1.7,-110.5,73.77,-184.27,0
OOS,S1M_OF,OTM1,CE,NIFTY26SEP24300CE,2026-08-21 14:17:00,352.8,2026-08-21 14:41:00,357.2,next_choch,3.4,221.0,90.21,130.79,0
OOS,S1M_OF,OTM1,CE,NIFTY26SEP24300CE,2026-08-21 14:53:00,358.6,2026-08-21 14:56:00,357.5,stop_loss,-2.1,-136.5,90.4,-226.9,0
OOS,S1M_OF,OTM1,PE,NIFTY26SEP24200PE,2026-08-21 15:28:00,216.95,2026-08-21 15:29:00,216.8,stop_loss,-1.15,-74.75,73.37,-148.12,0
OOS,S1M_OF,OTM1,CE,NIFTY26SEP24350CE,2026-08-24 09:15:00,346.1,2026-08-24 09:42:00,333.95,next_choch,-13.15,-854.75,87.87,-942.62,0
OOS,S1M_OF,OTM1,PE,NIFTY26SEP24200PE,2026-08-24 09:58:00,199.05,2026-08-24 10:08:00,198.75,next_choch,-1.3,-84.5,71.19,-155.69,0
OOS,S1M_OF,OTM1,CE,NIFTY26SEP24350CE,2026-08-24 10:16:00,333.55,2026-08-24 10:45:00,334.0,next_choch,-0.55,-35.75,87.52,-123.27,0
OOS,S1M_OF,OTM1,PE,NIFTY26SEP24250PE,2026-08-24 10:48:00,212.6,2026-08-24 14:50:00,262.85,next_choch,49.25,3201.25,77.48,3123.77,0
OOS,S1M_OF,OTM1,PE,NIFTY26SEP24100PE,2026-08-24 15:05:00,206.7,2026-08-24 15:10:00,204.15,next_choch,-3.55,-230.75,71.91,-302.66,0
OOS,S1M_OF,OTM1,PE,NIFTY26SEP24100PE,2026-08-25 09:15:00,216.65,2026-08-25 09:21:00,195.95,stop_loss,-21.7,-1410.5,71.45,-1481.95,0
OOS,S1M_OF,OTM1,CE,NIFTY26SEP24250CE,2026-08-25 09:33:00,343.0,2026-08-25 09:38:00,336.55,stop_loss,-7.45,-484.25,88.02,-572.27,0
OOS,S1M_OF,OTM1,PE,NIFTY26SEP24100PE,2026-08-25 10:01:00,212.5,2026-08-25 10:06:00,210.05,stop_loss,-3.45,-224.25,72.62,-296.87,0
OOS,S1M_OF,OTM1,PE,NIFTY26SEP24100PE,2026-08-25 10:22:00,216.7,2026-08-25 10:43:00,212.75,next_choch,-4.95,-321.75,72.99,-394.74,0
OOS,S1M_OF,OTM1,CE,NIFTY26SEP24200CE,2026-08-25 10:44:00,344.25,2026-08-25 12:58:00,355.8,next_choch,10.55,685.75,89.83,595.92,0
OOS,S1M_OF,OTM1,PE,NIFTY26SEP24100PE,2026-08-25 13:01:00,203.7,2026-08-25 13:40:00,205.0,next_choch,0.3,19.5,71.9,-52.4,0
OOS,S1M_OF,OTM1,CE,NIFTY26SEP24200CE,2026-08-25 13:41:00,350.0,2026-08-25 13:50:00,347.35,stop_loss,-3.65,-237.25,89.22,-326.47,0
OOS,S1M_OF,OTM1,CE,NIFTY26SEP24200CE,2026-08-25 13:53:00,361.25,2026-08-25 14:03:00,353.15,next_choch,-9.1,-591.5,90.08,-681.58,0
OOS,S1M_OF,OTM1,CE,NIFTY26SEP24200CE,2026-08-25 14:20:00,367.85,2026-08-25 15:29:00,455.35,open,86.5,5622.5,99.66,5522.84,1
OOS,S1M_OF,OTM2,PE,NIFTY26SEP23950PE,2026-07-09 09:53:00,436.3,2026-07-09 10:00:00,436.3,next_choch,-1.0,-65.0,99.89,-164.89,0
OOS,S1M_OF,OTM2,PE,NIFTY26SEP23950PE,2026-07-09 10:15:00,436.3,2026-07-09 10:41:00,405.6,stop_loss,-31.7,-2060.5,97.07,-2157.57,0
OOS,S1M_OF,OTM2,CE,NIFTY26SEP24200CE,2026-07-09 10:42:00,684.0,2026-07-09 11:00:00,629.0,stop_loss,-56.0,-3640.0,124.77,-3764.77,0
OOS,S1M_OF,OTM2,PE,NIFTY26SEP23900PE,2026-07-09 11:01:00,413.0,2026-07-09 11:05:00,413.0,stop_loss,-1.0,-65.0,97.08,-162.08,0
OOS,S1M_OF,OTM2,CE,NIFTY26SEP24150CE,2026-07-09 12:03:00,658.5,2026-07-09 12:07:00,658.5,stop_loss,-1.0,-65.0,126.74,-191.74,0
OOS,S1M_OF,OTM2,PE,NIFTY26SEP23950PE,2026-07-09 12:40:00,406.1,2026-07-09 12:55:00,409.8,next_choch,2.7,175.5,96.58,78.92,0
OOS,S1M_OF,OTM2,PE,NIFTY26SEP23950PE,2026-07-09 13:29:00,409.8,2026-07-09 13:35:00,409.8,stop_loss,-1.0,-65.0,96.69,-161.69,0
OOS,S1M_OF,OTM2,CE,NIFTY26SEP24200CE,2026-07-09 13:38:00,650.0,2026-07-09 13:52:00,650.0,stop_loss,-1.0,-65.0,125.71,-190.71,0
OOS,S1M_OF,OTM2,PE,NIFTY26SEP23950PE,2026-07-09 13:56:00,409.8,2026-07-10 09:15:00,351.45,stop_loss,-59.35,-3857.75,91.32,-3949.07,0
OOS,S1M_OF,OTM2,CE,NIFTY26SEP24250CE,2026-07-10 11:37:00,661.5,2026-07-10 11:38:00,661.5,stop_loss,-1.0,-65.0,127.1,-192.1,0
OOS,S1M_OF,OTM2,CE,NIFTY26SEP24300CE,2026-07-10 12:01:00,620.0,2026-07-10 12:12:00,623.95,stop_loss,2.95,191.75,122.45,69.3,0
OOS,S1M_OF,OTM2,CE,NIFTY26SEP24300CE,2026-07-10 12:26:00,614.0,2026-07-10 13:10:00,625.0,next_choch,10.0,650.0,122.38,527.62,0
OOS,S1M_OF,OTM2,PE,NIFTY26SEP24100PE,2026-07-10 13:16:00,388.0,2026-07-10 13:34:00,395.75,next_choch,6.75,438.75,94.77,343.98,0
OOS,S1M_OF,OTM2,CE,NIFTY26SEP24300CE,2026-07-10 13:40:00,615.8,2026-07-10 14:09:00,625.85,stop_loss,9.05,588.25,122.51,465.74,0
OOS,S1M_OF,OTM2,CE,NIFTY26SEP24300CE,2026-07-10 14:24:00,625.85,2026-07-10 14:52:00,646.0,next_choch,19.15,1244.75,124.65,1120.1,0
OOS,S1M_OF,OTM2,PE,NIFTY26SEP24100PE,2026-07-10 14:58:00,382.35,2026-07-10 15:00:00,373.7,next_choch,-9.65,-627.25,92.58,-719.83,0
OOS,S1M_OF,OTM2,CE,NIFTY26SEP24300CE,2026-07-10 15:26:00,640.55,2026-07-13 09:15:00,551.35,stop_loss,-90.2,-5863.0,116.37,-5979.37,0
OOS,S1M_OF,OTM2,CE,NIFTY26SEP24200CE,2026-07-13 09:49:00,620.05,2026-07-14 09:15:00,625.6,stop_loss,4.55,295.75,122.61,173.14,0
OOS,S1M_OF,OTM2,PE,NIFTY26SEP24000PE,2026-07-14 09:35:00,408.45,2026-07-14 10:32:00,416.6,next_choch,7.15,464.75,97.27,367.48,0
OOS,S1M_OF,OTM2,CE,NIFTY26SEP24200CE,2026-07-14 10:33:00,624.0,2026-07-14 10:37:00,624.0,stop_loss,-1.0,-65.0,122.57,-187.57,0
OOS,S1M_OF,OTM2,PE,NIFTY26SEP24000PE,2026-07-14 10:38:00,420.0,2026-07-14 10:49:00,409.35,stop_loss,-11.65,-757.25,96.94,-854.19,0
OOS,S1M_OF,OTM2,CE,NIFTY26SEP24200CE,2026-07-14 10:52:00,641.0,2026-07-14 11:37:00,648.0,next_choch,6.0,390.0,125.27,264.73,0
OOS,S1M_OF,OTM2,PE,NIFTY26SEP24000PE,2026-07-14 11:38:00,408.25,2026-07-15 09:16:00,399.2,next_choch,-10.05,-653.25,95.67,-748.92,0
OOS,S1M_OF,OTM2,PE,NIFTY26SEP24050PE,2026-07-15 12:36:00,383.7,2026-07-15 13:59:00,435.2,next_choch,50.5,3282.5,98.27,3184.23,0
OOS,S1M_OF,OTM2,CE,NIFTY26SEP24200CE,2026-07-15 14:00:00,605.65,2026-07-15 14:06:00,616.6,next_choch,9.95,646.75,121.36,525.39,0
OOS,S1M_OF,OTM2,CE,NIFTY26SEP24200CE,2026-07-15 14:15:00,616.6,2026-07-15 14:51:00,619.0,next_choch,1.4,91.0,121.9,-30.9,0
OOS,S1M_OF,OTM2,PE,NIFTY26SEP23950PE,2026-07-15 15:02:00,402.25,2026-07-15 15:25:00,392.95,stop_loss,-10.3,-669.5,94.92,-764.42,0
OOS,S1M_OF,OTM2,PE,NIFTY26SEP24000PE,2026-07-16 09:34:00,379.4,2026-07-16 09:56:00,372.55,next_choch,-7.85,-510.25,92.39,-602.64,0
OOS,S1M_OF,OTM2,CE,NIFTY26SEP24250CE,2026-07-16 09:59:00,616.4,2026-07-16 10:21:00,616.4,next_choch,-1.0,-65.0,121.65,-186.65,0
OOS,S1M_OF,OTM2,PE,NIFTY26SEP24000PE,2026-07-16 10:27:00,384.45,2026-07-16 10:41:00,374.05,next_choch,-11.4,-741.0,92.67,-833.67,0
OOS,S1M_OF,OTM2,CE,NIFTY26SEP24250CE,2026-07-16 10:45:00,605.2,2026-07-16 12:02:00,605.2,next_choch,-1.0,-65.0,120.3,-185.3,0
OOS,S1M_OF,OTM2,PE,NIFTY26SEP24050PE,2026-07-16 12:17:00,391.55,2026-07-16 14:17:00,395.0,next_choch,2.45,159.25,94.8,64.45,0
OOS,S1M_OF,OTM2,PE,NIFTY26SEP24000PE,2026-07-16 14:25:00,393.3,2026-07-16 14:45:00,389.5,stop_loss,-4.8,-312.0,94.35,-406.35,0
OOS,S1M_OF,OTM2,CE,NIFTY26SEP24200CE,2026-07-16 14:47:00,622.0,2026-07-16 15:05:00,628.8,stop_loss,5.8,377.0,122.96,254.04,0
OOS,S1M_OF,OTM2,CE,NIFTY26SEP24300CE,2026-07-17 09:17:00,590.65,2026-07-17 13:47:00,619.3,next_choch,27.65,1797.25,121.18,1676.07,0
OOS,S1M_OF,OTM2,PE,NIFTY26SEP24100PE,2026-07-17 13:51:00,395.0,2026-07-17 13:59:00,393.35,stop_loss,-2.65,-172.25,94.75,-267.0,0
OOS,S1M_OF,OTM2,CE,NIFTY26SEP24350CE,2026-07-17 14:00:00,576.45,2026-07-17 14:51:00,638.0,next_choch,60.55,3935.75,122.49,3813.26,0
OOS,S1M_OF,OTM2,PE,NIFTY26SEP24100PE,2026-07-20 09:16:00,374.0,2026-07-20 10:29:00,388.0,next_choch,13.0,845.0,93.65,751.35,0
OOS,S1M_OF,OTM2,PE,NIFTY26SEP24100PE,2026-07-20 11:16:00,391.0,2026-07-20 12:11:00,398.0,next_choch,6.0,390.0,95.06,294.94,0
OOS,S1M_OF,OTM2,CE,NIFTY26SEP24300CE,2026-07-20 12:16:00,601.0,2026-07-20 12:29:00,595.9,stop_loss,-6.1,-396.5,119.32,-515.82,0
OOS,S1M_OF,OTM2,PE,NIFTY26SEP24050PE,2026-07-20 12:38:00,390.0,2026-07-20 12:54:00,391.3,next_choch,0.3,19.5,94.42,-74.92,0
OOS,S1M_OF,OTM2,PE,NIFTY26SEP24150PE,2026-07-21 09:32:00,377.8,2026-07-21 13:42:00,400.0,next_choch,21.2,1378.0,94.86,1283.14,0
OOS,S1M_OF,OTM2,CE,NIFTY26SEP24250CE,2026-07-21 14:50:00,600.0,2026-07-21 15:15:00,600.0,next_choch,-1.0,-65.0,119.67,-184.67,0
OOS,S1M_OF,OTM2,PE,NIFTY26SEP23950PE,2026-07-22 09:27:00,363.75,2026-07-22 11:33:00,387.9,next_choch,23.15,1504.75,93.34,1411.41,0
OOS,S1M_OF,OTM2,CE,NIFTY26SEP24150CE,2026-07-22 11:34:00,577.4,2026-07-22 11:39:00,577.4,stop_loss,-1.0,-65.0,116.94,-181.94,0
OOS,S1M_OF,OTM2,PE,NIFTY26SEP23900PE,2026-07-22 12:02:00,376.0,2026-07-22 12:48:00,377.15,next_choch,0.15,9.75,92.71,-82.96,0
OOS,S1M_OF,OTM2,CE,NIFTY26SEP24100CE,2026-07-22 12:51:00,595.0,2026-07-22 13:10:00,581.25,next_choch,-14.75,-958.75,117.8,-1076.55,0
OOS,S1M_OF,OTM2,PE,NIFTY26SEP23900PE,2026-07-22 13:12:00,386.0,2026-07-22 13:32:00,391.0,stop_loss,4.0,260.0,94.27,165.73,0
OOS,S1M_OF,OTM2,CE,NIFTY26SEP24100CE,2026-07-22 13:35:00,598.4,2026-07-22 13:46:00,598.0,next_choch,-1.4,-91.0,119.44,-210.44,0
OOS,S1M_OF,OTM2,PE,NIFTY26SEP23900PE,2026-07-22 13:54:00,386.0,2026-07-22 14:53:00,389.15,next_choch,2.15,139.75,94.1,45.65,0
OOS,S1M_OF,OTM2,PE,NIFTY26SEP23900PE,2026-07-22 15:04:00,389.0,2026-07-22 15:05:00,389.0,stop_loss,-1.0,-65.0,94.18,-159.18,0
OOS,S1M_OF,OTM2,CE,NIFTY26SEP24100CE,2026-07-22 15:07:00,589.0,2026-07-23 09:15:00,548.1,stop_loss,-41.9,-2723.5,114.58,-2838.08,0
OOS,S1M_OF,OTM2,PE,NIFTY26SEP23850PE,2026-07-23 11:21:00,372.3,2026-07-23 15:15:00,419.6,next_choch,46.3,3009.5,96.51,2912.99,0
OOS,S1M_OF,OTM2,CE,NIFTY26SEP23950CE,2026-07-23 15:19:00,571.0,2026-07-23 15:20:00,571.0,stop_loss,-1.0,-65.0,116.17,-181.17,0
OOS,S1M_OF,OTM2,PE,NIFTY26SEP23600PE,2026-07-24 09:37:00,402.0,2026-07-24 11:50:00,396.25,next_choch,-6.75,-438.75,95.22,-533.97,0
OOS,S1M_OF,OTM2,CE,NIFTY26SEP23800CE,2026-07-24 12:04:00,599.0,2026-07-24 13:41:00,634.55,next_choch,34.55,2245.75,122.82,2122.93,0
OOS,S1M_OF,OTM2,PE,NIFTY26SEP23650PE,2026-07-24 13:42:00,369.25,2026-07-24 13:50:00,369.25,stop_loss,-1.0,-65.0,91.79,-156.79,0
OOS,S1M_OF,OTM2,CE,NIFTY26SEP23900CE,2026-07-24 13:54:00,572.05,2026-07-24 14:13:00,604.0,next_choch,30.95,2011.75,119.23,1892.52,0
OOS,S1M_OF,OTM2,CE,NIFTY26SEP23900CE,2026-07-24 14:16:00,604.0,2026-07-24 14:19:00,604.0,stop_loss,-1.0,-65.0,120.16,-185.16,0
OOS,S1M_OF,OTM2,PE,NIFTY26SEP23700PE,2026-07-24 14:21:00,388.6,2026-07-24 14:53:00,391.4,next_choch,1.8,117.0,94.38,22.62,0
OOS,S1M_OF,OTM2,CE,NIFTY26SEP23900CE,2026-07-24 14:55:00,585.6,2026-07-24 14:58:00,591.8,stop_loss,5.2,338.0,118.5,219.5,0
OOS,S1M_OF,OTM2,PE,NIFTY26SEP23650PE,2026-07-24 15:00:00,369.25,2026-07-24 15:14:00,386.65,stop_loss,16.4,1066.0,93.39,972.61,0
OOS,S1M_OF,OTM2,CE,NIFTY26SEP23900CE,2026-07-24 15:15:00,587.85,2026-08-12 10:46:00,839.45,next_choch,250.6,16289.0,141.34,16147.66,0
OOS,S1M_OF,OTM2,PE,NIFTY26SEP24250PE,2026-08-12 10:47:00,244.7,2026-08-12 12:42:00,263.5,next_choch,17.8,1157.0,78.47,1078.53,0
OOS,S1M_OF,OTM2,PE,NIFTY26SEP24200PE,2026-08-12 12:44:00,250.0,2026-08-12 13:19:00,245.1,stop_loss,-5.9,-383.5,76.93,-460.43,0
OOS,S1M_OF,OTM2,PE,NIFTY26SEP24200PE,2026-08-12 13:39:00,247.05,2026-08-12 14:21:00,249.25,next_choch,1.2,78.0,77.22,0.78,0
OOS,S1M_OF,OTM2,CE,NIFTY26SEP24400CE,2026-08-12 14:22:00,455.0,2026-08-13 09:26:00,467.7,next_choch,11.7,760.5,103.32,657.18,0
OOS,S1M_OF,OTM2,PE,NIFTY26SEP24250PE,2026-08-13 09:27:00,254.85,2026-08-13 09:39:00,255.4,next_choch,-0.45,-29.25,78.01,-107.26,0
OOS,S1M_OF,OTM2,CE,NIFTY26SEP24450CE,2026-08-13 09:40:00,435.3,2026-08-13 10:11:00,443.85,next_choch,7.55,490.75,100.56,390.19,0
OOS,S1M_OF,OTM2,PE,NIFTY26SEP24250PE,2026-08-13 10:12:00,248.0,2026-08-13 10:49:00,244.25,next_choch,-4.75,-308.75,76.79,-385.54,0
OOS,S1M_OF,OTM2,CE,NIFTY26SEP24450CE,2026-08-13 10:50:00,426.0,2026-08-13 11:06:00,431.3,stop_loss,4.3,279.5,99.13,180.37,0
OOS,S1M_OF,OTM2,PE,NIFTY26SEP24200PE,2026-08-13 11:07:00,235.75,2026-08-13 11:36:00,221.0,stop_loss,-15.75,-1023.75,74.3,-1098.05,0
OOS,S1M_OF,OTM2,CE,NIFTY26SEP24450CE,2026-08-13 11:39:00,431.3,2026-08-13 11:42:00,442.1,next_choch,9.8,637.0,100.28,536.72,0
OOS,S1M_OF,OTM2,CE,NIFTY26SEP24450CE,2026-08-13 11:49:00,442.1,2026-08-13 12:11:00,472.25,next_choch,29.15,1894.75,103.36,1791.39,0
OOS,S1M_OF,OTM2,PE,NIFTY26SEP24300PE,2026-08-13 12:14:00,238.0,2026-08-13 13:43:00,235.0,next_choch,-4.0,-260.0,75.65,-335.65,0
OOS,S1M_OF,OTM2,CE,NIFTY26SEP24500CE,2026-08-13 13:55:00,441.65,2026-08-13 14:04:00,433.0,stop_loss,-9.65,-627.25,99.74,-726.99,0
OOS,S1M_OF,OTM2,CE,NIFTY26SEP24450CE,2026-08-13 14:24:00,452.55,2026-08-13 14:47:00,458.1,next_choch,4.55,295.75,102.36,193.39,0
OOS,S1M_OF,OTM2,PE,NIFTY26SEP24250PE,2026-08-13 14:49:00,224.0,2026-08-13 15:14:00,224.0,next_choch,-1.0,-65.0,74.24,-139.24,0
OOS,S1M_OF,OTM2,PE,NIFTY26SEP24250PE,2026-08-13 15:22:00,224.0,2026-08-13 15:29:00,224.0,stop_loss,-1.0,-65.0,74.24,-139.24,0
OOS,S1M_OF,OTM2,PE,NIFTY26SEP24200PE,2026-08-14 09:29:00,232.95,2026-08-14 09:33:00,226.55,stop_loss,-7.4,-481.0,74.73,-555.73,0
OOS,S1M_OF,OTM2,CE,NIFTY26SEP24450CE,2026-08-14 09:38:00,422.0,2026-08-14 09:53:00,417.1,next_choch,-5.9,-383.5,97.71,-481.21,0
OOS,S1M_OF,OTM2,PE,NIFTY26SEP24200PE,2026-08-14 09:54:00,230.9,2026-08-14 09:59:00,225.3,next_choch,-6.6,-429.0,74.56,-503.56,0
OOS,S1M_OF,OTM2,CE,NIFTY26SEP24450CE,2026-08-14 10:10:00,421.75,2026-08-14 10:13:00,421.75,stop_loss,-1.0,-65.0,98.13,-163.13,0
OOS,S1M_OF,OTM2,PE,NIFTY26SEP24200PE,2026-08-14 10:30:00,224.1,2026-08-14 10:38:00,228.0,next_choch,2.9,188.5,74.61,113.89,0
OOS,S1M_OF,OTM2,CE,NIFTY26SEP24400CE,2026-08-14 10:39:00,434.7,2026-08-14 10:46:00,434.75,next_choch,-0.95,-61.75,99.7,-161.45,0
OOS,S1M_OF,OTM2,CE,NIFTY26SEP24450CE,2026-08-14 10:48:00,406.4,2026-08-14 10:58:00,406.4,stop_loss,-1.0,-65.0,96.28,-161.28,0
OOS,S1M_OF,OTM2,PE,NIFTY26SEP24200PE,2026-08-14 10:59:00,229.0,2026-08-14 11:12:00,229.2,next_choch,-0.8,-52.0,74.86,-126.86,0
OOS,S1M_OF,OTM2,CE,NIFTY26SEP24450CE,2026-08-14 11:19:00,397.55,2026-08-14 11:24:00,405.5,next_choch,6.95,451.75,95.94,355.81,0
OOS,S1M_OF,OTM2,PE,NIFTY26SEP24200PE,2026-08-14 11:28:00,225.8,2026-08-14 11:46:00,225.25,next_choch,-1.55,-100.75,74.4,-175.15,0
OOS,S1M_OF,OTM2,CE,NIFTY26SEP24450CE,2026-08-14 11:48:00,402.35,2026-08-14 12:42:00,409.0,next_choch,5.65,367.25,96.4,270.85,0
OOS,S1M_OF,OTM2,CE,NIFTY26SEP24450CE,2026-08-14 13:13:00,404.75,2026-08-14 13:27:00,407.35,next_choch,1.6,104.0,96.32,7.68,0
OOS,S1M_OF,OTM2,PE,NIFTY26SEP24250PE,2026-08-14 13:32:00,233.6,2026-08-14 13:41:00,233.6,stop_loss,-1.0,-65.0,75.4,-140.4,0
OOS,S1M_OF,OTM2,CE,NIFTY26SEP24450CE,2026-08-14 13:43:00,407.35,2026-08-14 14:11:00,434.4,next_choch,26.05,1693.25,98.88,1594.37,0
OOS,S1M_OF,OTM2,PE,NIFTY26SEP24300PE,2026-08-14 14:18:00,234.1,2026-08-14 14:52:00,228.6,stop_loss,-6.5,-422.5,74.95,-497.45,0
OOS,S1M_OF,OTM2,CE,NIFTY26SEP24500CE,2026-08-14 14:54:00,411.95,2026-08-14 15:04:00,406.35,next_choch,-6.6,-429.0,96.43,-525.43,0
OOS,S1M_OF,OTM2,PE,NIFTY26SEP24250PE,2026-08-14 15:05:00,215.85,2026-08-17 12:01:00,252.55,next_choch,35.7,2320.5,76.63,2243.87,0
OOS,S1M_OF,OTM2,CE,NIFTY26SEP24350CE,2026-08-17 12:02:00,413.1,2026-08-17 12:04:00,414.85,stop_loss,0.75,48.75,97.25,-48.5,0
OOS,S1M_OF,OTM2,PE,NIFTY26SEP24150PE,2026-08-17 12:05:00,217.05,2026-08-17 12:17:00,220.95,stop_loss,2.9,188.5,73.76,114.74,0
OOS,S1M_OF,OTM2,CE,NIFTY26SEP24400CE,2026-08-17 12:18:00,391.0,2026-08-18 09:15:00,351.65,stop_loss,-40.35,-2622.75,90.8,-2713.55,0
OOS,S1M_OF,OTM2,PE,NIFTY26SEP24100PE,2026-08-18 09:32:00,217.55,2026-08-20 09:26:00,202.65,next_choch,-15.9,-1033.5,72.09,-1105.59,0
OOS,S1M_OF,OTM2,CE,NIFTY26SEP24300CE,2026-08-20 09:35:00,352.75,2026-08-20 11:17:00,344.45,next_choch,-9.3,-604.5,89.03,-693.53,0
OOS,S1M_OF,OTM2,PE,NIFTY26SEP24100PE,2026-08-20 11:20:00,193.6,2026-08-20 11:31:00,188.8,stop_loss,-5.8,-377.0,70.12,-447.12,0
OOS,S1M_OF,OTM2,CE,NIFTY26SEP24300CE,2026-08-20 11:32:00,353.0,2026-08-20 12:08:00,350.05,next_choch,-3.95,-256.75,89.55,-346.3,0
OOS,S1M_OF,OTM2,PE,NIFTY26SEP24100PE,2026-08-20 12:09:00,186.2,2026-08-20 12:13:00,185.55,next_choch,-1.65,-107.25,69.61,-176.86,0
OOS,S1M_OF,OTM2,CE,NIFTY26SEP24300CE,2026-08-20 12:14:00,354.05,2026-08-20 12:30:00,351.95,next_choch,-3.1,-201.5,89.76,-291.26,0
OOS,S1M_OF,OTM2,PE,NIFTY26SEP24100PE,2026-08-20 12:34:00,186.5,2026-08-20 12:39:00,184.0,stop_loss,-3.5,-227.5,69.48,-296.98,0
OOS,S1M_OF,OTM2,CE,NIFTY26SEP24300CE,2026-08-20 12:40:00,356.8,2026-08-20 13:40:00,375.55,next_choch,17.75,1153.75,92.01,1061.74,0
OOS,S1M_OF,OTM2,PE,NIFTY26SEP24150PE,2026-08-20 13:51:00,188.7,2026-08-20 14:11:00,192.35,next_choch,2.65,172.25,70.31,101.94,0
OOS,S1M_OF,OTM2,PE,NIFTY26SEP24100PE,2026-08-20 14:16:00,181.0,2026-08-20 14:25:00,177.45,next_choch,-4.55,-295.75,68.71,-364.46,0
OOS,S1M_OF,OTM2,CE,NIFTY26SEP24350CE,2026-08-20 14:32:00,340.5,2026-08-20 14:43:00,345.05,next_choch,3.55,230.75,88.73,142.02,0
OOS,S1M_OF,OTM2,PE,NIFTY26SEP24150PE,2026-08-20 15:01:00,191.75,2026-08-21 09:15:00,190.9,stop_loss,-1.85,-120.25,70.26,-190.51,0
OOS,S1M_OF,OTM2,PE,NIFTY26SEP24100PE,2026-08-21 09:20:00,192.25,2026-08-21 09:42:00,190.0,next_choch,-3.25,-211.25,70.19,-281.44,0
OOS,S1M_OF,OTM2,CE,NIFTY26SEP24350CE,2026-08-21 09:51:00,327.75,2026-08-21 10:08:00,323.3,next_choch,-5.45,-354.25,86.36,-440.61,0
OOS,S1M_OF,OTM2,CE,NIFTY26SEP24350CE,2026-08-21 10:16:00,326.0,2026-08-21 10:21:00,326.0,next_choch,-1.0,-65.0,86.56,-151.56,0
OOS,S1M_OF,OTM2,CE,NIFTY26SEP24350CE,2026-08-21 10:24:00,326.0,2026-08-21 11:40:00,336.4,next_choch,9.4,611.0,87.52,523.48,0
OOS,S1M_OF,OTM2,PE,NIFTY26SEP24150PE,2026-08-21 11:42:00,194.95,2026-08-21 12:33:00,201.2,next_choch,5.25,341.25,71.3,269.95,0
OOS,S1M_OF,OTM2,CE,NIFTY26SEP24350CE,2026-08-21 12:34:00,328.5,2026-08-21 12:40:00,328.5,stop_loss,-1.0,-65.0,86.86,-151.86,0
OOS,S1M_OF,OTM2,PE,NIFTY26SEP24150PE,2026-08-21 12:47:00,204.8,2026-08-21 13:05:00,200.2,stop_loss,-5.6,-364.0,71.49,-435.49,0
OOS,S1M_OF,OTM2,CE,NIFTY26SEP24350CE,2026-08-21 13:07:00,328.45,2026-08-21 13:33:00,330.65,next_choch,1.2,78.0,87.06,-9.06,0
OOS,S1M_OF,OTM2,PE,NIFTY26SEP24150PE,2026-08-21 13:34:00,197.15,2026-08-21 13:48:00,203.15,next_choch,5.0,325.0,71.54,253.46,0
OOS,S1M_OF,OTM2,CE,NIFTY26SEP24350CE,2026-08-21 13:55:00,325.0,2026-08-21 14:06:00,327.85,next_choch,1.85,120.25,86.7,33.55,0
OOS,S1M_OF,OTM2,PE,NIFTY26SEP24150PE,2026-08-21 14:09:00,200.4,2026-08-21 14:12:00,200.9,stop_loss,-0.5,-32.5,71.43,-103.93,0
OOS,S1M_OF,OTM2,CE,NIFTY26SEP24350CE,2026-08-21 14:17:00,321.35,2026-08-21 14:41:00,330.8,next_choch,8.45,549.25,86.87,462.38,0
OOS,S1M_OF,OTM2,CE,NIFTY26SEP24350CE,2026-08-21 14:53:00,328.45,2026-08-21 14:56:00,328.45,stop_loss,-1.0,-65.0,86.86,-151.86,0
OOS,S1M_OF,OTM2,PE,NIFTY26SEP24150PE,2026-08-21 15:28:00,197.65,2026-08-21 15:29:00,198.5,stop_loss,-0.15,-9.75,71.13,-80.88,0
OOS,S1M_OF,OTM2,CE,NIFTY26SEP24400CE,2026-08-24 09:15:00,316.6,2026-08-24 09:42:00,305.5,next_choch,-12.1,-786.5,84.41,-870.91,0
OOS,S1M_OF,OTM2,PE,NIFTY26SEP24150PE,2026-08-24 09:58:00,179.2,2026-08-24 10:08:00,183.5,next_choch,3.3,214.5,69.22,145.28,0
OOS,S1M_OF,OTM2,CE,NIFTY26SEP24400CE,2026-08-24 10:16:00,304.4,2026-08-24 10:45:00,304.2,next_choch,-1.2,-78.0,83.93,-161.93,0
OOS,S1M_OF,OTM2,PE,NIFTY26SEP24200PE,2026-08-24 10:48:00,197.0,2026-08-24 14:50:00,243.35,next_choch,45.35,2947.75,75.24,2872.51,0
OOS,S1M_OF,OTM2,PE,NIFTY26SEP24050PE,2026-08-24 15:05:00,190.0,2026-08-24 15:10:00,187.75,next_choch,-3.25,-211.25,69.92,-281.17,0
OOS,S1M_OF,OTM2,PE,NIFTY26SEP24050PE,2026-08-25 09:15:00,200.7,2026-08-25 09:21:00,178.3,stop_loss,-23.4,-1521.0,69.36,-1590.36,0
OOS,S1M_OF,OTM2,CE,NIFTY26SEP24300CE,2026-08-25 09:33:00,314.2,2026-08-25 09:38:00,308.7,stop_loss,-6.5,-422.5,84.63,-507.13,0
OOS,S1M_OF,OTM2,PE,NIFTY26SEP24050PE,2026-08-25 10:01:00,195.4,2026-08-25 10:06:00,196.5,stop_loss,0.1,6.5,70.88,-64.38,0
OOS,S1M_OF,OTM2,PE,NIFTY26SEP24050PE,2026-08-25 10:22:00,196.35,2026-08-25 10:43:00,195.6,next_choch,-1.75,-113.75,70.83,-184.58,0
OOS,S1M_OF,OTM2,CE,NIFTY26SEP24250CE,2026-08-25 10:44:00,318.5,2026-08-25 12:58:00,325.95,next_choch,6.45,419.25,86.34,332.91,0
OOS,S1M_OF,OTM2,PE,NIFTY26SEP24050PE,2026-08-25 13:01:00,183.5,2026-08-25 13:40:00,191.0,next_choch,6.5,422.5,70.03,352.47,0
OOS,S1M_OF,OTM2,CE,NIFTY26SEP24250CE,2026-08-25 13:41:00,319.65,2026-08-25 13:50:00,317.4,stop_loss,-3.25,-211.25,85.59,-296.84,0
OOS,S1M_OF,OTM2,CE,NIFTY26SEP24250CE,2026-08-25 13:53:00,331.15,2026-08-25 14:03:00,327.35,next_choch,-4.8,-312.0,86.84,-398.84,0
OOS,S1M_OF,OTM2,CE,NIFTY26SEP24250CE,2026-08-25 14:20:00,336.95,2026-08-25 15:29:00,419.1,open,81.15,5274.75,95.44,5179.31,1
OOS,S1M_OF,OTM3,PE,NIFTY26SEP23900PE,2026-07-09 09:53:00,396.65,2026-07-09 10:00:00,399.0,next_choch,1.35,87.75,95.32,-7.57,0
OOS,S1M_OF,OTM3,CE,NIFTY26SEP24200CE,2026-07-09 10:01:00,634.15,2026-07-09 10:14:00,637.9,next_choch,2.75,178.75,124.14,54.61,0
OOS,S1M_OF,OTM3,PE,NIFTY26SEP23900PE,2026-07-09 10:15:00,390.0,2026-07-09 10:41:00,374.0,stop_loss,-17.0,-1105.0,92.82,-1197.82,0
OOS,S1M_OF,OTM3,CE,NIFTY26SEP24250CE,2026-07-09 10:42:00,658.55,2026-07-09 11:00:00,658.55,stop_loss,-1.0,-65.0,126.75,-191.75,0
OOS,S1M_OF,OTM3,PE,NIFTY26SEP23850PE,2026-07-09 11:01:00,387.45,2026-07-09 11:05:00,387.45,stop_loss,-1.0,-65.0,93.99,-158.99,0
OOS,S1M_OF,OTM3,CE,NIFTY26SEP24200CE,2026-07-09 12:03:00,640.1,2026-07-09 12:07:00,640.1,stop_loss,-1.0,-65.0,124.52,-189.52,0
OOS,S1M_OF,OTM3,PE,NIFTY26SEP23900PE,2026-07-09 12:40:00,379.8,2026-07-09 12:55:00,393.05,next_choch,12.25,796.25,94.28,701.97,0
OOS,S1M_OF,OTM3,PE,NIFTY26SEP23900PE,2026-07-09 13:29:00,388.1,2026-07-09 13:35:00,377.0,stop_loss,-12.1,-786.5,93.05,-879.55,0
OOS,S1M_OF,OTM3,CE,NIFTY26SEP24250CE,2026-07-09 13:38:00,658.55,2026-07-09 13:52:00,658.55,stop_loss,-1.0,-65.0,126.75,-191.75,0
OOS,S1M_OF,OTM3,PE,NIFTY26SEP23900PE,2026-07-09 13:56:00,380.15,2026-07-10 09:15:00,329.3,stop_loss,-51.85,-3370.25,88.43,-3458.68,0
OOS,S1M_OF,OTM3,CE,NIFTY26SEP24300CE,2026-07-10 11:37:00,616.0,2026-07-10 11:38:00,616.0,stop_loss,-1.0,-65.0,121.61,-186.61,0
OOS,S1M_OF,OTM3,PE,NIFTY26SEP24050PE,2026-07-10 13:16:00,366.7,2026-07-10 13:34:00,366.7,next_choch,-1.0,-65.0,91.48,-156.48,0
OOS,S1M_OF,OTM3,PE,NIFTY26SEP24050PE,2026-07-10 14:58:00,366.7,2026-07-10 15:00:00,366.7,next_choch,-1.0,-65.0,91.48,-156.48,0
OOS,S1M_OF,OTM3,CE,NIFTY26SEP24250CE,2026-07-14 10:33:00,603.25,2026-07-14 10:37:00,603.25,stop_loss,-1.0,-65.0,120.06,-185.06,0
OOS,S1M_OF,OTM3,CE,NIFTY26SEP24250CE,2026-07-14 10:52:00,603.25,2026-07-14 11:37:00,621.05,next_choch,16.8,1092.0,121.7,970.3,0
OOS,S1M_OF,OTM3,PE,NIFTY26SEP24000PE,2026-07-15 12:36:00,377.65,2026-07-15 13:59:00,413.4,next_choch,34.75,2258.75,96.09,2162.66,0
OOS,S1M_OF,OTM3,CE,NIFTY26SEP24250CE,2026-07-15 14:00:00,590.95,2026-07-15 14:06:00,590.95,next_choch,-1.0,-65.0,118.58,-183.58,0
OOS,S1M_OF,OTM3,CE,NIFTY26SEP24250CE,2026-07-15 14:15:00,590.95,2026-07-15 14:51:00,590.95,next_choch,-1.0,-65.0,118.58,-183.58,0
OOS,S1M_OF,OTM3,PE,NIFTY26SEP23900PE,2026-07-15 15:02:00,384.0,2026-07-15 15:25:00,379.0,stop_loss,-6.0,-390.0,93.11,-483.11,0
OOS,S1M_OF,OTM3,CE,NIFTY26SEP24300CE,2026-07-16 09:15:00,592.0,2026-07-16 09:28:00,588.95,next_choch,-4.05,-263.25,118.42,-381.67,0
OOS,S1M_OF,OTM3,CE,NIFTY26SEP24300CE,2026-07-16 09:59:00,588.95,2026-07-16 10:21:00,588.95,next_choch,-1.0,-65.0,118.34,-183.34,0
OOS,S1M_OF,OTM3,PE,NIFTY26SEP23950PE,2026-07-16 10:27:00,366.95,2026-07-16 10:41:00,366.95,next_choch,-1.0,-65.0,91.51,-156.51,0
OOS,S1M_OF,OTM3,CE,NIFTY26SEP24300CE,2026-07-16 10:45:00,582.0,2026-07-16 12:02:00,590.05,next_choch,7.05,458.25,118.24,340.01,0
OOS,S1M_OF,OTM3,PE,NIFTY26SEP24000PE,2026-07-16 12:17:00,368.85,2026-07-16 14:17:00,384.95,next_choch,15.1,981.5,93.22,888.28,0
OOS,S1M_OF,OTM3,PE,NIFTY26SEP23950PE,2026-07-16 14:25:00,355.25,2026-07-16 14:45:00,355.25,stop_loss,-1.0,-65.0,90.1,-155.1,0
OOS,S1M_OF,OTM3,CE,NIFTY26SEP24250CE,2026-07-16 14:47:00,605.2,2026-07-16 15:05:00,597.05,stop_loss,-9.15,-594.75,119.55,-714.3,0
OOS,S1M_OF,OTM3,CE,NIFTY26SEP24350CE,2026-07-17 09:17:00,558.45,2026-07-17 13:47:00,626.0,next_choch,66.55,4325.75,120.86,4204.89,0
OOS,S1M_OF,OTM3,PE,NIFTY26SEP24050PE,2026-07-17 13:51:00,374.65,2026-07-17 13:59:00,374.65,stop_loss,-1.0,-65.0,92.44,-157.44,0
OOS,S1M_OF,OTM3,CE,NIFTY26SEP24400CE,2026-07-17 14:00:00,548.0,2026-07-17 14:51:00,606.0,next_choch,57.0,3705.0,118.72,3586.28,0
OOS,S1M_OF,OTM3,CE,NIFTY26SEP24500CE,2026-07-17 15:23:00,565.95,2026-07-20 09:15:00,532.0,stop_loss,-34.95,-2271.75,112.44,-2384.19,0
OOS,S1M_OF,OTM3,PE,NIFTY26SEP24050PE,2026-07-20 11:16:00,390.0,2026-07-20 12:11:00,390.0,next_choch,-1.0,-65.0,94.3,-159.3,0
OOS,S1M_OF,OTM3,CE,NIFTY26SEP24350CE,2026-07-20 12:16:00,575.9,2026-07-20 12:29:00,568.9,stop_loss,-8.0,-520.0,116.12,-636.12,0
OOS,S1M_OF,OTM3,PE,NIFTY26SEP24000PE,2026-07-20 12:38:00,374.0,2026-07-20 12:54:00,372.75,next_choch,-2.25,-146.25,92.25,-238.5,0
OOS,S1M_OF,OTM3,CE,NIFTY26SEP24300CE,2026-07-20 12:55:00,586.0,2026-07-21 09:25:00,615.0,next_choch,28.0,1820.0,120.65,1699.35,0
OOS,S1M_OF,OTM3,PE,NIFTY26SEP24100PE,2026-07-21 09:32:00,360.0,2026-07-21 13:42:00,377.0,next_choch,16.0,1040.0,92.23,947.77,0
OOS,S1M_OF,OTM3,CE,NIFTY26SEP24300CE,2026-07-21 14:50:00,572.2,2026-07-21 15:15:00,578.0,next_choch,4.8,312.0,116.85,195.15,0
OOS,S1M_OF,OTM3,PE,NIFTY26SEP23900PE,2026-07-22 09:27:00,354.0,2026-07-22 11:33:00,357.0,next_choch,2.0,130.0,90.22,39.78,0
OOS,S1M_OF,OTM3,CE,NIFTY26SEP24200CE,2026-07-22 11:34:00,556.0,2026-07-22 11:39:00,556.0,stop_loss,-1.0,-65.0,114.36,-179.36,0
OOS,S1M_OF,OTM3,PE,NIFTY26SEP23850PE,2026-07-22 12:02:00,345.5,2026-07-22 12:48:00,360.35,next_choch,13.85,900.25,90.28,809.97,0
OOS,S1M_OF,OTM3,CE,NIFTY26SEP24150CE,2026-07-22 12:51:00,551.6,2026-07-22 13:10:00,551.6,next_choch,-1.0,-65.0,113.82,-178.82,0
OOS,S1M_OF,OTM3,PE,NIFTY26SEP23850PE,2026-07-22 13:12:00,360.35,2026-07-22 13:32:00,360.35,stop_loss,-1.0,-65.0,90.71,-155.71,0
OOS,S1M_OF,OTM3,CE,NIFTY26SEP24150CE,2026-07-22 13:35:00,566.35,2026-07-22 13:46:00,566.35,next_choch,-1.0,-65.0,115.61,-180.61,0
OOS,S1M_OF,OTM3,PE,NIFTY26SEP23850PE,2026-07-22 13:54:00,360.35,2026-07-22 14:53:00,360.35,next_choch,-1.0,-65.0,90.71,-155.71,0
OOS,S1M_OF,OTM3,PE,NIFTY26SEP23850PE,2026-07-22 15:04:00,360.35,2026-07-22 15:05:00,360.35,stop_loss,-1.0,-65.0,90.71,-155.71,0
OOS,S1M_OF,OTM3,CE,NIFTY26SEP24100CE,2026-07-23 09:55:00,554.15,2026-07-23 11:18:00,564.05,next_choch,8.9,578.5,115.04,463.46,0
OOS,S1M_OF,OTM3,PE,NIFTY26SEP23800PE,2026-07-23 11:21:00,353.0,2026-07-23 15:15:00,402.6,next_choch,48.6,3159.0,94.39,3064.61,0
OOS,S1M_OF,OTM3,CE,NIFTY26SEP24000CE,2026-07-23 15:19:00,564.0,2026-07-23 15:20:00,563.0,stop_loss,-2.0,-130.0,115.23,-245.23,0
OOS,S1M_OF,OTM3,PE,NIFTY26SEP23550PE,2026-07-24 09:37:00,384.85,2026-07-24 11:50:00,396.25,next_choch,10.4,676.0,94.72,581.28,0
OOS,S1M_OF,OTM3,CE,NIFTY26SEP23850CE,2026-07-24 12:04:00,573.9,2026-07-24 13:41:00,609.7,next_choch,34.8,2262.0,119.81,2142.19,0
OOS,S1M_OF,OTM3,PE,NIFTY26SEP23600PE,2026-07-24 13:42:00,371.95,2026-07-24 13:50:00,373.0,stop_loss,0.05,3.25,92.21,-88.96,0
OOS,S1M_OF,OTM3,CE,NIFTY26SEP23950CE,2026-07-24 13:54:00,566.85,2026-07-24 14:13:00,569.6,next_choch,1.75,113.75,115.92,-2.17,0
OOS,S1M_OF,OTM3,CE,NIFTY26SEP23950CE,2026-07-24 14:16:00,569.6,2026-07-24 14:19:00,572.75,stop_loss,2.15,139.75,116.29,23.46,0
OOS,S1M_OF,OTM3,PE,NIFTY26SEP23650PE,2026-07-24 14:21:00,369.25,2026-07-24 14:53:00,369.25,next_choch,-1.0,-65.0,91.79,-156.79,0
OOS,S1M_OF,OTM3,CE,NIFTY26SEP23950CE,2026-07-24 14:55:00,554.8,2026-07-24 14:58:00,554.8,stop_loss,-1.0,-65.0,114.21,-179.21,0
OOS,S1M_OF,OTM3,PE,NIFTY26SEP23600PE,2026-07-24 15:00:00,366.45,2026-07-24 15:14:00,359.05,stop_loss,-8.4,-546.0,90.77,-636.77,0
OOS,S1M_OF,OTM3,CE,NIFTY26SEP23950CE,2026-07-24 15:15:00,554.8,2026-08-12 10:46:00,787.65,next_choch,231.85,15070.25,135.62,14934.63,0
OOS,S1M_OF,OTM3,PE,NIFTY26SEP24200PE,2026-08-12 10:47:00,229.55,2026-08-12 12:42:00,245.65,next_choch,15.1,981.5,76.39,905.11,0
OOS,S1M_OF,OTM3,PE,NIFTY26SEP24150PE,2026-08-12 12:44:00,232.0,2026-08-12 13:19:00,235.35,stop_loss,2.35,152.75,75.51,77.24,0
OOS,S1M_OF,OTM3,PE,NIFTY26SEP24150PE,2026-08-12 13:39:00,230.65,2026-08-12 14:21:00,230.65,next_choch,-1.0,-65.0,75.04,-140.04,0
OOS,S1M_OF,OTM3,CE,NIFTY26SEP24450CE,2026-08-12 14:22:00,424.0,2026-08-13 09:26:00,443.0,next_choch,18.0,1170.0,100.15,1069.85,0
OOS,S1M_OF,OTM3,PE,NIFTY26SEP24200PE,2026-08-13 09:27:00,239.0,2026-08-13 09:39:00,234.6,next_choch,-5.4,-351.0,75.64,-426.64,0
OOS,S1M_OF,OTM3,CE,NIFTY26SEP24500CE,2026-08-13 09:40:00,411.6,2026-08-13 10:11:00,403.1,next_choch,-9.5,-617.5,96.12,-713.62,0
OOS,S1M_OF,OTM3,PE,NIFTY26SEP24200PE,2026-08-13 10:12:00,232.1,2026-08-13 10:49:00,229.65,next_choch,-3.45,-224.25,74.99,-299.24,0
OOS,S1M_OF,OTM3,CE,NIFTY26SEP24500CE,2026-08-13 10:50:00,405.1,2026-08-13 11:06:00,395.4,stop_loss,-10.7,-695.5,95.23,-790.73,0
OOS,S1M_OF,OTM3,PE,NIFTY26SEP24150PE,2026-08-13 11:07:00,216.0,2026-08-13 11:36:00,206.45,stop_loss,-10.55,-685.75,72.39,-758.14,0
OOS,S1M_OF,OTM3,CE,NIFTY26SEP24500CE,2026-08-13 11:39:00,414.65,2026-08-13 11:42:00,409.7,next_choch,-5.95,-386.75,96.82,-483.57,0
OOS,S1M_OF,OTM3,CE,NIFTY26SEP24500CE,2026-08-13 11:49:00,411.75,2026-08-13 12:11:00,434.9,next_choch,22.15,1439.75,99.05,1340.7,0
OOS,S1M_OF,OTM3,PE,NIFTY26SEP24250PE,2026-08-13 12:14:00,217.5,2026-08-13 13:43:00,219.0,next_choch,0.5,32.5,73.59,-41.09,0
OOS,S1M_OF,OTM3,CE,NIFTY26SEP24550CE,2026-08-13 13:55:00,389.5,2026-08-13 14:04:00,407.0,stop_loss,16.5,1072.5,95.84,976.66,0
OOS,S1M_OF,OTM3,CE,NIFTY26SEP24500CE,2026-08-13 14:24:00,430.0,2026-08-13 14:47:00,425.45,next_choch,-5.55,-360.75,98.71,-459.46,0
OOS,S1M_OF,OTM3,PE,NIFTY26SEP24200PE,2026-08-13 14:49:00,211.05,2026-08-13 15:14:00,209.5,next_choch,-2.55,-165.75,72.53,-238.28,0
OOS,S1M_OF,OTM3,PE,NIFTY26SEP24200PE,2026-08-13 15:22:00,206.6,2026-08-13 15:29:00,207.0,stop_loss,-0.6,-39.0,72.17,-111.17,0
OOS,S1M_OF,OTM3,PE,NIFTY26SEP24150PE,2026-08-14 09:29:00,216.55,2026-08-14 09:33:00,216.55,stop_loss,-1.0,-65.0,73.34,-138.34,0
OOS,S1M_OF,OTM3,CE,NIFTY26SEP24500CE,2026-08-14 09:38:00,392.2,2026-08-14 09:53:00,383.75,next_choch,-9.45,-614.25,93.78,-708.03,0
OOS,S1M_OF,OTM3,PE,NIFTY26SEP24150PE,2026-08-14 09:54:00,211.25,2026-08-14 09:59:00,211.25,next_choch,-1.0,-65.0,72.7,-137.7,0
OOS,S1M_OF,OTM3,CE,NIFTY26SEP24500CE,2026-08-14 10:10:00,394.0,2026-08-14 10:13:00,388.0,stop_loss,-7.0,-455.0,94.23,-549.23,0
OOS,S1M_OF,OTM3,PE,NIFTY26SEP24150PE,2026-08-14 10:30:00,207.2,2026-08-14 10:38:00,212.85,next_choch,4.65,302.25,72.73,229.52,0
OOS,S1M_OF,OTM3,CE,NIFTY26SEP24450CE,2026-08-14 10:39:00,402.3,2026-08-14 10:46:00,406.4,next_choch,3.1,201.5,96.16,105.34,0
OOS,S1M_OF,OTM3,CE,NIFTY26SEP24500CE,2026-08-14 10:48:00,380.85,2026-08-14 10:58:00,374.0,stop_loss,-7.85,-510.25,92.56,-602.81,0
OOS,S1M_OF,OTM3,PE,NIFTY26SEP24150PE,2026-08-14 10:59:00,212.85,2026-08-14 11:12:00,214.15,next_choch,0.3,19.5,73.01,-53.51,0
OOS,S1M_OF,OTM3,CE,NIFTY26SEP24500CE,2026-08-14 11:19:00,373.8,2026-08-14 11:24:00,373.65,next_choch,-1.15,-74.75,92.32,-167.07,0
OOS,S1M_OF,OTM3,PE,NIFTY26SEP24150PE,2026-08-14 11:28:00,211.0,2026-08-14 11:46:00,211.0,next_choch,-1.0,-65.0,72.67,-137.67,0
OOS,S1M_OF,OTM3,CE,NIFTY26SEP24500CE,2026-08-14 11:48:00,372.0,2026-08-14 12:42:00,375.25,next_choch,2.25,146.25,92.42,53.83,0
OOS,S1M_OF,OTM3,CE,NIFTY26SEP24500CE,2026-08-14 13:13:00,383.25,2026-08-14 13:27:00,380.65,next_choch,-3.6,-234.0,93.24,-327.24,0
OOS,S1M_OF,OTM3,PE,NIFTY26SEP24200PE,2026-08-14 13:32:00,220.95,2026-08-14 13:41:00,214.65,stop_loss,-7.3,-474.5,73.29,-547.79,0
OOS,S1M_OF,OTM3,CE,NIFTY26SEP24500CE,2026-08-14 13:43:00,388.75,2026-08-14 14:11:00,407.2,next_choch,17.45,1134.25,95.84,1038.41,0
OOS,S1M_OF,OTM3,PE,NIFTY26SEP24250PE,2026-08-14 14:18:00,213.4,2026-08-14 14:52:00,217.85,stop_loss,3.45,224.25,73.36,150.89,0
OOS,S1M_OF,OTM3,CE,NIFTY26SEP24550CE,2026-08-14 14:54:00,376.05,2026-08-14 15:04:00,378.6,next_choch,1.55,100.75,92.84,7.91,0
OOS,S1M_OF,OTM3,PE,NIFTY26SEP24200PE,2026-08-14 15:05:00,202.95,2026-08-17 12:01:00,235.05,next_choch,31.1,2021.5,74.64,1946.86,0
OOS,S1M_OF,OTM3,CE,NIFTY26SEP24400CE,2026-08-17 12:02:00,388.95,2026-08-17 12:04:00,385.45,stop_loss,-4.5,-292.5,93.85,-386.35,0
OOS,S1M_OF,OTM3,PE,NIFTY26SEP24100PE,2026-08-17 12:05:00,202.0,2026-08-17 12:17:00,197.8,stop_loss,-5.2,-338.0,71.19,-409.19,0
OOS,S1M_OF,OTM3,CE,NIFTY26SEP24450CE,2026-08-17 12:18:00,360.5,2026-08-18 09:15:00,321.4,stop_loss,-40.1,-2606.5,87.14,-2693.64,0
OOS,S1M_OF,OTM3,PE,NIFTY26SEP24050PE,2026-08-18 09:32:00,200.0,2026-08-20 09:26:00,188.75,next_choch,-12.25,-796.25,70.3,-866.55,0
OOS,S1M_OF,OTM3,CE,NIFTY26SEP24350CE,2026-08-20 09:35:00,324.8,2026-08-20 11:17:00,316.7,next_choch,-9.1,-591.5,85.67,-677.17,0
OOS,S1M_OF,OTM3,PE,NIFTY26SEP24050PE,2026-08-20 11:20:00,174.0,2026-08-20 11:31:00,173.7,stop_loss,-1.3,-84.5,68.17,-152.67,0
OOS,S1M_OF,OTM3,CE,NIFTY26SEP24350CE,2026-08-20 11:32:00,324.8,2026-08-20 12:08:00,324.0,next_choch,-1.8,-117.0,86.34,-203.34,0
OOS,S1M_OF,OTM3,PE,NIFTY26SEP24050PE,2026-08-20 12:09:00,169.75,2026-08-20 12:13:00,170.2,next_choch,-0.55,-35.75,67.72,-103.47,0
OOS,S1M_OF,OTM3,CE,NIFTY26SEP24350CE,2026-08-20 12:14:00,324.0,2026-08-20 12:30:00,325.9,next_choch,0.9,58.5,86.5,-28.0,0
OOS,S1M_OF,OTM3,PE,NIFTY26SEP24050PE,2026-08-20 12:34:00,170.2,2026-08-20 12:39:00,170.2,stop_loss,-1.0,-65.0,67.74,-132.74,0
OOS,S1M_OF,OTM3,CE,NIFTY26SEP24350CE,2026-08-20 12:40:00,332.05,2026-08-20 13:40:00,345.95,next_choch,12.9,838.5,88.57,749.93,0
OOS,S1M_OF,OTM3,PE,NIFTY26SEP24100PE,2026-08-20 13:51:00,174.25,2026-08-20 14:11:00,176.5,next_choch,1.25,81.25,68.43,12.82,0
OOS,S1M_OF,OTM3,PE,NIFTY26SEP24050PE,2026-08-20 14:16:00,163.55,2026-08-20 14:25:00,163.4,next_choch,-1.15,-74.75,66.92,-141.67,0
OOS,S1M_OF,OTM3,CE,NIFTY26SEP24400CE,2026-08-20 14:32:00,317.85,2026-08-20 14:43:00,314.8,next_choch,-4.05,-263.25,85.3,-348.55,0
OOS,S1M_OF,OTM3,PE,NIFTY26SEP24100PE,2026-08-20 15:01:00,178.85,2026-08-21 09:15:00,176.35,stop_loss,-3.5,-227.5,68.55,-296.05,0
OOS,S1M_OF,OTM3,PE,NIFTY26SEP24050PE,2026-08-21 09:20:00,172.6,2026-08-21 09:42:00,177.35,next_choch,3.75,243.75,68.46,175.29,0
OOS,S1M_OF,OTM3,CE,NIFTY26SEP24400CE,2026-08-21 09:51:00,300.9,2026-08-21 10:08:00,296.55,next_choch,-5.35,-347.75,83.13,-430.88,0
OOS,S1M_OF,OTM3,CE,NIFTY26SEP24400CE,2026-08-21 10:16:00,298.8,2026-08-21 10:21:00,298.65,next_choch,-1.15,-74.75,83.26,-158.01,0
OOS,S1M_OF,OTM3,CE,NIFTY26SEP24400CE,2026-08-21 10:24:00,301.75,2026-08-21 11:40:00,303.25,next_choch,0.5,32.5,83.77,-51.27,0
OOS,S1M_OF,OTM3,PE,NIFTY26SEP24100PE,2026-08-21 11:42:00,182.0,2026-08-21 12:33:00,185.05,next_choch,2.05,133.25,69.44,63.81,0
OOS,S1M_OF,OTM3,CE,NIFTY26SEP24400CE,2026-08-21 12:34:00,301.2,2026-08-21 12:40:00,296.25,stop_loss,-5.95,-386.75,83.11,-469.86,0
OOS,S1M_OF,OTM3,PE,NIFTY26SEP24100PE,2026-08-21 12:47:00,188.05,2026-08-21 13:05:00,184.5,stop_loss,-4.55,-295.75,69.57,-365.32,0
OOS,S1M_OF,OTM3,CE,NIFTY26SEP24400CE,2026-08-21 13:07:00,302.0,2026-08-21 13:33:00,297.35,next_choch,-5.65,-367.25,83.23,-450.48,0
OOS,S1M_OF,OTM3,PE,NIFTY26SEP24100PE,2026-08-21 13:34:00,183.75,2026-08-21 13:48:00,186.8,next_choch,2.05,133.25,69.65,63.6,0
OOS,S1M_OF,OTM3,CE,NIFTY26SEP24400CE,2026-08-21 13:55:00,297.6,2026-08-21 14:06:00,294.75,next_choch,-3.85,-250.25,82.87,-333.12,0
OOS,S1M_OF,OTM3,PE,NIFTY26SEP24100PE,2026-08-21 14:09:00,185.55,2026-08-21 14:12:00,185.65,stop_loss,-0.9,-58.5,69.6,-128.1,0
OOS,S1M_OF,OTM3,CE,NIFTY26SEP24400CE,2026-08-21 14:17:00,297.05,2026-08-21 14:41:00,301.25,next_choch,3.2,208.0,83.45,124.55,0
OOS,S1M_OF,OTM3,CE,NIFTY26SEP24400CE,2026-08-21 14:53:00,301.9,2026-08-21 14:56:00,302.15,stop_loss,-0.75,-48.75,83.67,-132.42,0
OOS,S1M_OF,OTM3,PE,NIFTY26SEP24100PE,2026-08-21 15:28:00,183.9,2026-08-21 15:29:00,183.4,stop_loss,-1.5,-97.5,69.34,-166.84,0
OOS,S1M_OF,OTM3,CE,NIFTY26SEP24450CE,2026-08-24 09:15:00,290.5,2026-08-24 09:42:00,278.9,next_choch,-12.6,-819.0,81.21,-900.21,0
OOS,S1M_OF,OTM3,PE,NIFTY26SEP24100PE,2026-08-24 09:58:00,166.45,2026-08-24 10:08:00,168.0,next_choch,0.55,35.75,67.42,-31.67,0
OOS,S1M_OF,OTM3,CE,NIFTY26SEP24450CE,2026-08-24 10:16:00,275.35,2026-08-24 10:45:00,278.05,next_choch,1.7,110.5,80.69,29.81,0
OOS,S1M_OF,OTM3,PE,NIFTY26SEP24150PE,2026-08-24 10:48:00,180.0,2026-08-24 14:50:00,223.85,next_choch,42.85,2785.25,72.95,2712.3,0
OOS,S1M_OF,OTM3,PE,NIFTY26SEP24000PE,2026-08-24 15:05:00,174.45,2026-08-24 15:10:00,172.35,next_choch,-3.1,-201.5,68.06,-269.56,0
OOS,S1M_OF,OTM3,PE,NIFTY26SEP24000PE,2026-08-25 09:15:00,182.0,2026-08-25 09:21:00,163.8,stop_loss,-19.2,-1248.0,67.49,-1315.49,0
OOS,S1M_OF,OTM3,CE,NIFTY26SEP24350CE,2026-08-25 09:33:00,286.0,2026-08-25 09:38:00,281.85,stop_loss,-5.15,-334.75,81.35,-416.1,0
OOS,S1M_OF,OTM3,PE,NIFTY26SEP24000PE,2026-08-25 10:01:00,180.6,2026-08-25 10:06:00,177.8,stop_loss,-3.8,-247.0,68.73,-315.73,0
OOS,S1M_OF,OTM3,PE,NIFTY26SEP24000PE,2026-08-25 10:22:00,182.75,2026-08-25 10:43:00,179.7,next_choch,-4.05,-263.25,68.97,-332.22,0
OOS,S1M_OF,OTM3,CE,NIFTY26SEP24300CE,2026-08-25 10:44:00,290.0,2026-08-25 12:58:00,298.9,next_choch,7.9,513.5,83.03,430.47,0
OOS,S1M_OF,OTM3,PE,NIFTY26SEP24000PE,2026-08-25 13:01:00,171.6,2026-08-25 13:40:00,172.35,next_choch,-0.25,-16.25,67.97,-84.22,0
OOS,S1M_OF,OTM3,CE,NIFTY26SEP24300CE,2026-08-25 13:41:00,292.65,2026-08-25 13:50:00,290.6,stop_loss,-3.05,-198.25,82.34,-280.59,0
OOS,S1M_OF,OTM3,CE,NIFTY26SEP24300CE,2026-08-25 13:53:00,303.95,2026-08-25 14:03:00,295.35,next_choch,-9.6,-624.0,83.11,-707.11,0
OOS,S1M_OF,OTM3,CE,NIFTY26SEP24300CE,2026-08-25 14:20:00,309.0,2026-08-25 15:29:00,390.0,open,80.0,5200.0,91.96,5108.04,1
OOS,S1M_OF,OTM4,PE,NIFTY26SEP23850PE,2026-07-09 09:53:00,383.9,2026-07-09 10:00:00,380.0,next_choch,-4.9,-318.5,93.2,-411.7,0
OOS,S1M_OF,OTM4,CE,NIFTY26SEP24250CE,2026-07-09 10:01:00,604.0,2026-07-09 10:14:00,604.0,next_choch,-1.0,-65.0,120.16,-185.16,0
OOS,S1M_OF,OTM4,PE,NIFTY26SEP23850PE,2026-07-09 10:15:00,378.45,2026-07-09 10:41:00,371.5,stop_loss,-7.95,-516.75,92.26,-609.01,0
OOS,S1M_OF,OTM4,CE,NIFTY26SEP24300CE,2026-07-09 10:42:00,636.05,2026-07-09 11:00:00,586.0,stop_loss,-51.05,-3318.25,119.43,-3437.68,0
OOS,S1M_OF,OTM4,PE,NIFTY26SEP23800PE,2026-07-09 11:01:00,367.95,2026-07-09 11:05:00,367.95,stop_loss,-1.0,-65.0,91.63,-156.63,0
OOS,S1M_OF,OTM4,CE,NIFTY26SEP24250CE,2026-07-09 12:03:00,658.55,2026-07-09 12:07:00,658.55,stop_loss,-1.0,-65.0,126.75,-191.75,0
OOS,S1M_OF,OTM4,PE,NIFTY26SEP23850PE,2026-07-09 12:40:00,364.25,2026-07-09 12:55:00,364.25,next_choch,-1.0,-65.0,91.18,-156.18,0
OOS,S1M_OF,OTM4,PE,NIFTY26SEP23850PE,2026-07-09 13:29:00,368.05,2026-07-09 13:35:00,368.05,stop_loss,-1.0,-65.0,91.64,-156.64,0
OOS,S1M_OF,OTM4,CE,NIFTY26SEP24300CE,2026-07-09 13:38:00,592.0,2026-07-09 13:52:00,592.0,stop_loss,-1.0,-65.0,118.71,-183.71,0
OOS,S1M_OF,OTM4,PE,NIFTY26SEP23850PE,2026-07-09 13:56:00,361.3,2026-07-10 09:15:00,324.0,stop_loss,-38.3,-2489.5,87.4,-2576.9,0
OOS,S1M_OF,OTM4,CE,NIFTY26SEP24400CE,2026-07-10 12:01:00,562.0,2026-07-10 12:12:00,564.8,stop_loss,1.8,117.0,115.34,1.66,0
OOS,S1M_OF,OTM4,CE,NIFTY26SEP24400CE,2026-07-10 12:26:00,564.8,2026-07-10 13:10:00,572.35,next_choch,6.55,425.75,116.11,309.64,0
OOS,S1M_OF,OTM4,PE,NIFTY26SEP24000PE,2026-07-10 13:16:00,356.65,2026-07-10 13:34:00,355.4,next_choch,-2.25,-146.25,90.15,-236.4,0
OOS,S1M_OF,OTM4,CE,NIFTY26SEP24400CE,2026-07-10 13:40:00,560.0,2026-07-10 14:09:00,562.2,stop_loss,1.2,78.0,115.04,-37.04,0
OOS,S1M_OF,OTM4,CE,NIFTY26SEP24400CE,2026-07-10 14:24:00,562.2,2026-07-10 14:52:00,580.0,next_choch,16.8,1092.0,116.74,975.26,0
OOS,S1M_OF,OTM4,PE,NIFTY26SEP24000PE,2026-07-10 14:58:00,356.0,2026-07-10 15:00:00,345.8,next_choch,-11.2,-728.0,89.25,-817.25,0
OOS,S1M_OF,OTM4,CE,NIFTY26SEP24400CE,2026-07-10 15:26:00,582.5,2026-07-13 09:15:00,493.55,stop_loss,-89.95,-5846.75,109.38,-5956.13,0
OOS,S1M_OF,OTM4,CE,NIFTY26SEP24300CE,2026-07-13 09:49:00,560.0,2026-07-14 09:15:00,555.6,stop_loss,-5.4,-351.0,114.43,-465.43,0
OOS,S1M_OF,OTM4,PE,NIFTY26SEP23900PE,2026-07-14 09:35:00,363.55,2026-07-14 10:32:00,386.5,next_choch,21.95,1426.75,93.21,1333.54,0
OOS,S1M_OF,OTM4,CE,NIFTY26SEP24300CE,2026-07-14 10:33:00,582.0,2026-07-14 10:37:00,582.0,stop_loss,-1.0,-65.0,117.5,-182.5,0
OOS,S1M_OF,OTM4,PE,NIFTY26SEP23900PE,2026-07-14 10:38:00,377.0,2026-07-14 10:49:00,375.0,stop_loss,-3.0,-195.0,92.54,-287.54,0
OOS,S1M_OF,OTM4,CE,NIFTY26SEP24300CE,2026-07-14 10:52:00,586.0,2026-07-14 11:37:00,590.0,next_choch,3.0,195.0,118.35,76.65,0
OOS,S1M_OF,OTM4,PE,NIFTY26SEP23900PE,2026-07-14 11:38:00,365.0,2026-07-15 09:16:00,365.15,next_choch,-0.85,-55.25,91.29,-146.54,0
OOS,S1M_OF,OTM4,PE,NIFTY26SEP23950PE,2026-07-15 12:36:00,344.6,2026-07-15 13:59:00,412.6,next_choch,67.0,4355.0,95.06,4259.94,0
OOS,S1M_OF,OTM4,CE,NIFTY26SEP24300CE,2026-07-15 14:00:00,553.35,2026-07-15 14:06:00,553.35,next_choch,-1.0,-65.0,114.03,-179.03,0
OOS,S1M_OF,OTM4,CE,NIFTY26SEP24300CE,2026-07-15 14:15:00,567.8,2026-07-15 14:51:00,563.95,next_choch,-4.85,-315.25,115.43,-430.68,0
OOS,S1M_OF,OTM4,PE,NIFTY26SEP23850PE,2026-07-15 15:02:00,357.3,2026-07-15 15:25:00,357.2,stop_loss,-1.1,-71.5,90.34,-161.84,0
OOS,S1M_OF,OTM4,PE,NIFTY26SEP23900PE,2026-07-16 09:34:00,339.05,2026-07-16 09:56:00,341.0,next_choch,0.95,61.75,88.32,-26.57,0
OOS,S1M_OF,OTM4,PE,NIFTY26SEP23900PE,2026-07-16 10:27:00,344.65,2026-07-16 10:41:00,342.1,next_choch,-3.55,-230.75,88.58,-319.33,0
OOS,S1M_OF,OTM4,PE,NIFTY26SEP23950PE,2026-07-16 12:17:00,366.95,2026-07-16 14:17:00,355.25,next_choch,-12.7,-825.5,90.43,-915.93,0
OOS,S1M_OF,OTM4,PE,NIFTY26SEP23900PE,2026-07-16 14:25:00,354.0,2026-07-16 14:45:00,354.0,stop_loss,-1.0,-65.0,89.95,-154.95,0
OOS,S1M_OF,OTM4,CE,NIFTY26SEP24300CE,2026-07-16 14:47:00,565.6,2026-07-16 15:05:00,556.2,stop_loss,-10.4,-676.0,114.65,-790.65,0
OOS,S1M_OF,OTM4,CE,NIFTY26SEP24400CE,2026-07-17 09:17:00,532.05,2026-07-17 13:47:00,550.1,next_choch,17.05,1108.25,113.12,995.13,0
OOS,S1M_OF,OTM4,PE,NIFTY26SEP24000PE,2026-07-17 13:51:00,360.35,2026-07-17 13:59:00,348.05,stop_loss,-13.3,-864.5,89.58,-954.08,0
OOS,S1M_OF,OTM4,CE,NIFTY26SEP24450CE,2026-07-17 14:00:00,551.6,2026-07-17 14:51:00,574.6,next_choch,22.0,1430.0,115.94,1314.06,0
OOS,S1M_OF,OTM4,PE,NIFTY26SEP24000PE,2026-07-20 09:16:00,352.6,2026-07-20 10:29:00,353.0,next_choch,-0.6,-39.0,89.81,-128.81,0
OOS,S1M_OF,OTM4,PE,NIFTY26SEP24000PE,2026-07-20 11:16:00,355.0,2026-07-20 12:11:00,364.05,next_choch,8.05,523.25,90.9,432.35,0
OOS,S1M_OF,OTM4,CE,NIFTY26SEP24400CE,2026-07-20 12:16:00,543.95,2026-07-20 12:29:00,543.95,stop_loss,-1.0,-65.0,112.9,-177.9,0
OOS,S1M_OF,OTM4,PE,NIFTY26SEP23950PE,2026-07-20 12:38:00,335.35,2026-07-20 12:54:00,335.35,next_choch,-1.0,-65.0,87.69,-152.69,0
OOS,S1M_OF,OTM4,PE,NIFTY26SEP24050PE,2026-07-21 09:32:00,341.1,2026-07-21 13:42:00,341.1,next_choch,-1.0,-65.0,88.39,-153.39,0
OOS,S1M_OF,OTM4,CE,NIFTY26SEP24350CE,2026-07-21 14:50:00,554.05,2026-07-21 15:15:00,554.05,next_choch,-1.0,-65.0,114.12,-179.12,0
OOS,S1M_OF,OTM4,PE,NIFTY26SEP23850PE,2026-07-22 09:27:00,332.6,2026-07-22 11:33:00,345.5,next_choch,11.9,773.5,88.55,684.95,0
OOS,S1M_OF,OTM4,CE,NIFTY26SEP24250CE,2026-07-22 11:34:00,530.3,2026-07-22 11:39:00,530.3,stop_loss,-1.0,-65.0,111.25,-176.25,0
OOS,S1M_OF,OTM4,PE,NIFTY26SEP23800PE,2026-07-22 12:02:00,341.0,2026-07-22 12:48:00,340.45,next_choch,-1.55,-100.75,88.32,-189.07,0
OOS,S1M_OF,OTM4,CE,NIFTY26SEP24200CE,2026-07-22 12:51:00,538.05,2026-07-22 13:10:00,528.65,next_choch,-10.4,-676.0,111.32,-787.32,0
OOS,S1M_OF,OTM4,PE,NIFTY26SEP23800PE,2026-07-22 13:12:00,346.25,2026-07-22 13:32:00,353.3,stop_loss,6.05,393.25,89.66,303.59,0
OOS,S1M_OF,OTM4,CE,NIFTY26SEP24200CE,2026-07-22 13:35:00,548.15,2026-07-22 13:46:00,533.0,next_choch,-16.15,-1049.75,112.01,-1161.76,0
OOS,S1M_OF,OTM4,PE,NIFTY26SEP23800PE,2026-07-22 13:54:00,350.0,2026-07-22 14:53:00,352.0,next_choch,1.0,65.0,89.65,-24.65,0
OOS,S1M_OF,OTM4,PE,NIFTY26SEP23800PE,2026-07-22 15:04:00,355.05,2026-07-22 15:05:00,355.05,stop_loss,-1.0,-65.0,90.07,-155.07,0
OOS,S1M_OF,OTM4,CE,NIFTY26SEP24200CE,2026-07-22 15:07:00,530.1,2026-07-23 09:15:00,490.8,stop_loss,-40.3,-2619.5,107.61,-2727.11,0
OOS,S1M_OF,OTM4,PE,NIFTY26SEP23750PE,2026-07-23 11:21:00,336.85,2026-07-23 15:15:00,396.7,next_choch,58.85,3825.25,93.38,3731.87,0
OOS,S1M_OF,OTM4,CE,NIFTY26SEP24050CE,2026-07-23 15:19:00,541.9,2026-07-23 15:20:00,541.9,stop_loss,-1.0,-65.0,112.65,-177.65,0
OOS,S1M_OF,OTM4,PE,NIFTY26SEP23500PE,2026-07-24 09:37:00,368.05,2026-07-24 11:50:00,355.4,next_choch,-13.65,-887.25,90.48,-977.73,0
OOS,S1M_OF,OTM4,CE,NIFTY26SEP23900CE,2026-07-24 12:04:00,545.95,2026-07-24 13:41:00,572.2,next_choch,25.25,1641.25,115.55,1525.7,0
OOS,S1M_OF,OTM4,PE,NIFTY26SEP23550PE,2026-07-24 13:42:00,342.2,2026-07-24 13:50:00,356.2,stop_loss,13.0,845.0,89.81,755.19,0
OOS,S1M_OF,OTM4,CE,NIFTY26SEP24000CE,2026-07-24 13:54:00,531.85,2026-07-24 14:13:00,536.55,next_choch,3.7,240.5,111.87,128.63,0
OOS,S1M_OF,OTM4,CE,NIFTY26SEP24000CE,2026-07-24 14:16:00,541.1,2026-07-24 14:19:00,535.0,stop_loss,-7.1,-461.5,111.99,-573.49,0
OOS,S1M_OF,OTM4,PE,NIFTY26SEP23600PE,2026-07-24 14:21:00,360.95,2026-07-24 14:53:00,357.0,next_choch,-4.95,-321.75,90.42,-412.17,0
OOS,S1M_OF,OTM4,CE,NIFTY26SEP24000CE,2026-07-24 14:55:00,533.95,2026-07-24 14:58:00,532.05,stop_loss,-2.9,-188.5,111.52,-300.02,0
OOS,S1M_OF,OTM4,PE,NIFTY26SEP23550PE,2026-07-24 15:00:00,345.35,2026-07-24 15:14:00,345.35,stop_loss,-1.0,-65.0,88.9,-153.9,0
OOS,S1M_OF,OTM4,CE,NIFTY26SEP24000CE,2026-07-24 15:15:00,546.25,2026-08-12 10:46:00,757.9,next_choch,210.65,13692.25,132.64,13559.61,0
OOS,S1M_OF,OTM4,PE,NIFTY26SEP24150PE,2026-08-12 10:47:00,210.0,2026-08-12 12:42:00,232.0,next_choch,21.0,1365.0,74.57,1290.43,0
OOS,S1M_OF,OTM4,PE,NIFTY26SEP24100PE,2026-08-12 12:44:00,213.6,2026-08-12 13:19:00,213.0,stop_loss,-1.6,-104.0,72.92,-176.92,0
OOS,S1M_OF,OTM4,PE,NIFTY26SEP24100PE,2026-08-12 13:39:00,214.15,2026-08-12 14:21:00,216.5,next_choch,1.35,87.75,73.26,14.49,0
OOS,S1M_OF,OTM4,CE,NIFTY26SEP24500CE,2026-08-12 14:22:00,397.7,2026-08-13 09:26:00,410.25,next_choch,11.55,750.75,96.38,654.37,0
OOS,S1M_OF,OTM4,PE,NIFTY26SEP24150PE,2026-08-13 09:27:00,217.65,2026-08-13 09:39:00,219.4,next_choch,0.75,48.75,73.63,-24.88,0
OOS,S1M_OF,OTM4,CE,NIFTY26SEP24550CE,2026-08-13 09:40:00,382.5,2026-08-13 10:11:00,377.95,next_choch,-5.55,-360.75,92.97,-453.72,0
OOS,S1M_OF,OTM4,PE,NIFTY26SEP24150PE,2026-08-13 10:12:00,213.45,2026-08-13 10:49:00,216.0,next_choch,1.55,100.75,73.2,27.55,0
OOS,S1M_OF,OTM4,CE,NIFTY26SEP24550CE,2026-08-13 10:50:00,372.8,2026-08-13 11:06:00,372.8,stop_loss,-1.0,-65.0,92.22,-157.22,0
OOS,S1M_OF,OTM4,PE,NIFTY26SEP24100PE,2026-08-13 11:07:00,204.5,2026-08-13 11:36:00,191.4,stop_loss,-14.1,-916.5,70.68,-987.18,0
OOS,S1M_OF,OTM4,CE,NIFTY26SEP24550CE,2026-08-13 11:39:00,386.0,2026-08-13 11:42:00,386.0,next_choch,-1.0,-65.0,93.81,-158.81,0
OOS,S1M_OF,OTM4,CE,NIFTY26SEP24550CE,2026-08-13 11:49:00,382.0,2026-08-13 12:11:00,416.75,next_choch,33.75,2193.75,96.52,2097.23,0
OOS,S1M_OF,OTM4,PE,NIFTY26SEP24200PE,2026-08-13 12:14:00,207.3,2026-08-13 13:43:00,205.05,next_choch,-3.25,-211.25,72.01,-283.26,0
OOS,S1M_OF,OTM4,CE,NIFTY26SEP24600CE,2026-08-13 13:55:00,381.2,2026-08-13 14:04:00,377.75,stop_loss,-4.45,-289.25,92.92,-382.17,0
OOS,S1M_OF,OTM4,CE,NIFTY26SEP24550CE,2026-08-13 14:24:00,396.2,2026-08-13 14:47:00,399.0,next_choch,1.8,117.0,95.3,21.7,0
OOS,S1M_OF,OTM4,PE,NIFTY26SEP24150PE,2026-08-13 14:49:00,193.95,2026-08-13 15:14:00,193.9,next_choch,-1.05,-68.25,70.6,-138.85,0
OOS,S1M_OF,OTM4,PE,NIFTY26SEP24150PE,2026-08-13 15:22:00,193.9,2026-08-13 15:29:00,193.9,stop_loss,-1.0,-65.0,70.6,-135.6,0
OOS,S1M_OF,OTM4,PE,NIFTY26SEP24100PE,2026-08-14 09:29:00,202.35,2026-08-14 09:33:00,196.0,stop_loss,-7.35,-477.75,71.04,-548.79,0
OOS,S1M_OF,OTM4,CE,NIFTY26SEP24550CE,2026-08-14 09:38:00,366.0,2026-08-14 09:53:00,363.0,next_choch,-4.0,-260.0,91.12,-351.12,0
OOS,S1M_OF,OTM4,PE,NIFTY26SEP24100PE,2026-08-14 09:54:00,199.6,2026-08-14 09:59:00,195.0,next_choch,-5.6,-364.0,70.87,-434.87,0
OOS,S1M_OF,OTM4,CE,NIFTY26SEP24550CE,2026-08-14 10:10:00,366.2,2026-08-14 10:13:00,364.1,stop_loss,-3.1,-201.5,91.23,-292.73,0
OOS,S1M_OF,OTM4,PE,NIFTY26SEP24100PE,2026-08-14 10:30:00,193.75,2026-08-14 10:38:00,199.9,next_choch,5.15,334.75,71.15,263.6,0
OOS,S1M_OF,OTM4,CE,NIFTY26SEP24500CE,2026-08-14 10:39:00,375.85,2026-08-14 10:46:00,378.0,next_choch,1.15,74.75,92.78,-18.03,0
OOS,S1M_OF,OTM4,CE,NIFTY26SEP24550CE,2026-08-14 10:48:00,352.65,2026-08-14 10:58:00,354.0,stop_loss,0.35,22.75,89.91,-67.16,0
OOS,S1M_OF,OTM4,PE,NIFTY26SEP24100PE,2026-08-14 10:59:00,197.0,2026-08-14 11:12:00,198.75,next_choch,0.75,48.75,71.13,-22.38,0
OOS,S1M_OF,OTM4,CE,NIFTY26SEP24550CE,2026-08-14 11:19:00,347.9,2026-08-14 11:24:00,349.95,next_choch,1.05,68.25,89.4,-21.15,0
OOS,S1M_OF,OTM4,PE,NIFTY26SEP24100PE,2026-08-14 11:28:00,197.25,2026-08-14 11:46:00,194.75,next_choch,-3.5,-227.5,70.77,-298.27,0
OOS,S1M_OF,OTM4,CE,NIFTY26SEP24550CE,2026-08-14 11:48:00,344.25,2026-08-14 12:42:00,354.3,next_choch,9.05,588.25,89.69,498.56,0
OOS,S1M_OF,OTM4,CE,NIFTY26SEP24550CE,2026-08-14 13:13:00,354.25,2026-08-14 13:27:00,353.5,next_choch,-1.75,-113.75,89.91,-203.66,0
OOS,S1M_OF,OTM4,PE,NIFTY26SEP24150PE,2026-08-14 13:32:00,201.95,2026-08-14 13:41:00,200.25,stop_loss,-2.7,-175.5,71.42,-246.92,0
OOS,S1M_OF,OTM4,CE,NIFTY26SEP24550CE,2026-08-14 13:43:00,358.85,2026-08-14 14:11:00,387.05,next_choch,27.2,1768.0,93.12,1674.88,0
OOS,S1M_OF,OTM4,PE,NIFTY26SEP24200PE,2026-08-14 14:18:00,203.55,2026-08-14 14:52:00,199.5,stop_loss,-5.05,-328.25,71.39,-399.64,0
OOS,S1M_OF,OTM4,CE,NIFTY26SEP24600CE,2026-08-14 14:54:00,355.75,2026-08-14 15:04:00,350.95,next_choch,-5.8,-377.0,89.72,-466.72,0
OOS,S1M_OF,OTM4,PE,NIFTY26SEP24150PE,2026-08-14 15:05:00,185.05,2026-08-17 12:01:00,218.25,next_choch,32.2,2093.0,72.58,2020.42,0
OOS,S1M_OF,OTM4,CE,NIFTY26SEP24450CE,2026-08-17 12:02:00,356.1,2026-08-17 12:04:00,359.25,stop_loss,2.15,139.75,90.49,49.26,0
OOS,S1M_OF,OTM4,PE,NIFTY26SEP24050PE,2026-08-17 12:05:00,189.7,2026-08-17 12:17:00,189.7,stop_loss,-1.0,-65.0,70.09,-135.09,0
OOS,S1M_OF,OTM4,CE,NIFTY26SEP24500CE,2026-08-17 12:18:00,334.85,2026-08-18 09:15:00,297.6,stop_loss,-38.25,-2486.25,84.21,-2570.46,0
OOS,S1M_OF,OTM4,PE,NIFTY26SEP24000PE,2026-08-18 09:32:00,186.35,2026-08-20 09:26:00,173.0,next_choch,-14.35,-932.75,68.46,-1001.21,0
OOS,S1M_OF,OTM4,CE,NIFTY26SEP24400CE,2026-08-20 09:35:00,298.65,2026-08-20 11:17:00,290.5,next_choch,-9.15,-594.75,82.51,-677.26,0
OOS,S1M_OF,OTM4,PE,NIFTY26SEP24000PE,2026-08-20 11:20:00,163.2,2026-08-20 11:31:00,158.25,stop_loss,-5.95,-386.75,66.43,-453.18,0
OOS,S1M_OF,OTM4,CE,NIFTY26SEP24400CE,2026-08-20 11:32:00,297.35,2026-08-20 12:08:00,295.55,next_choch,-2.8,-182.0,82.93,-264.93,0
OOS,S1M_OF,OTM4,PE,NIFTY26SEP24000PE,2026-08-20 12:09:00,157.2,2026-08-20 12:13:00,155.25,next_choch,-2.95,-191.75,65.99,-257.74,0
OOS,S1M_OF,OTM4,CE,NIFTY26SEP24400CE,2026-08-20 12:14:00,298.85,2026-08-20 12:30:00,295.4,next_choch,-4.45,-289.25,82.96,-372.21,0
OOS,S1M_OF,OTM4,PE,NIFTY26SEP24000PE,2026-08-20 12:34:00,157.7,2026-08-20 12:39:00,154.15,stop_loss,-4.55,-295.75,65.9,-361.65,0
OOS,S1M_OF,OTM4,CE,NIFTY26SEP24400CE,2026-08-20 12:40:00,302.2,2026-08-20 13:40:00,316.95,next_choch,13.75,893.75,85.04,808.71,0
OOS,S1M_OF,OTM4,PE,NIFTY26SEP24050PE,2026-08-20 13:51:00,159.5,2026-08-20 14:11:00,163.1,next_choch,2.6,169.0,66.77,102.23,0
OOS,S1M_OF,OTM4,PE,NIFTY26SEP24000PE,2026-08-20 14:16:00,153.0,2026-08-20 14:25:00,151.5,next_choch,-2.5,-162.5,65.52,-228.02,0
OOS,S1M_OF,OTM4,CE,NIFTY26SEP24450CE,2026-08-20 14:32:00,291.5,2026-08-20 14:43:00,287.45,next_choch,-5.05,-328.25,82.02,-410.27,0
OOS,S1M_OF,OTM4,PE,NIFTY26SEP24050PE,2026-08-20 15:01:00,161.65,2026-08-21 09:15:00,162.6,stop_loss,-0.05,-3.25,66.79,-70.04,0
OOS,S1M_OF,OTM4,PE,NIFTY26SEP24000PE,2026-08-21 09:20:00,163.8,2026-08-21 09:42:00,161.6,next_choch,-3.2,-208.0,66.76,-274.76,0
OOS,S1M_OF,OTM4,CE,NIFTY26SEP24450CE,2026-08-21 09:51:00,275.8,2026-08-21 10:08:00,272.95,next_choch,-3.85,-250.25,80.23,-330.48,0
OOS,S1M_OF,OTM4,CE,NIFTY26SEP24450CE,2026-08-21 10:16:00,273.5,2026-08-21 10:21:00,273.1,next_choch,-1.4,-91.0,80.18,-171.18,0
OOS,S1M_OF,OTM4,CE,NIFTY26SEP24450CE,2026-08-21 10:24:00,277.0,2026-08-21 11:40:00,278.7,next_choch,0.7,45.5,80.8,-35.3,0
OOS,S1M_OF,OTM4,PE,NIFTY26SEP24050PE,2026-08-21 11:42:00,167.6,2026-08-21 12:33:00,169.65,next_choch,1.05,68.25,67.61,0.64,0
OOS,S1M_OF,OTM4,CE,NIFTY26SEP24450CE,2026-08-21 12:34:00,273.7,2026-08-21 12:40:00,273.7,stop_loss,-1.0,-65.0,80.24,-145.24,0
OOS,S1M_OF,OTM4,PE,NIFTY26SEP24050PE,2026-08-21 12:47:00,172.05,2026-08-21 13:05:00,168.35,stop_loss,-4.7,-305.5,67.62,-373.12,0
OOS,S1M_OF,OTM4,CE,NIFTY26SEP24450CE,2026-08-21 13:07:00,275.4,2026-08-21 13:33:00,270.9,next_choch,-5.5,-357.5,80.03,-437.53,0
OOS,S1M_OF,OTM4,PE,NIFTY26SEP24050PE,2026-08-21 13:34:00,169.2,2026-08-21 13:48:00,169.2,next_choch,-1.0,-65.0,67.61,-132.61,0
OOS,S1M_OF,OTM4,CE,NIFTY26SEP24450CE,2026-08-21 13:55:00,270.35,2026-08-21 14:06:00,271.0,next_choch,-0.35,-22.75,79.9,-102.65,0
OOS,S1M_OF,OTM4,PE,NIFTY26SEP24050PE,2026-08-21 14:09:00,169.55,2026-08-21 14:12:00,170.05,stop_loss,-0.5,-32.5,67.7,-100.2,0
OOS,S1M_OF,OTM4,CE,NIFTY26SEP24450CE,2026-08-21 14:17:00,271.0,2026-08-21 14:41:00,278.0,next_choch,6.0,390.0,80.56,309.44,0
OOS,S1M_OF,OTM4,CE,NIFTY26SEP24450CE,2026-08-21 14:53:00,275.9,2026-08-21 14:56:00,275.9,stop_loss,-1.0,-65.0,80.51,-145.51,0
OOS,S1M_OF,OTM4,PE,NIFTY26SEP24050PE,2026-08-21 15:28:00,168.7,2026-08-21 15:29:00,168.6,stop_loss,-1.1,-71.5,67.54,-139.04,0
OOS,S1M_OF,OTM4,CE,NIFTY26SEP24500CE,2026-08-24 09:15:00,262.5,2026-08-24 09:42:00,252.95,next_choch,-10.55,-685.75,78.01,-763.76,0
OOS,S1M_OF,OTM4,PE,NIFTY26SEP24050PE,2026-08-24 09:58:00,151.2,2026-08-24 10:08:00,153.4,next_choch,1.2,78.0,65.64,12.36,0
OOS,S1M_OF,OTM4,CE,NIFTY26SEP24500CE,2026-08-24 10:16:00,251.85,2026-08-24 10:45:00,251.7,next_choch,-1.15,-74.75,77.59,-152.34,0
OOS,S1M_OF,OTM4,PE,NIFTY26SEP24100PE,2026-08-24 10:48:00,165.05,2026-08-24 14:50:00,206.15,next_choch,40.1,2606.5,70.89,2535.61,0
OOS,S1M_OF,OTM4,PE,NIFTY26SEP23950PE,2026-08-24 15:05:00,157.45,2026-08-24 15:10:00,157.65,next_choch,-0.8,-52.0,66.21,-118.21,0
OOS,S1M_OF,OTM4,PE,NIFTY26SEP23950PE,2026-08-25 09:15:00,166.95,2026-08-25 09:21:00,149.1,stop_loss,-18.85,-1225.25,65.7,-1290.95,0
OOS,S1M_OF,OTM4,CE,NIFTY26SEP24400CE,2026-08-25 09:33:00,261.3,2026-08-25 09:38:00,254.95,stop_loss,-7.35,-477.75,78.16,-555.91,0
OOS,S1M_OF,OTM4,PE,NIFTY26SEP23950PE,2026-08-25 10:01:00,162.0,2026-08-25 10:06:00,161.0,stop_loss,-2.0,-130.0,66.65,-196.65,0
OOS,S1M_OF,OTM4,PE,NIFTY26SEP23950PE,2026-08-25 10:22:00,164.2,2026-08-25 10:43:00,166.4,next_choch,1.2,78.0,67.21,10.79,0
OOS,S1M_OF,OTM4,CE,NIFTY26SEP24350CE,2026-08-25 10:44:00,264.35,2026-08-25 12:58:00,271.3,next_choch,5.95,386.75,79.75,307.0,0
OOS,S1M_OF,OTM4,PE,NIFTY26SEP23950PE,2026-08-25 13:01:00,154.65,2026-08-25 13:40:00,158.0,next_choch,2.35,152.75,66.16,86.59,0
OOS,S1M_OF,OTM4,CE,NIFTY26SEP24350CE,2026-08-25 13:41:00,266.4,2026-08-25 13:50:00,264.6,stop_loss,-2.8,-182.0,79.19,-261.19,0
OOS,S1M_OF,OTM4,CE,NIFTY26SEP24350CE,2026-08-25 13:53:00,276.95,2026-08-25 14:03:00,268.0,next_choch,-9.95,-646.75,79.81,-726.56,0
OOS,S1M_OF,OTM4,CE,NIFTY26SEP24350CE,2026-08-25 14:20:00,279.8,2026-08-25 15:29:00,355.05,open,74.25,4826.25,87.9,4738.35,1
IS,S1M_ON,ATR2,CE,NIFTY26SEP24350CE,2026-08-26 10:39:00,364.05,2026-08-26 10:41:00,358.25,stop_loss,-6.8,-442.0,90.63,-532.63,0
IS,S1M_ON,ATR2,PE,NIFTY26SEP24300PE,2026-08-26 12:10:00,215.1,2026-08-26 12:18:00,204.8,stop_loss,-11.3,-734.5,72.21,-806.71,0
IS,S1M_ON,ATR2,PE,NIFTY26SEP24300PE,2026-08-26 12:30:00,212.4,2026-08-26 12:35:00,207.4,stop_loss,-6.0,-390.0,72.38,-462.38,0
IS,S1M_ON,ATR2,PE,NIFTY26SEP24300PE,2026-08-26 13:02:00,215.75,2026-08-26 13:06:00,207.2,stop_loss,-9.55,-620.75,72.45,-693.2,0
IS,S1M_ON,ATR2,PE,NIFTY26SEP24300PE,2026-08-26 13:16:00,217.25,2026-08-26 13:29:00,214.75,next_choch,-3.5,-227.5,73.19,-300.69,0
IS,S1M_ON,ATR2,PE,NIFTY26SEP24300PE,2026-08-26 13:44:00,218.85,2026-08-26 14:00:00,217.35,next_choch,-2.5,-162.5,73.48,-235.98,0
IS,S1M_ON,ATR2,CE,NIFTY26SEP24350CE,2026-08-26 14:17:00,337.15,2026-08-26 14:23:00,333.0,next_choch,-5.15,-334.75,87.53,-422.28,0
IS,S1M_ON,ATR2,CE,NIFTY26SEP24350CE,2026-08-26 14:46:00,339.35,2026-08-26 15:00:00,334.75,stop_loss,-5.6,-364.0,87.75,-451.75,0
IS,S1M_ON,ATR2,PE,NIFTY26SEP24300PE,2026-08-26 15:23:00,204.0,2026-08-27 12:49:00,246.5,next_choch,41.5,2697.5,75.73,2621.77,0
IS,S1M_ON,ATR2,CE,NIFTY26SEP24300CE,2026-08-27 12:49:00,303.9,2026-08-27 13:31:00,299.6,next_choch,-5.3,-344.5,83.5,-428.0,0
IS,S1M_ON,ATR2,CE,NIFTY26SEP24300CE,2026-08-27 14:28:00,291.5,2026-08-27 14:43:00,288.0,next_choch,-4.5,-292.5,82.07,-374.57,0
IS,S1M_ON,ATR2,CE,NIFTY26SEP24300CE,2026-08-27 15:00:00,296.25,2026-08-27 15:04:00,290.75,stop_loss,-6.5,-422.5,82.46,-504.96,0
IS,S1M_ON,ATR2,CE,NIFTY26SEP24150CE,2026-08-28 10:13:00,392.65,2026-08-28 11:09:00,384.0,stop_loss,-9.65,-627.25,93.82,-721.07,0
IS,S1M_ON,ATR2,PE,NIFTY26SEP24100PE,2026-08-28 11:56:00,210.75,2026-08-28 13:22:00,198.0,next_choch,-13.75,-893.75,71.46,-965.21,0
IS,S1M_ON,ATR2,CE,NIFTY26SEP24150CE,2026-08-28 14:50:00,369.6,2026-08-28 15:03:00,351.0,stop_loss,-19.6,-1274.0,90.12,-1364.12,0
IS,S1M_ON,ATR2,CE,NIFTY26SEP24150CE,2026-08-28 15:20:00,385.75,2026-08-31 09:15:00,296.55,stop_loss,-90.2,-5863.0,85.58,-5948.58,0
IS,S1M_ON,ATR2,PE,NIFTY26SEP24000PE,2026-08-31 09:26:00,194.0,2026-08-31 11:41:00,190.0,next_choch,-5.0,-325.0,70.24,-395.24,0
IS,S1M_ON,ATR2,CE,NIFTY26SEP24050CE,2026-08-31 11:34:00,357.0,2026-08-31 14:03:00,383.25,next_choch,25.25,1641.25,92.72,1548.53,0
IS,S1M_ON,ATR2,PE,NIFTY26SEP24000PE,2026-08-31 14:04:00,176.95,2026-08-31 14:35:00,175.6,next_choch,-2.35,-152.75,68.43,-221.18,0
IS,S1M_ON,ATR2,CE,NIFTY26SEP24050CE,2026-08-31 14:42:00,390.8,2026-08-31 15:05:00,388.65,next_choch,-3.15,-204.75,94.19,-298.94,0
IS,S1M_ON,ATR2,PE,NIFTY26SEP24000PE,2026-09-01 09:47:00,195.2,2026-09-01 10:22:00,183.1,next_choch,-13.1,-851.5,69.64,-921.14,0
IS,S1M_ON,ATR2,CE,NIFTY26SEP24050CE,2026-09-01 10:30:00,340.3,2026-09-01 10:41:00,335.85,next_choch,-5.45,-354.25,87.88,-442.13,0
IS,S1M_ON,ATR2,CE,NIFTY26SEP24050CE,2026-09-01 10:49:00,342.25,2026-09-01 11:05:00,347.35,next_choch,4.1,266.5,88.99,177.51,0
IS,S1M_ON,ATR2,CE,NIFTY26SEP24050CE,2026-09-01 11:11:00,364.5,2026-09-01 12:51:00,372.8,next_choch,7.3,474.5,91.98,382.52,0
IS,S1M_ON,ATR2,PE,NIFTY26SEP24000PE,2026-09-01 12:17:00,153.85,2026-09-03 09:15:00,196.8,next_choch,41.95,2726.75,69.71,2657.04,0
IS,S1M_ON,ATR2,PE,NIFTY26SEP23750PE,2026-09-02 09:22:00,194.4,2026-09-02 09:34:00,186.55,stop_loss,-8.85,-575.25,69.94,-645.19,0
IS,S1M_ON,ATR2,PE,NIFTY26SEP23750PE,2026-09-02 10:44:00,177.75,2026-09-02 10:57:00,174.5,stop_loss,-4.25,-276.25,68.35,-344.6,0
IS,S1M_ON,ATR2,CE,NIFTY26SEP23900CE,2026-09-02 13:02:00,338.45,2026-09-02 13:07:00,328.15,stop_loss,-11.3,-734.5,87.12,-821.62,0
IS,S1M_ON,ATR2,CE,NIFTY26SEP23900CE,2026-09-02 13:25:00,340.0,2026-09-02 13:31:00,332.55,stop_loss,-8.45,-549.25,87.57,-636.82,0
IS,S1M_ON,ATR2,PE,NIFTY26SEP23750PE,2026-09-02 13:44:00,173.0,2026-09-02 13:47:00,170.95,stop_loss,-3.05,-198.25,67.89,-266.14,0
IS,S1M_ON,ATR2,CE,NIFTY26SEP23900CE,2026-09-02 13:59:00,336.95,2026-09-02 14:24:00,334.7,stop_loss,-3.25,-211.25,87.68,-298.93,0
IS,S1M_ON,ATR2,CE,NIFTY26SEP23900CE,2026-09-02 14:30:00,347.4,2026-09-02 14:53:00,336.65,next_choch,-11.75,-763.75,88.16,-851.91,0
IS,S1M_ON,ATR2,PE,NIFTY26SEP23750PE,2026-09-02 15:01:00,174.6,2026-09-02 15:11:00,167.7,stop_loss,-7.9,-513.5,67.63,-581.13,0
IS,S1M_ON,ATR2,PE,NIFTY26SEP23950PE,2026-09-03 10:41:00,194.0,2026-09-03 11:49:00,195.25,next_choch,0.25,16.25,70.73,-54.48,0
IS,S1M_ON,ATR2,PE,NIFTY26SEP23950PE,2026-09-03 12:01:00,204.75,2026-09-03 13:11:00,210.3,next_choch,4.55,295.75,72.42,223.33,0
IS,S1M_ON,ATR2,CE,NIFTY26SEP24000CE,2026-09-03 13:12:00,280.35,2026-09-03 13:16:00,275.65,stop_loss,-5.7,-370.5,80.61,-451.11,0
IS,S1M_ON,ATR2,CE,NIFTY26SEP24000CE,2026-09-03 14:00:00,275.8,2026-09-03 14:15:00,269.35,next_choch,-7.45,-484.25,79.9,-564.15,0
IS,S1M_ON,ATR2,CE,NIFTY26SEP24000CE,2026-09-03 14:20:00,276.05,2026-09-03 14:37:00,271.1,next_choch,-5.95,-386.75,80.07,-466.82,0
IS,S1M_ON,ATR2,PE,NIFTY26SEP23950PE,2026-09-03 14:39:00,216.75,2026-09-03 14:50:00,216.1,next_choch,-1.65,-107.25,73.3,-180.55,0
IS,S1M_ON,ATR2,PE,NIFTY26SEP23950PE,2026-09-03 14:56:00,219.45,2026-09-04 09:15:00,218.1,stop_loss,-2.35,-152.75,73.56,-226.31,0
IS,S1M_ON,ATR2,CE,NIFTY26SEP23950CE,2026-09-04 10:00:00,320.0,2026-09-04 10:09:00,314.65,stop_loss,-6.35,-412.75,85.35,-498.1,0
IS,S1M_ON,ATR2,CE,NIFTY26SEP23950CE,2026-09-04 10:28:00,323.15,2026-09-04 11:14:00,319.2,next_choch,-4.95,-321.75,85.85,-407.6,0
IS,S1M_ON,ATR2,CE,NIFTY26SEP23950CE,2026-09-04 11:25:00,328.0,2026-09-04 12:04:00,320.15,next_choch,-8.85,-575.25,86.08,-661.33,0
IS,S1M_ON,ATR2,PE,NIFTY26SEP23900PE,2026-09-04 12:46:00,179.6,2026-09-04 12:49:00,175.5,stop_loss,-5.1,-331.5,68.49,-399.99,0
IS,S1M_ON,ATR2,PE,NIFTY26SEP23900PE,2026-09-04 12:57:00,179.05,2026-09-04 13:08:00,174.0,next_choch,-6.05,-393.25,68.34,-461.59,0
IS,S1M_ON,ATR2,PE,NIFTY26SEP23900PE,2026-09-04 13:27:00,173.15,2026-09-04 14:13:00,169.5,next_choch,-4.65,-302.25,67.76,-370.01,0
IS,S1M_ON,ATR2,CE,NIFTY26SEP23950CE,2026-09-04 14:26:00,316.85,2026-09-04 14:37:00,309.8,stop_loss,-8.05,-523.25,84.81,-608.06,0
IS,S1M_ON,ATR2,PE,NIFTY26SEP23900PE,2026-09-04 14:44:00,173.7,2026-09-04 15:12:00,168.8,stop_loss,-5.9,-383.5,67.71,-451.21,0
IS,S1M_ON,ATR2,PE,NIFTY26SEP23800PE,2026-09-07 14:39:00,194.35,2026-09-07 15:02:00,194.4,next_choch,-0.95,-61.75,70.66,-132.41,0
IS,S1M_ON,ATR2,PE,NIFTY26SEP23650PE,2026-09-08 10:36:00,174.7,2026-09-08 10:50:00,167.7,stop_loss,-8.0,-520.0,67.64,-587.64,0
IS,S1M_ON,ATR2,PE,NIFTY26SEP23650PE,2026-09-08 11:32:00,174.85,2026-09-08 11:35:00,175.2,next_choch,-0.65,-42.25,68.33,-110.58,0
IS,S1M_ON,ATR2,PE,NIFTY26SEP23650PE,2026-09-08 11:49:00,179.2,2026-09-08 12:23:00,181.5,next_choch,1.3,84.5,69.03,15.47,0
IS,S1M_ON,ATR2,PE,NIFTY26SEP23650PE,2026-09-08 13:04:00,183.45,2026-09-08 13:14:00,180.3,next_choch,-4.15,-269.75,69.05,-338.8,0
IS,S1M_ON,ATR2,PE,NIFTY26SEP23650PE,2026-09-08 13:28:00,185.15,2026-09-08 14:05:00,184.55,next_choch,-1.6,-104.0,69.49,-173.49,0
IS,S1M_ON,ATR2,PE,NIFTY26SEP23650PE,2026-09-08 15:21:00,187.2,2026-09-08 15:26:00,181.15,stop_loss,-7.05,-458.25,69.23,-527.48,0
IS,S1M_ON,ATR2,PE,NIFTY26SEP23450PE,2026-09-09 09:16:00,172.25,2026-09-09 10:20:00,159.15,next_choch,-14.1,-916.5,66.78,-983.28,0
IS,S1M_ON,ATR2,PE,NIFTY26SEP23450PE,2026-09-09 10:52:00,165.5,2026-09-09 10:55:00,162.05,stop_loss,-4.45,-289.25,66.85,-356.1,0
IS,S1M_ON,ATR2,PE,NIFTY26SEP23450PE,2026-09-09 11:16:00,159.75,2026-09-09 11:20:00,156.1,stop_loss,-4.65,-302.25,66.14,-368.39,0
IS,S1M_ON,ATR2,PE,NIFTY26SEP23450PE,2026-09-09 11:23:00,161.15,2026-09-09 11:42:00,157.5,next_choch,-4.65,-302.25,66.31,-368.56,0
IS,S1M_ON,ATR2,PE,NIFTY26SEP23450PE,2026-09-09 11:52:00,166.0,2026-09-09 12:30:00,161.05,next_choch,-5.95,-386.75,66.77,-453.52,0
IS,S1M_ON,ATR2,PE,NIFTY26SEP23450PE,2026-09-09 14:30:00,153.3,2026-09-10 11:15:00,185.85,next_choch,31.55,2050.75,68.69,1982.06,0
IS,S1M_ON,ATR2,PE,NIFTY26SEP23450PE,2026-09-10 11:29:00,195.5,2026-09-10 11:47:00,190.0,stop_loss,-6.5,-422.5,70.29,-492.79,0
IS,S1M_ON,ATR2,PE,NIFTY26SEP23450PE,2026-09-10 12:36:00,186.0,2026-09-10 12:44:00,182.2,next_choch,-4.8,-312.0,69.3,-381.3,0
IS,S1M_ON,ATR2,PE,NIFTY26SEP23450PE,2026-09-10 12:55:00,187.0,2026-09-10 13:25:00,188.7,next_choch,0.7,45.5,69.92,-24.42,0
IS,S1M_ON,ATR2,PE,NIFTY26SEP23450PE,2026-09-10 13:27:00,191.75,2026-09-10 13:40:00,192.5,next_choch,-0.25,-16.25,70.41,-86.66,0
IS,S1M_ON,ATR2,PE,NIFTY26SEP23450PE,2026-09-10 14:03:00,200.35,2026-09-10 14:46:00,203.0,next_choch,1.65,107.25,71.62,35.63,0
IS,S1M_ON,ATR2,PE,NIFTY26SEP23200PE,2026-09-11 13:04:00,158.0,2026-09-11 13:22:00,157.0,next_choch,-2.0,-130.0,66.17,-196.17,0
IS,S1M_ON,ATR2,CE,NIFTY26SEP23300CE,2026-09-11 13:56:00,318.7,2026-09-15 09:56:00,288.1,stop_loss,-31.6,-2054.0,82.87,-2136.87,0
IS,S1M_ON,ATR2,PE,NIFTY26SEP23450PE,2026-09-15 09:54:00,227.75,2026-09-16 10:45:00,298.4,next_choch,69.65,4527.25,81.19,4446.06,0
IS,S1M_ON,ATR2,CE,NIFTY26SEP23250CE,2026-09-16 09:59:00,260.15,2026-09-16 10:02:00,249.0,stop_loss,-12.15,-789.75,77.58,-867.33,0
IS,S1M_ON,ATR2,PE,NIFTY26SEP23200PE,2026-09-16 10:02:00,195.1,2026-09-16 10:17:00,194.15,next_choch,-1.95,-126.75,70.66,-197.41,0
IS,S1M_ON,ATR2,CE,NIFTY26SEP23250CE,2026-09-16 10:25:00,251.95,2026-09-16 11:14:00,254.5,next_choch,1.55,100.75,77.85,22.9,0
IS,S1M_ON,ATR2,PE,NIFTY26SEP23200PE,2026-09-16 11:21:00,189.75,2026-09-16 11:50:00,190.0,next_choch,-0.75,-48.75,70.12,-118.87,0
IS,S1M_ON,ATR2,PE,NIFTY26SEP23200PE,2026-09-16 11:56:00,198.85,2026-09-16 12:07:00,193.0,stop_loss,-6.85,-445.25,70.66,-515.91,0
IS,S1M_ON,ATR2,CE,NIFTY26SEP23250CE,2026-09-16 12:07:00,238.05,2026-09-16 12:27:00,237.65,next_choch,-1.4,-91.0,75.9,-166.9,0
IS,S1M_ON,ATR2,CE,NIFTY26SEP23250CE,2026-09-16 12:32:00,249.4,2026-09-16 12:59:00,248.0,next_choch,-2.4,-156.0,77.18,-233.18,0
IS,S1M_ON,ATR2,CE,NIFTY26SEP23250CE,2026-09-16 13:05:00,256.4,2026-09-16 13:23:00,252.0,next_choch,-5.4,-351.0,77.75,-428.75,0
IS,S1M_ON,ATR2,PE,NIFTY26SEP23200PE,2026-09-16 13:39:00,191.0,2026-09-16 13:51:00,189.0,next_choch,-3.0,-195.0,70.06,-265.06,0
IS,S1M_ON,ATR2,CE,NIFTY26SEP23250CE,2026-09-16 14:16:00,242.9,2026-09-16 14:28:00,236.1,next_choch,-7.8,-507.0,75.9,-582.9,0
IS,S1M_ON,ATR2,PE,NIFTY26SEP23200PE,2026-09-16 14:38:00,192.9,2026-09-16 14:45:00,188.2,next_choch,-5.7,-370.5,70.05,-440.55,0
IS,S1M_ON,ATR2,PE,NIFTY26SEP23200PE,2026-09-16 15:00:00,194.35,2026-09-16 15:15:00,190.0,next_choch,-5.35,-347.75,70.25,-418.0,0
IS,S1M_ON,ATR2,CE,NIFTY26SEP23250CE,2026-09-17 09:32:00,242.7,2026-09-17 09:42:00,223.25,stop_loss,-20.45,-1329.25,74.71,-1403.96,0
IS,S1M_ON,ATR2,PE,NIFTY26SEP23200PE,2026-09-17 09:41:00,162.85,2026-09-17 09:52:00,155.05,next_choch,-8.8,-572.0,66.13,-638.13,0
IS,S1M_ON,ATR2,CE,NIFTY26SEP23250CE,2026-09-17 09:55:00,241.5,2026-09-17 10:31:00,237.55,next_choch,-4.95,-321.75,75.99,-397.74,0
IS,S1M_ON,ATR2,PE,NIFTY26SEP23200PE,2026-09-17 10:33:00,147.65,2026-09-17 11:32:00,159.25,next_choch,10.6,689.0,66.08,622.92,0
IS,S1M_ON,ATR2,CE,NIFTY26SEP23250CE,2026-09-17 11:40:00,222.0,2026-09-17 13:35:00,217.45,next_choch,-5.55,-360.75,73.58,-434.33,0
IS,S1M_ON,ATR2,CE,NIFTY26SEP23250CE,2026-09-17 14:07:00,231.0,2026-09-17 14:57:00,228.75,next_choch,-3.25,-211.25,74.88,-286.13,0
IS,S1M_ON,ATR2,CE,NIFTY26SEP23250CE,2026-09-17 15:13:00,236.4,2026-09-17 15:29:00,235.8,next_choch,-1.6,-104.0,75.68,-179.68,0
IS,S1M_ON,ATR2,PE,NIFTY26SEP23300PE,2026-09-18 09:30:00,176.15,2026-09-18 09:42:00,163.0,next_choch,-14.15,-919.75,67.25,-987.0,0
IS,S1M_ON,ATR2,PE,NIFTY26SEP23300PE,2026-09-18 10:58:00,163.75,2026-09-18 11:11:00,162.15,next_choch,-2.6,-169.0,66.81,-235.81,0
IS,S1M_ON,ATR2,PE,NIFTY26SEP23300PE,2026-09-18 11:33:00,170.05,2026-09-18 11:36:00,165.35,stop_loss,-5.7,-370.5,67.29,-437.79,0
IS,S1M_ON,ATR2,CE,NIFTY26SEP23350CE,2026-09-18 11:53:00,174.0,2026-09-18 12:09:00,169.95,next_choch,-5.05,-328.25,67.82,-396.07,0
IS,S1M_ON,ATR2,CE,NIFTY26SEP23350CE,2026-09-18 12:30:00,174.75,2026-09-18 12:49:00,172.35,next_choch,-3.4,-221.0,68.06,-289.06,0
IS,S1M_ON,ATR2,CE,NIFTY26SEP23350CE,2026-09-18 13:01:00,177.55,2026-09-18 13:15:00,172.7,stop_loss,-5.85,-380.25,68.18,-448.43,0
IS,S1M_ON,ATR2,CE,NIFTY26SEP23350CE,2026-09-18 14:28:00,184.5,2026-09-18 14:38:00,185.85,next_choch,0.35,22.75,69.59,-46.84,0
IS,S1M_ON,ATR2,CE,NIFTY26SEP23350CE,2026-09-18 14:52:00,192.85,2026-09-18 15:00:00,184.7,next_choch,-9.15,-594.75,69.72,-664.47,0
IS,S1M_ON,ATR2,CE,NIFTY26SEP23350CE,2026-09-21 11:03:00,173.5,2026-09-21 11:17:00,171.8,next_choch,-2.7,-175.5,67.98,-243.48,0
IS,S1M_ON,ATR2,CE,NIFTY26SEP23350CE,2026-09-21 11:33:00,180.7,2026-09-21 12:58:00,184.4,next_choch,2.7,175.5,69.34,106.16,0
IS,S1M_ON,ATR2,CE,NIFTY26SEP23350CE,2026-09-21 13:19:00,188.15,2026-09-21 13:43:00,187.8,next_choch,-1.35,-87.75,69.87,-157.62,0
IS,S1M_ON,ATR2,CE,NIFTY26SEP23350CE,2026-09-21 13:50:00,192.4,2026-09-21 14:08:00,202.2,next_choch,8.8,572.0,71.32,500.68,0
IS,S1M_ON,ATR2,CE,NIFTY26SEP23350CE,2026-09-21 14:20:00,208.0,2026-09-21 14:26:00,203.5,next_choch,-5.5,-357.5,71.89,-429.39,0
IS,S1M_ON,ATR2,CE,NIFTY26SEP23450CE,2026-09-22 10:00:00,132.7,2026-09-22 10:16:00,130.0,next_choch,-3.7,-240.5,62.96,-303.46,0
IS,S1M_ON,ATR2,PE,NIFTY26SEP23450PE,2026-09-22 10:41:00,153.25,2026-09-22 11:25:00,149.9,next_choch,-4.35,-282.75,65.38,-348.13,0
IS,S1M_ON,ATR2,PE,NIFTY26SEP23450PE,2026-09-22 11:31:00,160.25,2026-09-22 12:08:00,166.5,next_choch,5.25,341.25,67.11,274.14,0
IS,S1M_ON,ATR2,PE,NIFTY26SEP23450PE,2026-09-22 12:45:00,174.9,2026-09-22 13:15:00,176.05,next_choch,0.15,9.75,68.41,-58.66,0
IS,S1M_ON,ATR2,PE,NIFTY26SEP23450PE,2026-09-22 13:18:00,183.0,2026-09-22 13:27:00,181.2,next_choch,-2.8,-182.0,69.12,-251.12,0
IS,S1M_ON,ATR2,PE,NIFTY26SEP23450PE,2026-09-22 13:46:00,185.8,2026-09-22 14:12:00,183.75,next_choch,-3.05,-198.25,69.43,-267.68,0
IS,S1M_ON,ATR2,CE,NIFTY26SEP23450CE,2026-09-22 14:21:00,110.4,2026-09-22 14:33:00,105.0,next_choch,-6.4,-416.0,60.01,-476.01,0
IS,S1M_ON,ATR2,PE,NIFTY26SEP23450PE,2026-09-22 14:42:00,168.65,2026-09-22 15:11:00,161.6,next_choch,-8.05,-523.25,66.9,-590.15,0
IS,S1M_ON,ATR2,CE,NIFTY26SEP23350CE,2026-09-23 09:47:00,154.0,2026-09-23 09:48:00,149.5,stop_loss,-5.5,-357.5,65.36,-422.86,0
IS,S1M_ON,ATR2,PE,NIFTY26SEP23350PE,2026-09-23 09:49:00,101.35,2026-09-23 09:56:00,100.35,next_choch,-2.0,-130.0,59.32,-189.32,0
IS,S1M_ON,ATR2,CE,NIFTY26SEP23350CE,2026-09-23 10:05:00,151.9,2026-09-23 10:08:00,145.9,stop_loss,-7.0,-455.0,64.97,-519.97,0
IS,S1M_ON,ATR2,CE,NIFTY26SEP23350CE,2026-09-23 10:18:00,156.35,2026-09-23 13:57:00,168.35,next_choch,11.0,715.0,67.17,647.83,0
IS,S1M_ON,ATR2,CE,NIFTY26SEP23350CE,2026-09-23 14:03:00,176.4,2026-09-23 14:35:00,173.75,next_choch,-3.65,-237.25,68.24,-305.49,0
IS,S1M_ON,ATR2,PE,NIFTY26SEP23200PE,2026-09-24 09:16:00,83.5,2026-09-24 10:36:00,90.9,next_choch,6.4,416.0,57.94,358.06,0
IS,S1M_ON,ATR2,PE,NIFTY26SEP23200PE,2026-09-24 10:43:00,99.15,2026-09-24 10:52:00,88.05,stop_loss,-12.1,-786.5,58.13,-844.63,0
IS,S1M_ON,ATR2,PE,NIFTY26SEP23200PE,2026-09-24 11:14:00,101.15,2026-09-24 11:18:00,90.7,stop_loss,-11.45,-744.25,58.43,-802.68,0
IS,S1M_ON,ATR2,PE,NIFTY26SEP23200PE,2026-09-24 11:32:00,106.35,2026-09-24 11:41:00,97.2,stop_loss,-10.15,-659.75,59.18,-718.93,0
IS,S1M_ON,ATR2,PE,NIFTY26SEP23200PE,2026-09-24 11:50:00,102.7,2026-09-24 11:54:00,101.15,next_choch,-2.55,-165.75,59.44,-225.19,0
IS,S1M_ON,ATR2,PE,NIFTY26SEP23200PE,2026-09-24 11:57:00,113.15,2026-09-24 12:02:00,100.85,stop_loss,-13.3,-864.5,59.71,-924.21,0
IS,S1M_ON,ATR2,PE,NIFTY26SEP23200PE,2026-09-24 12:25:00,113.55,2026-09-24 12:28:00,103.75,stop_loss,-10.8,-702.0,59.99,-761.99,0
IS,S1M_ON,ATR2,PE,NIFTY26SEP23200PE,2026-09-24 12:35:00,121.1,2026-09-24 12:50:00,115.5,next_choch,-6.6,-429.0,61.29,-490.29,0
IS,S1M_ON,ATR2,PE,NIFTY26SEP23200PE,2026-09-24 13:25:00,120.3,2026-09-24 14:50:00,165.4,next_choch,44.1,2866.5,65.85,2800.65,0
IS,S1M_ON,ATR2,PE,NIFTY26SEP23200PE,2026-09-24 15:13:00,177.4,2026-09-24 15:18:00,166.15,stop_loss,-12.25,-796.25,67.57,-863.82,0
IS,S1M_ON,ATR2,PE,NIFTY26SEP23050PE,2026-09-25 09:36:00,79.8,2026-09-25 10:02:00,87.75,next_choch,6.95,451.75,57.54,394.21,0
IS,S1M_ON,ATR2,PE,NIFTY26SEP23050PE,2026-09-25 10:34:00,90.85,2026-09-25 10:42:00,85.65,next_choch,-6.2,-403.0,57.67,-460.67,0
IS,S1M_ON,ATR2,PE,NIFTY26SEP23050PE,2026-09-25 10:47:00,94.7,2026-09-25 10:55:00,86.55,next_choch,-9.15,-594.75,57.86,-652.61,0
IS,S1M_ON,ATR2,PE,NIFTY26SEP23050PE,2026-09-25 12:42:00,82.5,2026-09-25 13:09:00,86.8,next_choch,3.3,214.5,57.53,156.97,0
IS,S1M_ON,ATR2,PE,NIFTY26SEP23050PE,2026-09-25 13:18:00,92.7,2026-09-25 13:29:00,90.7,next_choch,-3.0,-195.0,58.19,-253.19,0
IS,S1M_ON,ATR2,PE,NIFTY26SEP23050PE,2026-09-25 13:34:00,95.1,2026-09-25 13:41:00,89.85,stop_loss,-6.25,-406.25,58.18,-464.43,0
IS,S1M_ON,ATR2,CE,NIFTY26SEP23100CE,2026-09-25 14:33:00,165.5,2026-09-25 14:44:00,151.2,stop_loss,-15.3,-994.5,65.85,-1060.35,0
IS,S1M_ON,ATR2,CE,NIFTY26SEP23100CE,2026-09-25 15:21:00,149.65,2026-09-25 15:23:00,145.95,next_choch,-4.7,-305.5,64.91,-370.41,0
IS,S1M_ON,ATM,CE,NIFTY26SEP24350CE,2026-08-26 10:39:00,364.05,2026-08-26 10:41:00,358.25,stop_loss,-6.8,-442.0,90.63,-532.63,0
IS,S1M_ON,ATM,PE,NIFTY26SEP24350PE,2026-08-26 11:49:00,212.65,2026-08-26 14:16:00,222.0,next_choch,8.35,542.75,73.72,469.03,0
IS,S1M_ON,ATM,CE,NIFTY26SEP24350CE,2026-08-26 14:17:00,337.15,2026-08-26 14:23:00,333.0,next_choch,-5.15,-334.75,87.53,-422.28,0
IS,S1M_ON,ATM,CE,NIFTY26SEP24350CE,2026-08-26 14:46:00,339.35,2026-08-26 15:00:00,334.75,stop_loss,-5.6,-364.0,87.75,-451.75,0
IS,S1M_ON,ATM,PE,NIFTY26SEP24350PE,2026-08-26 15:23:00,220.4,2026-08-27 12:50:00,266.5,next_choch,45.1,2931.5,78.04,2853.46,0
IS,S1M_ON,ATM,CE,NIFTY26SEP24300CE,2026-08-27 12:49:00,303.9,2026-08-27 13:31:00,299.6,next_choch,-5.3,-344.5,83.5,-428.0,0
IS,S1M_ON,ATM,PE,NIFTY26SEP24300PE,2026-08-27 13:31:00,249.1,2026-08-27 13:33:00,242.7,stop_loss,-7.4,-481.0,76.68,-557.68,0
IS,S1M_ON,ATM,PE,NIFTY26SEP24300PE,2026-08-27 13:47:00,255.2,2026-08-27 14:18:00,266.0,next_choch,9.8,637.0,79.0,558.0,0
IS,S1M_ON,ATM,CE,NIFTY26SEP24300CE,2026-08-27 14:28:00,291.5,2026-08-27 14:43:00,288.0,next_choch,-4.5,-292.5,82.07,-374.57,0
IS,S1M_ON,ATM,CE,NIFTY26SEP24300CE,2026-08-27 15:00:00,296.25,2026-08-27 15:04:00,290.75,stop_loss,-6.5,-422.5,82.46,-504.96,0
IS,S1M_ON,ATM,PE,NIFTY26SEP24300PE,2026-08-27 15:05:00,261.5,2026-08-28 09:17:00,275.85,next_choch,13.35,867.75,80.09,787.66,0
IS,S1M_ON,ATM,CE,NIFTY26SEP24100CE,2026-08-28 09:25:00,409.05,2026-08-28 11:18:00,413.0,next_choch,2.95,191.75,96.96,94.79,0
IS,S1M_ON,ATM,PE,NIFTY26SEP24100PE,2026-08-28 11:56:00,210.75,2026-08-28 13:22:00,198.0,next_choch,-13.75,-893.75,71.46,-965.21,0
IS,S1M_ON,ATM,CE,NIFTY26SEP24100CE,2026-08-28 13:24:00,383.5,2026-08-28 13:25:00,380.75,stop_loss,-3.75,-243.75,93.26,-337.01,0
IS,S1M_ON,ATM,CE,NIFTY26SEP24100CE,2026-08-28 13:40:00,389.85,2026-08-28 13:46:00,383.65,next_choch,-7.2,-468.0,93.71,-561.71,0
IS,S1M_ON,ATM,CE,NIFTY26SEP24100CE,2026-08-28 14:29:00,386.8,2026-08-28 14:40:00,384.8,next_choch,-3.0,-195.0,93.73,-288.73,0
IS,S1M_ON,ATM,CE,NIFTY26SEP24100CE,2026-08-28 14:49:00,392.45,2026-08-28 15:02:00,382.2,stop_loss,-11.25,-731.25,93.65,-824.9,0
IS,S1M_ON,ATM,CE,NIFTY26SEP24100CE,2026-08-28 15:20:00,420.7,2026-08-31 09:15:00,325.1,stop_loss,-96.6,-6279.0,89.22,-6368.22,0
IS,S1M_ON,ATM,PE,NIFTY26SEP24050PE,2026-08-31 09:26:00,214.7,2026-08-31 11:41:00,207.0,next_choch,-8.7,-565.5,72.4,-637.9,0
IS,S1M_ON,ATM,CE,NIFTY26SEP24050CE,2026-08-31 11:34:00,357.0,2026-08-31 14:03:00,383.25,next_choch,25.25,1641.25,92.72,1548.53,0
IS,S1M_ON,ATM,PE,NIFTY26SEP24050PE,2026-08-31 14:05:00,197.6,2026-08-31 14:39:00,190.85,next_choch,-7.75,-503.75,70.43,-574.18,0
IS,S1M_ON,ATM,CE,NIFTY26SEP24050CE,2026-08-31 14:42:00,390.8,2026-08-31 15:05:00,388.65,next_choch,-3.15,-204.75,94.19,-298.94,0
IS,S1M_ON,ATM,PE,NIFTY26SEP24050PE,2026-09-01 09:16:00,207.35,2026-09-01 10:22:00,201.3,next_choch,-7.05,-458.25,71.67,-529.92,0
IS,S1M_ON,ATM,CE,NIFTY26SEP24050CE,2026-09-01 10:30:00,340.3,2026-09-01 10:41:00,335.85,next_choch,-5.45,-354.25,87.88,-442.13,0
IS,S1M_ON,ATM,CE,NIFTY26SEP24050CE,2026-09-01 10:49:00,342.25,2026-09-01 11:05:00,347.35,next_choch,4.1,266.5,88.99,177.51,0
IS,S1M_ON,ATM,CE,NIFTY26SEP24050CE,2026-09-01 11:11:00,364.5,2026-09-01 12:51:00,372.8,next_choch,7.3,474.5,91.98,382.52,0
IS,S1M_ON,ATM,PE,NIFTY26SEP24050PE,2026-09-01 13:11:00,196.75,2026-09-01 13:35:00,198.1,next_choch,0.35,22.75,71.07,-48.32,0
IS,S1M_ON,ATM,PE,NIFTY26SEP24050PE,2026-09-01 13:37:00,207.4,2026-09-01 15:29:00,235.0,next_choch,26.6,1729.0,74.77,1654.23,0
IS,S1M_ON,ATM,PE,NIFTY26SEP23850PE,2026-09-02 09:23:00,238.45,2026-09-02 09:33:00,224.55,next_choch,-14.9,-968.5,74.7,-1043.2,0
IS,S1M_ON,ATM,PE,NIFTY26SEP23850PE,2026-09-02 09:47:00,230.2,2026-09-02 09:58:00,220.3,stop_loss,-10.9,-708.5,74.08,-782.58,0
IS,S1M_ON,ATM,PE,NIFTY26SEP23850PE,2026-09-02 10:53:00,219.75,2026-09-02 12:12:00,218.55,next_choch,-2.2,-143.0,73.61,-216.61,0
IS,S1M_ON,ATM,PE,NIFTY26SEP23850PE,2026-09-02 12:20:00,224.75,2026-09-02 12:30:00,213.3,stop_loss,-12.45,-809.25,73.27,-882.52,0
IS,S1M_ON,ATM,CE,NIFTY26SEP23850CE,2026-09-02 12:50:00,364.0,2026-09-02 13:07:00,357.6,next_choch,-7.4,-481.0,90.57,-571.57,0
IS,S1M_ON,ATM,CE,NIFTY26SEP23850CE,2026-09-02 13:14:00,370.75,2026-09-02 13:32:00,364.45,next_choch,-7.3,-474.5,91.39,-565.89,0
IS,S1M_ON,ATM,CE,NIFTY26SEP23850CE,2026-09-02 13:37:00,373.6,2026-09-02 13:40:00,363.15,stop_loss,-11.45,-744.25,91.35,-835.6,0
IS,S1M_ON,ATM,PE,NIFTY26SEP23850PE,2026-09-02 13:50:00,210.0,2026-09-02 13:56:00,204.4,stop_loss,-6.6,-429.0,72.03,-501.03,0
IS,S1M_ON,ATM,CE,NIFTY26SEP23850CE,2026-09-02 14:00:00,373.0,2026-09-02 14:24:00,365.85,next_choch,-8.15,-529.75,91.58,-621.33,0
IS,S1M_ON,ATM,CE,NIFTY26SEP23850CE,2026-09-02 14:29:00,375.6,2026-09-02 14:54:00,367.9,next_choch,-8.7,-565.5,91.85,-657.35,0
IS,S1M_ON,ATM,PE,NIFTY26SEP23850PE,2026-09-02 14:55:00,204.5,2026-09-02 15:11:00,202.2,next_choch,-3.3,-214.5,71.67,-286.17,0
IS,S1M_ON,ATM,PE,NIFTY26SEP24000PE,2026-09-03 09:24:00,215.95,2026-09-03 09:30:00,203.35,stop_loss,-13.6,-884.0,72.11,-956.11,0
IS,S1M_ON,ATM,PE,NIFTY26SEP24000PE,2026-09-03 10:24:00,196.15,2026-09-04 09:40:00,230.3,next_choch,33.15,2154.75,74.01,2080.74,0
IS,S1M_ON,ATM,CE,NIFTY26SEP24000CE,2026-09-03 13:12:00,280.35,2026-09-03 13:16:00,275.65,stop_loss,-5.7,-370.5,80.61,-451.11,0
IS,S1M_ON,ATM,CE,NIFTY26SEP24000CE,2026-09-03 14:00:00,275.8,2026-09-03 14:15:00,269.35,next_choch,-7.45,-484.25,79.9,-564.15,0
IS,S1M_ON,ATM,CE,NIFTY26SEP24000CE,2026-09-03 14:20:00,276.05,2026-09-03 14:37:00,271.1,next_choch,-5.95,-386.75,80.07,-466.82,0
IS,S1M_ON,ATM,CE,NIFTY26SEP23900CE,2026-09-04 09:18:00,332.2,2026-09-04 09:39:00,325.95,next_choch,-7.25,-471.25,86.74,-557.99,0
IS,S1M_ON,ATM,CE,NIFTY26SEP23900CE,2026-09-04 09:44:00,330.35,2026-09-04 12:10:00,346.5,next_choch,15.15,984.75,88.57,896.18,0
IS,S1M_ON,ATM,PE,NIFTY26SEP23900PE,2026-09-04 12:46:00,179.6,2026-09-04 12:49:00,175.5,stop_loss,-5.1,-331.5,68.49,-399.99,0
IS,S1M_ON,ATM,PE,NIFTY26SEP23900PE,2026-09-04 12:57:00,179.05,2026-09-04 13:08:00,174.0,next_choch,-6.05,-393.25,68.34,-461.59,0
IS,S1M_ON,ATM,PE,NIFTY26SEP23900PE,2026-09-04 13:27:00,173.15,2026-09-04 14:13:00,169.5,next_choch,-4.65,-302.25,67.76,-370.01,0
IS,S1M_ON,ATM,CE,NIFTY26SEP23900CE,2026-09-04 14:25:00,346.0,2026-09-04 14:37:00,339.7,stop_loss,-7.3,-474.5,88.4,-562.9,0
IS,S1M_ON,ATM,PE,NIFTY26SEP23900PE,2026-09-04 14:44:00,173.7,2026-09-04 15:12:00,168.8,stop_loss,-5.9,-383.5,67.71,-451.21,0
IS,S1M_ON,ATM,PE,NIFTY26SEP23850PE,2026-09-07 14:38:00,213.1,2026-09-07 15:13:00,216.5,next_choch,2.4,156.0,73.23,82.77,0
IS,S1M_ON,ATM,PE,NIFTY26SEP23700PE,2026-09-08 11:31:00,195.5,2026-09-08 11:40:00,193.35,next_choch,-3.15,-204.75,70.59,-275.34,0
IS,S1M_ON,ATM,PE,NIFTY26SEP23700PE,2026-09-08 11:43:00,195.85,2026-09-08 12:29:00,200.25,next_choch,3.4,221.0,71.24,149.76,0
IS,S1M_ON,ATM,PE,NIFTY26SEP23700PE,2026-09-08 13:05:00,206.05,2026-09-08 13:10:00,202.45,next_choch,-4.6,-299.0,71.74,-370.74,0
IS,S1M_ON,ATM,PE,NIFTY26SEP23700PE,2026-09-08 13:25:00,205.45,2026-09-08 14:03:00,208.65,next_choch,2.2,143.0,72.29,70.71,0
IS,S1M_ON,ATM,PE,NIFTY26SEP23700PE,2026-09-08 15:15:00,207.25,2026-09-09 12:33:00,253.3,next_choch,45.05,2928.25,76.45,2851.8,0
IS,S1M_ON,ATM,PE,NIFTY26SEP23500PE,2026-09-09 11:52:00,184.75,2026-09-09 12:33:00,171.6,stop_loss,-14.15,-919.75,68.28,-988.03,0
IS,S1M_ON,ATM,PE,NIFTY26SEP23500PE,2026-09-09 13:15:00,168.85,2026-09-09 13:21:00,165.65,next_choch,-4.2,-273.0,67.28,-340.28,0
IS,S1M_ON,ATM,PE,NIFTY26SEP23500PE,2026-09-09 13:55:00,168.65,2026-09-09 13:59:00,163.8,stop_loss,-5.85,-380.25,67.1,-447.35,0
IS,S1M_ON,ATM,PE,NIFTY26SEP23450PE,2026-09-10 11:29:00,195.5,2026-09-10 11:47:00,190.0,stop_loss,-6.5,-422.5,70.29,-492.79,0
IS,S1M_ON,ATM,CE,NIFTY26SEP23450CE,2026-09-10 12:21:00,290.1,2026-09-10 12:23:00,284.55,stop_loss,-6.55,-425.75,81.71,-507.46,0
IS,S1M_ON,ATM,PE,NIFTY26SEP23450PE,2026-09-10 12:36:00,186.0,2026-09-10 12:44:00,182.2,next_choch,-4.8,-312.0,69.3,-381.3,0
IS,S1M_ON,ATM,PE,NIFTY26SEP23450PE,2026-09-10 12:55:00,187.0,2026-09-10 13:25:00,188.7,next_choch,0.7,45.5,69.92,-24.42,0
IS,S1M_ON,ATM,PE,NIFTY26SEP23450PE,2026-09-10 13:27:00,191.75,2026-09-10 13:40:00,192.5,next_choch,-0.25,-16.25,70.41,-86.66,0
IS,S1M_ON,ATM,PE,NIFTY26SEP23450PE,2026-09-10 14:03:00,200.35,2026-09-10 14:46:00,203.0,next_choch,1.65,107.25,71.62,35.63,0
IS,S1M_ON,ATM,PE,NIFTY26SEP23250PE,2026-09-11 09:42:00,217.0,2026-09-11 09:55:00,212.0,next_choch,-6.0,-390.0,72.93,-462.93,0
IS,S1M_ON,ATM,CE,NIFTY26SEP23250CE,2026-09-11 10:45:00,303.5,2026-09-11 10:48:00,298.2,next_choch,-6.3,-409.5,83.36,-492.86,0
IS,S1M_ON,ATM,CE,NIFTY26SEP23250CE,2026-09-11 11:09:00,306.0,2026-09-11 12:15:00,321.9,next_choch,14.9,968.5,85.61,882.89,0
IS,S1M_ON,ATM,CE,NIFTY26SEP23250CE,2026-09-11 12:34:00,334.2,2026-09-11 12:48:00,333.85,next_choch,-1.35,-87.75,87.52,-175.27,0
IS,S1M_ON,ATM,CE,NIFTY26SEP23250CE,2026-09-11 13:16:00,324.35,2026-09-11 13:41:00,316.2,stop_loss,-9.15,-594.75,85.61,-680.36,0
IS,S1M_ON,ATM,CE,NIFTY26SEP23250CE,2026-09-11 13:55:00,352.6,2026-09-15 09:38:00,359.0,next_choch,5.4,351.0,90.36,260.64,0
IS,S1M_ON,ATM,PE,NIFTY26SEP23500PE,2026-09-15 09:54:00,251.5,2026-09-16 10:45:00,325.6,next_choch,73.1,4751.5,84.37,4667.13,0
IS,S1M_ON,ATM,CE,NIFTY26SEP23250CE,2026-09-16 09:59:00,260.15,2026-09-16 10:02:00,249.0,stop_loss,-12.15,-789.75,77.58,-867.33,0
IS,S1M_ON,ATM,CE,NIFTY26SEP23250CE,2026-09-16 10:25:00,251.95,2026-09-16 11:14:00,254.5,next_choch,1.55,100.75,77.85,22.9,0
IS,S1M_ON,ATM,PE,NIFTY26SEP23250PE,2026-09-16 10:55:00,208.65,2026-09-16 11:02:00,194.0,stop_loss,-15.65,-1017.25,71.03,-1088.28,0
IS,S1M_ON,ATM,PE,NIFTY26SEP23250PE,2026-09-16 11:20:00,206.45,2026-09-16 11:38:00,207.5,next_choch,0.05,3.25,72.21,-68.96,0
IS,S1M_ON,ATM,PE,NIFTY26SEP23250PE,2026-09-16 11:56:00,219.0,2026-09-16 12:06:00,215.05,next_choch,-4.95,-321.75,73.27,-395.02,0
IS,S1M_ON,ATM,CE,NIFTY26SEP23250CE,2026-09-16 12:07:00,238.05,2026-09-16 12:27:00,237.65,next_choch,-1.4,-91.0,75.9,-166.9,0
IS,S1M_ON,ATM,CE,NIFTY26SEP23250CE,2026-09-16 12:32:00,249.4,2026-09-16 12:59:00,248.0,next_choch,-2.4,-156.0,77.18,-233.18,0
IS,S1M_ON,ATM,CE,NIFTY26SEP23250CE,2026-09-16 13:05:00,256.4,2026-09-16 13:23:00,252.0,next_choch,-5.4,-351.0,77.75,-428.75,0
IS,S1M_ON,ATM,PE,NIFTY26SEP23250PE,2026-09-16 13:37:00,209.1,2026-09-16 13:53:00,209.6,next_choch,-0.5,-32.5,72.48,-104.98,0
IS,S1M_ON,ATM,CE,NIFTY26SEP23250CE,2026-09-16 14:16:00,242.9,2026-09-16 14:28:00,236.1,next_choch,-7.8,-507.0,75.9,-582.9,0
IS,S1M_ON,ATM,PE,NIFTY26SEP23250PE,2026-09-16 14:31:00,211.45,2026-09-16 14:35:00,207.75,next_choch,-4.7,-305.5,72.38,-377.88,0
IS,S1M_ON,ATM,PE,NIFTY26SEP23250PE,2026-09-16 14:38:00,213.3,2026-09-16 14:45:00,207.8,next_choch,-6.5,-422.5,72.44,-494.94,0
IS,S1M_ON,ATM,PE,NIFTY26SEP23250PE,2026-09-16 15:00:00,216.65,2026-09-16 15:10:00,211.9,next_choch,-5.75,-373.75,72.91,-446.66,0
IS,S1M_ON,ATM,CE,NIFTY26SEP23200CE,2026-09-17 09:34:00,273.25,2026-09-17 09:42:00,252.3,stop_loss,-21.95,-1426.75,78.26,-1505.01,0
IS,S1M_ON,ATM,PE,NIFTY26SEP23200PE,2026-09-17 09:41:00,162.85,2026-09-17 09:52:00,155.05,next_choch,-8.8,-572.0,66.13,-638.13,0
IS,S1M_ON,ATM,CE,NIFTY26SEP23200CE,2026-09-17 09:52:00,266.35,2026-09-17 10:31:00,268.15,next_choch,0.8,52.0,79.52,-27.52,0
IS,S1M_ON,ATM,PE,NIFTY26SEP23200PE,2026-09-17 10:33:00,147.65,2026-09-17 11:32:00,159.25,next_choch,10.6,689.0,66.08,622.92,0
IS,S1M_ON,ATM,CE,NIFTY26SEP23200CE,2026-09-17 11:40:00,251.75,2026-09-17 13:17:00,291.5,next_choch,38.75,2518.75,81.24,2437.51,0
IS,S1M_ON,ATM,CE,NIFTY26SEP23200CE,2026-09-17 14:20:00,264.2,2026-09-17 14:28:00,251.8,stop_loss,-13.4,-871.0,77.95,-948.95,0
IS,S1M_ON,ATM,CE,NIFTY26SEP23200CE,2026-09-17 14:37:00,272.0,2026-09-17 14:53:00,264.35,next_choch,-8.65,-562.25,79.33,-641.58,0
IS,S1M_ON,ATM,CE,NIFTY26SEP23200CE,2026-09-17 15:10:00,265.0,2026-09-17 15:11:00,261.65,stop_loss,-4.35,-282.75,78.88,-361.63,0
IS,S1M_ON,ATM,CE,NIFTY26SEP23200CE,2026-09-17 15:14:00,269.9,2026-09-17 15:20:00,269.0,next_choch,-1.9,-123.5,79.7,-203.2,0
IS,S1M_ON,ATM,PE,NIFTY26SEP23350PE,2026-09-18 09:28:00,194.45,2026-09-18 09:42:00,184.3,next_choch,-11.15,-724.75,69.73,-794.48,0
IS,S1M_ON,ATM,PE,NIFTY26SEP23350PE,2026-09-18 10:40:00,192.0,2026-09-18 10:51:00,182.55,stop_loss,-10.45,-679.25,69.5,-748.75,0
IS,S1M_ON,ATM,PE,NIFTY26SEP23350PE,2026-09-18 11:01:00,188.2,2026-09-18 11:11:00,184.0,next_choch,-5.2,-338.0,69.52,-407.52,0
IS,S1M_ON,ATM,PE,NIFTY26SEP23350PE,2026-09-18 11:19:00,191.55,2026-09-18 11:23:00,185.5,stop_loss,-7.05,-458.25,69.76,-528.01,0
IS,S1M_ON,ATM,CE,NIFTY26SEP23350CE,2026-09-18 11:53:00,174.0,2026-09-18 12:09:00,169.95,next_choch,-5.05,-328.25,67.82,-396.07,0
IS,S1M_ON,ATM,CE,NIFTY26SEP23350CE,2026-09-18 12:30:00,174.75,2026-09-18 12:49:00,172.35,next_choch,-3.4,-221.0,68.06,-289.06,0
IS,S1M_ON,ATM,CE,NIFTY26SEP23350CE,2026-09-18 13:01:00,177.55,2026-09-18 13:15:00,172.7,stop_loss,-5.85,-380.25,68.18,-448.43,0
IS,S1M_ON,ATM,CE,NIFTY26SEP23350CE,2026-09-18 14:28:00,184.5,2026-09-18 14:38:00,185.85,next_choch,0.35,22.75,69.59,-46.84,0
IS,S1M_ON,ATM,CE,NIFTY26SEP23350CE,2026-09-18 14:52:00,192.85,2026-09-18 15:00:00,184.7,next_choch,-9.15,-594.75,69.72,-664.47,0
IS,S1M_ON,ATM,CE,NIFTY26SEP23350CE,2026-09-21 11:03:00,173.5,2026-09-21 11:17:00,171.8,next_choch,-2.7,-175.5,67.98,-243.48,0
IS,S1M_ON,ATM,CE,NIFTY26SEP23350CE,2026-09-21 11:33:00,180.7,2026-09-21 12:58:00,184.4,next_choch,2.7,175.5,69.34,106.16,0
IS,S1M_ON,ATM,CE,NIFTY26SEP23350CE,2026-09-21 13:19:00,188.15,2026-09-21 13:43:00,187.8,next_choch,-1.35,-87.75,69.87,-157.62,0
IS,S1M_ON,ATM,CE,NIFTY26SEP23350CE,2026-09-21 13:50:00,192.4,2026-09-21 14:08:00,202.2,next_choch,8.8,572.0,71.32,500.68,0
IS,S1M_ON,ATM,CE,NIFTY26SEP23350CE,2026-09-21 14:20:00,208.0,2026-09-21 14:26:00,203.5,next_choch,-5.5,-357.5,71.89,-429.39,0
IS,S1M_ON,ATM,CE,NIFTY26SEP23450CE,2026-09-22 10:00:00,132.7,2026-09-22 10:16:00,130.0,next_choch,-3.7,-240.5,62.96,-303.46,0
IS,S1M_ON,ATM,PE,NIFTY26SEP23450PE,2026-09-22 10:41:00,153.25,2026-09-22 11:25:00,149.9,next_choch,-4.35,-282.75,65.38,-348.13,0
IS,S1M_ON,ATM,PE,NIFTY26SEP23450PE,2026-09-22 11:31:00,160.25,2026-09-22 12:08:00,166.5,next_choch,5.25,341.25,67.11,274.14,0
IS,S1M_ON,ATM,PE,NIFTY26SEP23450PE,2026-09-22 12:45:00,174.9,2026-09-22 13:15:00,176.05,next_choch,0.15,9.75,68.41,-58.66,0
IS,S1M_ON,ATM,PE,NIFTY26SEP23450PE,2026-09-22 13:18:00,183.0,2026-09-22 13:27:00,181.2,next_choch,-2.8,-182.0,69.12,-251.12,0
IS,S1M_ON,ATM,PE,NIFTY26SEP23450PE,2026-09-22 13:46:00,185.8,2026-09-22 14:12:00,183.75,next_choch,-3.05,-198.25,69.43,-267.68,0
IS,S1M_ON,ATM,CE,NIFTY26SEP23450CE,2026-09-22 14:21:00,110.4,2026-09-22 14:33:00,105.0,next_choch,-6.4,-416.0,60.01,-476.01,0
IS,S1M_ON,ATM,PE,NIFTY26SEP23450PE,2026-09-22 14:42:00,168.65,2026-09-22 15:11:00,161.6,next_choch,-8.05,-523.25,66.9,-590.15,0
IS,S1M_ON,ATM,CE,NIFTY26SEP23350CE,2026-09-23 09:47:00,154.0,2026-09-23 09:48:00,149.5,stop_loss,-5.5,-357.5,65.36,-422.86,0
IS,S1M_ON,ATM,PE,NIFTY26SEP23350PE,2026-09-23 09:49:00,101.35,2026-09-23 09:56:00,100.35,next_choch,-2.0,-130.0,59.32,-189.32,0
IS,S1M_ON,ATM,CE,NIFTY26SEP23350CE,2026-09-23 10:05:00,151.9,2026-09-23 10:08:00,145.9,stop_loss,-7.0,-455.0,64.97,-519.97,0
IS,S1M_ON,ATM,CE,NIFTY26SEP23350CE,2026-09-23 10:18:00,156.35,2026-09-23 13:57:00,168.35,next_choch,11.0,715.0,67.17,647.83,0
IS,S1M_ON,ATM,CE,NIFTY26SEP23350CE,2026-09-23 14:03:00,176.4,2026-09-23 14:35:00,173.75,next_choch,-3.65,-237.25,68.24,-305.49,0
IS,S1M_ON,ATM,PE,NIFTY26SEP23250PE,2026-09-24 09:16:00,103.95,2026-09-24 10:52:00,110.05,next_choch,5.1,331.5,60.29,271.21,0
IS,S1M_ON,ATM,PE,NIFTY26SEP23250PE,2026-09-24 11:13:00,121.35,2026-09-24 11:18:00,112.6,stop_loss,-9.75,-633.75,61.03,-694.78,0
IS,S1M_ON,ATM,PE,NIFTY26SEP23250PE,2026-09-24 11:32:00,130.65,2026-09-24 11:41:00,120.2,stop_loss,-11.45,-744.25,62.0,-806.25,0
IS,S1M_ON,ATM,PE,NIFTY26SEP23250PE,2026-09-24 11:50:00,126.05,2026-09-24 11:54:00,124.4,next_choch,-2.65,-172.25,62.25,-234.5,0
IS,S1M_ON,ATM,PE,NIFTY26SEP23250PE,2026-09-24 11:57:00,137.7,2026-09-24 12:02:00,124.1,stop_loss,-14.6,-949.0,62.56,-1011.56,0
IS,S1M_ON,ATM,PE,NIFTY26SEP23250PE,2026-09-24 12:25:00,138.1,2026-09-24 12:28:00,127.45,stop_loss,-11.65,-757.25,62.88,-820.13,0
IS,S1M_ON,ATM,PE,NIFTY26SEP23250PE,2026-09-24 12:35:00,147.0,2026-09-24 12:50:00,139.9,next_choch,-8.1,-526.5,64.28,-590.78,0
IS,S1M_ON,ATM,PE,NIFTY26SEP23250PE,2026-09-24 13:11:00,138.7,2026-09-24 14:55:00,185.35,next_choch,45.65,2967.25,68.22,2899.03,0
IS,S1M_ON,ATM,PE,NIFTY26SEP23250PE,2026-09-24 14:59:00,203.05,2026-09-25 09:15:00,177.6,stop_loss,-26.45,-1719.25,69.36,-1788.61,0
IS,S1M_ON,ATM,PE,NIFTY26SEP23100PE,2026-09-25 09:39:00,107.1,2026-09-25 10:02:00,108.3,next_choch,0.2,13.0,60.22,-47.22,0
IS,S1M_ON,ATM,PE,NIFTY26SEP23100PE,2026-09-25 10:34:00,112.05,2026-09-25 10:39:00,104.6,stop_loss,-8.45,-549.25,60.02,-609.27,0
IS,S1M_ON,ATM,PE,NIFTY26SEP23100PE,2026-09-25 10:47:00,116.9,2026-09-25 10:55:00,107.95,next_choch,-9.95,-646.75,60.47,-707.22,0
IS,S1M_ON,ATM,PE,NIFTY26SEP23100PE,2026-09-25 12:06:00,103.5,2026-09-25 12:09:00,100.0,stop_loss,-4.5,-292.5,59.35,-351.85,0
IS,S1M_ON,ATM,PE,NIFTY26SEP23100PE,2026-09-25 12:42:00,103.65,2026-09-25 13:09:00,109.25,next_choch,4.6,299.0,60.21,238.79,0
IS,S1M_ON,ATM,PE,NIFTY26SEP23100PE,2026-09-25 13:18:00,115.9,2026-09-25 13:29:00,113.6,next_choch,-3.3,-214.5,60.96,-275.46,0
IS,S1M_ON,ATM,PE,NIFTY26SEP23100PE,2026-09-25 13:34:00,118.7,2026-09-25 13:41:00,112.7,stop_loss,-7.0,-455.0,60.96,-515.96,0
IS,S1M_ON,ATM,CE,NIFTY26SEP23100CE,2026-09-25 14:33:00,165.5,2026-09-25 14:44:00,151.2,stop_loss,-15.3,-994.5,65.85,-1060.35,0
IS,S1M_ON,ATM,CE,NIFTY26SEP23100CE,2026-09-25 15:21:00,149.65,2026-09-25 15:23:00,145.95,next_choch,-4.7,-305.5,64.91,-370.41,0
IS,S1M_ON,ITM2,PE,NIFTY26SEP24450PE,2026-08-26 11:32:00,260.2,2026-08-26 11:36:00,254.05,stop_loss,-7.15,-464.75,78.05,-542.8,0
IS,S1M_ON,ITM2,PE,NIFTY26SEP24450PE,2026-08-26 12:02:00,271.9,2026-08-26 12:37:00,269.95,next_choch,-2.95,-191.75,79.85,-271.6,0
IS,S1M_ON,ITM2,CE,NIFTY26SEP24250CE,2026-08-26 12:56:00,397.65,2026-08-26 13:01:00,390.75,stop_loss,-7.9,-513.5,94.59,-608.09,0
IS,S1M_ON,ITM2,PE,NIFTY26SEP24450PE,2026-08-26 13:02:00,279.8,2026-08-26 13:40:00,275.55,next_choch,-5.25,-341.25,80.59,-421.84,0
IS,S1M_ON,ITM2,CE,NIFTY26SEP24250CE,2026-08-26 13:34:00,387.9,2026-08-26 13:35:00,384.0,stop_loss,-4.9,-318.5,93.68,-412.18,0
IS,S1M_ON,ITM2,PE,NIFTY26SEP24450PE,2026-08-26 13:47:00,283.0,2026-08-26 14:02:00,278.3,next_choch,-5.7,-370.5,80.93,-451.43,0
IS,S1M_ON,ITM2,CE,NIFTY26SEP24200CE,2026-08-27 12:49:00,363.25,2026-08-27 13:31:00,359.35,next_choch,-4.9,-318.5,90.7,-409.2,0
IS,S1M_ON,ITM2,PE,NIFTY26SEP24400PE,2026-08-27 13:30:00,290.55,2026-08-27 14:22:00,308.15,next_choch,16.6,1079.0,83.9,995.1,0
IS,S1M_ON,ITM2,PE,NIFTY26SEP24400PE,2026-08-27 14:51:00,308.5,2026-08-27 15:00:00,300.9,stop_loss,-8.6,-559.0,83.75,-642.75,0
IS,S1M_ON,ITM2,CE,NIFTY26SEP24200CE,2026-08-27 15:00:00,356.2,2026-08-27 15:04:00,350.1,stop_loss,-7.1,-461.5,89.65,-551.15,0
IS,S1M_ON,ITM2,PE,NIFTY26SEP24400PE,2026-08-27 15:10:00,313.1,2026-08-28 09:17:00,324.05,next_choch,9.95,646.75,86.01,560.74,0
IS,S1M_ON,ITM2,CE,NIFTY26SEP24000CE,2026-08-28 09:24:00,466.55,2026-08-28 09:37:00,477.55,next_choch,10.0,650.0,104.56,545.44,0
IS,S1M_ON,ITM2,CE,NIFTY26SEP24000CE,2026-08-28 10:13:00,498.75,2026-08-28 10:31:00,500.2,next_choch,0.45,29.25,107.57,-78.32,0
IS,S1M_ON,ITM2,PE,NIFTY26SEP24200PE,2026-08-28 11:54:00,239.8,2026-08-28 12:04:00,245.7,next_choch,4.9,318.5,76.69,241.81,0
IS,S1M_ON,ITM2,PE,NIFTY26SEP24200PE,2026-08-28 12:11:00,252.3,2026-08-28 12:20:00,244.9,next_choch,-8.4,-546.0,76.98,-622.98,0
IS,S1M_ON,ITM2,PE,NIFTY26SEP24200PE,2026-08-28 12:23:00,252.65,2026-08-28 12:31:00,243.65,stop_loss,-10.0,-650.0,76.87,-726.87,0
IS,S1M_ON,ITM2,PE,NIFTY26SEP24200PE,2026-08-28 12:58:00,249.0,2026-08-28 13:11:00,241.65,stop_loss,-8.35,-542.75,76.58,-619.33,0
IS,S1M_ON,ITM2,CE,NIFTY26SEP24000CE,2026-08-28 13:40:00,456.9,2026-08-28 13:42:00,450.6,stop_loss,-7.3,-474.5,101.8,-576.3,0
IS,S1M_ON,ITM2,CE,NIFTY26SEP24000CE,2026-08-28 14:29:00,453.4,2026-08-28 14:40:00,452.45,next_choch,-1.95,-126.75,101.87,-228.62,0
IS,S1M_ON,ITM2,CE,NIFTY26SEP24000CE,2026-08-28 14:50:00,470.8,2026-08-28 15:00:00,458.8,next_choch,-13.0,-845.0,102.96,-947.96,0
IS,S1M_ON,ITM2,CE,NIFTY26SEP24000CE,2026-08-28 15:21:00,490.0,2026-08-31 09:15:00,387.55,stop_loss,-103.45,-6724.25,96.96,-6821.21,0
IS,S1M_ON,ITM2,PE,NIFTY26SEP24150PE,2026-08-31 09:18:00,251.0,2026-08-31 11:41:00,250.0,next_choch,-2.0,-130.0,77.41,-207.41,0
IS,S1M_ON,ITM2,CE,NIFTY26SEP23950CE,2026-08-31 11:18:00,416.4,2026-08-31 14:23:00,440.75,next_choch,23.35,1517.75,99.72,1418.03,0
IS,S1M_ON,ITM2,PE,NIFTY26SEP24150PE,2026-08-31 14:24:00,234.6,2026-08-31 14:25:00,232.55,stop_loss,-3.05,-198.25,75.33,-273.58,0
IS,S1M_ON,ITM2,CE,NIFTY26SEP23950CE,2026-08-31 14:38:00,444.65,2026-09-01 09:15:00,414.6,stop_loss,-31.05,-2018.25,98.14,-2116.39,0
IS,S1M_ON,ITM2,PE,NIFTY26SEP24150PE,2026-08-31 15:15:00,222.9,2026-08-31 15:20:00,211.85,stop_loss,-12.05,-783.25,73.09,-856.34,0
IS,S1M_ON,ITM2,PE,NIFTY26SEP24150PE,2026-09-01 09:16:00,249.65,2026-09-01 10:49:00,240.6,next_choch,-10.05,-653.25,76.5,-729.75,0
IS,S1M_ON,ITM2,CE,NIFTY26SEP23950CE,2026-09-01 10:30:00,401.1,2026-09-01 10:43:00,401.05,next_choch,-1.05,-68.25,95.63,-163.88,0
IS,S1M_ON,ITM2,CE,NIFTY26SEP23950CE,2026-09-01 10:48:00,401.85,2026-09-01 13:15:00,399.05,stop_loss,-3.8,-247.0,95.47,-342.47,0
IS,S1M_ON,ITM2,PE,NIFTY26SEP24150PE,2026-09-01 12:52:00,211.25,2026-09-03 09:33:00,268.5,next_choch,56.25,3656.25,77.96,3578.29,0
IS,S1M_ON,ITM2,CE,NIFTY26SEP23950CE,2026-09-01 15:29:00,356.0,2026-09-02 09:15:00,288.6,stop_loss,-68.4,-4446.0,83.99,-4529.99,0
IS,S1M_ON,ITM2,PE,NIFTY26SEP23950PE,2026-09-02 09:23:00,283.8,2026-09-02 09:58:00,262.9,next_choch,-21.9,-1423.5,79.54,-1503.04,0
IS,S1M_ON,ITM2,PE,NIFTY26SEP23950PE,2026-09-02 10:11:00,263.85,2026-09-02 10:14:00,258.15,stop_loss,-6.7,-435.5,78.53,-514.03,0
IS,S1M_ON,ITM2,PE,NIFTY26SEP23950PE,2026-09-02 11:04:00,269.3,2026-09-02 11:18:00,264.0,next_choch,-6.3,-409.5,79.22,-488.72,0
IS,S1M_ON,ITM2,PE,NIFTY26SEP23950PE,2026-09-02 11:25:00,272.15,2026-09-02 11:52:00,270.95,next_choch,-2.2,-143.0,79.94,-222.94,0
IS,S1M_ON,ITM2,PE,NIFTY26SEP23950PE,2026-09-02 12:04:00,280.5,2026-09-02 12:11:00,273.75,stop_loss,-7.75,-503.75,80.44,-584.19,0
IS,S1M_ON,ITM2,CE,NIFTY26SEP23750CE,2026-09-02 13:02:00,435.0,2026-09-02 13:31:00,428.7,next_choch,-7.3,-474.5,99.15,-573.65,0
IS,S1M_ON,ITM2,PE,NIFTY26SEP23950PE,2026-09-02 13:44:00,248.2,2026-09-02 13:48:00,245.0,stop_loss,-4.2,-273.0,76.87,-349.87,0
IS,S1M_ON,ITM2,CE,NIFTY26SEP23750CE,2026-09-02 14:01:00,440.0,2026-09-02 14:56:00,430.0,next_choch,-11.0,-715.0,99.42,-814.42,0
IS,S1M_ON,ITM2,PE,NIFTY26SEP23950PE,2026-09-02 14:57:00,247.15,2026-09-02 15:11:00,242.2,next_choch,-5.95,-386.75,76.58,-463.33,0
IS,S1M_ON,ITM2,CE,NIFTY26SEP23900CE,2026-09-03 09:33:00,379.1,2026-09-03 10:07:00,387.6,next_choch,7.5,487.5,93.76,393.74,0
IS,S1M_ON,ITM2,PE,NIFTY26SEP24100PE,2026-09-03 10:25:00,237.4,2026-09-03 11:35:00,255.05,next_choch,16.65,1082.25,77.48,1004.77,0
IS,S1M_ON,ITM2,PE,NIFTY26SEP24100PE,2026-09-03 11:46:00,263.0,2026-09-03 13:11:00,280.0,next_choch,16.0,1040.0,80.51,959.49,0
IS,S1M_ON,ITM2,CE,NIFTY26SEP23900CE,2026-09-03 13:12:00,340.2,2026-09-03 13:21:00,333.7,next_choch,-7.5,-487.5,87.68,-575.18,0
IS,S1M_ON,ITM2,PE,NIFTY26SEP24100PE,2026-09-03 13:41:00,291.6,2026-09-03 13:58:00,282.55,next_choch,-10.05,-653.25,81.57,-734.82,0
IS,S1M_ON,ITM2,CE,NIFTY26SEP23900CE,2026-09-03 13:57:00,331.85,2026-09-03 14:15:00,328.1,next_choch,-4.75,-308.75,86.92,-395.67,0
IS,S1M_ON,ITM2,PE,NIFTY26SEP24100PE,2026-09-03 14:15:00,289.1,2026-09-03 14:19:00,283.6,stop_loss,-6.5,-422.5,81.6,-504.1,0
IS,S1M_ON,ITM2,CE,NIFTY26SEP23900CE,2026-09-03 14:20:00,333.0,2026-09-03 14:31:00,331.85,next_choch,-2.15,-139.75,87.3,-227.05,0
IS,S1M_ON,ITM2,PE,NIFTY26SEP24100PE,2026-09-03 14:46:00,289.8,2026-09-03 15:13:00,290.85,next_choch,0.05,3.25,82.28,-79.03,0
IS,S1M_ON,ITM2,PE,NIFTY26SEP24100PE,2026-09-03 15:28:00,307.25,2026-09-04 09:15:00,288.7,stop_loss,-19.55,-1270.75,82.59,-1353.34,0
IS,S1M_ON,ITM2,CE,NIFTY26SEP23800CE,2026-09-04 09:18:00,397.65,2026-09-04 12:20:00,405.65,next_choch,7.0,455.0,95.96,359.04,0
IS,S1M_ON,ITM2,PE,NIFTY26SEP24000PE,2026-09-04 12:11:00,208.45,2026-09-04 13:45:00,211.05,next_choch,1.6,104.0,72.6,31.4,0
IS,S1M_ON,ITM2,CE,NIFTY26SEP23800CE,2026-09-04 13:15:00,410.55,2026-09-04 13:32:00,399.5,next_choch,-12.05,-783.25,95.76,-879.01,0
IS,S1M_ON,ITM2,CE,NIFTY26SEP23800CE,2026-09-04 13:46:00,409.95,2026-09-04 13:52:00,403.95,next_choch,-7.0,-455.0,96.15,-551.15,0
IS,S1M_ON,ITM2,CE,NIFTY26SEP23800CE,2026-09-04 14:05:00,407.4,2026-09-04 14:18:00,405.05,next_choch,-3.35,-217.75,96.18,-313.93,0
IS,S1M_ON,ITM2,CE,NIFTY26SEP23800CE,2026-09-04 14:25:00,413.8,2026-09-04 14:37:00,406.3,stop_loss,-8.5,-552.5,96.48,-648.98,0
IS,S1M_ON,ITM2,PE,NIFTY26SEP24000PE,2026-09-04 14:43:00,213.0,2026-09-04 14:58:00,211.6,next_choch,-2.4,-156.0,72.78,-228.78,0
IS,S1M_ON,ITM2,CE,NIFTY26SEP23750CE,2026-09-07 14:30:00,334.0,2026-09-07 14:38:00,323.0,stop_loss,-12.0,-780.0,86.52,-866.52,0
IS,S1M_ON,ITM2,PE,NIFTY26SEP23800PE,2026-09-08 11:31:00,241.0,2026-09-08 12:29:00,247.95,next_choch,5.95,386.75,76.93,309.82,0
IS,S1M_ON,ITM2,PE,NIFTY26SEP23800PE,2026-09-08 13:25:00,252.35,2026-09-08 14:03:00,257.1,next_choch,3.75,243.75,78.1,165.65,0
IS,S1M_ON,ITM2,PE,NIFTY26SEP23800PE,2026-09-08 15:23:00,257.45,2026-09-08 15:25:00,252.45,stop_loss,-6.0,-390.0,77.82,-467.82,0
IS,S1M_ON,ITM2,CE,NIFTY26SEP23400CE,2026-09-09 12:59:00,399.55,2026-09-09 13:10:00,382.2,next_choch,-18.35,-1192.75,93.85,-1286.6,0
IS,S1M_ON,ITM2,CE,NIFTY26SEP23400CE,2026-09-09 13:42:00,392.65,2026-09-09 13:54:00,380.65,stop_loss,-13.0,-845.0,93.51,-938.51,0
IS,S1M_ON,ITM2,CE,NIFTY26SEP23400CE,2026-09-09 14:02:00,394.25,2026-09-09 14:13:00,377.3,stop_loss,-17.95,-1166.75,93.25,-1260.0,0
IS,S1M_ON,ITM2,CE,NIFTY26SEP23350CE,2026-09-10 12:13:00,352.7,2026-09-10 12:30:00,346.35,next_choch,-7.35,-477.75,89.2,-566.95,0
IS,S1M_ON,ITM2,CE,NIFTY26SEP23350CE,2026-09-10 15:21:00,301.4,2026-09-11 09:15:00,216.5,stop_loss,-85.9,-5583.5,75.78,-5659.28,0
IS,S1M_ON,ITM2,PE,NIFTY26SEP23350PE,2026-09-11 10:51:00,235.6,2026-09-11 11:02:00,230.7,stop_loss,-5.9,-383.5,75.19,-458.69,0
IS,S1M_ON,ITM2,PE,NIFTY26SEP23350PE,2026-09-11 12:12:00,208.65,2026-09-11 12:32:00,204.15,next_choch,-5.5,-357.5,71.97,-429.47,0
IS,S1M_ON,ITM2,PE,NIFTY26SEP23350PE,2026-09-11 12:47:00,207.9,2026-09-11 12:58:00,201.9,next_choch,-7.0,-455.0,71.74,-526.74,0
IS,S1M_ON,ITM2,PE,NIFTY26SEP23350PE,2026-09-11 13:05:00,214.5,2026-09-11 13:23:00,211.15,next_choch,-4.35,-282.75,72.78,-355.53,0
IS,S1M_ON,ITM2,CE,NIFTY26SEP23150CE,2026-09-11 13:57:00,426.05,2026-09-11 14:21:00,444.05,next_choch,17.0,1105.0,100.31,1004.69,0
IS,S1M_ON,ITM2,CE,NIFTY26SEP23400CE,2026-09-15 12:03:00,215.05,2026-09-15 12:18:00,208.35,next_choch,-7.7,-500.5,72.54,-573.04,0
IS,S1M_ON,ITM2,CE,NIFTY26SEP23400CE,2026-09-15 12:29:00,212.65,2026-09-15 12:30:00,208.25,stop_loss,-5.4,-351.0,72.46,-423.46,0
IS,S1M_ON,ITM2,CE,NIFTY26SEP23150CE,2026-09-16 09:55:00,320.25,2026-09-16 10:11:00,297.45,next_choch,-23.8,-1547.0,83.77,-1630.77,0
IS,S1M_ON,ITM2,CE,NIFTY26SEP23150CE,2026-09-16 10:17:00,305.75,2026-09-16 11:20:00,309.05,next_choch,2.3,149.5,84.42,65.08,0
IS,S1M_ON,ITM2,CE,NIFTY26SEP23150CE,2026-09-16 12:32:00,310.4,2026-09-16 12:40:00,304.85,next_choch,-6.55,-425.75,84.17,-509.92,0
IS,S1M_ON,ITM2,CE,NIFTY26SEP23150CE,2026-09-16 13:07:00,323.65,2026-09-16 13:24:00,311.3,next_choch,-13.35,-867.75,85.14,-952.89,0
IS,S1M_ON,ITM2,PE,NIFTY26SEP23350PE,2026-09-16 13:29:00,254.8,2026-09-16 14:17:00,244.5,next_choch,-11.3,-734.5,77.01,-811.51,0
IS,S1M_ON,ITM2,CE,NIFTY26SEP23150CE,2026-09-16 14:16:00,304.75,2026-09-16 14:27:00,296.0,next_choch,-9.75,-633.75,83.19,-716.94,0
IS,S1M_ON,ITM2,PE,NIFTY26SEP23350PE,2026-09-16 14:37:00,258.1,2026-09-16 14:41:00,255.9,stop_loss,-3.2,-208.0,78.15,-286.15,0
IS,S1M_ON,ITM2,CE,NIFTY26SEP23150CE,2026-09-16 14:57:00,301.8,2026-09-16 14:59:00,293.0,stop_loss,-9.8,-637.0,82.83,-719.83,0
IS,S1M_ON,ITM2,PE,NIFTY26SEP23350PE,2026-09-16 15:00:00,265.25,2026-09-16 15:10:00,256.3,next_choch,-9.95,-646.75,78.4,-725.15,0
IS,S1M_ON,ITM2,CE,NIFTY26SEP23100CE,2026-09-17 09:32:00,339.9,2026-09-17 09:42:00,310.0,stop_loss,-30.9,-2008.5,85.49,-2093.99,0
IS,S1M_ON,ITM2,PE,NIFTY26SEP23300PE,2026-09-17 09:41:00,203.85,2026-09-17 09:52:00,194.1,next_choch,-10.75,-698.75,70.91,-769.66,0
IS,S1M_ON,ITM2,CE,NIFTY26SEP23100CE,2026-09-17 09:54:00,336.4,2026-09-17 10:22:00,351.0,next_choch,13.6,884.0,89.16,794.84,0
IS,S1M_ON,ITM2,PE,NIFTY26SEP23300PE,2026-09-17 10:33:00,186.55,2026-09-17 11:32:00,199.8,next_choch,12.25,796.25,70.93,725.32,0
IS,S1M_ON,ITM2,CE,NIFTY26SEP23100CE,2026-09-17 11:40:00,319.3,2026-09-17 13:35:00,313.0,next_choch,-7.3,-474.5,85.17,-559.67,0
IS,S1M_ON,ITM2,CE,NIFTY26SEP23100CE,2026-09-17 13:46:00,326.75,2026-09-17 13:54:00,317.1,stop_loss,-10.65,-692.25,85.77,-778.02,0
IS,S1M_ON,ITM2,CE,NIFTY26SEP23100CE,2026-09-17 14:07:00,329.85,2026-09-17 14:59:00,325.6,next_choch,-5.25,-341.25,86.64,-427.89,0
IS,S1M_ON,ITM2,PE,NIFTY26SEP23300PE,2026-09-17 14:59:00,185.95,2026-09-17 15:06:00,175.55,stop_loss,-11.4,-741.0,68.68,-809.68,0
IS,S1M_ON,ITM2,CE,NIFTY26SEP23100CE,2026-09-17 15:07:00,333.9,2026-09-18 09:27:00,332.95,next_choch,-1.95,-126.75,87.43,-214.18,0
IS,S1M_ON,ITM2,PE,NIFTY26SEP23450PE,2026-09-18 09:27:00,243.25,2026-09-18 09:36:00,239.2,next_choch,-5.05,-328.25,76.19,-404.44,0
IS,S1M_ON,ITM2,CE,NIFTY26SEP23250CE,2026-09-18 10:00:00,243.0,2026-09-18 10:04:00,235.4,stop_loss,-8.6,-559.0,75.83,-634.83,0
IS,S1M_ON,ITM2,PE,NIFTY26SEP23450PE,2026-09-18 11:05:00,247.0,2026-09-18 11:09:00,237.5,stop_loss,-10.5,-682.5,76.14,-758.64,0
IS,S1M_ON,ITM2,PE,NIFTY26SEP23450PE,2026-09-18 11:33:00,247.5,2026-09-18 11:39:00,241.05,stop_loss,-7.45,-484.25,76.48,-560.73,0
IS,S1M_ON,ITM2,CE,NIFTY26SEP23250CE,2026-09-18 11:53:00,234.05,2026-09-18 12:09:00,228.95,next_choch,-6.1,-396.5,74.98,-471.48,0
IS,S1M_ON,ITM2,CE,NIFTY26SEP23250CE,2026-09-18 12:12:00,234.1,2026-09-18 12:20:00,226.5,stop_loss,-8.6,-559.0,74.76,-633.76,0
IS,S1M_ON,ITM2,CE,NIFTY26SEP23250CE,2026-09-18 12:30:00,235.1,2026-09-18 12:45:00,234.0,next_choch,-2.1,-136.5,75.48,-211.98,0
IS,S1M_ON,ITM2,CE,NIFTY26SEP23250CE,2026-09-18 13:01:00,238.5,2026-09-18 13:10:00,238.5,next_choch,-1.0,-65.0,75.99,-140.99,0
IS,S1M_ON,ITM2,CE,NIFTY26SEP23250CE,2026-09-18 14:28:00,247.5,2026-09-18 14:38:00,247.2,next_choch,-1.3,-84.5,77.05,-161.55,0
IS,S1M_ON,ITM2,CE,NIFTY26SEP23250CE,2026-09-18 14:52:00,257.2,2026-09-18 15:05:00,246.9,next_choch,-11.3,-734.5,77.3,-811.8,0
IS,S1M_ON,ITM2,CE,NIFTY26SEP23250CE,2026-09-21 09:29:00,249.55,2026-09-21 09:37:00,243.0,next_choch,-7.55,-490.75,76.72,-567.47,0
IS,S1M_ON,ITM2,CE,NIFTY26SEP23250CE,2026-09-21 11:09:00,239.9,2026-09-21 11:18:00,236.15,stop_loss,-4.75,-308.75,75.81,-384.56,0
IS,S1M_ON,ITM2,CE,NIFTY26SEP23250CE,2026-09-21 11:30:00,243.3,2026-09-21 13:03:00,247.2,next_choch,2.9,188.5,76.93,111.57,0
IS,S1M_ON,ITM2,CE,NIFTY26SEP23250CE,2026-09-21 13:17:00,252.0,2026-09-21 14:59:00,269.5,next_choch,16.5,1072.5,79.23,993.27,0
IS,S1M_ON,ITM2,CE,NIFTY26SEP23350CE,2026-09-22 09:42:00,196.8,2026-09-22 09:49:00,193.0,next_choch,-4.8,-312.0,70.6,-382.6,0
IS,S1M_ON,ITM2,CE,NIFTY26SEP23350CE,2026-09-22 10:08:00,197.7,2026-09-22 10:16:00,192.05,stop_loss,-6.65,-432.25,70.54,-502.79,0
IS,S1M_ON,ITM2,PE,NIFTY26SEP23550PE,2026-09-22 10:41:00,213.15,2026-09-22 11:24:00,208.55,next_choch,-5.6,-364.0,72.5,-436.5,0
IS,S1M_ON,ITM2,PE,NIFTY26SEP23550PE,2026-09-22 11:31:00,221.7,2026-09-22 12:08:00,230.05,next_choch,7.35,477.75,74.73,403.02,0
IS,S1M_ON,ITM2,CE,NIFTY26SEP23350CE,2026-09-22 12:21:00,143.4,2026-09-22 12:30:00,136.3,next_choch,-8.1,-526.5,63.84,-590.34,0
IS,S1M_ON,ITM2,PE,NIFTY26SEP23550PE,2026-09-22 12:30:00,235.4,2026-09-22 13:34:00,242.15,next_choch,5.75,373.75,76.23,297.52,0
IS,S1M_ON,ITM2,CE,NIFTY26SEP23350CE,2026-09-22 13:28:00,130.05,2026-09-22 13:45:00,127.15,stop_loss,-3.9,-253.5,62.62,-316.12,0
IS,S1M_ON,ITM2,PE,NIFTY26SEP23550PE,2026-09-22 13:48:00,258.05,2026-09-22 14:12:00,249.35,next_choch,-9.7,-630.5,77.55,-708.05,0
IS,S1M_ON,ITM2,CE,NIFTY26SEP23350CE,2026-09-22 14:16:00,148.05,2026-09-22 14:58:00,142.15,next_choch,-6.9,-448.5,64.52,-513.02,0
IS,S1M_ON,ITM2,PE,NIFTY26SEP23550PE,2026-09-22 14:42:00,231.45,2026-09-22 15:11:00,224.0,next_choch,-8.45,-549.25,74.45,-623.7,0
IS,S1M_ON,ITM2,CE,NIFTY26SEP23350CE,2026-09-22 15:11:00,147.45,2026-09-22 15:15:00,139.35,stop_loss,-9.1,-591.5,64.24,-655.74,0
IS,S1M_ON,ITM2,CE,NIFTY26SEP23350CE,2026-09-22 15:25:00,147.5,2026-09-23 09:15:00,133.55,stop_loss,-14.95,-971.75,63.71,-1035.46,0
IS,S1M_ON,ITM2,CE,NIFTY26SEP23250CE,2026-09-23 09:19:00,233.75,2026-09-23 09:36:00,211.4,next_choch,-23.35,-1517.75,73.36,-1591.11,0
IS,S1M_ON,ITM2,CE,NIFTY26SEP23250CE,2026-09-23 09:47:00,221.75,2026-09-23 09:48:00,215.6,stop_loss,-7.15,-464.75,73.4,-538.15,0
IS,S1M_ON,ITM2,PE,NIFTY26SEP23450PE,2026-09-23 09:49:00,149.0,2026-09-23 09:56:00,148.4,next_choch,-1.6,-104.0,65.12,-169.12,0
IS,S1M_ON,ITM2,CE,NIFTY26SEP23250CE,2026-09-23 10:05:00,218.75,2026-09-23 10:07:00,212.5,stop_loss,-7.25,-471.25,73.03,-544.28,0
IS,S1M_ON,ITM2,CE,NIFTY26SEP23250CE,2026-09-23 10:18:00,225.6,2026-09-23 13:51:00,241.25,next_choch,14.65,952.25,75.87,876.38,0
IS,S1M_ON,ITM2,CE,NIFTY26SEP23250CE,2026-09-23 14:03:00,251.1,2026-09-23 14:34:00,255.2,next_choch,3.1,201.5,77.89,123.61,0
IS,S1M_ON,ITM2,PE,NIFTY26SEP23450PE,2026-09-23 15:02:00,115.05,2026-09-23 15:05:00,110.05,stop_loss,-6.0,-390.0,60.61,-450.61,0
IS,S1M_ON,ITM2,PE,NIFTY26SEP23350PE,2026-09-24 09:16:00,156.0,2026-09-25 14:37:00,186.3,next_choch,29.3,1904.5,68.81,1835.69,0
IS,S1M_ON,ITM2,CE,NIFTY26SEP23150CE,2026-09-24 11:19:00,174.75,2026-09-24 11:25:00,158.4,stop_loss,-17.35,-1127.75,66.78,-1194.53,0
IS,S1M_ON,ITM2,CE,NIFTY26SEP23150CE,2026-09-24 13:02:00,149.95,2026-09-24 13:10:00,149.55,next_choch,-1.4,-91.0,65.25,-156.25,0
IS,S1M_ON,ITM2,CE,NIFTY26SEP23000CE,2026-09-25 09:29:00,211.05,2026-09-25 09:36:00,193.55,stop_loss,-18.5,-1202.5,71.06,-1273.56,0
IS,S1M_ON,ITM2,PE,NIFTY26SEP23200PE,2026-09-25 09:37:00,157.65,2026-09-25 10:02:00,161.0,next_choch,2.35,152.75,66.53,86.22,0
IS,S1M_ON,ITM2,PE,NIFTY26SEP23200PE,2026-09-25 10:33:00,161.4,2026-09-25 10:55:00,162.25,next_choch,-0.15,-9.75,66.75,-76.5,0
IS,S1M_ON,ITM2,CE,NIFTY26SEP23000CE,2026-09-25 11:02:00,188.25,2026-09-25 11:25:00,182.7,next_choch,-6.55,-425.75,69.41,-495.16,0
IS,S1M_ON,ITM2,PE,NIFTY26SEP23200PE,2026-09-25 12:03:00,157.5,2026-09-25 12:26:00,151.3,next_choch,-7.2,-468.0,65.63,-533.63,0
IS,S1M_ON,ITM2,CE,NIFTY26SEP23000CE,2026-09-25 12:30:00,180.4,2026-09-25 12:36:00,170.25,stop_loss,-11.15,-724.75,68.03,-792.78,0
IS,S1M_ON,ITM2,PE,NIFTY26SEP23200PE,2026-09-25 12:42:00,159.55,2026-09-25 13:09:00,166.55,next_choch,6.0,390.0,67.09,322.91,0
IS,S1M_ON,ITM2,PE,NIFTY26SEP23200PE,2026-09-25 13:18:00,175.45,2026-09-25 13:29:00,174.0,next_choch,-2.45,-159.25,68.24,-227.49,0
IS,S1M_ON,ITM2,PE,NIFTY26SEP23200PE,2026-09-25 13:34:00,180.3,2026-09-25 13:42:00,171.5,stop_loss,-9.8,-637.0,68.15,-705.15,0
IS,S1M_ON,ITM2,CE,NIFTY26SEP23000CE,2026-09-25 13:42:00,155.35,2026-09-25 15:29:00,222.1,open,65.75,4273.75,72.08,4201.67,1
IS,S1M_ON,ITM1,CE,NIFTY26SEP24300CE,2026-08-26 10:43:00,398.7,2026-08-26 10:45:00,390.0,stop_loss,-9.7,-630.5,94.55,-725.05,0
IS,S1M_ON,ITM1,CE,NIFTY26SEP24300CE,2026-08-26 11:13:00,397.5,2026-08-26 11:17:00,390.9,stop_loss,-7.6,-494.0,94.6,-588.6,0
IS,S1M_ON,ITM1,CE,NIFTY26SEP24300CE,2026-08-26 11:44:00,387.45,2026-08-26 11:47:00,383.1,stop_loss,-5.35,-347.75,93.59,-441.34,0
IS,S1M_ON,ITM1,PE,NIFTY26SEP24400PE,2026-08-26 12:02:00,248.65,2026-08-26 12:45:00,248.9,next_choch,-0.75,-48.75,77.24,-125.99,0
IS,S1M_ON,ITM1,PE,NIFTY26SEP24400PE,2026-08-26 13:02:00,256.9,2026-08-26 13:06:00,246.95,stop_loss,-10.95,-711.75,77.3,-789.05,0
IS,S1M_ON,ITM1,PE,NIFTY26SEP24400PE,2026-08-26 13:16:00,258.0,2026-08-26 13:29:00,256.3,next_choch,-2.7,-175.5,78.19,-253.69,0
IS,S1M_ON,ITM1,PE,NIFTY26SEP24400PE,2026-08-26 13:47:00,260.2,2026-08-26 13:52:00,256.5,next_choch,-4.7,-305.5,78.27,-383.77,0
IS,S1M_ON,ITM1,CE,NIFTY26SEP24300CE,2026-08-26 14:12:00,365.0,2026-08-26 14:29:00,364.4,next_choch,-1.6,-104.0,91.22,-195.22,0
IS,S1M_ON,ITM1,CE,NIFTY26SEP24300CE,2026-08-26 14:46:00,372.0,2026-08-26 15:00:00,366.05,stop_loss,-6.95,-451.75,91.57,-543.32,0
IS,S1M_ON,ITM1,PE,NIFTY26SEP24400PE,2026-08-26 15:21:00,240.15,2026-08-27 13:12:00,283.85,next_choch,42.7,2775.5,80.21,2695.29,0
IS,S1M_ON,ITM1,PE,NIFTY26SEP24350PE,2026-08-27 13:46:00,275.0,2026-08-27 14:26:00,281.0,next_choch,5.0,325.0,80.95,244.05,0
IS,S1M_ON,ITM1,CE,NIFTY26SEP24250CE,2026-08-27 15:01:00,324.75,2026-08-27 15:04:00,319.05,next_choch,-6.7,-435.5,85.89,-521.39,0
IS,S1M_ON,ITM1,PE,NIFTY26SEP24350PE,2026-08-27 15:08:00,284.35,2026-08-28 09:25:00,286.2,next_choch,0.85,55.25,81.7,-26.45,0
IS,S1M_ON,ITM1,CE,NIFTY26SEP24050CE,2026-08-28 09:43:00,458.2,2026-08-28 10:06:00,444.2,next_choch,-15.0,-975.0,101.25,-1076.25,0
IS,S1M_ON,ITM1,PE,NIFTY26SEP24150PE,2026-08-28 09:51:00,199.0,2026-08-28 09:54:00,194.8,stop_loss,-5.2,-338.0,70.83,-408.83,0
IS,S1M_ON,ITM1,PE,NIFTY26SEP24150PE,2026-08-28 10:04:00,197.2,2026-08-28 10:07:00,193.5,next_choch,-4.7,-305.5,70.66,-376.16,0
IS,S1M_ON,ITM1,CE,NIFTY26SEP24050CE,2026-08-28 10:14:00,467.15,2026-08-28 11:07:00,454.6,next_choch,-13.55,-880.75,102.46,-983.21,0
IS,S1M_ON,ITM1,PE,NIFTY26SEP24150PE,2026-08-28 11:09:00,191.45,2026-08-28 11:14:00,183.2,stop_loss,-9.25,-601.25,69.54,-670.79,0
IS,S1M_ON,ITM1,PE,NIFTY26SEP24150PE,2026-08-28 11:21:00,193.8,2026-08-28 13:33:00,213.5,next_choch,18.7,1215.5,72.4,1143.1,0
IS,S1M_ON,ITM1,CE,NIFTY26SEP24050CE,2026-08-28 14:48:00,422.8,2026-08-31 09:15:00,356.95,stop_loss,-66.85,-4345.25,92.2,-4437.45,0
IS,S1M_ON,ITM1,PE,NIFTY26SEP24100PE,2026-08-31 09:19:00,229.05,2026-08-31 11:41:00,227.1,next_choch,-2.95,-191.75,74.67,-266.42,0
IS,S1M_ON,ITM1,CE,NIFTY26SEP24000CE,2026-08-31 11:35:00,390.05,2026-08-31 14:03:00,416.15,next_choch,25.1,1631.5,96.7,1534.8,0
IS,S1M_ON,ITM1,PE,NIFTY26SEP24100PE,2026-08-31 14:04:00,211.3,2026-08-31 14:35:00,211.45,next_choch,-0.85,-55.25,72.72,-127.97,0
IS,S1M_ON,ITM1,CE,NIFTY26SEP24000CE,2026-08-31 14:38:00,414.5,2026-08-31 15:05:00,424.0,next_choch,8.5,552.5,98.13,454.37,0
IS,S1M_ON,ITM1,PE,NIFTY26SEP24100PE,2026-09-01 09:16:00,229.0,2026-09-01 09:26:00,224.15,next_choch,-5.85,-380.25,74.39,-454.64,0
IS,S1M_ON,ITM1,PE,NIFTY26SEP24100PE,2026-09-01 09:54:00,237.4,2026-09-01 10:04:00,231.0,stop_loss,-7.4,-481.0,75.27,-556.27,0
IS,S1M_ON,ITM1,CE,NIFTY26SEP24000CE,2026-09-01 10:30:00,371.45,2026-09-01 13:10:00,375.0,next_choch,2.55,165.75,92.38,73.37,0
IS,S1M_ON,ITM1,PE,NIFTY26SEP24100PE,2026-09-01 13:01:00,200.3,2026-09-03 09:30:00,246.35,next_choch,45.05,2928.25,75.61,2852.64,0
IS,S1M_ON,ITM1,CE,NIFTY26SEP23800CE,2026-09-02 10:21:00,397.8,2026-09-02 10:38:00,392.0,next_choch,-6.8,-442.0,94.71,-536.71,0
IS,S1M_ON,ITM1,CE,NIFTY26SEP23800CE,2026-09-02 12:30:00,386.2,2026-09-02 13:40:00,395.5,next_choch,8.3,539.5,94.69,444.81,0
IS,S1M_ON,ITM1,PE,NIFTY26SEP23900PE,2026-09-02 13:40:00,228.25,2026-09-02 13:57:00,224.0,next_choch,-5.25,-341.25,74.36,-415.61,0
IS,S1M_ON,ITM1,CE,NIFTY26SEP23800CE,2026-09-02 13:59:00,400.3,2026-09-02 14:23:00,401.3,next_choch,0.0,0.0,95.63,-95.63,0
IS,S1M_ON,ITM1,PE,NIFTY26SEP23900PE,2026-09-02 14:24:00,225.0,2026-09-02 14:28:00,217.7,stop_loss,-8.3,-539.5,73.69,-613.19,0
IS,S1M_ON,ITM1,CE,NIFTY26SEP23800CE,2026-09-02 14:30:00,411.45,2026-09-02 14:53:00,401.0,next_choch,-11.45,-744.25,95.93,-840.18,0
IS,S1M_ON,ITM1,PE,NIFTY26SEP23900PE,2026-09-02 14:56:00,225.65,2026-09-02 15:11:00,222.45,next_choch,-4.2,-273.0,74.14,-347.14,0
IS,S1M_ON,ITM1,CE,NIFTY26SEP23950CE,2026-09-03 09:16:00,350.5,2026-09-03 10:15:00,351.2,next_choch,-0.3,-19.5,89.59,-109.09,0
IS,S1M_ON,ITM1,PE,NIFTY26SEP24050PE,2026-09-03 10:55:00,243.55,2026-09-03 11:26:00,242.75,next_choch,-1.8,-117.0,76.53,-193.53,0
IS,S1M_ON,ITM1,PE,NIFTY26SEP24050PE,2026-09-03 12:18:00,265.0,2026-09-03 12:31:00,264.35,next_choch,-1.65,-107.25,79.13,-186.38,0
IS,S1M_ON,ITM1,PE,NIFTY26SEP24050PE,2026-09-03 13:41:00,266.95,2026-09-03 14:01:00,261.5,next_choch,-6.45,-419.25,78.93,-498.18,0
IS,S1M_ON,ITM1,PE,NIFTY26SEP24050PE,2026-09-03 14:46:00,264.7,2026-09-03 15:13:00,266.8,next_choch,1.1,71.5,79.35,-7.85,0
IS,S1M_ON,ITM1,PE,NIFTY26SEP24050PE,2026-09-03 15:29:00,285.55,2026-09-04 09:15:00,263.3,stop_loss,-23.25,-1511.25,79.63,-1590.88,0
IS,S1M_ON,ITM1,CE,NIFTY26SEP23850CE,2026-09-04 09:46:00,367.0,2026-09-04 10:14:00,368.9,next_choch,0.9,58.5,91.69,-33.19,0
IS,S1M_ON,ITM1,CE,NIFTY26SEP23850CE,2026-09-04 10:18:00,378.55,2026-09-04 12:13:00,378.15,next_choch,-1.4,-91.0,92.88,-183.88,0
IS,S1M_ON,ITM1,PE,NIFTY26SEP23950PE,2026-09-04 12:37:00,198.95,2026-09-04 12:48:00,196.0,next_choch,-3.95,-256.75,70.94,-327.69,0
IS,S1M_ON,ITM1,PE,NIFTY26SEP23950PE,2026-09-04 14:44:00,191.7,2026-09-04 15:12:00,190.35,next_choch,-2.35,-152.75,70.21,-222.96,0
IS,S1M_ON,ITM1,PE,NIFTY26SEP23900PE,2026-09-07 14:39:00,238.2,2026-09-07 15:02:00,238.3,next_choch,-0.9,-58.5,75.96,-134.46,0
IS,S1M_ON,ITM1,PE,NIFTY26SEP23750PE,2026-09-08 09:23:00,217.55,2026-09-08 10:13:00,202.7,next_choch,-15.85,-1030.25,72.09,-1102.34,0
IS,S1M_ON,ITM1,PE,NIFTY26SEP23750PE,2026-09-08 10:36:00,215.9,2026-09-08 11:18:00,211.65,next_choch,-5.25,-341.25,72.87,-414.12,0
IS,S1M_ON,ITM1,PE,NIFTY26SEP23750PE,2026-09-08 11:31:00,217.4,2026-09-08 12:29:00,224.0,next_choch,5.6,364.0,74.05,289.95,0
IS,S1M_ON,ITM1,PE,NIFTY26SEP23750PE,2026-09-08 12:49:00,227.45,2026-09-08 12:51:00,224.1,stop_loss,-4.35,-282.75,74.35,-357.1,0
IS,S1M_ON,ITM1,PE,NIFTY26SEP23750PE,2026-09-08 13:23:00,227.75,2026-09-08 14:10:00,227.85,next_choch,-0.9,-58.5,74.7,-133.2,0
IS,S1M_ON,ITM1,PE,NIFTY26SEP23750PE,2026-09-08 14:23:00,229.9,2026-09-08 14:35:00,223.8,stop_loss,-7.1,-461.5,74.39,-535.89,0
IS,S1M_ON,ITM1,PE,NIFTY26SEP23750PE,2026-09-08 14:52:00,229.75,2026-09-08 15:10:00,222.45,stop_loss,-8.3,-539.5,74.26,-613.76,0
IS,S1M_ON,ITM1,PE,NIFTY26SEP23750PE,2026-09-08 15:21:00,232.0,2026-09-09 09:44:00,294.3,next_choch,61.3,3984.5,80.93,3903.57,0
IS,S1M_ON,ITM1,CE,NIFTY26SEP23450CE,2026-09-09 14:06:00,360.8,2026-09-09 14:18:00,343.25,stop_loss,-18.55,-1205.75,89.15,-1294.9,0
IS,S1M_ON,ITM1,CE,NIFTY26SEP23400CE,2026-09-10 11:59:00,313.0,2026-09-10 12:34:00,310.35,next_choch,-3.65,-237.25,84.75,-322.0,0
IS,S1M_ON,ITM1,PE,NIFTY26SEP23500PE,2026-09-10 12:31:00,206.1,2026-09-10 12:45:00,202.5,next_choch,-4.6,-299.0,71.74,-370.74,0
IS,S1M_ON,ITM1,PE,NIFTY26SEP23500PE,2026-09-10 12:55:00,208.2,2026-09-10 13:09:00,214.65,next_choch,5.45,354.25,72.92,281.33,0
IS,S1M_ON,ITM1,CE,NIFTY26SEP23400CE,2026-09-10 13:13:00,304.65,2026-09-10 13:28:00,300.0,stop_loss,-5.65,-367.25,83.55,-450.8,0
IS,S1M_ON,ITM1,CE,NIFTY26SEP23400CE,2026-09-10 13:40:00,300.05,2026-09-10 13:48:00,293.0,stop_loss,-8.05,-523.25,82.78,-606.03,0
IS,S1M_ON,ITM1,PE,NIFTY26SEP23500PE,2026-09-10 14:03:00,223.6,2026-09-10 14:21:00,225.5,next_choch,0.9,58.5,74.36,-15.86,0
IS,S1M_ON,ITM1,PE,NIFTY26SEP23500PE,2026-09-10 14:37:00,234.6,2026-09-10 14:46:00,225.2,stop_loss,-10.4,-676.0,74.65,-750.65,0
IS,S1M_ON,ITM1,CE,NIFTY26SEP23400CE,2026-09-10 14:44:00,283.7,2026-09-10 15:00:00,274.0,stop_loss,-10.7,-695.5,80.56,-776.06,0
IS,S1M_ON,ITM1,CE,NIFTY26SEP23400CE,2026-09-10 15:24:00,278.6,2026-09-11 09:15:00,194.7,stop_loss,-84.9,-5518.5,73.12,-5591.62,0
IS,S1M_ON,ITM1,CE,NIFTY26SEP23200CE,2026-09-11 11:44:00,378.0,2026-09-11 11:48:00,370.0,stop_loss,-9.0,-585.0,92.11,-677.11,0
IS,S1M_ON,ITM1,CE,NIFTY26SEP23200CE,2026-09-11 12:35:00,367.0,2026-09-11 12:37:00,364.8,next_choch,-3.2,-208.0,91.31,-299.31,0
IS,S1M_ON,ITM1,CE,NIFTY26SEP23200CE,2026-09-11 13:56:00,385.85,2026-09-11 15:28:00,405.65,next_choch,18.8,1222.0,95.61,1126.39,0
IS,S1M_ON,ITM1,PE,NIFTY26SEP23300PE,2026-09-16 09:27:00,231.1,2026-09-16 09:54:00,227.5,next_choch,-4.6,-299.0,74.76,-373.76,0
IS,S1M_ON,ITM1,PE,NIFTY26SEP23300PE,2026-09-16 10:04:00,243.0,2026-09-16 10:17:00,236.9,next_choch,-7.1,-461.5,75.97,-537.47,0
IS,S1M_ON,ITM1,CE,NIFTY26SEP23200CE,2026-09-16 10:25:00,281.05,2026-09-16 10:31:00,276.45,next_choch,-5.6,-364.0,80.71,-444.71,0
IS,S1M_ON,ITM1,CE,NIFTY26SEP23200CE,2026-09-16 10:43:00,290.65,2026-09-16 10:54:00,287.2,next_choch,-4.45,-289.25,81.97,-371.22,0
IS,S1M_ON,ITM1,PE,NIFTY26SEP23300PE,2026-09-16 11:20:00,228.6,2026-09-16 11:50:00,230.5,next_choch,0.9,58.5,74.97,-16.47,0
IS,S1M_ON,ITM1,PE,NIFTY26SEP23300PE,2026-09-16 11:56:00,242.8,2026-09-16 12:06:00,238.0,next_choch,-5.8,-377.0,76.07,-453.07,0
IS,S1M_ON,ITM1,CE,NIFTY26SEP23200CE,2026-09-16 12:32:00,278.9,2026-09-16 12:59:00,277.65,next_choch,-2.25,-146.25,80.76,-227.01,0
IS,S1M_ON,ITM1,CE,NIFTY26SEP23200CE,2026-09-16 13:06:00,289.95,2026-09-16 13:23:00,281.55,next_choch,-9.4,-611.0,81.43,-692.43,0
IS,S1M_ON,ITM1,PE,NIFTY26SEP23300PE,2026-09-16 13:37:00,230.5,2026-09-16 13:51:00,230.8,next_choch,-0.7,-45.5,75.05,-120.55,0
IS,S1M_ON,ITM1,CE,NIFTY26SEP23200CE,2026-09-16 14:14:00,271.1,2026-09-16 14:28:00,265.3,next_choch,-6.8,-442.0,79.39,-521.39,0
IS,S1M_ON,ITM1,PE,NIFTY26SEP23300PE,2026-09-16 14:30:00,232.05,2026-09-16 14:35:00,229.8,next_choch,-3.25,-211.25,75.0,-286.25,0
IS,S1M_ON,ITM1,CE,NIFTY26SEP23200CE,2026-09-16 14:56:00,267.5,2026-09-16 14:59:00,259.1,stop_loss,-9.4,-611.0,78.72,-689.72,0
IS,S1M_ON,ITM1,PE,NIFTY26SEP23300PE,2026-09-16 15:00:00,238.55,2026-09-16 15:15:00,232.1,next_choch,-7.45,-484.25,75.4,-559.65,0
IS,S1M_ON,ITM1,CE,NIFTY26SEP23150CE,2026-09-17 09:19:00,304.0,2026-09-17 09:43:00,284.6,next_choch,-20.4,-1326.0,82.12,-1408.12,0
IS,S1M_ON,ITM1,PE,NIFTY26SEP23250PE,2026-09-17 09:41:00,182.2,2026-09-17 09:52:00,173.7,next_choch,-9.5,-617.5,68.4,-685.9,0
IS,S1M_ON,ITM1,CE,NIFTY26SEP23150CE,2026-09-17 10:04:00,310.25,2026-09-17 10:23:00,311.0,next_choch,-0.25,-16.25,84.73,-100.98,0
IS,S1M_ON,ITM1,PE,NIFTY26SEP23250PE,2026-09-17 10:45:00,174.45,2026-09-17 10:51:00,170.25,next_choch,-5.2,-338.0,67.86,-405.86,0
IS,S1M_ON,ITM1,PE,NIFTY26SEP23250PE,2026-09-17 11:00:00,179.0,2026-09-17 11:32:00,178.1,next_choch,-1.9,-123.5,68.72,-192.22,0
IS,S1M_ON,ITM1,CE,NIFTY26SEP23150CE,2026-09-17 11:42:00,290.7,2026-09-17 13:28:00,288.9,next_choch,-2.8,-182.0,82.13,-264.13,0
IS,S1M_ON,ITM1,CE,NIFTY26SEP23150CE,2026-09-17 14:21:00,299.6,2026-09-17 14:26:00,290.0,next_choch,-10.6,-689.0,82.49,-771.49,0
IS,S1M_ON,ITM1,CE,NIFTY26SEP23150CE,2026-09-17 15:10:00,300.0,2026-09-18 09:27:00,297.15,next_choch,-3.85,-250.25,83.16,-333.41,0
IS,S1M_ON,ITM1,PE,NIFTY26SEP23400PE,2026-09-18 09:30:00,224.0,2026-09-18 09:42:00,209.0,next_choch,-16.0,-1040.0,72.86,-1112.86,0
IS,S1M_ON,ITM1,CE,NIFTY26SEP23300CE,2026-09-18 10:00:00,211.45,2026-09-18 10:05:00,204.05,stop_loss,-8.4,-546.0,72.04,-618.04,0
IS,S1M_ON,ITM1,PE,NIFTY26SEP23400PE,2026-09-18 10:32:00,212.1,2026-09-18 10:51:00,207.5,next_choch,-5.6,-364.0,72.38,-436.38,0
IS,S1M_ON,ITM1,PE,NIFTY26SEP23400PE,2026-09-18 11:01:00,213.85,2026-09-18 11:11:00,210.0,next_choch,-4.85,-315.25,72.66,-387.91,0
IS,S1M_ON,ITM1,PE,NIFTY26SEP23400PE,2026-09-18 11:33:00,218.9,2026-09-18 11:36:00,213.9,stop_loss,-6.0,-390.0,73.16,-463.16,0
IS,S1M_ON,ITM1,CE,NIFTY26SEP23300CE,2026-09-18 11:53:00,201.9,2026-09-18 12:08:00,196.7,next_choch,-6.2,-403.0,71.09,-474.09,0
IS,S1M_ON,ITM1,CE,NIFTY26SEP23300CE,2026-09-18 12:29:00,201.0,2026-09-18 12:45:00,202.2,next_choch,0.2,13.0,71.57,-58.57,0
IS,S1M_ON,ITM1,CE,NIFTY26SEP23300CE,2026-09-18 13:01:00,206.25,2026-09-18 13:10:00,206.95,next_choch,-0.3,-19.5,72.16,-91.66,0
IS,S1M_ON,ITM1,CE,NIFTY26SEP23300CE,2026-09-18 14:05:00,201.0,2026-09-18 14:44:00,204.8,next_choch,2.8,182.0,71.81,110.19,0
IS,S1M_ON,ITM1,CE,NIFTY26SEP23300CE,2026-09-18 14:52:00,223.1,2026-09-18 15:05:00,213.85,next_choch,-10.25,-666.25,73.28,-739.53,0
IS,S1M_ON,ITM1,CE,NIFTY26SEP23300CE,2026-09-21 09:29:00,216.05,2026-09-21 10:01:00,206.45,next_choch,-10.6,-689.0,72.39,-761.39,0
IS,S1M_ON,ITM1,CE,NIFTY26SEP23300CE,2026-09-21 10:59:00,204.0,2026-09-21 11:18:00,200.9,next_choch,-4.1,-266.5,71.53,-338.03,0
IS,S1M_ON,ITM1,CE,NIFTY26SEP23300CE,2026-09-21 11:33:00,211.3,2026-09-21 13:03:00,212.8,next_choch,0.5,32.5,72.84,-40.34,0
IS,S1M_ON,ITM1,CE,NIFTY26SEP23300CE,2026-09-21 13:19:00,220.0,2026-09-21 14:59:00,231.85,next_choch,10.85,705.25,74.84,630.41,0
IS,S1M_ON,ITM1,CE,NIFTY26SEP23400CE,2026-09-22 09:42:00,163.8,2026-09-22 09:51:00,158.5,next_choch,-6.3,-409.5,66.47,-475.97,0
IS,S1M_ON,ITM1,CE,NIFTY26SEP23400CE,2026-09-22 10:00:00,162.3,2026-09-22 10:16:00,159.15,next_choch,-4.15,-269.75,66.49,-336.24,0
IS,S1M_ON,ITM1,PE,NIFTY26SEP23500PE,2026-09-22 11:31:00,189.9,2026-09-22 12:08:00,196.7,next_choch,5.8,377.0,70.74,306.26,0
IS,S1M_ON,ITM1,PE,NIFTY26SEP23500PE,2026-09-22 12:15:00,205.65,2026-09-22 12:18:00,198.5,stop_loss,-8.15,-529.75,71.36,-601.11,0
IS,S1M_ON,ITM1,PE,NIFTY26SEP23500PE,2026-09-22 12:45:00,205.4,2026-09-22 13:07:00,207.4,next_choch,1.0,65.0,72.17,-7.17,0
IS,S1M_ON,ITM1,PE,NIFTY26SEP23500PE,2026-09-22 13:20:00,216.4,2026-09-22 13:27:00,212.95,next_choch,-4.45,-289.25,73.0,-362.25,0
IS,S1M_ON,ITM1,PE,NIFTY26SEP23500PE,2026-09-22 13:46:00,217.8,2026-09-22 14:14:00,202.2,stop_loss,-16.6,-1079.0,72.05,-1151.05,0
IS,S1M_ON,ITM1,CE,NIFTY26SEP23400CE,2026-09-22 14:17:00,128.55,2026-09-22 14:41:00,124.1,next_choch,-5.45,-354.25,62.29,-416.54,0
IS,S1M_ON,ITM1,PE,NIFTY26SEP23500PE,2026-09-22 14:42:00,198.15,2026-09-22 15:11:00,191.15,next_choch,-8.0,-520.0,70.47,-590.47,0
IS,S1M_ON,ITM1,CE,NIFTY26SEP23300CE,2026-09-23 09:19:00,198.6,2026-09-23 09:48:00,177.25,next_choch,-22.35,-1452.75,69.2,-1521.95,0
IS,S1M_ON,ITM1,PE,NIFTY26SEP23400PE,2026-09-23 09:49:00,123.4,2026-09-23 09:56:00,122.4,next_choch,-2.0,-130.0,61.99,-191.99,0
IS,S1M_ON,ITM1,CE,NIFTY26SEP23300CE,2026-09-23 09:59:00,182.15,2026-09-23 10:10:00,173.2,stop_loss,-9.95,-646.75,68.36,-715.11,0
IS,S1M_ON,ITM1,CE,NIFTY26SEP23300CE,2026-09-23 10:18:00,189.5,2026-09-23 13:51:00,202.85,next_choch,12.35,802.75,71.3,731.45,0
IS,S1M_ON,ITM1,CE,NIFTY26SEP23300CE,2026-09-23 14:03:00,212.5,2026-09-23 14:34:00,216.0,next_choch,2.5,162.5,73.17,89.33,0
IS,S1M_ON,ITM1,PE,NIFTY26SEP23300PE,2026-09-24 09:16:00,128.05,2026-09-25 14:30:00,155.95,next_choch,26.9,1748.5,65.21,1683.29,0
IS,S1M_ON,ITM1,CE,NIFTY26SEP23050CE,2026-09-25 09:29:00,175.6,2026-09-25 09:52:00,137.25,next_choch,-39.35,-2557.75,64.86,-2622.61,0
IS,S1M_ON,ITM1,PE,NIFTY26SEP23150PE,2026-09-25 09:37:00,129.4,2026-09-25 10:02:00,132.7,next_choch,2.3,149.5,63.11,86.39,0
IS,S1M_ON,ITM1,CE,NIFTY26SEP23050CE,2026-09-25 10:02:00,148.1,2026-09-25 10:28:00,152.1,next_choch,3.0,195.0,65.43,129.57,0
IS,S1M_ON,ITM1,PE,NIFTY26SEP23150PE,2026-09-25 10:33:00,132.3,2026-09-25 10:55:00,133.0,next_choch,-0.3,-19.5,63.22,-82.72,0
IS,S1M_ON,ITM1,CE,NIFTY26SEP23050CE,2026-09-25 11:02:00,154.0,2026-09-25 11:25:00,149.0,next_choch,-6.0,-390.0,65.32,-455.32,0
IS,S1M_ON,ITM1,PE,NIFTY26SEP23150PE,2026-09-25 12:03:00,127.6,2026-09-25 12:26:00,122.45,next_choch,-6.15,-399.75,62.11,-461.86,0
IS,S1M_ON,ITM1,CE,NIFTY26SEP23050CE,2026-09-25 12:31:00,147.45,2026-09-25 12:36:00,137.3,stop_loss,-11.15,-724.75,64.05,-788.8,0
IS,S1M_ON,ITM1,PE,NIFTY26SEP23150PE,2026-09-25 12:42:00,129.4,2026-09-25 13:09:00,135.5,next_choch,5.1,331.5,63.37,268.13,0
IS,S1M_ON,ITM1,PE,NIFTY26SEP23150PE,2026-09-25 13:18:00,143.85,2026-09-25 13:29:00,141.7,next_choch,-3.15,-204.75,64.35,-269.1,0
IS,S1M_ON,ITM1,PE,NIFTY26SEP23150PE,2026-09-25 13:33:00,146.15,2026-09-25 13:41:00,140.45,stop_loss,-6.7,-435.5,64.31,-499.81,0
IS,S1M_ON,ITM1,CE,NIFTY26SEP23050CE,2026-09-25 13:56:00,130.15,2026-09-25 15:00:00,177.45,next_choch,46.3,3009.5,67.24,2942.26,0
IS,S1M_ON,ITM1,CE,NIFTY26SEP23050CE,2026-09-25 15:21:00,185.0,2026-09-25 15:23:00,181.35,next_choch,-4.65,-302.25,69.19,-371.44,0
IS,S1M_ON,OTM1,CE,NIFTY26SEP24400CE,2026-08-26 10:39:00,333.0,2026-08-26 10:40:00,328.05,stop_loss,-5.95,-386.75,86.95,-473.7,0
IS,S1M_ON,OTM1,CE,NIFTY26SEP24400CE,2026-08-26 11:13:00,333.85,2026-08-26 11:17:00,329.1,stop_loss,-5.75,-373.75,87.07,-460.82,0
IS,S1M_ON,OTM1,PE,NIFTY26SEP24300PE,2026-08-26 12:10:00,215.1,2026-08-26 12:18:00,204.8,stop_loss,-11.3,-734.5,72.21,-806.71,0
IS,S1M_ON,OTM1,PE,NIFTY26SEP24300PE,2026-08-26 12:30:00,212.4,2026-08-26 12:35:00,207.4,stop_loss,-6.0,-390.0,72.38,-462.38,0
IS,S1M_ON,OTM1,PE,NIFTY26SEP24300PE,2026-08-26 13:02:00,215.75,2026-08-26 13:06:00,207.2,stop_loss,-9.55,-620.75,72.45,-693.2,0
IS,S1M_ON,OTM1,PE,NIFTY26SEP24300PE,2026-08-26 13:16:00,217.25,2026-08-26 13:29:00,214.75,next_choch,-3.5,-227.5,73.19,-300.69,0
IS,S1M_ON,OTM1,PE,NIFTY26SEP24300PE,2026-08-26 13:44:00,218.85,2026-08-26 14:00:00,217.35,next_choch,-2.5,-162.5,73.48,-235.98,0
IS,S1M_ON,OTM1,CE,NIFTY26SEP24400CE,2026-08-26 14:31:00,307.9,2026-08-26 15:00:00,304.05,next_choch,-4.85,-315.25,84.02,-399.27,0
IS,S1M_ON,OTM1,PE,NIFTY26SEP24300PE,2026-08-26 15:23:00,204.0,2026-08-27 12:49:00,246.5,next_choch,41.5,2697.5,75.73,2621.77,0
IS,S1M_ON,OTM1,CE,NIFTY26SEP24350CE,2026-08-27 13:14:00,282.75,2026-08-27 13:28:00,276.4,next_choch,-7.35,-477.75,80.75,-558.5,0
IS,S1M_ON,OTM1,CE,NIFTY26SEP24350CE,2026-08-27 13:39:00,281.05,2026-08-27 13:41:00,275.6,stop_loss,-6.45,-419.25,80.63,-499.88,0
IS,S1M_ON,OTM1,CE,NIFTY26SEP24350CE,2026-08-27 14:22:00,260.1,2026-08-27 15:15:00,256.8,stop_loss,-4.3,-279.5,78.3,-357.8,0
IS,S1M_ON,OTM1,PE,NIFTY26SEP24050PE,2026-08-28 10:05:00,164.05,2026-08-28 10:07:00,160.85,stop_loss,-4.2,-273.0,66.7,-339.7,0
IS,S1M_ON,OTM1,CE,NIFTY26SEP24150CE,2026-08-28 10:13:00,392.65,2026-08-28 11:09:00,384.0,stop_loss,-9.65,-627.25,93.82,-721.07,0
IS,S1M_ON,OTM1,PE,NIFTY26SEP24050PE,2026-08-28 11:10:00,158.0,2026-08-28 13:37:00,177.55,next_choch,18.55,1205.75,68.06,1137.69,0
IS,S1M_ON,OTM1,PE,NIFTY26SEP24050PE,2026-08-28 13:50:00,182.3,2026-08-28 13:59:00,177.3,stop_loss,-6.0,-390.0,68.74,-458.74,0
IS,S1M_ON,OTM1,CE,NIFTY26SEP24150CE,2026-08-28 14:50:00,369.6,2026-08-28 15:03:00,351.0,stop_loss,-19.6,-1274.0,90.12,-1364.12,0
IS,S1M_ON,OTM1,PE,NIFTY26SEP24050PE,2026-08-28 15:03:00,178.95,2026-08-28 15:11:00,165.9,stop_loss,-14.05,-913.25,67.59,-980.84,0
IS,S1M_ON,OTM1,CE,NIFTY26SEP24150CE,2026-08-28 15:20:00,385.75,2026-08-31 09:15:00,296.55,stop_loss,-90.2,-5863.0,85.58,-5948.58,0
IS,S1M_ON,OTM1,PE,NIFTY26SEP24000PE,2026-08-31 09:26:00,194.0,2026-08-31 11:41:00,190.0,next_choch,-5.0,-325.0,70.24,-395.24,0
IS,S1M_ON,OTM1,CE,NIFTY26SEP24100CE,2026-08-31 11:42:00,331.5,2026-08-31 11:47:00,328.25,next_choch,-4.25,-276.25,86.93,-363.18,0
IS,S1M_ON,OTM1,CE,NIFTY26SEP24100CE,2026-08-31 11:50:00,336.25,2026-08-31 14:00:00,357.95,next_choch,20.7,1345.5,89.8,1255.7,0
IS,S1M_ON,OTM1,PE,NIFTY26SEP24000PE,2026-08-31 14:04:00,176.95,2026-08-31 14:35:00,175.6,next_choch,-2.35,-152.75,68.43,-221.18,0
IS,S1M_ON,OTM1,CE,NIFTY26SEP24100CE,2026-08-31 14:42:00,360.4,2026-08-31 15:05:00,358.0,next_choch,-3.4,-221.0,90.5,-311.5,0
IS,S1M_ON,OTM1,PE,NIFTY26SEP24000PE,2026-09-01 09:47:00,195.2,2026-09-01 10:22:00,183.1,next_choch,-13.1,-851.5,69.64,-921.14,0
IS,S1M_ON,OTM1,CE,NIFTY26SEP24100CE,2026-09-01 10:50:00,313.95,2026-09-01 11:02:00,317.75,next_choch,2.8,182.0,85.46,96.54,0
IS,S1M_ON,OTM1,CE,NIFTY26SEP24100CE,2026-09-01 11:08:00,330.0,2026-09-01 12:24:00,339.3,next_choch,8.3,539.5,87.9,451.6,0
IS,S1M_ON,OTM1,PE,NIFTY26SEP24000PE,2026-09-01 12:17:00,153.85,2026-09-03 09:15:00,196.8,next_choch,41.95,2726.75,69.71,2657.04,0
IS,S1M_ON,OTM1,CE,NIFTY26SEP24100CE,2026-09-01 12:30:00,347.05,2026-09-01 12:33:00,343.5,stop_loss,-4.55,-295.75,88.78,-384.53,0
IS,S1M_ON,OTM1,CE,NIFTY26SEP23900CE,2026-09-02 13:02:00,338.45,2026-09-02 13:07:00,328.15,stop_loss,-11.3,-734.5,87.12,-821.62,0
IS,S1M_ON,OTM1,CE,NIFTY26SEP23900CE,2026-09-02 13:25:00,340.0,2026-09-02 13:31:00,332.55,stop_loss,-8.45,-549.25,87.57,-636.82,0
IS,S1M_ON,OTM1,PE,NIFTY26SEP23800PE,2026-09-02 13:31:00,188.3,2026-09-02 13:59:00,185.15,next_choch,-4.15,-269.75,69.63,-339.38,0
IS,S1M_ON,OTM1,CE,NIFTY26SEP23900CE,2026-09-02 13:59:00,336.95,2026-09-02 14:24:00,334.7,stop_loss,-3.25,-211.25,87.68,-298.93,0
IS,S1M_ON,OTM1,CE,NIFTY26SEP23900CE,2026-09-02 14:30:00,347.4,2026-09-02 14:53:00,336.65,next_choch,-11.75,-763.75,88.16,-851.91,0
IS,S1M_ON,OTM1,PE,NIFTY26SEP23800PE,2026-09-02 14:56:00,188.2,2026-09-02 15:10:00,184.95,next_choch,-4.25,-276.25,69.61,-345.86,0
IS,S1M_ON,OTM1,CE,NIFTY26SEP24050CE,2026-09-03 09:16:00,291.85,2026-09-03 10:37:00,268.4,next_choch,-24.45,-1589.25,80.28,-1669.53,0
IS,S1M_ON,OTM1,PE,NIFTY26SEP23950PE,2026-09-03 10:41:00,194.0,2026-09-03 11:49:00,195.25,next_choch,0.25,16.25,70.73,-54.48,0
IS,S1M_ON,OTM1,CE,NIFTY26SEP24050CE,2026-09-03 11:29:00,269.1,2026-09-03 11:53:00,264.7,next_choch,-5.4,-351.0,79.28,-430.28,0
IS,S1M_ON,OTM1,PE,NIFTY26SEP23950PE,2026-09-03 12:01:00,204.75,2026-09-03 13:11:00,210.3,next_choch,4.55,295.75,72.42,223.33,0
IS,S1M_ON,OTM1,CE,NIFTY26SEP24050CE,2026-09-03 12:53:00,253.0,2026-09-03 12:56:00,248.0,stop_loss,-6.0,-390.0,77.28,-467.28,0
IS,S1M_ON,OTM1,PE,NIFTY26SEP23950PE,2026-09-03 14:39:00,216.75,2026-09-03 14:50:00,216.1,next_choch,-1.65,-107.25,73.3,-180.55,0
IS,S1M_ON,OTM1,PE,NIFTY26SEP23950PE,2026-09-03 14:56:00,219.45,2026-09-04 09:15:00,218.1,stop_loss,-2.35,-152.75,73.56,-226.31,0
IS,S1M_ON,OTM1,CE,NIFTY26SEP23950CE,2026-09-04 10:00:00,320.0,2026-09-04 10:09:00,314.65,stop_loss,-6.35,-412.75,85.35,-498.1,0
IS,S1M_ON,OTM1,CE,NIFTY26SEP23950CE,2026-09-04 10:28:00,323.15,2026-09-04 11:14:00,319.2,next_choch,-4.95,-321.75,85.85,-407.6,0
IS,S1M_ON,OTM1,CE,NIFTY26SEP23950CE,2026-09-04 11:25:00,328.0,2026-09-04 12:04:00,320.15,next_choch,-8.85,-575.25,86.08,-661.33,0
IS,S1M_ON,OTM1,CE,NIFTY26SEP23950CE,2026-09-04 14:26:00,316.85,2026-09-04 14:37:00,309.8,stop_loss,-8.05,-523.25,84.81,-608.06,0
IS,S1M_ON,OTM1,PE,NIFTY26SEP23850PE,2026-09-04 15:02:00,156.35,2026-09-04 15:12:00,153.05,stop_loss,-4.3,-279.5,65.76,-345.26,0
IS,S1M_ON,OTM1,PE,NIFTY26SEP23850PE,2026-09-04 15:21:00,158.3,2026-09-07 14:24:00,204.75,next_choch,45.45,2954.25,70.57,2883.68,0
IS,S1M_ON,OTM1,PE,NIFTY26SEP23800PE,2026-09-07 14:39:00,194.35,2026-09-07 15:02:00,194.4,next_choch,-0.95,-61.75,70.66,-132.41,0
IS,S1M_ON,OTM1,PE,NIFTY26SEP23650PE,2026-09-08 10:36:00,174.7,2026-09-08 10:50:00,167.7,stop_loss,-8.0,-520.0,67.64,-587.64,0
IS,S1M_ON,OTM1,PE,NIFTY26SEP23650PE,2026-09-08 11:32:00,174.85,2026-09-08 11:35:00,175.2,next_choch,-0.65,-42.25,68.33,-110.58,0
IS,S1M_ON,OTM1,PE,NIFTY26SEP23650PE,2026-09-08 11:49:00,179.2,2026-09-08 12:23:00,181.5,next_choch,1.3,84.5,69.03,15.47,0
IS,S1M_ON,OTM1,PE,NIFTY26SEP23650PE,2026-09-08 13:04:00,183.45,2026-09-08 13:14:00,180.3,next_choch,-4.15,-269.75,69.05,-338.8,0
IS,S1M_ON,OTM1,PE,NIFTY26SEP23650PE,2026-09-08 13:28:00,185.15,2026-09-08 14:05:00,184.55,next_choch,-1.6,-104.0,69.49,-173.49,0
IS,S1M_ON,OTM1,PE,NIFTY26SEP23650PE,2026-09-08 15:21:00,187.2,2026-09-08 15:26:00,181.15,stop_loss,-7.05,-458.25,69.23,-527.48,0
IS,S1M_ON,OTM1,PE,NIFTY26SEP23450PE,2026-09-09 09:16:00,172.25,2026-09-09 10:20:00,159.15,next_choch,-14.1,-916.5,66.78,-983.28,0
IS,S1M_ON,OTM1,PE,NIFTY26SEP23450PE,2026-09-09 10:52:00,165.5,2026-09-09 10:55:00,162.05,stop_loss,-4.45,-289.25,66.85,-356.1,0
IS,S1M_ON,OTM1,PE,NIFTY26SEP23450PE,2026-09-09 11:16:00,159.75,2026-09-09 11:20:00,156.1,stop_loss,-4.65,-302.25,66.14,-368.39,0
IS,S1M_ON,OTM1,PE,NIFTY26SEP23450PE,2026-09-09 11:23:00,161.15,2026-09-09 11:42:00,157.5,next_choch,-4.65,-302.25,66.31,-368.56,0
IS,S1M_ON,OTM1,PE,NIFTY26SEP23450PE,2026-09-09 11:52:00,166.0,2026-09-09 12:30:00,161.05,next_choch,-5.95,-386.75,66.77,-453.52,0
IS,S1M_ON,OTM1,PE,NIFTY26SEP23450PE,2026-09-09 14:30:00,153.3,2026-09-10 11:15:00,185.85,next_choch,31.55,2050.75,68.69,1982.06,0
IS,S1M_ON,OTM1,PE,NIFTY26SEP23400PE,2026-09-10 12:58:00,169.9,2026-09-10 13:09:00,173.15,next_choch,2.25,146.25,68.0,78.25,0
IS,S1M_ON,OTM1,PE,NIFTY26SEP23400PE,2026-09-10 13:33:00,178.5,2026-09-10 13:38:00,173.35,stop_loss,-6.15,-399.75,68.26,-468.01,0
IS,S1M_ON,OTM1,PE,NIFTY26SEP23400PE,2026-09-10 13:48:00,178.9,2026-09-10 13:49:00,175.2,stop_loss,-4.7,-305.5,68.45,-373.95,0
IS,S1M_ON,OTM1,PE,NIFTY26SEP23400PE,2026-09-10 14:03:00,181.25,2026-09-10 14:47:00,181.65,next_choch,-0.6,-39.0,69.11,-108.11,0
IS,S1M_ON,OTM1,PE,NIFTY26SEP23200PE,2026-09-11 13:04:00,158.0,2026-09-11 13:22:00,157.0,next_choch,-2.0,-130.0,66.17,-196.17,0
IS,S1M_ON,OTM1,CE,NIFTY26SEP23300CE,2026-09-11 13:56:00,318.7,2026-09-15 09:56:00,288.1,stop_loss,-31.6,-2054.0,82.87,-2136.87,0
IS,S1M_ON,OTM1,PE,NIFTY26SEP23450PE,2026-09-15 09:54:00,227.75,2026-09-16 10:45:00,298.4,next_choch,69.65,4527.25,81.19,4446.06,0
IS,S1M_ON,OTM1,PE,NIFTY26SEP23200PE,2026-09-16 10:02:00,195.1,2026-09-16 10:17:00,194.15,next_choch,-1.95,-126.75,70.66,-197.41,0
IS,S1M_ON,OTM1,CE,NIFTY26SEP23300CE,2026-09-16 10:25:00,223.25,2026-09-16 11:14:00,225.9,next_choch,1.65,107.25,74.39,32.86,0
IS,S1M_ON,OTM1,PE,NIFTY26SEP23200PE,2026-09-16 11:21:00,189.75,2026-09-16 11:50:00,190.0,next_choch,-0.75,-48.75,70.12,-118.87,0
IS,S1M_ON,OTM1,PE,NIFTY26SEP23200PE,2026-09-16 11:56:00,198.85,2026-09-16 12:07:00,193.0,stop_loss,-6.85,-445.25,70.66,-515.91,0
IS,S1M_ON,OTM1,CE,NIFTY26SEP23300CE,2026-09-16 12:32:00,220.35,2026-09-16 12:59:00,218.45,next_choch,-2.9,-188.5,73.62,-262.12,0
IS,S1M_ON,OTM1,CE,NIFTY26SEP23300CE,2026-09-16 13:05:00,226.55,2026-09-16 13:23:00,221.3,next_choch,-6.25,-406.25,74.06,-480.31,0
IS,S1M_ON,OTM1,PE,NIFTY26SEP23200PE,2026-09-16 13:39:00,191.0,2026-09-16 13:51:00,189.0,next_choch,-3.0,-195.0,70.06,-265.06,0
IS,S1M_ON,OTM1,CE,NIFTY26SEP23300CE,2026-09-16 14:14:00,213.1,2026-09-16 14:28:00,207.9,next_choch,-6.2,-403.0,72.44,-475.44,0
IS,S1M_ON,OTM1,PE,NIFTY26SEP23200PE,2026-09-16 14:38:00,192.9,2026-09-16 14:45:00,188.2,next_choch,-5.7,-370.5,70.05,-440.55,0
IS,S1M_ON,OTM1,PE,NIFTY26SEP23200PE,2026-09-16 15:00:00,194.35,2026-09-16 15:15:00,190.0,next_choch,-5.35,-347.75,70.25,-418.0,0
IS,S1M_ON,OTM1,CE,NIFTY26SEP23250CE,2026-09-17 09:32:00,242.7,2026-09-17 09:42:00,223.25,stop_loss,-20.45,-1329.25,74.71,-1403.96,0
IS,S1M_ON,OTM1,CE,NIFTY26SEP23250CE,2026-09-17 09:55:00,241.5,2026-09-17 10:31:00,237.55,next_choch,-4.95,-321.75,75.99,-397.74,0
IS,S1M_ON,OTM1,PE,NIFTY26SEP23150PE,2026-09-17 11:00:00,141.05,2026-09-17 11:17:00,149.55,next_choch,7.5,487.5,64.99,422.51,0
IS,S1M_ON,OTM1,CE,NIFTY26SEP23250CE,2026-09-17 11:40:00,222.0,2026-09-17 13:35:00,217.45,next_choch,-5.55,-360.75,73.58,-434.33,0
IS,S1M_ON,OTM1,CE,NIFTY26SEP23250CE,2026-09-17 14:07:00,231.0,2026-09-17 14:57:00,228.75,next_choch,-3.25,-211.25,74.88,-286.13,0
IS,S1M_ON,OTM1,PE,NIFTY26SEP23150PE,2026-09-17 14:27:00,129.3,2026-09-17 14:36:00,124.75,next_choch,-5.55,-360.75,62.37,-423.12,0
IS,S1M_ON,OTM1,PE,NIFTY26SEP23150PE,2026-09-17 14:59:00,128.0,2026-09-17 15:06:00,120.6,next_choch,-8.4,-546.0,61.96,-607.96,0
IS,S1M_ON,OTM1,CE,NIFTY26SEP23250CE,2026-09-17 15:13:00,236.4,2026-09-17 15:29:00,235.8,next_choch,-1.6,-104.0,75.68,-179.68,0
IS,S1M_ON,OTM1,PE,NIFTY26SEP23300PE,2026-09-18 09:30:00,176.15,2026-09-18 09:42:00,163.0,next_choch,-14.15,-919.75,67.25,-987.0,0
IS,S1M_ON,OTM1,PE,NIFTY26SEP23300PE,2026-09-18 10:58:00,163.75,2026-09-18 11:11:00,162.15,next_choch,-2.6,-169.0,66.81,-235.81,0
IS,S1M_ON,OTM1,PE,NIFTY26SEP23300PE,2026-09-18 11:33:00,170.05,2026-09-18 11:36:00,165.35,stop_loss,-5.7,-370.5,67.29,-437.79,0
IS,S1M_ON,OTM1,CE,NIFTY26SEP23400CE,2026-09-18 12:00:00,149.8,2026-09-18 12:04:00,145.55,stop_loss,-5.25,-341.25,64.88,-406.13,0
IS,S1M_ON,OTM1,CE,NIFTY26SEP23400CE,2026-09-18 12:36:00,150.25,2026-09-18 12:49:00,145.6,next_choch,-5.65,-367.25,64.9,-432.15,0
IS,S1M_ON,OTM1,CE,NIFTY26SEP23400CE,2026-09-18 13:01:00,150.1,2026-09-18 13:10:00,151.05,next_choch,-0.05,-3.25,65.39,-68.64,0
IS,S1M_ON,OTM1,CE,NIFTY26SEP23400CE,2026-09-18 14:05:00,145.65,2026-09-18 14:44:00,149.1,next_choch,2.45,159.25,65.09,94.16,0
IS,S1M_ON,OTM1,CE,NIFTY26SEP23400CE,2026-09-18 14:52:00,164.0,2026-09-18 15:09:00,148.25,stop_loss,-16.75,-1088.75,65.54,-1154.29,0
IS,S1M_ON,OTM1,CE,NIFTY26SEP23400CE,2026-09-21 11:33:00,150.8,2026-09-21 13:03:00,150.6,next_choch,-1.2,-78.0,65.37,-143.37,0
IS,S1M_ON,OTM1,CE,NIFTY26SEP23400CE,2026-09-21 13:19:00,157.5,2026-09-21 13:43:00,156.95,next_choch,-1.55,-100.75,66.15,-166.9,0
IS,S1M_ON,OTM1,CE,NIFTY26SEP23400CE,2026-09-21 13:57:00,169.65,2026-09-21 14:16:00,170.0,next_choch,-0.65,-42.25,67.7,-109.95,0
IS,S1M_ON,OTM1,CE,NIFTY26SEP23400CE,2026-09-21 14:19:00,174.9,2026-09-21 14:26:00,172.4,next_choch,-3.5,-227.5,68.07,-295.57,0
IS,S1M_ON,OTM1,PE,NIFTY26SEP23400PE,2026-09-22 11:31:00,135.75,2026-09-22 12:08:00,140.8,next_choch,4.05,263.25,64.04,199.21,0
IS,S1M_ON,OTM1,PE,NIFTY26SEP23400PE,2026-09-22 12:45:00,148.45,2026-09-22 13:07:00,149.25,next_choch,-0.2,-13.0,65.18,-78.18,0
IS,S1M_ON,OTM1,PE,NIFTY26SEP23400PE,2026-09-22 13:20:00,157.0,2026-09-22 13:27:00,153.95,next_choch,-4.05,-263.25,65.86,-329.11,0
IS,S1M_ON,OTM1,PE,NIFTY26SEP23400PE,2026-09-22 13:48:00,161.7,2026-09-22 14:14:00,145.2,stop_loss,-17.5,-1137.5,65.19,-1202.69,0
IS,S1M_ON,OTM1,PE,NIFTY26SEP23400PE,2026-09-22 14:42:00,142.1,2026-09-22 14:50:00,133.1,next_choch,-10.0,-650.0,63.51,-713.51,0
IS,S1M_ON,OTM1,PE,NIFTY26SEP23400PE,2026-09-22 14:59:00,141.7,2026-09-22 15:11:00,133.0,stop_loss,-9.7,-630.5,63.49,-693.99,0
IS,S1M_ON,OTM1,PE,NIFTY26SEP23300PE,2026-09-23 09:49:00,82.15,2026-09-23 09:56:00,81.5,next_choch,-1.65,-107.25,57.04,-164.29,0
IS,S1M_ON,OTM1,CE,NIFTY26SEP23400CE,2026-09-23 09:59:00,121.6,2026-09-23 13:57:00,136.6,next_choch,14.0,910.0,63.24,846.76,0
IS,S1M_ON,OTM1,CE,NIFTY26SEP23400CE,2026-09-23 14:03:00,143.7,2026-09-23 14:34:00,146.95,next_choch,2.25,146.25,64.83,81.42,0
IS,S1M_ON,OTM1,PE,NIFTY26SEP23200PE,2026-09-24 09:16:00,83.5,2026-09-24 10:36:00,90.9,next_choch,6.4,416.0,57.94,358.06,0
IS,S1M_ON,OTM1,PE,NIFTY26SEP23200PE,2026-09-24 10:43:00,99.15,2026-09-24 10:52:00,88.05,stop_loss,-12.1,-786.5,58.13,-844.63,0
IS,S1M_ON,OTM1,PE,NIFTY26SEP23200PE,2026-09-24 11:14:00,101.15,2026-09-24 11:18:00,90.7,stop_loss,-11.45,-744.25,58.43,-802.68,0
IS,S1M_ON,OTM1,PE,NIFTY26SEP23200PE,2026-09-24 11:32:00,106.35,2026-09-24 11:41:00,97.2,stop_loss,-10.15,-659.75,59.18,-718.93,0
IS,S1M_ON,OTM1,PE,NIFTY26SEP23200PE,2026-09-24 11:50:00,102.7,2026-09-24 11:54:00,101.15,next_choch,-2.55,-165.75,59.44,-225.19,0
IS,S1M_ON,OTM1,PE,NIFTY26SEP23200PE,2026-09-24 11:57:00,113.15,2026-09-24 12:02:00,100.85,stop_loss,-13.3,-864.5,59.71,-924.21,0
IS,S1M_ON,OTM1,PE,NIFTY26SEP23200PE,2026-09-24 12:25:00,113.55,2026-09-24 12:28:00,103.75,stop_loss,-10.8,-702.0,59.99,-761.99,0
IS,S1M_ON,OTM1,PE,NIFTY26SEP23200PE,2026-09-24 12:35:00,121.1,2026-09-24 12:50:00,115.5,next_choch,-6.6,-429.0,61.29,-490.29,0
IS,S1M_ON,OTM1,PE,NIFTY26SEP23200PE,2026-09-24 13:25:00,120.3,2026-09-24 14:50:00,165.4,next_choch,44.1,2866.5,65.85,2800.65,0
IS,S1M_ON,OTM1,PE,NIFTY26SEP23200PE,2026-09-24 15:13:00,177.4,2026-09-24 15:18:00,166.15,stop_loss,-12.25,-796.25,67.57,-863.82,0
IS,S1M_ON,OTM1,PE,NIFTY26SEP23050PE,2026-09-25 09:36:00,79.8,2026-09-25 10:02:00,87.75,next_choch,6.95,451.75,57.54,394.21,0
IS,S1M_ON,OTM1,PE,NIFTY26SEP23050PE,2026-09-25 10:34:00,90.85,2026-09-25 10:42:00,85.65,next_choch,-6.2,-403.0,57.67,-460.67,0
IS,S1M_ON,OTM1,PE,NIFTY26SEP23050PE,2026-09-25 10:47:00,94.7,2026-09-25 10:55:00,86.55,next_choch,-9.15,-594.75,57.86,-652.61,0
IS,S1M_ON,OTM1,PE,NIFTY26SEP23050PE,2026-09-25 12:42:00,82.5,2026-09-25 13:09:00,86.8,next_choch,3.3,214.5,57.53,156.97,0
IS,S1M_ON,OTM1,PE,NIFTY26SEP23050PE,2026-09-25 13:18:00,92.7,2026-09-25 13:29:00,90.7,next_choch,-3.0,-195.0,58.19,-253.19,0
IS,S1M_ON,OTM1,PE,NIFTY26SEP23050PE,2026-09-25 13:34:00,95.1,2026-09-25 13:41:00,89.85,stop_loss,-6.25,-406.25,58.18,-464.43,0
IS,S1M_ON,OTM1,CE,NIFTY26SEP23150CE,2026-09-25 14:03:00,151.55,2026-09-25 14:14:00,117.65,next_choch,-34.9,-2268.5,62.36,-2330.86,0
IS,S1M_ON,OTM1,CE,NIFTY26SEP23150CE,2026-09-25 14:18:00,131.05,2026-09-25 14:24:00,116.35,stop_loss,-15.7,-1020.5,61.65,-1082.15,0
IS,S1M_ON,OTM1,CE,NIFTY26SEP23150CE,2026-09-25 14:33:00,132.55,2026-09-25 14:40:00,127.4,next_choch,-6.15,-399.75,62.71,-462.46,0
IS,S1M_ON,OTM2,CE,NIFTY26SEP24450CE,2026-08-26 11:39:00,296.75,2026-08-26 11:51:00,289.4,next_choch,-8.35,-542.75,82.35,-625.1,0
IS,S1M_ON,OTM2,PE,NIFTY26SEP24250PE,2026-08-26 12:10:00,196.5,2026-08-26 12:18:00,187.4,stop_loss,-10.1,-656.5,70.08,-726.58,0
IS,S1M_ON,OTM2,PE,NIFTY26SEP24250PE,2026-08-26 12:28:00,192.7,2026-08-26 13:06:00,189.4,next_choch,-4.3,-279.5,70.15,-349.65,0
IS,S1M_ON,OTM2,PE,NIFTY26SEP24250PE,2026-08-26 13:23:00,200.2,2026-08-26 13:34:00,195.95,stop_loss,-5.25,-341.25,70.97,-412.22,0
IS,S1M_ON,OTM2,PE,NIFTY26SEP24250PE,2026-08-26 13:45:00,200.55,2026-08-26 14:01:00,196.4,next_choch,-5.15,-334.75,71.02,-405.77,0
IS,S1M_ON,OTM2,CE,NIFTY26SEP24450CE,2026-08-26 14:30:00,278.65,2026-08-26 15:20:00,274.7,next_choch,-4.95,-321.75,80.48,-402.23,0
IS,S1M_ON,OTM2,PE,NIFTY26SEP24250PE,2026-08-26 15:21:00,183.4,2026-08-28 10:16:00,214.15,next_choch,29.75,1933.75,72.16,1861.59,0
IS,S1M_ON,OTM2,PE,NIFTY26SEP24200PE,2026-08-27 09:17:00,192.0,2026-08-27 12:49:00,207.45,next_choch,14.45,939.25,71.79,867.46,0
IS,S1M_ON,OTM2,CE,NIFTY26SEP24400CE,2026-08-27 13:24:00,256.2,2026-08-27 13:28:00,250.5,stop_loss,-6.7,-435.5,77.6,-513.1,0
IS,S1M_ON,OTM2,PE,NIFTY26SEP24200PE,2026-08-27 13:30:00,206.5,2026-08-27 14:26:00,216.3,next_choch,8.8,572.0,73.02,498.98,0
IS,S1M_ON,OTM2,CE,NIFTY26SEP24400CE,2026-08-27 14:27:00,237.9,2026-08-27 14:32:00,235.0,stop_loss,-3.9,-253.5,75.65,-329.15,0
IS,S1M_ON,OTM2,PE,NIFTY26SEP24200PE,2026-08-27 15:11:00,223.9,2026-08-28 09:26:00,218.45,stop_loss,-6.45,-419.25,73.72,-492.97,0
IS,S1M_ON,OTM2,CE,NIFTY26SEP24200CE,2026-08-28 09:27:00,356.75,2026-08-28 11:42:00,319.85,next_choch,-37.9,-2463.5,86.89,-2550.39,0
IS,S1M_ON,OTM2,PE,NIFTY26SEP24000PE,2026-08-28 11:56:00,176.4,2026-08-28 12:47:00,169.6,next_choch,-7.8,-507.0,67.86,-574.86,0
IS,S1M_ON,OTM2,CE,NIFTY26SEP24200CE,2026-08-28 12:08:00,316.1,2026-08-28 12:23:00,308.4,next_choch,-8.7,-565.5,84.66,-650.16,0
IS,S1M_ON,OTM2,CE,NIFTY26SEP24200CE,2026-08-28 12:32:00,316.8,2026-08-28 12:35:00,314.35,stop_loss,-3.45,-224.25,85.23,-309.48,0
IS,S1M_ON,OTM2,PE,NIFTY26SEP24000PE,2026-08-28 12:55:00,173.2,2026-08-28 13:11:00,168.0,stop_loss,-6.2,-403.0,67.62,-470.62,0
IS,S1M_ON,OTM2,CE,NIFTY26SEP24200CE,2026-08-28 13:11:00,319.55,2026-08-28 13:25:00,320.35,next_choch,-0.2,-13.0,85.86,-98.86,0
IS,S1M_ON,OTM2,CE,NIFTY26SEP24200CE,2026-08-28 13:40:00,326.75,2026-08-28 13:41:00,322.9,stop_loss,-4.85,-315.25,86.3,-401.55,0
IS,S1M_ON,OTM2,CE,NIFTY26SEP24200CE,2026-08-28 14:29:00,325.45,2026-08-28 14:40:00,323.55,next_choch,-2.9,-188.5,86.32,-274.82,0
IS,S1M_ON,OTM2,CE,NIFTY26SEP24200CE,2026-08-28 14:50:00,339.0,2026-08-28 15:02:00,321.0,stop_loss,-19.0,-1235.0,86.48,-1321.48,0
IS,S1M_ON,OTM2,CE,NIFTY26SEP24200CE,2026-08-28 15:20:00,355.0,2026-08-31 09:15:00,268.1,stop_loss,-87.9,-5713.5,82.08,-5795.58,0
IS,S1M_ON,OTM2,PE,NIFTY26SEP23950PE,2026-08-31 09:18:00,174.65,2026-08-31 09:20:00,169.25,stop_loss,-6.4,-416.0,67.78,-483.78,0
IS,S1M_ON,OTM2,CE,NIFTY26SEP24150CE,2026-08-31 11:41:00,301.4,2026-08-31 14:24:00,316.2,next_choch,13.8,897.0,84.95,812.05,0
IS,S1M_ON,OTM2,PE,NIFTY26SEP23950PE,2026-08-31 14:24:00,162.8,2026-08-31 14:32:00,160.1,stop_loss,-3.7,-240.5,66.59,-307.09,0
IS,S1M_ON,OTM2,CE,NIFTY26SEP24150CE,2026-08-31 14:38:00,320.0,2026-08-31 15:15:00,326.95,next_choch,5.95,386.75,86.48,300.27,0
IS,S1M_ON,OTM2,PE,NIFTY26SEP23950PE,2026-08-31 15:15:00,153.05,2026-08-31 15:20:00,145.25,stop_loss,-8.8,-572.0,64.95,-636.95,0
IS,S1M_ON,OTM2,PE,NIFTY26SEP23950PE,2026-09-01 09:16:00,171.3,2026-09-01 09:32:00,160.25,next_choch,-12.05,-783.25,66.85,-850.1,0
IS,S1M_ON,OTM2,PE,NIFTY26SEP23950PE,2026-09-01 09:43:00,169.9,2026-09-01 10:31:00,162.6,stop_loss,-8.3,-539.5,67.03,-606.53,0
IS,S1M_ON,OTM2,CE,NIFTY26SEP24150CE,2026-09-01 10:22:00,278.85,2026-09-01 13:00:00,302.85,next_choch,23.0,1495.0,83.07,1411.93,0
IS,S1M_ON,OTM2,PE,NIFTY26SEP23950PE,2026-09-01 13:39:00,173.15,2026-09-01 14:51:00,203.25,next_choch,29.1,1891.5,70.86,1820.64,0
IS,S1M_ON,OTM2,PE,NIFTY26SEP23950PE,2026-09-01 15:09:00,209.95,2026-09-01 15:26:00,205.05,next_choch,-5.9,-383.5,72.09,-455.59,0
IS,S1M_ON,OTM2,PE,NIFTY26SEP23750PE,2026-09-02 09:22:00,194.4,2026-09-02 09:34:00,186.55,stop_loss,-8.85,-575.25,69.94,-645.19,0
IS,S1M_ON,OTM2,CE,NIFTY26SEP23950CE,2026-09-02 10:02:00,297.4,2026-09-02 10:09:00,292.8,stop_loss,-5.6,-364.0,82.68,-446.68,0
IS,S1M_ON,OTM2,PE,NIFTY26SEP23750PE,2026-09-02 10:44:00,177.75,2026-09-02 10:57:00,174.5,stop_loss,-4.25,-276.25,68.35,-344.6,0
IS,S1M_ON,OTM2,CE,NIFTY26SEP23950CE,2026-09-02 12:29:00,295.0,2026-09-02 15:01:00,298.9,next_choch,2.9,188.5,83.17,105.33,0
IS,S1M_ON,OTM2,PE,NIFTY26SEP23750PE,2026-09-02 13:44:00,173.0,2026-09-02 13:47:00,170.95,stop_loss,-3.05,-198.25,67.89,-266.14,0
IS,S1M_ON,OTM2,PE,NIFTY26SEP23750PE,2026-09-02 15:01:00,174.6,2026-09-02 15:11:00,167.7,stop_loss,-7.9,-513.5,67.63,-581.13,0
IS,S1M_ON,OTM2,PE,NIFTY26SEP23900PE,2026-09-03 09:24:00,177.5,2026-09-03 09:31:00,166.15,stop_loss,-12.35,-802.75,67.57,-870.32,0
IS,S1M_ON,OTM2,CE,NIFTY26SEP24100CE,2026-09-03 09:31:00,257.95,2026-09-03 10:07:00,264.5,next_choch,5.55,360.75,78.94,281.81,0
IS,S1M_ON,OTM2,PE,NIFTY26SEP23900PE,2026-09-03 10:25:00,160.4,2026-09-03 11:35:00,173.2,next_choch,11.8,767.0,67.73,699.27,0
IS,S1M_ON,OTM2,PE,NIFTY26SEP23900PE,2026-09-03 11:47:00,180.95,2026-09-03 13:10:00,193.95,next_choch,12.0,780.0,70.23,709.77,0
IS,S1M_ON,OTM2,PE,NIFTY26SEP23900PE,2026-09-03 13:24:00,200.05,2026-09-03 13:30:00,195.2,next_choch,-5.85,-380.25,70.9,-451.15,0
IS,S1M_ON,OTM2,CE,NIFTY26SEP24100CE,2026-09-03 13:31:00,222.75,2026-09-03 13:39:00,219.95,stop_loss,-3.8,-247.0,73.83,-320.83,0
IS,S1M_ON,OTM2,PE,NIFTY26SEP23900PE,2026-09-03 13:41:00,200.4,2026-09-03 13:57:00,194.3,next_choch,-7.1,-461.5,70.82,-532.32,0
IS,S1M_ON,OTM2,CE,NIFTY26SEP24100CE,2026-09-03 13:50:00,221.6,2026-09-03 14:15:00,219.2,next_choch,-3.4,-221.0,73.73,-294.73,0
IS,S1M_ON,OTM2,CE,NIFTY26SEP24100CE,2026-09-03 14:20:00,222.8,2026-09-03 14:39:00,218.5,next_choch,-5.3,-344.5,73.7,-418.2,0
IS,S1M_ON,OTM2,PE,NIFTY26SEP23900PE,2026-09-03 14:46:00,197.9,2026-09-03 15:12:00,202.4,next_choch,3.5,227.5,71.5,156.0,0
IS,S1M_ON,OTM2,CE,NIFTY26SEP24100CE,2026-09-03 14:50:00,221.1,2026-09-03 14:55:00,217.4,stop_loss,-4.7,-305.5,73.55,-379.05,0
IS,S1M_ON,OTM2,PE,NIFTY26SEP23900PE,2026-09-03 15:28:00,210.75,2026-09-04 09:15:00,197.0,stop_loss,-14.75,-958.75,71.37,-1030.12,0
IS,S1M_ON,OTM2,CE,NIFTY26SEP24000CE,2026-09-04 09:45:00,276.85,2026-09-04 12:20:00,277.25,next_choch,-0.6,-39.0,80.66,-119.66,0
IS,S1M_ON,OTM2,PE,NIFTY26SEP23800PE,2026-09-04 12:22:00,143.75,2026-09-04 13:09:00,139.35,next_choch,-5.4,-351.0,64.13,-415.13,0
IS,S1M_ON,OTM2,CE,NIFTY26SEP24000CE,2026-09-04 12:53:00,277.7,2026-09-04 12:55:00,272.6,stop_loss,-6.1,-396.5,80.26,-476.76,0
IS,S1M_ON,OTM2,CE,NIFTY26SEP24000CE,2026-09-04 13:09:00,278.0,2026-09-04 13:25:00,279.55,next_choch,0.55,35.75,80.9,-45.15,0
IS,S1M_ON,OTM2,PE,NIFTY26SEP23800PE,2026-09-04 13:27:00,140.4,2026-09-04 13:43:00,141.35,next_choch,-0.05,-3.25,64.22,-67.47,0
IS,S1M_ON,OTM2,CE,NIFTY26SEP24000CE,2026-09-04 14:05:00,279.65,2026-09-04 14:37:00,279.8,next_choch,-0.85,-55.25,80.98,-136.23,0
IS,S1M_ON,OTM2,PE,NIFTY26SEP23800PE,2026-09-04 14:44:00,140.5,2026-09-04 14:58:00,138.3,next_choch,-3.2,-208.0,63.94,-271.94,0
IS,S1M_ON,OTM2,PE,NIFTY26SEP23800PE,2026-09-04 15:04:00,141.3,2026-09-04 15:12:00,137.25,stop_loss,-5.05,-328.25,63.87,-392.12,0
IS,S1M_ON,OTM2,PE,NIFTY26SEP23750PE,2026-09-07 14:38:00,173.05,2026-09-07 15:01:00,176.3,next_choch,2.25,146.25,68.38,77.87,0
IS,S1M_ON,OTM2,PE,NIFTY26SEP23400PE,2026-09-09 09:16:00,154.35,2026-09-09 09:37:00,145.35,next_choch,-10.0,-650.0,64.99,-714.99,0
IS,S1M_ON,OTM2,PE,NIFTY26SEP23400PE,2026-09-09 09:50:00,154.5,2026-09-09 10:20:00,140.0,stop_loss,-15.5,-1007.5,64.5,-1072.0,0
IS,S1M_ON,OTM2,PE,NIFTY26SEP23400PE,2026-09-09 11:51:00,145.8,2026-09-09 12:33:00,137.75,stop_loss,-9.05,-588.25,64.05,-652.3,0
IS,S1M_ON,OTM2,PE,NIFTY26SEP23400PE,2026-09-09 13:55:00,135.25,2026-09-09 14:00:00,130.5,stop_loss,-5.75,-373.75,63.08,-436.83,0
IS,S1M_ON,OTM2,PE,NIFTY26SEP23400PE,2026-09-09 14:10:00,133.15,2026-09-10 12:39:00,165.8,next_choch,31.65,2057.25,66.26,1990.99,0
IS,S1M_ON,OTM2,PE,NIFTY26SEP23350PE,2026-09-10 11:42:00,161.75,2026-09-10 11:47:00,152.95,stop_loss,-9.8,-637.0,65.91,-702.91,0
IS,S1M_ON,OTM2,PE,NIFTY26SEP23350PE,2026-09-10 13:06:00,162.85,2026-09-10 13:09:00,155.95,stop_loss,-7.9,-513.5,66.21,-579.71,0
IS,S1M_ON,OTM2,CE,NIFTY26SEP23350CE,2026-09-11 10:21:00,243.0,2026-09-11 10:30:00,229.9,stop_loss,-14.1,-916.5,75.33,-991.83,0
IS,S1M_ON,OTM2,PE,NIFTY26SEP23400PE,2026-09-15 09:45:00,178.35,2026-09-16 10:48:00,261.95,next_choch,82.6,5369.0,76.41,5292.59,0
IS,S1M_ON,OTM2,PE,NIFTY26SEP23150PE,2026-09-16 10:04:00,181.6,2026-09-16 10:12:00,177.25,next_choch,-5.35,-347.75,68.71,-416.46,0
IS,S1M_ON,OTM2,CE,NIFTY26SEP23350CE,2026-09-16 10:25:00,198.25,2026-09-16 10:31:00,193.75,next_choch,-5.5,-357.5,70.71,-428.21,0
IS,S1M_ON,OTM2,CE,NIFTY26SEP23350CE,2026-09-16 10:34:00,203.05,2026-09-16 10:55:00,196.4,next_choch,-7.65,-497.25,71.09,-568.34,0
IS,S1M_ON,OTM2,CE,NIFTY26SEP23350CE,2026-09-16 11:00:00,201.65,2026-09-16 11:14:00,198.3,stop_loss,-4.35,-282.75,71.23,-353.98,0
IS,S1M_ON,OTM2,PE,NIFTY26SEP23150PE,2026-09-16 11:26:00,174.1,2026-09-16 12:13:00,165.85,next_choch,-9.25,-601.25,67.45,-668.7,0
IS,S1M_ON,OTM2,CE,NIFTY26SEP23350CE,2026-09-16 12:32:00,194.5,2026-09-16 13:23:00,196.0,next_choch,0.5,32.5,70.81,-38.31,0
IS,S1M_ON,OTM2,PE,NIFTY26SEP23150PE,2026-09-16 13:29:00,170.0,2026-09-16 14:00:00,166.75,next_choch,-4.25,-276.25,67.41,-343.66,0
IS,S1M_ON,OTM2,CE,NIFTY26SEP23350CE,2026-09-16 14:00:00,181.65,2026-09-16 14:28:00,182.2,next_choch,-0.45,-29.25,69.17,-98.42,0
IS,S1M_ON,OTM2,PE,NIFTY26SEP23150PE,2026-09-16 14:31:00,172.55,2026-09-16 14:44:00,170.3,next_choch,-3.25,-211.25,67.81,-279.06,0
IS,S1M_ON,OTM2,PE,NIFTY26SEP23150PE,2026-09-16 15:00:00,175.35,2026-09-16 15:10:00,171.95,next_choch,-4.4,-286.0,68.05,-354.05,0
IS,S1M_ON,OTM2,CE,NIFTY26SEP23300CE,2026-09-17 09:35:00,218.85,2026-09-17 09:39:00,206.85,stop_loss,-13.0,-845.0,72.51,-917.51,0
IS,S1M_ON,OTM2,CE,NIFTY26SEP23300CE,2026-09-17 09:52:00,206.8,2026-09-17 10:31:00,207.4,next_choch,-0.4,-26.0,72.21,-98.21,0
IS,S1M_ON,OTM2,PE,NIFTY26SEP23100PE,2026-09-17 10:45:00,122.0,2026-09-17 10:57:00,116.55,stop_loss,-6.45,-419.25,61.41,-480.66,0
IS,S1M_ON,OTM2,PE,NIFTY26SEP23100PE,2026-09-17 11:00:00,125.1,2026-09-17 11:32:00,125.1,next_choch,-1.0,-65.0,62.29,-127.29,0
IS,S1M_ON,OTM2,CE,NIFTY26SEP23300CE,2026-09-17 11:40:00,192.8,2026-09-17 13:14:00,227.45,next_choch,33.65,2187.25,73.65,2113.6,0
IS,S1M_ON,OTM2,PE,NIFTY26SEP23100PE,2026-09-17 13:30:00,122.15,2026-09-17 13:46:00,116.3,next_choch,-6.85,-445.25,61.39,-506.64,0
IS,S1M_ON,OTM2,PE,NIFTY26SEP23100PE,2026-09-17 14:00:00,118.15,2026-09-17 14:07:00,114.75,stop_loss,-4.4,-286.0,61.13,-347.13,0
IS,S1M_ON,OTM2,CE,NIFTY26SEP23300CE,2026-09-17 14:21:00,205.8,2026-09-17 14:25:00,199.0,stop_loss,-7.8,-507.0,71.41,-578.41,0
IS,S1M_ON,OTM2,CE,NIFTY26SEP23300CE,2026-09-17 14:37:00,209.3,2026-09-17 14:53:00,203.65,next_choch,-6.65,-432.25,71.94,-504.19,0
IS,S1M_ON,OTM2,CE,NIFTY26SEP23300CE,2026-09-17 15:10:00,204.15,2026-09-17 15:11:00,200.95,stop_loss,-4.2,-273.0,71.54,-344.54,0
IS,S1M_ON,OTM2,CE,NIFTY26SEP23300CE,2026-09-17 15:14:00,207.45,2026-09-18 09:27:00,200.1,stop_loss,-8.35,-542.75,71.56,-614.31,0
IS,S1M_ON,OTM2,CE,NIFTY26SEP23450CE,2026-09-18 10:13:00,131.1,2026-09-18 10:22:00,125.65,next_choch,-6.45,-419.25,62.51,-481.76,0
IS,S1M_ON,OTM2,CE,NIFTY26SEP23450CE,2026-09-18 12:00:00,127.0,2026-09-18 12:04:00,122.8,stop_loss,-5.2,-338.0,62.13,-400.13,0
IS,S1M_ON,OTM2,CE,NIFTY26SEP23450CE,2026-09-18 12:29:00,123.5,2026-09-18 12:49:00,122.65,next_choch,-1.85,-120.25,62.01,-182.26,0
IS,S1M_ON,OTM2,CE,NIFTY26SEP23450CE,2026-09-18 13:02:00,127.7,2026-09-18 13:15:00,122.3,stop_loss,-6.4,-416.0,62.1,-478.1,0
IS,S1M_ON,OTM2,CE,NIFTY26SEP23450CE,2026-09-18 14:04:00,120.3,2026-09-18 14:25:00,126.15,next_choch,4.85,315.25,62.24,253.01,0
IS,S1M_ON,OTM2,CE,NIFTY26SEP23450CE,2026-09-18 14:28:00,130.65,2026-09-18 14:38:00,132.15,next_choch,0.5,32.5,63.09,-30.59,0
IS,S1M_ON,OTM2,CE,NIFTY26SEP23450CE,2026-09-18 14:58:00,140.85,2026-09-18 15:00:00,134.15,stop_loss,-7.7,-500.5,63.57,-564.07,0
IS,S1M_ON,OTM2,CE,NIFTY26SEP23450CE,2026-09-21 09:29:00,129.45,2026-09-21 09:37:00,124.6,next_choch,-5.85,-380.25,62.37,-442.62,0
IS,S1M_ON,OTM2,CE,NIFTY26SEP23450CE,2026-09-21 11:33:00,124.65,2026-09-21 12:39:00,128.3,next_choch,2.65,172.25,62.57,109.68,0
IS,S1M_ON,OTM2,CE,NIFTY26SEP23450CE,2026-09-21 13:19:00,130.45,2026-09-21 13:43:00,129.65,next_choch,-1.8,-117.0,62.86,-179.86,0
IS,S1M_ON,OTM2,CE,NIFTY26SEP23450CE,2026-09-21 13:57:00,141.15,2026-09-21 14:08:00,142.25,next_choch,0.1,6.5,64.33,-57.83,0
IS,S1M_ON,OTM2,CE,NIFTY26SEP23450CE,2026-09-21 14:20:00,146.65,2026-09-21 14:26:00,143.6,next_choch,-4.05,-263.25,64.61,-327.86,0
IS,S1M_ON,OTM2,PE,NIFTY26SEP23350PE,2026-09-22 11:51:00,125.65,2026-09-22 12:03:00,119.55,next_choch,-7.1,-461.5,61.79,-523.29,0
IS,S1M_ON,OTM2,PE,NIFTY26SEP23350PE,2026-09-22 12:45:00,123.45,2026-09-22 13:07:00,124.7,next_choch,0.25,16.25,62.2,-45.95,0
IS,S1M_ON,OTM2,PE,NIFTY26SEP23350PE,2026-09-22 13:20:00,132.0,2026-09-22 13:27:00,129.0,next_choch,-4.0,-260.0,62.84,-322.84,0
IS,S1M_ON,OTM2,PE,NIFTY26SEP23350PE,2026-09-22 13:46:00,132.2,2026-09-22 14:14:00,121.0,stop_loss,-12.2,-793.0,62.11,-855.11,0
IS,S1M_ON,OTM2,PE,NIFTY26SEP23350PE,2026-09-22 14:42:00,118.55,2026-09-22 15:11:00,112.1,next_choch,-7.45,-484.25,60.9,-545.15,0
IS,S1M_ON,OTM2,CE,NIFTY26SEP23450CE,2026-09-23 09:19:00,108.7,2026-09-23 09:48:00,93.75,next_choch,-15.95,-1036.75,58.93,-1095.68,0
IS,S1M_ON,OTM2,PE,NIFTY26SEP23250PE,2026-09-23 09:49:00,66.15,2026-09-23 09:56:00,65.6,next_choch,-1.55,-100.75,55.11,-155.86,0
IS,S1M_ON,OTM2,CE,NIFTY26SEP23450CE,2026-09-23 10:05:00,97.45,2026-09-23 10:08:00,93.3,stop_loss,-5.15,-334.75,58.56,-393.31,0
IS,S1M_ON,OTM2,CE,NIFTY26SEP23450CE,2026-09-23 10:18:00,100.25,2026-09-23 13:35:00,105.0,next_choch,3.75,243.75,59.72,184.03,0
IS,S1M_ON,OTM2,CE,NIFTY26SEP23450CE,2026-09-23 14:06:00,116.6,2026-09-23 14:20:00,117.0,next_choch,-0.6,-39.0,61.3,-100.3,0
IS,S1M_ON,OTM2,CE,NIFTY26SEP23450CE,2026-09-23 14:27:00,124.1,2026-09-23 14:34:00,119.75,stop_loss,-5.35,-347.75,61.76,-409.51,0
IS,S1M_ON,OTM2,PE,NIFTY26SEP23150PE,2026-09-24 09:16:00,66.0,2026-09-24 10:36:00,72.45,next_choch,5.45,354.25,55.74,298.51,0
IS,S1M_ON,OTM2,PE,NIFTY26SEP23150PE,2026-09-24 10:43:00,79.8,2026-09-24 10:50:00,72.9,next_choch,-7.9,-513.5,56.18,-569.68,0
IS,S1M_ON,OTM2,PE,NIFTY26SEP23150PE,2026-09-24 11:13:00,78.45,2026-09-24 11:18:00,72.3,stop_loss,-7.15,-464.75,56.08,-520.83,0
IS,S1M_ON,OTM2,PE,NIFTY26SEP23150PE,2026-09-24 11:32:00,85.85,2026-09-24 11:41:00,77.85,stop_loss,-9.0,-585.0,56.81,-641.81,0
IS,S1M_ON,OTM2,PE,NIFTY26SEP23150PE,2026-09-24 11:50:00,82.5,2026-09-24 11:54:00,81.05,next_choch,-2.45,-159.25,57.0,-216.25,0
IS,S1M_ON,OTM2,PE,NIFTY26SEP23150PE,2026-09-24 11:57:00,91.8,2026-09-24 12:02:00,80.85,stop_loss,-11.95,-776.75,57.25,-834.0,0
IS,S1M_ON,OTM2,PE,NIFTY26SEP23150PE,2026-09-24 12:25:00,91.3,2026-09-24 12:28:00,83.45,stop_loss,-8.85,-575.25,57.48,-632.73,0
IS,S1M_ON,OTM2,PE,NIFTY26SEP23150PE,2026-09-24 12:35:00,98.75,2026-09-24 12:50:00,93.6,next_choch,-6.15,-399.75,58.63,-458.38,0
IS,S1M_ON,OTM2,PE,NIFTY26SEP23150PE,2026-09-24 13:25:00,97.75,2026-09-24 14:51:00,134.05,next_choch,35.3,2294.5,62.32,2232.18,0
IS,S1M_ON,OTM2,PE,NIFTY26SEP23150PE,2026-09-24 14:59:00,143.5,2026-09-25 09:15:00,118.6,stop_loss,-25.9,-1683.5,62.22,-1745.72,0
IS,S1M_ON,OTM2,PE,NIFTY26SEP23000PE,2026-09-25 09:36:00,63.55,2026-09-25 10:02:00,70.45,next_choch,5.9,383.5,55.48,328.02,0
IS,S1M_ON,OTM2,PE,NIFTY26SEP23000PE,2026-09-25 10:34:00,73.1,2026-09-25 10:42:00,68.35,next_choch,-5.75,-373.75,55.57,-429.32,0
IS,S1M_ON,OTM2,PE,NIFTY26SEP23000PE,2026-09-25 10:47:00,76.25,2026-09-25 10:55:00,69.3,next_choch,-7.95,-516.75,55.74,-572.49,0
IS,S1M_ON,OTM2,PE,NIFTY26SEP23000PE,2026-09-25 12:21:00,63.2,2026-09-25 12:28:00,59.3,stop_loss,-4.9,-318.5,54.45,-372.95,0
IS,S1M_ON,OTM2,PE,NIFTY26SEP23000PE,2026-09-25 12:43:00,65.6,2026-09-25 13:09:00,68.35,next_choch,1.75,113.75,55.35,58.4,0
IS,S1M_ON,OTM2,PE,NIFTY26SEP23000PE,2026-09-25 13:18:00,73.25,2026-09-25 13:29:00,71.85,next_choch,-2.4,-156.0,55.89,-211.89,0
IS,S1M_ON,OTM2,PE,NIFTY26SEP23000PE,2026-09-25 13:34:00,75.45,2026-09-25 13:42:00,70.7,stop_loss,-5.75,-373.75,55.85,-429.6,0
IS,S1M_ON,OTM2,CE,NIFTY26SEP23200CE,2026-09-25 14:18:00,102.35,2026-09-25 14:24:00,90.0,stop_loss,-13.35,-867.75,58.4,-926.15,0
IS,S1M_ON,OTM2,CE,NIFTY26SEP23200CE,2026-09-25 14:37:00,104.95,2026-09-25 14:40:00,99.15,stop_loss,-6.8,-442.0,59.32,-501.32,0
IS,S1M_ON,OTM3,CE,NIFTY26SEP24500CE,2026-08-26 11:14:00,280.45,2026-08-26 11:17:00,272.3,stop_loss,-9.15,-594.75,80.31,-675.06,0
IS,S1M_ON,OTM3,CE,NIFTY26SEP24500CE,2026-08-26 11:37:00,269.5,2026-08-26 11:54:00,258.75,stop_loss,-11.75,-763.75,78.75,-842.5,0
IS,S1M_ON,OTM3,PE,NIFTY26SEP24200PE,2026-08-26 12:10:00,179.3,2026-08-26 12:18:00,169.75,stop_loss,-10.55,-685.75,67.96,-753.71,0
IS,S1M_ON,OTM3,PE,NIFTY26SEP24200PE,2026-08-26 12:28:00,175.35,2026-08-26 12:35:00,172.6,next_choch,-3.75,-243.75,68.1,-311.85,0
IS,S1M_ON,OTM3,PE,NIFTY26SEP24200PE,2026-08-26 13:02:00,179.85,2026-08-26 13:06:00,172.55,stop_loss,-8.3,-539.5,68.23,-607.73,0
IS,S1M_ON,OTM3,PE,NIFTY26SEP24200PE,2026-08-26 13:16:00,180.8,2026-08-26 13:40:00,176.3,next_choch,-5.5,-357.5,68.6,-426.1,0
IS,S1M_ON,OTM3,PE,NIFTY26SEP24200PE,2026-08-26 13:44:00,182.1,2026-08-26 14:01:00,179.05,next_choch,-4.05,-263.25,68.89,-332.14,0
IS,S1M_ON,OTM3,CE,NIFTY26SEP24500CE,2026-08-26 14:21:00,253.0,2026-08-26 14:23:00,250.7,stop_loss,-3.3,-214.5,77.53,-292.03,0
IS,S1M_ON,OTM3,CE,NIFTY26SEP24500CE,2026-08-26 14:31:00,254.55,2026-08-26 15:00:00,252.2,next_choch,-3.35,-217.75,77.71,-295.46,0
IS,S1M_ON,OTM3,PE,NIFTY26SEP24150PE,2026-08-27 09:17:00,173.5,2026-08-27 12:44:00,188.3,next_choch,13.8,897.0,69.49,827.51,0
IS,S1M_ON,OTM3,CE,NIFTY26SEP24450CE,2026-08-27 13:12:00,230.5,2026-08-27 13:33:00,224.75,next_choch,-6.75,-438.75,74.49,-513.24,0
IS,S1M_ON,OTM3,PE,NIFTY26SEP24150PE,2026-08-27 13:47:00,192.7,2026-08-27 14:27:00,196.45,next_choch,2.75,178.75,70.8,107.95,0
IS,S1M_ON,OTM3,CE,NIFTY26SEP24450CE,2026-08-27 14:34:00,217.15,2026-08-27 15:07:00,213.45,stop_loss,-4.7,-305.5,73.07,-378.57,0
IS,S1M_ON,OTM3,PE,NIFTY26SEP24150PE,2026-08-27 14:43:00,200.0,2026-08-27 15:00:00,193.75,next_choch,-7.25,-471.25,70.76,-542.01,0
IS,S1M_ON,OTM3,PE,NIFTY26SEP24150PE,2026-08-27 15:04:00,199.8,2026-08-28 09:43:00,193.75,stop_loss,-7.05,-458.25,70.76,-529.01,0
IS,S1M_ON,OTM3,CE,NIFTY26SEP24250CE,2026-08-28 09:24:00,307.45,2026-08-28 11:33:00,295.4,next_choch,-13.05,-848.25,83.21,-931.46,0
IS,S1M_ON,OTM3,PE,NIFTY26SEP23950PE,2026-08-28 11:33:00,145.0,2026-08-28 13:21:00,152.25,next_choch,6.25,406.25,65.36,340.89,0
IS,S1M_ON,OTM3,CE,NIFTY26SEP24250CE,2026-08-28 13:22:00,294.85,2026-08-28 13:28:00,291.35,next_choch,-4.5,-292.5,82.48,-374.98,0
IS,S1M_ON,OTM3,CE,NIFTY26SEP24250CE,2026-08-28 13:39:00,296.9,2026-08-28 13:46:00,293.55,next_choch,-4.35,-282.75,82.74,-365.49,0
IS,S1M_ON,OTM3,CE,NIFTY26SEP24250CE,2026-08-28 14:30:00,297.3,2026-08-28 14:46:00,295.4,next_choch,-2.9,-188.5,82.92,-271.42,0
IS,S1M_ON,OTM3,CE,NIFTY26SEP24250CE,2026-08-28 14:49:00,302.0,2026-08-28 15:02:00,293.65,stop_loss,-9.35,-607.75,82.89,-690.64,0
IS,S1M_ON,OTM3,PE,NIFTY26SEP23900PE,2026-08-31 09:18:00,158.75,2026-08-31 11:36:00,159.45,next_choch,-0.3,-19.5,66.42,-85.92,0
IS,S1M_ON,OTM3,CE,NIFTY26SEP24200CE,2026-08-31 11:50:00,279.1,2026-08-31 12:30:00,301.45,next_choch,21.35,1387.75,82.95,1304.8,0
IS,S1M_ON,OTM3,CE,NIFTY26SEP24200CE,2026-08-31 12:40:00,307.35,2026-08-31 12:46:00,302.5,next_choch,-5.85,-380.25,83.86,-464.11,0
IS,S1M_ON,OTM3,PE,NIFTY26SEP23900PE,2026-08-31 14:04:00,146.15,2026-08-31 14:39:00,143.0,next_choch,-4.15,-269.75,64.54,-334.29,0
IS,S1M_ON,OTM3,CE,NIFTY26SEP24200CE,2026-08-31 14:46:00,330.4,2026-08-31 15:05:00,297.85,next_choch,-33.55,-2180.75,84.1,-2264.85,0
IS,S1M_ON,OTM3,PE,NIFTY26SEP23900PE,2026-09-01 09:16:00,155.8,2026-09-01 09:32:00,144.25,next_choch,-12.55,-815.75,64.93,-880.68,0
IS,S1M_ON,OTM3,PE,NIFTY26SEP23900PE,2026-09-01 09:42:00,152.05,2026-09-01 10:18:00,151.9,next_choch,-1.15,-74.75,65.53,-140.28,0
IS,S1M_ON,OTM3,CE,NIFTY26SEP24200CE,2026-09-01 10:50:00,258.0,2026-09-01 12:24:00,280.45,next_choch,21.45,1394.25,80.41,1313.84,0
IS,S1M_ON,OTM3,CE,NIFTY26SEP24200CE,2026-09-01 12:30:00,288.0,2026-09-01 12:33:00,284.25,stop_loss,-4.75,-308.75,81.63,-390.38,0
IS,S1M_ON,OTM3,PE,NIFTY26SEP23900PE,2026-09-01 12:51:00,128.15,2026-09-02 13:01:00,220.65,next_choch,91.5,5947.5,71.16,5876.34,0
IS,S1M_ON,OTM3,CE,NIFTY26SEP24000CE,2026-09-02 10:20:00,272.35,2026-09-02 10:46:00,270.7,next_choch,-2.65,-172.25,79.93,-252.18,0
IS,S1M_ON,OTM3,CE,NIFTY26SEP24000CE,2026-09-02 10:48:00,274.5,2026-09-02 10:52:00,268.55,stop_loss,-6.95,-451.75,79.79,-531.54,0
IS,S1M_ON,OTM3,CE,NIFTY26SEP24000CE,2026-09-02 12:17:00,265.05,2026-09-02 12:19:00,261.8,stop_loss,-4.25,-276.25,78.9,-355.15,0
IS,S1M_ON,OTM3,PE,NIFTY26SEP23700PE,2026-09-02 13:31:00,155.9,2026-09-02 13:59:00,153.1,next_choch,-3.8,-247.0,65.75,-312.75,0
IS,S1M_ON,OTM3,PE,NIFTY26SEP23700PE,2026-09-02 14:56:00,156.05,2026-09-02 15:10:00,152.0,next_choch,-5.05,-328.25,65.65,-393.9,0
IS,S1M_ON,OTM3,CE,NIFTY26SEP24150CE,2026-09-03 09:16:00,234.2,2026-09-03 10:31:00,227.0,next_choch,-8.2,-533.0,74.81,-607.81,0
IS,S1M_ON,OTM3,PE,NIFTY26SEP23850PE,2026-09-03 10:45:00,160.15,2026-09-03 11:27:00,164.5,next_choch,3.35,217.75,66.92,150.83,0
IS,S1M_ON,OTM3,PE,NIFTY26SEP23850PE,2026-09-03 11:55:00,165.2,2026-09-03 13:12:00,171.55,next_choch,5.35,347.75,67.71,280.04,0
IS,S1M_ON,OTM3,PE,NIFTY26SEP23850PE,2026-09-03 13:25:00,183.5,2026-09-03 13:34:00,169.75,stop_loss,-14.75,-958.75,68.08,-1026.83,0
IS,S1M_ON,OTM3,CE,NIFTY26SEP24150CE,2026-09-03 13:34:00,205.5,2026-09-03 14:15:00,195.9,next_choch,-10.6,-689.0,71.12,-760.12,0
IS,S1M_ON,OTM3,PE,NIFTY26SEP23850PE,2026-09-03 15:07:00,187.1,2026-09-03 15:10:00,184.15,stop_loss,-3.95,-256.75,69.51,-326.26,0
IS,S1M_ON,OTM3,CE,NIFTY26SEP24050CE,2026-09-04 09:18:00,244.5,2026-09-04 09:39:00,239.3,next_choch,-6.2,-403.0,76.24,-479.24,0
IS,S1M_ON,OTM3,PE,NIFTY26SEP23750PE,2026-09-04 09:28:00,142.15,2026-09-04 09:45:00,135.15,stop_loss,-8.0,-520.0,63.7,-583.7,0
IS,S1M_ON,OTM3,CE,NIFTY26SEP24050CE,2026-09-04 09:45:00,249.0,2026-09-04 12:11:00,257.95,next_choch,7.95,516.75,78.08,438.67,0
IS,S1M_ON,OTM3,PE,NIFTY26SEP23750PE,2026-09-04 12:15:00,124.6,2026-09-04 13:10:00,122.4,next_choch,-3.2,-208.0,62.02,-270.02,0
IS,S1M_ON,OTM3,CE,NIFTY26SEP24050CE,2026-09-04 13:17:00,256.9,2026-09-04 13:25:00,252.15,stop_loss,-5.75,-373.75,77.78,-451.53,0
IS,S1M_ON,OTM3,CE,NIFTY26SEP24050CE,2026-09-04 14:07:00,251.25,2026-09-04 14:37:00,251.8,next_choch,-0.45,-29.25,77.58,-106.83,0
IS,S1M_ON,OTM3,PE,NIFTY26SEP23750PE,2026-09-04 14:45:00,125.7,2026-09-04 14:58:00,123.55,stop_loss,-3.15,-204.75,62.16,-266.91,0
IS,S1M_ON,OTM3,PE,NIFTY26SEP23750PE,2026-09-04 15:21:00,128.2,2026-09-07 14:24:00,165.8,next_choch,36.6,2379.0,66.12,2312.88,0
IS,S1M_ON,OTM3,PE,NIFTY26SEP23700PE,2026-09-07 14:39:00,156.15,2026-09-07 15:13:00,157.8,next_choch,0.65,42.25,66.19,-23.94,0
IS,S1M_ON,OTM3,PE,NIFTY26SEP23350PE,2026-09-09 10:00:00,141.55,2026-09-09 10:18:00,133.25,stop_loss,-9.3,-604.5,63.51,-668.01,0
IS,S1M_ON,OTM3,PE,NIFTY26SEP23350PE,2026-09-09 10:39:00,128.85,2026-09-09 10:59:00,125.45,stop_loss,-4.4,-286.0,62.43,-348.43,0
IS,S1M_ON,OTM3,PE,NIFTY26SEP23350PE,2026-09-09 11:26:00,128.7,2026-09-09 11:40:00,127.25,next_choch,-2.45,-159.25,62.59,-221.84,0
IS,S1M_ON,OTM3,PE,NIFTY26SEP23350PE,2026-09-09 11:51:00,129.85,2026-09-09 12:33:00,124.0,stop_loss,-6.85,-445.25,62.32,-507.57,0
IS,S1M_ON,OTM3,PE,NIFTY26SEP23350PE,2026-09-09 14:31:00,122.8,2026-09-10 11:15:00,148.2,next_choch,24.4,1586.0,64.34,1521.66,0
IS,S1M_ON,OTM3,PE,NIFTY26SEP23300PE,2026-09-10 12:36:00,133.75,2026-09-10 12:40:00,130.65,stop_loss,-4.1,-266.5,63.05,-329.55,0
IS,S1M_ON,OTM3,PE,NIFTY26SEP23300PE,2026-09-10 12:55:00,134.2,2026-09-10 13:14:00,134.2,next_choch,-1.0,-65.0,63.39,-128.39,0
IS,S1M_ON,OTM3,PE,NIFTY26SEP23300PE,2026-09-10 13:33:00,144.15,2026-09-10 13:38:00,139.65,stop_loss,-5.5,-357.5,64.17,-421.67,0
IS,S1M_ON,OTM3,PE,NIFTY26SEP23300PE,2026-09-10 13:58:00,143.75,2026-09-10 14:50:00,143.6,next_choch,-1.15,-74.75,64.53,-139.28,0
IS,S1M_ON,OTM3,CE,NIFTY26SEP23400CE,2026-09-11 10:35:00,214.0,2026-09-11 10:50:00,213.0,next_choch,-2.0,-130.0,72.94,-202.94,0
IS,S1M_ON,OTM3,CE,NIFTY26SEP23400CE,2026-09-11 11:09:00,220.55,2026-09-11 11:53:00,243.0,next_choch,21.45,1394.25,75.88,1318.37,0
IS,S1M_ON,OTM3,CE,NIFTY26SEP23400CE,2026-09-11 12:34:00,243.05,2026-09-11 12:40:00,240.6,next_choch,-3.45,-224.25,76.31,-300.56,0
IS,S1M_ON,OTM3,CE,NIFTY26SEP23400CE,2026-09-11 13:29:00,238.75,2026-09-11 13:37:00,231.65,stop_loss,-8.1,-526.5,75.37,-601.87,0
IS,S1M_ON,OTM3,CE,NIFTY26SEP23400CE,2026-09-11 13:50:00,235.1,2026-09-15 09:25:00,268.35,next_choch,32.25,2096.25,78.63,2017.62,0
IS,S1M_ON,OTM3,PE,NIFTY26SEP23350PE,2026-09-15 09:55:00,189.05,2026-09-16 13:09:00,226.65,next_choch,36.6,2379.0,73.47,2305.53,0
IS,S1M_ON,OTM3,PE,NIFTY26SEP23100PE,2026-09-16 09:27:00,152.7,2026-09-16 09:52:00,159.85,next_choch,6.15,399.75,66.28,333.47,0
IS,S1M_ON,OTM3,CE,NIFTY26SEP23400CE,2026-09-16 10:25:00,172.5,2026-09-16 11:14:00,173.6,next_choch,0.1,6.5,68.11,-61.61,0
IS,S1M_ON,OTM3,PE,NIFTY26SEP23100PE,2026-09-16 11:29:00,160.0,2026-09-16 11:38:00,153.7,stop_loss,-7.3,-474.5,65.92,-540.42,0
IS,S1M_ON,OTM3,PE,NIFTY26SEP23100PE,2026-09-16 11:48:00,158.3,2026-09-16 11:50:00,153.8,stop_loss,-5.5,-357.5,65.88,-423.38,0
IS,S1M_ON,OTM3,PE,NIFTY26SEP23100PE,2026-09-16 11:56:00,161.6,2026-09-16 12:06:00,159.25,next_choch,-3.35,-217.75,66.48,-284.23,0
IS,S1M_ON,OTM3,CE,NIFTY26SEP23400CE,2026-09-16 12:32:00,169.25,2026-09-16 12:58:00,170.0,next_choch,-0.25,-16.25,67.69,-83.94,0
IS,S1M_ON,OTM3,CE,NIFTY26SEP23400CE,2026-09-16 13:05:00,174.65,2026-09-16 13:23:00,170.0,next_choch,-5.65,-367.25,67.85,-435.1,0
IS,S1M_ON,OTM3,PE,NIFTY26SEP23100PE,2026-09-16 13:37:00,153.35,2026-09-16 13:51:00,153.3,next_choch,-1.05,-68.25,65.69,-133.94,0
IS,S1M_ON,OTM3,CE,NIFTY26SEP23400CE,2026-09-16 14:15:00,163.0,2026-09-16 14:28:00,158.5,next_choch,-5.5,-357.5,66.45,-423.95,0
IS,S1M_ON,OTM3,PE,NIFTY26SEP23100PE,2026-09-16 14:38:00,156.65,2026-09-16 14:46:00,151.15,stop_loss,-6.5,-422.5,65.59,-488.09,0
IS,S1M_ON,OTM3,CE,NIFTY26SEP23400CE,2026-09-16 14:50:00,160.0,2026-09-16 14:54:00,155.65,stop_loss,-5.35,-347.75,66.1,-413.85,0
IS,S1M_ON,OTM3,CE,NIFTY26SEP23350CE,2026-09-17 09:35:00,192.0,2026-09-17 09:40:00,180.35,stop_loss,-12.65,-822.25,69.3,-891.55,0
IS,S1M_ON,OTM3,CE,NIFTY26SEP23350CE,2026-09-17 10:02:00,188.4,2026-09-17 10:31:00,181.0,stop_loss,-8.4,-546.0,69.25,-615.25,0
IS,S1M_ON,OTM3,PE,NIFTY26SEP23050PE,2026-09-17 11:07:00,127.9,2026-09-17 11:17:00,117.45,next_choch,-11.45,-744.25,61.66,-805.91,0
IS,S1M_ON,OTM3,CE,NIFTY26SEP23350CE,2026-09-17 11:42:00,170.75,2026-09-17 13:13:00,201.7,next_choch,29.95,1946.75,70.65,1876.1,0
IS,S1M_ON,OTM3,CE,NIFTY26SEP23350CE,2026-09-17 14:21:00,179.15,2026-09-17 14:26:00,172.9,stop_loss,-7.25,-471.25,68.24,-539.49,0
IS,S1M_ON,OTM3,PE,NIFTY26SEP23050PE,2026-09-17 14:59:00,99.25,2026-09-17 15:06:00,93.0,stop_loss,-7.25,-471.25,58.59,-529.84,0
IS,S1M_ON,OTM3,CE,NIFTY26SEP23350CE,2026-09-17 15:10:00,178.85,2026-09-17 15:11:00,174.75,stop_loss,-5.1,-331.5,68.4,-399.9,0
IS,S1M_ON,OTM3,PE,NIFTY26SEP23300PE,2026-09-22 11:51:00,104.15,2026-09-22 12:03:00,99.65,next_choch,-5.5,-357.5,59.34,-416.84,0
IS,S1M_ON,OTM3,PE,NIFTY26SEP23300PE,2026-09-22 12:39:00,99.5,2026-09-22 12:41:00,96.55,stop_loss,-3.95,-256.75,58.92,-315.67,0
IS,S1M_ON,OTM3,PE,NIFTY26SEP23300PE,2026-09-22 12:45:00,102.55,2026-09-22 13:07:00,103.6,next_choch,0.05,3.25,59.66,-56.41,0
IS,S1M_ON,OTM3,PE,NIFTY26SEP23300PE,2026-09-22 13:20:00,109.75,2026-09-22 13:27:00,107.4,next_choch,-3.35,-217.75,60.21,-277.96,0
IS,S1M_ON,OTM3,PE,NIFTY26SEP23300PE,2026-09-22 13:48:00,113.25,2026-09-22 14:14:00,100.5,stop_loss,-13.75,-893.75,59.68,-953.43,0
IS,S1M_ON,OTM3,CE,NIFTY26SEP23500CE,2026-09-23 13:03:00,100.85,2026-09-23 13:10:00,96.2,next_choch,-5.65,-367.25,58.93,-426.18,0
IS,S1M_ON,OTM3,CE,NIFTY26SEP23500CE,2026-09-23 14:06:00,91.3,2026-09-23 14:20:00,91.15,next_choch,-1.15,-74.75,58.19,-132.94,0
IS,S1M_ON,OTM3,CE,NIFTY26SEP23500CE,2026-09-23 14:27:00,97.55,2026-09-23 14:34:00,93.7,stop_loss,-4.85,-315.25,58.6,-373.85,0
IS,S1M_ON,OTM3,PE,NIFTY26SEP23100PE,2026-09-24 09:16:00,52.3,2026-09-24 10:52:00,55.7,next_choch,2.4,156.0,53.8,102.2,0
IS,S1M_ON,OTM3,PE,NIFTY26SEP23100PE,2026-09-24 11:05:00,58.5,2026-09-24 11:19:00,54.25,next_choch,-5.25,-341.25,53.85,-395.1,0
IS,S1M_ON,OTM3,PE,NIFTY26SEP23100PE,2026-09-24 11:32:00,68.35,2026-09-24 11:41:00,61.5,stop_loss,-7.85,-510.25,54.8,-565.05,0
IS,S1M_ON,OTM3,PE,NIFTY26SEP23100PE,2026-09-24 11:52:00,65.65,2026-09-24 11:54:00,64.4,next_choch,-2.25,-146.25,54.99,-201.24,0
IS,S1M_ON,OTM3,PE,NIFTY26SEP23100PE,2026-09-24 11:57:00,73.05,2026-09-24 12:02:00,64.05,stop_loss,-10.0,-650.0,55.17,-705.17,0
IS,S1M_ON,OTM3,PE,NIFTY26SEP23100PE,2026-09-24 12:25:00,73.55,2026-09-24 12:28:00,66.3,stop_loss,-8.25,-536.25,55.39,-591.64,0
IS,S1M_ON,OTM3,PE,NIFTY26SEP23100PE,2026-09-24 12:35:00,79.75,2026-09-24 13:01:00,75.7,next_choch,-5.05,-328.25,56.43,-384.68,0
IS,S1M_ON,OTM3,PE,NIFTY26SEP23100PE,2026-09-24 13:25:00,78.65,2026-09-24 14:50:00,115.8,next_choch,36.15,2349.75,60.09,2289.66,0
IS,S1M_ON,OTM3,PE,NIFTY26SEP23100PE,2026-09-24 15:13:00,124.75,2026-09-24 15:18:00,116.05,stop_loss,-9.7,-630.5,61.44,-691.94,0
IS,S1M_ON,OTM3,PE,NIFTY26SEP22950PE,2026-09-25 09:39:00,54.85,2026-09-25 10:02:00,56.3,next_choch,0.45,29.25,53.93,-24.68,0
IS,S1M_ON,OTM3,PE,NIFTY26SEP22950PE,2026-09-25 10:34:00,58.15,2026-09-25 10:39:00,53.7,stop_loss,-5.45,-354.25,53.79,-408.04,0
IS,S1M_ON,OTM3,PE,NIFTY26SEP22950PE,2026-09-25 10:47:00,60.6,2026-09-25 10:55:00,54.5,next_choch,-7.1,-461.5,53.93,-515.43,0
IS,S1M_ON,OTM3,PE,NIFTY26SEP22950PE,2026-09-25 12:07:00,52.2,2026-09-25 12:09:00,48.8,stop_loss,-4.4,-286.0,53.16,-339.16,0
IS,S1M_ON,OTM3,PE,NIFTY26SEP22950PE,2026-09-25 12:43:00,51.2,2026-09-25 13:09:00,53.3,next_choch,1.1,71.5,53.55,17.95,0
IS,S1M_ON,OTM3,PE,NIFTY26SEP22950PE,2026-09-25 13:18:00,57.05,2026-09-25 13:29:00,55.8,next_choch,-2.25,-146.25,53.95,-200.2,0
IS,S1M_ON,OTM3,PE,NIFTY26SEP22950PE,2026-09-25 13:33:00,57.8,2026-09-25 13:41:00,55.05,stop_loss,-3.75,-243.75,53.9,-297.65,0
IS,S1M_ON,OTM3,CE,NIFTY26SEP23250CE,2026-09-25 14:39:00,80.7,2026-09-25 14:40:00,75.4,stop_loss,-6.3,-409.5,56.43,-465.93,0
IS,S1M_ON,OTM4,CE,NIFTY26SEP24550CE,2026-08-26 11:14:00,252.5,2026-08-26 11:17:00,247.7,stop_loss,-5.8,-377.0,77.24,-454.24,0
IS,S1M_ON,OTM4,PE,NIFTY26SEP24150PE,2026-08-26 13:16:00,165.0,2026-08-26 13:34:00,162.0,next_choch,-4.0,-260.0,66.83,-326.83,0
IS,S1M_ON,OTM4,PE,NIFTY26SEP24150PE,2026-08-26 13:49:00,165.45,2026-08-26 14:04:00,162.8,next_choch,-3.65,-237.25,66.92,-304.17,0
IS,S1M_ON,OTM4,CE,NIFTY26SEP24550CE,2026-08-26 14:54:00,233.9,2026-08-26 14:56:00,231.5,stop_loss,-3.4,-221.0,75.21,-296.21,0
IS,S1M_ON,OTM4,PE,NIFTY26SEP24100PE,2026-08-27 09:23:00,157.1,2026-08-27 09:49:00,161.7,next_choch,3.6,234.0,66.58,167.42,0
IS,S1M_ON,OTM4,PE,NIFTY26SEP24100PE,2026-08-27 09:58:00,169.9,2026-08-27 12:15:00,186.0,next_choch,15.1,981.5,69.18,912.32,0
IS,S1M_ON,OTM4,PE,NIFTY26SEP24100PE,2026-08-27 13:47:00,177.0,2026-08-27 14:17:00,185.0,next_choch,7.0,455.0,69.29,385.71,0
IS,S1M_ON,OTM4,CE,NIFTY26SEP24500CE,2026-08-27 14:26:00,191.85,2026-08-27 14:32:00,190.5,stop_loss,-2.35,-152.75,70.23,-222.98,0
IS,S1M_ON,OTM4,CE,NIFTY26SEP24500CE,2026-08-27 15:01:00,198.35,2026-08-27 15:04:00,193.9,stop_loss,-5.45,-354.25,70.73,-424.98,0
IS,S1M_ON,OTM4,PE,NIFTY26SEP24100PE,2026-08-27 15:05:00,183.15,2026-08-28 09:17:00,191.7,next_choch,7.55,490.75,70.09,420.66,0
IS,S1M_ON,OTM4,CE,NIFTY26SEP24300CE,2026-08-28 09:26:00,293.75,2026-08-28 10:06:00,288.55,next_choch,-6.2,-403.0,82.19,-485.19,0
IS,S1M_ON,OTM4,CE,NIFTY26SEP24300CE,2026-08-28 10:13:00,303.4,2026-08-28 10:31:00,301.55,next_choch,-2.85,-185.25,83.66,-268.91,0
IS,S1M_ON,OTM4,PE,NIFTY26SEP23900PE,2026-08-28 11:33:00,134.75,2026-08-28 13:22:00,136.35,next_choch,0.6,39.0,63.6,-24.6,0
IS,S1M_ON,OTM4,CE,NIFTY26SEP24300CE,2026-08-28 13:40:00,269.8,2026-08-28 13:41:00,266.75,stop_loss,-4.05,-263.25,79.49,-342.74,0
IS,S1M_ON,OTM4,CE,NIFTY26SEP24300CE,2026-08-28 14:27:00,265.7,2026-08-28 14:40:00,268.2,next_choch,1.5,97.5,79.51,17.99,0
IS,S1M_ON,OTM4,CE,NIFTY26SEP24300CE,2026-08-28 14:48:00,271.5,2026-08-28 15:02:00,266.1,stop_loss,-6.4,-416.0,79.48,-495.48,0
IS,S1M_ON,OTM4,CE,NIFTY26SEP24300CE,2026-08-28 15:20:00,295.0,2026-08-31 09:15:00,220.45,stop_loss,-75.55,-4910.75,75.96,-4986.71,0
IS,S1M_ON,OTM4,PE,NIFTY26SEP23850PE,2026-08-31 09:18:00,144.3,2026-08-31 09:20:00,139.0,stop_loss,-6.3,-409.5,64.12,-473.62,0
IS,S1M_ON,OTM4,CE,NIFTY26SEP24250CE,2026-08-31 11:31:00,245.55,2026-08-31 14:23:00,258.9,next_choch,12.35,802.75,78.07,724.68,0
IS,S1M_ON,OTM4,PE,NIFTY26SEP23850PE,2026-08-31 14:29:00,135.5,2026-08-31 14:36:00,131.45,next_choch,-5.05,-328.25,63.17,-391.42,0
IS,S1M_ON,OTM4,CE,NIFTY26SEP24250CE,2026-08-31 14:36:00,263.5,2026-08-31 15:05:00,269.0,next_choch,4.5,292.5,79.52,212.98,0
IS,S1M_ON,OTM4,PE,NIFTY26SEP23850PE,2026-09-01 09:54:00,145.15,2026-09-01 10:22:00,134.75,next_choch,-11.4,-741.0,63.75,-804.75,0
IS,S1M_ON,OTM4,CE,NIFTY26SEP24250CE,2026-09-01 11:15:00,255.7,2026-09-01 12:21:00,257.0,next_choch,0.3,19.5,78.19,-58.69,0
IS,S1M_ON,OTM4,PE,NIFTY26SEP23850PE,2026-09-01 13:38:00,139.3,2026-09-01 14:55:00,164.35,next_choch,24.05,1563.25,66.3,1496.95,0
IS,S1M_ON,OTM4,PE,NIFTY26SEP23850PE,2026-09-01 15:03:00,172.6,2026-09-01 15:28:00,165.45,next_choch,-8.15,-529.75,67.37,-597.12,0
IS,S1M_ON,OTM4,PE,NIFTY26SEP23650PE,2026-09-02 13:43:00,142.45,2026-09-02 14:01:00,136.5,stop_loss,-6.95,-451.75,63.83,-515.58,0
IS,S1M_ON,OTM4,PE,NIFTY26SEP23650PE,2026-09-02 15:01:00,143.35,2026-09-02 15:10:00,138.8,next_choch,-5.55,-360.75,64.07,-424.82,0
IS,S1M_ON,OTM4,CE,NIFTY26SEP24200CE,2026-09-03 09:34:00,207.6,2026-09-03 10:07:00,213.9,next_choch,5.3,344.5,72.83,271.67,0
IS,S1M_ON,OTM4,PE,NIFTY26SEP23800PE,2026-09-03 10:55:00,149.45,2026-09-03 11:22:00,149.65,next_choch,-0.8,-52.0,65.25,-117.25,0
IS,S1M_ON,OTM4,PE,NIFTY26SEP23800PE,2026-09-03 12:02:00,153.1,2026-09-03 12:52:00,158.8,next_choch,4.7,305.5,66.19,239.31,0
IS,S1M_ON,OTM4,PE,NIFTY26SEP23800PE,2026-09-03 13:25:00,166.5,2026-09-03 13:30:00,160.15,next_choch,-7.35,-477.75,66.7,-544.45,0
IS,S1M_ON,OTM4,PE,NIFTY26SEP23800PE,2026-09-03 13:43:00,164.7,2026-09-03 13:58:00,157.3,next_choch,-8.4,-546.0,66.39,-612.39,0
IS,S1M_ON,OTM4,PE,NIFTY26SEP23800PE,2026-09-03 14:39:00,159.0,2026-09-03 14:48:00,158.95,next_choch,-1.05,-68.25,66.38,-134.63,0
IS,S1M_ON,OTM4,PE,NIFTY26SEP23800PE,2026-09-03 14:56:00,163.9,2026-09-03 15:13:00,162.95,next_choch,-1.95,-126.75,66.89,-193.64,0
IS,S1M_ON,OTM4,PE,NIFTY26SEP23800PE,2026-09-03 15:28:00,172.75,2026-09-04 09:15:00,161.05,stop_loss,-12.7,-825.5,66.97,-892.47,0
IS,S1M_ON,OTM4,CE,NIFTY26SEP24100CE,2026-09-04 09:45:00,224.05,2026-09-04 12:20:00,224.0,next_choch,-1.05,-68.25,74.24,-142.49,0
IS,S1M_ON,OTM4,PE,NIFTY26SEP23700PE,2026-09-04 12:15:00,111.25,2026-09-04 12:52:00,112.0,next_choch,-0.25,-16.25,60.68,-76.93,0
IS,S1M_ON,OTM4,PE,NIFTY26SEP23700PE,2026-09-04 12:57:00,117.35,2026-09-04 13:09:00,111.75,next_choch,-6.6,-429.0,60.83,-489.83,0
IS,S1M_ON,OTM4,CE,NIFTY26SEP24100CE,2026-09-04 13:09:00,224.0,2026-09-04 13:34:00,219.1,next_choch,-5.9,-383.5,73.79,-457.29,0
IS,S1M_ON,OTM4,CE,NIFTY26SEP24100CE,2026-09-04 13:46:00,226.9,2026-09-04 13:51:00,222.7,stop_loss,-5.2,-338.0,74.2,-412.2,0
IS,S1M_ON,OTM4,CE,NIFTY26SEP24100CE,2026-09-04 14:05:00,225.7,2026-09-04 14:18:00,223.9,next_choch,-2.8,-182.0,74.28,-256.28,0
IS,S1M_ON,OTM4,CE,NIFTY26SEP24100CE,2026-09-04 14:25:00,229.8,2026-09-04 14:37:00,224.35,stop_loss,-6.45,-419.25,74.44,-493.69,0
IS,S1M_ON,OTM4,PE,NIFTY26SEP23700PE,2026-09-04 14:44:00,111.9,2026-09-04 15:12:00,108.9,stop_loss,-4.0,-260.0,60.41,-320.41,0
IS,S1M_ON,OTM4,PE,NIFTY26SEP23650PE,2026-09-07 14:40:00,142.1,2026-09-07 15:02:00,140.2,next_choch,-2.9,-188.5,64.17,-252.67,0
IS,S1M_ON,OTM4,PE,NIFTY26SEP23500PE,2026-09-08 11:04:00,126.65,2026-09-08 11:16:00,122.9,next_choch,-4.75,-308.75,62.13,-370.88,0
IS,S1M_ON,OTM4,PE,NIFTY26SEP23500PE,2026-09-08 11:31:00,124.8,2026-09-08 11:48:00,126.25,next_choch,0.45,29.25,62.38,-33.13,0
IS,S1M_ON,OTM4,PE,NIFTY26SEP23500PE,2026-09-08 12:04:00,133.05,2026-09-08 12:23:00,129.4,next_choch,-4.65,-302.25,62.91,-365.16,0
IS,S1M_ON,OTM4,PE,NIFTY26SEP23500PE,2026-09-08 13:05:00,130.6,2026-09-08 13:14:00,127.7,next_choch,-3.9,-253.5,62.68,-316.18,0
IS,S1M_ON,OTM4,PE,NIFTY26SEP23500PE,2026-09-08 13:25:00,131.3,2026-09-08 14:01:00,135.3,next_choch,3.0,195.0,63.4,131.6,0
IS,S1M_ON,OTM4,PE,NIFTY26SEP23300PE,2026-09-09 09:16:00,123.0,2026-09-09 09:37:00,115.4,next_choch,-8.6,-559.0,61.33,-620.33,0
IS,S1M_ON,OTM4,PE,NIFTY26SEP23300PE,2026-09-09 09:50:00,121.95,2026-09-09 10:18:00,115.5,next_choch,-7.45,-484.25,61.31,-545.56,0
IS,S1M_ON,OTM4,PE,NIFTY26SEP23300PE,2026-09-09 11:14:00,114.05,2026-09-09 11:20:00,111.5,stop_loss,-3.55,-230.75,60.72,-291.47,0
IS,S1M_ON,OTM4,PE,NIFTY26SEP23300PE,2026-09-09 11:52:00,118.6,2026-09-09 12:26:00,121.9,next_choch,2.3,149.5,61.8,87.7,0
IS,S1M_ON,OTM4,PE,NIFTY26SEP23300PE,2026-09-09 13:55:00,107.0,2026-09-09 14:00:00,103.4,stop_loss,-4.6,-299.0,59.77,-358.77,0
IS,S1M_ON,OTM4,PE,NIFTY26SEP23300PE,2026-09-09 14:14:00,106.9,2026-09-10 12:12:00,130.35,next_choch,22.45,1459.25,62.24,1397.01,0
IS,S1M_ON,OTM4,PE,NIFTY26SEP23250PE,2026-09-10 12:31:00,118.55,2026-09-10 13:25:00,122.5,next_choch,2.95,191.75,61.86,129.89,0
IS,S1M_ON,OTM4,PE,NIFTY26SEP23250PE,2026-09-10 13:28:00,124.15,2026-09-10 13:41:00,124.2,next_choch,-0.95,-61.75,62.18,-123.93,0
IS,S1M_ON,OTM4,PE,NIFTY26SEP23250PE,2026-09-10 14:03:00,130.0,2026-09-10 15:23:00,132.35,next_choch,1.35,87.75,63.09,24.66,0
IS,S1M_ON,OTM4,CE,NIFTY26SEP23450CE,2026-09-11 12:35:00,215.85,2026-09-11 12:46:00,213.25,next_choch,-3.6,-234.0,73.01,-307.01,0
IS,S1M_ON,OTM4,CE,NIFTY26SEP23450CE,2026-09-11 13:49:00,207.45,2026-09-11 15:29:00,243.9,next_choch,35.45,2304.25,75.59,2228.66,0
IS,S1M_ON,OTM4,PE,NIFTY26SEP23300PE,2026-09-15 09:55:00,170.3,2026-09-15 12:02:00,189.65,next_choch,18.35,1192.75,69.53,1123.22,0
IS,S1M_ON,OTM4,PE,NIFTY26SEP23300PE,2026-09-15 12:18:00,193.5,2026-09-15 12:50:00,189.55,next_choch,-4.95,-321.75,70.19,-391.94,0
IS,S1M_ON,OTM4,PE,NIFTY26SEP23300PE,2026-09-15 13:03:00,205.85,2026-09-16 09:16:00,206.45,next_choch,-0.4,-26.0,72.1,-98.1,0
IS,S1M_ON,OTM4,PE,NIFTY26SEP23050PE,2026-09-16 11:20:00,137.15,2026-09-16 11:51:00,139.3,next_choch,1.15,74.75,63.94,10.81,0
IS,S1M_ON,OTM4,PE,NIFTY26SEP23050PE,2026-09-16 11:56:00,145.7,2026-09-16 12:13:00,137.35,stop_loss,-9.35,-607.75,64.01,-671.76,0
IS,S1M_ON,OTM4,PE,NIFTY26SEP23050PE,2026-09-16 13:39:00,140.95,2026-09-16 13:51:00,136.55,next_choch,-5.4,-351.0,63.8,-414.8,0
IS,S1M_ON,OTM4,PE,NIFTY26SEP23050PE,2026-09-16 14:37:00,140.45,2026-09-16 14:41:00,137.45,stop_loss,-4.0,-260.0,63.86,-323.86,0
IS,S1M_ON,OTM4,CE,NIFTY26SEP23400CE,2026-09-17 09:35:00,165.85,2026-09-17 09:39:00,155.5,stop_loss,-11.35,-737.75,66.26,-804.01,0
IS,S1M_ON,OTM4,CE,NIFTY26SEP23400CE,2026-09-17 10:02:00,161.6,2026-09-17 10:22:00,164.3,next_choch,1.7,110.5,66.94,43.56,0
IS,S1M_ON,OTM4,PE,NIFTY26SEP23000PE,2026-09-17 11:00:00,98.45,2026-09-17 11:32:00,99.0,next_choch,-0.45,-29.25,59.12,-88.37,0
IS,S1M_ON,OTM4,CE,NIFTY26SEP23400CE,2026-09-17 11:52:00,156.2,2026-09-17 12:57:00,181.1,next_choch,23.9,1553.5,68.33,1485.17,0
IS,S1M_ON,OTM4,CE,NIFTY26SEP23400CE,2026-09-17 13:00:00,185.0,2026-09-17 13:01:00,179.6,stop_loss,-6.4,-416.0,69.03,-485.03,0
IS,S1M_ON,OTM4,PE,NIFTY26SEP23000PE,2026-09-17 13:30:00,95.5,2026-09-17 13:47:00,90.6,next_choch,-5.9,-383.5,58.26,-441.76,0
IS,S1M_ON,OTM4,PE,NIFTY26SEP23000PE,2026-09-17 14:02:00,93.6,2026-09-17 14:06:00,89.4,stop_loss,-5.2,-338.0,58.09,-396.09,0
IS,S1M_ON,OTM4,PE,NIFTY26SEP23000PE,2026-09-17 14:59:00,88.1,2026-09-17 15:06:00,82.0,stop_loss,-7.1,-461.5,57.25,-518.75,0
IS,S1M_ON,OTM4,CE,NIFTY26SEP23400CE,2026-09-17 15:10:00,151.75,2026-09-17 15:11:00,148.5,stop_loss,-4.25,-276.25,65.21,-341.46,0
IS,S1M_ON,OTM4,PE,NIFTY26SEP23150PE,2026-09-18 09:28:00,117.0,2026-09-18 09:48:00,108.9,next_choch,-9.1,-591.5,60.56,-652.06,0
IS,S1M_ON,OTM4,PE,NIFTY26SEP23150PE,2026-09-18 11:01:00,110.7,2026-09-18 11:11:00,107.95,next_choch,-3.75,-243.75,60.29,-304.04,0
IS,S1M_ON,OTM4,PE,NIFTY26SEP23150PE,2026-09-18 11:33:00,113.15,2026-09-18 11:37:00,110.1,stop_loss,-4.05,-263.25,60.56,-323.81,0
IS,S1M_ON,OTM4,PE,NIFTY26SEP23250PE,2026-09-22 12:55:00,90.0,2026-09-22 13:06:00,87.0,next_choch,-4.0,-260.0,57.77,-317.77,0
IS,S1M_ON,OTM4,PE,NIFTY26SEP23250PE,2026-09-22 13:20:00,90.3,2026-09-22 13:28:00,86.8,stop_loss,-4.5,-292.5,57.76,-350.26,0
IS,S1M_ON,OTM4,PE,NIFTY26SEP23250PE,2026-09-22 13:53:00,103.5,2026-09-22 14:12:00,92.0,stop_loss,-12.5,-812.5,58.62,-871.12,0
IS,S1M_ON,OTM4,PE,NIFTY26SEP23150PE,2026-09-23 09:49:00,42.4,2026-09-23 09:56:00,41.9,next_choch,-1.5,-97.5,52.25,-149.75,0
IS,S1M_ON,OTM4,CE,NIFTY26SEP23550CE,2026-09-23 11:30:00,69.15,2026-09-23 11:40:00,67.55,next_choch,-2.6,-169.0,55.38,-224.38,0
IS,S1M_ON,OTM4,CE,NIFTY26SEP23550CE,2026-09-23 11:45:00,69.85,2026-09-23 11:50:00,67.4,stop_loss,-3.45,-224.25,55.38,-279.63,0
IS,S1M_ON,OTM4,CE,NIFTY26SEP23550CE,2026-09-23 12:01:00,71.5,2026-09-23 12:25:00,76.45,next_choch,3.95,256.75,56.26,200.49,0
IS,S1M_ON,OTM4,CE,NIFTY26SEP23550CE,2026-09-23 13:03:00,77.85,2026-09-23 13:10:00,74.1,next_choch,-4.75,-308.75,56.23,-364.98,0
IS,S1M_ON,OTM4,CE,NIFTY26SEP23550CE,2026-09-23 14:06:00,69.0,2026-09-23 14:20:00,68.85,next_choch,-1.15,-74.75,55.49,-130.24,0
IS,S1M_ON,OTM4,CE,NIFTY26SEP23550CE,2026-09-23 14:27:00,74.3,2026-09-23 14:34:00,70.9,stop_loss,-4.4,-286.0,55.83,-341.83,0
IS,S1M_ON,OTM4,PE,NIFTY26SEP23050PE,2026-09-24 09:19:00,45.5,2026-09-24 10:52:00,44.15,next_choch,-2.35,-152.75,52.54,-205.29,0
IS,S1M_ON,OTM4,PE,NIFTY26SEP23050PE,2026-09-24 11:13:00,49.2,2026-09-24 11:18:00,44.95,stop_loss,-5.25,-341.25,52.72,-393.97,0
IS,S1M_ON,OTM4,PE,NIFTY26SEP23050PE,2026-09-24 11:32:00,54.35,2026-09-24 11:41:00,48.4,stop_loss,-6.95,-451.75,53.19,-504.94,0
IS,S1M_ON,OTM4,PE,NIFTY26SEP23050PE,2026-09-24 11:50:00,51.8,2026-09-24 11:54:00,50.95,next_choch,-1.85,-120.25,53.35,-173.6,0
IS,S1M_ON,OTM4,PE,NIFTY26SEP23050PE,2026-09-24 11:57:00,58.3,2026-09-24 12:02:00,50.75,stop_loss,-8.55,-555.75,53.52,-609.27,0
IS,S1M_ON,OTM4,PE,NIFTY26SEP23050PE,2026-09-24 12:25:00,58.2,2026-09-24 12:28:00,52.4,stop_loss,-6.8,-442.0,53.67,-495.67,0
IS,S1M_ON,OTM4,PE,NIFTY26SEP23050PE,2026-09-24 12:35:00,64.0,2026-09-24 13:00:00,61.95,next_choch,-3.05,-198.25,54.71,-252.96,0
IS,S1M_ON,OTM4,PE,NIFTY26SEP23050PE,2026-09-24 13:25:00,62.65,2026-09-24 14:50:00,95.4,next_choch,31.75,2063.75,57.75,2006.0,0
IS,S1M_ON,OTM4,PE,NIFTY26SEP23050PE,2026-09-24 15:13:00,103.1,2026-09-24 15:18:00,95.55,stop_loss,-8.55,-555.75,58.93,-614.68,0
IS,S1M_ON,OTM4,PE,NIFTY26SEP22900PE,2026-09-25 09:36:00,39.8,2026-09-25 10:12:00,36.3,next_choch,-4.5,-292.5,51.66,-344.16,0
IS,S1M_ON,OTM4,PE,NIFTY26SEP22900PE,2026-09-25 10:34:00,46.2,2026-09-25 10:42:00,42.8,next_choch,-4.4,-286.0,52.44,-338.44,0
IS,S1M_ON,OTM4,PE,NIFTY26SEP22900PE,2026-09-25 10:47:00,48.05,2026-09-25 10:55:00,42.95,next_choch,-6.1,-396.5,52.51,-449.01,0
IS,S1M_ON,OTM4,PE,NIFTY26SEP22900PE,2026-09-25 12:07:00,40.75,2026-09-25 12:09:00,38.1,stop_loss,-3.65,-237.25,51.85,-289.1,0
IS,S1M_ON,OTM4,PE,NIFTY26SEP22900PE,2026-09-25 12:43:00,39.9,2026-09-25 13:09:00,41.5,next_choch,0.6,39.0,52.14,-13.14,0
IS,S1M_ON,OTM4,PE,NIFTY26SEP22900PE,2026-09-25 13:18:00,44.55,2026-09-25 13:29:00,43.25,next_choch,-2.3,-149.5,52.43,-201.93,0
IS,S1M_ON,OTM4,PE,NIFTY26SEP22900PE,2026-09-25 13:34:00,45.95,2026-09-25 13:42:00,42.9,stop_loss,-4.05,-263.25,52.44,-315.69,0
OOS,S1M_ON,ATR2,PE,NIFTY26SEP24250PE,2026-07-08 10:03:00,420.6,2026-07-10 09:54:00,443.95,next_choch,22.35,1452.75,100.14,1352.61,0
OOS,S1M_ON,ATR2,CE,NIFTY26SEP24000CE,2026-07-09 10:26:00,755.75,2026-07-09 10:29:00,744.25,stop_loss,-12.5,-812.5,137.44,-949.94,0
OOS,S1M_ON,ATR2,CE,NIFTY26SEP24000CE,2026-07-09 10:42:00,807.9,2026-07-09 11:46:00,758.0,next_choch,-50.9,-3308.5,140.21,-3448.71,0
OOS,S1M_ON,ATR2,CE,NIFTY26SEP24000CE,2026-07-09 12:05:00,773.95,2026-07-09 12:18:00,764.0,next_choch,-10.95,-711.75,139.78,-851.53,0
OOS,S1M_ON,ATR2,CE,NIFTY26SEP24000CE,2026-07-09 13:17:00,754.0,2026-07-09 13:19:00,750.95,stop_loss,-4.05,-263.25,138.0,-401.25,0
OOS,S1M_ON,ATR2,CE,NIFTY26SEP24000CE,2026-07-09 14:33:00,757.0,2026-07-09 14:39:00,741.9,stop_loss,-16.1,-1046.5,137.26,-1183.76,0
OOS,S1M_ON,ATR2,CE,NIFTY26SEP24000CE,2026-07-09 15:21:00,700.0,2026-07-09 15:29:00,700.05,next_choch,-0.95,-61.75,131.76,-193.51,0
OOS,S1M_ON,ATR2,PE,NIFTY26SEP23950PE,2026-07-09 15:25:00,436.35,2026-07-10 09:15:00,351.45,stop_loss,-85.9,-5583.5,92.09,-5675.59,0
OOS,S1M_ON,ATR2,CE,NIFTY26SEP24200CE,2026-07-10 09:16:00,676.95,2026-07-10 12:13:00,673.65,next_choch,-4.3,-279.5,128.67,-408.17,0
OOS,S1M_ON,ATR2,CE,NIFTY26SEP24200CE,2026-07-10 13:45:00,695.75,2026-07-13 09:15:00,620.0,stop_loss,-76.75,-4988.75,124.28,-5113.03,0
OOS,S1M_ON,ATR2,CE,NIFTY26SEP24050CE,2026-07-13 11:05:00,748.75,2026-07-14 15:15:00,682.55,stop_loss,-67.2,-4368.0,131.56,-4499.56,0
OOS,S1M_ON,ATR2,CE,NIFTY26SEP24100CE,2026-07-14 11:02:00,707.95,2026-07-14 11:44:00,686.05,stop_loss,-22.9,-1488.5,130.7,-1619.2,0
OOS,S1M_ON,ATR2,PE,NIFTY26SEP24050PE,2026-07-14 13:35:00,452.7,2026-07-15 09:44:00,383.2,stop_loss,-70.5,-4582.5,95.48,-4677.98,0
OOS,S1M_ON,ATR2,CE,NIFTY26SEP24200CE,2026-07-17 09:17:00,646.0,2026-07-20 09:28:00,660.0,next_choch,13.0,845.0,126.52,718.48,0
OOS,S1M_ON,ATR2,PE,NIFTY26SEP24200PE,2026-07-20 09:30:00,441.0,2026-07-20 10:02:00,440.5,next_choch,-1.5,-97.5,100.41,-197.91,0
OOS,S1M_ON,ATR2,CE,NIFTY26SEP24300CE,2026-07-20 10:14:00,616.0,2026-07-20 11:22:00,612.0,stop_loss,-5.0,-325.0,121.24,-446.24,0
OOS,S1M_ON,ATR2,PE,NIFTY26SEP24200PE,2026-07-20 11:44:00,438.0,2026-07-20 12:21:00,435.85,next_choch,-3.15,-204.75,99.9,-304.65,0
OOS,S1M_ON,ATR2,PE,NIFTY26SEP24200PE,2026-07-20 12:36:00,450.0,2026-07-20 13:06:00,445.1,stop_loss,-5.9,-383.5,101.1,-484.6,0
OOS,S1M_ON,ATR2,CE,NIFTY26SEP24300CE,2026-07-20 13:14:00,629.5,2026-07-21 09:43:00,610.0,next_choch,-20.5,-1332.5,121.44,-1453.94,0
OOS,S1M_ON,ATR2,PE,NIFTY26SEP24200PE,2026-07-21 10:38:00,426.65,2026-07-21 11:01:00,416.2,next_choch,-11.45,-744.25,97.76,-842.01,0
OOS,S1M_ON,ATR2,PE,NIFTY26SEP24200PE,2026-07-21 11:39:00,424.8,2026-07-21 12:04:00,418.15,stop_loss,-7.65,-497.25,97.89,-595.14,0
OOS,S1M_ON,ATR2,PE,NIFTY26SEP24050PE,2026-07-22 09:16:00,406.15,2026-07-27 11:29:00,437.15,next_choch,30.0,1950.0,99.1,1850.9,0
OOS,S1M_ON,ATR2,PE,NIFTY26SEP23850PE,2026-07-23 09:19:00,390.0,2026-07-27 09:23:00,371.25,next_choch,-19.75,-1283.75,92.57,-1376.32,0
OOS,S1M_ON,ATR2,CE,NIFTY26SEP24000CE,2026-07-27 09:44:00,582.85,2026-07-27 09:51:00,584.7,next_choch,0.85,55.25,117.77,-62.52,0
OOS,S1M_ON,ATR2,PE,NIFTY26SEP23900PE,2026-07-27 10:37:00,403.2,2026-07-27 10:56:00,395.4,stop_loss,-8.8,-572.0,95.17,-667.17,0
OOS,S1M_ON,ATR2,CE,NIFTY26SEP24000CE,2026-07-27 11:00:00,578.9,2026-07-27 11:11:00,571.3,next_choch,-8.6,-559.0,116.42,-675.42,0
OOS,S1M_ON,ATR2,CE,NIFTY26SEP24000CE,2026-07-27 11:20:00,582.7,2026-07-27 11:49:00,585.0,next_choch,1.3,84.5,117.79,-33.29,0
OOS,S1M_ON,ATR2,CE,NIFTY26SEP24000CE,2026-07-27 11:56:00,594.9,2026-07-27 12:09:00,582.55,next_choch,-13.35,-867.75,117.92,-985.67,0
OOS,S1M_ON,ATR2,PE,NIFTY26SEP23900PE,2026-07-27 12:10:00,378.25,2026-07-27 13:00:00,373.0,next_choch,-6.25,-406.25,92.39,-498.64,0
OOS,S1M_ON,ATR2,CE,NIFTY26SEP24000CE,2026-07-27 13:04:00,587.55,2026-07-27 13:28:00,582.15,stop_loss,-6.4,-416.0,117.67,-533.67,0
OOS,S1M_ON,ATR2,PE,NIFTY26SEP23900PE,2026-07-27 13:35:00,380.95,2026-07-27 14:03:00,367.0,stop_loss,-14.95,-971.75,91.92,-1063.67,0
OOS,S1M_ON,ATR2,CE,NIFTY26SEP24000CE,2026-07-27 14:02:00,591.85,2026-07-28 09:33:00,598.0,next_choch,5.15,334.75,119.25,215.5,0
OOS,S1M_ON,ATR2,CE,NIFTY26SEP24000CE,2026-07-28 09:37:00,615.05,2026-07-28 10:02:00,599.0,next_choch,-17.05,-1108.25,120.02,-1228.27,0
OOS,S1M_ON,ATR2,CE,NIFTY26SEP24000CE,2026-07-28 10:33:00,608.95,2026-07-28 11:01:00,614.65,next_choch,4.7,305.5,121.28,184.22,0
OOS,S1M_ON,ATR2,CE,NIFTY26SEP24000CE,2026-07-28 11:18:00,625.0,2026-07-28 11:24:00,618.0,next_choch,-8.0,-520.0,122.05,-642.05,0
OOS,S1M_ON,ATR2,CE,NIFTY26SEP24000CE,2026-07-28 11:47:00,628.1,2026-07-28 12:35:00,619.0,next_choch,-10.1,-656.5,122.23,-778.73,0
OOS,S1M_ON,ATR2,CE,NIFTY26SEP24000CE,2026-07-28 14:01:00,617.4,2026-07-28 14:10:00,613.9,next_choch,-4.5,-292.5,121.45,-413.95,0
OOS,S1M_ON,ATR2,CE,NIFTY26SEP24000CE,2026-07-28 15:20:00,621.95,2026-07-30 10:29:00,698.05,next_choch,75.1,4881.5,129.32,4752.18,0
OOS,S1M_ON,ATR2,CE,NIFTY26SEP24250CE,2026-07-30 09:24:00,572.75,2026-07-30 09:37:00,561.0,next_choch,-12.75,-828.75,115.3,-944.05,0
OOS,S1M_ON,ATR2,CE,NIFTY26SEP24250CE,2026-07-30 12:32:00,585.0,2026-07-30 14:08:00,582.2,next_choch,-3.8,-247.0,117.6,-364.6,0
OOS,S1M_ON,ATR2,CE,NIFTY26SEP24400CE,2026-07-31 09:56:00,525.65,2026-07-31 10:04:00,522.05,next_choch,-4.6,-299.0,110.36,-409.36,0
OOS,S1M_ON,ATR2,CE,NIFTY26SEP24400CE,2026-07-31 10:29:00,525.25,2026-07-31 11:06:00,522.1,next_choch,-4.15,-269.75,110.35,-380.1,0
OOS,S1M_ON,ATR2,CE,NIFTY26SEP24400CE,2026-07-31 11:18:00,527.0,2026-07-31 11:41:00,524.0,next_choch,-4.0,-260.0,110.58,-370.58,0
OOS,S1M_ON,ATR2,CE,NIFTY26SEP24400CE,2026-07-31 12:09:00,530.1,2026-07-31 14:05:00,543.9,next_choch,12.8,832.0,112.49,719.51,0
OOS,S1M_ON,ATR2,CE,NIFTY26SEP24400CE,2026-07-31 14:16:00,552.6,2026-07-31 14:22:00,545.0,stop_loss,-8.6,-559.0,113.25,-672.25,0
OOS,S1M_ON,ATR2,CE,NIFTY26SEP24400CE,2026-07-31 15:09:00,540.65,2026-07-31 15:15:00,536.0,stop_loss,-5.65,-367.25,112.07,-479.32,0
OOS,S1M_ON,ATR2,PE,NIFTY26SEP24550PE,2026-08-04 12:39:00,359.0,2026-08-04 14:15:00,362.9,next_choch,2.9,188.5,90.91,97.59,0
OOS,S1M_ON,ATR2,CE,NIFTY26SEP24700CE,2026-08-05 10:42:00,474.75,2026-08-05 11:25:00,485.95,next_choch,10.2,663.0,105.57,557.43,0
OOS,S1M_ON,ATR2,PE,NIFTY26SEP24600PE,2026-08-05 11:50:00,328.55,2026-08-05 12:03:00,330.2,next_choch,0.65,42.25,87.02,-44.77,0
OOS,S1M_ON,ATR2,PE,NIFTY26SEP24600PE,2026-08-05 12:20:00,336.7,2026-08-05 12:21:00,331.7,stop_loss,-6.0,-390.0,87.4,-477.4,0
OOS,S1M_ON,ATR2,PE,NIFTY26SEP24600PE,2026-08-05 12:31:00,345.0,2026-08-05 13:16:00,354.9,next_choch,8.9,578.5,89.77,488.73,0
OOS,S1M_ON,ATR2,PE,NIFTY26SEP24600PE,2026-08-05 13:33:00,364.95,2026-08-05 13:49:00,361.25,next_choch,-4.7,-305.5,90.93,-396.43,0
OOS,S1M_ON,ATR2,CE,NIFTY26SEP24700CE,2026-08-05 15:04:00,452.15,2026-08-05 15:15:00,445.1,stop_loss,-8.05,-523.25,101.16,-624.41,0
OOS,S1M_ON,ATR2,PE,NIFTY26SEP24600PE,2026-08-06 10:52:00,316.95,2026-08-06 11:05:00,309.3,stop_loss,-8.65,-562.25,84.77,-647.02,0
OOS,S1M_ON,ATR2,PE,NIFTY26SEP24600PE,2026-08-06 12:21:00,312.0,2026-08-06 13:18:00,311.85,next_choch,-1.15,-74.75,84.86,-159.61,0
OOS,S1M_ON,ATR2,PE,NIFTY26SEP24600PE,2026-08-06 13:49:00,317.25,2026-08-06 13:59:00,306.05,stop_loss,-12.2,-793.0,84.48,-877.48,0
OOS,S1M_ON,ATR2,PE,NIFTY26SEP24600PE,2026-08-06 14:39:00,305.95,2026-08-06 14:45:00,303.95,next_choch,-3.0,-195.0,83.96,-278.96,0
OOS,S1M_ON,ATR2,PE,NIFTY26SEP24600PE,2026-08-06 14:56:00,306.9,2026-08-06 14:58:00,304.0,stop_loss,-3.9,-253.5,83.99,-337.49,0
OOS,S1M_ON,ATR2,CE,NIFTY26SEP24600CE,2026-08-07 09:22:00,541.5,2026-08-07 10:13:00,535.0,next_choch,-7.5,-487.5,112.01,-599.51,0
OOS,S1M_ON,ATR2,PE,NIFTY26SEP24550PE,2026-08-07 09:31:00,309.4,2026-08-07 09:45:00,302.7,stop_loss,-7.7,-500.5,83.94,-584.44,0
OOS,S1M_ON,ATR2,CE,NIFTY26SEP24600CE,2026-08-07 11:38:00,525.1,2026-08-07 11:47:00,520.0,stop_loss,-6.1,-396.5,110.15,-506.65,0
OOS,S1M_ON,ATR2,CE,NIFTY26SEP24600CE,2026-08-07 12:46:00,516.0,2026-08-07 13:00:00,507.95,stop_loss,-9.05,-588.25,108.78,-697.03,0
OOS,S1M_ON,ATR2,CE,NIFTY26SEP24600CE,2026-08-07 13:47:00,509.35,2026-08-07 14:06:00,500.25,stop_loss,-10.1,-656.5,107.88,-764.38,0
OOS,S1M_ON,ATR2,PE,NIFTY26SEP24550PE,2026-08-07 14:06:00,326.4,2026-08-07 15:05:00,316.15,stop_loss,-11.25,-731.25,85.67,-816.92,0
OOS,S1M_ON,ATR2,CE,NIFTY26SEP24600CE,2026-08-07 14:21:00,500.45,2026-08-10 09:31:00,504.0,next_choch,2.55,165.75,107.97,57.78,0
OOS,S1M_ON,ATR2,PE,NIFTY26SEP24550PE,2026-08-10 09:30:00,321.0,2026-08-10 10:19:00,313.8,next_choch,-8.2,-533.0,85.3,-618.3,0
OOS,S1M_ON,ATR2,CE,NIFTY26SEP24600CE,2026-08-10 10:30:00,518.15,2026-08-10 11:45:00,518.0,next_choch,-1.15,-74.75,109.77,-184.52,0
OOS,S1M_ON,ATR2,CE,NIFTY26SEP24600CE,2026-08-10 12:10:00,525.25,2026-08-10 12:55:00,520.85,stop_loss,-5.4,-351.0,110.23,-461.23,0
OOS,S1M_ON,ATR2,CE,NIFTY26SEP24600CE,2026-08-10 13:33:00,523.2,2026-08-10 13:59:00,520.0,next_choch,-4.2,-273.0,110.1,-383.1,0
OOS,S1M_ON,ATR2,CE,NIFTY26SEP24600CE,2026-08-10 15:15:00,514.7,2026-08-10 15:21:00,512.2,next_choch,-3.5,-227.5,109.13,-336.63,0
OOS,S1M_ON,ATR2,PE,NIFTY26SEP24450PE,2026-08-12 10:00:00,316.45,2026-08-12 15:18:00,303.35,next_choch,-14.1,-916.5,84.2,-1000.7,0
OOS,S1M_ON,ATR2,PE,NIFTY26SEP24350PE,2026-08-13 09:28:00,291.9,2026-08-13 09:41:00,283.95,stop_loss,-8.95,-581.75,81.71,-663.46,0
OOS,S1M_ON,ATR2,CE,NIFTY26SEP24400CE,2026-08-13 09:50:00,476.0,2026-08-13 10:04:00,470.5,next_choch,-6.5,-422.5,104.18,-526.68,0
OOS,S1M_ON,ATR2,CE,NIFTY26SEP24400CE,2026-08-13 11:36:00,470.0,2026-08-13 12:38:00,490.55,next_choch,19.55,1270.75,105.85,1164.9,0
OOS,S1M_ON,ATR2,CE,NIFTY26SEP24400CE,2026-08-13 13:43:00,493.0,2026-08-13 14:09:00,487.45,stop_loss,-6.55,-425.75,106.23,-531.98,0
OOS,S1M_ON,ATR2,CE,NIFTY26SEP24400CE,2026-08-13 14:23:00,490.6,2026-08-13 14:53:00,486.75,next_choch,-4.85,-315.25,106.1,-421.35,0
OOS,S1M_ON,ATR2,PE,NIFTY26SEP24300PE,2026-08-14 09:29:00,267.7,2026-08-14 09:38:00,257.0,stop_loss,-11.7,-760.5,78.53,-839.03,0
OOS,S1M_ON,ATR2,PE,NIFTY26SEP24300PE,2026-08-14 09:54:00,264.8,2026-08-14 10:00:00,256.65,stop_loss,-9.15,-594.75,78.42,-673.17,0
OOS,S1M_ON,ATR2,CE,NIFTY26SEP24350CE,2026-08-14 10:10:00,484.35,2026-08-14 10:23:00,469.0,next_choch,-16.35,-1062.75,104.29,-1167.04,0
OOS,S1M_ON,ATR2,PE,NIFTY26SEP24300PE,2026-08-14 10:31:00,261.5,2026-08-14 10:43:00,259.35,next_choch,-3.15,-204.75,78.57,-283.32,0
OOS,S1M_ON,ATR2,PE,NIFTY26SEP24300PE,2026-08-14 11:09:00,263.9,2026-08-14 11:16:00,260.0,stop_loss,-4.9,-318.5,78.7,-397.2,0
OOS,S1M_ON,ATR2,PE,NIFTY26SEP24300PE,2026-08-14 11:30:00,263.7,2026-08-14 11:43:00,258.4,next_choch,-6.3,-409.5,78.55,-488.05,0
OOS,S1M_ON,ATR2,CE,NIFTY26SEP24350CE,2026-08-14 12:23:00,474.45,2026-08-14 12:33:00,462.55,next_choch,-12.9,-838.5,103.41,-941.91,0
OOS,S1M_ON,ATR2,PE,NIFTY26SEP24300PE,2026-08-14 12:42:00,255.85,2026-08-14 12:48:00,252.2,stop_loss,-4.65,-302.25,77.75,-380.0,0
OOS,S1M_ON,ATR2,CE,NIFTY26SEP24350CE,2026-08-14 13:14:00,474.75,2026-08-14 13:35:00,461.35,stop_loss,-14.4,-936.0,103.3,-1039.3,0
OOS,S1M_ON,ATR2,PE,NIFTY26SEP24300PE,2026-08-14 13:30:00,252.65,2026-08-14 13:41:00,248.05,stop_loss,-5.6,-364.0,77.28,-441.28,0
OOS,S1M_ON,ATR2,CE,NIFTY26SEP24350CE,2026-08-14 13:46:00,499.95,2026-08-14 14:46:00,489.3,next_choch,-11.65,-757.25,106.6,-863.85,0
OOS,S1M_ON,ATR2,PE,NIFTY26SEP24300PE,2026-08-14 14:20:00,235.25,2026-08-14 14:50:00,234.05,next_choch,-2.2,-143.0,75.49,-218.49,0
OOS,S1M_ON,ATR2,PE,NIFTY26SEP24300PE,2026-08-17 12:06:00,275.0,2026-08-17 12:16:00,269.25,stop_loss,-6.75,-438.75,79.87,-518.62,0
OOS,S1M_ON,ATR2,CE,NIFTY26SEP24300CE,2026-08-17 12:32:00,453.0,2026-08-18 09:15:00,406.6,stop_loss,-47.4,-3081.0,97.64,-3178.64,0
OOS,S1M_ON,ATR2,PE,NIFTY26SEP24200PE,2026-08-18 09:17:00,247.75,2026-08-18 14:51:00,258.1,next_choch,9.35,607.75,78.06,529.69,0
OOS,S1M_ON,ATR2,PE,NIFTY26SEP24200PE,2026-08-18 15:14:00,261.7,2026-08-19 14:35:00,283.6,next_choch,20.9,1358.5,80.81,1277.69,0
OOS,S1M_ON,ATR2,PE,NIFTY26SEP24100PE,2026-08-19 09:29:00,260.45,2026-08-19 09:48:00,253.55,next_choch,-7.9,-513.5,78.01,-591.51,0
OOS,S1M_ON,ATR2,PE,NIFTY26SEP24100PE,2026-08-19 10:01:00,255.15,2026-08-19 10:03:00,251.0,stop_loss,-5.15,-334.75,77.62,-412.37,0
OOS,S1M_ON,ATR2,PE,NIFTY26SEP24100PE,2026-08-19 10:13:00,256.35,2026-08-19 10:58:00,261.5,next_choch,4.15,269.75,78.62,191.13,0
OOS,S1M_ON,ATR2,PE,NIFTY26SEP24100PE,2026-08-19 12:13:00,270.0,2026-08-19 12:24:00,262.75,stop_loss,-8.25,-536.25,79.13,-615.38,0
OOS,S1M_ON,ATR2,PE,NIFTY26SEP24100PE,2026-08-19 12:32:00,269.1,2026-08-19 12:42:00,266.05,next_choch,-4.05,-263.25,79.41,-342.66,0
OOS,S1M_ON,ATR2,PE,NIFTY26SEP24100PE,2026-08-19 12:47:00,270.3,2026-08-19 13:03:00,263.55,stop_loss,-7.75,-503.75,79.21,-582.96,0
OOS,S1M_ON,ATR2,PE,NIFTY26SEP24100PE,2026-08-19 13:14:00,267.8,2026-08-19 13:32:00,268.3,next_choch,-0.5,-32.5,79.58,-112.08,0
OOS,S1M_ON,ATR2,PE,NIFTY26SEP24100PE,2026-08-19 13:51:00,271.5,2026-08-19 13:53:00,268.45,stop_loss,-4.05,-263.25,79.7,-342.95,0
OOS,S1M_ON,ATR2,PE,NIFTY26SEP24100PE,2026-08-19 14:24:00,272.45,2026-08-19 14:35:00,255.95,stop_loss,-17.5,-1137.5,78.57,-1216.07,0
OOS,S1M_ON,ATR2,PE,NIFTY26SEP24100PE,2026-08-19 14:48:00,268.0,2026-08-19 14:56:00,259.2,stop_loss,-9.8,-637.0,78.74,-715.74,0
OOS,S1M_ON,ATR2,CE,NIFTY26SEP24250CE,2026-08-20 09:35:00,384.95,2026-08-20 10:29:00,377.0,next_choch,-8.95,-581.75,92.95,-674.7,0
OOS,S1M_ON,ATR2,CE,NIFTY26SEP24250CE,2026-08-20 11:35:00,384.0,2026-08-20 13:53:00,405.4,next_choch,20.4,1326.0,95.54,1230.46,0
OOS,S1M_ON,ATR2,PE,NIFTY26SEP24250PE,2026-08-21 09:21:00,244.25,2026-08-21 10:00:00,236.45,next_choch,-8.8,-572.0,75.97,-647.97,0
OOS,S1M_ON,ATR2,CE,NIFTY26SEP24300CE,2026-08-21 09:53:00,356.95,2026-08-21 10:07:00,353.45,next_choch,-4.5,-292.5,89.98,-382.48,0
OOS,S1M_ON,ATR2,CE,NIFTY26SEP24300CE,2026-08-21 10:23:00,358.8,2026-08-21 10:39:00,358.1,next_choch,-1.7,-110.5,90.46,-200.96,0
OOS,S1M_ON,ATR2,CE,NIFTY26SEP24300CE,2026-08-21 11:06:00,367.35,2026-08-21 11:09:00,363.5,stop_loss,-4.85,-315.25,91.2,-406.45,0
OOS,S1M_ON,ATR2,PE,NIFTY26SEP24250PE,2026-08-21 12:08:00,236.55,2026-08-21 12:21:00,235.3,next_choch,-2.25,-146.25,75.64,-221.89,0
OOS,S1M_ON,ATR2,PE,NIFTY26SEP24250PE,2026-08-21 12:41:00,239.75,2026-08-21 13:05:00,233.6,stop_loss,-7.15,-464.75,75.57,-540.32,0
OOS,S1M_ON,ATR2,CE,NIFTY26SEP24300CE,2026-08-21 13:03:00,354.4,2026-08-21 13:20:00,354.85,next_choch,-0.55,-35.75,90.04,-125.79,0
OOS,S1M_ON,ATR2,PE,NIFTY26SEP24250PE,2026-08-21 13:51:00,239.65,2026-08-21 13:55:00,237.0,stop_loss,-3.65,-237.25,75.88,-313.13,0
OOS,S1M_ON,ATR2,CE,NIFTY26SEP24300CE,2026-08-21 14:13:00,351.3,2026-08-21 15:01:00,357.05,next_choch,4.75,308.75,90.15,218.6,0
OOS,S1M_ON,ATR2,PE,NIFTY26SEP24250PE,2026-08-21 15:17:00,233.9,2026-08-21 15:21:00,232.25,stop_loss,-2.65,-172.25,75.28,-247.53,0
OOS,S1M_ON,ATR2,PE,NIFTY26SEP24300PE,2026-08-24 09:58:00,234.5,2026-08-24 10:19:00,230.05,stop_loss,-5.45,-354.25,75.1,-429.35,0
OOS,S1M_ON,ATR2,PE,NIFTY26SEP24300PE,2026-08-24 10:49:00,234.2,2026-08-24 14:37:00,279.7,next_choch,44.5,2892.5,79.65,2812.85,0
OOS,S1M_ON,ATR2,PE,NIFTY26SEP24300PE,2026-08-24 14:46:00,284.95,2026-08-24 15:01:00,282.75,next_choch,-3.2,-208.0,81.4,-289.4,0
OOS,S1M_ON,ATR2,PE,NIFTY26SEP24300PE,2026-08-24 15:05:00,285.6,2026-08-24 15:29:00,279.65,stop_loss,-6.95,-451.75,81.13,-532.88,0
OOS,S1M_ON,ATR2,PE,NIFTY26SEP24100PE,2026-08-25 09:16:00,220.15,2026-08-25 09:20:00,200.75,stop_loss,-20.4,-1326.0,71.99,-1397.99,0
OOS,S1M_ON,ATR2,CE,NIFTY26SEP24150CE,2026-08-25 09:34:00,409.15,2026-08-25 09:40:00,397.05,stop_loss,-13.1,-851.5,95.5,-947.0,0
OOS,S1M_ON,ATR2,PE,NIFTY26SEP24100PE,2026-08-25 09:52:00,211.35,2026-08-25 10:47:00,208.6,next_choch,-3.75,-243.75,72.46,-316.21,0
OOS,S1M_ON,ATR2,CE,NIFTY26SEP24150CE,2026-08-25 10:47:00,380.3,2026-08-25 11:02:00,377.35,next_choch,-3.95,-256.75,92.85,-349.6,0
OOS,S1M_ON,ATR2,PE,NIFTY26SEP24100PE,2026-08-25 11:05:00,210.25,2026-08-25 11:07:00,207.4,stop_loss,-3.85,-250.25,72.31,-322.56,0
OOS,S1M_ON,ATR2,CE,NIFTY26SEP24150CE,2026-08-25 11:22:00,388.0,2026-08-25 11:30:00,384.05,stop_loss,-4.95,-321.75,93.69,-415.44,0
OOS,S1M_ON,ATR2,CE,NIFTY26SEP24150CE,2026-08-25 11:40:00,388.9,2026-08-25 11:44:00,386.65,next_choch,-3.25,-211.25,93.96,-305.21,0
OOS,S1M_ON,ATR2,CE,NIFTY26SEP24150CE,2026-08-25 11:55:00,408.0,2026-08-25 12:10:00,402.3,next_choch,-6.7,-435.5,95.95,-531.45,0
OOS,S1M_ON,ATR2,PE,NIFTY26SEP24100PE,2026-08-25 12:42:00,194.0,2026-08-25 13:52:00,200.1,next_choch,5.1,331.5,71.17,260.33,0
OOS,S1M_ON,ATR2,CE,NIFTY26SEP24150CE,2026-08-25 14:27:00,406.95,2026-08-25 15:29:00,489.7,open,81.75,5313.75,103.95,5209.8,1
OOS,S1M_ON,ATM,PE,NIFTY26SEP24250PE,2026-07-08 10:03:00,420.6,2026-07-10 09:54:00,443.95,next_choch,22.35,1452.75,100.14,1352.61,0
OOS,S1M_ON,ATM,PE,NIFTY26SEP23950PE,2026-07-09 15:25:00,436.35,2026-07-10 09:15:00,351.45,stop_loss,-85.9,-5583.5,92.09,-5675.59,0
OOS,S1M_ON,ATM,CE,NIFTY26SEP24150CE,2026-07-10 09:35:00,721.0,2026-07-15 12:57:00,655.75,stop_loss,-66.25,-4306.25,128.29,-4434.54,0
OOS,S1M_ON,ATM,CE,NIFTY26SEP24000CE,2026-07-13 09:42:00,733.5,2026-07-14 09:15:00,730.95,next_choch,-3.55,-230.75,135.57,-366.32,0
OOS,S1M_ON,ATM,PE,NIFTY26SEP24050PE,2026-07-14 13:35:00,452.7,2026-07-15 09:44:00,383.2,stop_loss,-70.5,-4582.5,95.48,-4677.98,0
OOS,S1M_ON,ATM,CE,NIFTY26SEP24100CE,2026-07-15 09:16:00,699.0,2026-07-15 12:54:00,702.0,next_choch,2.0,130.0,131.91,-1.91,0
OOS,S1M_ON,ATM,PE,NIFTY26SEP24100PE,2026-07-15 13:55:00,471.0,2026-07-15 14:01:00,456.0,stop_loss,-16.0,-1040.0,102.7,-1142.7,0
OOS,S1M_ON,ATM,CE,NIFTY26SEP24100CE,2026-07-15 14:44:00,686.0,2026-07-16 13:40:00,664.6,stop_loss,-22.4,-1456.0,128.1,-1584.1,0
OOS,S1M_ON,ATM,PE,NIFTY26SEP24150PE,2026-07-16 12:12:00,422.0,2026-07-16 12:26:00,417.55,stop_loss,-5.45,-354.25,97.75,-452.0,0
OOS,S1M_ON,ATM,PE,NIFTY26SEP24150PE,2026-07-16 12:43:00,431.05,2026-07-17 09:31:00,414.6,stop_loss,-17.45,-1134.25,97.74,-1231.99,0
OOS,S1M_ON,ATM,CE,NIFTY26SEP24150CE,2026-07-17 10:21:00,726.7,2026-07-21 11:15:00,692.25,stop_loss,-35.45,-2304.25,131.81,-2436.06,0
OOS,S1M_ON,ATM,PE,NIFTY26SEP24250PE,2026-07-20 12:49:00,473.45,2026-07-20 13:07:00,467.05,stop_loss,-7.4,-481.0,103.79,-584.79,0
OOS,S1M_ON,ATM,CE,NIFTY26SEP24250CE,2026-07-20 13:36:00,668.3,2026-07-21 09:53:00,649.7,next_choch,-19.6,-1274.0,126.22,-1400.22,0
OOS,S1M_ON,ATM,PE,NIFTY26SEP24250PE,2026-07-21 10:41:00,445.9,2026-07-27 11:26:00,520.75,next_choch,73.85,4800.25,107.93,4692.32,0
OOS,S1M_ON,ATM,PE,NIFTY26SEP24100PE,2026-07-22 09:16:00,427.1,2026-07-27 09:31:00,465.25,next_choch,37.15,2414.75,102.29,2312.46,0
OOS,S1M_ON,ATM,CE,NIFTY26SEP23700CE,2026-07-24 13:25:00,717.95,2026-07-24 13:33:00,704.0,stop_loss,-14.95,-971.75,132.64,-1104.39,0
OOS,S1M_ON,ATM,CE,NIFTY26SEP23700CE,2026-07-24 14:07:00,727.7,2026-07-24 14:22:00,703.45,next_choch,-25.25,-1641.25,132.87,-1774.12,0
OOS,S1M_ON,ATM,CE,NIFTY26SEP24000CE,2026-07-28 09:37:00,615.05,2026-07-28 10:02:00,599.0,next_choch,-17.05,-1108.25,120.02,-1228.27,0
OOS,S1M_ON,ATM,CE,NIFTY26SEP24000CE,2026-07-28 10:33:00,608.95,2026-07-28 11:01:00,614.65,next_choch,4.7,305.5,121.28,184.22,0
OOS,S1M_ON,ATM,CE,NIFTY26SEP24000CE,2026-07-28 11:18:00,625.0,2026-07-28 11:24:00,618.0,next_choch,-8.0,-520.0,122.05,-642.05,0
OOS,S1M_ON,ATM,CE,NIFTY26SEP24000CE,2026-07-28 11:47:00,628.1,2026-07-28 12:35:00,619.0,next_choch,-10.1,-656.5,122.23,-778.73,0
OOS,S1M_ON,ATM,CE,NIFTY26SEP24000CE,2026-07-28 14:01:00,617.4,2026-07-28 14:10:00,613.9,next_choch,-4.5,-292.5,121.45,-413.95,0
OOS,S1M_ON,ATM,CE,NIFTY26SEP24000CE,2026-07-28 15:20:00,621.95,2026-07-30 10:29:00,698.05,next_choch,75.1,4881.5,129.32,4752.18,0
OOS,S1M_ON,ATM,CE,NIFTY26SEP24150CE,2026-07-29 09:16:00,594.7,2026-08-17 09:33:00,547.6,next_choch,-48.1,-3126.5,114.7,-3241.2,0
OOS,S1M_ON,ATM,CE,NIFTY26SEP24250CE,2026-07-30 09:24:00,572.75,2026-07-30 09:37:00,561.0,next_choch,-12.75,-828.75,115.3,-944.05,0
OOS,S1M_ON,ATM,CE,NIFTY26SEP24250CE,2026-07-30 12:32:00,585.0,2026-07-30 14:08:00,582.2,next_choch,-3.8,-247.0,117.6,-364.6,0
OOS,S1M_ON,ATM,CE,NIFTY26SEP24600CE,2026-08-04 11:17:00,514.7,2026-08-04 11:25:00,509.1,stop_loss,-6.6,-429.0,108.85,-537.85,0
OOS,S1M_ON,ATM,PE,NIFTY26SEP24600PE,2026-08-04 13:29:00,393.45,2026-08-04 14:07:00,388.05,next_choch,-6.4,-416.0,94.22,-510.22,0
OOS,S1M_ON,ATM,PE,NIFTY26SEP24650PE,2026-08-05 09:55:00,334.0,2026-08-05 11:01:00,317.05,stop_loss,-17.95,-1166.75,85.97,-1252.72,0
OOS,S1M_ON,ATM,PE,NIFTY26SEP24650PE,2026-08-05 12:16:00,351.9,2026-08-06 09:15:00,317.65,stop_loss,-35.25,-2291.25,86.54,-2377.79,0
OOS,S1M_ON,ATM,PE,NIFTY26SEP24650PE,2026-08-06 10:10:00,331.25,2026-08-06 13:59:00,319.7,next_choch,-12.55,-815.75,86.13,-901.88,0
OOS,S1M_ON,ATM,CE,NIFTY26SEP24600CE,2026-08-07 09:22:00,541.5,2026-08-07 10:13:00,535.0,next_choch,-7.5,-487.5,112.01,-599.51,0
OOS,S1M_ON,ATM,PE,NIFTY26SEP24600PE,2026-08-07 10:18:00,333.3,2026-08-07 15:10:00,327.0,next_choch,-7.3,-474.5,86.87,-561.37,0
OOS,S1M_ON,ATM,CE,NIFTY26SEP24600CE,2026-08-07 11:38:00,525.1,2026-08-07 11:47:00,520.0,stop_loss,-6.1,-396.5,110.15,-506.65,0
OOS,S1M_ON,ATM,CE,NIFTY26SEP24600CE,2026-08-07 12:46:00,516.0,2026-08-07 13:00:00,507.95,stop_loss,-9.05,-588.25,108.78,-697.03,0
OOS,S1M_ON,ATM,CE,NIFTY26SEP24600CE,2026-08-07 13:47:00,509.35,2026-08-07 14:06:00,500.25,stop_loss,-10.1,-656.5,107.88,-764.38,0
OOS,S1M_ON,ATM,CE,NIFTY26SEP24600CE,2026-08-07 14:21:00,500.45,2026-08-10 09:31:00,504.0,next_choch,2.55,165.75,107.97,57.78,0
OOS,S1M_ON,ATM,PE,NIFTY26SEP24550PE,2026-08-10 09:30:00,321.0,2026-08-10 10:19:00,313.8,next_choch,-8.2,-533.0,85.3,-618.3,0
OOS,S1M_ON,ATM,CE,NIFTY26SEP24550CE,2026-08-10 10:47:00,557.45,2026-08-10 10:53:00,550.5,stop_loss,-7.95,-516.75,113.89,-630.64,0
OOS,S1M_ON,ATM,PE,NIFTY26SEP24550PE,2026-08-11 09:16:00,327.5,2026-08-11 13:36:00,327.1,next_choch,-1.4,-91.0,86.71,-177.71,0
OOS,S1M_ON,ATM,PE,NIFTY26SEP24450PE,2026-08-12 10:00:00,316.45,2026-08-12 15:18:00,303.35,next_choch,-14.1,-916.5,84.2,-1000.7,0
OOS,S1M_ON,ATM,PE,NIFTY26SEP24350PE,2026-08-13 09:28:00,291.9,2026-08-13 09:41:00,283.95,stop_loss,-8.95,-581.75,81.71,-663.46,0
OOS,S1M_ON,ATM,CE,NIFTY26SEP24350CE,2026-08-13 11:59:00,525.0,2026-08-13 13:08:00,511.25,next_choch,-14.75,-958.75,109.34,-1068.09,0
OOS,S1M_ON,ATM,CE,NIFTY26SEP24350CE,2026-08-13 13:50:00,527.95,2026-08-13 14:59:00,514.05,next_choch,-14.9,-968.5,109.69,-1078.19,0
OOS,S1M_ON,ATM,CE,NIFTY26SEP24350CE,2026-08-13 15:03:00,521.25,2026-08-14 09:15:00,475.0,stop_loss,-47.25,-3071.25,105.9,-3177.15,0
OOS,S1M_ON,ATM,PE,NIFTY26SEP24350PE,2026-08-14 09:30:00,286.1,2026-08-14 09:37:00,275.0,stop_loss,-12.1,-786.5,80.72,-867.22,0
OOS,S1M_ON,ATM,CE,NIFTY26SEP24350CE,2026-08-14 10:10:00,484.35,2026-08-14 10:23:00,469.0,next_choch,-16.35,-1062.75,104.29,-1167.04,0
OOS,S1M_ON,ATM,CE,NIFTY26SEP24350CE,2026-08-14 12:23:00,474.45,2026-08-14 12:33:00,462.55,next_choch,-12.9,-838.5,103.41,-941.91,0
OOS,S1M_ON,ATM,CE,NIFTY26SEP24350CE,2026-08-14 13:14:00,474.75,2026-08-14 13:35:00,461.35,stop_loss,-14.4,-936.0,103.3,-1039.3,0
OOS,S1M_ON,ATM,CE,NIFTY26SEP24350CE,2026-08-14 13:46:00,499.95,2026-08-14 14:46:00,489.3,next_choch,-11.65,-757.25,106.6,-863.85,0
OOS,S1M_ON,ATM,PE,NIFTY26SEP24300PE,2026-08-17 12:06:00,275.0,2026-08-17 12:16:00,269.25,stop_loss,-6.75,-438.75,79.87,-518.62,0
OOS,S1M_ON,ATM,CE,NIFTY26SEP24300CE,2026-08-17 12:32:00,453.0,2026-08-18 09:15:00,406.6,stop_loss,-47.4,-3081.0,97.64,-3178.64,0
OOS,S1M_ON,ATM,PE,NIFTY26SEP24250PE,2026-08-18 09:16:00,265.45,2026-08-20 09:15:00,257.75,next_choch,-8.7,-565.5,78.54,-644.04,0
OOS,S1M_ON,ATM,PE,NIFTY26SEP24100PE,2026-08-19 09:29:00,260.45,2026-08-19 09:48:00,253.55,next_choch,-7.9,-513.5,78.01,-591.51,0
OOS,S1M_ON,ATM,PE,NIFTY26SEP24100PE,2026-08-19 10:01:00,255.15,2026-08-19 10:03:00,251.0,stop_loss,-5.15,-334.75,77.62,-412.37,0
OOS,S1M_ON,ATM,PE,NIFTY26SEP24100PE,2026-08-19 10:13:00,256.35,2026-08-19 10:58:00,261.5,next_choch,4.15,269.75,78.62,191.13,0
OOS,S1M_ON,ATM,PE,NIFTY26SEP24100PE,2026-08-19 12:13:00,270.0,2026-08-19 12:24:00,262.75,stop_loss,-8.25,-536.25,79.13,-615.38,0
OOS,S1M_ON,ATM,PE,NIFTY26SEP24100PE,2026-08-19 12:32:00,269.1,2026-08-19 12:42:00,266.05,next_choch,-4.05,-263.25,79.41,-342.66,0
OOS,S1M_ON,ATM,PE,NIFTY26SEP24100PE,2026-08-19 12:47:00,270.3,2026-08-19 13:03:00,263.55,stop_loss,-7.75,-503.75,79.21,-582.96,0
OOS,S1M_ON,ATM,PE,NIFTY26SEP24100PE,2026-08-19 13:14:00,267.8,2026-08-19 13:32:00,268.3,next_choch,-0.5,-32.5,79.58,-112.08,0
OOS,S1M_ON,ATM,PE,NIFTY26SEP24100PE,2026-08-19 13:51:00,271.5,2026-08-19 13:53:00,268.45,stop_loss,-4.05,-263.25,79.7,-342.95,0
OOS,S1M_ON,ATM,PE,NIFTY26SEP24100PE,2026-08-19 14:24:00,272.45,2026-08-19 14:35:00,255.95,stop_loss,-17.5,-1137.5,78.57,-1216.07,0
OOS,S1M_ON,ATM,PE,NIFTY26SEP24100PE,2026-08-19 14:48:00,268.0,2026-08-19 14:56:00,259.2,stop_loss,-9.8,-637.0,78.74,-715.74,0
OOS,S1M_ON,ATM,CE,NIFTY26SEP24200CE,2026-08-20 09:43:00,414.6,2026-08-20 09:52:00,407.3,stop_loss,-8.3,-539.5,96.6,-636.1,0
OOS,S1M_ON,ATM,CE,NIFTY26SEP24200CE,2026-08-20 10:10:00,414.85,2026-08-20 10:20:00,412.1,next_choch,-3.75,-243.75,97.05,-340.8,0
OOS,S1M_ON,ATM,CE,NIFTY26SEP24200CE,2026-08-20 11:00:00,412.75,2026-08-20 11:11:00,407.0,next_choch,-6.75,-438.75,96.52,-535.27,0
OOS,S1M_ON,ATM,CE,NIFTY26SEP24200CE,2026-08-20 11:36:00,414.65,2026-08-20 14:03:00,430.0,next_choch,14.35,932.75,98.69,834.06,0
OOS,S1M_ON,ATM,CE,NIFTY26SEP24200CE,2026-08-20 14:29:00,438.0,2026-08-20 14:45:00,431.35,stop_loss,-7.65,-497.25,99.48,-596.73,0
OOS,S1M_ON,ATM,PE,NIFTY26SEP24250PE,2026-08-21 09:21:00,244.25,2026-08-21 10:00:00,236.45,next_choch,-8.8,-572.0,75.97,-647.97,0
OOS,S1M_ON,ATM,CE,NIFTY26SEP24250CE,2026-08-21 10:52:00,397.0,2026-08-21 11:09:00,394.2,stop_loss,-3.8,-247.0,94.88,-341.88,0
OOS,S1M_ON,ATM,PE,NIFTY26SEP24250PE,2026-08-21 12:08:00,236.55,2026-08-21 12:21:00,235.3,next_choch,-2.25,-146.25,75.64,-221.89,0
OOS,S1M_ON,ATM,PE,NIFTY26SEP24250PE,2026-08-21 12:41:00,239.75,2026-08-21 13:05:00,233.6,stop_loss,-7.15,-464.75,75.57,-540.32,0
OOS,S1M_ON,ATM,CE,NIFTY26SEP24250CE,2026-08-21 13:09:00,392.15,2026-08-21 13:23:00,382.15,stop_loss,-11.0,-715.0,93.64,-808.64,0
OOS,S1M_ON,ATM,PE,NIFTY26SEP24250PE,2026-08-21 13:51:00,239.65,2026-08-21 13:55:00,237.0,stop_loss,-3.65,-237.25,75.88,-313.13,0
OOS,S1M_ON,ATM,CE,NIFTY26SEP24250CE,2026-08-21 13:57:00,386.0,2026-08-21 14:02:00,380.5,stop_loss,-6.5,-422.5,93.31,-515.81,0
OOS,S1M_ON,ATM,CE,NIFTY26SEP24250CE,2026-08-21 14:17:00,384.15,2026-08-21 15:18:00,386.75,next_choch,1.6,104.0,93.83,10.17,0
OOS,S1M_ON,ATM,PE,NIFTY26SEP24250PE,2026-08-21 15:17:00,233.9,2026-08-21 15:21:00,232.25,stop_loss,-2.65,-172.25,75.28,-247.53,0
OOS,S1M_ON,ATM,PE,NIFTY26SEP24300PE,2026-08-24 09:58:00,234.5,2026-08-24 10:19:00,230.05,stop_loss,-5.45,-354.25,75.1,-429.35,0
OOS,S1M_ON,ATM,PE,NIFTY26SEP24300PE,2026-08-24 10:49:00,234.2,2026-08-24 14:37:00,279.7,next_choch,44.5,2892.5,79.65,2812.85,0
OOS,S1M_ON,ATM,PE,NIFTY26SEP24300PE,2026-08-24 14:46:00,284.95,2026-08-24 15:01:00,282.75,next_choch,-3.2,-208.0,81.4,-289.4,0
OOS,S1M_ON,ATM,PE,NIFTY26SEP24300PE,2026-08-24 15:05:00,285.6,2026-08-24 15:29:00,279.65,stop_loss,-6.95,-451.75,81.13,-532.88,0
OOS,S1M_ON,ATM,CE,NIFTY26SEP24150CE,2026-08-25 09:34:00,409.15,2026-08-25 09:40:00,397.05,stop_loss,-13.1,-851.5,95.5,-947.0,0
OOS,S1M_ON,ATM,PE,NIFTY26SEP24150PE,2026-08-25 10:19:00,232.4,2026-08-25 10:33:00,234.0,next_choch,0.6,39.0,75.4,-36.4,0
OOS,S1M_ON,ATM,CE,NIFTY26SEP24150CE,2026-08-25 10:47:00,380.3,2026-08-25 11:02:00,377.35,next_choch,-3.95,-256.75,92.85,-349.6,0
OOS,S1M_ON,ATM,CE,NIFTY26SEP24150CE,2026-08-25 11:22:00,388.0,2026-08-25 11:30:00,384.05,stop_loss,-4.95,-321.75,93.69,-415.44,0
OOS,S1M_ON,ATM,CE,NIFTY26SEP24150CE,2026-08-25 11:40:00,388.9,2026-08-25 11:44:00,386.65,next_choch,-3.25,-211.25,93.96,-305.21,0
OOS,S1M_ON,ATM,CE,NIFTY26SEP24150CE,2026-08-25 11:55:00,408.0,2026-08-25 12:10:00,402.3,next_choch,-6.7,-435.5,95.95,-531.45,0
OOS,S1M_ON,ATM,CE,NIFTY26SEP24150CE,2026-08-25 14:27:00,406.95,2026-08-25 15:29:00,489.7,open,81.75,5313.75,103.95,5209.8,1
OOS,S1M_ON,ITM2,PE,NIFTY26SEP24350PE,2026-07-08 09:28:00,474.75,2026-07-16 12:00:00,497.8,next_choch,22.05,1433.25,106.66,1326.59,0
OOS,S1M_ON,ITM2,CE,NIFTY26SEP23850CE,2026-07-09 09:40:00,855.0,2026-07-22 13:35:00,741.15,stop_loss,-114.85,-7465.25,140.02,-7605.27,0
OOS,S1M_ON,ITM2,CE,NIFTY26SEP24050CE,2026-07-10 09:35:00,782.5,2026-07-10 11:46:00,752.25,stop_loss,-31.25,-2031.25,138.94,-2170.19,0
OOS,S1M_ON,ITM2,PE,NIFTY26SEP24100PE,2026-07-13 09:20:00,463.0,2026-07-13 10:15:00,430.0,next_choch,-34.0,-2210.0,100.08,-2310.08,0
OOS,S1M_ON,ITM2,PE,NIFTY26SEP24150PE,2026-07-14 15:13:00,505.0,2026-07-16 10:55:00,418.25,next_choch,-87.75,-5703.75,100.22,-5803.97,0
OOS,S1M_ON,ITM2,PE,NIFTY26SEP24200PE,2026-07-15 11:13:00,447.0,2026-07-15 11:30:00,439.6,stop_loss,-8.4,-546.0,100.5,-646.5,0
OOS,S1M_ON,ITM2,PE,NIFTY26SEP24200PE,2026-07-15 12:33:00,451.0,2026-07-15 15:22:00,496.45,next_choch,44.45,2889.25,105.85,2783.4,0
OOS,S1M_ON,ITM2,CE,NIFTY26SEP24000CE,2026-07-15 13:16:00,723.35,2026-07-15 13:51:00,714.9,next_choch,-9.45,-614.25,133.8,-748.05,0
OOS,S1M_ON,ITM2,CE,NIFTY26SEP24000CE,2026-07-15 14:08:00,738.15,2026-07-15 14:55:00,726.0,next_choch,-13.15,-854.75,135.25,-990.0,0
OOS,S1M_ON,ITM2,CE,NIFTY26SEP24050CE,2026-07-17 09:52:00,763.95,2026-07-22 09:36:00,628.95,stop_loss,-136.0,-8840.0,127.07,-8967.07,0
OOS,S1M_ON,ITM2,PE,NIFTY26SEP24200PE,2026-07-22 09:16:00,462.4,2026-07-22 11:43:00,477.75,next_choch,14.35,932.75,104.46,828.29,0
OOS,S1M_ON,ITM2,PE,NIFTY26SEP24200PE,2026-07-22 12:01:00,500.0,2026-07-22 13:35:00,497.2,next_choch,-3.8,-247.0,107.33,-354.33,0
OOS,S1M_ON,ITM2,PE,NIFTY26SEP24200PE,2026-07-22 14:10:00,516.0,2026-07-22 14:17:00,510.4,stop_loss,-6.6,-429.0,109.01,-538.01,0
OOS,S1M_ON,ITM2,PE,NIFTY26SEP24000PE,2026-07-23 10:20:00,432.0,2026-07-23 10:27:00,428.3,next_choch,-4.7,-305.5,99.03,-404.53,0
OOS,S1M_ON,ITM2,PE,NIFTY26SEP24000PE,2026-07-23 11:19:00,430.95,2026-07-24 12:48:00,501.0,next_choch,69.05,4488.25,105.68,4382.57,0
OOS,S1M_ON,ITM2,PE,NIFTY26SEP23800PE,2026-07-24 09:34:00,481.95,2026-07-24 12:04:00,473.55,next_choch,-9.4,-611.0,104.63,-715.63,0
OOS,S1M_ON,ITM2,CE,NIFTY26SEP23600CE,2026-07-24 12:50:00,783.0,2026-07-24 13:36:00,770.1,stop_loss,-13.9,-903.5,140.6,-1044.1,0
OOS,S1M_ON,ITM2,PE,NIFTY26SEP23800PE,2026-07-24 13:42:00,457.1,2026-07-24 13:56:00,446.0,stop_loss,-12.1,-786.5,101.38,-887.88,0
OOS,S1M_ON,ITM2,PE,NIFTY26SEP23800PE,2026-07-24 14:22:00,436.0,2026-07-24 14:51:00,438.0,next_choch,1.0,65.0,100.04,-35.04,0
OOS,S1M_ON,ITM2,PE,NIFTY26SEP23800PE,2026-07-24 15:01:00,445.05,2026-07-24 15:16:00,421.95,stop_loss,-24.1,-1566.5,98.82,-1665.32,0
OOS,S1M_ON,ITM2,CE,NIFTY26SEP23850CE,2026-07-27 09:20:00,667.35,2026-08-19 09:25:00,596.15,stop_loss,-72.2,-4693.0,121.26,-4814.26,0
OOS,S1M_ON,ITM2,CE,NIFTY26SEP24050CE,2026-07-29 09:24:00,664.95,2026-08-12 12:49:00,681.95,next_choch,16.0,1040.0,129.08,910.92,0
OOS,S1M_ON,ITM2,CE,NIFTY26SEP24250CE,2026-07-31 09:17:00,621.55,2026-08-11 10:15:00,663.75,next_choch,41.2,2678.0,126.16,2551.84,0
OOS,S1M_ON,ITM2,CE,NIFTY26SEP24500CE,2026-08-04 09:24:00,590.55,2026-08-04 09:25:00,584.1,stop_loss,-7.45,-484.25,117.94,-602.19,0
OOS,S1M_ON,ITM2,CE,NIFTY26SEP24500CE,2026-08-04 09:48:00,594.7,2026-08-04 10:09:00,584.0,stop_loss,-11.7,-760.5,118.05,-878.55,0
OOS,S1M_ON,ITM2,PE,NIFTY26SEP24700PE,2026-08-04 13:09:00,431.95,2026-08-04 14:14:00,427.0,stop_loss,-5.95,-386.75,98.91,-485.66,0
OOS,S1M_ON,ITM2,PE,NIFTY26SEP24700PE,2026-08-04 14:37:00,432.1,2026-08-04 14:51:00,424.0,stop_loss,-9.1,-591.5,98.64,-690.14,0
OOS,S1M_ON,ITM2,PE,NIFTY26SEP24750PE,2026-08-05 12:51:00,430.6,2026-08-05 15:27:00,392.0,stop_loss,-39.6,-2574.0,95.65,-2669.65,0
OOS,S1M_ON,ITM2,CE,NIFTY26SEP24550CE,2026-08-05 15:11:00,545.6,2026-08-07 10:13:00,566.8,next_choch,20.2,1313.0,115.05,1197.95,0
OOS,S1M_ON,ITM2,PE,NIFTY26SEP24700PE,2026-08-07 09:16:00,366.15,2026-08-07 09:23:00,358.7,next_choch,-8.45,-549.25,90.73,-639.98,0
OOS,S1M_ON,ITM2,PE,NIFTY26SEP24700PE,2026-08-07 09:41:00,367.25,2026-08-07 09:44:00,363.4,stop_loss,-4.85,-315.25,91.19,-406.44,0
OOS,S1M_ON,ITM2,CE,NIFTY26SEP24500CE,2026-08-07 09:53:00,609.0,2026-08-07 10:11:00,602.0,next_choch,-8.0,-520.0,120.12,-640.12,0
OOS,S1M_ON,ITM2,PE,NIFTY26SEP24700PE,2026-08-07 10:15:00,367.35,2026-08-07 13:50:00,373.0,next_choch,4.65,302.25,92.08,210.17,0
OOS,S1M_ON,ITM2,CE,NIFTY26SEP24500CE,2026-08-07 11:29:00,586.4,2026-08-07 11:51:00,572.25,stop_loss,-15.15,-984.75,116.73,-1101.48,0
OOS,S1M_ON,ITM2,CE,NIFTY26SEP24500CE,2026-08-07 12:39:00,573.0,2026-08-07 12:52:00,567.75,stop_loss,-6.25,-406.25,115.93,-522.18,0
OOS,S1M_ON,ITM2,CE,NIFTY26SEP24500CE,2026-08-07 13:26:00,574.0,2026-08-07 13:34:00,560.8,stop_loss,-14.2,-923.0,115.32,-1038.32,0
OOS,S1M_ON,ITM2,CE,NIFTY26SEP24500CE,2026-08-07 13:50:00,578.3,2026-08-07 13:57:00,568.8,stop_loss,-10.5,-682.5,116.18,-798.68,0
OOS,S1M_ON,ITM2,PE,NIFTY26SEP24700PE,2026-08-07 14:06:00,389.6,2026-08-07 14:17:00,386.45,next_choch,-4.15,-269.75,93.96,-363.71,0
OOS,S1M_ON,ITM2,CE,NIFTY26SEP24500CE,2026-08-07 14:25:00,561.25,2026-08-10 09:15:00,570.0,stop_loss,7.75,503.75,115.79,387.96,0
OOS,S1M_ON,ITM2,PE,NIFTY26SEP24650PE,2026-08-10 09:50:00,363.9,2026-08-10 10:23:00,347.5,stop_loss,-17.4,-1131.0,89.63,-1220.63,0
OOS,S1M_ON,ITM2,PE,NIFTY26SEP24650PE,2026-08-11 09:41:00,384.0,2026-08-13 13:51:00,371.35,next_choch,-13.65,-887.25,92.41,-979.66,0
OOS,S1M_ON,ITM2,PE,NIFTY26SEP24550PE,2026-08-12 10:04:00,361.45,2026-08-12 15:12:00,342.75,next_choch,-19.7,-1280.5,89.13,-1369.63,0
OOS,S1M_ON,ITM2,PE,NIFTY26SEP24450PE,2026-08-13 09:29:00,331.5,2026-08-13 09:55:00,324.05,stop_loss,-8.45,-549.25,86.54,-635.79,0
OOS,S1M_ON,ITM2,CE,NIFTY26SEP24250CE,2026-08-13 13:55:00,601.0,2026-08-13 14:58:00,596.3,stop_loss,-5.7,-370.5,119.36,-489.86,0
OOS,S1M_ON,ITM2,PE,NIFTY26SEP24450PE,2026-08-14 09:16:00,321.55,2026-08-14 12:20:00,304.25,next_choch,-18.3,-1189.5,84.43,-1273.93,0
OOS,S1M_ON,ITM2,CE,NIFTY26SEP24200CE,2026-08-17 12:03:00,510.95,2026-08-17 12:05:00,507.05,stop_loss,-4.9,-318.5,108.55,-427.05,0
OOS,S1M_ON,ITM2,CE,NIFTY26SEP24200CE,2026-08-17 12:18:00,515.0,2026-08-17 15:21:00,546.1,next_choch,30.1,1956.5,112.26,1844.24,0
OOS,S1M_ON,ITM2,PE,NIFTY26SEP24350PE,2026-08-18 09:20:00,307.35,2026-08-20 09:16:00,302.45,stop_loss,-5.9,-383.5,83.86,-467.36,0
OOS,S1M_ON,ITM2,PE,NIFTY26SEP24200PE,2026-08-19 14:47:00,310.0,2026-08-19 14:56:00,301.15,stop_loss,-9.85,-640.25,83.81,-724.06,0
OOS,S1M_ON,ITM2,PE,NIFTY26SEP24200PE,2026-08-19 15:14:00,304.45,2026-08-19 15:18:00,298.8,stop_loss,-6.65,-432.25,83.44,-515.69,0
OOS,S1M_ON,ITM2,CE,NIFTY26SEP24100CE,2026-08-20 09:35:00,479.4,2026-08-20 10:37:00,467.3,next_choch,-13.1,-851.5,103.99,-955.49,0
OOS,S1M_ON,ITM2,CE,NIFTY26SEP24100CE,2026-08-20 10:49:00,474.0,2026-08-20 11:12:00,470.0,next_choch,-5.0,-325.0,104.08,-429.08,0
OOS,S1M_ON,ITM2,CE,NIFTY26SEP24100CE,2026-08-20 11:46:00,479.35,2026-08-20 12:09:00,475.65,stop_loss,-4.7,-305.5,104.75,-410.25,0
OOS,S1M_ON,ITM2,CE,NIFTY26SEP24100CE,2026-08-20 14:29:00,506.85,2026-08-20 14:46:00,498.05,stop_loss,-9.8,-637.0,107.61,-744.61,0
OOS,S1M_ON,ITM2,PE,NIFTY26SEP24350PE,2026-08-21 09:20:00,280.55,2026-08-21 09:52:00,280.6,next_choch,-0.95,-61.75,81.07,-142.82,0
OOS,S1M_ON,ITM2,CE,NIFTY26SEP24150CE,2026-08-21 09:53:00,450.0,2026-08-21 09:56:00,445.0,stop_loss,-6.0,-390.0,101.09,-491.09,0
OOS,S1M_ON,ITM2,CE,NIFTY26SEP24150CE,2026-08-21 10:42:00,458.15,2026-08-21 11:39:00,455.05,stop_loss,-4.1,-266.5,102.25,-368.75,0
OOS,S1M_ON,ITM2,PE,NIFTY26SEP24350PE,2026-08-21 14:38:00,272.35,2026-08-21 14:42:00,271.35,stop_loss,-2.0,-130.0,79.99,-209.99,0
OOS,S1M_ON,ITM2,PE,NIFTY26SEP24350PE,2026-08-21 15:27:00,273.9,2026-08-24 09:15:00,244.0,stop_loss,-30.9,-2008.5,77.52,-2086.02,0
OOS,S1M_ON,ITM2,PE,NIFTY26SEP24400PE,2026-08-24 09:58:00,274.85,2026-08-24 10:14:00,272.65,next_choch,-3.2,-208.0,80.18,-288.18,0
OOS,S1M_ON,ITM2,PE,NIFTY26SEP24400PE,2026-08-24 10:51:00,279.45,2026-08-25 09:30:00,318.0,next_choch,37.55,2440.75,84.48,2356.27,0
OOS,S1M_ON,ITM2,CE,NIFTY26SEP24050CE,2026-08-25 09:34:00,473.3,2026-08-25 09:44:00,460.8,stop_loss,-13.5,-877.5,103.21,-980.71,0
OOS,S1M_ON,ITM2,PE,NIFTY26SEP24250PE,2026-08-25 09:40:00,253.75,2026-08-25 11:09:00,265.6,next_choch,10.85,705.25,78.92,626.33,0
OOS,S1M_ON,ITM2,CE,NIFTY26SEP24050CE,2026-08-25 12:01:00,469.7,2026-08-25 12:58:00,457.0,next_choch,-13.7,-890.5,102.76,-993.26,0
OOS,S1M_ON,ITM2,PE,NIFTY26SEP24250PE,2026-08-25 12:20:00,244.65,2026-08-25 12:23:00,242.95,stop_loss,-2.7,-175.5,76.58,-252.08,0
OOS,S1M_ON,ITM2,PE,NIFTY26SEP24250PE,2026-08-25 12:38:00,248.7,2026-08-25 13:54:00,244.5,stop_loss,-5.2,-338.0,76.84,-414.84,0
OOS,S1M_ON,ITM2,CE,NIFTY26SEP24050CE,2026-08-25 14:26:00,471.85,2026-08-25 15:29:00,560.35,open,87.5,5687.5,112.32,5575.18,1
OOS,S1M_ON,ITM1,CE,NIFTY26SEP24200CE,2026-07-08 10:38:00,758.0,2026-07-08 12:14:00,744.0,stop_loss,-15.0,-975.0,137.48,-1112.48,0
OOS,S1M_ON,ITM1,CE,NIFTY26SEP23900CE,2026-07-09 09:48:00,822.0,2026-07-09 11:01:00,800.3,stop_loss,-22.7,-1475.5,144.5,-1620.0,0
OOS,S1M_ON,ITM1,PE,NIFTY26SEP24000PE,2026-07-09 12:39:00,422.95,2026-07-09 12:54:00,417.45,stop_loss,-6.5,-422.5,97.77,-520.27,0
OOS,S1M_ON,ITM1,PE,NIFTY26SEP24000PE,2026-07-09 13:29:00,425.0,2026-07-09 13:31:00,420.1,stop_loss,-5.9,-383.5,98.07,-481.57,0
OOS,S1M_ON,ITM1,PE,NIFTY26SEP24000PE,2026-07-09 14:01:00,420.4,2026-07-09 14:15:00,417.25,next_choch,-4.15,-269.75,97.68,-367.43,0
OOS,S1M_ON,ITM1,PE,NIFTY26SEP24000PE,2026-07-09 14:21:00,427.1,2026-07-09 14:22:00,422.5,stop_loss,-5.6,-364.0,98.36,-462.36,0
OOS,S1M_ON,ITM1,PE,NIFTY26SEP24000PE,2026-07-09 15:02:00,443.45,2026-07-09 15:29:00,444.3,next_choch,-0.15,-9.75,100.83,-110.58,0
OOS,S1M_ON,ITM1,CE,NIFTY26SEP24100CE,2026-07-10 09:53:00,760.0,2026-07-14 09:43:00,687.75,next_choch,-73.25,-4761.25,132.36,-4893.61,0
OOS,S1M_ON,ITM1,CE,NIFTY26SEP24000CE,2026-07-14 09:22:00,784.65,2026-07-14 09:36:00,762.45,next_choch,-23.2,-1508.0,139.94,-1647.94,0
OOS,S1M_ON,ITM1,PE,NIFTY26SEP24100PE,2026-07-14 09:41:00,459.45,2026-07-14 11:13:00,440.0,next_choch,-20.45,-1329.25,100.9,-1430.15,0
OOS,S1M_ON,ITM1,CE,NIFTY26SEP24000CE,2026-07-14 10:56:00,761.0,2026-07-14 11:36:00,752.25,next_choch,-9.75,-633.75,138.32,-772.07,0
OOS,S1M_ON,ITM1,CE,NIFTY26SEP24000CE,2026-07-14 11:52:00,755.0,2026-07-14 11:58:00,742.0,stop_loss,-14.0,-910.0,137.21,-1047.21,0
OOS,S1M_ON,ITM1,PE,NIFTY26SEP24100PE,2026-07-14 12:15:00,465.0,2026-07-15 09:15:00,440.05,stop_loss,-25.95,-1686.75,101.06,-1787.81,0
OOS,S1M_ON,ITM1,CE,NIFTY26SEP24000CE,2026-07-14 15:29:00,709.0,2026-07-15 12:52:00,765.0,next_choch,55.0,3575.0,137.99,3437.01,0
OOS,S1M_ON,ITM1,PE,NIFTY26SEP24200PE,2026-07-16 12:43:00,451.15,2026-07-16 14:06:00,465.55,next_choch,13.4,871.0,103.01,767.99,0
OOS,S1M_ON,ITM1,CE,NIFTY26SEP24100CE,2026-07-17 09:17:00,709.45,2026-07-20 11:24:00,730.0,next_choch,19.55,1270.75,134.79,1135.96,0
OOS,S1M_ON,ITM1,PE,NIFTY26SEP24300PE,2026-07-20 09:17:00,462.0,2026-07-20 13:14:00,457.2,next_choch,-5.8,-377.0,102.55,-479.55,0
OOS,S1M_ON,ITM1,CE,NIFTY26SEP24200CE,2026-07-20 10:03:00,670.35,2026-07-20 11:29:00,670.0,next_choch,-1.35,-87.75,128.14,-215.89,0
OOS,S1M_ON,ITM1,CE,NIFTY26SEP24200CE,2026-07-20 13:14:00,690.0,2026-07-20 13:44:00,692.7,next_choch,1.7,110.5,130.8,-20.3,0
OOS,S1M_ON,ITM1,CE,NIFTY26SEP24200CE,2026-07-20 13:47:00,707.0,2026-07-20 14:43:00,694.55,next_choch,-13.45,-874.25,131.46,-1005.71,0
OOS,S1M_ON,ITM1,CE,NIFTY26SEP24200CE,2026-07-20 15:29:00,708.75,2026-07-21 09:15:00,695.45,stop_loss,-14.3,-929.5,131.59,-1061.09,0
OOS,S1M_ON,ITM1,PE,NIFTY26SEP24300PE,2026-07-21 12:59:00,472.0,2026-07-21 13:33:00,463.0,stop_loss,-10.0,-650.0,103.38,-753.38,0
OOS,S1M_ON,ITM1,PE,NIFTY26SEP24150PE,2026-07-22 09:17:00,454.2,2026-07-27 09:49:00,478.55,next_choch,23.35,1517.75,104.29,1413.46,0
OOS,S1M_ON,ITM1,CE,NIFTY26SEP23900CE,2026-07-27 09:17:00,645.2,2026-08-17 09:22:00,732.85,next_choch,86.65,5632.25,133.19,5499.06,0
OOS,S1M_ON,ITM1,CE,NIFTY26SEP24200CE,2026-07-30 09:21:00,596.1,2026-07-30 10:12:00,584.0,next_choch,-13.1,-851.5,118.09,-969.59,0
OOS,S1M_ON,ITM1,CE,NIFTY26SEP24200CE,2026-07-30 10:51:00,595.0,2026-07-30 11:45:00,593.0,next_choch,-3.0,-195.0,118.88,-313.88,0
OOS,S1M_ON,ITM1,CE,NIFTY26SEP24200CE,2026-07-30 12:32:00,620.0,2026-07-30 14:05:00,607.3,next_choch,-13.7,-890.5,120.92,-1011.42,0
OOS,S1M_ON,ITM1,CE,NIFTY26SEP24200CE,2026-07-30 14:48:00,610.0,2026-07-31 14:53:00,658.0,next_choch,47.0,3055.0,125.29,2929.71,0
OOS,S1M_ON,ITM1,CE,NIFTY26SEP24500CE,2026-08-03 09:30:00,561.25,2026-08-03 09:50:00,558.45,next_choch,-3.8,-247.0,114.73,-361.73,0
OOS,S1M_ON,ITM1,CE,NIFTY26SEP24500CE,2026-08-03 09:55:00,564.0,2026-08-03 10:09:00,567.75,next_choch,2.75,178.75,115.67,63.08,0
OOS,S1M_ON,ITM1,CE,NIFTY26SEP24500CE,2026-08-03 10:13:00,571.8,2026-08-03 12:43:00,579.55,next_choch,6.75,438.75,116.98,321.77,0
OOS,S1M_ON,ITM1,CE,NIFTY26SEP24500CE,2026-08-03 13:29:00,578.8,2026-08-03 13:52:00,574.0,next_choch,-5.8,-377.0,116.67,-493.67,0
OOS,S1M_ON,ITM1,CE,NIFTY26SEP24500CE,2026-08-03 14:37:00,581.75,2026-08-03 14:53:00,578.0,stop_loss,-4.75,-308.75,117.12,-425.87,0
OOS,S1M_ON,ITM1,PE,NIFTY26SEP24650PE,2026-08-04 11:48:00,375.0,2026-08-04 15:28:00,392.0,next_choch,16.0,1040.0,94.05,945.95,0
OOS,S1M_ON,ITM1,CE,NIFTY26SEP24550CE,2026-08-04 15:00:00,491.8,2026-08-05 12:23:00,547.95,next_choch,55.15,3584.75,111.76,3472.99,0
OOS,S1M_ON,ITM1,CE,NIFTY26SEP24600CE,2026-08-05 09:18:00,549.0,2026-08-05 09:54:00,528.85,next_choch,-21.15,-1374.75,111.66,-1486.41,0
OOS,S1M_ON,ITM1,PE,NIFTY26SEP24700PE,2026-08-05 10:27:00,357.8,2026-08-05 10:57:00,339.35,stop_loss,-19.45,-1264.25,88.71,-1352.96,0
OOS,S1M_ON,ITM1,CE,NIFTY26SEP24600CE,2026-08-05 10:55:00,549.4,2026-08-05 11:19:00,547.05,next_choch,-3.35,-217.75,113.34,-331.09,0
OOS,S1M_ON,ITM1,PE,NIFTY26SEP24700PE,2026-08-05 11:25:00,345.9,2026-08-05 15:03:00,388.4,next_choch,41.5,2697.5,92.87,2604.63,0
OOS,S1M_ON,ITM1,CE,NIFTY26SEP24600CE,2026-08-05 15:14:00,522.9,2026-08-05 15:15:00,508.8,stop_loss,-15.1,-981.5,109.06,-1090.56,0
OOS,S1M_ON,ITM1,CE,NIFTY26SEP24600CE,2026-08-06 09:16:00,540.3,2026-08-06 13:15:00,544.55,next_choch,3.25,211.25,112.85,98.4,0
OOS,S1M_ON,ITM1,CE,NIFTY26SEP24600CE,2026-08-06 13:19:00,560.0,2026-08-06 13:26:00,548.85,next_choch,-12.15,-789.75,113.81,-903.56,0
OOS,S1M_ON,ITM1,PE,NIFTY26SEP24700PE,2026-08-06 13:50:00,355.85,2026-08-06 13:53:00,347.9,stop_loss,-8.95,-581.75,89.44,-671.19,0
OOS,S1M_ON,ITM1,CE,NIFTY26SEP24600CE,2026-08-06 13:59:00,561.95,2026-08-06 14:31:00,561.8,next_choch,-1.15,-74.75,115.06,-189.81,0
OOS,S1M_ON,ITM1,CE,NIFTY26SEP24600CE,2026-08-06 15:15:00,569.0,2026-08-07 09:15:00,528.15,stop_loss,-41.85,-2720.25,112.17,-2832.42,0
OOS,S1M_ON,ITM1,PE,NIFTY26SEP24650PE,2026-08-07 09:28:00,344.55,2026-08-07 15:20:00,345.8,next_choch,0.25,16.25,88.92,-72.67,0
OOS,S1M_ON,ITM1,PE,NIFTY26SEP24600PE,2026-08-10 09:34:00,345.0,2026-08-10 10:24:00,323.65,stop_loss,-22.35,-1452.75,86.9,-1539.65,0
OOS,S1M_ON,ITM1,CE,NIFTY26SEP24500CE,2026-08-10 10:24:00,577.95,2026-08-10 11:46:00,578.0,next_choch,-0.95,-61.75,117.01,-178.76,0
OOS,S1M_ON,ITM1,CE,NIFTY26SEP24500CE,2026-08-10 12:16:00,594.8,2026-08-10 12:45:00,586.0,next_choch,-9.8,-637.0,118.23,-755.23,0
OOS,S1M_ON,ITM1,CE,NIFTY26SEP24500CE,2026-08-10 13:03:00,581.6,2026-08-10 13:09:00,576.3,stop_loss,-6.3,-409.5,116.96,-526.46,0
OOS,S1M_ON,ITM1,CE,NIFTY26SEP24500CE,2026-08-10 13:28:00,584.4,2026-08-10 13:58:00,583.0,next_choch,-2.4,-156.0,117.66,-273.66,0
OOS,S1M_ON,ITM1,PE,NIFTY26SEP24600PE,2026-08-10 14:34:00,318.0,2026-08-10 14:51:00,317.45,next_choch,-1.55,-100.75,85.54,-186.29,0
OOS,S1M_ON,ITM1,PE,NIFTY26SEP24600PE,2026-08-11 09:16:00,346.65,2026-08-11 13:04:00,353.05,next_choch,5.4,351.0,89.65,261.35,0
OOS,S1M_ON,ITM1,PE,NIFTY26SEP24600PE,2026-08-11 13:52:00,352.0,2026-08-11 14:12:00,352.0,next_choch,-1.0,-65.0,89.7,-154.7,0
OOS,S1M_ON,ITM1,PE,NIFTY26SEP24600PE,2026-08-11 14:32:00,354.6,2026-08-11 14:45:00,352.0,stop_loss,-3.6,-234.0,89.78,-323.78,0
OOS,S1M_ON,ITM1,PE,NIFTY26SEP24600PE,2026-08-11 15:16:00,349.35,2026-08-12 09:15:00,348.85,stop_loss,-1.5,-97.5,89.34,-186.84,0
OOS,S1M_ON,ITM1,PE,NIFTY26SEP24500PE,2026-08-12 10:46:00,340.5,2026-08-12 13:18:00,360.75,next_choch,19.25,1251.25,90.18,1161.07,0
OOS,S1M_ON,ITM1,PE,NIFTY26SEP24500PE,2026-08-12 13:27:00,366.75,2026-08-12 13:30:00,360.35,stop_loss,-7.4,-481.0,90.9,-571.9,0
OOS,S1M_ON,ITM1,PE,NIFTY26SEP24500PE,2026-08-12 13:42:00,366.25,2026-08-12 14:16:00,366.5,next_choch,-0.75,-48.75,91.45,-140.2,0
OOS,S1M_ON,ITM1,PE,NIFTY26SEP24400PE,2026-08-13 09:28:00,312.0,2026-08-13 09:43:00,300.4,next_choch,-12.6,-819.0,83.8,-902.8,0
OOS,S1M_ON,ITM1,PE,NIFTY26SEP24400PE,2026-08-13 10:29:00,308.2,2026-08-13 10:51:00,297.9,stop_loss,-11.3,-734.5,83.46,-817.96,0
OOS,S1M_ON,ITM1,CE,NIFTY26SEP24300CE,2026-08-13 11:48:00,536.7,2026-08-13 13:24:00,545.0,next_choch,7.3,474.5,112.79,361.71,0
OOS,S1M_ON,ITM1,CE,NIFTY26SEP24300CE,2026-08-13 13:44:00,563.3,2026-08-13 14:10:00,552.9,stop_loss,-11.4,-741.0,114.28,-855.28,0
OOS,S1M_ON,ITM1,CE,NIFTY26SEP24300CE,2026-08-13 14:29:00,563.5,2026-08-13 14:32:00,555.15,stop_loss,-9.35,-607.75,114.49,-722.24,0
OOS,S1M_ON,ITM1,PE,NIFTY26SEP24400PE,2026-08-14 09:20:00,304.4,2026-08-14 10:00:00,293.2,next_choch,-12.2,-793.0,82.92,-875.92,0
OOS,S1M_ON,ITM1,PE,NIFTY26SEP24400PE,2026-08-14 10:31:00,296.7,2026-08-14 10:51:00,290.5,stop_loss,-7.2,-468.0,82.45,-550.45,0
OOS,S1M_ON,ITM1,PE,NIFTY26SEP24400PE,2026-08-14 12:01:00,298.85,2026-08-14 12:07:00,295.7,stop_loss,-4.15,-269.75,82.99,-352.74,0
OOS,S1M_ON,ITM1,PE,NIFTY26SEP24400PE,2026-08-14 12:41:00,291.35,2026-08-14 12:48:00,288.3,stop_loss,-4.05,-263.25,82.09,-345.34,0
OOS,S1M_ON,ITM1,PE,NIFTY26SEP24400PE,2026-08-14 13:26:00,288.0,2026-08-14 13:39:00,285.0,stop_loss,-4.0,-260.0,81.69,-341.69,0
OOS,S1M_ON,ITM1,CE,NIFTY26SEP24300CE,2026-08-14 14:00:00,538.2,2026-08-14 14:19:00,527.75,stop_loss,-11.45,-744.25,111.24,-855.49,0
OOS,S1M_ON,ITM1,CE,NIFTY26SEP24300CE,2026-08-14 14:25:00,527.85,2026-08-14 15:06:00,525.0,stop_loss,-3.85,-250.25,110.69,-360.94,0
OOS,S1M_ON,ITM1,PE,NIFTY26SEP24400PE,2026-08-14 14:48:00,271.25,2026-08-14 14:50:00,268.8,stop_loss,-3.45,-224.25,79.72,-303.97,0
OOS,S1M_ON,ITM1,PE,NIFTY26SEP24400PE,2026-08-14 15:11:00,269.25,2026-08-17 12:17:00,305.0,next_choch,34.75,2258.75,82.99,2175.76,0
OOS,S1M_ON,ITM1,PE,NIFTY26SEP24350PE,2026-08-17 10:12:00,289.35,2026-08-17 12:16:00,286.0,next_choch,-4.35,-282.75,81.83,-364.58,0
OOS,S1M_ON,ITM1,CE,NIFTY26SEP24250CE,2026-08-17 12:34:00,485.35,2026-08-18 09:15:00,433.25,stop_loss,-53.1,-3451.5,101.03,-3552.53,0
OOS,S1M_ON,ITM1,PE,NIFTY26SEP24300PE,2026-08-18 09:16:00,286.65,2026-08-20 09:15:00,278.35,next_choch,-9.3,-604.5,81.04,-685.54,0
OOS,S1M_ON,ITM1,PE,NIFTY26SEP24150PE,2026-08-19 10:37:00,289.9,2026-08-19 11:48:00,281.6,stop_loss,-9.3,-604.5,81.44,-685.94,0
OOS,S1M_ON,ITM1,CE,NIFTY26SEP24150CE,2026-08-20 10:18:00,449.8,2026-08-20 10:49:00,437.15,stop_loss,-13.65,-887.25,100.36,-987.61,0
OOS,S1M_ON,ITM1,CE,NIFTY26SEP24150CE,2026-08-20 11:35:00,445.75,2026-08-21 09:19:00,452.9,next_choch,6.15,399.75,101.69,298.06,0
OOS,S1M_ON,ITM1,PE,NIFTY26SEP24300PE,2026-08-21 09:34:00,276.0,2026-08-21 09:42:00,264.4,stop_loss,-12.6,-819.0,79.45,-898.45,0
OOS,S1M_ON,ITM1,CE,NIFTY26SEP24200CE,2026-08-21 09:53:00,419.0,2026-08-21 09:56:00,415.0,stop_loss,-5.0,-325.0,97.43,-422.43,0
OOS,S1M_ON,ITM1,CE,NIFTY26SEP24200CE,2026-08-21 10:18:00,417.4,2026-08-21 11:46:00,419.0,next_choch,0.6,39.0,97.75,-58.75,0
OOS,S1M_ON,ITM1,CE,NIFTY26SEP24200CE,2026-08-21 13:08:00,422.5,2026-08-21 13:21:00,416.4,next_choch,-7.1,-461.5,97.66,-559.16,0
OOS,S1M_ON,ITM1,PE,NIFTY26SEP24300PE,2026-08-21 13:22:00,255.7,2026-08-21 13:31:00,251.2,stop_loss,-5.5,-357.5,77.65,-435.15,0
OOS,S1M_ON,ITM1,CE,NIFTY26SEP24200CE,2026-08-21 13:56:00,415.55,2026-08-21 14:09:00,411.65,next_choch,-4.9,-318.5,97.02,-415.52,0
OOS,S1M_ON,ITM1,CE,NIFTY26SEP24200CE,2026-08-21 14:17:00,416.4,2026-08-21 14:57:00,420.0,next_choch,2.6,169.0,97.82,71.18,0
OOS,S1M_ON,ITM1,PE,NIFTY26SEP24300PE,2026-08-21 15:13:00,253.6,2026-08-24 09:15:00,226.6,stop_loss,-28.0,-1820.0,75.33,-1895.33,0
OOS,S1M_ON,ITM1,CE,NIFTY26SEP24250CE,2026-08-24 10:16:00,395.95,2026-08-24 10:29:00,393.35,next_choch,-3.6,-234.0,94.78,-328.78,0
OOS,S1M_ON,ITM1,CE,NIFTY26SEP24250CE,2026-08-24 10:37:00,398.75,2026-08-24 10:49:00,393.35,stop_loss,-6.4,-416.0,94.86,-510.86,0
OOS,S1M_ON,ITM1,PE,NIFTY26SEP24350PE,2026-08-24 10:59:00,276.05,2026-08-24 14:31:00,300.95,next_choch,23.9,1553.5,82.82,1470.68,0
OOS,S1M_ON,ITM1,PE,NIFTY26SEP24350PE,2026-08-24 14:45:00,305.6,2026-08-24 15:00:00,305.35,next_choch,-1.25,-81.25,84.07,-165.32,0
OOS,S1M_ON,ITM1,PE,NIFTY26SEP24350PE,2026-08-24 15:05:00,308.1,2026-08-24 15:25:00,301.65,stop_loss,-7.45,-484.25,83.81,-568.06,0
OOS,S1M_ON,ITM1,PE,NIFTY26SEP24200PE,2026-08-25 09:16:00,260.65,2026-08-25 09:20:00,239.0,stop_loss,-22.65,-1472.25,76.67,-1548.92,0
OOS,S1M_ON,ITM1,PE,NIFTY26SEP24200PE,2026-08-25 09:52:00,252.55,2026-08-25 10:46:00,249.75,next_choch,-3.8,-247.0,77.43,-324.43,0
OOS,S1M_ON,ITM1,CE,NIFTY26SEP24100CE,2026-08-25 10:46:00,407.75,2026-08-25 11:02:00,408.0,next_choch,-0.75,-48.75,96.46,-145.21,0
OOS,S1M_ON,ITM1,PE,NIFTY26SEP24200PE,2026-08-25 11:03:00,248.25,2026-08-25 11:07:00,245.1,stop_loss,-4.15,-269.75,76.88,-346.63,0
OOS,S1M_ON,ITM1,CE,NIFTY26SEP24100CE,2026-08-25 11:15:00,417.05,2026-08-25 11:46:00,414.3,next_choch,-3.75,-243.75,97.31,-341.06,0
OOS,S1M_ON,ITM1,CE,NIFTY26SEP24100CE,2026-08-25 11:53:00,427.45,2026-08-25 12:08:00,437.0,next_choch,8.55,555.75,99.7,456.05,0
OOS,S1M_ON,ITM1,PE,NIFTY26SEP24200PE,2026-08-25 12:43:00,233.7,2026-08-25 13:54:00,228.0,stop_loss,-6.7,-435.5,74.88,-510.38,0
OOS,S1M_ON,ITM1,CE,NIFTY26SEP24100CE,2026-08-25 14:11:00,425.25,2026-08-25 15:29:00,527.0,open,100.75,6548.75,107.91,6440.84,1
OOS,S1M_ON,OTM1,PE,NIFTY26SEP24200PE,2026-07-08 12:23:00,417.0,2026-07-09 09:48:00,507.0,next_choch,89.0,5785.0,105.83,5679.17,0
OOS,S1M_ON,OTM1,CE,NIFTY26SEP24000CE,2026-07-09 10:26:00,755.75,2026-07-09 10:29:00,744.25,stop_loss,-12.5,-812.5,137.44,-949.94,0
OOS,S1M_ON,OTM1,PE,NIFTY26SEP23900PE,2026-07-09 10:37:00,404.25,2026-07-09 10:41:00,384.55,stop_loss,-20.7,-1345.5,94.21,-1439.71,0
OOS,S1M_ON,OTM1,CE,NIFTY26SEP24000CE,2026-07-09 10:42:00,807.9,2026-07-09 11:46:00,758.0,next_choch,-50.9,-3308.5,140.21,-3448.71,0
OOS,S1M_ON,OTM1,PE,NIFTY26SEP23900PE,2026-07-09 11:01:00,413.0,2026-07-09 11:24:00,397.05,stop_loss,-16.95,-1101.75,95.61,-1197.36,0
OOS,S1M_ON,OTM1,CE,NIFTY26SEP24000CE,2026-07-09 12:05:00,773.95,2026-07-09 12:18:00,764.0,next_choch,-10.95,-711.75,139.78,-851.53,0
OOS,S1M_ON,OTM1,CE,NIFTY26SEP24000CE,2026-07-09 13:17:00,754.0,2026-07-09 13:19:00,750.95,stop_loss,-4.05,-263.25,138.0,-401.25,0
OOS,S1M_ON,OTM1,CE,NIFTY26SEP24000CE,2026-07-09 14:33:00,757.0,2026-07-09 14:39:00,741.9,stop_loss,-16.1,-1046.5,137.26,-1183.76,0
OOS,S1M_ON,OTM1,PE,NIFTY26SEP23900PE,2026-07-09 14:50:00,395.0,2026-07-10 09:15:00,329.3,stop_loss,-66.7,-4335.5,88.86,-4424.36,0
OOS,S1M_ON,OTM1,CE,NIFTY26SEP24000CE,2026-07-09 15:21:00,700.0,2026-07-09 15:29:00,700.05,next_choch,-0.95,-61.75,131.76,-193.51,0
OOS,S1M_ON,OTM1,CE,NIFTY26SEP24200CE,2026-07-10 09:16:00,676.95,2026-07-10 12:13:00,673.65,next_choch,-4.3,-279.5,128.67,-408.17,0
OOS,S1M_ON,OTM1,CE,NIFTY26SEP24200CE,2026-07-10 13:45:00,695.75,2026-07-13 09:15:00,620.0,stop_loss,-76.75,-4988.75,124.28,-5113.03,0
OOS,S1M_ON,OTM1,CE,NIFTY26SEP24050CE,2026-07-13 11:05:00,748.75,2026-07-14 15:15:00,682.55,stop_loss,-67.2,-4368.0,131.56,-4499.56,0
OOS,S1M_ON,OTM1,PE,NIFTY26SEP24000PE,2026-07-14 09:41:00,417.85,2026-07-14 10:33:00,410.9,next_choch,-7.95,-516.75,97.02,-613.77,0
OOS,S1M_ON,OTM1,CE,NIFTY26SEP24100CE,2026-07-14 11:02:00,707.95,2026-07-14 11:44:00,686.05,stop_loss,-22.9,-1488.5,130.7,-1619.2,0
OOS,S1M_ON,OTM1,PE,NIFTY26SEP24000PE,2026-07-14 11:58:00,414.3,2026-07-14 12:51:00,425.0,next_choch,9.7,630.5,98.22,532.28,0
OOS,S1M_ON,OTM1,PE,NIFTY26SEP24000PE,2026-07-14 13:15:00,430.95,2026-07-14 13:20:00,424.95,stop_loss,-7.0,-455.0,98.69,-553.69,0
OOS,S1M_ON,OTM1,PE,NIFTY26SEP24000PE,2026-07-14 13:38:00,445.15,2026-07-14 13:45:00,433.15,next_choch,-13.0,-845.0,99.86,-944.86,0
OOS,S1M_ON,OTM1,PE,NIFTY26SEP24000PE,2026-07-14 14:09:00,441.65,2026-07-14 14:35:00,437.55,next_choch,-5.1,-331.5,100.16,-431.66,0
OOS,S1M_ON,OTM1,PE,NIFTY26SEP24000PE,2026-07-14 14:38:00,448.0,2026-07-14 14:55:00,447.4,next_choch,-1.6,-104.0,101.25,-205.25,0
OOS,S1M_ON,OTM1,PE,NIFTY26SEP24000PE,2026-07-14 15:24:00,447.0,2026-07-14 15:29:00,444.0,stop_loss,-4.0,-260.0,100.91,-360.91,0
OOS,S1M_ON,OTM1,CE,NIFTY26SEP24200CE,2026-07-16 09:19:00,659.0,2026-07-16 13:37:00,612.15,stop_loss,-47.85,-3110.25,122.49,-3232.74,0
OOS,S1M_ON,OTM1,CE,NIFTY26SEP24200CE,2026-07-17 09:17:00,646.0,2026-07-20 09:28:00,660.0,next_choch,13.0,845.0,126.52,718.48,0
OOS,S1M_ON,OTM1,PE,NIFTY26SEP24200PE,2026-07-20 09:30:00,441.0,2026-07-20 10:02:00,440.5,next_choch,-1.5,-97.5,100.41,-197.91,0
OOS,S1M_ON,OTM1,CE,NIFTY26SEP24300CE,2026-07-20 10:14:00,616.0,2026-07-20 11:22:00,612.0,stop_loss,-5.0,-325.0,121.24,-446.24,0
OOS,S1M_ON,OTM1,PE,NIFTY26SEP24200PE,2026-07-20 11:44:00,438.0,2026-07-20 12:21:00,435.85,next_choch,-3.15,-204.75,99.9,-304.65,0
OOS,S1M_ON,OTM1,PE,NIFTY26SEP24200PE,2026-07-20 12:36:00,450.0,2026-07-20 13:06:00,445.1,stop_loss,-5.9,-383.5,101.1,-484.6,0
OOS,S1M_ON,OTM1,CE,NIFTY26SEP24300CE,2026-07-20 13:14:00,629.5,2026-07-21 09:43:00,610.0,next_choch,-20.5,-1332.5,121.44,-1453.94,0
OOS,S1M_ON,OTM1,PE,NIFTY26SEP24200PE,2026-07-21 10:38:00,426.65,2026-07-21 11:01:00,416.2,next_choch,-11.45,-744.25,97.76,-842.01,0
OOS,S1M_ON,OTM1,PE,NIFTY26SEP24200PE,2026-07-21 11:39:00,424.8,2026-07-21 12:04:00,418.15,stop_loss,-7.65,-497.25,97.89,-595.14,0
OOS,S1M_ON,OTM1,PE,NIFTY26SEP24050PE,2026-07-22 09:16:00,406.15,2026-07-27 11:29:00,437.15,next_choch,30.0,1950.0,99.1,1850.9,0
OOS,S1M_ON,OTM1,PE,NIFTY26SEP23850PE,2026-07-23 09:19:00,390.0,2026-07-27 09:23:00,371.25,next_choch,-19.75,-1283.75,92.57,-1376.32,0
OOS,S1M_ON,OTM1,CE,NIFTY26SEP24000CE,2026-07-27 09:44:00,582.85,2026-07-27 09:51:00,584.7,next_choch,0.85,55.25,117.77,-62.52,0
OOS,S1M_ON,OTM1,PE,NIFTY26SEP23900PE,2026-07-27 10:37:00,403.2,2026-07-27 10:56:00,395.4,stop_loss,-8.8,-572.0,95.17,-667.17,0
OOS,S1M_ON,OTM1,CE,NIFTY26SEP24000CE,2026-07-27 11:00:00,578.9,2026-07-27 11:11:00,571.3,next_choch,-8.6,-559.0,116.42,-675.42,0
OOS,S1M_ON,OTM1,CE,NIFTY26SEP24000CE,2026-07-27 11:20:00,582.7,2026-07-27 11:49:00,585.0,next_choch,1.3,84.5,117.79,-33.29,0
OOS,S1M_ON,OTM1,CE,NIFTY26SEP24000CE,2026-07-27 11:56:00,594.9,2026-07-27 12:09:00,582.55,next_choch,-13.35,-867.75,117.92,-985.67,0
OOS,S1M_ON,OTM1,PE,NIFTY26SEP23900PE,2026-07-27 12:10:00,378.25,2026-07-27 13:00:00,373.0,next_choch,-6.25,-406.25,92.39,-498.64,0
OOS,S1M_ON,OTM1,CE,NIFTY26SEP24000CE,2026-07-27 13:04:00,587.55,2026-07-27 13:28:00,582.15,stop_loss,-6.4,-416.0,117.67,-533.67,0
OOS,S1M_ON,OTM1,PE,NIFTY26SEP23900PE,2026-07-27 13:35:00,380.95,2026-07-27 14:03:00,367.0,stop_loss,-14.95,-971.75,91.92,-1063.67,0
OOS,S1M_ON,OTM1,CE,NIFTY26SEP24000CE,2026-07-27 14:02:00,591.85,2026-07-28 09:33:00,598.0,next_choch,5.15,334.75,119.25,215.5,0
OOS,S1M_ON,OTM1,CE,NIFTY26SEP24300CE,2026-07-30 09:25:00,543.5,2026-07-30 09:40:00,530.85,stop_loss,-13.65,-887.25,111.68,-998.93,0
OOS,S1M_ON,OTM1,CE,NIFTY26SEP24300CE,2026-07-30 10:46:00,532.1,2026-07-30 11:53:00,532.7,next_choch,-0.4,-26.0,111.52,-137.52,0
OOS,S1M_ON,OTM1,CE,NIFTY26SEP24300CE,2026-07-30 12:04:00,533.95,2026-07-30 12:09:00,532.3,stop_loss,-2.65,-172.25,111.54,-283.79,0
OOS,S1M_ON,OTM1,CE,NIFTY26SEP24300CE,2026-07-30 12:30:00,539.3,2026-07-30 13:01:00,553.2,next_choch,12.9,838.5,113.62,724.88,0
OOS,S1M_ON,OTM1,CE,NIFTY26SEP24300CE,2026-07-30 13:38:00,560.0,2026-07-30 14:10:00,546.6,stop_loss,-14.4,-936.0,113.61,-1049.61,0
OOS,S1M_ON,OTM1,CE,NIFTY26SEP24300CE,2026-07-30 15:06:00,563.45,2026-08-10 10:11:00,681.3,next_choch,116.85,7595.25,126.09,7469.16,0
OOS,S1M_ON,OTM1,CE,NIFTY26SEP24400CE,2026-07-31 09:56:00,525.65,2026-07-31 10:04:00,522.05,next_choch,-4.6,-299.0,110.36,-409.36,0
OOS,S1M_ON,OTM1,CE,NIFTY26SEP24400CE,2026-07-31 10:29:00,525.25,2026-07-31 11:06:00,522.1,next_choch,-4.15,-269.75,110.35,-380.1,0
OOS,S1M_ON,OTM1,CE,NIFTY26SEP24400CE,2026-07-31 11:18:00,527.0,2026-07-31 11:41:00,524.0,next_choch,-4.0,-260.0,110.58,-370.58,0
OOS,S1M_ON,OTM1,CE,NIFTY26SEP24400CE,2026-07-31 12:09:00,530.1,2026-07-31 14:05:00,543.9,next_choch,12.8,832.0,112.49,719.51,0
OOS,S1M_ON,OTM1,CE,NIFTY26SEP24400CE,2026-07-31 14:16:00,552.6,2026-07-31 14:22:00,545.0,stop_loss,-8.6,-559.0,113.25,-672.25,0
OOS,S1M_ON,OTM1,CE,NIFTY26SEP24400CE,2026-07-31 15:09:00,540.65,2026-07-31 15:15:00,536.0,stop_loss,-5.65,-367.25,112.07,-479.32,0
OOS,S1M_ON,OTM1,PE,NIFTY26SEP24550PE,2026-08-04 12:39:00,359.0,2026-08-04 14:15:00,362.9,next_choch,2.9,188.5,90.91,97.59,0
OOS,S1M_ON,OTM1,CE,NIFTY26SEP24700CE,2026-08-05 10:42:00,474.75,2026-08-05 11:25:00,485.95,next_choch,10.2,663.0,105.57,557.43,0
OOS,S1M_ON,OTM1,PE,NIFTY26SEP24600PE,2026-08-05 11:50:00,328.55,2026-08-05 12:03:00,330.2,next_choch,0.65,42.25,87.02,-44.77,0
OOS,S1M_ON,OTM1,PE,NIFTY26SEP24600PE,2026-08-05 12:20:00,336.7,2026-08-05 12:21:00,331.7,stop_loss,-6.0,-390.0,87.4,-477.4,0
OOS,S1M_ON,OTM1,PE,NIFTY26SEP24600PE,2026-08-05 12:31:00,345.0,2026-08-05 13:16:00,354.9,next_choch,8.9,578.5,89.77,488.73,0
OOS,S1M_ON,OTM1,PE,NIFTY26SEP24600PE,2026-08-05 13:33:00,364.95,2026-08-05 13:49:00,361.25,next_choch,-4.7,-305.5,90.93,-396.43,0
OOS,S1M_ON,OTM1,CE,NIFTY26SEP24700CE,2026-08-05 15:04:00,452.15,2026-08-05 15:15:00,445.1,stop_loss,-8.05,-523.25,101.16,-624.41,0
OOS,S1M_ON,OTM1,PE,NIFTY26SEP24600PE,2026-08-06 10:52:00,316.95,2026-08-06 11:05:00,309.3,stop_loss,-8.65,-562.25,84.77,-647.02,0
OOS,S1M_ON,OTM1,PE,NIFTY26SEP24600PE,2026-08-06 12:21:00,312.0,2026-08-06 13:18:00,311.85,next_choch,-1.15,-74.75,84.86,-159.61,0
OOS,S1M_ON,OTM1,PE,NIFTY26SEP24600PE,2026-08-06 13:49:00,317.25,2026-08-06 13:59:00,306.05,stop_loss,-12.2,-793.0,84.48,-877.48,0
OOS,S1M_ON,OTM1,CE,NIFTY26SEP24700CE,2026-08-06 14:04:00,507.85,2026-08-06 15:03:00,501.9,next_choch,-6.95,-451.75,107.99,-559.74,0
OOS,S1M_ON,OTM1,PE,NIFTY26SEP24600PE,2026-08-06 14:39:00,305.95,2026-08-06 14:45:00,303.95,next_choch,-3.0,-195.0,83.96,-278.96,0
OOS,S1M_ON,OTM1,PE,NIFTY26SEP24600PE,2026-08-06 14:56:00,306.9,2026-08-06 14:58:00,304.0,stop_loss,-3.9,-253.5,83.99,-337.49,0
OOS,S1M_ON,OTM1,CE,NIFTY26SEP24700CE,2026-08-06 15:24:00,508.6,2026-08-07 09:16:00,466.15,stop_loss,-43.45,-2824.25,104.72,-2928.97,0
OOS,S1M_ON,OTM1,PE,NIFTY26SEP24550PE,2026-08-07 09:31:00,309.4,2026-08-07 09:45:00,302.7,stop_loss,-7.7,-500.5,83.94,-584.44,0
OOS,S1M_ON,OTM1,PE,NIFTY26SEP24550PE,2026-08-07 14:06:00,326.4,2026-08-07 15:05:00,316.15,stop_loss,-11.25,-731.25,85.67,-816.92,0
OOS,S1M_ON,OTM1,CE,NIFTY26SEP24650CE,2026-08-07 14:49:00,480.0,2026-08-10 09:15:00,400.0,stop_loss,-81.0,-5265.0,97.82,-5362.82,0
OOS,S1M_ON,OTM1,CE,NIFTY26SEP24600CE,2026-08-10 10:30:00,518.15,2026-08-10 11:45:00,518.0,next_choch,-1.15,-74.75,109.77,-184.52,0
OOS,S1M_ON,OTM1,CE,NIFTY26SEP24600CE,2026-08-10 12:10:00,525.25,2026-08-10 12:55:00,520.85,stop_loss,-5.4,-351.0,110.23,-461.23,0
OOS,S1M_ON,OTM1,CE,NIFTY26SEP24600CE,2026-08-10 13:33:00,523.2,2026-08-10 13:59:00,520.0,next_choch,-4.2,-273.0,110.1,-383.1,0
OOS,S1M_ON,OTM1,CE,NIFTY26SEP24600CE,2026-08-10 15:15:00,514.7,2026-08-10 15:21:00,512.2,next_choch,-3.5,-227.5,109.13,-336.63,0
OOS,S1M_ON,OTM1,PE,NIFTY26SEP24400PE,2026-08-12 10:56:00,302.8,2026-08-12 12:42:00,319.95,next_choch,16.15,1049.75,85.34,964.41,0
OOS,S1M_ON,OTM1,PE,NIFTY26SEP24400PE,2026-08-12 12:54:00,327.45,2026-08-12 13:12:00,324.35,stop_loss,-4.1,-266.5,86.45,-352.95,0
OOS,S1M_ON,OTM1,PE,NIFTY26SEP24400PE,2026-08-12 13:47:00,325.55,2026-08-12 14:30:00,315.8,stop_loss,-10.75,-698.75,85.61,-784.36,0
OOS,S1M_ON,OTM1,PE,NIFTY26SEP24300PE,2026-08-13 09:27:00,272.75,2026-08-13 09:48:00,260.6,stop_loss,-13.15,-854.75,79.01,-933.76,0
OOS,S1M_ON,OTM1,CE,NIFTY26SEP24400CE,2026-08-13 09:50:00,476.0,2026-08-13 10:04:00,470.5,next_choch,-6.5,-422.5,104.18,-526.68,0
OOS,S1M_ON,OTM1,PE,NIFTY26SEP24300PE,2026-08-13 10:22:00,266.3,2026-08-13 10:48:00,262.75,stop_loss,-4.55,-295.75,79.02,-374.77,0
OOS,S1M_ON,OTM1,CE,NIFTY26SEP24400CE,2026-08-13 11:36:00,470.0,2026-08-13 12:38:00,490.55,next_choch,19.55,1270.75,105.85,1164.9,0
OOS,S1M_ON,OTM1,CE,NIFTY26SEP24400CE,2026-08-13 13:43:00,493.0,2026-08-13 14:09:00,487.45,stop_loss,-6.55,-425.75,106.23,-531.98,0
OOS,S1M_ON,OTM1,CE,NIFTY26SEP24400CE,2026-08-13 14:23:00,490.6,2026-08-13 14:53:00,486.75,next_choch,-4.85,-315.25,106.1,-421.35,0
OOS,S1M_ON,OTM1,PE,NIFTY26SEP24300PE,2026-08-14 09:29:00,267.7,2026-08-14 09:38:00,257.0,stop_loss,-11.7,-760.5,78.53,-839.03,0
OOS,S1M_ON,OTM1,PE,NIFTY26SEP24300PE,2026-08-14 09:54:00,264.8,2026-08-14 10:00:00,256.65,stop_loss,-9.15,-594.75,78.42,-673.17,0
OOS,S1M_ON,OTM1,CE,NIFTY26SEP24400CE,2026-08-14 10:10:00,451.55,2026-08-14 10:13:00,444.0,stop_loss,-8.55,-555.75,101.04,-656.79,0
OOS,S1M_ON,OTM1,PE,NIFTY26SEP24300PE,2026-08-14 10:31:00,261.5,2026-08-14 10:43:00,259.35,next_choch,-3.15,-204.75,78.57,-283.32,0
OOS,S1M_ON,OTM1,PE,NIFTY26SEP24300PE,2026-08-14 11:09:00,263.9,2026-08-14 11:16:00,260.0,stop_loss,-4.9,-318.5,78.7,-397.2,0
OOS,S1M_ON,OTM1,PE,NIFTY26SEP24300PE,2026-08-14 11:30:00,263.7,2026-08-14 11:43:00,258.4,next_choch,-6.3,-409.5,78.55,-488.05,0
OOS,S1M_ON,OTM1,CE,NIFTY26SEP24400CE,2026-08-14 12:16:00,438.15,2026-08-14 12:32:00,434.7,stop_loss,-4.45,-289.25,99.8,-389.05,0
OOS,S1M_ON,OTM1,PE,NIFTY26SEP24300PE,2026-08-14 12:42:00,255.85,2026-08-14 12:48:00,252.2,stop_loss,-4.65,-302.25,77.75,-380.0,0
OOS,S1M_ON,OTM1,CE,NIFTY26SEP24400CE,2026-08-14 12:52:00,442.95,2026-08-14 12:55:00,440.95,stop_loss,-3.0,-195.0,100.51,-295.51,0
OOS,S1M_ON,OTM1,PE,NIFTY26SEP24300PE,2026-08-14 13:30:00,252.65,2026-08-14 13:41:00,248.05,stop_loss,-5.6,-364.0,77.28,-441.28,0
OOS,S1M_ON,OTM1,CE,NIFTY26SEP24400CE,2026-08-14 13:40:00,441.5,2026-08-14 14:27:00,461.4,next_choch,18.9,1228.5,102.35,1126.15,0
OOS,S1M_ON,OTM1,PE,NIFTY26SEP24300PE,2026-08-14 14:20:00,235.25,2026-08-14 14:50:00,234.05,next_choch,-2.2,-143.0,75.49,-218.49,0
OOS,S1M_ON,OTM1,CE,NIFTY26SEP24400CE,2026-08-14 14:52:00,469.15,2026-08-14 15:17:00,462.5,next_choch,-7.65,-497.25,103.25,-600.5,0
OOS,S1M_ON,OTM1,PE,NIFTY26SEP24250PE,2026-08-17 09:17:00,251.4,2026-08-17 09:27:00,246.0,next_choch,-6.4,-416.0,77.05,-493.05,0
OOS,S1M_ON,OTM1,PE,NIFTY26SEP24250PE,2026-08-17 10:00:00,250.1,2026-08-17 11:42:00,258.2,next_choch,7.1,461.5,78.14,383.36,0
OOS,S1M_ON,OTM1,CE,NIFTY26SEP24350CE,2026-08-17 12:53:00,452.2,2026-08-17 14:35:00,450.25,next_choch,-2.95,-191.75,101.63,-293.38,0
OOS,S1M_ON,OTM1,CE,NIFTY26SEP24350CE,2026-08-17 14:51:00,462.0,2026-08-17 15:11:00,458.4,next_choch,-4.6,-299.0,102.67,-401.67,0
OOS,S1M_ON,OTM1,PE,NIFTY26SEP24200PE,2026-08-18 09:17:00,247.75,2026-08-18 14:51:00,258.1,next_choch,9.35,607.75,78.06,529.69,0
OOS,S1M_ON,OTM1,PE,NIFTY26SEP24200PE,2026-08-18 15:14:00,261.7,2026-08-19 14:35:00,283.6,next_choch,20.9,1358.5,80.81,1277.69,0
OOS,S1M_ON,OTM1,PE,NIFTY26SEP24050PE,2026-08-19 09:16:00,239.65,2026-08-19 11:55:00,238.0,next_choch,-2.65,-172.25,75.98,-248.23,0
OOS,S1M_ON,OTM1,PE,NIFTY26SEP24050PE,2026-08-19 12:14:00,251.6,2026-08-19 12:19:00,246.75,stop_loss,-5.85,-380.25,77.13,-457.38,0
OOS,S1M_ON,OTM1,CE,NIFTY26SEP24250CE,2026-08-20 09:35:00,384.95,2026-08-20 10:29:00,377.0,next_choch,-8.95,-581.75,92.95,-674.7,0
OOS,S1M_ON,OTM1,CE,NIFTY26SEP24250CE,2026-08-20 11:35:00,384.0,2026-08-20 13:53:00,405.4,next_choch,20.4,1326.0,95.54,1230.46,0
OOS,S1M_ON,OTM1,PE,NIFTY26SEP24200PE,2026-08-21 09:34:00,235.55,2026-08-21 09:42:00,225.4,stop_loss,-11.15,-724.75,74.7,-799.45,0
OOS,S1M_ON,OTM1,CE,NIFTY26SEP24300CE,2026-08-21 09:53:00,356.95,2026-08-21 10:07:00,353.45,next_choch,-4.5,-292.5,89.98,-382.48,0
OOS,S1M_ON,OTM1,CE,NIFTY26SEP24300CE,2026-08-21 10:23:00,358.8,2026-08-21 10:39:00,358.1,next_choch,-1.7,-110.5,90.46,-200.96,0
OOS,S1M_ON,OTM1,CE,NIFTY26SEP24300CE,2026-08-21 11:06:00,367.35,2026-08-21 11:09:00,363.5,stop_loss,-4.85,-315.25,91.2,-406.45,0
OOS,S1M_ON,OTM1,CE,NIFTY26SEP24300CE,2026-08-21 13:03:00,354.4,2026-08-21 13:20:00,354.85,next_choch,-0.55,-35.75,90.04,-125.79,0
OOS,S1M_ON,OTM1,PE,NIFTY26SEP24200PE,2026-08-21 13:36:00,221.0,2026-08-21 13:47:00,217.85,next_choch,-4.15,-269.75,73.58,-343.33,0
OOS,S1M_ON,OTM1,PE,NIFTY26SEP24200PE,2026-08-21 14:09:00,220.7,2026-08-21 14:15:00,218.45,stop_loss,-3.25,-211.25,73.63,-284.88,0
OOS,S1M_ON,OTM1,CE,NIFTY26SEP24300CE,2026-08-21 14:13:00,351.3,2026-08-21 15:01:00,357.05,next_choch,4.75,308.75,90.15,218.6,0
OOS,S1M_ON,OTM1,PE,NIFTY26SEP24200PE,2026-08-21 15:12:00,217.55,2026-08-21 15:20:00,215.7,next_choch,-2.85,-185.25,73.29,-258.54,0
OOS,S1M_ON,OTM1,PE,NIFTY26SEP24250PE,2026-08-24 09:58:00,215.0,2026-08-24 10:19:00,211.7,next_choch,-4.3,-279.5,72.85,-352.35,0
OOS,S1M_ON,OTM1,PE,NIFTY26SEP24250PE,2026-08-24 10:50:00,215.7,2026-08-25 09:27:00,251.0,next_choch,34.3,2229.5,76.48,2153.02,0
OOS,S1M_ON,OTM1,CE,NIFTY26SEP24350CE,2026-08-24 14:43:00,291.35,2026-08-24 15:05:00,286.85,stop_loss,-5.5,-357.5,81.96,-439.46,0
OOS,S1M_ON,OTM1,PE,NIFTY26SEP24100PE,2026-08-25 09:16:00,220.15,2026-08-25 09:20:00,200.75,stop_loss,-20.4,-1326.0,71.99,-1397.99,0
OOS,S1M_ON,OTM1,PE,NIFTY26SEP24100PE,2026-08-25 09:52:00,211.35,2026-08-25 10:47:00,208.6,next_choch,-3.75,-243.75,72.46,-316.21,0
OOS,S1M_ON,OTM1,PE,NIFTY26SEP24100PE,2026-08-25 11:05:00,210.25,2026-08-25 11:07:00,207.4,stop_loss,-3.85,-250.25,72.31,-322.56,0
OOS,S1M_ON,OTM1,CE,NIFTY26SEP24200CE,2026-08-25 11:14:00,354.75,2026-08-25 11:47:00,350.9,next_choch,-4.85,-315.25,89.68,-404.93,0
OOS,S1M_ON,OTM1,CE,NIFTY26SEP24200CE,2026-08-25 11:53:00,362.0,2026-08-25 12:42:00,362.55,next_choch,-0.45,-29.25,90.96,-120.21,0
OOS,S1M_ON,OTM1,PE,NIFTY26SEP24100PE,2026-08-25 12:42:00,194.0,2026-08-25 13:52:00,200.1,next_choch,5.1,331.5,71.17,260.33,0
OOS,S1M_ON,OTM1,CE,NIFTY26SEP24200CE,2026-08-25 14:16:00,363.85,2026-08-25 15:29:00,455.35,open,90.5,5882.5,99.55,5782.95,1
OOS,S1M_ON,OTM2,PE,NIFTY26SEP24150PE,2026-07-08 14:25:00,569.6,2026-07-09 12:41:00,486.85,next_choch,-83.75,-5443.75,108.39,-5552.14,0
OOS,S1M_ON,OTM2,PE,NIFTY26SEP23850PE,2026-07-09 15:22:00,398.1,2026-07-10 09:15:00,324.0,stop_loss,-75.1,-4881.5,88.46,-4969.96,0
OOS,S1M_ON,OTM2,CE,NIFTY26SEP24200CE,2026-07-15 09:17:00,643.25,2026-07-15 12:36:00,660.0,next_choch,15.75,1023.75,126.44,897.31,0
OOS,S1M_ON,OTM2,PE,NIFTY26SEP24000PE,2026-07-15 12:54:00,392.25,2026-07-15 13:18:00,417.0,next_choch,23.75,1543.75,96.84,1446.91,0
OOS,S1M_ON,OTM2,PE,NIFTY26SEP24000PE,2026-07-15 13:43:00,432.0,2026-07-15 13:58:00,420.1,next_choch,-12.9,-838.5,98.28,-936.78,0
OOS,S1M_ON,OTM2,CE,NIFTY26SEP24250CE,2026-07-16 09:34:00,616.4,2026-07-20 10:16:00,642.75,next_choch,25.35,1647.75,124.08,1523.67,0
OOS,S1M_ON,OTM2,PE,NIFTY26SEP24150PE,2026-07-20 11:56:00,424.4,2026-07-20 13:14:00,402.75,stop_loss,-22.65,-1472.25,96.46,-1568.71,0
OOS,S1M_ON,OTM2,PE,NIFTY26SEP24150PE,2026-07-21 13:01:00,417.6,2026-07-21 13:27:00,402.7,stop_loss,-15.9,-1033.5,96.26,-1129.76,0
OOS,S1M_ON,OTM2,PE,NIFTY26SEP24000PE,2026-07-22 09:16:00,389.0,2026-07-22 11:32:00,394.2,next_choch,4.2,273.0,94.65,178.35,0
OOS,S1M_ON,OTM2,PE,NIFTY26SEP24000PE,2026-07-22 11:52:00,400.8,2026-07-22 12:52:00,409.0,next_choch,7.2,468.0,96.35,371.65,0
OOS,S1M_ON,OTM2,PE,NIFTY26SEP24000PE,2026-07-22 13:11:00,427.6,2026-07-22 13:35:00,419.25,stop_loss,-9.35,-607.75,98.07,-705.82,0
OOS,S1M_ON,OTM2,PE,NIFTY26SEP24000PE,2026-07-22 13:55:00,425.05,2026-07-22 14:53:00,420.0,next_choch,-6.05,-393.25,98.07,-491.32,0
OOS,S1M_ON,OTM2,PE,NIFTY26SEP24000PE,2026-07-22 14:59:00,429.85,2026-07-22 15:06:00,420.0,stop_loss,-10.85,-705.25,98.21,-803.46,0
OOS,S1M_ON,OTM2,PE,NIFTY26SEP23800PE,2026-07-23 12:31:00,386.8,2026-07-23 13:38:00,410.0,next_choch,22.2,1443.0,96.04,1346.96,0
OOS,S1M_ON,OTM2,PE,NIFTY26SEP23800PE,2026-07-23 14:45:00,421.75,2026-07-23 15:15:00,402.6,next_choch,-20.15,-1309.75,96.37,-1406.12,0
OOS,S1M_ON,OTM2,PE,NIFTY26SEP23600PE,2026-07-24 13:03:00,358.6,2026-07-24 14:02:00,350.9,stop_loss,-8.7,-565.5,89.79,-655.29,0
OOS,S1M_ON,OTM2,PE,NIFTY26SEP23600PE,2026-07-24 15:04:00,370.0,2026-07-24 15:15:00,357.0,stop_loss,-14.0,-910.0,90.68,-1000.68,0
OOS,S1M_ON,OTM2,CE,NIFTY26SEP24050CE,2026-07-27 11:29:00,567.75,2026-07-27 13:36:00,550.0,next_choch,-18.75,-1218.75,114.14,-1332.89,0
OOS,S1M_ON,OTM2,CE,NIFTY26SEP24050CE,2026-07-27 14:14:00,574.85,2026-07-28 10:27:00,573.55,next_choch,-2.3,-149.5,116.51,-266.01,0
OOS,S1M_ON,OTM2,CE,NIFTY26SEP24100CE,2026-07-28 10:54:00,569.7,2026-07-28 13:41:00,548.0,next_choch,-22.7,-1475.5,114.02,-1589.52,0
OOS,S1M_ON,OTM2,PE,NIFTY26SEP23900PE,2026-07-28 15:11:00,342.4,2026-07-28 15:15:00,337.45,stop_loss,-5.95,-386.75,88.09,-474.84,0
OOS,S1M_ON,OTM2,CE,NIFTY26SEP24100CE,2026-07-28 15:23:00,561.05,2026-08-12 09:57:00,705.45,next_choch,143.4,9321.0,128.24,9192.76,0
OOS,S1M_ON,OTM2,CE,NIFTY26SEP24250CE,2026-07-29 09:30:00,547.35,2026-07-29 15:25:00,552.95,next_choch,4.6,299.0,113.82,185.18,0
OOS,S1M_ON,OTM2,CE,NIFTY26SEP24700CE,2026-08-04 09:22:00,471.9,2026-08-04 10:44:00,451.85,next_choch,-21.05,-1368.25,102.35,-1470.6,0
OOS,S1M_ON,OTM2,CE,NIFTY26SEP24700CE,2026-08-04 15:28:00,412.9,2026-08-05 10:28:00,467.8,next_choch,53.9,3503.5,102.11,3401.39,0
OOS,S1M_ON,OTM2,PE,NIFTY26SEP24550PE,2026-08-05 14:29:00,346.5,2026-08-05 14:49:00,337.35,next_choch,-10.15,-659.75,88.2,-747.95,0
OOS,S1M_ON,OTM2,CE,NIFTY26SEP24750CE,2026-08-06 11:27:00,485.4,2026-08-06 13:08:00,463.5,next_choch,-22.9,-1488.5,103.81,-1592.31,0
OOS,S1M_ON,OTM2,CE,NIFTY26SEP24750CE,2026-08-06 15:19:00,480.75,2026-08-07 09:25:00,454.0,stop_loss,-27.75,-1803.75,102.8,-1906.55,0
OOS,S1M_ON,OTM2,CE,NIFTY26SEP24700CE,2026-08-07 09:45:00,483.45,2026-08-07 10:12:00,478.0,stop_loss,-6.45,-419.25,105.09,-524.34,0
OOS,S1M_ON,OTM2,CE,NIFTY26SEP24700CE,2026-08-07 14:48:00,450.0,2026-08-10 09:30:00,450.1,next_choch,-0.9,-58.5,101.56,-160.06,0
OOS,S1M_ON,OTM2,CE,NIFTY26SEP24650CE,2026-08-10 11:04:00,496.5,2026-08-10 14:15:00,485.0,next_choch,-12.5,-812.5,106.11,-918.61,0
OOS,S1M_ON,OTM2,PE,NIFTY26SEP24350PE,2026-08-12 10:52:00,281.15,2026-08-12 13:36:00,294.35,next_choch,12.2,793.0,82.36,710.64,0
OOS,S1M_ON,OTM2,PE,NIFTY26SEP24350PE,2026-08-12 13:44:00,303.95,2026-08-12 14:30:00,296.1,stop_loss,-8.85,-575.25,83.18,-658.43,0
OOS,S1M_ON,OTM2,CE,NIFTY26SEP24450CE,2026-08-13 12:00:00,475.45,2026-08-13 14:47:00,458.1,next_choch,-18.35,-1192.75,103.03,-1295.78,0
OOS,S1M_ON,OTM2,PE,NIFTY26SEP24250PE,2026-08-14 09:28:00,246.95,2026-08-14 09:36:00,245.8,stop_loss,-2.15,-139.75,76.9,-216.65,0
OOS,S1M_ON,OTM2,PE,NIFTY26SEP24200PE,2026-08-17 09:16:00,233.85,2026-08-17 11:59:00,234.1,next_choch,-0.75,-48.75,75.45,-124.2,0
OOS,S1M_ON,OTM2,CE,NIFTY26SEP24400CE,2026-08-17 11:47:00,379.75,2026-08-18 09:15:00,351.65,stop_loss,-29.1,-1891.5,90.47,-1981.97,0
OOS,S1M_ON,OTM2,PE,NIFTY26SEP24150PE,2026-08-18 10:17:00,246.3,2026-08-18 10:34:00,237.65,stop_loss,-9.65,-627.25,76.14,-703.39,0
OOS,S1M_ON,OTM2,PE,NIFTY26SEP24150PE,2026-08-18 13:03:00,251.15,2026-08-18 13:47:00,246.0,next_choch,-6.15,-399.75,77.04,-476.79,0
OOS,S1M_ON,OTM2,PE,NIFTY26SEP24150PE,2026-08-18 15:21:00,245.3,2026-08-18 15:25:00,241.65,stop_loss,-4.65,-302.25,76.47,-378.72,0
OOS,S1M_ON,OTM2,PE,NIFTY26SEP24000PE,2026-08-19 09:30:00,225.75,2026-08-19 14:08:00,223.7,next_choch,-3.05,-198.25,74.26,-272.51,0
OOS,S1M_ON,OTM2,PE,NIFTY26SEP24000PE,2026-08-19 14:15:00,228.7,2026-08-19 14:33:00,225.0,next_choch,-4.7,-305.5,74.46,-379.96,0
OOS,S1M_ON,OTM2,CE,NIFTY26SEP24300CE,2026-08-20 09:44:00,354.85,2026-08-20 09:50:00,349.15,stop_loss,-6.7,-435.5,89.52,-525.02,0
OOS,S1M_ON,OTM2,CE,NIFTY26SEP24300CE,2026-08-20 10:11:00,354.7,2026-08-20 10:20:00,351.9,next_choch,-3.8,-247.0,89.77,-336.77,0
OOS,S1M_ON,OTM2,CE,NIFTY26SEP24300CE,2026-08-20 11:00:00,350.7,2026-08-20 11:02:00,347.15,stop_loss,-4.55,-295.75,89.22,-384.97,0
OOS,S1M_ON,OTM2,CE,NIFTY26SEP24300CE,2026-08-20 11:46:00,354.5,2026-08-20 11:48:00,350.55,stop_loss,-4.95,-321.75,89.64,-411.39,0
OOS,S1M_ON,OTM2,CE,NIFTY26SEP24300CE,2026-08-20 12:14:00,354.05,2026-08-20 12:32:00,351.15,next_choch,-3.9,-253.5,89.69,-343.19,0
OOS,S1M_ON,OTM2,CE,NIFTY26SEP24300CE,2026-08-20 12:39:00,356.6,2026-08-20 13:53:00,372.65,next_choch,15.05,978.25,91.74,886.51,0
OOS,S1M_ON,OTM2,CE,NIFTY26SEP24300CE,2026-08-20 14:29:00,375.2,2026-08-20 14:43:00,370.0,next_choch,-6.2,-403.0,92.03,-495.03,0
OOS,S1M_ON,OTM2,CE,NIFTY26SEP24350CE,2026-08-21 10:45:00,338.0,2026-08-21 10:58:00,332.0,next_choch,-7.0,-455.0,87.46,-542.46,0
OOS,S1M_ON,OTM2,PE,NIFTY26SEP24150PE,2026-08-21 12:16:00,203.15,2026-08-21 13:10:00,197.1,next_choch,-7.05,-458.25,71.16,-529.41,0
OOS,S1M_ON,OTM2,CE,NIFTY26SEP24350CE,2026-08-21 14:31:00,330.8,2026-08-21 15:28:00,327.6,next_choch,-4.2,-273.0,86.85,-359.85,0
OOS,S1M_ON,OTM2,PE,NIFTY26SEP24200PE,2026-08-24 10:00:00,199.75,2026-08-24 10:08:00,198.75,next_choch,-2.0,-130.0,71.21,-201.21,0
OOS,S1M_ON,OTM2,PE,NIFTY26SEP24200PE,2026-08-24 10:50:00,198.65,2026-08-24 14:31:00,239.9,next_choch,40.25,2616.25,74.97,2541.28,0
OOS,S1M_ON,OTM2,PE,NIFTY26SEP24200PE,2026-08-24 14:49:00,244.4,2026-08-24 15:01:00,241.5,next_choch,-3.9,-253.5,76.43,-329.93,0
OOS,S1M_ON,OTM2,PE,NIFTY26SEP24200PE,2026-08-24 15:05:00,243.75,2026-08-24 15:24:00,239.15,stop_loss,-5.6,-364.0,76.2,-440.2,0
OOS,S1M_ON,OTM2,PE,NIFTY26SEP24050PE,2026-08-25 10:25:00,201.35,2026-08-25 10:49:00,194.2,stop_loss,-8.15,-529.75,70.84,-600.59,0
OOS,S1M_ON,OTM2,PE,NIFTY26SEP24050PE,2026-08-25 13:10:00,186.1,2026-08-25 14:20:00,174.25,stop_loss,-12.85,-835.25,68.57,-903.82,0
OOS,S1M_ON,OTM2,CE,NIFTY26SEP24250CE,2026-08-25 14:27:00,345.0,2026-08-25 15:29:00,419.1,open,73.1,4751.5,95.67,4655.83,1
OOS,S1M_ON,OTM3,CE,NIFTY26SEP24100CE,2026-07-09 10:42:00,747.95,2026-07-09 10:50:00,680.3,stop_loss,-68.65,-4462.25,131.33,-4593.58,0
OOS,S1M_ON,OTM3,PE,NIFTY26SEP23800PE,2026-07-09 11:14:00,368.1,2026-07-09 11:19:00,363.15,stop_loss,-5.95,-386.75,91.19,-477.94,0
OOS,S1M_ON,OTM3,PE,NIFTY26SEP23800PE,2026-07-09 12:20:00,349.95,2026-07-09 12:26:00,346.0,stop_loss,-4.95,-321.75,89.09,-410.84,0
OOS,S1M_ON,OTM3,PE,NIFTY26SEP23800PE,2026-07-09 12:40:00,356.0,2026-07-09 13:18:00,346.05,next_choch,-10.95,-711.75,89.27,-801.02,0
OOS,S1M_ON,OTM3,PE,NIFTY26SEP23800PE,2026-07-09 14:55:00,359.95,2026-07-10 09:15:00,300.0,stop_loss,-60.95,-3961.75,85.15,-4046.9,0
OOS,S1M_ON,OTM3,CE,NIFTY26SEP24300CE,2026-07-10 09:52:00,633.5,2026-07-10 11:09:00,625.8,stop_loss,-8.7,-565.5,123.01,-688.51,0
OOS,S1M_ON,OTM3,PE,NIFTY26SEP23900PE,2026-07-14 10:04:00,388.05,2026-07-14 10:11:00,384.95,stop_loss,-4.1,-266.5,93.78,-360.28,0
OOS,S1M_ON,OTM3,CE,NIFTY26SEP24200CE,2026-07-14 11:10:00,649.7,2026-07-14 11:41:00,642.0,stop_loss,-8.7,-565.5,124.97,-690.47,0
OOS,S1M_ON,OTM3,PE,NIFTY26SEP23900PE,2026-07-14 12:18:00,386.0,2026-07-15 09:17:00,364.0,stop_loss,-23.0,-1495.0,91.79,-1586.79,0
OOS,S1M_ON,OTM3,CE,NIFTY26SEP24250CE,2026-07-15 10:17:00,659.8,2026-07-15 14:54:00,580.7,next_choch,-80.1,-5206.5,119.63,-5326.13,0
OOS,S1M_ON,OTM3,CE,NIFTY26SEP24300CE,2026-07-16 09:19:00,600.5,2026-07-16 13:30:00,558.75,stop_loss,-42.75,-2778.75,115.89,-2894.64,0
OOS,S1M_ON,OTM3,PE,NIFTY26SEP24000PE,2026-07-16 13:31:00,398.95,2026-07-16 13:59:00,390.0,next_choch,-9.95,-646.75,94.55,-741.3,0
OOS,S1M_ON,OTM3,CE,NIFTY26SEP24300CE,2026-07-16 14:57:00,568.5,2026-07-16 15:02:00,561.05,stop_loss,-8.45,-549.25,115.18,-664.43,0
OOS,S1M_ON,OTM3,CE,NIFTY26SEP24300CE,2026-07-17 09:17:00,590.65,2026-07-17 13:56:00,607.9,next_choch,16.25,1056.25,120.13,936.12,0
OOS,S1M_ON,OTM3,PE,NIFTY26SEP24000PE,2026-07-17 10:44:00,353.75,2026-07-17 11:34:00,355.55,next_choch,0.8,52.0,90.08,-38.08,0
OOS,S1M_ON,OTM3,PE,NIFTY26SEP24000PE,2026-07-17 13:46:00,355.3,2026-07-17 13:59:00,351.85,stop_loss,-4.45,-289.25,89.79,-379.04,0
OOS,S1M_ON,OTM3,CE,NIFTY26SEP24300CE,2026-07-17 14:16:00,700.0,2026-07-17 14:30:00,662.1,next_choch,-38.9,-2528.5,128.27,-2656.77,0
OOS,S1M_ON,OTM3,CE,NIFTY26SEP24300CE,2026-07-17 15:12:00,678.0,2026-07-20 09:15:00,650.0,stop_loss,-29.0,-1885.0,126.52,-2011.52,0
OOS,S1M_ON,OTM3,PE,NIFTY26SEP24100PE,2026-07-20 09:32:00,407.0,2026-07-20 10:03:00,393.45,next_choch,-14.55,-945.75,95.1,-1040.85,0
OOS,S1M_ON,OTM3,CE,NIFTY26SEP24400CE,2026-07-20 10:17:00,566.0,2026-07-20 11:28:00,557.3,next_choch,-9.7,-630.5,114.76,-745.26,0
OOS,S1M_ON,OTM3,PE,NIFTY26SEP24100PE,2026-07-20 12:39:00,409.0,2026-07-20 13:15:00,390.0,stop_loss,-20.0,-1300.0,94.84,-1394.84,0
OOS,S1M_ON,OTM3,CE,NIFTY26SEP24400CE,2026-07-20 13:15:00,577.0,2026-07-21 09:26:00,568.45,next_choch,-9.55,-620.75,116.11,-736.86,0
OOS,S1M_ON,OTM3,PE,NIFTY26SEP23950PE,2026-07-22 10:16:00,387.9,2026-07-27 09:43:00,403.15,next_choch,14.25,926.25,95.44,830.81,0
OOS,S1M_ON,OTM3,CE,NIFTY26SEP24100CE,2026-07-27 09:30:00,532.45,2026-07-27 09:55:00,522.25,stop_loss,-11.2,-728.0,110.57,-838.57,0
OOS,S1M_ON,OTM3,CE,NIFTY26SEP24100CE,2026-07-27 11:09:00,525.0,2026-07-27 12:57:00,527.2,next_choch,1.2,78.0,110.81,-32.81,0
OOS,S1M_ON,OTM3,CE,NIFTY26SEP24100CE,2026-07-27 14:00:00,535.0,2026-07-28 09:33:00,545.0,next_choch,9.0,585.0,112.74,472.26,0
OOS,S1M_ON,OTM3,CE,NIFTY26SEP24300CE,2026-07-29 09:35:00,523.2,2026-07-29 11:56:00,523.25,next_choch,-0.95,-61.75,110.4,-172.15,0
OOS,S1M_ON,OTM3,CE,NIFTY26SEP24300CE,2026-07-29 12:02:00,529.1,2026-07-29 12:28:00,526.0,next_choch,-4.1,-266.5,110.82,-377.32,0
OOS,S1M_ON,OTM3,CE,NIFTY26SEP24300CE,2026-07-29 13:03:00,529.15,2026-07-29 13:25:00,527.9,next_choch,-2.25,-146.25,111.0,-257.25,0
OOS,S1M_ON,OTM3,CE,NIFTY26SEP24300CE,2026-07-29 13:52:00,535.0,2026-07-29 15:04:00,536.0,next_choch,0.0,0.0,111.91,-111.91,0
OOS,S1M_ON,OTM3,CE,NIFTY26SEP24400CE,2026-07-30 09:25:00,485.1,2026-07-30 09:38:00,477.05,stop_loss,-9.05,-588.25,105.05,-693.3,0
OOS,S1M_ON,OTM3,CE,NIFTY26SEP24400CE,2026-07-30 09:54:00,480.95,2026-07-30 10:21:00,468.1,stop_loss,-13.85,-900.25,104.1,-1004.35,0
OOS,S1M_ON,OTM3,CE,NIFTY26SEP24400CE,2026-07-30 10:50:00,480.8,2026-07-30 14:15:00,485.85,next_choch,4.05,263.25,105.73,157.52,0
OOS,S1M_ON,OTM3,CE,NIFTY26SEP24400CE,2026-07-30 14:46:00,488.85,2026-07-30 15:29:00,497.35,next_choch,7.5,487.5,107.02,380.48,0
OOS,S1M_ON,OTM3,CE,NIFTY26SEP24500CE,2026-07-31 09:48:00,468.4,2026-07-31 10:08:00,458.25,stop_loss,-11.15,-724.75,102.84,-827.59,0
OOS,S1M_ON,OTM3,CE,NIFTY26SEP24500CE,2026-07-31 11:23:00,471.15,2026-07-31 11:31:00,468.0,stop_loss,-4.15,-269.75,103.81,-373.56,0
OOS,S1M_ON,OTM3,CE,NIFTY26SEP24500CE,2026-07-31 11:59:00,471.55,2026-07-31 12:05:00,466.55,next_choch,-6.0,-390.0,103.69,-493.69,0
OOS,S1M_ON,OTM3,CE,NIFTY26SEP24500CE,2026-07-31 12:10:00,472.35,2026-07-31 12:31:00,475.0,next_choch,1.65,107.25,104.49,2.76,0
OOS,S1M_ON,OTM3,CE,NIFTY26SEP24500CE,2026-07-31 12:44:00,488.0,2026-07-31 13:40:00,484.75,next_choch,-4.25,-276.25,105.84,-382.09,0
OOS,S1M_ON,OTM3,CE,NIFTY26SEP24500CE,2026-07-31 13:59:00,493.65,2026-07-31 14:10:00,484.0,next_choch,-10.65,-692.25,105.93,-798.18,0
OOS,S1M_ON,OTM3,CE,NIFTY26SEP24500CE,2026-07-31 14:16:00,492.6,2026-07-31 14:22:00,484.45,next_choch,-9.15,-594.75,105.94,-700.69,0
OOS,S1M_ON,OTM3,CE,NIFTY26SEP24500CE,2026-07-31 14:25:00,490.0,2026-07-31 14:31:00,484.45,stop_loss,-6.55,-425.75,105.87,-531.62,0
OOS,S1M_ON,OTM3,CE,NIFTY26SEP24500CE,2026-07-31 15:03:00,481.0,2026-07-31 15:15:00,475.3,stop_loss,-6.7,-435.5,104.77,-540.27,0
OOS,S1M_ON,OTM3,CE,NIFTY26SEP24750CE,2026-08-04 15:00:00,384.3,2026-08-05 12:36:00,422.1,next_choch,36.8,2392.0,97.08,2294.92,0
OOS,S1M_ON,OTM3,CE,NIFTY26SEP24800CE,2026-08-05 09:18:00,428.25,2026-08-05 09:54:00,417.3,next_choch,-11.95,-776.75,97.91,-874.66,0
OOS,S1M_ON,OTM3,CE,NIFTY26SEP24800CE,2026-08-05 10:56:00,432.7,2026-08-05 11:20:00,431.65,next_choch,-2.05,-133.25,99.36,-232.61,0
OOS,S1M_ON,OTM3,CE,NIFTY26SEP24800CE,2026-08-05 15:12:00,403.45,2026-08-05 15:15:00,395.85,stop_loss,-8.6,-559.0,95.22,-654.22,0
OOS,S1M_ON,OTM3,CE,NIFTY26SEP24800CE,2026-08-06 09:16:00,418.3,2026-08-06 13:13:00,435.85,next_choch,16.55,1075.75,99.33,976.42,0
OOS,S1M_ON,OTM3,CE,NIFTY26SEP24800CE,2026-08-06 14:04:00,447.0,2026-08-06 14:39:00,442.5,next_choch,-5.5,-357.5,100.77,-458.27,0
OOS,S1M_ON,OTM3,CE,NIFTY26SEP24700CE,2026-08-10 10:44:00,463.0,2026-08-10 13:15:00,455.25,next_choch,-8.75,-568.75,102.4,-671.15,0
OOS,S1M_ON,OTM3,CE,NIFTY26SEP24700CE,2026-08-10 13:37:00,464.5,2026-08-10 14:01:00,460.0,stop_loss,-5.5,-357.5,102.88,-460.38,0
OOS,S1M_ON,OTM3,PE,NIFTY26SEP24300PE,2026-08-12 11:30:00,286.0,2026-08-12 11:34:00,280.0,stop_loss,-7.0,-455.0,81.18,-536.18,0
OOS,S1M_ON,OTM3,PE,NIFTY26SEP24300PE,2026-08-12 11:40:00,289.05,2026-08-12 12:29:00,285.0,next_choch,-5.05,-328.25,81.72,-409.97,0
OOS,S1M_ON,OTM3,PE,NIFTY26SEP24300PE,2026-08-12 12:55:00,290.25,2026-08-12 13:11:00,285.3,stop_loss,-5.95,-386.75,81.79,-468.54,0
OOS,S1M_ON,OTM3,PE,NIFTY26SEP24300PE,2026-08-12 13:46:00,286.0,2026-08-12 14:16:00,285.85,next_choch,-1.15,-74.75,81.71,-156.46,0
OOS,S1M_ON,OTM3,PE,NIFTY26SEP24200PE,2026-08-13 09:28:00,240.85,2026-08-13 09:43:00,230.55,next_choch,-11.3,-734.5,75.33,-809.83,0
OOS,S1M_ON,OTM3,PE,NIFTY26SEP24200PE,2026-08-13 10:30:00,238.05,2026-08-13 10:53:00,224.5,stop_loss,-14.55,-945.75,74.69,-1020.44,0
OOS,S1M_ON,OTM3,PE,NIFTY26SEP24200PE,2026-08-14 09:18:00,230.3,2026-08-14 10:07:00,219.3,next_choch,-12.0,-780.0,73.99,-853.99,0
OOS,S1M_ON,OTM3,PE,NIFTY26SEP24200PE,2026-08-14 10:16:00,221.95,2026-08-14 10:52:00,221.55,next_choch,-1.4,-91.0,73.95,-164.95,0
OOS,S1M_ON,OTM3,PE,NIFTY26SEP24200PE,2026-08-14 12:01:00,227.25,2026-08-14 12:07:00,224.45,stop_loss,-3.8,-247.0,74.37,-321.37,0
OOS,S1M_ON,OTM3,PE,NIFTY26SEP24200PE,2026-08-14 13:31:00,219.65,2026-08-14 13:39:00,216.1,next_choch,-4.55,-295.75,73.38,-369.13,0
OOS,S1M_ON,OTM3,PE,NIFTY26SEP24200PE,2026-08-14 14:45:00,205.5,2026-08-14 14:51:00,203.0,stop_loss,-3.5,-227.5,71.77,-299.27,0
OOS,S1M_ON,OTM3,PE,NIFTY26SEP24200PE,2026-08-14 15:15:00,205.2,2026-08-14 15:27:00,204.95,next_choch,-1.25,-81.25,71.94,-153.19,0
OOS,S1M_ON,OTM3,CE,NIFTY26SEP24450CE,2026-08-17 12:26:00,363.1,2026-08-18 09:15:00,321.4,stop_loss,-42.7,-2775.5,87.21,-2862.71,0
OOS,S1M_ON,OTM3,PE,NIFTY26SEP24100PE,2026-08-18 09:16:00,211.45,2026-08-18 14:51:00,222.05,next_choch,9.6,624.0,73.69,550.31,0
OOS,S1M_ON,OTM3,PE,NIFTY26SEP24100PE,2026-08-18 15:14:00,224.6,2026-08-18 15:28:00,224.05,next_choch,-1.55,-100.75,74.26,-175.01,0
OOS,S1M_ON,OTM3,PE,NIFTY26SEP23950PE,2026-08-19 09:29:00,207.4,2026-08-19 09:51:00,204.0,stop_loss,-4.4,-286.0,71.92,-357.92,0
OOS,S1M_ON,OTM3,CE,NIFTY26SEP24350CE,2026-08-20 10:14:00,328.0,2026-08-20 10:22:00,324.0,stop_loss,-5.0,-325.0,86.44,-411.44,0
OOS,S1M_ON,OTM3,CE,NIFTY26SEP24350CE,2026-08-20 11:40:00,325.05,2026-08-21 09:18:00,332.8,next_choch,6.75,438.75,87.16,351.59,0
OOS,S1M_ON,OTM3,PE,NIFTY26SEP24100PE,2026-08-21 09:21:00,193.95,2026-08-21 09:51:00,187.7,next_choch,-7.25,-471.25,70.03,-541.28,0
OOS,S1M_ON,OTM3,PE,NIFTY26SEP24100PE,2026-08-21 10:05:00,190.1,2026-08-21 10:22:00,187.2,next_choch,-3.9,-253.5,69.87,-323.37,0
OOS,S1M_ON,OTM3,CE,NIFTY26SEP24400CE,2026-08-21 10:45:00,309.6,2026-08-21 11:09:00,307.0,next_choch,-3.6,-234.0,84.34,-318.34,0
OOS,S1M_ON,OTM3,PE,NIFTY26SEP24100PE,2026-08-21 11:54:00,183.25,2026-08-21 13:05:00,184.5,next_choch,0.25,16.25,69.43,-53.18,0
OOS,S1M_ON,OTM3,CE,NIFTY26SEP24400CE,2026-08-21 12:27:00,300.0,2026-08-21 12:39:00,298.0,next_choch,-3.0,-195.0,83.24,-278.24,0
OOS,S1M_ON,OTM3,CE,NIFTY26SEP24400CE,2026-08-21 13:04:00,299.15,2026-08-21 13:21:00,297.6,next_choch,-2.55,-165.75,83.18,-248.93,0
OOS,S1M_ON,OTM3,CE,NIFTY26SEP24400CE,2026-08-21 14:22:00,299.85,2026-08-21 14:43:00,299.9,next_choch,-0.95,-61.75,83.41,-145.16,0
OOS,S1M_ON,OTM3,CE,NIFTY26SEP24400CE,2026-08-21 14:46:00,302.9,2026-08-21 14:52:00,301.15,next_choch,-2.75,-178.75,83.61,-262.36,0
OOS,S1M_ON,OTM3,PE,NIFTY26SEP24100PE,2026-08-21 14:57:00,183.55,2026-08-21 15:26:00,183.15,next_choch,-1.4,-91.0,69.31,-160.31,0
OOS,S1M_ON,OTM3,CE,NIFTY26SEP24450CE,2026-08-24 10:31:00,279.25,2026-08-24 10:32:00,277.6,stop_loss,-2.65,-172.25,80.76,-253.01,0
OOS,S1M_ON,OTM3,PE,NIFTY26SEP24150PE,2026-08-24 11:10:00,207.6,2026-08-24 14:31:00,219.6,next_choch,11.0,715.0,73.36,641.64,0
OOS,S1M_ON,OTM3,PE,NIFTY26SEP24000PE,2026-08-25 09:52:00,179.85,2026-08-25 10:46:00,177.45,next_choch,-3.4,-221.0,68.68,-289.68,0
OOS,S1M_ON,OTM3,PE,NIFTY26SEP24000PE,2026-08-25 11:05:00,177.35,2026-08-25 11:07:00,175.35,stop_loss,-3.0,-195.0,68.42,-263.42,0
OOS,S1M_ON,OTM3,PE,NIFTY26SEP24000PE,2026-08-25 12:21:00,160.3,2026-08-25 13:51:00,170.9,next_choch,9.6,624.0,67.51,556.49,0
OOS,S1M_ON,OTM3,CE,NIFTY26SEP24300CE,2026-08-25 14:31:00,341.1,2026-08-25 15:29:00,390.0,open,47.9,3113.5,92.88,3020.62,1
OOS,S1M_ON,OTM4,PE,NIFTY26SEP23750PE,2026-07-09 15:06:00,375.0,2026-07-10 09:15:00,287.7,stop_loss,-88.3,-5739.5,84.46,-5823.96,0
OOS,S1M_ON,OTM4,PE,NIFTY26SEP23800PE,2026-07-13 09:26:00,355.35,2026-07-13 09:36:00,354.0,stop_loss,-2.35,-152.75,89.98,-242.73,0
OOS,S1M_ON,OTM4,CE,NIFTY26SEP24200CE,2026-07-13 10:36:00,661.0,2026-07-14 09:15:00,625.6,stop_loss,-36.4,-2366.0,123.79,-2489.79,0
OOS,S1M_ON,OTM4,PE,NIFTY26SEP23850PE,2026-07-14 14:45:00,388.95,2026-07-16 09:15:00,313.65,next_choch,-76.3,-4959.5,87.25,-5046.75,0
OOS,S1M_ON,OTM4,CE,NIFTY26SEP24300CE,2026-07-15 09:21:00,607.1,2026-07-15 12:36:00,602.1,next_choch,-6.0,-390.0,120.07,-510.07,0
OOS,S1M_ON,OTM4,CE,NIFTY26SEP24350CE,2026-07-17 09:37:00,579.25,2026-07-20 11:24:00,580.35,next_choch,0.1,6.5,117.27,-110.77,0
OOS,S1M_ON,OTM4,PE,NIFTY26SEP23500PE,2026-07-24 09:50:00,383.05,2026-07-24 11:23:00,366.2,next_choch,-17.85,-1160.25,91.91,-1252.16,0
OOS,S1M_ON,OTM4,CE,NIFTY26SEP24200CE,2026-07-28 09:56:00,506.8,2026-07-28 10:01:00,500.0,next_choch,-7.8,-507.0,107.78,-614.78,0
OOS,S1M_ON,OTM4,CE,NIFTY26SEP24200CE,2026-07-28 10:38:00,506.85,2026-07-28 13:10:00,498.95,next_choch,-8.9,-578.5,107.69,-686.19,0
OOS,S1M_ON,OTM4,CE,NIFTY26SEP24200CE,2026-07-28 13:55:00,505.0,2026-07-28 14:11:00,500.15,stop_loss,-5.85,-380.25,107.75,-488.0,0
OOS,S1M_ON,OTM4,CE,NIFTY26SEP24200CE,2026-07-28 14:42:00,500.95,2026-07-28 14:46:00,495.95,stop_loss,-6.0,-390.0,107.24,-497.24,0
OOS,S1M_ON,OTM4,CE,NIFTY26SEP24200CE,2026-07-28 15:16:00,497.2,2026-07-29 15:24:00,586.0,next_choch,87.8,5707.0,115.41,5591.59,0
OOS,S1M_ON,OTM4,CE,NIFTY26SEP24350CE,2026-07-29 09:57:00,490.8,2026-08-11 10:17:00,590.0,next_choch,98.2,6383.0,115.6,6267.4,0
OOS,S1M_ON,OTM4,CE,NIFTY26SEP24800CE,2026-08-04 09:22:00,416.95,2026-08-04 09:32:00,404.0,stop_loss,-13.95,-906.75,96.36,-1003.11,0
OOS,S1M_ON,OTM4,CE,NIFTY26SEP24800CE,2026-08-04 09:48:00,416.0,2026-08-04 10:12:00,410.3,stop_loss,-6.7,-435.5,96.91,-532.41,0
OOS,S1M_ON,OTM4,CE,NIFTY26SEP24800CE,2026-08-07 09:54:00,432.4,2026-08-07 10:02:00,427.6,next_choch,-5.8,-377.0,98.98,-475.98,0
OOS,S1M_ON,OTM4,CE,NIFTY26SEP24750CE,2026-08-10 11:18:00,439.15,2026-08-11 09:15:00,384.85,stop_loss,-55.3,-3594.5,95.24,-3689.74,0
OOS,S1M_ON,OTM4,PE,NIFTY26SEP24250PE,2026-08-12 12:13:00,272.5,2026-08-12 12:20:00,268.9,stop_loss,-4.6,-299.0,79.77,-378.77,0
OOS,S1M_ON,OTM4,PE,NIFTY26SEP24100PE,2026-08-17 09:16:00,200.9,2026-08-17 09:25:00,197.55,next_choch,-4.35,-282.75,71.14,-353.89,0
OOS,S1M_ON,OTM4,PE,NIFTY26SEP24100PE,2026-08-17 09:57:00,200.95,2026-08-17 12:16:00,200.1,next_choch,-1.85,-120.25,71.37,-191.62,0
OOS,S1M_ON,OTM4,PE,NIFTY26SEP24050PE,2026-08-18 11:30:00,224.35,2026-08-18 12:04:00,211.7,stop_loss,-13.65,-887.25,73.12,-960.37,0
OOS,S1M_ON,OTM4,PE,NIFTY26SEP24050PE,2026-08-18 14:18:00,216.6,2026-08-18 14:30:00,212.0,stop_loss,-5.6,-364.0,72.92,-436.92,0
OOS,S1M_ON,OTM4,PE,NIFTY26SEP23900PE,2026-08-19 09:29:00,193.15,2026-08-19 09:45:00,190.0,stop_loss,-4.15,-269.75,70.22,-339.97,0
OOS,S1M_ON,OTM4,PE,NIFTY26SEP23900PE,2026-08-19 10:16:00,190.3,2026-08-19 11:45:00,196.05,next_choch,4.75,308.75,70.69,238.06,0
OOS,S1M_ON,OTM4,PE,NIFTY26SEP23900PE,2026-08-19 12:12:00,198.4,2026-08-19 12:23:00,194.65,next_choch,-4.75,-308.75,70.8,-379.55,0
OOS,S1M_ON,OTM4,PE,NIFTY26SEP23900PE,2026-08-19 12:32:00,199.0,2026-08-19 12:50:00,196.0,next_choch,-4.0,-260.0,70.94,-330.94,0
OOS,S1M_ON,OTM4,PE,NIFTY26SEP23900PE,2026-08-19 13:16:00,199.65,2026-08-19 13:57:00,196.75,next_choch,-3.9,-253.5,71.03,-324.53,0
OOS,S1M_ON,OTM4,PE,NIFTY26SEP23900PE,2026-08-19 14:20:00,198.9,2026-08-19 14:33:00,194.8,stop_loss,-5.1,-331.5,70.83,-402.33,0
OOS,S1M_ON,OTM4,CE,NIFTY26SEP24400CE,2026-08-20 10:10:00,298.95,2026-08-20 10:26:00,295.45,next_choch,-4.5,-292.5,82.97,-375.47,0
OOS,S1M_ON,OTM4,CE,NIFTY26SEP24400CE,2026-08-20 10:49:00,294.45,2026-08-20 11:14:00,290.0,next_choch,-5.45,-354.25,82.34,-436.59,0
OOS,S1M_ON,OTM4,CE,NIFTY26SEP24400CE,2026-08-20 11:31:00,293.9,2026-08-20 12:12:00,296.1,next_choch,1.2,78.0,82.89,-4.89,0
OOS,S1M_ON,OTM4,CE,NIFTY26SEP24400CE,2026-08-20 12:14:00,298.85,2026-08-20 12:30:00,295.4,next_choch,-4.45,-289.25,82.96,-372.21,0
OOS,S1M_ON,OTM4,CE,NIFTY26SEP24400CE,2026-08-20 12:40:00,302.2,2026-08-20 13:17:00,317.1,next_choch,13.9,903.5,85.06,818.44,0
OOS,S1M_ON,OTM4,CE,NIFTY26SEP24400CE,2026-08-20 13:33:00,322.45,2026-08-20 13:35:00,319.5,stop_loss,-3.95,-256.75,85.86,-342.61,0
OOS,S1M_ON,OTM4,PE,NIFTY26SEP24050PE,2026-08-21 09:37:00,182.0,2026-08-21 10:31:00,168.2,next_choch,-14.8,-962.0,67.89,-1029.89,0
OOS,S1M_ON,OTM4,CE,NIFTY26SEP24450CE,2026-08-21 10:22:00,276.1,2026-08-21 12:08:00,271.95,stop_loss,-5.15,-334.75,80.15,-414.9,0
OOS,S1M_ON,OTM4,PE,NIFTY26SEP24050PE,2026-08-21 12:13:00,172.05,2026-08-21 14:22:00,167.35,next_choch,-5.7,-370.5,67.53,-438.03,0
OOS,S1M_ON,OTM4,CE,NIFTY26SEP24450CE,2026-08-21 12:26:00,273.7,2026-08-21 12:42:00,271.85,stop_loss,-2.85,-185.25,80.07,-265.32,0
OOS,S1M_ON,OTM4,CE,NIFTY26SEP24450CE,2026-08-21 13:10:00,276.7,2026-08-24 09:42:00,278.9,next_choch,1.2,78.0,80.81,-2.81,0
OOS,S1M_ON,OTM4,PE,NIFTY26SEP24100PE,2026-08-24 09:55:00,165.5,2026-08-24 10:19:00,164.0,next_choch,-2.5,-162.5,67.03,-229.53,0
OOS,S1M_ON,OTM4,PE,NIFTY26SEP24100PE,2026-08-24 10:49:00,166.65,2026-08-24 15:12:00,202.55,next_choch,34.9,2268.5,70.61,2197.89,0
OOS,S1M_ON,OTM4,PE,NIFTY26SEP23950PE,2026-08-25 09:45:00,159.0,2026-08-25 10:51:00,154.15,next_choch,-5.85,-380.25,65.94,-446.19,0
OOS,S1M_ON,OTM4,CE,NIFTY26SEP24350CE,2026-08-25 11:20:00,271.05,2026-08-25 13:02:00,266.45,stop_loss,-5.6,-364.0,79.5,-443.5,0
OOS,S1M_ON,OTM4,PE,NIFTY26SEP23950PE,2026-08-25 13:01:00,154.65,2026-08-25 13:54:00,149.55,stop_loss,-6.1,-396.5,65.39,-461.89,0
OOS,S1M_ON,OTM4,CE,NIFTY26SEP24350CE,2026-08-25 13:53:00,276.95,2026-08-25 15:29:00,355.05,open,77.1,5011.5,87.82,4923.68,1
IS,S5M,-,PE,NIFTY26SEPFUT short,2026-08-26 13:05:00,24440.0,2026-08-26 14:10:00,24460.5,stop_loss,-30.5,-1982.5,465.3,-2447.8,0
IS,S5M,-,CE,NIFTY26SEPFUT long,2026-08-26 14:45:00,24470.5,2026-08-26 15:20:00,24450.0,next_choch,-30.5,-1982.5,465.47,-2447.97,0
IS,S5M,-,PE,NIFTY26SEPFUT short,2026-08-26 15:25:00,24437.8,2026-08-27 13:10:00,24373.0,next_choch,54.8,3562.0,465.03,3096.97,0
IS,S5M,-,PE,NIFTY26SEPFUT short,2026-08-27 15:25:00,24270.8,2026-08-28 09:25:00,24313.6,stop_loss,-52.8,-3432.0,462.46,-3894.46,0
IS,S5M,-,CE,NIFTY26SEPFUT long,2026-08-28 10:10:00,24355.0,2026-08-28 11:25:00,24312.1,stop_loss,-52.9,-3438.5,463.17,-3901.67,0
IS,S5M,-,PE,NIFTY26SEPFUT short,2026-08-28 11:55:00,24255.0,2026-08-28 13:15:00,24282.1,stop_loss,-37.1,-2411.5,462.15,-2873.65,0
IS,S5M,-,CE,NIFTY26SEPFUT long,2026-08-28 14:25:00,24298.8,2026-08-28 15:00:00,24297.1,next_choch,-11.7,-760.5,462.8,-1223.3,0
IS,S5M,-,CE,NIFTY26SEPFUT long,2026-08-28 15:25:00,24349.9,2026-08-31 09:15:00,24204.5,stop_loss,-155.4,-10101.0,461.61,-10562.61,0
IS,S5M,-,PE,NIFTY26SEPFUT short,2026-08-31 09:40:00,24183.0,2026-08-31 11:50:00,24263.8,stop_loss,-90.8,-5902.0,461.06,-6363.06,0
IS,S5M,-,PE,NIFTY26SEPFUT short,2026-08-31 13:40:00,24250.0,2026-08-31 14:45:00,24268.0,stop_loss,-28.0,-1820.0,462.04,-2282.04,0
IS,S5M,-,PE,NIFTY26SEPFUT short,2026-09-01 09:20:00,24172.6,2026-09-01 09:25:00,24209.3,stop_loss,-46.7,-3035.5,460.77,-3496.27,0
IS,S5M,-,PE,NIFTY26SEPFUT short,2026-09-01 13:00:00,24218.1,2026-09-03 09:15:00,24091.7,next_choch,116.4,7566.0,461.1,7104.9,0
IS,S5M,-,CE,NIFTY26SEPFUT long,2026-09-03 09:35:00,24129.0,2026-09-03 10:35:00,24085.0,stop_loss,-54.0,-3510.0,459.29,-3969.29,0
IS,S5M,-,PE,NIFTY26SEPFUT short,2026-09-03 11:00:00,24066.0,2026-09-03 11:30:00,24085.0,stop_loss,-29.0,-1885.0,458.9,-2343.9,0
IS,S5M,-,PE,NIFTY26SEPFUT short,2026-09-03 12:20:00,24020.0,2026-09-03 13:10:00,24049.0,stop_loss,-39.0,-2535.0,458.14,-2993.14,0
IS,S5M,-,PE,NIFTY26SEPFUT short,2026-09-03 15:25:00,23985.0,2026-09-04 09:15:00,24049.7,stop_loss,-74.7,-4855.5,457.63,-5313.13,0
IS,S5M,-,CE,NIFTY26SEPFUT long,2026-09-04 09:50:00,24067.8,2026-09-04 12:55:00,24052.0,next_choch,-25.8,-1677.0,458.65,-2135.65,0
IS,S5M,-,CE,NIFTY26SEPFUT long,2026-09-04 14:25:00,24087.9,2026-09-04 14:35:00,24062.3,stop_loss,-35.6,-2314.0,458.85,-2772.85,0
IS,S5M,-,PE,NIFTY26SEPFUT short,2026-09-04 15:00:00,24057.5,2026-09-04 15:15:00,24070.0,stop_loss,-22.5,-1462.5,458.73,-1921.23,0
IS,S5M,-,PE,NIFTY26SEPFUT short,2026-09-07 10:10:00,23916.8,2026-09-07 14:00:00,23914.0,next_choch,-7.2,-468.0,456.28,-924.28,0
IS,S5M,-,PE,NIFTY26SEPFUT short,2026-09-07 14:35:00,23886.9,2026-09-22 09:15:00,23450.0,next_choch,426.9,27748.5,454.6,27293.9,0
IS,S5M,-,CE,NIFTY26SEPFUT long,2026-09-22 10:10:00,23471.9,2026-09-22 10:20:00,23450.2,stop_loss,-31.7,-2060.5,448.37,-2508.87,0
IS,S5M,-,PE,NIFTY26SEPFUT short,2026-09-22 10:30:00,23435.0,2026-09-23 09:15:00,23423.0,next_choch,2.0,130.0,448.02,-318.02,0
IS,S5M,-,PE,NIFTY26SEPFUT short,2026-09-23 09:50:00,23375.6,2026-09-23 10:15:00,23413.0,stop_loss,-47.4,-3081.0,447.13,-3528.13,0
IS,S5M,-,CE,NIFTY26SEPFUT long,2026-09-23 10:25:00,23429.0,2026-09-23 14:45:00,23448.6,next_choch,9.6,624.0,448.23,175.77,0
IS,S5M,-,PE,NIFTY26SEPFUT short,2026-09-23 15:00:00,23433.5,2026-09-25 15:25:00,23186.0,open,237.5,15437.5,447.35,14990.15,1
OOS,S5M,-,PE,NIFTY26SEPFUT short,2026-07-08 09:35:00,24510.0,2026-07-08 09:50:00,24537.8,stop_loss,-37.8,-2457.0,466.51,-2923.51,0
OOS,S5M,-,CE,NIFTY26SEPFUT long,2026-07-08 10:40:00,24575.0,2026-07-08 11:50:00,24540.0,stop_loss,-45.0,-2925.0,467.05,-3392.05,0
OOS,S5M,-,PE,NIFTY26SEPFUT short,2026-07-08 12:20:00,24505.0,2026-07-08 13:05:00,24522.0,stop_loss,-27.0,-1755.0,466.4,-2221.4,0
OOS,S5M,-,CE,NIFTY26SEPFUT long,2026-07-09 10:40:00,24368.5,2026-07-09 10:45:00,24305.9,stop_loss,-72.6,-4719.0,463.12,-5182.12,0
OOS,S5M,-,CE,NIFTY26SEPFUT long,2026-07-09 13:45:00,24358.3,2026-07-09 13:50:00,24330.3,stop_loss,-38.0,-2470.0,463.44,-2933.44,0
OOS,S5M,-,PE,NIFTY26SEPFUT short,2026-07-09 14:20:00,24302.9,2026-07-09 14:30:00,24332.0,stop_loss,-39.1,-2541.5,462.98,-3004.48,0
OOS,S5M,-,CE,NIFTY26SEPFUT long,2026-07-10 09:30:00,24455.6,2026-07-13 09:15:00,24297.0,stop_loss,-168.6,-10959.0,463.22,-11422.22,0
OOS,S5M,-,CE,NIFTY26SEPFUT long,2026-07-13 12:00:00,24407.3,2026-07-13 15:15:00,24460.0,next_choch,42.7,2775.5,465.44,2310.06,0
OOS,S5M,-,PE,NIFTY26SEPFUT short,2026-07-13 15:20:00,24459.7,2026-07-13 15:25:00,24483.8,stop_loss,-34.1,-2216.5,465.64,-2682.14,0
OOS,S5M,-,PE,NIFTY26SEPFUT short,2026-07-15 11:10:00,24414.0,2026-07-15 11:30:00,24435.0,stop_loss,-31.0,-2015.0,464.85,-2479.85,0
OOS,S5M,-,PE,NIFTY26SEPFUT short,2026-07-15 12:35:00,24390.0,2026-07-16 09:15:00,24400.5,next_choch,-20.5,-1332.5,464.41,-1796.91,0
OOS,S5M,-,CE,NIFTY26SEPFUT long,2026-07-16 10:55:00,24428.0,2026-07-16 13:25:00,24359.9,stop_loss,-78.1,-5076.5,464.06,-5540.56,0
OOS,S5M,-,CE,NIFTY26SEPFUT long,2026-07-17 10:15:00,24479.3,2026-07-17 11:10:00,24434.3,stop_loss,-55.0,-3575.0,465.27,-4040.27,0
OOS,S5M,-,PE,NIFTY26SEPFUT short,2026-07-20 09:25:00,24410.0,2026-07-20 10:15:00,24445.0,stop_loss,-45.0,-2925.0,464.82,-3389.82,0
OOS,S5M,-,CE,NIFTY26SEPFUT long,2026-07-20 15:20:00,24498.9,2026-07-21 09:15:00,24490.0,stop_loss,-18.9,-1228.5,466.12,-1694.62,0
OOS,S5M,-,PE,NIFTY26SEPFUT short,2026-07-21 09:30:00,24460.0,2026-07-27 11:00:00,24138.0,next_choch,312.0,20280.0,464.71,19815.29,0
OOS,S5M,-,CE,NIFTY26SEPFUT long,2026-07-27 11:15:00,24153.0,2026-07-27 12:40:00,24152.4,next_choch,-10.6,-689.0,460.32,-1149.32,0
OOS,S5M,-,CE,NIFTY26SEPFUT long,2026-07-27 13:15:00,24188.0,2026-07-27 13:25:00,24169.0,stop_loss,-29.0,-1885.0,460.66,-2345.66,0
OOS,S5M,-,PE,NIFTY26SEPFUT short,2026-07-27 13:30:00,24150.0,2026-07-27 14:00:00,24185.0,stop_loss,-45.0,-2925.0,460.38,-3385.38,0
OOS,S5M,-,CE,NIFTY26SEPFUT long,2026-07-27 14:05:00,24198.0,2026-07-28 10:05:00,24190.1,next_choch,-17.9,-1163.5,460.99,-1624.49,0
OOS,S5M,-,CE,NIFTY26SEPFUT long,2026-07-28 10:40:00,24245.0,2026-07-28 13:10:00,24242.6,next_choch,-12.4,-806.0,461.87,-1267.87,0
OOS,S5M,-,PE,NIFTY26SEPFUT short,2026-07-28 13:15:00,24230.0,2026-07-28 13:50:00,24230.1,next_choch,-10.1,-656.5,461.65,-1118.15,0
OOS,S5M,-,CE,NIFTY26SEPFUT long,2026-07-28 15:20:00,24263.5,2026-08-11 11:00:00,24660.0,next_choch,386.5,25122.5,467.93,24654.57,0
OOS,S5M,-,PE,NIFTY26SEPFUT short,2026-08-11 11:05:00,24655.0,2026-08-11 11:40:00,24665.1,next_choch,-20.1,-1306.5,468.95,-1775.45,0
OOS,S5M,-,CE,NIFTY26SEPFUT long,2026-08-11 11:45:00,24672.9,2026-08-11 11:50:00,24660.0,stop_loss,-22.9,-1488.5,469.04,-1957.54,0
OOS,S5M,-,CE,NIFTY26SEPFUT long,2026-08-11 12:45:00,24672.9,2026-08-11 13:55:00,24674.7,next_choch,-8.2,-533.0,469.25,-1002.25,0
OOS,S5M,-,PE,NIFTY26SEPFUT short,2026-08-12 09:55:00,24601.4,2026-08-13 10:50:00,24562.0,next_choch,29.4,1911.0,467.9,1443.1,0
OOS,S5M,-,CE,NIFTY26SEPFUT long,2026-08-13 11:40:00,24575.6,2026-08-13 13:30:00,24595.0,next_choch,9.4,611.0,467.84,143.16,0
OOS,S5M,-,CE,NIFTY26SEPFUT long,2026-08-13 13:40:00,24621.3,2026-08-13 14:45:00,24595.0,stop_loss,-36.3,-2359.5,467.96,-2827.46,0
OOS,S5M,-,PE,NIFTY26SEPFUT short,2026-08-14 09:25:00,24525.0,2026-08-14 10:10:00,24547.0,next_choch,-32.0,-2080.0,466.76,-2546.76,0
OOS,S5M,-,PE,NIFTY26SEPFUT short,2026-08-14 10:55:00,24515.9,2026-08-14 12:10:00,24530.5,next_choch,-24.6,-1599.0,466.58,-2065.58,0
OOS,S5M,-,CE,NIFTY26SEPFUT long,2026-08-14 12:20:00,24544.0,2026-08-14 12:40:00,24525.9,stop_loss,-28.1,-1826.5,466.76,-2293.26,0
OOS,S5M,-,CE,NIFTY26SEPFUT long,2026-08-14 13:45:00,24590.0,2026-08-17 09:15:00,24499.0,stop_loss,-101.0,-6565.0,466.5,-7031.5,0
OOS,S5M,-,PE,NIFTY26SEPFUT short,2026-08-17 09:30:00,24477.1,2026-08-17 12:15:00,24485.0,next_choch,-17.9,-1163.5,465.9,-1629.4,0
OOS,S5M,-,CE,NIFTY26SEPFUT long,2026-08-17 12:25:00,24491.9,2026-08-18 09:15:00,24421.5,stop_loss,-80.4,-5226.0,465.12,-5691.12,0
OOS,S5M,-,PE,NIFTY26SEPFUT short,2026-08-18 09:30:00,24405.0,2026-08-20 10:10:00,24386.0,next_choch,9.0,585.0,464.59,120.41,0
OOS,S5M,-,CE,NIFTY26SEPFUT long,2026-08-20 11:45:00,24388.0,2026-08-20 12:35:00,24388.4,next_choch,-9.6,-624.0,464.36,-1088.36,0
OOS,S5M,-,CE,NIFTY26SEPFUT long,2026-08-20 12:45:00,24425.0,2026-08-20 14:15:00,24416.0,next_choch,-19.0,-1235.0,464.86,-1699.86,0
OOS,S5M,-,PE,NIFTY26SEPFUT short,2026-08-20 15:05:00,24393.8,2026-08-21 09:15:00,24398.0,stop_loss,-14.2,-923.0,464.46,-1387.46,0
OOS,S5M,-,PE,NIFTY26SEPFUT short,2026-08-21 09:30:00,24355.0,2026-08-21 09:50:00,24398.0,stop_loss,-53.0,-3445.0,463.9,-3908.9,0
OOS,S5M,-,CE,NIFTY26SEPFUT long,2026-08-21 10:25:00,24408.0,2026-08-21 11:40:00,24398.0,next_choch,-20.0,-1300.0,464.55,-1764.55,0
OOS,S5M,-,PE,NIFTY26SEPFUT short,2026-08-21 11:50:00,24395.0,2026-08-21 13:05:00,24407.0,stop_loss,-22.0,-1430.0,464.5,-1894.5,0
OOS,S5M,-,PE,NIFTY26SEPFUT short,2026-08-21 15:20:00,24391.0,2026-08-24 09:15:00,24449.7,stop_loss,-68.7,-4465.5,464.56,-4930.06,0
OOS,S5M,-,PE,NIFTY26SEPFUT short,2026-08-24 10:50:00,24414.9,2026-08-25 09:20:00,24325.0,next_choch,79.9,5193.5,464.57,4728.93,0
OOS,S5M,-,CE,NIFTY26SEPFUT long,2026-08-25 09:30:00,24345.3,2026-08-25 09:40:00,24311.9,stop_loss,-43.4,-2821.0,463.14,-3284.14,0
OOS,S5M,-,CE,NIFTY26SEPFUT long,2026-08-25 11:35:00,24313.7,2026-08-25 13:10:00,24290.3,stop_loss,-33.4,-2171.0,462.74,-2633.74,0
OOS,S5M,-,CE,NIFTY26SEPFUT long,2026-08-25 14:30:00,24385.8,2026-08-25 15:25:00,24480.0,open,84.2,5473.0,465.67,5007.33,1
IS,S5M_OF,ATR2,PE,NIFTY26SEP24250PE,2026-08-26 13:05:00,195.05,2026-08-26 14:10:00,188.8,stop_loss,-7.25,-471.25,70.16,-541.41,0
IS,S5M_OF,ATR2,CE,NIFTY26SEP24300CE,2026-08-26 14:45:00,373.8,2026-08-26 15:20:00,359.25,next_choch,-15.55,-1010.75,91.0,-1101.75,0
IS,S5M_OF,ATR2,PE,NIFTY26SEP24200PE,2026-08-26 15:25:00,169.75,2026-08-27 13:10:00,200.05,next_choch,29.3,1904.5,70.47,1834.03,0
IS,S5M_OF,ATR2,PE,NIFTY26SEP24050PE,2026-08-27 15:25:00,184.85,2026-08-28 09:25:00,165.65,stop_loss,-20.2,-1313.0,67.74,-1380.74,0
IS,S5M_OF,ATR2,CE,NIFTY26SEP24200CE,2026-08-28 10:10:00,367.0,2026-08-28 11:25:00,331.45,stop_loss,-36.55,-2375.75,88.25,-2464.0,0
IS,S5M_OF,ATR2,PE,NIFTY26SEP24050PE,2026-08-28 11:55:00,192.0,2026-08-28 13:15:00,184.75,stop_loss,-8.25,-536.25,69.7,-605.95,0
IS,S5M_OF,ATR2,CE,NIFTY26SEP24150CE,2026-08-28 14:25:00,353.95,2026-08-28 15:00:00,354.85,next_choch,-0.1,-6.5,90.02,-96.52,0
IS,S5M_OF,ATR2,CE,NIFTY26SEP24200CE,2026-08-28 15:25:00,356.95,2026-08-31 09:15:00,272.7,stop_loss,-85.25,-5541.25,82.56,-5623.81,0
IS,S5M_OF,ATR2,PE,NIFTY26SEP24000PE,2026-08-31 09:40:00,200.25,2026-08-31 11:50:00,168.55,stop_loss,-32.7,-2125.5,68.45,-2193.95,0
IS,S5M_OF,ATR2,PE,NIFTY26SEP24050PE,2026-08-31 13:40:00,184.5,2026-08-31 14:45:00,174.15,stop_loss,-11.35,-737.75,68.51,-806.26,0
IS,S5M_OF,ATR2,PE,NIFTY26SEP24000PE,2026-09-01 09:20:00,191.8,2026-09-01 09:25:00,178.1,stop_loss,-14.7,-955.5,69.09,-1024.59,0
IS,S5M_OF,ATR2,PE,NIFTY26SEP24050PE,2026-09-01 13:00:00,183.2,2026-09-03 09:15:00,229.8,next_choch,45.6,2964.0,73.59,2890.41,0
IS,S5M_OF,ATR2,CE,NIFTY26SEP24050CE,2026-09-03 09:35:00,293.95,2026-09-03 10:35:00,271.0,stop_loss,-23.95,-1556.75,80.58,-1637.33,0
IS,S5M_OF,ATR2,PE,NIFTY26SEP23900PE,2026-09-03 11:00:00,183.25,2026-09-03 11:30:00,176.05,stop_loss,-8.2,-533.0,68.65,-601.65,0
IS,S5M_OF,ATR2,PE,NIFTY26SEP23850PE,2026-09-03 12:20:00,185.1,2026-09-03 13:10:00,171.55,stop_loss,-14.55,-945.75,68.29,-1014.04,0
IS,S5M_OF,ATR2,PE,NIFTY26SEP23850PE,2026-09-03 15:25:00,195.2,2026-09-04 09:15:00,166.9,stop_loss,-29.3,-1904.5,68.15,-1972.65,0
IS,S5M_OF,ATR2,CE,NIFTY26SEP24000CE,2026-09-04 09:50:00,284.7,2026-09-04 12:55:00,272.25,next_choch,-13.45,-874.25,80.43,-954.68,0
IS,S5M_OF,ATR2,CE,NIFTY26SEP24000CE,2026-09-04 14:25:00,286.65,2026-09-04 14:35:00,275.1,stop_loss,-12.55,-815.75,80.75,-896.5,0
IS,S5M_OF,ATR2,PE,NIFTY26SEP23900PE,2026-09-04 15:00:00,174.8,2026-09-04 15:15:00,169.65,stop_loss,-6.15,-399.75,67.82,-467.57,0
IS,S5M_OF,ATR2,PE,NIFTY26SEP23800PE,2026-09-07 10:10:00,186.5,2026-09-07 14:00:00,184.0,next_choch,-3.5,-227.5,69.48,-296.98,0
IS,S5M_OF,ATR2,PE,NIFTY26SEP23750PE,2026-09-07 14:35:00,174.4,2026-09-22 09:15:00,327.25,next_choch,151.85,9870.25,82.3,9787.95,0
IS,S5M_OF,ATR2,CE,NIFTY26SEP23500CE,2026-09-22 10:10:00,107.05,2026-09-22 10:20:00,99.5,stop_loss,-8.55,-555.75,59.41,-615.16,0
IS,S5M_OF,ATR2,PE,NIFTY26SEP23400PE,2026-09-22 10:30:00,111.5,2026-09-23 09:15:00,109.45,next_choch,-3.05,-198.25,60.45,-258.7,0
IS,S5M_OF,ATR2,PE,NIFTY26SEP23300PE,2026-09-23 09:50:00,88.1,2026-09-23 10:15:00,69.4,stop_loss,-19.7,-1280.5,56.1,-1336.6,0
IS,S5M_OF,ATR2,CE,NIFTY26SEP23450CE,2026-09-23 10:25:00,102.6,2026-09-23 14:45:00,107.85,next_choch,4.25,276.25,60.05,216.2,0
IS,S5M_OF,ATR2,PE,NIFTY26SEP23400PE,2026-09-23 15:00:00,90.2,2026-09-25 15:25:00,234.8,open,143.6,9334.0,71.36,9262.64,1
IS,S5M_OF,ATM,PE,NIFTY26SEP24250PE,2026-08-26 13:05:00,195.05,2026-08-26 14:10:00,188.8,stop_loss,-7.25,-471.25,70.16,-541.41,0
IS,S5M_OF,ATM,CE,NIFTY26SEP24300CE,2026-08-26 14:45:00,373.8,2026-08-26 15:20:00,359.25,next_choch,-15.55,-1010.75,91.0,-1101.75,0
IS,S5M_OF,ATM,PE,NIFTY26SEP24200PE,2026-08-26 15:25:00,169.75,2026-08-27 13:10:00,200.05,next_choch,29.3,1904.5,70.47,1834.03,0
IS,S5M_OF,ATM,PE,NIFTY26SEP24100PE,2026-08-27 15:25:00,201.7,2026-08-28 09:25:00,182.1,stop_loss,-20.6,-1339.0,69.74,-1408.74,0
IS,S5M_OF,ATM,CE,NIFTY26SEP24150CE,2026-08-28 10:10:00,396.5,2026-08-28 11:25:00,361.0,stop_loss,-36.5,-2372.5,91.82,-2464.32,0
IS,S5M_OF,ATM,PE,NIFTY26SEP24100PE,2026-08-28 11:55:00,209.45,2026-08-28 13:15:00,201.3,stop_loss,-9.15,-594.75,71.73,-666.48,0
IS,S5M_OF,ATM,CE,NIFTY26SEP24100CE,2026-08-28 14:25:00,386.8,2026-08-28 15:00:00,386.75,next_choch,-1.05,-68.25,93.9,-162.15,0
IS,S5M_OF,ATM,CE,NIFTY26SEP24200CE,2026-08-28 15:25:00,356.95,2026-08-31 09:15:00,272.7,stop_loss,-85.25,-5541.25,82.56,-5623.81,0
IS,S5M_OF,ATM,PE,NIFTY26SEP24000PE,2026-08-31 09:40:00,200.25,2026-08-31 11:50:00,168.55,stop_loss,-32.7,-2125.5,68.45,-2193.95,0
IS,S5M_OF,ATM,PE,NIFTY26SEP24050PE,2026-08-31 13:40:00,184.5,2026-08-31 14:45:00,174.15,stop_loss,-11.35,-737.75,68.51,-806.26,0
IS,S5M_OF,ATM,PE,NIFTY26SEP24050PE,2026-09-01 09:20:00,210.9,2026-09-01 09:25:00,195.8,stop_loss,-16.1,-1046.5,71.27,-1117.77,0
IS,S5M_OF,ATM,PE,NIFTY26SEP24100PE,2026-09-01 13:00:00,201.85,2026-09-03 09:15:00,251.35,next_choch,48.5,3152.5,76.11,3076.39,0
IS,S5M_OF,ATM,CE,NIFTY26SEP24000CE,2026-09-03 09:35:00,325.1,2026-09-03 10:35:00,302.5,stop_loss,-23.6,-1534.0,84.38,-1618.38,0
IS,S5M_OF,ATM,PE,NIFTY26SEP23950PE,2026-09-03 11:00:00,200.85,2026-09-03 11:30:00,194.65,stop_loss,-7.2,-468.0,70.87,-538.87,0
IS,S5M_OF,ATM,PE,NIFTY26SEP23900PE,2026-09-03 12:20:00,204.4,2026-09-03 13:10:00,193.35,stop_loss,-12.05,-783.25,70.85,-854.1,0
IS,S5M_OF,ATM,PE,NIFTY26SEP23850PE,2026-09-03 15:25:00,195.2,2026-09-04 09:15:00,166.9,stop_loss,-29.3,-1904.5,68.15,-1972.65,0
IS,S5M_OF,ATM,CE,NIFTY26SEP23950CE,2026-09-04 09:50:00,315.3,2026-09-04 12:55:00,300.1,next_choch,-16.2,-1053.0,83.87,-1136.87,0
IS,S5M_OF,ATM,CE,NIFTY26SEP23950CE,2026-09-04 14:25:00,318.0,2026-09-04 14:35:00,304.75,stop_loss,-14.25,-926.25,84.38,-1010.63,0
IS,S5M_OF,ATM,PE,NIFTY26SEP23950PE,2026-09-04 15:00:00,194.9,2026-09-04 15:15:00,189.5,stop_loss,-6.4,-416.0,70.22,-486.22,0
IS,S5M_OF,ATM,PE,NIFTY26SEP23800PE,2026-09-07 10:10:00,186.5,2026-09-07 14:00:00,184.0,next_choch,-3.5,-227.5,69.48,-296.98,0
IS,S5M_OF,ATM,PE,NIFTY26SEP23750PE,2026-09-07 14:35:00,174.4,2026-09-22 09:15:00,327.25,next_choch,151.85,9870.25,82.3,9787.95,0
IS,S5M_OF,ATM,CE,NIFTY26SEP23450CE,2026-09-22 10:10:00,132.9,2026-09-22 10:20:00,124.1,stop_loss,-9.8,-637.0,62.42,-699.42,0
IS,S5M_OF,ATM,PE,NIFTY26SEP23400PE,2026-09-22 10:30:00,111.5,2026-09-23 09:15:00,109.45,next_choch,-3.05,-198.25,60.45,-258.7,0
IS,S5M_OF,ATM,PE,NIFTY26SEP23350PE,2026-09-23 09:50:00,107.65,2026-09-23 10:15:00,86.2,stop_loss,-22.45,-1459.25,58.2,-1517.45,0
IS,S5M_OF,ATM,CE,NIFTY26SEP23400CE,2026-09-23 10:25:00,129.1,2026-09-23 14:45:00,136.0,next_choch,5.9,383.5,63.4,320.1,0
IS,S5M_OF,ATM,PE,NIFTY26SEP23400PE,2026-09-23 15:00:00,90.2,2026-09-25 15:25:00,234.8,open,143.6,9334.0,71.36,9262.64,1
IS,S5M_OF,ITM2,PE,NIFTY26SEP24350PE,2026-08-26 13:05:00,231.05,2026-08-26 14:10:00,224.55,stop_loss,-7.5,-487.5,74.49,-561.99,0
IS,S5M_OF,ITM2,CE,NIFTY26SEP24200CE,2026-08-26 14:45:00,440.65,2026-08-26 15:20:00,425.8,next_choch,-15.85,-1030.25,99.05,-1129.3,0
IS,S5M_OF,ITM2,PE,NIFTY26SEP24300PE,2026-08-26 15:25:00,206.1,2026-08-27 13:10:00,238.5,next_choch,31.4,2041.0,75.05,1965.95,0
IS,S5M_OF,ITM2,PE,NIFTY26SEP24200PE,2026-08-27 15:25:00,241.85,2026-08-28 09:25:00,218.25,stop_loss,-24.6,-1599.0,74.22,-1673.22,0
IS,S5M_OF,ITM2,CE,NIFTY26SEP24050CE,2026-08-28 10:10:00,467.15,2026-08-28 11:25:00,430.0,stop_loss,-38.15,-2479.75,100.2,-2579.95,0
IS,S5M_OF,ITM2,PE,NIFTY26SEP24200PE,2026-08-28 11:55:00,250.2,2026-08-28 13:15:00,242.5,stop_loss,-8.7,-565.5,76.69,-642.19,0
IS,S5M_OF,ITM2,CE,NIFTY26SEP24000CE,2026-08-28 14:25:00,453.4,2026-08-28 15:00:00,451.4,next_choch,-3.0,-195.0,101.77,-296.77,0
IS,S5M_OF,ITM2,CE,NIFTY26SEP24100CE,2026-08-28 15:25:00,423.1,2026-08-31 09:15:00,329.45,stop_loss,-94.65,-6152.25,89.69,-6241.94,0
IS,S5M_OF,ITM2,PE,NIFTY26SEP24100PE,2026-08-31 09:40:00,239.0,2026-08-31 11:50:00,201.65,stop_loss,-38.35,-2492.75,72.61,-2565.36,0
IS,S5M_OF,ITM2,PE,NIFTY26SEP24150PE,2026-08-31 13:40:00,222.1,2026-08-31 14:45:00,210.7,stop_loss,-12.4,-806.0,72.96,-878.96,0
IS,S5M_OF,ITM2,PE,NIFTY26SEP24150PE,2026-09-01 09:20:00,252.95,2026-09-01 09:25:00,238.15,stop_loss,-15.8,-1027.0,76.37,-1103.37,0
IS,S5M_OF,ITM2,PE,NIFTY26SEP24200PE,2026-09-01 13:00:00,245.0,2026-09-03 09:15:00,301.75,next_choch,55.75,3623.75,81.99,3541.76,0
IS,S5M_OF,ITM2,CE,NIFTY26SEP23900CE,2026-09-03 09:35:00,390.25,2026-09-03 10:35:00,363.65,stop_loss,-27.6,-1794.0,91.88,-1885.88,0
IS,S5M_OF,ITM2,PE,NIFTY26SEP24050PE,2026-09-03 11:00:00,242.25,2026-09-03 11:30:00,235.5,stop_loss,-7.75,-503.75,75.82,-579.57,0
IS,S5M_OF,ITM2,PE,NIFTY26SEP24000PE,2026-09-03 12:20:00,248.0,2026-09-03 13:10:00,235.05,stop_loss,-13.95,-906.75,75.95,-982.7,0
IS,S5M_OF,ITM2,PE,NIFTY26SEP23950PE,2026-09-03 15:25:00,236.65,2026-09-04 09:15:00,201.8,stop_loss,-35.85,-2330.25,72.56,-2402.81,0
IS,S5M_OF,ITM2,CE,NIFTY26SEP23850CE,2026-09-04 09:50:00,378.15,2026-09-04 12:55:00,355.3,next_choch,-23.85,-1550.25,90.76,-1641.01,0
IS,S5M_OF,ITM2,CE,NIFTY26SEP23850CE,2026-09-04 14:25:00,384.0,2026-09-04 14:35:00,369.15,stop_loss,-15.85,-1030.25,92.21,-1122.46,0
IS,S5M_OF,ITM2,PE,NIFTY26SEP24050PE,2026-09-04 15:00:00,236.05,2026-09-04 15:15:00,231.3,stop_loss,-5.75,-373.75,75.26,-449.01,0
IS,S5M_OF,ITM2,PE,NIFTY26SEP23900PE,2026-09-07 10:10:00,228.9,2026-09-07 14:00:00,225.2,next_choch,-4.7,-305.5,74.49,-379.99,0
IS,S5M_OF,ITM2,PE,NIFTY26SEP23850PE,2026-09-07 14:35:00,214.95,2026-09-22 09:15:00,407.95,next_choch,192.0,12480.0,90.89,12389.11,0
IS,S5M_OF,ITM2,CE,NIFTY26SEP23350CE,2026-09-22 10:10:00,195.65,2026-09-22 10:20:00,184.65,stop_loss,-12.0,-780.0,69.8,-849.8,0
IS,S5M_OF,ITM2,PE,NIFTY26SEP23500PE,2026-09-22 10:30:00,159.85,2026-09-23 09:15:00,159.1,next_choch,-1.75,-113.75,66.42,-180.17,0
IS,S5M_OF,ITM2,PE,NIFTY26SEP23450PE,2026-09-23 09:50:00,157.5,2026-09-23 10:15:00,129.6,stop_loss,-28.9,-1878.5,63.64,-1942.14,0
IS,S5M_OF,ITM2,CE,NIFTY26SEP23300CE,2026-09-23 10:25:00,192.7,2026-09-23 14:45:00,203.4,next_choch,9.7,630.5,71.44,559.06,0
IS,S5M_OF,ITM2,PE,NIFTY26SEP23500PE,2026-09-23 15:00:00,138.25,2026-09-25 15:25:00,322.6,open,183.35,11917.75,80.82,11836.93,1
IS,S5M_OF,ITM1,PE,NIFTY26SEP24300PE,2026-08-26 13:05:00,213.3,2026-08-26 14:10:00,207.1,stop_loss,-7.2,-468.0,72.37,-540.37,0
IS,S5M_OF,ITM1,CE,NIFTY26SEP24250CE,2026-08-26 14:45:00,404.65,2026-08-26 15:20:00,388.0,next_choch,-17.65,-1147.25,94.54,-1241.79,0
IS,S5M_OF,ITM1,PE,NIFTY26SEP24250PE,2026-08-26 15:25:00,185.6,2026-08-27 13:10:00,218.55,next_choch,31.95,2076.75,72.63,2004.12,0
IS,S5M_OF,ITM1,PE,NIFTY26SEP24150PE,2026-08-27 15:25:00,221.7,2026-08-28 09:25:00,200.0,stop_loss,-22.7,-1475.5,71.96,-1547.46,0
IS,S5M_OF,ITM1,CE,NIFTY26SEP24100CE,2026-08-28 10:10:00,432.05,2026-08-28 11:25:00,394.7,stop_loss,-38.35,-2492.75,95.94,-2588.69,0
IS,S5M_OF,ITM1,PE,NIFTY26SEP24150PE,2026-08-28 11:55:00,229.1,2026-08-28 13:15:00,221.2,stop_loss,-8.9,-578.5,74.13,-652.63,0
IS,S5M_OF,ITM1,CE,NIFTY26SEP24050CE,2026-08-28 14:25:00,414.2,2026-08-28 15:00:00,420.0,next_choch,4.8,312.0,97.75,214.25,0
IS,S5M_OF,ITM1,CE,NIFTY26SEP24150CE,2026-08-28 15:25:00,388.0,2026-08-31 09:15:00,300.6,stop_loss,-88.4,-5746.0,86.02,-5832.02,0
IS,S5M_OF,ITM1,PE,NIFTY26SEP24050PE,2026-08-31 09:40:00,217.95,2026-08-31 11:50:00,184.35,stop_loss,-34.6,-2249.0,70.42,-2319.42,0
IS,S5M_OF,ITM1,PE,NIFTY26SEP24100PE,2026-08-31 13:40:00,202.5,2026-08-31 14:45:00,192.4,stop_loss,-11.1,-721.5,70.71,-792.21,0
IS,S5M_OF,ITM1,PE,NIFTY26SEP24100PE,2026-09-01 09:20:00,231.75,2026-09-01 09:25:00,215.45,stop_loss,-17.3,-1124.5,73.67,-1198.17,0
IS,S5M_OF,ITM1,PE,NIFTY26SEP24150PE,2026-09-01 13:00:00,221.2,2026-09-03 09:15:00,276.05,next_choch,53.85,3500.25,78.94,3421.31,0
IS,S5M_OF,ITM1,CE,NIFTY26SEP23950CE,2026-09-03 09:35:00,358.7,2026-09-03 10:35:00,330.9,stop_loss,-28.8,-1872.0,87.96,-1959.96,0
IS,S5M_OF,ITM1,PE,NIFTY26SEP24000PE,2026-09-03 11:00:00,223.0,2026-09-03 11:30:00,216.0,stop_loss,-8.0,-520.0,73.47,-593.47,0
IS,S5M_OF,ITM1,PE,NIFTY26SEP23950PE,2026-09-03 12:20:00,224.85,2026-09-03 13:10:00,212.55,stop_loss,-13.3,-864.5,73.21,-937.71,0
IS,S5M_OF,ITM1,PE,NIFTY26SEP23900PE,2026-09-03 15:25:00,215.7,2026-09-04 09:15:00,182.95,stop_loss,-33.75,-2193.75,70.22,-2263.97,0
IS,S5M_OF,ITM1,CE,NIFTY26SEP23900CE,2026-09-04 09:50:00,345.7,2026-09-04 12:55:00,332.05,next_choch,-14.65,-952.25,87.69,-1039.94,0
IS,S5M_OF,ITM1,CE,NIFTY26SEP23900CE,2026-09-04 14:25:00,348.8,2026-09-04 14:35:00,335.0,stop_loss,-14.8,-962.0,88.05,-1050.05,0
IS,S5M_OF,ITM1,PE,NIFTY26SEP24000PE,2026-09-04 15:00:00,215.75,2026-09-04 15:15:00,210.55,stop_loss,-6.2,-403.0,72.76,-475.76,0
IS,S5M_OF,ITM1,PE,NIFTY26SEP23850PE,2026-09-07 10:10:00,205.75,2026-09-07 14:00:00,202.3,next_choch,-4.45,-289.25,71.71,-360.96,0
IS,S5M_OF,ITM1,PE,NIFTY26SEP23800PE,2026-09-07 14:35:00,194.35,2026-09-22 09:15:00,370.95,next_choch,175.6,11414.0,86.89,11327.11,0
IS,S5M_OF,ITM1,CE,NIFTY26SEP23400CE,2026-09-22 10:10:00,162.45,2026-09-22 10:20:00,152.1,stop_loss,-11.35,-737.75,65.85,-803.6,0
IS,S5M_OF,ITM1,PE,NIFTY26SEP23450PE,2026-09-22 10:30:00,133.3,2026-09-23 09:15:00,132.75,next_choch,-1.55,-100.75,63.23,-163.98,0
IS,S5M_OF,ITM1,PE,NIFTY26SEP23400PE,2026-09-23 09:50:00,131.1,2026-09-23 10:15:00,105.8,stop_loss,-26.3,-1709.5,60.68,-1770.18,0
IS,S5M_OF,ITM1,CE,NIFTY26SEP23350CE,2026-09-23 10:25:00,159.15,2026-09-23 14:45:00,167.85,next_choch,7.7,500.5,67.2,433.3,0
IS,S5M_OF,ITM1,PE,NIFTY26SEP23450PE,2026-09-23 15:00:00,112.1,2026-09-25 15:25:00,278.0,open,164.9,10718.5,75.97,10642.53,1
IS,S5M_OF,OTM1,PE,NIFTY26SEP24200PE,2026-08-26 13:05:00,177.6,2026-08-26 14:10:00,172.05,stop_loss,-6.55,-425.75,68.12,-493.87,0
IS,S5M_OF,OTM1,CE,NIFTY26SEP24350CE,2026-08-26 14:45:00,343.0,2026-08-26 15:20:00,328.05,next_choch,-15.95,-1036.75,87.24,-1123.99,0
IS,S5M_OF,OTM1,PE,NIFTY26SEP24150PE,2026-08-26 15:25:00,154.9,2026-08-27 13:10:00,181.35,next_choch,25.45,1654.25,68.32,1585.93,0
IS,S5M_OF,OTM1,PE,NIFTY26SEP24050PE,2026-08-27 15:25:00,184.85,2026-08-28 09:25:00,165.65,stop_loss,-20.2,-1313.0,67.74,-1380.74,0
IS,S5M_OF,OTM1,CE,NIFTY26SEP24200CE,2026-08-28 10:10:00,367.0,2026-08-28 11:25:00,331.45,stop_loss,-36.55,-2375.75,88.25,-2464.0,0
IS,S5M_OF,OTM1,PE,NIFTY26SEP24050PE,2026-08-28 11:55:00,192.0,2026-08-28 13:15:00,184.75,stop_loss,-8.25,-536.25,69.7,-605.95,0
IS,S5M_OF,OTM1,CE,NIFTY26SEP24150CE,2026-08-28 14:25:00,353.95,2026-08-28 15:00:00,354.85,next_choch,-0.1,-6.5,90.02,-96.52,0
IS,S5M_OF,OTM1,CE,NIFTY26SEP24250CE,2026-08-28 15:25:00,326.1,2026-08-31 09:15:00,249.0,stop_loss,-78.1,-5076.5,79.49,-5155.99,0
IS,S5M_OF,OTM1,PE,NIFTY26SEP23950PE,2026-08-31 09:40:00,182.05,2026-08-31 11:50:00,152.45,stop_loss,-30.6,-1989.0,66.45,-2055.45,0
IS,S5M_OF,OTM1,PE,NIFTY26SEP24000PE,2026-08-31 13:40:00,168.7,2026-08-31 14:45:00,159.95,stop_loss,-9.75,-633.75,66.75,-700.5,0
IS,S5M_OF,OTM1,PE,NIFTY26SEP24000PE,2026-09-01 09:20:00,191.8,2026-09-01 09:25:00,178.1,stop_loss,-14.7,-955.5,69.09,-1024.59,0
IS,S5M_OF,OTM1,PE,NIFTY26SEP24050PE,2026-09-01 13:00:00,183.2,2026-09-03 09:15:00,229.8,next_choch,45.6,2964.0,73.59,2890.41,0
IS,S5M_OF,OTM1,CE,NIFTY26SEP24050CE,2026-09-03 09:35:00,293.95,2026-09-03 10:35:00,271.0,stop_loss,-23.95,-1556.75,80.58,-1637.33,0
IS,S5M_OF,OTM1,PE,NIFTY26SEP23900PE,2026-09-03 11:00:00,183.25,2026-09-03 11:30:00,176.05,stop_loss,-8.2,-533.0,68.65,-601.65,0
IS,S5M_OF,OTM1,PE,NIFTY26SEP23850PE,2026-09-03 12:20:00,185.1,2026-09-03 13:10:00,171.55,stop_loss,-14.55,-945.75,68.29,-1014.04,0
IS,S5M_OF,OTM1,PE,NIFTY26SEP23800PE,2026-09-03 15:25:00,176.6,2026-09-04 09:15:00,148.6,stop_loss,-29.0,-1885.0,65.93,-1950.93,0
IS,S5M_OF,OTM1,CE,NIFTY26SEP24000CE,2026-09-04 09:50:00,284.7,2026-09-04 12:55:00,272.25,next_choch,-13.45,-874.25,80.43,-954.68,0
IS,S5M_OF,OTM1,CE,NIFTY26SEP24000CE,2026-09-04 14:25:00,286.65,2026-09-04 14:35:00,275.1,stop_loss,-12.55,-815.75,80.75,-896.5,0
IS,S5M_OF,OTM1,PE,NIFTY26SEP23900PE,2026-09-04 15:00:00,174.8,2026-09-04 15:15:00,169.65,stop_loss,-6.15,-399.75,67.82,-467.57,0
IS,S5M_OF,OTM1,PE,NIFTY26SEP23750PE,2026-09-07 10:10:00,167.75,2026-09-07 14:00:00,163.35,next_choch,-5.4,-351.0,67.03,-418.03,0
IS,S5M_OF,OTM1,PE,NIFTY26SEP23700PE,2026-09-07 14:35:00,156.15,2026-09-22 09:15:00,287.05,next_choch,129.9,8443.5,78.07,8365.43,0
IS,S5M_OF,OTM1,CE,NIFTY26SEP23500CE,2026-09-22 10:10:00,107.05,2026-09-22 10:20:00,99.5,stop_loss,-8.55,-555.75,59.41,-615.16,0
IS,S5M_OF,OTM1,PE,NIFTY26SEP23350PE,2026-09-22 10:30:00,91.65,2026-09-23 09:15:00,89.35,next_choch,-3.3,-214.5,58.03,-272.53,0
IS,S5M_OF,OTM1,PE,NIFTY26SEP23300PE,2026-09-23 09:50:00,88.1,2026-09-23 10:15:00,69.4,stop_loss,-19.7,-1280.5,56.1,-1336.6,0
IS,S5M_OF,OTM1,CE,NIFTY26SEP23450CE,2026-09-23 10:25:00,102.6,2026-09-23 14:45:00,107.85,next_choch,4.25,276.25,60.05,216.2,0
IS,S5M_OF,OTM1,PE,NIFTY26SEP23350PE,2026-09-23 15:00:00,71.85,2026-09-25 15:25:00,195.85,open,123.0,7995.0,67.25,7927.75,1
IS,S5M_OF,OTM2,PE,NIFTY26SEP24150PE,2026-08-26 13:05:00,162.35,2026-08-26 14:10:00,155.9,stop_loss,-7.45,-484.25,66.19,-550.44,0
IS,S5M_OF,OTM2,CE,NIFTY26SEP24400CE,2026-08-26 14:45:00,312.2,2026-08-26 15:20:00,300.7,next_choch,-12.5,-812.5,83.84,-896.34,0
IS,S5M_OF,OTM2,PE,NIFTY26SEP24100PE,2026-08-26 15:25:00,139.95,2026-08-27 13:10:00,165.25,next_choch,24.3,1579.5,66.41,1513.09,0
IS,S5M_OF,OTM2,PE,NIFTY26SEP24000PE,2026-08-27 15:25:00,168.7,2026-08-28 09:25:00,151.95,stop_loss,-17.75,-1153.75,66.01,-1219.76,0
IS,S5M_OF,OTM2,CE,NIFTY26SEP24250CE,2026-08-28 10:10:00,335.0,2026-08-28 11:25:00,301.8,stop_loss,-34.2,-2223.0,84.6,-2307.6,0
IS,S5M_OF,OTM2,PE,NIFTY26SEP24000PE,2026-08-28 11:55:00,175.5,2026-08-28 13:15:00,168.2,stop_loss,-8.3,-539.5,67.7,-607.2,0
IS,S5M_OF,OTM2,CE,NIFTY26SEP24200CE,2026-08-28 14:25:00,325.45,2026-08-28 15:00:00,325.65,next_choch,-0.8,-52.0,86.51,-138.51,0
IS,S5M_OF,OTM2,CE,NIFTY26SEP24300CE,2026-08-28 15:25:00,296.4,2026-08-31 09:15:00,222.6,stop_loss,-74.8,-4862.0,76.2,-4938.2,0
IS,S5M_OF,OTM2,PE,NIFTY26SEP23900PE,2026-08-31 09:40:00,164.6,2026-08-31 11:50:00,138.45,stop_loss,-27.15,-1764.75,64.65,-1829.4,0
IS,S5M_OF,OTM2,PE,NIFTY26SEP23950PE,2026-08-31 13:40:00,152.7,2026-08-31 14:45:00,143.75,stop_loss,-9.95,-646.75,64.8,-711.55,0
IS,S5M_OF,OTM2,PE,NIFTY26SEP23950PE,2026-09-01 09:20:00,172.0,2026-09-01 09:25:00,160.8,stop_loss,-12.2,-793.0,66.92,-859.92,0
IS,S5M_OF,OTM2,PE,NIFTY26SEP24000PE,2026-09-01 13:00:00,166.45,2026-09-03 09:15:00,208.25,next_choch,40.8,2652.0,71.13,2580.87,0
IS,S5M_OF,OTM2,CE,NIFTY26SEP24100CE,2026-09-03 09:35:00,267.5,2026-09-03 10:35:00,245.0,stop_loss,-23.5,-1527.5,77.42,-1604.92,0
IS,S5M_OF,OTM2,PE,NIFTY26SEP23850PE,2026-09-03 11:00:00,164.15,2026-09-03 11:30:00,160.2,stop_loss,-4.95,-321.75,66.64,-388.39,0
IS,S5M_OF,OTM2,PE,NIFTY26SEP23800PE,2026-09-03 12:20:00,167.8,2026-09-03 13:10:00,157.45,stop_loss,-11.35,-737.75,66.49,-804.24,0
IS,S5M_OF,OTM2,PE,NIFTY26SEP23750PE,2026-09-03 15:25:00,159.4,2026-09-04 09:15:00,134.05,stop_loss,-26.35,-1712.75,64.1,-1776.85,0
IS,S5M_OF,OTM2,CE,NIFTY26SEP24050CE,2026-09-04 09:50:00,254.1,2026-09-04 12:55:00,244.3,next_choch,-10.8,-702.0,76.97,-778.97,0
IS,S5M_OF,OTM2,CE,NIFTY26SEP24050CE,2026-09-04 14:25:00,257.65,2026-09-04 14:35:00,246.4,stop_loss,-12.25,-796.25,77.27,-873.52,0
IS,S5M_OF,OTM2,PE,NIFTY26SEP23850PE,2026-09-04 15:00:00,156.25,2026-09-04 15:15:00,152.1,stop_loss,-5.15,-334.75,65.67,-400.42,0
IS,S5M_OF,OTM2,PE,NIFTY26SEP23700PE,2026-09-07 10:10:00,149.45,2026-09-07 14:00:00,146.9,next_choch,-3.55,-230.75,64.99,-295.74,0
IS,S5M_OF,OTM2,PE,NIFTY26SEP23650PE,2026-09-07 14:35:00,139.5,2026-09-22 09:15:00,249.95,next_choch,109.45,7114.25,74.18,7040.07,0
IS,S5M_OF,OTM2,CE,NIFTY26SEP23550CE,2026-09-22 10:10:00,84.2,2026-09-22 10:20:00,77.6,stop_loss,-7.6,-494.0,56.74,-550.74,0
IS,S5M_OF,OTM2,PE,NIFTY26SEP23300PE,2026-09-22 10:30:00,74.5,2026-09-23 09:15:00,72.1,next_choch,-3.4,-221.0,55.95,-276.95,0
IS,S5M_OF,OTM2,PE,NIFTY26SEP23250PE,2026-09-23 09:50:00,71.15,2026-09-23 10:15:00,55.75,stop_loss,-16.4,-1066.0,54.35,-1120.35,0
IS,S5M_OF,OTM2,CE,NIFTY26SEP23500CE,2026-09-23 10:25:00,80.0,2026-09-23 14:45:00,82.9,next_choch,1.9,123.5,57.1,66.4,0
IS,S5M_OF,OTM2,PE,NIFTY26SEP23300PE,2026-09-23 15:00:00,57.1,2026-09-25 15:25:00,159.35,open,101.25,6581.25,63.47,6517.78,1
IS,S5M_OF,OTM3,PE,NIFTY26SEP24100PE,2026-08-26 13:05:00,147.45,2026-08-26 14:10:00,140.7,stop_loss,-7.75,-503.75,64.37,-568.12,0
IS,S5M_OF,OTM3,CE,NIFTY26SEP24450CE,2026-08-26 14:45:00,284.45,2026-08-26 15:20:00,272.2,next_choch,-13.25,-861.25,80.41,-941.66,0
IS,S5M_OF,OTM3,PE,NIFTY26SEP24050PE,2026-08-26 15:25:00,126.1,2026-08-27 13:10:00,151.1,next_choch,24.0,1560.0,64.7,1495.3,0
IS,S5M_OF,OTM3,PE,NIFTY26SEP23950PE,2026-08-27 15:25:00,152.45,2026-08-28 09:25:00,138.0,stop_loss,-15.45,-1004.25,64.26,-1068.51,0
IS,S5M_OF,OTM3,CE,NIFTY26SEP24300CE,2026-08-28 10:10:00,305.05,2026-08-28 11:25:00,274.3,stop_loss,-31.75,-2063.75,81.2,-2144.95,0
IS,S5M_OF,OTM3,PE,NIFTY26SEP23950PE,2026-08-28 11:55:00,158.25,2026-08-28 13:15:00,153.15,stop_loss,-6.1,-396.5,65.82,-462.32,0
IS,S5M_OF,OTM3,CE,NIFTY26SEP24250CE,2026-08-28 14:25:00,296.6,2026-08-28 15:00:00,297.0,next_choch,-0.6,-39.0,83.05,-122.05,0
IS,S5M_OF,OTM3,CE,NIFTY26SEP24350CE,2026-08-28 15:25:00,268.4,2026-08-31 09:15:00,200.3,stop_loss,-69.1,-4491.5,73.34,-4564.84,0
IS,S5M_OF,OTM3,PE,NIFTY26SEP23850PE,2026-08-31 09:40:00,149.65,2026-08-31 11:50:00,125.4,stop_loss,-25.25,-1641.25,63.02,-1704.27,0
IS,S5M_OF,OTM3,PE,NIFTY26SEP23900PE,2026-08-31 13:40:00,138.95,2026-08-31 14:45:00,131.35,stop_loss,-8.6,-559.0,63.26,-622.26,0
IS,S5M_OF,OTM3,PE,NIFTY26SEP23900PE,2026-09-01 09:20:00,158.5,2026-09-01 09:25:00,146.0,stop_loss,-13.5,-877.5,65.17,-942.67,0
IS,S5M_OF,OTM3,PE,NIFTY26SEP23950PE,2026-09-01 13:00:00,149.2,2026-09-03 09:15:00,190.45,next_choch,40.25,2616.25,68.99,2547.26,0
IS,S5M_OF,OTM3,CE,NIFTY26SEP24150CE,2026-09-03 09:35:00,239.8,2026-09-03 10:35:00,219.3,stop_loss,-21.5,-1397.5,74.26,-1471.76,0
IS,S5M_OF,OTM3,PE,NIFTY26SEP23800PE,2026-09-03 11:00:00,149.75,2026-09-03 11:30:00,143.15,stop_loss,-7.6,-494.0,64.66,-558.66,0
IS,S5M_OF,OTM3,PE,NIFTY26SEP23750PE,2026-09-03 12:20:00,150.9,2026-09-03 13:10:00,139.2,stop_loss,-12.7,-825.5,64.33,-889.83,0
IS,S5M_OF,OTM3,PE,NIFTY26SEP23700PE,2026-09-03 15:25:00,144.5,2026-09-04 09:15:00,120.2,stop_loss,-25.3,-1644.5,62.4,-1706.9,0
IS,S5M_OF,OTM3,CE,NIFTY26SEP24100CE,2026-09-04 09:50:00,230.9,2026-09-04 12:55:00,218.0,next_choch,-13.9,-903.5,73.88,-977.38,0
IS,S5M_OF,OTM3,CE,NIFTY26SEP24100CE,2026-09-04 14:25:00,231.3,2026-09-04 14:35:00,221.3,stop_loss,-11.0,-715.0,74.2,-789.2,0
IS,S5M_OF,OTM3,PE,NIFTY26SEP23800PE,2026-09-04 15:00:00,141.3,2026-09-04 15:15:00,137.15,stop_loss,-5.15,-334.75,63.86,-398.61,0
IS,S5M_OF,OTM3,PE,NIFTY26SEP23650PE,2026-09-07 10:10:00,133.8,2026-09-07 14:00:00,131.2,next_choch,-3.6,-234.0,63.1,-297.1,0
IS,S5M_OF,OTM3,PE,NIFTY26SEP23600PE,2026-09-07 14:35:00,124.7,2026-09-22 09:15:00,216.0,next_choch,90.3,5869.5,70.63,5798.87,0
IS,S5M_OF,OTM3,CE,NIFTY26SEP23600CE,2026-09-22 10:10:00,64.85,2026-09-22 10:20:00,59.45,stop_loss,-6.4,-416.0,54.51,-470.51,0
IS,S5M_OF,OTM3,PE,NIFTY26SEP23250PE,2026-09-22 10:30:00,60.85,2026-09-23 09:15:00,58.0,next_choch,-3.85,-250.25,54.26,-304.51,0
IS,S5M_OF,OTM3,PE,NIFTY26SEP23200PE,2026-09-23 09:50:00,57.3,2026-09-23 10:15:00,44.35,stop_loss,-13.95,-906.75,52.9,-959.65,0
IS,S5M_OF,OTM3,CE,NIFTY26SEP23550CE,2026-09-23 10:25:00,60.35,2026-09-23 14:45:00,62.8,next_choch,1.45,94.25,54.69,39.56,0
IS,S5M_OF,OTM3,PE,NIFTY26SEP23250PE,2026-09-23 15:00:00,44.7,2026-09-25 15:25:00,127.75,open,82.05,5333.25,60.21,5273.04,1
IS,S5M_OF,OTM4,PE,NIFTY26SEP24050PE,2026-08-26 13:05:00,131.95,2026-08-26 14:10:00,126.4,stop_loss,-6.55,-425.75,62.6,-488.35,0
IS,S5M_OF,OTM4,CE,NIFTY26SEP24500CE,2026-08-26 14:45:00,257.95,2026-08-26 15:20:00,247.7,next_choch,-11.25,-731.25,77.4,-808.65,0
IS,S5M_OF,OTM4,PE,NIFTY26SEP24000PE,2026-08-26 15:25:00,116.05,2026-08-27 13:10:00,136.8,next_choch,19.75,1283.75,63.1,1220.65,0
IS,S5M_OF,OTM4,PE,NIFTY26SEP23900PE,2026-08-27 15:25:00,139.0,2026-08-28 09:25:00,125.1,stop_loss,-14.9,-968.5,62.69,-1031.19,0
IS,S5M_OF,OTM4,CE,NIFTY26SEP24350CE,2026-08-28 10:10:00,277.75,2026-08-28 11:25:00,248.95,stop_loss,-29.8,-1937.0,78.08,-2015.08,0
IS,S5M_OF,OTM4,PE,NIFTY26SEP23900PE,2026-08-28 11:55:00,144.85,2026-08-28 13:15:00,138.95,stop_loss,-6.9,-448.5,64.13,-512.63,0
IS,S5M_OF,OTM4,CE,NIFTY26SEP24300CE,2026-08-28 14:25:00,268.85,2026-08-28 15:00:00,268.25,next_choch,-1.6,-104.0,79.6,-183.6,0
IS,S5M_OF,OTM4,CE,NIFTY26SEP24400CE,2026-08-28 15:25:00,242.1,2026-08-31 09:15:00,180.0,stop_loss,-63.1,-4101.5,70.71,-4172.21,0
IS,S5M_OF,OTM4,PE,NIFTY26SEP23800PE,2026-08-31 09:40:00,135.4,2026-08-31 11:50:00,114.0,stop_loss,-22.4,-1456.0,61.56,-1517.56,0
IS,S5M_OF,OTM4,PE,NIFTY26SEP23850PE,2026-08-31 13:40:00,124.25,2026-08-31 14:45:00,118.65,stop_loss,-6.6,-429.0,61.67,-490.67,0
IS,S5M_OF,OTM4,PE,NIFTY26SEP23850PE,2026-09-01 09:20:00,142.9,2026-09-01 09:25:00,132.45,stop_loss,-11.45,-744.25,63.48,-807.73,0
IS,S5M_OF,OTM4,PE,NIFTY26SEP23900PE,2026-09-01 13:00:00,135.2,2026-09-03 09:15:00,170.0,next_choch,33.8,2197.0,66.71,2130.29,0
IS,S5M_OF,OTM4,CE,NIFTY26SEP24200CE,2026-09-03 09:35:00,214.55,2026-09-03 10:35:00,197.5,stop_loss,-18.05,-1173.25,71.53,-1244.78,0
IS,S5M_OF,OTM4,PE,NIFTY26SEP23750PE,2026-09-03 11:00:00,135.25,2026-09-03 11:30:00,129.5,stop_loss,-6.75,-438.75,62.98,-501.73,0
IS,S5M_OF,OTM4,PE,NIFTY26SEP23700PE,2026-09-03 12:20:00,137.15,2026-09-03 13:10:00,128.1,stop_loss,-10.05,-653.25,62.91,-716.16,0
IS,S5M_OF,OTM4,PE,NIFTY26SEP23650PE,2026-09-03 15:25:00,128.1,2026-09-04 09:15:00,107.7,stop_loss,-21.4,-1391.0,60.77,-1451.77,0
IS,S5M_OF,OTM4,CE,NIFTY26SEP24150CE,2026-09-04 09:50:00,205.85,2026-09-04 12:55:00,195.55,next_choch,-11.3,-734.5,71.1,-805.6,0
IS,S5M_OF,OTM4,CE,NIFTY26SEP24150CE,2026-09-04 14:25:00,207.75,2026-09-04 14:35:00,199.15,stop_loss,-9.6,-624.0,71.48,-695.48,0
IS,S5M_OF,OTM4,PE,NIFTY26SEP23750PE,2026-09-04 15:00:00,126.45,2026-09-04 15:15:00,122.6,stop_loss,-4.85,-315.25,62.09,-377.34,0
IS,S5M_OF,OTM4,PE,NIFTY26SEP23600PE,2026-09-07 10:10:00,118.55,2026-09-07 14:00:00,116.95,next_choch,-2.6,-169.0,61.35,-230.35,0
IS,S5M_OF,OTM4,PE,NIFTY26SEP23550PE,2026-09-07 14:35:00,109.65,2026-09-22 09:15:00,184.3,next_choch,73.65,4787.25,67.28,4719.97,0
IS,S5M_OF,OTM4,CE,NIFTY26SEP23650CE,2026-09-22 10:10:00,48.8,2026-09-22 10:20:00,44.35,stop_loss,-5.45,-354.25,52.66,-406.91,0
IS,S5M_OF,OTM4,PE,NIFTY26SEP23200PE,2026-09-22 10:30:00,49.6,2026-09-23 09:15:00,46.45,next_choch,-4.15,-269.75,52.87,-322.62,0
IS,S5M_OF,OTM4,PE,NIFTY26SEP23150PE,2026-09-23 09:50:00,45.95,2026-09-23 10:15:00,35.45,stop_loss,-11.5,-747.5,51.76,-799.26,0
IS,S5M_OF,OTM4,CE,NIFTY26SEP23600CE,2026-09-23 10:25:00,45.1,2026-09-23 14:45:00,46.0,next_choch,-0.1,-6.5,52.7,-59.2,0
IS,S5M_OF,OTM4,PE,NIFTY26SEP23200PE,2026-09-23 15:00:00,35.2,2026-09-25 15:25:00,99.8,open,63.6,4134.0,57.36,4076.64,1
OOS,S5M_OF,ATR2,CE,NIFTY26SEP24350CE,2026-07-08 10:40:00,665.0,2026-07-08 11:50:00,665.0,stop_loss,-1.0,-65.0,127.53,-192.53,0
OOS,S5M_OF,ATR2,CE,NIFTY26SEP24150CE,2026-07-09 10:40:00,717.2,2026-07-09 10:45:00,717.2,stop_loss,-1.0,-65.0,133.83,-198.83,0
OOS,S5M_OF,ATR2,CE,NIFTY26SEP24100CE,2026-07-09 13:45:00,702.05,2026-07-09 13:50:00,702.05,stop_loss,-1.0,-65.0,132.0,-197.0,0
OOS,S5M_OF,ATR2,PE,NIFTY26SEP24000PE,2026-07-09 14:20:00,417.05,2026-07-09 14:30:00,411.3,stop_loss,-6.75,-438.75,97.04,-535.79,0
OOS,S5M_OF,ATR2,CE,NIFTY26SEP24200CE,2026-07-13 12:00:00,669.85,2026-07-13 15:15:00,707.95,next_choch,37.1,2411.5,131.62,2279.88,0
OOS,S5M_OF,ATR2,PE,NIFTY26SEP24150PE,2026-07-13 15:20:00,406.8,2026-07-13 15:25:00,406.8,stop_loss,-1.0,-65.0,96.33,-161.33,0
OOS,S5M_OF,ATR2,PE,NIFTY26SEP24150PE,2026-07-15 11:10:00,413.15,2026-07-15 11:30:00,413.15,stop_loss,-1.0,-65.0,97.09,-162.09,0
OOS,S5M_OF,ATR2,PE,NIFTY26SEP24100PE,2026-07-15 12:35:00,413.0,2026-07-16 09:15:00,402.5,next_choch,-11.5,-747.5,96.11,-843.61,0
OOS,S5M_OF,ATR2,CE,NIFTY26SEP24200CE,2026-07-16 10:55:00,662.3,2026-07-16 13:25:00,635.0,stop_loss,-28.3,-1839.5,124.69,-1964.19,0
OOS,S5M_OF,ATR2,CE,NIFTY26SEP24300CE,2026-07-17 10:15:00,647.65,2026-07-17 11:10:00,624.0,stop_loss,-24.65,-1602.25,123.26,-1725.51,0
OOS,S5M_OF,ATR2,PE,NIFTY26SEP24150PE,2026-07-20 09:25:00,418.75,2026-07-20 10:15:00,418.75,stop_loss,-1.0,-65.0,97.77,-162.77,0
OOS,S5M_OF,ATR2,CE,NIFTY26SEP24300CE,2026-07-20 15:20:00,640.45,2026-07-21 09:15:00,639.0,stop_loss,-2.45,-159.25,124.43,-283.68,0
OOS,S5M_OF,ATR2,PE,NIFTY26SEP24200PE,2026-07-21 09:30:00,402.2,2026-07-27 11:00:00,522.0,next_choch,118.8,7722.0,106.79,7615.21,0
OOS,S5M_OF,ATR2,CE,NIFTY26SEP24000CE,2026-07-27 11:15:00,580.0,2026-07-27 12:40:00,585.45,next_choch,4.45,289.25,117.76,171.49,0
OOS,S5M_OF,ATR2,CE,NIFTY26SEP24000CE,2026-07-27 13:15:00,593.0,2026-07-27 13:25:00,580.0,stop_loss,-14.0,-910.0,117.63,-1027.63,0
OOS,S5M_OF,ATR2,PE,NIFTY26SEP23900PE,2026-07-27 13:30:00,376.0,2026-07-27 14:00:00,359.85,stop_loss,-17.15,-1114.75,91.12,-1205.87,0
OOS,S5M_OF,ATR2,CE,NIFTY26SEP24000CE,2026-07-27 14:05:00,599.9,2026-07-28 10:05:00,596.35,next_choch,-4.55,-295.75,119.33,-415.08,0
OOS,S5M_OF,ATR2,CE,NIFTY26SEP24050CE,2026-07-28 10:40:00,598.8,2026-07-28 13:10:00,600.6,next_choch,0.8,52.0,119.69,-67.69,0
OOS,S5M_OF,ATR2,PE,NIFTY26SEP23950PE,2026-07-28 13:15:00,346.35,2026-07-28 13:50:00,355.4,next_choch,8.05,523.25,89.85,433.4,0
OOS,S5M_OF,ATR2,PE,NIFTY26SEP24400PE,2026-08-11 11:05:00,285.0,2026-08-11 11:40:00,281.95,next_choch,-4.05,-263.25,81.33,-344.58,0
OOS,S5M_OF,ATR2,CE,NIFTY26SEP24500CE,2026-08-11 11:45:00,486.75,2026-08-11 11:50:00,482.3,stop_loss,-5.45,-354.25,105.58,-459.83,0
OOS,S5M_OF,ATR2,CE,NIFTY26SEP24500CE,2026-08-11 12:45:00,485.9,2026-08-11 13:55:00,486.0,next_choch,-0.9,-58.5,105.89,-164.39,0
OOS,S5M_OF,ATR2,PE,NIFTY26SEP24350PE,2026-08-12 09:55:00,275.9,2026-08-13 10:50:00,283.65,next_choch,6.75,438.75,81.22,357.53,0
OOS,S5M_OF,ATR2,CE,NIFTY26SEP24400CE,2026-08-13 11:40:00,467.7,2026-08-13 13:30:00,481.1,next_choch,12.4,806.0,104.92,701.08,0
OOS,S5M_OF,ATR2,CE,NIFTY26SEP24400CE,2026-08-13 13:40:00,495.15,2026-08-13 14:45:00,488.1,stop_loss,-8.05,-523.25,106.35,-629.6,0
OOS,S5M_OF,ATR2,PE,NIFTY26SEP24250PE,2026-08-14 09:25:00,249.95,2026-08-14 10:10:00,234.9,next_choch,-16.05,-1043.25,75.99,-1119.24,0
OOS,S5M_OF,ATR2,PE,NIFTY26SEP24300PE,2026-08-14 10:55:00,262.7,2026-08-14 12:10:00,253.8,next_choch,-9.9,-643.5,78.09,-721.59,0
OOS,S5M_OF,ATR2,CE,NIFTY26SEP24400CE,2026-08-14 12:20:00,440.75,2026-08-14 12:40:00,432.3,stop_loss,-9.45,-614.25,99.65,-713.9,0
OOS,S5M_OF,ATR2,CE,NIFTY26SEP24400CE,2026-08-14 13:45:00,466.85,2026-08-17 09:15:00,402.0,stop_loss,-65.85,-4280.25,97.62,-4377.87,0
OOS,S5M_OF,ATR2,PE,NIFTY26SEP24250PE,2026-08-17 09:30:00,252.95,2026-08-17 12:15:00,253.6,next_choch,-0.35,-22.75,77.79,-100.54,0
OOS,S5M_OF,ATR2,CE,NIFTY26SEP24300CE,2026-08-17 12:25:00,449.5,2026-08-18 09:15:00,402.55,stop_loss,-47.95,-3116.75,97.17,-3213.92,0
OOS,S5M_OF,ATR2,PE,NIFTY26SEP24200PE,2026-08-18 09:30:00,248.9,2026-08-20 10:10:00,220.0,next_choch,-29.9,-1943.5,74.59,-2018.09,0
OOS,S5M_OF,ATR2,CE,NIFTY26SEP24250CE,2026-08-20 11:45:00,384.2,2026-08-20 12:35:00,387.2,next_choch,2.0,130.0,93.87,36.13,0
OOS,S5M_OF,ATR2,CE,NIFTY26SEP24250CE,2026-08-20 12:45:00,407.0,2026-08-20 14:15:00,399.95,next_choch,-8.05,-523.25,95.7,-618.95,0
OOS,S5M_OF,ATR2,PE,NIFTY26SEP24200PE,2026-08-20 15:05:00,214.0,2026-08-21 09:15:00,220.85,stop_loss,5.85,380.25,73.66,306.59,0
OOS,S5M_OF,ATR2,PE,NIFTY26SEP24200PE,2026-08-21 09:30:00,235.55,2026-08-21 09:50:00,220.5,stop_loss,-16.05,-1043.25,74.25,-1117.5,0
OOS,S5M_OF,ATR2,CE,NIFTY26SEP24300CE,2026-08-21 10:25:00,362.9,2026-08-21 11:40:00,356.95,next_choch,-6.95,-451.75,90.47,-542.22,0
OOS,S5M_OF,ATR2,PE,NIFTY26SEP24200PE,2026-08-21 11:50:00,217.15,2026-08-21 13:05:00,212.0,stop_loss,-6.15,-399.75,72.94,-472.69,0
OOS,S5M_OF,ATR2,PE,NIFTY26SEP24200PE,2026-08-21 15:20:00,215.25,2026-08-24 09:15:00,190.7,stop_loss,-25.55,-1660.75,70.92,-1731.67,0
OOS,S5M_OF,ATR2,PE,NIFTY26SEP24250PE,2026-08-24 10:50:00,218.85,2026-08-25 09:20:00,256.3,next_choch,36.45,2369.25,77.06,2292.19,0
OOS,S5M_OF,ATR2,CE,NIFTY26SEP24250CE,2026-08-25 09:30:00,343.9,2026-08-25 09:40:00,328.05,stop_loss,-16.85,-1095.25,87.27,-1182.52,0
OOS,S5M_OF,ATR2,CE,NIFTY26SEP24200CE,2026-08-25 11:35:00,357.3,2026-08-25 13:10:00,343.95,stop_loss,-14.35,-932.75,89.12,-1021.87,0
OOS,S5M_OF,ATR2,CE,NIFTY26SEP24250CE,2026-08-25 14:30:00,363.9,2026-08-25 15:25:00,419.1,open,54.2,3523.0,96.22,3426.78,1
OOS,S5M_OF,ATM,PE,NIFTY26SEP24200PE,2026-07-08 09:35:00,420.05,2026-07-08 09:50:00,407.6,stop_loss,-13.45,-874.25,96.78,-971.03,0
OOS,S5M_OF,ATM,CE,NIFTY26SEP24300CE,2026-07-08 10:40:00,701.1,2026-07-08 11:50:00,694.0,stop_loss,-8.1,-526.5,131.24,-657.74,0
OOS,S5M_OF,ATM,PE,NIFTY26SEP24200PE,2026-07-08 12:20:00,413.05,2026-07-08 13:05:00,410.0,stop_loss,-4.05,-263.25,96.8,-360.05,0
OOS,S5M_OF,ATM,CE,NIFTY26SEP24100CE,2026-07-09 10:40:00,747.95,2026-07-09 10:45:00,747.95,stop_loss,-1.0,-65.0,137.55,-202.55,0
OOS,S5M_OF,ATM,CE,NIFTY26SEP24050CE,2026-07-09 13:45:00,732.65,2026-07-09 13:50:00,728.0,stop_loss,-5.65,-367.25,135.27,-502.52,0
OOS,S5M_OF,ATM,PE,NIFTY26SEP24050PE,2026-07-09 14:20:00,435.85,2026-07-09 14:30:00,442.0,stop_loss,5.15,334.75,100.4,234.35,0
OOS,S5M_OF,ATM,CE,NIFTY26SEP24200CE,2026-07-10 09:30:00,687.7,2026-07-13 09:15:00,600.0,stop_loss,-88.7,-5765.5,122.21,-5887.71,0
OOS,S5M_OF,ATM,CE,NIFTY26SEP24150CE,2026-07-13 12:00:00,689.2,2026-07-13 15:15:00,750.0,next_choch,59.8,3887.0,136.04,3750.96,0
OOS,S5M_OF,ATM,PE,NIFTY26SEP24200PE,2026-07-13 15:20:00,428.55,2026-07-13 15:25:00,426.3,stop_loss,-3.25,-211.25,98.75,-310.0,0
OOS,S5M_OF,ATM,PE,NIFTY26SEP24150PE,2026-07-15 11:10:00,413.15,2026-07-15 11:30:00,413.15,stop_loss,-1.0,-65.0,97.09,-162.09,0
OOS,S5M_OF,ATM,CE,NIFTY26SEP24150CE,2026-07-16 10:55:00,670.0,2026-07-16 13:25:00,646.45,stop_loss,-24.55,-1595.75,125.97,-1721.72,0
OOS,S5M_OF,ATM,CE,NIFTY26SEP24250CE,2026-07-17 10:15:00,644.65,2026-07-17 11:10:00,685.85,stop_loss,40.2,2613.0,128.86,2484.14,0
OOS,S5M_OF,ATM,PE,NIFTY26SEP24200PE,2026-07-20 09:25:00,439.0,2026-07-20 10:15:00,426.8,stop_loss,-13.2,-858.0,99.1,-957.1,0
OOS,S5M_OF,ATM,PE,NIFTY26SEP24250PE,2026-07-21 09:30:00,418.75,2026-07-27 11:00:00,540.25,next_choch,120.5,7832.5,108.94,7723.56,0
OOS,S5M_OF,ATM,CE,NIFTY26SEP23950CE,2026-07-27 11:15:00,603.9,2026-07-27 12:40:00,612.95,next_choch,8.05,523.25,120.98,402.27,0
OOS,S5M_OF,ATM,CE,NIFTY26SEP23950CE,2026-07-27 13:15:00,616.35,2026-07-27 13:25:00,611.25,stop_loss,-6.1,-396.5,121.18,-517.68,0
OOS,S5M_OF,ATM,PE,NIFTY26SEP23950PE,2026-07-27 13:30:00,393.4,2026-07-27 14:00:00,393.4,stop_loss,-1.0,-65.0,94.71,-159.71,0
OOS,S5M_OF,ATM,CE,NIFTY26SEP24000CE,2026-07-27 14:05:00,599.9,2026-07-28 10:05:00,596.35,next_choch,-4.55,-295.75,119.33,-415.08,0
OOS,S5M_OF,ATM,CE,NIFTY26SEP24000CE,2026-07-28 10:40:00,620.0,2026-07-28 13:10:00,608.35,next_choch,-12.65,-822.25,121.02,-943.27,0
OOS,S5M_OF,ATM,PE,NIFTY26SEP24000PE,2026-07-28 13:15:00,380.7,2026-07-28 13:50:00,373.1,next_choch,-8.6,-559.0,92.47,-651.47,0
OOS,S5M_OF,ATM,CE,NIFTY26SEP24000CE,2026-07-28 15:20:00,618.05,2026-08-11 11:00:00,822.05,next_choch,203.0,13195.0,140.61,13054.39,0
OOS,S5M_OF,ATM,PE,NIFTY26SEP24450PE,2026-08-11 11:05:00,300.9,2026-08-11 11:40:00,298.0,next_choch,-3.9,-253.5,83.26,-336.76,0
OOS,S5M_OF,ATM,CE,NIFTY26SEP24450CE,2026-08-11 11:45:00,516.0,2026-08-11 11:50:00,516.0,stop_loss,-1.0,-65.0,109.52,-174.52,0
OOS,S5M_OF,ATM,CE,NIFTY26SEP24450CE,2026-08-11 12:45:00,518.0,2026-08-11 13:55:00,520.35,next_choch,1.35,87.75,109.98,-22.23,0
OOS,S5M_OF,ATM,PE,NIFTY26SEP24400PE,2026-08-12 09:55:00,293.15,2026-08-13 10:50:00,294.75,next_choch,0.6,39.0,82.74,-43.74,0
OOS,S5M_OF,ATM,CE,NIFTY26SEP24350CE,2026-08-13 11:40:00,498.1,2026-08-13 13:30:00,513.25,next_choch,14.15,919.75,108.75,811.0,0
OOS,S5M_OF,ATM,CE,NIFTY26SEP24400CE,2026-08-13 13:40:00,495.15,2026-08-13 14:45:00,488.1,stop_loss,-8.05,-523.25,106.35,-629.6,0
OOS,S5M_OF,ATM,PE,NIFTY26SEP24300PE,2026-08-14 09:25:00,267.7,2026-08-14 10:10:00,254.0,next_choch,-14.7,-955.5,78.26,-1033.76,0
OOS,S5M_OF,ATM,PE,NIFTY26SEP24300PE,2026-08-14 10:55:00,262.7,2026-08-14 12:10:00,253.8,next_choch,-9.9,-643.5,78.09,-721.59,0
OOS,S5M_OF,ATM,CE,NIFTY26SEP24350CE,2026-08-14 12:20:00,474.65,2026-08-14 12:40:00,467.35,stop_loss,-8.3,-539.5,103.85,-643.35,0
OOS,S5M_OF,ATM,CE,NIFTY26SEP24400CE,2026-08-14 13:45:00,466.85,2026-08-17 09:15:00,402.0,stop_loss,-65.85,-4280.25,97.62,-4377.87,0
OOS,S5M_OF,ATM,PE,NIFTY26SEP24300PE,2026-08-17 09:30:00,270.0,2026-08-17 12:15:00,265.9,next_choch,-5.1,-331.5,79.42,-410.92,0
OOS,S5M_OF,ATM,CE,NIFTY26SEP24300CE,2026-08-17 12:25:00,449.5,2026-08-18 09:15:00,402.55,stop_loss,-47.95,-3116.75,97.17,-3213.92,0
OOS,S5M_OF,ATM,PE,NIFTY26SEP24250PE,2026-08-18 09:30:00,271.65,2026-08-20 10:10:00,240.0,next_choch,-32.65,-2122.25,77.08,-2199.33,0
OOS,S5M_OF,ATM,CE,NIFTY26SEP24200CE,2026-08-20 11:45:00,413.95,2026-08-20 12:35:00,418.0,next_choch,3.05,198.25,97.56,100.69,0
OOS,S5M_OF,ATM,CE,NIFTY26SEP24250CE,2026-08-20 12:45:00,407.0,2026-08-20 14:15:00,399.95,next_choch,-8.05,-523.25,95.7,-618.95,0
OOS,S5M_OF,ATM,PE,NIFTY26SEP24200PE,2026-08-20 15:05:00,214.0,2026-08-21 09:15:00,220.85,stop_loss,5.85,380.25,73.66,306.59,0
OOS,S5M_OF,ATM,PE,NIFTY26SEP24200PE,2026-08-21 09:30:00,235.55,2026-08-21 09:50:00,220.5,stop_loss,-16.05,-1043.25,74.25,-1117.5,0
OOS,S5M_OF,ATM,CE,NIFTY26SEP24250CE,2026-08-21 10:25:00,395.4,2026-08-21 11:40:00,388.25,next_choch,-8.15,-529.75,94.29,-624.04,0
OOS,S5M_OF,ATM,PE,NIFTY26SEP24250PE,2026-08-21 11:50:00,234.25,2026-08-21 13:05:00,230.15,stop_loss,-5.1,-331.5,75.1,-406.6,0
OOS,S5M_OF,ATM,PE,NIFTY26SEP24250PE,2026-08-21 15:20:00,232.05,2026-08-24 09:15:00,208.0,stop_loss,-25.05,-1628.25,73.0,-1701.25,0
OOS,S5M_OF,ATM,PE,NIFTY26SEP24250PE,2026-08-24 10:50:00,218.85,2026-08-25 09:20:00,256.3,next_choch,36.45,2369.25,77.06,2292.19,0
OOS,S5M_OF,ATM,CE,NIFTY26SEP24200CE,2026-08-25 09:30:00,374.75,2026-08-25 09:40:00,356.5,stop_loss,-19.25,-1251.25,90.78,-1342.03,0
OOS,S5M_OF,ATM,CE,NIFTY26SEP24150CE,2026-08-25 11:35:00,388.0,2026-08-25 13:10:00,373.9,stop_loss,-15.1,-981.5,92.76,-1074.26,0
OOS,S5M_OF,ATM,CE,NIFTY26SEP24200CE,2026-08-25 14:30:00,397.55,2026-08-25 15:25:00,455.35,open,56.8,3692.0,100.52,3591.48,1
OOS,S5M_OF,ITM2,PE,NIFTY26SEP24300PE,2026-07-08 09:35:00,458.0,2026-07-08 09:50:00,438.0,stop_loss,-21.0,-1365.0,100.67,-1465.67,0
OOS,S5M_OF,ITM2,CE,NIFTY26SEP24200CE,2026-07-08 10:40:00,759.6,2026-07-08 11:50:00,765.0,stop_loss,4.4,286.0,139.45,146.55,0
OOS,S5M_OF,ITM2,PE,NIFTY26SEP24300PE,2026-07-08 12:20:00,449.15,2026-07-08 13:05:00,445.0,stop_loss,-5.15,-334.75,101.06,-435.81,0
OOS,S5M_OF,ITM2,CE,NIFTY26SEP24000CE,2026-07-09 10:40:00,772.2,2026-07-09 10:45:00,739.75,stop_loss,-33.45,-2174.25,137.5,-2311.75,0
OOS,S5M_OF,ITM2,PE,NIFTY26SEP24150PE,2026-07-09 14:20:00,486.85,2026-07-09 14:30:00,486.85,stop_loss,-1.0,-65.0,106.0,-171.0,0
OOS,S5M_OF,ITM2,CE,NIFTY26SEP24050CE,2026-07-13 12:00:00,745.5,2026-07-13 15:15:00,745.5,next_choch,-1.0,-65.0,137.25,-202.25,0
OOS,S5M_OF,ITM2,PE,NIFTY26SEP24300PE,2026-07-13 15:20:00,468.0,2026-07-13 15:25:00,468.0,stop_loss,-1.0,-65.0,103.72,-168.72,0
OOS,S5M_OF,ITM2,PE,NIFTY26SEP24250PE,2026-07-15 11:10:00,457.6,2026-07-15 11:30:00,457.6,stop_loss,-1.0,-65.0,102.46,-167.46,0
OOS,S5M_OF,ITM2,CE,NIFTY26SEP24050CE,2026-07-16 10:55:00,751.0,2026-07-16 13:25:00,712.1,stop_loss,-39.9,-2593.5,134.34,-2727.84,0
OOS,S5M_OF,ITM2,CE,NIFTY26SEP24150CE,2026-07-17 10:15:00,692.25,2026-07-17 11:10:00,721.0,stop_loss,27.75,1803.75,133.46,1670.29,0
OOS,S5M_OF,ITM2,PE,NIFTY26SEP24300PE,2026-07-20 09:25:00,478.95,2026-07-20 10:15:00,481.45,stop_loss,1.5,97.5,105.27,-7.77,0
OOS,S5M_OF,ITM2,CE,NIFTY26SEP24150CE,2026-07-20 15:20:00,728.65,2026-07-21 09:15:00,726.2,stop_loss,-3.45,-224.25,134.99,-359.24,0
OOS,S5M_OF,ITM2,CE,NIFTY26SEP23850CE,2026-07-27 11:15:00,661.1,2026-07-27 12:40:00,661.1,next_choch,-1.0,-65.0,127.06,-192.06,0
OOS,S5M_OF,ITM2,CE,NIFTY26SEP23850CE,2026-07-27 13:15:00,670.0,2026-07-27 13:25:00,670.0,stop_loss,-1.0,-65.0,128.13,-193.13,0
OOS,S5M_OF,ITM2,PE,NIFTY26SEP24050PE,2026-07-27 13:30:00,422.05,2026-07-27 14:00:00,421.05,stop_loss,-2.0,-130.0,98.08,-228.08,0
OOS,S5M_OF,ITM2,CE,NIFTY26SEP23900CE,2026-07-27 14:05:00,660.5,2026-07-28 10:05:00,659.65,next_choch,-1.85,-120.25,126.9,-247.15,0
OOS,S5M_OF,ITM2,CE,NIFTY26SEP23900CE,2026-07-28 10:40:00,675.9,2026-07-28 13:10:00,693.85,next_choch,16.95,1101.75,130.49,971.26,0
OOS,S5M_OF,ITM2,PE,NIFTY26SEP24100PE,2026-07-28 13:15:00,423.3,2026-07-28 13:50:00,418.05,next_choch,-6.25,-406.25,97.84,-504.09,0
OOS,S5M_OF,ITM2,CE,NIFTY26SEP23900CE,2026-07-28 15:20:00,689.55,2026-08-11 11:00:00,914.35,next_choch,223.8,14547.0,151.16,14395.84,0
OOS,S5M_OF,ITM2,PE,NIFTY26SEP24550PE,2026-08-11 11:05:00,343.0,2026-08-11 11:40:00,342.65,next_choch,-1.35,-87.75,88.58,-176.33,0
OOS,S5M_OF,ITM2,CE,NIFTY26SEP24350CE,2026-08-11 11:45:00,579.0,2026-08-11 11:50:00,572.2,stop_loss,-7.8,-507.0,116.51,-623.51,0
OOS,S5M_OF,ITM2,CE,NIFTY26SEP24350CE,2026-08-11 12:45:00,573.8,2026-08-11 13:55:00,585.45,next_choch,10.65,692.25,117.58,574.67,0
OOS,S5M_OF,ITM2,PE,NIFTY26SEP24500PE,2026-08-12 09:55:00,334.75,2026-08-13 10:50:00,334.1,next_choch,-1.65,-107.25,87.56,-194.81,0
OOS,S5M_OF,ITM2,CE,NIFTY26SEP24250CE,2026-08-13 11:40:00,552.05,2026-08-13 13:30:00,580.0,next_choch,26.95,1751.75,116.45,1635.3,0
OOS,S5M_OF,ITM2,CE,NIFTY26SEP24300CE,2026-08-13 13:40:00,563.3,2026-08-13 14:45:00,550.1,stop_loss,-14.2,-923.0,114.02,-1037.02,0
OOS,S5M_OF,ITM2,PE,NIFTY26SEP24400PE,2026-08-14 09:25:00,306.7,2026-08-14 10:10:00,290.95,next_choch,-16.75,-1088.75,82.78,-1171.53,0
OOS,S5M_OF,ITM2,PE,NIFTY26SEP24400PE,2026-08-14 10:55:00,300.0,2026-08-14 12:10:00,291.25,next_choch,-9.75,-633.75,82.62,-716.37,0
OOS,S5M_OF,ITM2,CE,NIFTY26SEP24250CE,2026-08-14 12:20:00,527.75,2026-08-14 12:40:00,527.75,stop_loss,-1.0,-65.0,110.94,-175.94,0
OOS,S5M_OF,ITM2,CE,NIFTY26SEP24300CE,2026-08-14 13:45:00,531.75,2026-08-17 09:15:00,463.0,stop_loss,-69.75,-4533.75,105.1,-4638.85,0
OOS,S5M_OF,ITM2,PE,NIFTY26SEP24400PE,2026-08-17 09:30:00,309.9,2026-08-17 12:15:00,304.6,next_choch,-6.3,-409.5,84.13,-493.63,0
OOS,S5M_OF,ITM2,CE,NIFTY26SEP24200CE,2026-08-17 12:25:00,516.0,2026-08-18 09:15:00,463.0,stop_loss,-54.0,-3510.0,104.65,-3614.65,0
OOS,S5M_OF,ITM2,PE,NIFTY26SEP24350PE,2026-08-18 09:30:00,312.0,2026-08-20 10:10:00,280.95,next_choch,-32.05,-2083.25,82.02,-2165.27,0
OOS,S5M_OF,ITM2,CE,NIFTY26SEP24100CE,2026-08-20 11:45:00,478.0,2026-08-20 12:35:00,475.8,next_choch,-3.2,-208.0,104.73,-312.73,0
OOS,S5M_OF,ITM2,CE,NIFTY26SEP24150CE,2026-08-20 12:45:00,475.0,2026-08-20 14:15:00,465.0,next_choch,-11.0,-715.0,103.65,-818.65,0
OOS,S5M_OF,ITM2,PE,NIFTY26SEP24300PE,2026-08-20 15:05:00,250.9,2026-08-21 09:15:00,260.25,stop_loss,8.35,542.75,78.35,464.4,0
OOS,S5M_OF,ITM2,PE,NIFTY26SEP24300PE,2026-08-21 09:30:00,276.0,2026-08-21 09:50:00,259.0,stop_loss,-18.0,-1170.0,78.96,-1248.96,0
OOS,S5M_OF,ITM2,CE,NIFTY26SEP24150CE,2026-08-21 10:25:00,440.85,2026-08-21 11:40:00,455.0,next_choch,13.15,854.75,101.74,753.01,0
OOS,S5M_OF,ITM2,PE,NIFTY26SEP24350PE,2026-08-21 11:50:00,274.0,2026-08-21 13:05:00,269.65,stop_loss,-5.35,-347.75,79.88,-427.63,0
OOS,S5M_OF,ITM2,PE,NIFTY26SEP24350PE,2026-08-21 15:20:00,273.5,2026-08-24 09:15:00,243.95,stop_loss,-30.55,-1985.75,77.5,-2063.25,0
OOS,S5M_OF,ITM2,PE,NIFTY26SEP24350PE,2026-08-24 10:50:00,258.4,2026-08-25 09:20:00,302.2,next_choch,42.8,2782.0,82.42,2699.58,0
OOS,S5M_OF,ITM2,CE,NIFTY26SEP24100CE,2026-08-25 09:30:00,438.25,2026-08-25 09:40:00,417.95,stop_loss,-21.3,-1384.5,98.26,-1482.76,0
OOS,S5M_OF,ITM2,CE,NIFTY26SEP24050CE,2026-08-25 11:35:00,451.65,2026-08-25 13:10:00,440.7,stop_loss,-11.95,-776.75,100.74,-877.49,0
OOS,S5M_OF,ITM2,CE,NIFTY26SEP24100CE,2026-08-25 14:30:00,463.9,2026-08-25 15:25:00,527.0,open,62.1,4036.5,109.03,3927.47,1
OOS,S5M_OF,ITM1,PE,NIFTY26SEP24250PE,2026-07-08 12:20:00,422.55,2026-07-08 13:05:00,416.9,stop_loss,-6.65,-432.25,97.71,-529.96,0
OOS,S5M_OF,ITM1,CE,NIFTY26SEP24050CE,2026-07-09 10:40:00,779.4,2026-07-09 10:45:00,779.4,stop_loss,-1.0,-65.0,141.35,-206.35,0
OOS,S5M_OF,ITM1,CE,NIFTY26SEP24000CE,2026-07-09 13:45:00,759.15,2026-07-09 13:50:00,751.55,stop_loss,-8.6,-559.0,138.2,-697.2,0
OOS,S5M_OF,ITM1,PE,NIFTY26SEP24100PE,2026-07-09 14:20:00,460.0,2026-07-09 14:30:00,459.95,stop_loss,-1.05,-68.25,102.75,-171.0,0
OOS,S5M_OF,ITM1,CE,NIFTY26SEP24100CE,2026-07-13 12:00:00,724.0,2026-07-13 15:15:00,763.5,next_choch,38.5,2502.5,138.29,2364.21,0
OOS,S5M_OF,ITM1,PE,NIFTY26SEP24250PE,2026-07-13 15:20:00,442.05,2026-07-13 15:25:00,442.9,stop_loss,-0.15,-9.75,100.66,-110.41,0
OOS,S5M_OF,ITM1,PE,NIFTY26SEP24200PE,2026-07-15 11:10:00,447.0,2026-07-15 11:30:00,434.95,stop_loss,-13.05,-848.25,100.08,-948.33,0
OOS,S5M_OF,ITM1,PE,NIFTY26SEP24200PE,2026-07-15 12:35:00,460.0,2026-07-16 09:15:00,440.95,next_choch,-20.05,-1303.25,101.0,-1404.25,0
OOS,S5M_OF,ITM1,CE,NIFTY26SEP24100CE,2026-07-16 10:55:00,720.0,2026-07-16 13:25:00,692.05,stop_loss,-28.95,-1881.75,131.6,-2013.35,0
OOS,S5M_OF,ITM1,CE,NIFTY26SEP24200CE,2026-07-17 10:15:00,710.0,2026-07-17 11:10:00,698.9,stop_loss,-12.1,-786.5,131.94,-918.44,0
OOS,S5M_OF,ITM1,CE,NIFTY26SEP24200CE,2026-07-20 15:20:00,702.0,2026-07-21 09:15:00,694.3,stop_loss,-8.7,-565.5,131.29,-696.79,0
OOS,S5M_OF,ITM1,PE,NIFTY26SEP24300PE,2026-07-21 09:30:00,436.75,2026-07-27 11:00:00,570.95,next_choch,133.2,8658.0,112.28,8545.72,0
OOS,S5M_OF,ITM1,CE,NIFTY26SEP23900CE,2026-07-27 11:15:00,636.0,2026-07-27 12:40:00,649.95,next_choch,12.95,841.75,125.3,716.45,0
OOS,S5M_OF,ITM1,CE,NIFTY26SEP23900CE,2026-07-27 13:15:00,653.95,2026-07-27 13:25:00,657.9,stop_loss,2.95,191.75,126.55,65.2,0
OOS,S5M_OF,ITM1,PE,NIFTY26SEP24000PE,2026-07-27 13:30:00,419.5,2026-07-27 14:00:00,397.55,stop_loss,-22.95,-1491.75,95.84,-1587.59,0
OOS,S5M_OF,ITM1,CE,NIFTY26SEP23950CE,2026-07-27 14:05:00,608.4,2026-07-28 10:05:00,624.4,next_choch,15.0,975.0,122.16,852.84,0
OOS,S5M_OF,ITM1,CE,NIFTY26SEP23950CE,2026-07-28 10:40:00,644.05,2026-07-28 13:10:00,661.8,next_choch,16.75,1088.75,126.63,962.12,0
OOS,S5M_OF,ITM1,PE,NIFTY26SEP24050PE,2026-07-28 13:15:00,384.15,2026-07-28 13:50:00,400.0,next_choch,14.85,965.25,95.05,870.2,0
OOS,S5M_OF,ITM1,PE,NIFTY26SEP24500PE,2026-08-11 11:05:00,325.0,2026-08-11 11:40:00,319.6,next_choch,-6.4,-416.0,85.94,-501.94,0
OOS,S5M_OF,ITM1,CE,NIFTY26SEP24400CE,2026-08-11 11:45:00,549.85,2026-08-11 11:50:00,542.85,stop_loss,-8.0,-520.0,112.97,-632.97,0
OOS,S5M_OF,ITM1,CE,NIFTY26SEP24400CE,2026-08-11 12:45:00,548.1,2026-08-11 13:55:00,549.0,next_choch,-0.1,-6.5,113.48,-119.98,0
OOS,S5M_OF,ITM1,PE,NIFTY26SEP24450PE,2026-08-12 09:55:00,302.45,2026-08-13 10:50:00,314.9,next_choch,11.45,744.25,84.86,659.39,0
OOS,S5M_OF,ITM1,CE,NIFTY26SEP24300CE,2026-08-13 11:40:00,531.1,2026-08-13 13:30:00,543.85,next_choch,11.75,763.75,112.52,651.23,0
OOS,S5M_OF,ITM1,CE,NIFTY26SEP24350CE,2026-08-13 13:40:00,525.0,2026-08-13 14:45:00,518.95,stop_loss,-7.05,-458.25,110.05,-568.3,0
OOS,S5M_OF,ITM1,PE,NIFTY26SEP24350PE,2026-08-14 09:25:00,285.0,2026-08-14 10:10:00,271.0,next_choch,-15.0,-975.0,80.32,-1055.32,0
OOS,S5M_OF,ITM1,PE,NIFTY26SEP24350PE,2026-08-14 10:55:00,272.6,2026-08-14 12:10:00,271.0,next_choch,-2.6,-169.0,79.96,-248.96,0
OOS,S5M_OF,ITM1,CE,NIFTY26SEP24300CE,2026-08-14 12:20:00,504.2,2026-08-14 12:40:00,497.0,stop_loss,-8.2,-533.0,107.43,-640.43,0
OOS,S5M_OF,ITM1,CE,NIFTY26SEP24350CE,2026-08-14 13:45:00,497.0,2026-08-17 09:15:00,427.95,stop_loss,-70.05,-4553.25,100.88,-4654.13,0
OOS,S5M_OF,ITM1,PE,NIFTY26SEP24350PE,2026-08-17 09:30:00,288.0,2026-08-17 12:15:00,286.0,next_choch,-3.0,-195.0,81.79,-276.79,0
OOS,S5M_OF,ITM1,CE,NIFTY26SEP24250CE,2026-08-17 12:25:00,483.65,2026-08-18 09:15:00,431.7,stop_loss,-52.95,-3441.75,100.84,-3542.59,0
OOS,S5M_OF,ITM1,PE,NIFTY26SEP24300PE,2026-08-18 09:30:00,289.5,2026-08-20 10:10:00,259.0,next_choch,-31.5,-2047.5,79.35,-2126.85,0
OOS,S5M_OF,ITM1,CE,NIFTY26SEP24150CE,2026-08-20 11:45:00,446.05,2026-08-20 12:35:00,443.1,next_choch,-3.95,-256.75,100.8,-357.55,0
OOS,S5M_OF,ITM1,CE,NIFTY26SEP24200CE,2026-08-20 12:45:00,439.5,2026-08-20 14:15:00,435.25,next_choch,-5.25,-341.25,99.89,-441.14,0
OOS,S5M_OF,ITM1,PE,NIFTY26SEP24250PE,2026-08-20 15:05:00,231.75,2026-08-21 09:15:00,237.55,stop_loss,4.8,312.0,75.71,236.29,0
OOS,S5M_OF,ITM1,PE,NIFTY26SEP24250PE,2026-08-21 09:30:00,251.8,2026-08-21 09:50:00,237.95,stop_loss,-14.85,-965.25,76.32,-1041.57,0
OOS,S5M_OF,ITM1,CE,NIFTY26SEP24200CE,2026-08-21 10:25:00,426.6,2026-08-21 11:40:00,419.1,next_choch,-8.5,-552.5,98.03,-650.53,0
OOS,S5M_OF,ITM1,PE,NIFTY26SEP24300PE,2026-08-21 11:50:00,256.0,2026-08-21 13:05:00,249.25,stop_loss,-7.75,-503.75,77.48,-581.23,0
OOS,S5M_OF,ITM1,PE,NIFTY26SEP24300PE,2026-08-21 15:20:00,251.5,2026-08-24 09:15:00,225.6,stop_loss,-26.9,-1748.5,75.18,-1823.68,0
OOS,S5M_OF,ITM1,PE,NIFTY26SEP24300PE,2026-08-24 10:50:00,237.2,2026-08-25 09:20:00,279.45,next_choch,41.25,2681.25,79.72,2601.53,0
OOS,S5M_OF,ITM1,CE,NIFTY26SEP24150CE,2026-08-25 09:30:00,409.15,2026-08-25 09:40:00,384.7,stop_loss,-25.45,-1654.25,94.36,-1748.61,0
OOS,S5M_OF,ITM1,CE,NIFTY26SEP24100CE,2026-08-25 11:35:00,421.3,2026-08-25 13:10:00,403.95,stop_loss,-18.35,-1192.75,96.48,-1289.23,0
OOS,S5M_OF,ITM1,CE,NIFTY26SEP24150CE,2026-08-25 14:30:00,430.0,2026-08-25 15:25:00,489.7,open,58.7,3815.5,104.62,3710.88,1
OOS,S5M_OF,OTM1,CE,NIFTY26SEP24350CE,2026-07-08 10:40:00,665.0,2026-07-08 11:50:00,665.0,stop_loss,-1.0,-65.0,127.53,-192.53,0
OOS,S5M_OF,OTM1,CE,NIFTY26SEP24150CE,2026-07-09 10:40:00,717.2,2026-07-09 10:45:00,717.2,stop_loss,-1.0,-65.0,133.83,-198.83,0
OOS,S5M_OF,OTM1,CE,NIFTY26SEP24100CE,2026-07-09 13:45:00,702.05,2026-07-09 13:50:00,702.05,stop_loss,-1.0,-65.0,132.0,-197.0,0
OOS,S5M_OF,OTM1,PE,NIFTY26SEP24000PE,2026-07-09 14:20:00,417.05,2026-07-09 14:30:00,411.3,stop_loss,-6.75,-438.75,97.04,-535.79,0
OOS,S5M_OF,OTM1,CE,NIFTY26SEP24200CE,2026-07-13 12:00:00,669.85,2026-07-13 15:15:00,707.95,next_choch,37.1,2411.5,131.62,2279.88,0
OOS,S5M_OF,OTM1,PE,NIFTY26SEP24150PE,2026-07-13 15:20:00,406.8,2026-07-13 15:25:00,406.8,stop_loss,-1.0,-65.0,96.33,-161.33,0
OOS,S5M_OF,OTM1,PE,NIFTY26SEP24100PE,2026-07-15 11:10:00,409.0,2026-07-15 11:30:00,402.55,stop_loss,-7.45,-484.25,96.0,-580.25,0
OOS,S5M_OF,OTM1,PE,NIFTY26SEP24100PE,2026-07-15 12:35:00,413.0,2026-07-16 09:15:00,402.5,next_choch,-11.5,-747.5,96.11,-843.61,0
OOS,S5M_OF,OTM1,CE,NIFTY26SEP24200CE,2026-07-16 10:55:00,662.3,2026-07-16 13:25:00,635.0,stop_loss,-28.3,-1839.5,124.69,-1964.19,0
OOS,S5M_OF,OTM1,CE,NIFTY26SEP24300CE,2026-07-17 10:15:00,647.65,2026-07-17 11:10:00,624.0,stop_loss,-24.65,-1602.25,123.26,-1725.51,0
OOS,S5M_OF,OTM1,PE,NIFTY26SEP24150PE,2026-07-20 09:25:00,418.75,2026-07-20 10:15:00,418.75,stop_loss,-1.0,-65.0,97.77,-162.77,0
OOS,S5M_OF,OTM1,CE,NIFTY26SEP24300CE,2026-07-20 15:20:00,640.45,2026-07-21 09:15:00,639.0,stop_loss,-2.45,-159.25,124.43,-283.68,0
OOS,S5M_OF,OTM1,PE,NIFTY26SEP24200PE,2026-07-21 09:30:00,402.2,2026-07-27 11:00:00,522.0,next_choch,118.8,7722.0,106.79,7615.21,0
OOS,S5M_OF,OTM1,CE,NIFTY26SEP24000CE,2026-07-27 11:15:00,580.0,2026-07-27 12:40:00,585.45,next_choch,4.45,289.25,117.76,171.49,0
OOS,S5M_OF,OTM1,CE,NIFTY26SEP24000CE,2026-07-27 13:15:00,593.0,2026-07-27 13:25:00,580.0,stop_loss,-14.0,-910.0,117.63,-1027.63,0
OOS,S5M_OF,OTM1,PE,NIFTY26SEP23900PE,2026-07-27 13:30:00,376.0,2026-07-27 14:00:00,359.85,stop_loss,-17.15,-1114.75,91.12,-1205.87,0
OOS,S5M_OF,OTM1,CE,NIFTY26SEP24050CE,2026-07-27 14:05:00,571.0,2026-07-28 10:05:00,582.45,next_choch,10.45,679.25,117.22,562.03,0
OOS,S5M_OF,OTM1,CE,NIFTY26SEP24050CE,2026-07-28 10:40:00,598.8,2026-07-28 13:10:00,600.6,next_choch,0.8,52.0,119.69,-67.69,0
OOS,S5M_OF,OTM1,PE,NIFTY26SEP23950PE,2026-07-28 13:15:00,346.35,2026-07-28 13:50:00,355.4,next_choch,8.05,523.25,89.85,433.4,0
OOS,S5M_OF,OTM1,PE,NIFTY26SEP24400PE,2026-08-11 11:05:00,285.0,2026-08-11 11:40:00,281.95,next_choch,-4.05,-263.25,81.33,-344.58,0
OOS,S5M_OF,OTM1,CE,NIFTY26SEP24500CE,2026-08-11 11:45:00,486.75,2026-08-11 11:50:00,482.3,stop_loss,-5.45,-354.25,105.58,-459.83,0
OOS,S5M_OF,OTM1,CE,NIFTY26SEP24500CE,2026-08-11 12:45:00,485.9,2026-08-11 13:55:00,486.0,next_choch,-0.9,-58.5,105.89,-164.39,0
OOS,S5M_OF,OTM1,PE,NIFTY26SEP24350PE,2026-08-12 09:55:00,275.9,2026-08-13 10:50:00,283.65,next_choch,6.75,438.75,81.22,357.53,0
OOS,S5M_OF,OTM1,CE,NIFTY26SEP24400CE,2026-08-13 11:40:00,467.7,2026-08-13 13:30:00,481.1,next_choch,12.4,806.0,104.92,701.08,0
OOS,S5M_OF,OTM1,CE,NIFTY26SEP24450CE,2026-08-13 13:40:00,465.0,2026-08-13 14:45:00,455.65,stop_loss,-10.35,-672.75,102.5,-775.25,0
OOS,S5M_OF,OTM1,PE,NIFTY26SEP24250PE,2026-08-14 09:25:00,249.95,2026-08-14 10:10:00,234.9,next_choch,-16.05,-1043.25,75.99,-1119.24,0
OOS,S5M_OF,OTM1,PE,NIFTY26SEP24250PE,2026-08-14 10:55:00,236.55,2026-08-14 12:10:00,242.0,next_choch,4.45,289.25,76.25,213.0,0
OOS,S5M_OF,OTM1,CE,NIFTY26SEP24400CE,2026-08-14 12:20:00,440.75,2026-08-14 12:40:00,432.3,stop_loss,-9.45,-614.25,99.65,-713.9,0
OOS,S5M_OF,OTM1,CE,NIFTY26SEP24450CE,2026-08-14 13:45:00,435.35,2026-08-17 09:15:00,369.75,stop_loss,-66.6,-4329.0,93.74,-4422.74,0
OOS,S5M_OF,OTM1,PE,NIFTY26SEP24250PE,2026-08-17 09:30:00,252.95,2026-08-17 12:15:00,253.6,next_choch,-0.35,-22.75,77.79,-100.54,0
OOS,S5M_OF,OTM1,CE,NIFTY26SEP24350CE,2026-08-17 12:25:00,420.0,2026-08-18 09:15:00,375.45,stop_loss,-45.55,-2960.75,93.82,-3054.57,0
OOS,S5M_OF,OTM1,PE,NIFTY26SEP24200PE,2026-08-18 09:30:00,248.9,2026-08-20 10:10:00,220.0,next_choch,-29.9,-1943.5,74.59,-2018.09,0
OOS,S5M_OF,OTM1,CE,NIFTY26SEP24250CE,2026-08-20 11:45:00,384.2,2026-08-20 12:35:00,387.2,next_choch,2.0,130.0,93.87,36.13,0
OOS,S5M_OF,OTM1,CE,NIFTY26SEP24300CE,2026-08-20 12:45:00,375.5,2026-08-20 14:15:00,370.85,next_choch,-5.65,-367.25,92.12,-459.37,0
OOS,S5M_OF,OTM1,PE,NIFTY26SEP24150PE,2026-08-20 15:05:00,195.1,2026-08-21 09:15:00,202.25,stop_loss,6.15,399.75,71.4,328.35,0
OOS,S5M_OF,OTM1,PE,NIFTY26SEP24150PE,2026-08-21 09:30:00,212.6,2026-08-21 09:50:00,201.0,stop_loss,-12.6,-819.0,71.79,-890.79,0
OOS,S5M_OF,OTM1,CE,NIFTY26SEP24300CE,2026-08-21 10:25:00,362.9,2026-08-21 11:40:00,356.95,next_choch,-6.95,-451.75,90.47,-542.22,0
OOS,S5M_OF,OTM1,PE,NIFTY26SEP24200PE,2026-08-21 11:50:00,217.15,2026-08-21 13:05:00,212.0,stop_loss,-6.15,-399.75,72.94,-472.69,0
OOS,S5M_OF,OTM1,PE,NIFTY26SEP24200PE,2026-08-21 15:20:00,215.25,2026-08-24 09:15:00,190.7,stop_loss,-25.55,-1660.75,70.92,-1731.67,0
OOS,S5M_OF,OTM1,PE,NIFTY26SEP24200PE,2026-08-24 10:50:00,201.55,2026-08-25 09:20:00,237.0,next_choch,34.45,2239.25,74.78,2164.47,0
OOS,S5M_OF,OTM1,CE,NIFTY26SEP24250CE,2026-08-25 09:30:00,343.9,2026-08-25 09:40:00,328.05,stop_loss,-16.85,-1095.25,87.27,-1182.52,0
OOS,S5M_OF,OTM1,CE,NIFTY26SEP24200CE,2026-08-25 11:35:00,357.3,2026-08-25 13:10:00,343.95,stop_loss,-14.35,-932.75,89.12,-1021.87,0
OOS,S5M_OF,OTM1,CE,NIFTY26SEP24250CE,2026-08-25 14:30:00,363.9,2026-08-25 15:25:00,419.1,open,54.2,3523.0,96.22,3426.78,1
OOS,S5M_OF,OTM2,PE,NIFTY26SEP24100PE,2026-07-08 09:35:00,360.4,2026-07-08 09:50:00,383.0,stop_loss,21.6,1404.0,92.8,1311.2,0
OOS,S5M_OF,OTM2,CE,NIFTY26SEP24400CE,2026-07-08 10:40:00,613.0,2026-07-08 11:50:00,620.0,stop_loss,6.0,390.0,121.89,268.11,0
OOS,S5M_OF,OTM2,PE,NIFTY26SEP24100PE,2026-07-08 12:20:00,355.0,2026-07-08 13:05:00,378.05,stop_loss,22.05,1433.25,92.19,1341.06,0
OOS,S5M_OF,OTM2,CE,NIFTY26SEP24200CE,2026-07-09 10:40:00,684.0,2026-07-09 10:45:00,638.0,stop_loss,-47.0,-3055.0,125.59,-3180.59,0
OOS,S5M_OF,OTM2,CE,NIFTY26SEP24150CE,2026-07-09 13:45:00,655.75,2026-07-09 13:50:00,655.75,stop_loss,-1.0,-65.0,126.41,-191.41,0
OOS,S5M_OF,OTM2,PE,NIFTY26SEP23950PE,2026-07-09 14:20:00,409.8,2026-07-09 14:30:00,409.8,stop_loss,-1.0,-65.0,96.69,-161.69,0
OOS,S5M_OF,OTM2,CE,NIFTY26SEP24300CE,2026-07-10 09:30:00,628.0,2026-07-13 09:15:00,547.3,stop_loss,-81.7,-5310.5,115.64,-5426.14,0
OOS,S5M_OF,OTM2,CE,NIFTY26SEP24250CE,2026-07-13 12:00:00,635.0,2026-07-13 15:15:00,695.25,next_choch,59.25,3851.25,129.44,3721.81,0
OOS,S5M_OF,OTM2,PE,NIFTY26SEP24100PE,2026-07-13 15:20:00,394.0,2026-07-13 15:25:00,394.0,stop_loss,-1.0,-65.0,94.78,-159.78,0
OOS,S5M_OF,OTM2,PE,NIFTY26SEP24050PE,2026-07-15 11:10:00,383.7,2026-07-15 11:30:00,383.7,stop_loss,-1.0,-65.0,93.53,-158.53,0
OOS,S5M_OF,OTM2,CE,NIFTY26SEP24250CE,2026-07-16 10:55:00,605.2,2026-07-16 13:25:00,605.2,stop_loss,-1.0,-65.0,120.3,-185.3,0
OOS,S5M_OF,OTM2,CE,NIFTY26SEP24350CE,2026-07-17 10:15:00,586.25,2026-07-17 11:10:00,626.0,stop_loss,38.75,2518.75,121.67,2397.08,0
OOS,S5M_OF,OTM2,PE,NIFTY26SEP24100PE,2026-07-20 09:25:00,400.0,2026-07-20 10:15:00,394.6,stop_loss,-6.4,-416.0,95.01,-511.01,0
OOS,S5M_OF,OTM2,PE,NIFTY26SEP24150PE,2026-07-21 09:30:00,377.8,2026-07-27 11:00:00,495.15,next_choch,116.35,7562.75,103.61,7459.14,0
OOS,S5M_OF,OTM2,CE,NIFTY26SEP24050CE,2026-07-27 11:15:00,544.65,2026-07-27 12:40:00,555.0,next_choch,9.35,607.75,113.94,493.81,0
OOS,S5M_OF,OTM2,CE,NIFTY26SEP24050CE,2026-07-27 13:15:00,564.65,2026-07-27 13:25:00,564.65,stop_loss,-1.0,-65.0,115.4,-180.4,0
OOS,S5M_OF,OTM2,PE,NIFTY26SEP23850PE,2026-07-27 13:30:00,353.65,2026-07-27 14:00:00,344.85,stop_loss,-9.8,-637.0,89.09,-726.09,0
OOS,S5M_OF,OTM2,CE,NIFTY26SEP24100CE,2026-07-27 14:05:00,543.5,2026-07-28 10:05:00,534.3,next_choch,-10.2,-663.0,112.0,-775.0,0
OOS,S5M_OF,OTM2,CE,NIFTY26SEP24100CE,2026-07-28 10:40:00,550.4,2026-07-28 13:10:00,565.95,next_choch,14.55,945.75,115.11,830.64,0
OOS,S5M_OF,OTM2,PE,NIFTY26SEP23900PE,2026-07-28 13:15:00,346.7,2026-07-28 13:50:00,341.05,next_choch,-6.65,-432.25,88.54,-520.79,0
OOS,S5M_OF,OTM2,CE,NIFTY26SEP24100CE,2026-07-28 15:20:00,564.0,2026-08-11 11:00:00,750.65,next_choch,185.65,12067.25,132.48,11934.77,0
OOS,S5M_OF,OTM2,PE,NIFTY26SEP24350PE,2026-08-11 11:05:00,269.2,2026-08-11 11:40:00,267.1,next_choch,-3.1,-201.5,79.51,-281.01,0
OOS,S5M_OF,OTM2,CE,NIFTY26SEP24550CE,2026-08-11 11:45:00,450.3,2026-08-11 11:50:00,450.3,stop_loss,-1.0,-65.0,101.58,-166.58,0
OOS,S5M_OF,OTM2,CE,NIFTY26SEP24550CE,2026-08-11 12:45:00,457.0,2026-08-11 13:55:00,455.9,next_choch,-2.1,-136.5,102.29,-238.79,0
OOS,S5M_OF,OTM2,PE,NIFTY26SEP24300PE,2026-08-12 09:55:00,257.85,2026-08-13 10:50:00,257.25,next_choch,-1.6,-104.0,78.27,-182.27,0
OOS,S5M_OF,OTM2,CE,NIFTY26SEP24450CE,2026-08-13 11:40:00,442.1,2026-08-13 13:30:00,448.5,next_choch,5.4,351.0,101.18,249.82,0
OOS,S5M_OF,OTM2,CE,NIFTY26SEP24500CE,2026-08-13 13:40:00,433.0,2026-08-13 14:45:00,426.05,stop_loss,-7.95,-516.75,98.85,-615.6,0
OOS,S5M_OF,OTM2,PE,NIFTY26SEP24200PE,2026-08-14 09:25:00,232.95,2026-08-14 10:10:00,221.75,next_choch,-12.2,-793.0,74.29,-867.29,0
OOS,S5M_OF,OTM2,PE,NIFTY26SEP24200PE,2026-08-14 10:55:00,229.0,2026-08-14 12:10:00,219.5,next_choch,-10.5,-682.5,73.97,-756.47,0
OOS,S5M_OF,OTM2,CE,NIFTY26SEP24450CE,2026-08-14 12:20:00,408.0,2026-08-14 12:40:00,404.75,stop_loss,-4.25,-276.25,96.17,-372.42,0
OOS,S5M_OF,OTM2,CE,NIFTY26SEP24500CE,2026-08-14 13:45:00,408.4,2026-08-17 09:15:00,348.85,stop_loss,-60.55,-3935.75,91.04,-4026.79,0
OOS,S5M_OF,OTM2,PE,NIFTY26SEP24200PE,2026-08-17 09:30:00,234.85,2026-08-17 12:15:00,230.0,next_choch,-5.85,-380.25,75.1,-455.35,0
OOS,S5M_OF,OTM2,CE,NIFTY26SEP24400CE,2026-08-17 12:25:00,391.95,2026-08-18 09:15:00,347.0,stop_loss,-45.95,-2986.75,90.4,-3077.15,0
OOS,S5M_OF,OTM2,PE,NIFTY26SEP24150PE,2026-08-18 09:30:00,234.0,2026-08-20 10:10:00,200.65,next_choch,-34.35,-2232.75,72.38,-2305.13,0
OOS,S5M_OF,OTM2,CE,NIFTY26SEP24300CE,2026-08-20 11:45:00,351.5,2026-08-20 12:35:00,356.6,next_choch,4.1,266.5,90.11,176.39,0
OOS,S5M_OF,OTM2,CE,NIFTY26SEP24350CE,2026-08-20 12:45:00,345.85,2026-08-20 14:15:00,343.9,next_choch,-2.95,-191.75,88.78,-280.53,0
OOS,S5M_OF,OTM2,PE,NIFTY26SEP24100PE,2026-08-20 15:05:00,180.7,2026-08-21 09:15:00,187.8,stop_loss,6.1,396.5,69.66,326.84,0
OOS,S5M_OF,OTM2,PE,NIFTY26SEP24100PE,2026-08-21 09:30:00,199.5,2026-08-21 09:50:00,185.5,stop_loss,-15.0,-975.0,69.99,-1044.99,0
OOS,S5M_OF,OTM2,CE,NIFTY26SEP24350CE,2026-08-21 10:25:00,330.1,2026-08-21 11:40:00,331.0,next_choch,-0.1,-6.5,87.14,-93.64,0
OOS,S5M_OF,OTM2,PE,NIFTY26SEP24150PE,2026-08-21 11:50:00,196.15,2026-08-21 13:05:00,200.2,stop_loss,3.05,198.25,71.24,127.01,0
OOS,S5M_OF,OTM2,PE,NIFTY26SEP24150PE,2026-08-21 15:20:00,197.7,2026-08-24 09:15:00,174.0,stop_loss,-24.7,-1605.5,68.88,-1674.38,0
OOS,S5M_OF,OTM2,PE,NIFTY26SEP24150PE,2026-08-24 10:50:00,180.4,2026-08-25 09:20:00,217.9,next_choch,36.5,2372.5,72.42,2300.08,0
OOS,S5M_OF,OTM2,CE,NIFTY26SEP24300CE,2026-08-25 09:30:00,316.55,2026-08-25 09:40:00,298.1,stop_loss,-19.45,-1264.25,83.72,-1347.97,0
OOS,S5M_OF,OTM2,CE,NIFTY26SEP24250CE,2026-08-25 11:35:00,325.3,2026-08-25 13:10:00,318.3,stop_loss,-8.0,-520.0,85.83,-605.83,0
OOS,S5M_OF,OTM2,CE,NIFTY26SEP24300CE,2026-08-25 14:30:00,334.85,2026-08-25 15:25:00,390.0,open,54.15,3519.75,92.7,3427.05,1
OOS,S5M_OF,OTM3,CE,NIFTY26SEP24450CE,2026-07-08 10:40:00,589.05,2026-07-08 11:50:00,593.7,stop_loss,3.65,237.25,118.78,118.47,0
OOS,S5M_OF,OTM3,CE,NIFTY26SEP24250CE,2026-07-09 10:40:00,658.55,2026-07-09 10:45:00,658.55,stop_loss,-1.0,-65.0,126.75,-191.75,0
OOS,S5M_OF,OTM3,CE,NIFTY26SEP24200CE,2026-07-09 13:45:00,650.0,2026-07-09 13:50:00,650.0,stop_loss,-1.0,-65.0,125.71,-190.71,0
OOS,S5M_OF,OTM3,PE,NIFTY26SEP23900PE,2026-07-09 14:20:00,388.95,2026-07-09 14:30:00,388.95,stop_loss,-1.0,-65.0,94.17,-159.17,0
OOS,S5M_OF,OTM3,CE,NIFTY26SEP24300CE,2026-07-13 12:00:00,608.0,2026-07-13 15:15:00,648.2,next_choch,39.2,2548.0,124.34,2423.66,0
OOS,S5M_OF,OTM3,PE,NIFTY26SEP24050PE,2026-07-13 15:20:00,368.45,2026-07-13 15:25:00,368.45,stop_loss,-1.0,-65.0,91.69,-156.69,0
OOS,S5M_OF,OTM3,PE,NIFTY26SEP24000PE,2026-07-15 11:10:00,374.8,2026-07-15 11:30:00,363.4,stop_loss,-12.4,-806.0,91.41,-897.41,0
OOS,S5M_OF,OTM3,PE,NIFTY26SEP24000PE,2026-07-15 12:35:00,386.2,2026-07-16 09:15:00,365.3,next_choch,-21.9,-1423.5,91.92,-1515.42,0
OOS,S5M_OF,OTM3,CE,NIFTY26SEP24300CE,2026-07-16 10:55:00,596.05,2026-07-16 13:25:00,568.0,stop_loss,-29.05,-1888.25,116.62,-2004.87,0
OOS,S5M_OF,OTM3,CE,NIFTY26SEP24400CE,2026-07-17 10:15:00,590.0,2026-07-17 11:10:00,565.0,stop_loss,-26.0,-1690.0,116.17,-1806.17,0
OOS,S5M_OF,OTM3,CE,NIFTY26SEP24400CE,2026-07-20 15:20:00,584.0,2026-07-21 09:15:00,577.0,stop_loss,-8.0,-520.0,117.1,-637.1,0
OOS,S5M_OF,OTM3,PE,NIFTY26SEP24100PE,2026-07-21 09:30:00,360.0,2026-07-27 11:00:00,474.45,next_choch,113.45,7374.25,101.19,7273.06,0
OOS,S5M_OF,OTM3,CE,NIFTY26SEP24100CE,2026-07-27 11:15:00,526.0,2026-07-27 12:40:00,531.0,next_choch,4.0,260.0,111.19,148.81,0
OOS,S5M_OF,OTM3,CE,NIFTY26SEP24100CE,2026-07-27 13:15:00,527.2,2026-07-27 13:25:00,527.2,stop_loss,-1.0,-65.0,110.88,-175.88,0
OOS,S5M_OF,OTM3,PE,NIFTY26SEP23800PE,2026-07-27 13:30:00,345.0,2026-07-27 14:00:00,326.0,stop_loss,-20.0,-1300.0,87.11,-1387.11,0
OOS,S5M_OF,OTM3,PE,NIFTY26SEP23850PE,2026-07-28 13:15:00,326.0,2026-07-28 13:50:00,326.0,next_choch,-1.0,-65.0,86.56,-151.56,0
OOS,S5M_OF,OTM3,PE,NIFTY26SEP24300PE,2026-08-11 11:05:00,251.1,2026-08-11 11:40:00,248.4,next_choch,-3.7,-240.5,77.26,-317.76,0
OOS,S5M_OF,OTM3,CE,NIFTY26SEP24600CE,2026-08-11 11:45:00,430.0,2026-08-11 11:50:00,425.6,stop_loss,-5.4,-351.0,98.72,-449.72,0
OOS,S5M_OF,OTM3,CE,NIFTY26SEP24600CE,2026-08-11 12:45:00,429.85,2026-08-11 13:55:00,430.55,next_choch,-0.3,-19.5,99.18,-118.68,0
OOS,S5M_OF,OTM3,PE,NIFTY26SEP24250PE,2026-08-12 09:55:00,230.75,2026-08-13 10:50:00,244.25,next_choch,12.5,812.5,76.29,736.21,0
OOS,S5M_OF,OTM3,CE,NIFTY26SEP24500CE,2026-08-13 11:40:00,411.3,2026-08-13 13:30:00,420.15,next_choch,7.85,510.25,97.68,412.57,0
OOS,S5M_OF,OTM3,CE,NIFTY26SEP24550CE,2026-08-13 13:40:00,389.5,2026-08-13 14:45:00,394.65,stop_loss,4.15,269.75,94.71,175.04,0
OOS,S5M_OF,OTM3,PE,NIFTY26SEP24150PE,2026-08-14 09:25:00,216.55,2026-08-14 10:10:00,203.0,next_choch,-14.55,-945.75,72.09,-1017.84,0
OOS,S5M_OF,OTM3,PE,NIFTY26SEP24150PE,2026-08-14 10:55:00,212.85,2026-08-14 12:10:00,211.0,next_choch,-2.85,-185.25,72.72,-257.97,0
OOS,S5M_OF,OTM3,CE,NIFTY26SEP24500CE,2026-08-14 12:20:00,383.1,2026-08-14 12:40:00,376.1,stop_loss,-8.0,-520.0,92.82,-612.82,0
OOS,S5M_OF,OTM3,CE,NIFTY26SEP24550CE,2026-08-14 13:45:00,383.05,2026-08-17 09:15:00,321.5,stop_loss,-62.55,-4065.75,87.8,-4153.55,0
OOS,S5M_OF,OTM3,PE,NIFTY26SEP24150PE,2026-08-17 09:30:00,214.55,2026-08-17 12:15:00,220.95,next_choch,5.4,351.0,73.68,277.32,0
OOS,S5M_OF,OTM3,CE,NIFTY26SEP24450CE,2026-08-17 12:25:00,361.4,2026-08-18 09:15:00,318.5,stop_loss,-43.9,-2853.5,86.9,-2940.4,0
OOS,S5M_OF,OTM3,PE,NIFTY26SEP24100PE,2026-08-18 09:30:00,214.5,2026-08-20 10:10:00,185.4,next_choch,-30.1,-1956.5,70.41,-2026.91,0
OOS,S5M_OF,OTM3,CE,NIFTY26SEP24350CE,2026-08-20 11:45:00,323.35,2026-08-20 12:35:00,329.65,next_choch,5.3,344.5,86.82,257.68,0
OOS,S5M_OF,OTM3,CE,NIFTY26SEP24400CE,2026-08-20 12:45:00,318.3,2026-08-20 14:15:00,313.75,next_choch,-5.55,-360.75,85.21,-445.96,0
OOS,S5M_OF,OTM3,PE,NIFTY26SEP24050PE,2026-08-20 15:05:00,166.05,2026-08-21 09:15:00,171.7,stop_loss,4.65,302.25,67.75,234.5,0
OOS,S5M_OF,OTM3,PE,NIFTY26SEP24050PE,2026-08-21 09:30:00,179.0,2026-08-21 09:50:00,171.1,stop_loss,-8.9,-578.5,68.07,-646.57,0
OOS,S5M_OF,OTM3,CE,NIFTY26SEP24400CE,2026-08-21 10:25:00,305.45,2026-08-21 11:40:00,301.1,next_choch,-5.35,-347.75,83.68,-431.43,0
OOS,S5M_OF,OTM3,PE,NIFTY26SEP24100PE,2026-08-21 11:50:00,183.25,2026-08-21 13:05:00,180.0,stop_loss,-4.25,-276.25,69.01,-345.26,0
OOS,S5M_OF,OTM3,PE,NIFTY26SEP24100PE,2026-08-21 15:20:00,182.25,2026-08-24 09:15:00,161.25,stop_loss,-22.0,-1430.0,67.26,-1497.26,0
OOS,S5M_OF,OTM3,PE,NIFTY26SEP24100PE,2026-08-24 10:50:00,170.35,2026-08-25 09:20:00,199.9,next_choch,28.55,1855.75,70.47,1785.28,0
OOS,S5M_OF,OTM3,CE,NIFTY26SEP24350CE,2026-08-25 09:30:00,290.25,2026-08-25 09:40:00,272.0,stop_loss,-19.25,-1251.25,80.56,-1331.81,0
OOS,S5M_OF,OTM3,CE,NIFTY26SEP24300CE,2026-08-25 11:35:00,301.0,2026-08-25 13:10:00,286.4,stop_loss,-15.6,-1014.0,82.2,-1096.2,0
OOS,S5M_OF,OTM3,CE,NIFTY26SEP24350CE,2026-08-25 14:30:00,305.0,2026-08-25 15:25:00,355.05,open,49.05,3188.25,88.63,3099.62,1
OOS,S5M_OF,OTM4,PE,NIFTY26SEP24000PE,2026-07-08 09:35:00,350.9,2026-07-08 09:50:00,337.0,stop_loss,-14.9,-968.5,88.29,-1056.79,0
OOS,S5M_OF,OTM4,CE,NIFTY26SEP24500CE,2026-07-08 10:40:00,582.05,2026-07-08 11:50:00,567.1,stop_loss,-15.95,-1036.75,116.13,-1152.88,0
OOS,S5M_OF,OTM4,PE,NIFTY26SEP24000PE,2026-07-08 12:20:00,348.3,2026-07-08 13:05:00,333.15,stop_loss,-16.15,-1049.75,87.86,-1137.61,0
OOS,S5M_OF,OTM4,CE,NIFTY26SEP24300CE,2026-07-09 10:40:00,636.05,2026-07-09 10:45:00,586.0,stop_loss,-51.05,-3318.25,119.43,-3437.68,0
OOS,S5M_OF,OTM4,CE,NIFTY26SEP24250CE,2026-07-09 13:45:00,658.55,2026-07-09 13:50:00,658.55,stop_loss,-1.0,-65.0,126.75,-191.75,0
OOS,S5M_OF,OTM4,PE,NIFTY26SEP23850PE,2026-07-09 14:20:00,369.0,2026-07-09 14:30:00,369.0,stop_loss,-1.0,-65.0,91.76,-156.76,0
OOS,S5M_OF,OTM4,CE,NIFTY26SEP24400CE,2026-07-10 09:30:00,571.45,2026-07-13 09:15:00,491.05,stop_loss,-81.4,-5291.0,108.83,-5399.83,0
OOS,S5M_OF,OTM4,CE,NIFTY26SEP24350CE,2026-07-13 12:00:00,546.25,2026-07-13 15:15:00,617.4,next_choch,70.15,4559.75,119.72,4440.03,0
OOS,S5M_OF,OTM4,PE,NIFTY26SEP24000PE,2026-07-13 15:20:00,359.6,2026-07-13 15:25:00,356.3,stop_loss,-4.3,-279.5,90.32,-369.82,0
OOS,S5M_OF,OTM4,PE,NIFTY26SEP23950PE,2026-07-15 11:10:00,344.6,2026-07-15 11:30:00,344.6,stop_loss,-1.0,-65.0,88.81,-153.81,0
OOS,S5M_OF,OTM4,CE,NIFTY26SEP24450CE,2026-07-17 10:15:00,547.3,2026-07-17 11:10:00,541.25,stop_loss,-7.05,-458.25,112.75,-571.0,0
OOS,S5M_OF,OTM4,PE,NIFTY26SEP24000PE,2026-07-20 09:25:00,363.0,2026-07-20 10:15:00,353.0,stop_loss,-11.0,-715.0,90.11,-805.11,0
OOS,S5M_OF,OTM4,PE,NIFTY26SEP24050PE,2026-07-21 09:30:00,341.1,2026-07-27 11:00:00,450.0,next_choch,107.9,7013.5,98.4,6915.1,0
OOS,S5M_OF,OTM4,CE,NIFTY26SEP24150CE,2026-07-27 11:15:00,493.7,2026-07-27 12:40:00,504.5,next_choch,9.8,637.0,107.82,529.18,0
OOS,S5M_OF,OTM4,CE,NIFTY26SEP24150CE,2026-07-27 13:15:00,499.25,2026-07-27 13:25:00,499.25,stop_loss,-1.0,-65.0,107.5,-172.5,0
OOS,S5M_OF,OTM4,PE,NIFTY26SEP23750PE,2026-07-27 13:30:00,323.95,2026-07-27 14:00:00,327.1,stop_loss,2.15,139.75,86.6,53.15,0
OOS,S5M_OF,OTM4,CE,NIFTY26SEP24200CE,2026-07-27 14:05:00,491.95,2026-07-28 10:05:00,487.95,next_choch,-5.0,-325.0,106.25,-431.25,0
OOS,S5M_OF,OTM4,CE,NIFTY26SEP24200CE,2026-07-28 10:40:00,507.1,2026-07-28 13:10:00,495.65,next_choch,-12.45,-809.25,107.39,-916.64,0
OOS,S5M_OF,OTM4,PE,NIFTY26SEP23800PE,2026-07-28 13:15:00,306.05,2026-07-28 13:50:00,303.85,next_choch,-3.2,-208.0,83.95,-291.95,0
OOS,S5M_OF,OTM4,CE,NIFTY26SEP24200CE,2026-07-28 15:20:00,505.25,2026-08-11 11:00:00,685.0,next_choch,178.75,11618.75,124.75,11494.0,0
OOS,S5M_OF,OTM4,PE,NIFTY26SEP24250PE,2026-08-11 11:05:00,237.0,2026-08-11 11:40:00,234.0,next_choch,-4.0,-260.0,75.53,-335.53,0
OOS,S5M_OF,OTM4,CE,NIFTY26SEP24650CE,2026-08-11 11:45:00,402.0,2026-08-11 11:50:00,400.0,stop_loss,-3.0,-195.0,95.56,-290.56,0
OOS,S5M_OF,OTM4,CE,NIFTY26SEP24650CE,2026-08-11 12:45:00,401.9,2026-08-11 13:55:00,399.05,next_choch,-3.85,-250.25,95.47,-345.72,0
OOS,S5M_OF,OTM4,PE,NIFTY26SEP24200PE,2026-08-12 09:55:00,224.85,2026-08-13 10:50:00,225.8,next_choch,-0.05,-3.25,74.43,-77.68,0
OOS,S5M_OF,OTM4,CE,NIFTY26SEP24550CE,2026-08-13 11:40:00,384.4,2026-08-13 13:30:00,389.5,next_choch,4.1,266.5,94.09,172.41,0
OOS,S5M_OF,OTM4,CE,NIFTY26SEP24600CE,2026-08-13 13:40:00,379.0,2026-08-13 14:45:00,371.2,stop_loss,-8.8,-572.0,92.25,-664.25,0
OOS,S5M_OF,OTM4,PE,NIFTY26SEP24100PE,2026-08-14 09:25:00,202.35,2026-08-14 10:10:00,190.65,next_choch,-12.7,-825.5,70.54,-896.04,0
OOS,S5M_OF,OTM4,PE,NIFTY26SEP24100PE,2026-08-14 10:55:00,197.0,2026-08-14 12:10:00,191.5,next_choch,-6.5,-422.5,70.47,-492.97,0
OOS,S5M_OF,OTM4,CE,NIFTY26SEP24550CE,2026-08-14 12:20:00,356.0,2026-08-14 12:40:00,351.95,stop_loss,-5.05,-328.25,89.81,-418.06,0
OOS,S5M_OF,OTM4,CE,NIFTY26SEP24600CE,2026-08-14 13:45:00,354.0,2026-08-17 09:15:00,298.95,stop_loss,-56.05,-3643.25,84.88,-3728.13,0
OOS,S5M_OF,OTM4,PE,NIFTY26SEP24100PE,2026-08-17 09:30:00,202.25,2026-08-17 12:15:00,199.2,next_choch,-4.05,-263.25,71.33,-334.58,0
OOS,S5M_OF,OTM4,CE,NIFTY26SEP24500CE,2026-08-17 12:25:00,335.5,2026-08-18 09:15:00,296.8,stop_loss,-39.7,-2580.5,84.15,-2664.65,0
OOS,S5M_OF,OTM4,PE,NIFTY26SEP24050PE,2026-08-18 09:30:00,202.45,2026-08-20 10:10:00,170.7,next_choch,-32.75,-2128.75,68.71,-2197.46,0
OOS,S5M_OF,OTM4,CE,NIFTY26SEP24400CE,2026-08-20 11:45:00,297.1,2026-08-20 12:35:00,301.0,next_choch,2.9,188.5,83.43,105.07,0
OOS,S5M_OF,OTM4,CE,NIFTY26SEP24450CE,2026-08-20 12:45:00,291.85,2026-08-20 14:15:00,288.3,next_choch,-4.55,-295.75,82.11,-377.86,0
OOS,S5M_OF,OTM4,PE,NIFTY26SEP24000PE,2026-08-20 15:05:00,153.0,2026-08-21 09:15:00,160.0,stop_loss,6.0,390.0,66.3,323.7,0
OOS,S5M_OF,OTM4,PE,NIFTY26SEP24000PE,2026-08-21 09:30:00,169.8,2026-08-21 09:50:00,158.6,stop_loss,-12.2,-793.0,66.66,-859.66,0
OOS,S5M_OF,OTM4,CE,NIFTY26SEP24450CE,2026-08-21 10:25:00,277.0,2026-08-21 11:40:00,278.7,next_choch,0.7,45.5,80.8,-35.3,0
OOS,S5M_OF,OTM4,PE,NIFTY26SEP24050PE,2026-08-21 11:50:00,166.15,2026-08-21 13:05:00,168.35,stop_loss,1.2,78.0,67.45,10.55,0
OOS,S5M_OF,OTM4,PE,NIFTY26SEP24050PE,2026-08-21 15:20:00,168.0,2026-08-24 09:15:00,147.8,stop_loss,-21.2,-1378.0,65.61,-1443.61,0
OOS,S5M_OF,OTM4,PE,NIFTY26SEP24050PE,2026-08-24 10:50:00,156.5,2026-08-25 09:20:00,180.65,next_choch,23.15,1504.75,68.3,1436.45,0
OOS,S5M_OF,OTM4,CE,NIFTY26SEP24400CE,2026-08-25 09:30:00,262.7,2026-08-25 09:40:00,247.5,stop_loss,-16.2,-1053.0,77.52,-1130.52,0
OOS,S5M_OF,OTM4,CE,NIFTY26SEP24350CE,2026-08-25 11:35:00,270.0,2026-08-25 13:10:00,263.65,stop_loss,-7.35,-477.75,79.21,-556.96,0
OOS,S5M_OF,OTM4,CE,NIFTY26SEP24400CE,2026-08-25 14:30:00,279.05,2026-08-25 15:25:00,327.4,open,47.35,3077.75,85.33,2992.42,1
IS,S5M_ON,ATR2,PE,NIFTY26SEP24200PE,2026-08-27 09:25:00,200.4,2026-08-27 12:50:00,201.55,next_choch,0.15,9.75,71.49,-61.74,0
IS,S5M_ON,ATR2,PE,NIFTY26SEP24200PE,2026-08-27 13:55:00,229.7,2026-08-28 09:25:00,218.25,next_choch,-12.45,-809.25,73.87,-883.12,0
IS,S5M_ON,ATR2,CE,NIFTY26SEP24150CE,2026-08-28 10:10:00,396.5,2026-08-28 11:25:00,366.35,stop_loss,-31.15,-2024.75,92.31,-2117.06,0
IS,S5M_ON,ATR2,CE,NIFTY26SEP24150CE,2026-08-28 14:50:00,369.75,2026-08-28 15:00:00,353.0,stop_loss,-17.75,-1153.75,90.31,-1244.06,0
IS,S5M_ON,ATR2,CE,NIFTY26SEP24150CE,2026-08-28 15:20:00,388.65,2026-08-31 09:15:00,300.6,stop_loss,-89.05,-5788.25,86.04,-5874.29,0
IS,S5M_ON,ATR2,PE,NIFTY26SEP24000PE,2026-08-31 09:25:00,196.25,2026-08-31 12:40:00,165.15,next_choch,-32.1,-2086.5,68.02,-2154.52,0
IS,S5M_ON,ATR2,PE,NIFTY26SEP24000PE,2026-08-31 13:55:00,171.75,2026-08-31 14:45:00,165.5,stop_loss,-7.25,-471.25,67.35,-538.6,0
IS,S5M_ON,ATR2,PE,NIFTY26SEP24000PE,2026-09-01 09:50:00,197.0,2026-09-01 10:50:00,172.2,stop_loss,-25.8,-1677.0,68.69,-1745.69,0
IS,S5M_ON,ATR2,PE,NIFTY26SEP24000PE,2026-09-01 13:40:00,194.5,2026-09-01 14:55:00,222.65,next_choch,27.15,1764.75,73.26,1691.49,0
IS,S5M_ON,ATR2,PE,NIFTY26SEP23750PE,2026-09-02 09:20:00,199.6,2026-09-02 09:30:00,186.55,stop_loss,-14.05,-913.25,70.09,-983.34,0
IS,S5M_ON,ATR2,PE,NIFTY26SEP23750PE,2026-09-02 13:50:00,174.75,2026-09-02 13:55:00,170.95,stop_loss,-4.8,-312.0,67.94,-379.94,0
IS,S5M_ON,ATR2,CE,NIFTY26SEP23900CE,2026-09-02 14:05:00,347.35,2026-09-02 14:20:00,335.4,stop_loss,-12.95,-841.75,88.04,-929.79,0
IS,S5M_ON,ATR2,PE,NIFTY26SEP23750PE,2026-09-02 15:00:00,176.7,2026-09-02 15:10:00,167.1,stop_loss,-10.6,-689.0,67.64,-756.64,0
IS,S5M_ON,ATR2,PE,NIFTY26SEP23900PE,2026-09-03 14:55:00,204.35,2026-09-04 09:15:00,182.95,stop_loss,-22.4,-1456.0,69.89,-1525.89,0
IS,S5M_ON,ATR2,CE,NIFTY26SEP23950CE,2026-09-04 09:45:00,305.55,2026-09-04 12:55:00,300.1,next_choch,-6.45,-419.25,83.59,-502.84,0
IS,S5M_ON,ATR2,CE,NIFTY26SEP23350CE,2026-09-11 11:10:00,274.65,2026-09-11 13:00:00,258.8,next_choch,-16.85,-1095.25,78.9,-1174.15,0
IS,S5M_ON,ATR2,CE,NIFTY26SEP23350CE,2026-09-11 13:55:00,289.65,2026-09-15 09:55:00,261.7,stop_loss,-28.95,-1881.75,79.6,-1961.35,0
IS,S5M_ON,ATR2,CE,NIFTY26SEP23300CE,2026-09-17 10:10:00,229.3,2026-09-17 10:20:00,215.85,stop_loss,-14.45,-939.25,73.64,-1012.89,0
IS,S5M_ON,ATR2,PE,NIFTY26SEP23200PE,2026-09-17 11:05:00,181.0,2026-09-17 11:40:00,155.25,stop_loss,-26.75,-1738.75,66.67,-1805.42,0
IS,S5M_ON,ATR2,CE,NIFTY26SEP23300CE,2026-09-17 11:55:00,223.35,2026-09-17 13:25:00,198.6,stop_loss,-25.75,-1673.75,71.88,-1745.63,0
IS,S5M_ON,ATR2,CE,NIFTY26SEP23350CE,2026-09-18 12:55:00,176.6,2026-09-18 13:15:00,171.2,stop_loss,-6.4,-416.0,68.01,-484.01,0
IS,S5M_ON,ATR2,CE,NIFTY26SEP23350CE,2026-09-18 14:30:00,188.55,2026-09-18 14:40:00,176.6,stop_loss,-12.95,-841.75,68.85,-910.6,0
IS,S5M_ON,ATR2,PE,NIFTY26SEP23400PE,2026-09-22 12:50:00,153.8,2026-09-22 13:40:00,154.35,next_choch,-0.45,-29.25,65.8,-95.05,0
IS,S5M_ON,ATR2,PE,NIFTY26SEP23400PE,2026-09-22 13:50:00,178.05,2026-09-22 14:10:00,153.85,stop_loss,-25.2,-1638.0,66.46,-1704.46,0
IS,S5M_ON,ATR2,PE,NIFTY26SEP23350PE,2026-09-23 09:50:00,107.65,2026-09-23 10:15:00,91.5,stop_loss,-17.15,-1114.75,58.69,-1173.44,0
IS,S5M_ON,ATR2,CE,NIFTY26SEP23450CE,2026-09-23 10:30:00,103.55,2026-09-23 14:40:00,107.15,next_choch,2.6,169.0,60.01,108.99,0
IS,S5M_ON,ATR2,PE,NIFTY26SEP23150PE,2026-09-24 09:50:00,83.35,2026-09-24 10:00:00,74.9,next_choch,-9.45,-614.25,56.46,-670.71,0
IS,S5M_ON,ATR2,PE,NIFTY26SEP23150PE,2026-09-24 11:30:00,83.9,2026-09-25 11:20:00,120.9,next_choch,36.0,2340.0,60.71,2279.29,0
IS,S5M_ON,ATR2,PE,NIFTY26SEP23050PE,2026-09-25 12:45:00,86.55,2026-09-25 13:10:00,89.75,next_choch,2.2,143.0,57.92,85.08,0
IS,S5M_ON,ATR2,PE,NIFTY26SEP23050PE,2026-09-25 13:20:00,94.4,2026-09-25 13:40:00,87.15,stop_loss,-8.25,-536.25,57.91,-594.16,0
IS,S5M_ON,ATM,CE,NIFTY26SEP24300CE,2026-08-26 14:45:00,373.8,2026-08-26 15:00:00,363.1,stop_loss,-11.7,-760.5,91.35,-851.85,0
IS,S5M_ON,ATM,PE,NIFTY26SEP24250PE,2026-08-27 09:25:00,218.65,2026-09-01 11:30:00,238.65,next_choch,19.0,1235.0,75.43,1159.57,0
IS,S5M_ON,ATM,CE,NIFTY26SEP24100CE,2026-08-28 10:10:00,432.05,2026-08-28 11:25:00,398.15,stop_loss,-34.9,-2268.5,96.26,-2364.76,0
IS,S5M_ON,ATM,CE,NIFTY26SEP24100CE,2026-08-28 14:30:00,390.25,2026-08-28 15:00:00,386.75,next_choch,-4.5,-292.5,94.0,-386.5,0
IS,S5M_ON,ATM,CE,NIFTY26SEP24100CE,2026-08-28 15:20:00,422.1,2026-08-31 09:15:00,329.45,stop_loss,-93.65,-6087.25,89.66,-6176.91,0
IS,S5M_ON,ATM,PE,NIFTY26SEP24050PE,2026-08-31 09:25:00,214.35,2026-08-31 11:50:00,187.95,stop_loss,-27.4,-1781.0,70.64,-1851.64,0
IS,S5M_ON,ATM,CE,NIFTY26SEP24050CE,2026-08-31 12:50:00,402.0,2026-08-31 13:05:00,396.0,stop_loss,-7.0,-455.0,95.19,-550.19,0
IS,S5M_ON,ATM,PE,NIFTY26SEP24050PE,2026-08-31 13:40:00,184.5,2026-08-31 14:45:00,179.5,stop_loss,-6.0,-390.0,69.0,-459.0,0
IS,S5M_ON,ATM,PE,NIFTY26SEP24050PE,2026-09-01 09:20:00,210.9,2026-09-01 09:25:00,198.8,stop_loss,-13.1,-851.5,71.54,-923.04,0
IS,S5M_ON,ATM,PE,NIFTY26SEP24050PE,2026-09-01 13:40:00,213.45,2026-09-03 09:15:00,229.8,next_choch,15.35,997.75,74.46,923.29,0
IS,S5M_ON,ATM,CE,NIFTY26SEP23800CE,2026-09-02 14:05:00,411.05,2026-09-02 14:20:00,398.25,stop_loss,-13.8,-897.0,95.66,-992.66,0
IS,S5M_ON,ATM,PE,NIFTY26SEP23800PE,2026-09-02 15:00:00,194.5,2026-09-02 15:10:00,183.4,stop_loss,-12.1,-786.5,69.65,-856.15,0
IS,S5M_ON,ATM,CE,NIFTY26SEP23950CE,2026-09-03 09:35:00,358.7,2026-09-03 10:35:00,329.45,stop_loss,-30.25,-1966.25,87.82,-2054.07,0
IS,S5M_ON,ATM,PE,NIFTY26SEP23950PE,2026-09-03 11:00:00,200.85,2026-09-03 11:35:00,191.25,stop_loss,-10.6,-689.0,70.56,-759.56,0
IS,S5M_ON,ATM,CE,NIFTY26SEP23950CE,2026-09-04 09:45:00,305.55,2026-09-04 12:55:00,300.1,next_choch,-6.45,-419.25,83.59,-502.84,0
IS,S5M_ON,ATM,CE,NIFTY26SEP23250CE,2026-09-11 11:10:00,339.45,2026-09-11 13:00:00,323.5,next_choch,-16.95,-1101.75,86.72,-1188.47,0
IS,S5M_ON,ATM,CE,NIFTY26SEP23250CE,2026-09-11 13:55:00,355.0,2026-09-15 09:55:00,324.0,stop_loss,-32.0,-2080.0,87.22,-2167.22,0
IS,S5M_ON,ATM,PE,NIFTY26SEP23250PE,2026-09-16 11:25:00,217.7,2026-09-16 12:10:00,208.95,next_choch,-9.75,-633.75,72.67,-706.42,0
IS,S5M_ON,ATM,CE,NIFTY26SEP23250CE,2026-09-17 10:10:00,262.25,2026-09-17 10:20:00,246.0,stop_loss,-17.25,-1121.25,77.36,-1198.61,0
IS,S5M_ON,ATM,CE,NIFTY26SEP23250CE,2026-09-17 11:55:00,254.75,2026-09-17 13:25:00,228.2,stop_loss,-27.55,-1790.75,75.51,-1866.26,0
IS,S5M_ON,ATM,CE,NIFTY26SEP23300CE,2026-09-18 12:55:00,205.25,2026-09-18 13:15:00,198.55,stop_loss,-7.7,-500.5,71.35,-571.85,0
IS,S5M_ON,ATM,CE,NIFTY26SEP23300CE,2026-09-18 14:30:00,218.4,2026-09-18 14:40:00,205.1,stop_loss,-14.3,-929.5,72.34,-1001.84,0
IS,S5M_ON,ATM,PE,NIFTY26SEP23450PE,2026-09-22 12:45:00,175.9,2026-09-22 13:40:00,182.75,next_choch,5.85,380.25,69.05,311.2,0
IS,S5M_ON,ATM,PE,NIFTY26SEP23450PE,2026-09-22 13:50:00,209.7,2026-09-22 14:10:00,181.65,stop_loss,-29.05,-1888.25,69.93,-1958.18,0
IS,S5M_ON,ATM,CE,NIFTY26SEP23400CE,2026-09-23 11:10:00,143.9,2026-09-23 13:35:00,134.05,stop_loss,-10.85,-705.25,63.65,-768.9,0
IS,S5M_ON,ATM,PE,NIFTY26SEP23250PE,2026-09-24 09:50:00,126.0,2026-09-24 10:00:00,115.85,next_choch,-11.15,-724.75,61.46,-786.21,0
IS,S5M_ON,ATM,PE,NIFTY26SEP23250PE,2026-09-24 11:30:00,128.1,2026-09-25 14:00:00,112.6,stop_loss,-16.5,-1072.5,61.22,-1133.72,0
IS,S5M_ON,ATM,PE,NIFTY26SEP23050PE,2026-09-25 12:45:00,86.55,2026-09-25 13:10:00,89.75,next_choch,2.2,143.0,57.92,85.08,0
IS,S5M_ON,ATM,PE,NIFTY26SEP23050PE,2026-09-25 13:20:00,94.4,2026-09-25 13:40:00,87.15,stop_loss,-8.25,-536.25,57.91,-594.16,0
IS,S5M_ON,ITM2,PE,NIFTY26SEP24400PE,2026-08-26 12:05:00,254.1,2026-08-26 12:45:00,252.3,next_choch,-2.8,-182.0,77.71,-259.71,0
IS,S5M_ON,ITM2,CE,NIFTY26SEP24200CE,2026-08-26 14:40:00,431.05,2026-08-26 15:20:00,420.0,stop_loss,-12.05,-783.25,98.24,-881.49,0
IS,S5M_ON,ITM2,PE,NIFTY26SEP24350PE,2026-08-27 09:25:00,260.55,2026-08-27 13:10:00,259.8,next_choch,-1.75,-113.75,78.58,-192.33,0
IS,S5M_ON,ITM2,PE,NIFTY26SEP24350PE,2026-08-27 15:10:00,292.75,2026-08-28 09:25:00,278.85,stop_loss,-14.9,-968.5,81.27,-1049.77,0
IS,S5M_ON,ITM2,CE,NIFTY26SEP24000CE,2026-08-28 10:10:00,501.95,2026-08-28 11:20:00,478.3,stop_loss,-24.65,-1602.25,105.65,-1707.9,0
IS,S5M_ON,ITM2,CE,NIFTY26SEP24000CE,2026-08-28 15:20:00,491.6,2026-08-31 09:15:00,390.4,stop_loss,-102.2,-6643.0,97.27,-6740.27,0
IS,S5M_ON,ITM2,PE,NIFTY26SEP24150PE,2026-08-31 09:25:00,256.6,2026-08-31 12:40:00,218.3,next_choch,-39.3,-2554.5,74.65,-2629.15,0
IS,S5M_ON,ITM2,CE,NIFTY26SEP23950CE,2026-08-31 11:30:00,418.4,2026-09-01 09:15:00,404.5,stop_loss,-14.9,-968.5,96.45,-1064.95,0
IS,S5M_ON,ITM2,PE,NIFTY26SEP24150PE,2026-08-31 13:55:00,225.85,2026-08-31 14:45:00,219.7,stop_loss,-7.15,-464.75,73.89,-538.64,0
IS,S5M_ON,ITM2,PE,NIFTY26SEP24150PE,2026-09-01 09:20:00,252.95,2026-09-01 09:25:00,241.0,stop_loss,-12.95,-841.75,76.64,-918.39,0
IS,S5M_ON,ITM2,CE,NIFTY26SEP23950CE,2026-09-01 11:10:00,436.8,2026-09-01 13:10:00,413.2,stop_loss,-24.6,-1599.0,97.78,-1696.78,0
IS,S5M_ON,ITM2,PE,NIFTY26SEP24150PE,2026-09-01 12:55:00,215.8,2026-09-03 09:15:00,276.05,next_choch,59.25,3851.25,78.79,3772.46,0
IS,S5M_ON,ITM2,PE,NIFTY26SEP23900PE,2026-09-02 15:00:00,232.2,2026-09-02 15:10:00,218.65,stop_loss,-14.55,-945.75,73.98,-1019.73,0
IS,S5M_ON,ITM2,CE,NIFTY26SEP23850CE,2026-09-03 09:35:00,423.65,2026-09-03 10:35:00,398.0,stop_loss,-26.65,-1732.25,96.0,-1828.25,0
IS,S5M_ON,ITM2,PE,NIFTY26SEP24050PE,2026-09-03 12:20:00,270.7,2026-09-03 13:10:00,254.85,stop_loss,-16.85,-1095.25,78.42,-1173.67,0
IS,S5M_ON,ITM2,PE,NIFTY26SEP24050PE,2026-09-03 15:25:00,285.55,2026-09-04 09:15:00,244.8,stop_loss,-41.75,-2713.75,77.93,-2791.68,0
IS,S5M_ON,ITM2,CE,NIFTY26SEP23850CE,2026-09-04 09:45:00,366.6,2026-09-04 12:35:00,360.65,next_choch,-6.95,-451.75,90.92,-542.67,0
IS,S5M_ON,ITM2,CE,NIFTY26SEP23150CE,2026-09-11 13:55:00,426.05,2026-09-15 10:30:00,387.9,stop_loss,-39.15,-2544.75,95.14,-2639.89,0
IS,S5M_ON,ITM2,CE,NIFTY26SEP23150CE,2026-09-17 10:10:00,328.05,2026-09-17 10:25:00,310.25,stop_loss,-18.8,-1222.0,85.17,-1307.17,0
IS,S5M_ON,ITM2,PE,NIFTY26SEP23350PE,2026-09-17 11:05:00,249.05,2026-09-17 11:40:00,217.2,stop_loss,-32.85,-2135.25,74.34,-2209.59,0
IS,S5M_ON,ITM2,CE,NIFTY26SEP23150CE,2026-09-17 12:20:00,353.0,2026-09-17 13:25:00,315.35,stop_loss,-38.65,-2512.25,86.36,-2598.61,0
IS,S5M_ON,ITM2,PE,NIFTY26SEP23400PE,2026-09-18 09:30:00,225.65,2026-09-18 09:55:00,202.85,stop_loss,-23.8,-1547.0,72.34,-1619.34,0
IS,S5M_ON,ITM2,CE,NIFTY26SEP23200CE,2026-09-18 12:40:00,267.9,2026-09-18 12:50:00,262.6,stop_loss,-6.3,-409.5,79.05,-488.55,0
IS,S5M_ON,ITM2,CE,NIFTY26SEP23200CE,2026-09-18 14:30:00,285.65,2026-09-18 14:45:00,270.4,stop_loss,-16.25,-1056.25,80.28,-1136.53,0
IS,S5M_ON,ITM2,CE,NIFTY26SEP23300CE,2026-09-21 11:50:00,218.25,2026-09-21 13:05:00,206.3,stop_loss,-12.95,-841.75,72.44,-914.19,0
IS,S5M_ON,ITM2,PE,NIFTY26SEP23550PE,2026-09-22 11:50:00,242.2,2026-09-22 14:15:00,195.05,stop_loss,-48.15,-3129.75,72.1,-3201.85,0
IS,S5M_ON,ITM2,PE,NIFTY26SEP23500PE,2026-09-23 09:50:00,188.0,2026-09-23 10:15:00,164.6,stop_loss,-24.4,-1586.0,67.73,-1653.73,0
IS,S5M_ON,ITM2,CE,NIFTY26SEP23300CE,2026-09-23 10:30:00,193.7,2026-09-23 14:45:00,203.4,next_choch,8.7,565.5,71.47,494.03,0
IS,S5M_ON,ITM2,PE,NIFTY26SEP23350PE,2026-09-24 09:35:00,166.75,2026-09-25 15:25:00,195.85,open,28.1,1826.5,69.99,1756.51,1
IS,S5M_ON,ITM2,PE,NIFTY26SEP23150PE,2026-09-25 12:40:00,132.2,2026-09-25 13:55:00,121.1,next_choch,-12.1,-786.5,62.12,-848.62,0
IS,S5M_ON,ITM1,PE,NIFTY26SEP24350PE,2026-08-26 12:05:00,232.05,2026-08-26 14:10:00,224.55,next_choch,-8.5,-552.5,74.52,-627.02,0
IS,S5M_ON,ITM1,CE,NIFTY26SEP24250CE,2026-08-26 14:45:00,404.65,2026-08-26 15:00:00,393.7,stop_loss,-11.95,-776.75,95.06,-871.81,0
IS,S5M_ON,ITM1,PE,NIFTY26SEP24300PE,2026-08-27 09:25:00,240.25,2026-08-28 10:10:00,240.5,next_choch,-0.75,-48.75,76.22,-124.97,0
IS,S5M_ON,ITM1,CE,NIFTY26SEP24050CE,2026-08-28 10:15:00,471.85,2026-08-28 11:10:00,453.15,stop_loss,-19.7,-1280.5,102.47,-1382.97,0
IS,S5M_ON,ITM1,CE,NIFTY26SEP24050CE,2026-08-28 14:45:00,425.55,2026-08-31 09:15:00,359.25,stop_loss,-67.3,-4374.5,92.5,-4467.0,0
IS,S5M_ON,ITM1,PE,NIFTY26SEP24100PE,2026-08-31 09:25:00,235.15,2026-08-31 11:50:00,204.6,stop_loss,-31.55,-2050.75,72.77,-2123.52,0
IS,S5M_ON,ITM1,PE,NIFTY26SEP24100PE,2026-08-31 13:55:00,206.0,2026-08-31 14:45:00,197.9,stop_loss,-9.1,-591.5,71.32,-662.82,0
IS,S5M_ON,ITM1,PE,NIFTY26SEP24100PE,2026-09-01 09:20:00,231.75,2026-09-01 10:50:00,210.25,next_choch,-22.5,-1462.5,73.2,-1535.7,0
IS,S5M_ON,ITM1,PE,NIFTY26SEP24100PE,2026-09-01 13:40:00,235.2,2026-09-03 09:15:00,251.35,next_choch,15.15,984.75,77.07,907.68,0
IS,S5M_ON,ITM1,PE,NIFTY26SEP23850PE,2026-09-02 09:20:00,239.45,2026-09-02 12:30:00,211.8,next_choch,-28.65,-1862.25,73.56,-1935.81,0
IS,S5M_ON,ITM1,CE,NIFTY26SEP23750CE,2026-09-02 13:10:00,434.75,2026-09-02 13:30:00,428.15,stop_loss,-7.6,-494.0,99.1,-593.1,0
IS,S5M_ON,ITM1,CE,NIFTY26SEP23750CE,2026-09-02 14:05:00,445.0,2026-09-02 14:45:00,446.65,next_choch,0.65,42.25,101.09,-58.84,0
IS,S5M_ON,ITM1,PE,NIFTY26SEP23850PE,2026-09-02 15:00:00,211.95,2026-09-02 15:10:00,199.65,stop_loss,-13.3,-864.5,71.65,-936.15,0
IS,S5M_ON,ITM1,CE,NIFTY26SEP23900CE,2026-09-03 09:35:00,390.25,2026-09-03 10:35:00,362.2,stop_loss,-29.05,-1888.25,91.75,-1980.0,0
IS,S5M_ON,ITM1,PE,NIFTY26SEP24000PE,2026-09-03 11:00:00,223.0,2026-09-03 11:35:00,211.25,stop_loss,-12.75,-828.75,73.04,-901.79,0
IS,S5M_ON,ITM1,CE,NIFTY26SEP23900CE,2026-09-04 09:45:00,334.7,2026-09-04 12:55:00,332.05,next_choch,-3.65,-237.25,87.37,-324.62,0
IS,S5M_ON,ITM1,CE,NIFTY26SEP23900CE,2026-09-04 14:25:00,348.8,2026-09-04 14:35:00,339.0,stop_loss,-10.8,-702.0,88.42,-790.42,0
IS,S5M_ON,ITM1,PE,NIFTY26SEP24000PE,2026-09-04 14:40:00,214.0,2026-09-04 15:10:00,211.25,next_choch,-3.75,-243.75,72.78,-316.53,0
IS,S5M_ON,ITM1,CE,NIFTY26SEP23200CE,2026-09-11 13:55:00,388.05,2026-09-15 09:55:00,354.75,stop_loss,-34.3,-2229.5,91.0,-2320.5,0
IS,S5M_ON,ITM1,PE,NIFTY26SEP23300PE,2026-09-16 11:25:00,240.2,2026-09-16 12:10:00,231.1,next_choch,-10.1,-656.5,75.36,-731.86,0
IS,S5M_ON,ITM1,CE,NIFTY26SEP23200CE,2026-09-16 13:05:00,300.95,2026-09-16 13:25:00,270.0,stop_loss,-31.95,-2076.75,80.69,-2157.44,0
IS,S5M_ON,ITM1,CE,NIFTY26SEP23200CE,2026-09-17 10:10:00,293.85,2026-09-17 10:20:00,277.0,stop_loss,-17.85,-1160.25,81.13,-1241.38,0
IS,S5M_ON,ITM1,CE,NIFTY26SEP23200CE,2026-09-17 12:20:00,317.9,2026-09-17 13:20:00,283.0,stop_loss,-35.9,-2333.5,82.37,-2415.87,0
IS,S5M_ON,ITM1,CE,NIFTY26SEP23250CE,2026-09-18 12:40:00,236.0,2026-09-18 12:45:00,232.0,stop_loss,-5.0,-325.0,75.32,-400.32,0
IS,S5M_ON,ITM1,CE,NIFTY26SEP23250CE,2026-09-18 14:25:00,249.9,2026-09-18 15:05:00,239.35,next_choch,-11.55,-750.75,76.4,-827.15,0
IS,S5M_ON,ITM1,CE,NIFTY26SEP23350CE,2026-09-21 11:50:00,185.8,2026-09-21 13:10:00,175.5,stop_loss,-11.3,-734.5,68.67,-803.17,0
IS,S5M_ON,ITM1,PE,NIFTY26SEP23500PE,2026-09-22 13:00:00,216.0,2026-09-22 14:10:00,200.2,stop_loss,-16.8,-1092.0,71.82,-1163.82,0
IS,S5M_ON,ITM1,PE,NIFTY26SEP23450PE,2026-09-23 09:50:00,157.5,2026-09-23 10:15:00,136.45,stop_loss,-22.05,-1433.25,64.27,-1497.52,0
IS,S5M_ON,ITM1,CE,NIFTY26SEP23350CE,2026-09-23 10:30:00,159.85,2026-09-23 14:45:00,167.85,next_choch,7.0,455.0,67.22,387.78,0
IS,S5M_ON,ITM1,PE,NIFTY26SEP23300PE,2026-09-24 09:40:00,148.0,2026-09-24 10:50:00,133.55,next_choch,-15.45,-1004.25,63.72,-1067.97,0
IS,S5M_ON,ITM1,PE,NIFTY26SEP23300PE,2026-09-24 11:30:00,156.45,2026-09-25 14:00:00,138.4,stop_loss,-19.05,-1238.25,64.41,-1302.66,0
IS,S5M_ON,ITM1,PE,NIFTY26SEP23100PE,2026-09-25 12:45:00,108.45,2026-09-25 13:10:00,112.8,next_choch,3.35,217.75,60.67,157.08,0
IS,S5M_ON,ITM1,PE,NIFTY26SEP23100PE,2026-09-25 13:20:00,117.85,2026-09-25 13:40:00,109.3,stop_loss,-9.55,-620.75,60.62,-681.37,0
IS,S5M_ON,OTM1,PE,NIFTY26SEP24200PE,2026-08-27 09:25:00,200.4,2026-08-27 12:50:00,201.55,next_choch,0.15,9.75,71.49,-61.74,0
IS,S5M_ON,OTM1,PE,NIFTY26SEP24200PE,2026-08-27 13:55:00,229.7,2026-08-28 09:25:00,218.25,next_choch,-12.45,-809.25,73.87,-883.12,0
IS,S5M_ON,OTM1,CE,NIFTY26SEP24150CE,2026-08-28 10:10:00,396.5,2026-08-28 11:25:00,366.35,stop_loss,-31.15,-2024.75,92.31,-2117.06,0
IS,S5M_ON,OTM1,CE,NIFTY26SEP24150CE,2026-08-28 14:50:00,369.75,2026-08-28 15:00:00,353.0,stop_loss,-17.75,-1153.75,90.31,-1244.06,0
IS,S5M_ON,OTM1,CE,NIFTY26SEP24150CE,2026-08-28 15:20:00,388.65,2026-08-31 09:15:00,300.6,stop_loss,-89.05,-5788.25,86.04,-5874.29,0
IS,S5M_ON,OTM1,PE,NIFTY26SEP24000PE,2026-08-31 09:25:00,196.25,2026-08-31 12:40:00,165.15,next_choch,-32.1,-2086.5,68.02,-2154.52,0
IS,S5M_ON,OTM1,PE,NIFTY26SEP24000PE,2026-08-31 13:55:00,171.75,2026-08-31 14:45:00,165.5,stop_loss,-7.25,-471.25,67.35,-538.6,0
IS,S5M_ON,OTM1,PE,NIFTY26SEP24000PE,2026-09-01 09:50:00,197.0,2026-09-01 10:50:00,172.2,stop_loss,-25.8,-1677.0,68.69,-1745.69,0
IS,S5M_ON,OTM1,PE,NIFTY26SEP24000PE,2026-09-01 13:40:00,194.5,2026-09-01 14:55:00,222.65,next_choch,27.15,1764.75,73.26,1691.49,0
IS,S5M_ON,OTM1,PE,NIFTY26SEP23750PE,2026-09-02 09:20:00,199.6,2026-09-02 09:30:00,186.55,stop_loss,-14.05,-913.25,70.09,-983.34,0
IS,S5M_ON,OTM1,CE,NIFTY26SEP23850CE,2026-09-02 13:10:00,370.75,2026-09-02 13:15:00,364.35,stop_loss,-7.4,-481.0,91.38,-572.38,0
IS,S5M_ON,OTM1,PE,NIFTY26SEP23750PE,2026-09-02 13:50:00,174.75,2026-09-02 13:55:00,170.95,stop_loss,-4.8,-312.0,67.94,-379.94,0
IS,S5M_ON,OTM1,CE,NIFTY26SEP23850CE,2026-09-02 14:05:00,381.6,2026-09-02 14:55:00,363.55,stop_loss,-19.05,-1238.25,91.62,-1329.87,0
IS,S5M_ON,OTM1,PE,NIFTY26SEP23750PE,2026-09-02 15:00:00,176.7,2026-09-02 15:10:00,167.1,stop_loss,-10.6,-689.0,67.64,-756.64,0
IS,S5M_ON,OTM1,PE,NIFTY26SEP23900PE,2026-09-03 14:55:00,204.35,2026-09-04 09:15:00,182.95,stop_loss,-22.4,-1456.0,69.89,-1525.89,0
IS,S5M_ON,OTM1,CE,NIFTY26SEP24000CE,2026-09-04 09:45:00,275.4,2026-09-04 12:55:00,272.25,next_choch,-4.15,-269.75,80.16,-349.91,0
IS,S5M_ON,OTM1,CE,NIFTY26SEP23300CE,2026-09-11 13:55:00,319.3,2026-09-15 09:55:00,290.4,stop_loss,-29.9,-1943.5,83.1,-2026.6,0
IS,S5M_ON,OTM1,CE,NIFTY26SEP23300CE,2026-09-17 10:10:00,229.3,2026-09-17 10:20:00,215.85,stop_loss,-14.45,-939.25,73.64,-1012.89,0
IS,S5M_ON,OTM1,PE,NIFTY26SEP23200PE,2026-09-17 11:05:00,181.0,2026-09-17 11:40:00,155.25,stop_loss,-26.75,-1738.75,66.67,-1805.42,0
IS,S5M_ON,OTM1,CE,NIFTY26SEP23300CE,2026-09-17 11:55:00,223.35,2026-09-17 13:25:00,198.6,stop_loss,-25.75,-1673.75,71.88,-1745.63,0
IS,S5M_ON,OTM1,CE,NIFTY26SEP23350CE,2026-09-18 12:55:00,176.6,2026-09-18 13:15:00,171.2,stop_loss,-6.4,-416.0,68.01,-484.01,0
IS,S5M_ON,OTM1,CE,NIFTY26SEP23350CE,2026-09-18 14:30:00,188.55,2026-09-18 14:40:00,176.6,stop_loss,-12.95,-841.75,68.85,-910.6,0
IS,S5M_ON,OTM1,CE,NIFTY26SEP23450CE,2026-09-21 11:55:00,131.9,2026-09-21 12:20:00,129.3,next_choch,-3.6,-234.0,62.87,-296.87,0
IS,S5M_ON,OTM1,CE,NIFTY26SEP23450CE,2026-09-21 13:20:00,131.1,2026-09-21 15:25:00,134.75,next_choch,2.65,172.25,63.35,108.9,0
IS,S5M_ON,OTM1,PE,NIFTY26SEP23400PE,2026-09-22 12:50:00,153.8,2026-09-22 13:40:00,154.35,next_choch,-0.45,-29.25,65.8,-95.05,0
IS,S5M_ON,OTM1,PE,NIFTY26SEP23400PE,2026-09-22 13:50:00,178.05,2026-09-22 14:10:00,153.85,stop_loss,-25.2,-1638.0,66.46,-1704.46,0
IS,S5M_ON,OTM1,PE,NIFTY26SEP23350PE,2026-09-23 09:50:00,107.65,2026-09-23 10:15:00,91.5,stop_loss,-17.15,-1114.75,58.69,-1173.44,0
IS,S5M_ON,OTM1,CE,NIFTY26SEP23450CE,2026-09-23 10:30:00,103.55,2026-09-23 14:40:00,107.15,next_choch,2.6,169.0,60.01,108.99,0
IS,S5M_ON,OTM1,PE,NIFTY26SEP23200PE,2026-09-24 09:50:00,103.15,2026-09-24 10:00:00,93.4,next_choch,-10.75,-698.75,58.74,-757.49,0
IS,S5M_ON,OTM1,PE,NIFTY26SEP23200PE,2026-09-24 11:30:00,104.35,2026-09-25 14:00:00,90.7,stop_loss,-14.65,-952.25,58.52,-1010.77,0
IS,S5M_ON,OTM1,PE,NIFTY26SEP23000PE,2026-09-25 12:45:00,68.15,2026-09-25 13:10:00,71.0,next_choch,1.85,120.25,55.67,64.58,0
IS,S5M_ON,OTM1,PE,NIFTY26SEP23000PE,2026-09-25 13:20:00,74.6,2026-09-25 13:40:00,68.6,stop_loss,-7.0,-455.0,55.63,-510.63,0
IS,S5M_ON,OTM2,CE,NIFTY26SEP24400CE,2026-08-26 14:45:00,312.2,2026-08-26 15:00:00,302.5,stop_loss,-10.7,-695.5,84.0,-779.5,0
IS,S5M_ON,OTM2,PE,NIFTY26SEP24150PE,2026-08-27 11:20:00,218.5,2026-08-27 11:55:00,205.35,stop_loss,-14.15,-919.75,72.36,-992.11,0
IS,S5M_ON,OTM2,PE,NIFTY26SEP24150PE,2026-08-27 15:20:00,218.65,2026-08-28 09:25:00,206.5,stop_loss,-13.15,-854.75,72.47,-927.22,0
IS,S5M_ON,OTM2,CE,NIFTY26SEP24200CE,2026-08-28 09:50:00,360.7,2026-08-28 11:25:00,336.1,stop_loss,-25.6,-1664.0,88.49,-1752.49,0
IS,S5M_ON,OTM2,CE,NIFTY26SEP24200CE,2026-08-28 14:50:00,339.3,2026-08-28 15:00:00,322.4,stop_loss,-17.9,-1163.5,86.62,-1250.12,0
IS,S5M_ON,OTM2,CE,NIFTY26SEP24200CE,2026-08-28 15:20:00,356.75,2026-08-31 09:15:00,272.7,stop_loss,-85.05,-5528.25,82.55,-5610.8,0
IS,S5M_ON,OTM2,PE,NIFTY26SEP23950PE,2026-08-31 09:25:00,178.15,2026-08-31 11:50:00,163.2,stop_loss,-15.95,-1036.75,67.32,-1104.07,0
IS,S5M_ON,OTM2,PE,NIFTY26SEP23950PE,2026-08-31 13:55:00,153.9,2026-08-31 14:45:00,150.0,stop_loss,-4.9,-318.5,65.41,-383.91,0
IS,S5M_ON,OTM2,PE,NIFTY26SEP23950PE,2026-09-01 09:45:00,174.0,2026-09-01 10:30:00,164.4,stop_loss,-10.6,-689.0,67.31,-756.31,0
IS,S5M_ON,OTM2,PE,NIFTY26SEP23950PE,2026-09-01 13:40:00,175.2,2026-09-01 14:55:00,202.7,next_choch,26.5,1722.5,70.87,1651.63,0
IS,S5M_ON,OTM2,PE,NIFTY26SEP23700PE,2026-09-02 09:20:00,182.55,2026-09-02 10:20:00,155.85,stop_loss,-27.7,-1800.5,66.77,-1867.27,0
IS,S5M_ON,OTM2,CE,NIFTY26SEP23900CE,2026-09-02 14:05:00,347.35,2026-09-02 14:20:00,335.4,stop_loss,-12.95,-841.75,88.04,-929.79,0
IS,S5M_ON,OTM2,PE,NIFTY26SEP23700PE,2026-09-02 15:00:00,161.55,2026-09-02 15:10:00,151.05,stop_loss,-11.5,-747.5,65.72,-813.22,0
IS,S5M_ON,OTM2,CE,NIFTY26SEP24050CE,2026-09-03 09:35:00,293.95,2026-09-03 10:35:00,270.35,stop_loss,-24.6,-1599.0,80.52,-1679.52,0
IS,S5M_ON,OTM2,PE,NIFTY26SEP23850PE,2026-09-03 15:25:00,195.2,2026-09-04 09:15:00,166.9,stop_loss,-29.3,-1904.5,68.15,-1972.65,0
IS,S5M_ON,OTM2,CE,NIFTY26SEP24050CE,2026-09-04 09:45:00,248.2,2026-09-04 12:55:00,244.3,next_choch,-4.9,-318.5,76.8,-395.3,0
IS,S5M_ON,OTM2,PE,NIFTY26SEP23350PE,2026-09-10 14:05:00,164.2,2026-09-11 10:40:00,229.05,next_choch,63.85,4150.25,72.97,4077.28,0
IS,S5M_ON,OTM2,CE,NIFTY26SEP23350CE,2026-09-11 11:10:00,274.65,2026-09-11 13:00:00,258.8,next_choch,-16.85,-1095.25,78.9,-1174.15,0
IS,S5M_ON,OTM2,CE,NIFTY26SEP23350CE,2026-09-11 13:55:00,289.65,2026-09-15 09:55:00,261.7,stop_loss,-28.95,-1881.75,79.6,-1961.35,0
IS,S5M_ON,OTM2,CE,NIFTY26SEP23350CE,2026-09-17 10:10:00,203.15,2026-09-17 10:20:00,188.65,stop_loss,-15.5,-1007.5,70.38,-1077.88,0
IS,S5M_ON,OTM2,CE,NIFTY26SEP23350CE,2026-09-17 12:20:00,219.75,2026-09-17 13:20:00,192.05,stop_loss,-28.7,-1865.5,71.18,-1936.68,0
IS,S5M_ON,OTM2,PE,NIFTY26SEP23350PE,2026-09-22 12:50:00,129.0,2026-09-22 13:40:00,129.3,next_choch,-0.7,-45.5,62.78,-108.28,0
IS,S5M_ON,OTM2,PE,NIFTY26SEP23350PE,2026-09-22 13:50:00,151.0,2026-09-22 14:10:00,129.25,stop_loss,-22.75,-1478.75,63.42,-1542.17,0
IS,S5M_ON,OTM2,PE,NIFTY26SEP23150PE,2026-09-24 09:50:00,83.35,2026-09-24 10:00:00,74.9,next_choch,-9.45,-614.25,56.46,-670.71,0
IS,S5M_ON,OTM2,PE,NIFTY26SEP23150PE,2026-09-24 11:30:00,83.9,2026-09-25 11:20:00,120.9,next_choch,36.0,2340.0,60.71,2279.29,0
IS,S5M_ON,OTM2,PE,NIFTY26SEP22950PE,2026-09-25 13:20:00,58.4,2026-09-25 13:40:00,53.25,stop_loss,-6.15,-399.75,53.75,-453.5,0
IS,S5M_ON,OTM3,CE,NIFTY26SEP24450CE,2026-08-26 14:45:00,284.45,2026-08-26 15:00:00,275.3,stop_loss,-10.15,-659.75,80.7,-740.45,0
IS,S5M_ON,OTM3,PE,NIFTY26SEP24100PE,2026-08-27 11:20:00,200.25,2026-08-27 11:55:00,187.8,stop_loss,-13.45,-874.25,70.22,-944.47,0
IS,S5M_ON,OTM3,PE,NIFTY26SEP24100PE,2026-08-27 14:00:00,192.55,2026-08-27 14:15:00,185.15,stop_loss,-8.4,-546.0,69.76,-615.76,0
IS,S5M_ON,OTM3,CE,NIFTY26SEP24250CE,2026-08-28 10:15:00,337.95,2026-08-28 11:05:00,325.05,stop_loss,-13.9,-903.5,86.82,-990.32,0
IS,S5M_ON,OTM3,CE,NIFTY26SEP24250CE,2026-08-28 14:30:00,299.65,2026-08-28 15:00:00,293.15,stop_loss,-7.5,-487.5,82.78,-570.28,0
IS,S5M_ON,OTM3,PE,NIFTY26SEP23900PE,2026-08-31 09:25:00,162.05,2026-08-31 12:20:00,139.7,next_choch,-23.35,-1517.75,64.7,-1582.45,0
IS,S5M_ON,OTM3,PE,NIFTY26SEP23900PE,2026-08-31 13:55:00,142.05,2026-08-31 14:45:00,136.0,stop_loss,-7.05,-458.25,63.78,-522.03,0
IS,S5M_ON,OTM3,PE,NIFTY26SEP23900PE,2026-09-01 09:20:00,158.5,2026-09-01 09:25:00,149.3,stop_loss,-10.2,-663.0,65.48,-728.48,0
IS,S5M_ON,OTM3,PE,NIFTY26SEP23900PE,2026-09-01 13:35:00,157.3,2026-09-02 13:10:00,218.75,next_choch,60.45,3929.25,71.83,3857.42,0
IS,S5M_ON,OTM3,CE,NIFTY26SEP23950CE,2026-09-02 13:10:00,311.0,2026-09-02 13:30:00,305.0,stop_loss,-7.0,-455.0,84.2,-539.2,0
IS,S5M_ON,OTM3,CE,NIFTY26SEP23950CE,2026-09-02 14:05:00,319.15,2026-09-02 14:20:00,306.45,stop_loss,-13.7,-890.5,84.57,-975.07,0
IS,S5M_ON,OTM3,PE,NIFTY26SEP23650PE,2026-09-02 15:00:00,146.2,2026-09-02 15:20:00,137.0,stop_loss,-10.2,-663.0,63.99,-726.99,0
IS,S5M_ON,OTM3,PE,NIFTY26SEP23800PE,2026-09-03 14:55:00,165.85,2026-09-04 09:15:00,148.6,stop_loss,-18.25,-1186.25,65.62,-1251.87,0
IS,S5M_ON,OTM3,PE,NIFTY26SEP23350PE,2026-09-09 15:10:00,146.95,2026-09-10 11:15:00,152.25,next_choch,4.3,279.5,65.41,214.09,0
IS,S5M_ON,OTM3,PE,NIFTY26SEP23350PE,2026-09-15 12:55:00,223.45,2026-09-16 13:05:00,226.65,next_choch,2.2,143.0,74.46,68.54,0
IS,S5M_ON,OTM3,PE,NIFTY26SEP23100PE,2026-09-17 11:05:00,143.25,2026-09-17 11:40:00,122.05,stop_loss,-22.2,-1443.0,62.53,-1505.53,0
IS,S5M_ON,OTM3,CE,NIFTY26SEP23450CE,2026-09-18 13:00:00,128.25,2026-09-18 13:15:00,122.65,stop_loss,-6.6,-429.0,62.15,-491.15,0
IS,S5M_ON,OTM3,CE,NIFTY26SEP23450CE,2026-09-18 14:30:00,134.25,2026-09-18 14:40:00,125.05,stop_loss,-10.2,-663.0,62.55,-725.55,0
IS,S5M_ON,OTM3,CE,NIFTY26SEP23550CE,2026-09-23 12:00:00,77.4,2026-09-23 12:45:00,73.05,next_choch,-5.35,-347.75,56.12,-403.87,0
IS,S5M_ON,OTM3,PE,NIFTY26SEP23100PE,2026-09-24 09:50:00,66.35,2026-09-24 10:00:00,59.25,next_choch,-8.1,-526.5,54.53,-581.03,0
IS,S5M_ON,OTM3,PE,NIFTY26SEP23100PE,2026-09-24 11:30:00,66.8,2026-09-25 09:15:00,101.7,next_choch,33.9,2203.5,58.45,2145.05,0
IS,S5M_ON,OTM3,PE,NIFTY26SEP22900PE,2026-09-25 13:20:00,45.7,2026-09-25 13:40:00,41.5,stop_loss,-5.2,-338.0,52.3,-390.3,0
IS,S5M_ON,OTM4,CE,NIFTY26SEP24500CE,2026-08-26 14:45:00,257.95,2026-08-26 15:00:00,249.9,stop_loss,-9.05,-588.25,77.6,-665.85,0
IS,S5M_ON,OTM4,PE,NIFTY26SEP24050PE,2026-08-27 09:25:00,149.65,2026-08-27 13:15:00,154.3,next_choch,3.65,237.25,65.68,171.57,0
IS,S5M_ON,OTM4,PE,NIFTY26SEP24050PE,2026-08-27 13:40:00,157.0,2026-08-28 09:25:00,165.65,next_choch,7.65,497.25,66.94,430.31,0
IS,S5M_ON,OTM4,CE,NIFTY26SEP24300CE,2026-08-28 10:10:00,305.05,2026-08-28 11:25:00,278.65,stop_loss,-27.4,-1781.0,81.6,-1862.6,0
IS,S5M_ON,OTM4,CE,NIFTY26SEP24300CE,2026-08-28 14:30:00,270.7,2026-08-28 15:00:00,268.25,next_choch,-3.45,-224.25,79.65,-303.9,0
IS,S5M_ON,OTM4,CE,NIFTY26SEP24300CE,2026-08-28 15:20:00,296.5,2026-08-31 09:15:00,222.6,stop_loss,-74.9,-4868.5,76.2,-4944.7,0
IS,S5M_ON,OTM4,PE,NIFTY26SEP23850PE,2026-08-31 09:25:00,147.65,2026-08-31 11:50:00,134.0,stop_loss,-14.65,-952.25,63.76,-1016.01,0
IS,S5M_ON,OTM4,PE,NIFTY26SEP23850PE,2026-08-31 13:55:00,127.0,2026-08-31 14:45:00,123.0,stop_loss,-5.0,-325.0,62.15,-387.15,0
IS,S5M_ON,OTM4,PE,NIFTY26SEP23850PE,2026-09-01 09:20:00,142.9,2026-09-01 09:25:00,137.0,stop_loss,-6.9,-448.5,63.89,-512.39,0
IS,S5M_ON,OTM4,PE,NIFTY26SEP23850PE,2026-09-01 13:40:00,143.7,2026-09-01 15:25:00,160.4,next_choch,15.7,1020.5,66.07,954.43,0
IS,S5M_ON,OTM4,CE,NIFTY26SEP24150CE,2026-09-03 09:35:00,239.8,2026-09-03 11:00:00,213.0,next_choch,-27.8,-1807.0,73.68,-1880.68,0
IS,S5M_ON,OTM4,PE,NIFTY26SEP23750PE,2026-09-03 14:55:00,152.0,2026-09-04 09:15:00,134.05,stop_loss,-18.95,-1231.75,63.89,-1295.64,0
IS,S5M_ON,OTM4,CE,NIFTY26SEP24150CE,2026-09-04 09:50:00,205.85,2026-09-04 12:55:00,190.85,stop_loss,-16.0,-1040.0,70.66,-1110.66,0
IS,S5M_ON,OTM4,CE,NIFTY26SEP23450CE,2026-09-11 13:55:00,231.6,2026-09-15 09:45:00,220.0,next_choch,-12.6,-819.0,74.09,-893.09,0
IS,S5M_ON,OTM4,PE,NIFTY26SEP23300PE,2026-09-15 09:55:00,170.0,2026-09-16 10:45:00,213.5,next_choch,42.5,2762.5,71.71,2690.79,0
IS,S5M_ON,OTM4,PE,NIFTY26SEP23050PE,2026-09-17 11:05:00,126.05,2026-09-17 11:40:00,107.0,stop_loss,-20.05,-1303.25,60.65,-1363.9,0
IS,S5M_ON,OTM4,CE,NIFTY26SEP23450CE,2026-09-17 12:20:00,164.8,2026-09-17 13:20:00,141.7,stop_loss,-24.1,-1566.5,64.96,-1631.46,0
IS,S5M_ON,OTM4,PE,NIFTY26SEP23050PE,2026-09-24 09:50:00,52.9,2026-09-24 10:00:00,46.95,next_choch,-6.95,-451.75,53.01,-504.76,0
IS,S5M_ON,OTM4,PE,NIFTY26SEP23050PE,2026-09-24 11:30:00,52.95,2026-09-25 09:15:00,82.0,next_choch,28.05,1823.25,56.24,1767.01,0
IS,S5M_ON,OTM4,PE,NIFTY26SEP22850PE,2026-09-25 12:45:00,32.15,2026-09-25 13:10:00,33.75,next_choch,0.6,39.0,51.2,-12.2,0
IS,S5M_ON,OTM4,PE,NIFTY26SEP22850PE,2026-09-25 13:20:00,35.45,2026-09-25 13:40:00,32.2,stop_loss,-4.25,-276.25,51.15,-327.4,0
OOS,S5M_ON,ATR2,PE,NIFTY26SEP24250PE,2026-07-08 12:20:00,422.55,2026-07-08 13:00:00,419.55,stop_loss,-4.0,-260.0,97.95,-357.95,0
OOS,S5M_ON,ATR2,CE,NIFTY26SEP24250CE,2026-07-10 10:25:00,661.5,2026-07-13 10:10:00,600.0,stop_loss,-62.5,-4062.5,121.45,-4183.95,0
OOS,S5M_ON,ATR2,PE,NIFTY26SEP24050PE,2026-07-14 13:40:00,454.05,2026-07-15 09:40:00,383.2,stop_loss,-71.85,-4670.25,95.52,-4765.77,0
OOS,S5M_ON,ATR2,CE,NIFTY26SEP24200CE,2026-07-15 09:20:00,672.05,2026-07-15 12:50:00,642.15,next_choch,-30.9,-2008.5,125.63,-2134.13,0
OOS,S5M_ON,ATR2,CE,NIFTY26SEP24200CE,2026-07-16 10:50:00,660.0,2026-07-16 11:50:00,655.0,stop_loss,-6.0,-390.0,126.46,-516.46,0
OOS,S5M_ON,ATR2,CE,NIFTY26SEP24250CE,2026-07-17 09:45:00,655.25,2026-07-20 11:35:00,640.0,stop_loss,-16.25,-1056.25,124.95,-1181.2,0
OOS,S5M_ON,ATR2,PE,NIFTY26SEP24150PE,2026-07-20 11:55:00,424.3,2026-07-20 13:10:00,402.75,stop_loss,-22.55,-1465.75,96.46,-1562.21,0
OOS,S5M_ON,ATR2,PE,NIFTY26SEP24050PE,2026-07-22 09:35:00,421.65,2026-07-27 11:25:00,437.15,next_choch,14.5,942.5,99.55,842.95,0
OOS,S5M_ON,ATR2,CE,NIFTY26SEP24250CE,2026-07-29 14:15:00,575.45,2026-07-29 15:15:00,557.35,stop_loss,-19.1,-1241.5,115.04,-1356.54,0
OOS,S5M_ON,ATR2,CE,NIFTY26SEP24300CE,2026-07-30 12:30:00,566.2,2026-07-30 13:10:00,535.2,stop_loss,-32.0,-2080.0,112.74,-2192.74,0
OOS,S5M_ON,ATR2,CE,NIFTY26SEP24600CE,2026-08-03 10:10:00,510.05,2026-08-04 10:55:00,507.2,next_choch,-3.85,-250.25,108.54,-358.79,0
OOS,S5M_ON,ATR2,PE,NIFTY26SEP24550PE,2026-08-04 13:55:00,386.25,2026-08-04 14:05:00,370.3,stop_loss,-16.95,-1101.75,92.38,-1194.13,0
OOS,S5M_ON,ATR2,PE,NIFTY26SEP24600PE,2026-08-05 11:55:00,337.1,2026-08-05 14:55:00,350.0,next_choch,11.9,773.5,89.09,684.41,0
OOS,S5M_ON,ATR2,PE,NIFTY26SEP24600PE,2026-08-06 12:55:00,312.95,2026-08-06 13:35:00,306.05,stop_loss,-7.9,-513.5,84.35,-597.85,0
OOS,S5M_ON,ATR2,PE,NIFTY26SEP24550PE,2026-08-07 10:20:00,316.1,2026-08-07 13:45:00,316.65,next_choch,-0.45,-29.25,85.42,-114.67,0
OOS,S5M_ON,ATR2,PE,NIFTY26SEP24550PE,2026-08-07 14:10:00,327.4,2026-08-07 15:05:00,318.7,stop_loss,-9.7,-630.5,85.93,-716.43,0
OOS,S5M_ON,ATR2,CE,NIFTY26SEP24650CE,2026-08-07 15:20:00,489.65,2026-08-10 09:15:00,400.0,stop_loss,-90.65,-5892.25,98.09,-5990.34,0
OOS,S5M_ON,ATR2,CE,NIFTY26SEP24650CE,2026-08-10 11:00:00,496.5,2026-08-11 09:15:00,444.0,next_choch,-53.5,-3477.5,102.34,-3579.84,0
OOS,S5M_ON,ATR2,PE,NIFTY26SEP24350PE,2026-08-12 10:55:00,294.8,2026-08-12 14:30:00,283.85,next_choch,-11.95,-776.75,81.79,-858.54,0
OOS,S5M_ON,ATR2,PE,NIFTY26SEP24300PE,2026-08-17 10:15:00,276.95,2026-08-17 12:15:00,265.9,next_choch,-12.05,-783.25,79.62,-862.87,0
OOS,S5M_ON,ATR2,PE,NIFTY26SEP24200PE,2026-08-18 09:40:00,251.85,2026-08-18 14:50:00,259.95,next_choch,7.1,461.5,78.35,383.15,0
OOS,S5M_ON,ATR2,PE,NIFTY26SEP24300PE,2026-08-24 11:10:00,271.45,2026-08-24 15:25:00,279.0,next_choch,6.55,425.75,80.66,345.09,0
OOS,S5M_ON,ATR2,CE,NIFTY26SEP24200CE,2026-08-25 11:10:00,354.75,2026-08-25 13:10:00,343.65,stop_loss,-12.1,-786.5,89.02,-875.52,0
OOS,S5M_ON,ATR2,CE,NIFTY26SEP24200CE,2026-08-25 14:40:00,413.25,2026-08-25 15:25:00,455.35,open,41.1,2671.5,100.98,2570.52,1
OOS,S5M_ON,ATM,PE,NIFTY26SEP24300PE,2026-07-08 09:25:00,450.0,2026-07-08 11:15:00,423.9,stop_loss,-27.1,-1761.5,99.15,-1860.65,0
OOS,S5M_ON,ATM,CE,NIFTY26SEP24000CE,2026-07-09 10:40:00,772.2,2026-07-09 10:45:00,751.0,stop_loss,-22.2,-1443.0,138.53,-1581.53,0
OOS,S5M_ON,ATM,CE,NIFTY26SEP24150CE,2026-07-10 09:35:00,721.0,2026-07-13 10:50:00,689.2,stop_loss,-32.8,-2132.0,131.37,-2263.37,0
OOS,S5M_ON,ATM,PE,NIFTY26SEP24100PE,2026-07-14 09:40:00,459.4,2026-07-14 11:20:00,439.2,stop_loss,-21.2,-1378.0,100.82,-1478.82,0
OOS,S5M_ON,ATM,CE,NIFTY26SEP24100CE,2026-07-14 10:50:00,702.0,2026-07-14 12:15:00,678.0,stop_loss,-25.0,-1625.0,129.79,-1754.79,0
OOS,S5M_ON,ATM,PE,NIFTY26SEP24150PE,2026-07-16 12:10:00,422.0,2026-07-16 12:25:00,417.55,stop_loss,-5.45,-354.25,97.75,-452.0,0
OOS,S5M_ON,ATM,PE,NIFTY26SEP24150PE,2026-07-16 15:10:00,446.15,2026-07-17 09:20:00,420.0,stop_loss,-27.15,-1764.75,98.68,-1863.43,0
OOS,S5M_ON,ATM,CE,NIFTY26SEP24200CE,2026-07-17 09:25:00,660.0,2026-07-20 09:25:00,663.8,next_choch,2.8,182.0,127.27,54.73,0
OOS,S5M_ON,ATM,PE,NIFTY26SEP24200PE,2026-07-20 12:45:00,455.0,2026-07-20 13:05:00,445.1,stop_loss,-10.9,-708.5,101.24,-809.74,0
OOS,S5M_ON,ATM,CE,NIFTY26SEP24200CE,2026-07-20 13:20:00,693.95,2026-07-20 15:00:00,687.35,next_choch,-7.6,-494.0,130.42,-624.42,0
OOS,S5M_ON,ATM,PE,NIFTY26SEP24250PE,2026-07-21 09:25:00,418.75,2026-07-27 11:25:00,520.75,next_choch,101.0,6565.0,107.15,6457.85,0
OOS,S5M_ON,ATM,PE,NIFTY26SEP24100PE,2026-07-22 09:45:00,447.0,2026-07-22 10:05:00,437.9,stop_loss,-10.1,-656.5,100.35,-756.85,0
OOS,S5M_ON,ATM,CE,NIFTY26SEP23900CE,2026-07-27 11:25:00,650.0,2026-07-27 13:30:00,636.0,stop_loss,-15.0,-975.0,124.43,-1099.43,0
OOS,S5M_ON,ATM,CE,NIFTY26SEP23900CE,2026-07-27 14:10:00,664.0,2026-07-28 09:30:00,665.95,next_choch,0.95,61.75,127.59,-65.84,0
OOS,S5M_ON,ATM,CE,NIFTY26SEP24250CE,2026-07-30 12:30:00,601.35,2026-07-30 14:05:00,582.2,next_choch,-20.15,-1309.75,118.07,-1427.82,0
OOS,S5M_ON,ATM,PE,NIFTY26SEP24600PE,2026-08-04 12:40:00,382.95,2026-08-04 15:15:00,372.95,stop_loss,-11.0,-715.0,92.52,-807.52,0
OOS,S5M_ON,ATM,PE,NIFTY26SEP24650PE,2026-08-06 13:05:00,334.9,2026-08-06 13:35:00,330.0,stop_loss,-5.9,-383.5,87.19,-470.69,0
OOS,S5M_ON,ATM,PE,NIFTY26SEP24600PE,2026-08-07 12:05:00,343.9,2026-08-07 13:50:00,331.0,stop_loss,-13.9,-903.5,87.54,-991.04,0
OOS,S5M_ON,ATM,CE,NIFTY26SEP24600CE,2026-08-07 15:15:00,521.35,2026-08-07 15:20:00,515.0,stop_loss,-7.35,-477.75,109.58,-587.33,0
OOS,S5M_ON,ATM,CE,NIFTY26SEP24600CE,2026-08-10 10:45:00,524.0,2026-08-10 10:50:00,517.35,stop_loss,-7.65,-497.25,109.88,-607.13,0
OOS,S5M_ON,ATM,PE,NIFTY26SEP24400PE,2026-08-12 11:35:00,327.15,2026-08-12 12:30:00,319.2,next_choch,-8.95,-581.75,85.97,-667.72,0
OOS,S5M_ON,ATM,PE,NIFTY26SEP24400PE,2026-08-12 13:45:00,324.75,2026-08-12 14:30:00,315.8,stop_loss,-9.95,-646.75,85.59,-732.34,0
OOS,S5M_ON,ATM,CE,NIFTY26SEP24300CE,2026-08-14 14:50:00,536.75,2026-08-14 15:05:00,525.75,stop_loss,-12.0,-780.0,111.02,-891.02,0
OOS,S5M_ON,ATM,PE,NIFTY26SEP24300PE,2026-08-17 10:15:00,276.95,2026-08-17 12:15:00,265.9,next_choch,-12.05,-783.25,79.62,-862.87,0
OOS,S5M_ON,ATM,CE,NIFTY26SEP24300CE,2026-08-17 14:45:00,494.0,2026-08-17 15:15:00,484.0,next_choch,-11.0,-715.0,105.94,-820.94,0
OOS,S5M_ON,ATM,PE,NIFTY26SEP24250PE,2026-08-18 09:30:00,271.65,2026-08-20 09:15:00,260.15,stop_loss,-12.5,-812.5,78.94,-891.44,0
OOS,S5M_ON,ATM,CE,NIFTY26SEP24200CE,2026-08-20 12:10:00,416.6,2026-08-20 14:15:00,435.25,next_choch,17.65,1147.25,99.22,1048.03,0
OOS,S5M_ON,ATM,CE,NIFTY26SEP24200CE,2026-08-20 14:30:00,438.5,2026-08-20 14:45:00,431.35,stop_loss,-8.15,-529.75,99.5,-629.25,0
OOS,S5M_ON,ATM,PE,NIFTY26SEP24300PE,2026-08-24 11:10:00,271.45,2026-08-24 15:25:00,279.0,next_choch,6.55,425.75,80.66,345.09,0
OOS,S5M_ON,ATM,CE,NIFTY26SEP24200CE,2026-08-25 11:10:00,354.75,2026-08-25 13:10:00,343.65,stop_loss,-12.1,-786.5,89.02,-875.52,0
OOS,S5M_ON,ATM,CE,NIFTY26SEP24200CE,2026-08-25 14:40:00,413.25,2026-08-25 15:25:00,455.35,open,41.1,2671.5,100.98,2570.52,1
OOS,S5M_ON,ITM2,PE,NIFTY26SEP24400PE,2026-07-08 09:25:00,488.0,2026-07-10 09:45:00,500.0,next_choch,11.0,715.0,107.24,607.76,0
OOS,S5M_ON,ITM2,CE,NIFTY26SEP23900CE,2026-07-09 09:45:00,822.0,2026-07-09 11:00:00,800.3,stop_loss,-22.7,-1475.5,144.5,-1620.0,0
OOS,S5M_ON,ITM2,PE,NIFTY26SEP24100PE,2026-07-09 15:00:00,472.05,2026-07-10 09:15:00,392.7,stop_loss,-80.35,-5222.75,96.91,-5319.66,0
OOS,S5M_ON,ITM2,CE,NIFTY26SEP24050CE,2026-07-10 09:35:00,782.85,2026-07-10 10:30:00,779.95,stop_loss,-3.9,-253.5,141.5,-395.0,0
OOS,S5M_ON,ITM2,PE,NIFTY26SEP24200PE,2026-07-14 09:40:00,500.0,2026-07-15 09:15:00,460.55,stop_loss,-40.45,-2629.25,103.96,-2733.21,0
OOS,S5M_ON,ITM2,CE,NIFTY26SEP24000CE,2026-07-14 11:00:00,765.65,2026-07-14 11:35:00,750.9,stop_loss,-15.75,-1023.75,138.33,-1162.08,0
OOS,S5M_ON,ITM2,CE,NIFTY26SEP24100CE,2026-07-17 09:20:00,710.8,2026-07-20 11:45:00,725.95,next_choch,14.15,919.75,134.45,785.3,0
OOS,S5M_ON,ITM2,PE,NIFTY26SEP24300PE,2026-07-20 12:25:00,488.0,2026-07-20 13:00:00,476.75,stop_loss,-12.25,-796.25,105.1,-901.35,0
OOS,S5M_ON,ITM2,PE,NIFTY26SEP24200PE,2026-07-22 09:25:00,477.25,2026-07-22 11:40:00,477.75,next_choch,-0.5,-32.5,104.89,-137.39,0
OOS,S5M_ON,ITM2,PE,NIFTY26SEP24200PE,2026-07-22 14:25:00,519.0,2026-07-22 14:35:00,515.0,stop_loss,-5.0,-325.0,109.52,-434.52,0
OOS,S5M_ON,ITM2,CE,NIFTY26SEP23800CE,2026-07-27 09:30:00,702.0,2026-07-27 09:55:00,693.3,stop_loss,-9.7,-630.5,131.2,-761.7,0
OOS,S5M_ON,ITM2,PE,NIFTY26SEP24700PE,2026-08-04 13:50:00,447.6,2026-08-04 14:05:00,437.85,stop_loss,-10.75,-698.75,100.36,-799.11,0
OOS,S5M_ON,ITM2,CE,NIFTY26SEP24500CE,2026-08-04 15:20:00,521.85,2026-08-05 12:10:00,582.05,next_choch,59.2,3848.0,115.76,3732.24,0
OOS,S5M_ON,ITM2,CE,NIFTY26SEP24550CE,2026-08-05 11:00:00,597.35,2026-08-05 11:35:00,568.55,stop_loss,-29.8,-1937.0,116.7,-2053.7,0
OOS,S5M_ON,ITM2,PE,NIFTY26SEP24750PE,2026-08-05 11:55:00,400.85,2026-08-06 09:20:00,362.35,stop_loss,-39.5,-2567.5,92.07,-2659.57,0
OOS,S5M_ON,ITM2,CE,NIFTY26SEP24550CE,2026-08-06 11:55:00,605.45,2026-08-06 13:00:00,592.2,stop_loss,-14.25,-926.25,119.11,-1045.36,0
OOS,S5M_ON,ITM2,PE,NIFTY26SEP24700PE,2026-08-07 10:15:00,374.25,2026-08-07 15:10:00,362.4,next_choch,-12.85,-835.25,91.3,-926.55,0
OOS,S5M_ON,ITM2,PE,NIFTY26SEP24700PE,2026-08-10 09:35:00,389.9,2026-08-10 10:10:00,380.85,stop_loss,-10.05,-653.25,93.45,-746.7,0
OOS,S5M_ON,ITM2,CE,NIFTY26SEP24500CE,2026-08-10 11:00:00,584.5,2026-08-10 11:45:00,578.0,stop_loss,-7.5,-487.5,117.2,-604.7,0
OOS,S5M_ON,ITM2,PE,NIFTY26SEP24600PE,2026-08-11 09:20:00,352.1,2026-08-11 13:25:00,349.2,next_choch,-3.9,-253.5,89.45,-342.95,0
OOS,S5M_ON,ITM2,PE,NIFTY26SEP24500PE,2026-08-12 10:55:00,357.0,2026-08-12 14:40:00,337.6,stop_loss,-20.4,-1326.0,88.52,-1414.52,0
OOS,S5M_ON,ITM2,PE,NIFTY26SEP24400PE,2026-08-17 10:10:00,310.7,2026-08-17 12:15:00,304.6,next_choch,-7.1,-461.5,84.15,-545.65,0
OOS,S5M_ON,ITM2,PE,NIFTY26SEP24350PE,2026-08-18 09:30:00,312.0,2026-08-20 09:15:00,301.85,stop_loss,-11.15,-724.75,83.94,-808.69,0
OOS,S5M_ON,ITM2,PE,NIFTY26SEP24200PE,2026-08-19 09:30:00,306.25,2026-08-19 14:35:00,304.75,next_choch,-2.5,-162.5,84.04,-246.54,0
OOS,S5M_ON,ITM2,CE,NIFTY26SEP24100CE,2026-08-20 12:40:00,485.2,2026-08-21 09:30:00,464.85,next_choch,-21.35,-1387.75,103.93,-1491.68,0
OOS,S5M_ON,ITM2,PE,NIFTY26SEP24350PE,2026-08-21 09:30:00,293.8,2026-08-21 09:40:00,287.65,stop_loss,-7.15,-464.75,82.11,-546.86,0
OOS,S5M_ON,ITM2,CE,NIFTY26SEP24150CE,2026-08-21 10:40:00,457.55,2026-08-21 14:10:00,442.85,next_choch,-15.7,-1020.5,101.11,-1121.61,0
OOS,S5M_ON,ITM2,PE,NIFTY26SEP24350PE,2026-08-21 15:25:00,274.0,2026-08-24 09:15:00,243.95,stop_loss,-31.05,-2018.25,77.52,-2095.77,0
OOS,S5M_ON,ITM2,PE,NIFTY26SEP24400PE,2026-08-24 11:10:00,316.5,2026-08-25 11:55:00,305.15,stop_loss,-12.35,-802.75,84.37,-887.12,0
OOS,S5M_ON,ITM2,CE,NIFTY26SEP24200CE,2026-08-24 15:25:00,375.35,2026-08-25 09:15:00,366.15,stop_loss,-10.2,-663.0,91.68,-754.68,0
OOS,S5M_ON,ITM2,CE,NIFTY26SEP24100CE,2026-08-25 11:10:00,414.95,2026-08-25 13:10:00,405.6,stop_loss,-10.35,-672.75,96.45,-769.2,0
OOS,S5M_ON,ITM1,PE,NIFTY26SEP24350PE,2026-07-08 13:45:00,521.8,2026-07-17 09:20:00,500.55,next_choch,-22.25,-1446.25,108.27,-1554.52,0
OOS,S5M_ON,ITM1,CE,NIFTY26SEP24100CE,2026-07-10 14:45:00,764.85,2026-07-13 09:20:00,658.65,stop_loss,-107.2,-6968.0,129.83,-7097.83,0
OOS,S5M_ON,ITM1,CE,NIFTY26SEP24000CE,2026-07-13 09:45:00,744.15,2026-07-14 10:15:00,724.15,stop_loss,-21.0,-1365.0,135.25,-1500.25,0
OOS,S5M_ON,ITM1,PE,NIFTY26SEP24150PE,2026-07-14 15:10:00,505.0,2026-07-15 09:20:00,452.0,stop_loss,-54.0,-3510.0,103.32,-3613.32,0
OOS,S5M_ON,ITM1,CE,NIFTY26SEP24100CE,2026-07-15 09:20:00,730.0,2026-07-15 12:55:00,678.55,stop_loss,-52.45,-3409.25,130.65,-3539.9,0
OOS,S5M_ON,ITM1,PE,NIFTY26SEP24200PE,2026-07-15 12:35:00,460.0,2026-07-16 09:15:00,440.95,stop_loss,-20.05,-1303.25,101.0,-1404.25,0
OOS,S5M_ON,ITM1,CE,NIFTY26SEP24150CE,2026-07-17 10:20:00,726.7,2026-07-20 09:20:00,709.9,stop_loss,-17.8,-1157.0,133.44,-1290.44,0
OOS,S5M_ON,ITM1,PE,NIFTY26SEP24250PE,2026-07-20 12:50:00,475.8,2026-07-20 13:05:00,467.85,stop_loss,-8.95,-581.75,103.93,-685.68,0
OOS,S5M_ON,ITM1,PE,NIFTY26SEP24150PE,2026-07-22 09:35:00,460.45,2026-07-27 11:25:00,474.0,next_choch,12.55,815.75,104.05,711.7,0
OOS,S5M_ON,ITM1,PE,NIFTY26SEP23950PE,2026-07-23 13:00:00,467.4,2026-07-27 09:40:00,403.15,next_choch,-65.25,-4241.25,97.74,-4338.99,0
OOS,S5M_ON,ITM1,PE,NIFTY26SEP23800PE,2026-07-24 13:40:00,457.1,2026-07-24 13:55:00,432.45,stop_loss,-25.65,-1667.25,100.14,-1767.39,0
OOS,S5M_ON,ITM1,CE,NIFTY26SEP23700CE,2026-07-24 14:05:00,723.15,2026-07-24 14:20:00,711.05,stop_loss,-13.1,-851.5,133.44,-984.94,0
OOS,S5M_ON,ITM1,PE,NIFTY26SEP23800PE,2026-07-24 15:05:00,447.65,2026-07-24 15:10:00,435.0,stop_loss,-13.65,-887.25,100.1,-987.35,0
OOS,S5M_ON,ITM1,CE,NIFTY26SEP24000CE,2026-07-28 10:40:00,620.0,2026-07-28 11:30:00,611.8,next_choch,-9.2,-598.0,121.33,-719.33,0
OOS,S5M_ON,ITM1,CE,NIFTY26SEP24000CE,2026-07-28 11:45:00,630.05,2026-07-28 11:55:00,616.0,stop_loss,-15.05,-978.25,122.01,-1100.26,0
OOS,S5M_ON,ITM1,CE,NIFTY26SEP24150CE,2026-07-29 09:30:00,609.6,2026-08-17 09:30:00,550.0,stop_loss,-60.6,-3939.0,115.35,-4054.35,0
OOS,S5M_ON,ITM1,CE,NIFTY26SEP24200CE,2026-07-30 11:30:00,601.45,2026-07-30 11:45:00,594.0,stop_loss,-8.45,-549.25,119.16,-668.41,0
OOS,S5M_ON,ITM1,CE,NIFTY26SEP24200CE,2026-07-30 15:00:00,617.9,2026-08-04 13:15:00,702.05,next_choch,83.15,5404.75,129.57,5275.18,0
OOS,S5M_ON,ITM1,PE,NIFTY26SEP24650PE,2026-08-04 11:55:00,380.1,2026-08-04 15:25:00,392.0,next_choch,10.9,708.5,94.19,614.31,0
OOS,S5M_ON,ITM1,CE,NIFTY26SEP24600CE,2026-08-05 09:45:00,549.4,2026-08-05 10:05:00,529.85,next_choch,-20.55,-1335.75,111.76,-1447.51,0
OOS,S5M_ON,ITM1,PE,NIFTY26SEP24700PE,2026-08-05 10:30:00,363.1,2026-08-05 10:50:00,345.6,stop_loss,-18.5,-1202.5,89.44,-1291.94,0
OOS,S5M_ON,ITM1,CE,NIFTY26SEP24600CE,2026-08-05 10:55:00,554.5,2026-08-05 11:30:00,539.2,stop_loss,-16.3,-1059.5,112.77,-1172.27,0
OOS,S5M_ON,ITM1,PE,NIFTY26SEP24700PE,2026-08-05 11:50:00,370.6,2026-08-05 15:15:00,361.2,stop_loss,-10.4,-676.0,91.09,-767.09,0
OOS,S5M_ON,ITM1,CE,NIFTY26SEP24600CE,2026-08-06 09:45:00,570.0,2026-08-06 10:00:00,555.05,stop_loss,-15.95,-1036.75,114.67,-1151.42,0
OOS,S5M_ON,ITM1,PE,NIFTY26SEP24650PE,2026-08-07 09:25:00,344.55,2026-08-07 10:00:00,339.4,stop_loss,-6.15,-399.75,88.33,-488.08,0
OOS,S5M_ON,ITM1,CE,NIFTY26SEP24550CE,2026-08-10 12:10:00,558.45,2026-08-10 13:05:00,550.5,stop_loss,-8.95,-581.75,113.92,-695.67,0
OOS,S5M_ON,ITM1,PE,NIFTY26SEP24550PE,2026-08-11 09:20:00,334.4,2026-08-11 14:10:00,329.2,next_choch,-6.2,-403.0,87.1,-490.1,0
OOS,S5M_ON,ITM1,PE,NIFTY26SEP24450PE,2026-08-12 10:00:00,317.1,2026-08-13 10:50:00,314.9,next_choch,-3.2,-208.0,85.28,-293.28,0
OOS,S5M_ON,ITM1,PE,NIFTY26SEP24400PE,2026-08-13 09:30:00,315.0,2026-08-13 09:40:00,303.0,stop_loss,-13.0,-845.0,84.13,-929.13,0
OOS,S5M_ON,ITM1,PE,NIFTY26SEP24350PE,2026-08-17 10:10:00,291.0,2026-08-17 12:25:00,282.85,stop_loss,-9.15,-594.75,81.58,-676.33,0
OOS,S5M_ON,ITM1,PE,NIFTY26SEP24300PE,2026-08-18 09:30:00,289.5,2026-08-20 09:15:00,281.0,next_choch,-9.5,-617.5,81.37,-698.87,0
OOS,S5M_ON,ITM1,PE,NIFTY26SEP24150PE,2026-08-19 10:35:00,289.9,2026-08-19 14:35:00,269.1,stop_loss,-21.8,-1417.0,80.29,-1497.29,0
OOS,S5M_ON,ITM1,CE,NIFTY26SEP24150CE,2026-08-20 12:00:00,448.35,2026-08-20 12:30:00,444.7,stop_loss,-4.65,-302.25,101.01,-403.26,0
OOS,S5M_ON,ITM1,CE,NIFTY26SEP24200CE,2026-08-21 10:25:00,426.6,2026-08-21 11:40:00,419.1,next_choch,-8.5,-552.5,98.03,-650.53,0
OOS,S5M_ON,ITM1,CE,NIFTY26SEP24200CE,2026-08-21 13:05:00,423.7,2026-08-21 13:20:00,413.55,stop_loss,-11.15,-724.75,97.43,-822.18,0
OOS,S5M_ON,ITM1,PE,NIFTY26SEP24350PE,2026-08-24 11:00:00,282.6,2026-08-24 14:30:00,303.0,next_choch,19.4,1261.0,83.19,1177.81,0
OOS,S5M_ON,ITM1,CE,NIFTY26SEP24150CE,2026-08-25 09:30:00,409.15,2026-08-25 09:40:00,391.5,stop_loss,-18.65,-1212.25,94.99,-1307.24,0
OOS,S5M_ON,ITM1,CE,NIFTY26SEP24150CE,2026-08-25 11:10:00,383.0,2026-08-25 13:10:00,374.05,stop_loss,-9.95,-646.75,92.63,-739.38,0
OOS,S5M_ON,ITM1,PE,NIFTY26SEP24250PE,2026-08-25 12:40:00,252.75,2026-08-25 13:50:00,244.5,stop_loss,-9.25,-601.25,76.95,-678.2,0
OOS,S5M_ON,ITM1,CE,NIFTY26SEP24150CE,2026-08-25 14:25:00,410.05,2026-08-25 15:25:00,489.7,open,78.65,5112.25,104.04,5008.21,1
OOS,S5M_ON,OTM1,PE,NIFTY26SEP24250PE,2026-07-08 12:20:00,422.55,2026-07-08 13:00:00,419.55,stop_loss,-4.0,-260.0,97.95,-357.95,0
OOS,S5M_ON,OTM1,CE,NIFTY26SEP24200CE,2026-07-10 09:30:00,687.7,2026-07-13 09:15:00,600.0,stop_loss,-88.7,-5765.5,122.21,-5887.71,0
OOS,S5M_ON,OTM1,PE,NIFTY26SEP24050PE,2026-07-14 13:40:00,454.05,2026-07-15 09:40:00,383.2,stop_loss,-71.85,-4670.25,95.52,-4765.77,0
OOS,S5M_ON,OTM1,CE,NIFTY26SEP24200CE,2026-07-15 09:20:00,672.05,2026-07-15 12:50:00,642.15,next_choch,-30.9,-2008.5,125.63,-2134.13,0
OOS,S5M_ON,OTM1,CE,NIFTY26SEP24200CE,2026-07-16 10:50:00,660.0,2026-07-16 11:50:00,655.0,stop_loss,-6.0,-390.0,126.46,-516.46,0
OOS,S5M_ON,OTM1,CE,NIFTY26SEP24250CE,2026-07-17 09:45:00,655.25,2026-07-20 11:35:00,640.0,stop_loss,-16.25,-1056.25,124.95,-1181.2,0
OOS,S5M_ON,OTM1,PE,NIFTY26SEP24150PE,2026-07-20 11:55:00,424.3,2026-07-20 13:10:00,402.75,stop_loss,-22.55,-1465.75,96.46,-1562.21,0
OOS,S5M_ON,OTM1,PE,NIFTY26SEP24050PE,2026-07-22 09:35:00,421.65,2026-07-27 11:25:00,437.15,next_choch,14.5,942.5,99.55,842.95,0
OOS,S5M_ON,OTM1,CE,NIFTY26SEP24100CE,2026-07-28 15:25:00,566.0,2026-08-12 09:55:00,696.0,next_choch,129.0,8385.0,127.52,8257.48,0
OOS,S5M_ON,OTM1,CE,NIFTY26SEP24250CE,2026-07-29 14:15:00,575.45,2026-07-29 15:15:00,557.35,stop_loss,-19.1,-1241.5,115.04,-1356.54,0
OOS,S5M_ON,OTM1,CE,NIFTY26SEP24300CE,2026-07-30 12:30:00,566.2,2026-07-30 13:10:00,535.2,stop_loss,-32.0,-2080.0,112.74,-2192.74,0
OOS,S5M_ON,OTM1,CE,NIFTY26SEP24600CE,2026-08-03 10:10:00,510.05,2026-08-04 10:55:00,507.2,next_choch,-3.85,-250.25,108.54,-358.79,0
OOS,S5M_ON,OTM1,PE,NIFTY26SEP24550PE,2026-08-04 13:55:00,386.25,2026-08-04 14:05:00,370.3,stop_loss,-16.95,-1101.75,92.38,-1194.13,0
OOS,S5M_ON,OTM1,PE,NIFTY26SEP24600PE,2026-08-05 11:55:00,337.1,2026-08-05 14:55:00,350.0,next_choch,11.9,773.5,89.09,684.41,0
OOS,S5M_ON,OTM1,PE,NIFTY26SEP24600PE,2026-08-06 12:55:00,312.95,2026-08-06 13:35:00,306.05,stop_loss,-7.9,-513.5,84.35,-597.85,0
OOS,S5M_ON,OTM1,PE,NIFTY26SEP24550PE,2026-08-07 10:20:00,316.1,2026-08-07 13:45:00,316.65,next_choch,-0.45,-29.25,85.42,-114.67,0
OOS,S5M_ON,OTM1,PE,NIFTY26SEP24550PE,2026-08-07 14:10:00,327.4,2026-08-07 15:05:00,318.7,stop_loss,-9.7,-630.5,85.93,-716.43,0
OOS,S5M_ON,OTM1,CE,NIFTY26SEP24650CE,2026-08-07 15:20:00,489.65,2026-08-10 09:15:00,400.0,stop_loss,-90.65,-5892.25,98.09,-5990.34,0
OOS,S5M_ON,OTM1,CE,NIFTY26SEP24650CE,2026-08-10 11:00:00,496.5,2026-08-11 09:15:00,444.0,next_choch,-53.5,-3477.5,102.34,-3579.84,0
OOS,S5M_ON,OTM1,PE,NIFTY26SEP24350PE,2026-08-12 10:55:00,294.8,2026-08-12 14:30:00,283.85,next_choch,-11.95,-776.75,81.79,-858.54,0
OOS,S5M_ON,OTM1,PE,NIFTY26SEP24250PE,2026-08-14 09:25:00,249.95,2026-08-14 09:35:00,241.35,stop_loss,-9.6,-624.0,76.58,-700.58,0
OOS,S5M_ON,OTM1,PE,NIFTY26SEP24250PE,2026-08-17 09:30:00,252.95,2026-08-17 09:40:00,242.9,stop_loss,-11.05,-718.25,76.81,-795.06,0
OOS,S5M_ON,OTM1,PE,NIFTY26SEP24200PE,2026-08-18 09:40:00,251.85,2026-08-18 14:50:00,259.95,next_choch,7.1,461.5,78.35,383.15,0
OOS,S5M_ON,OTM1,PE,NIFTY26SEP24050PE,2026-08-19 09:25:00,242.0,2026-08-19 09:50:00,233.7,stop_loss,-9.3,-604.5,75.65,-680.15,0
OOS,S5M_ON,OTM1,CE,NIFTY26SEP24300CE,2026-08-21 10:25:00,362.9,2026-08-21 11:40:00,356.95,next_choch,-6.95,-451.75,90.47,-542.22,0
OOS,S5M_ON,OTM1,PE,NIFTY26SEP24250PE,2026-08-24 11:05:00,244.85,2026-08-25 11:55:00,234.45,next_choch,-11.4,-741.0,75.8,-816.8,0
OOS,S5M_ON,OTM1,CE,NIFTY26SEP24250CE,2026-08-25 15:25:00,419.1,2026-08-25 15:25:00,419.1,open,-1.0,-65.0,97.81,-162.81,1
OOS,S5M_ON,OTM2,PE,NIFTY26SEP24200PE,2026-07-08 12:00:00,404.0,2026-07-09 13:35:00,487.0,next_choch,82.0,5330.0,103.62,5226.38,0
OOS,S5M_ON,OTM2,CE,NIFTY26SEP24250CE,2026-07-10 10:25:00,661.5,2026-07-13 10:10:00,600.0,stop_loss,-62.5,-4062.5,121.45,-4183.95,0
OOS,S5M_ON,OTM2,PE,NIFTY26SEP24000PE,2026-07-14 09:45:00,425.0,2026-07-15 09:15:00,381.0,stop_loss,-45.0,-2925.0,94.48,-3019.48,0
OOS,S5M_ON,OTM2,CE,NIFTY26SEP24200CE,2026-07-14 11:10:00,649.7,2026-07-14 11:40:00,642.0,stop_loss,-8.7,-565.5,124.97,-690.47,0
OOS,S5M_ON,OTM2,CE,NIFTY26SEP24250CE,2026-07-15 10:15:00,659.8,2026-07-15 13:25:00,620.9,stop_loss,-39.9,-2593.5,123.32,-2716.82,0
OOS,S5M_ON,OTM2,CE,NIFTY26SEP24300CE,2026-07-17 09:25:00,602.0,2026-07-17 13:55:00,607.9,next_choch,4.9,318.5,120.46,198.04,0
OOS,S5M_ON,OTM2,PE,NIFTY26SEP24000PE,2026-07-22 09:25:00,394.55,2026-07-27 11:05:00,424.6,next_choch,29.05,1888.25,97.61,1790.64,0
OOS,S5M_ON,OTM2,PE,NIFTY26SEP23800PE,2026-07-23 11:35:00,362.0,2026-07-23 14:20:00,405.0,next_choch,42.0,2730.0,94.87,2635.13,0
OOS,S5M_ON,OTM2,PE,NIFTY26SEP23800PE,2026-07-23 14:45:00,427.75,2026-07-23 15:05:00,401.45,stop_loss,-27.3,-1774.5,96.44,-1870.94,0
OOS,S5M_ON,OTM2,CE,NIFTY26SEP24000CE,2026-07-27 10:55:00,577.1,2026-07-27 12:50:00,579.0,next_choch,0.9,58.5,117.08,-58.58,0
OOS,S5M_ON,OTM2,CE,NIFTY26SEP24000CE,2026-07-27 13:15:00,593.0,2026-07-27 13:25:00,582.15,stop_loss,-11.85,-770.25,117.83,-888.08,0
OOS,S5M_ON,OTM2,CE,NIFTY26SEP24000CE,2026-07-27 14:05:00,599.9,2026-07-28 10:00:00,598.2,next_choch,-2.7,-175.5,119.5,-295.0,0
OOS,S5M_ON,OTM2,CE,NIFTY26SEP24300CE,2026-07-29 09:35:00,528.85,2026-07-29 11:55:00,523.45,next_choch,-6.4,-416.0,110.58,-526.58,0
OOS,S5M_ON,OTM2,CE,NIFTY26SEP24300CE,2026-07-29 13:50:00,538.0,2026-07-29 15:15:00,527.35,stop_loss,-11.65,-757.25,111.2,-868.45,0
OOS,S5M_ON,OTM2,PE,NIFTY26SEP24300PE,2026-08-12 11:50:00,288.85,2026-08-12 12:30:00,280.45,next_choch,-9.4,-611.0,81.3,-692.3,0
OOS,S5M_ON,OTM2,PE,NIFTY26SEP24200PE,2026-08-17 10:15:00,241.4,2026-08-17 12:15:00,230.0,next_choch,-12.4,-806.0,75.29,-881.29,0
OOS,S5M_ON,OTM2,CE,NIFTY26SEP24400CE,2026-08-17 14:50:00,432.45,2026-08-17 15:20:00,421.0,stop_loss,-12.45,-809.25,98.37,-907.62,0
OOS,S5M_ON,OTM2,PE,NIFTY26SEP24150PE,2026-08-18 10:50:00,250.1,2026-08-18 12:10:00,242.7,stop_loss,-8.4,-546.0,76.71,-622.71,0
OOS,S5M_ON,OTM2,PE,NIFTY26SEP24000PE,2026-08-19 09:30:00,228.75,2026-08-20 09:15:00,175.05,stop_loss,-54.7,-3555.5,69.87,-3625.37,0
OOS,S5M_ON,OTM2,CE,NIFTY26SEP24300CE,2026-08-20 12:10:00,354.05,2026-08-20 14:15:00,370.85,next_choch,15.8,1027.0,91.5,935.5,0
OOS,S5M_ON,OTM2,PE,NIFTY26SEP24200PE,2026-08-24 11:30:00,248.0,2026-08-24 14:30:00,240.75,next_choch,-8.25,-536.25,76.47,-612.72,0
OOS,S5M_ON,OTM2,CE,NIFTY26SEP24300CE,2026-08-25 11:50:00,306.45,2026-08-25 13:00:00,297.0,stop_loss,-10.45,-679.25,83.33,-762.58,0
OOS,S5M_ON,OTM2,CE,NIFTY26SEP24300CE,2026-08-25 14:40:00,348.0,2026-08-25 15:25:00,390.0,open,41.0,2665.0,93.08,2571.92,1
OOS,S5M_ON,OTM3,PE,NIFTY26SEP24150PE,2026-07-08 14:25:00,572.0,2026-07-09 10:40:00,481.35,stop_loss,-91.65,-5957.25,107.95,-6065.2,0
OOS,S5M_ON,OTM3,PE,NIFTY26SEP23850PE,2026-07-09 15:20:00,398.1,2026-07-10 09:15:00,315.0,stop_loss,-84.1,-5466.5,87.63,-5554.13,0
OOS,S5M_ON,OTM3,CE,NIFTY26SEP24300CE,2026-07-10 10:05:00,638.0,2026-07-10 11:05:00,625.8,stop_loss,-13.2,-858.0,123.14,-981.14,0
OOS,S5M_ON,OTM3,CE,NIFTY26SEP24200CE,2026-07-13 11:10:00,668.8,2026-07-14 09:15:00,640.0,stop_loss,-29.8,-1937.0,125.34,-2062.34,0
OOS,S5M_ON,OTM3,CE,NIFTY26SEP24300CE,2026-07-15 09:25:00,627.35,2026-07-15 12:55:00,600.25,stop_loss,-28.1,-1826.5,120.49,-1946.99,0
OOS,S5M_ON,OTM3,CE,NIFTY26SEP24350CE,2026-07-17 09:35:00,579.25,2026-07-20 11:20:00,580.35,next_choch,0.1,6.5,117.27,-110.77,0
OOS,S5M_ON,OTM3,PE,NIFTY26SEP23600PE,2026-07-24 13:35:00,372.35,2026-07-24 14:00:00,358.6,stop_loss,-14.75,-958.75,90.9,-1049.65,0
OOS,S5M_ON,OTM3,CE,NIFTY26SEP24050CE,2026-07-27 14:10:00,574.85,2026-07-28 10:25:00,573.55,next_choch,-2.3,-149.5,116.51,-266.01,0
OOS,S5M_ON,OTM3,CE,NIFTY26SEP24200CE,2026-07-28 10:50:00,513.75,2026-07-28 11:00:00,506.2,stop_loss,-8.55,-555.75,108.56,-664.31,0
OOS,S5M_ON,OTM3,CE,NIFTY26SEP24400CE,2026-07-30 12:30:00,523.5,2026-07-30 14:15:00,483.85,next_choch,-40.65,-2642.25,106.78,-2749.03,0
OOS,S5M_ON,OTM3,PE,NIFTY26SEP24100PE,2026-08-18 09:55:00,219.45,2026-08-20 09:15:00,204.8,stop_loss,-15.65,-1017.25,72.34,-1089.59,0
OOS,S5M_ON,OTM3,PE,NIFTY26SEP23950PE,2026-08-19 09:25:00,207.4,2026-08-19 09:50:00,199.9,stop_loss,-8.5,-552.5,71.54,-624.04,0
OOS,S5M_ON,OTM3,PE,NIFTY26SEP24150PE,2026-08-24 11:20:00,216.15,2026-08-24 14:30:00,220.3,next_choch,3.15,204.75,73.67,131.08,0
OOS,S5M_ON,OTM3,CE,NIFTY26SEP24350CE,2026-08-25 15:15:00,348.5,2026-08-25 15:25:00,355.05,open,5.55,360.75,89.88,270.87,1
OOS,S5M_ON,OTM4,PE,NIFTY26SEP24100PE,2026-07-08 13:45:00,421.0,2026-07-09 10:40:00,443.0,next_choch,21.0,1365.0,100.06,1264.94,0
OOS,S5M_ON,OTM4,PE,NIFTY26SEP23900PE,2026-07-14 13:50:00,400.0,2026-07-15 09:15:00,360.0,stop_loss,-41.0,-2665.0,91.83,-2756.83,0
OOS,S5M_ON,OTM4,CE,NIFTY26SEP24400CE,2026-07-17 12:45:00,595.0,2026-07-17 13:45:00,556.75,stop_loss,-39.25,-2551.25,115.55,-2666.8,0
OOS,S5M_ON,OTM4,PE,NIFTY26SEP24000PE,2026-07-20 12:40:00,374.95,2026-07-20 12:55:00,367.05,stop_loss,-8.9,-578.5,91.75,-670.25,0
OOS,S5M_ON,OTM4,CE,NIFTY26SEP24400CE,2026-07-20 13:25:00,578.2,2026-07-21 09:25:00,568.45,next_choch,-10.75,-698.75,116.14,-814.89,0
OOS,S5M_ON,OTM4,PE,NIFTY26SEP23900PE,2026-07-22 09:25:00,356.4,2026-07-27 09:40:00,378.45,next_choch,21.05,1368.25,92.26,1275.99,0
OOS,S5M_ON,OTM4,CE,NIFTY26SEP24100CE,2026-07-27 11:05:00,525.0,2026-07-27 13:35:00,519.5,stop_loss,-6.5,-422.5,110.1,-532.6,0
OOS,S5M_ON,OTM4,CE,NIFTY26SEP24100CE,2026-07-27 14:05:00,543.5,2026-07-28 13:40:00,548.0,next_choch,3.5,227.5,113.26,114.24,0
OOS,S5M_ON,OTM4,CE,NIFTY26SEP24400CE,2026-07-29 13:10:00,485.0,2026-07-29 13:45:00,473.15,next_choch,-12.85,-835.25,104.69,-939.94,0
OOS,S5M_ON,OTM4,CE,NIFTY26SEP24400CE,2026-07-29 14:20:00,495.1,2026-07-29 14:35:00,487.0,stop_loss,-9.1,-591.5,106.25,-697.75,0
OOS,S5M_ON,OTM4,PE,NIFTY26SEP24200PE,2026-08-12 11:50:00,253.95,2026-08-12 12:30:00,245.1,next_choch,-9.85,-640.25,77.04,-717.29,0
OOS,S5M_ON,OTM4,PE,NIFTY26SEP24200PE,2026-08-12 14:10:00,255.3,2026-08-12 14:15:00,250.6,stop_loss,-5.7,-370.5,77.59,-448.09,0
OOS,S5M_ON,OTM4,PE,NIFTY26SEP24100PE,2026-08-17 10:15:00,208.25,2026-08-17 12:15:00,199.2,next_choch,-10.05,-653.25,71.5,-724.75,0
OOS,S5M_ON,OTM4,PE,NIFTY26SEP24050PE,2026-08-18 11:30:00,221.25,2026-08-18 12:00:00,212.25,stop_loss,-10.0,-650.0,73.08,-723.08,0
OOS,S5M_ON,OTM4,PE,NIFTY26SEP24050PE,2026-08-18 14:15:00,216.6,2026-08-18 14:30:00,212.0,stop_loss,-5.6,-364.0,72.92,-436.92,0
OOS,S5M_ON,OTM4,PE,NIFTY26SEP23900PE,2026-08-19 09:25:00,193.15,2026-08-19 09:50:00,185.0,stop_loss,-9.15,-594.75,69.76,-664.51,0
OOS,S5M_ON,OTM4,PE,NIFTY26SEP24100PE,2026-08-24 11:30:00,210.6,2026-08-25 09:20:00,199.9,next_choch,-11.7,-760.5,71.63,-832.13,0
OOS,S5M_ON,OTM4,PE,NIFTY26SEP24000PE,2026-08-25 12:40:00,165.6,2026-08-25 13:50:00,160.6,stop_loss,-6.0,-390.0,66.72,-456.72,0
OOS,S5M_ON,OTM4,CE,NIFTY26SEP24400CE,2026-08-25 14:40:00,290.6,2026-08-25 15:25:00,327.4,open,35.8,2327.0,85.67,2241.33,1
